section,case,kind,backend,n_qubits,n_layers,batch,n_params,seed,stage,rep,seconds
batch_sweep,b500,hybrid,default.qubit,4,2,500,2569,0,forward,0,0.015753600
batch_sweep,b500,hybrid,default.qubit,4,2,500,2569,0,forward_quantum,0,0.012471200
batch_sweep,b500,hybrid,default.qubit,4,2,500,2569,0,forward_classical,0,0.003282400
batch_sweep,b500,hybrid,default.qubit,4,2,500,2569,0,first_grad,0,0.024109300
batch_sweep,b500,hybrid,default.qubit,4,2,500,2569,0,first_grad_quantum,0,0.021577300
batch_sweep,b500,hybrid,default.qubit,4,2,500,2569,0,first_grad_classical,0,0.002532000
batch_sweep,b500,hybrid,default.qubit,4,2,500,2569,0,second_grad,0,0.038527800
batch_sweep,b500,hybrid,default.qubit,4,2,500,2569,0,second_grad_quantum,0,0.026151300
batch_sweep,b500,hybrid,default.qubit,4,2,500,2569,0,second_grad_classical,0,0.012376500
batch_sweep,b500,hybrid,default.qubit,4,2,500,2569,0,param_grad,0,0.072503100
batch_sweep,b500,hybrid,default.qubit,4,2,500,2569,0,param_grad_quantum,0,0.034139800
batch_sweep,b500,hybrid,default.qubit,4,2,500,2569,0,param_grad_classical,0,0.038363300
batch_sweep,b100,hybrid,default.qubit,4,2,100,2569,2,forward,0,0.011356800
batch_sweep,b100,hybrid,default.qubit,4,2,100,2569,2,forward_quantum,0,0.010832500
batch_sweep,b100,hybrid,default.qubit,4,2,100,2569,2,forward_classical,0,0.000524300
batch_sweep,b100,hybrid,default.qubit,4,2,100,2569,2,first_grad,0,0.015692100
batch_sweep,b100,hybrid,default.qubit,4,2,100,2569,2,first_grad_quantum,0,0.014291900
batch_sweep,b100,hybrid,default.qubit,4,2,100,2569,2,first_grad_classical,0,0.001400200
batch_sweep,b100,hybrid,default.qubit,4,2,100,2569,2,second_grad,0,0.024469000
batch_sweep,b100,hybrid,default.qubit,4,2,100,2569,2,second_grad_quantum,0,0.016877300
batch_sweep,b100,hybrid,default.qubit,4,2,100,2569,2,second_grad_classical,0,0.007591700
batch_sweep,b100,hybrid,default.qubit,4,2,100,2569,2,param_grad,0,0.050869100
batch_sweep,b100,hybrid,default.qubit,4,2,100,2569,2,param_grad_quantum,0,0.026484000
batch_sweep,b100,hybrid,default.qubit,4,2,100,2569,2,param_grad_classical,0,0.024385100
batch_sweep,b5000,hybrid,default.qubit,4,2,5000,2569,1,forward,0,0.017196900
batch_sweep,b5000,hybrid,default.qubit,4,2,5000,2569,1,forward_quantum,0,0.015901900
batch_sweep,b5000,hybrid,default.qubit,4,2,5000,2569,1,forward_classical,0,0.001295000
batch_sweep,b5000,hybrid,default.qubit,4,2,5000,2569,1,first_grad,0,0.044161200
batch_sweep,b5000,hybrid,default.qubit,4,2,5000,2569,1,first_grad_quantum,0,0.040754800
batch_sweep,b5000,hybrid,default.qubit,4,2,5000,2569,1,first_grad_classical,0,0.003406400
batch_sweep,b5000,hybrid,default.qubit,4,2,5000,2569,1,second_grad,0,0.084100500
batch_sweep,b5000,hybrid,default.qubit,4,2,5000,2569,1,second_grad_quantum,0,0.053628800
batch_sweep,b5000,hybrid,default.qubit,4,2,5000,2569,1,second_grad_classical,0,0.030471700
batch_sweep,b5000,hybrid,default.qubit,4,2,5000,2569,1,param_grad,0,0.191659700
batch_sweep,b5000,hybrid,default.qubit,4,2,5000,2569,1,param_grad_quantum,0,0.078226400
batch_sweep,b5000,hybrid,default.qubit,4,2,5000,2569,1,param_grad_classical,0,0.113433300
batch_sweep,b100,hybrid,default.qubit,4,2,100,2569,1,forward,0,0.009437000
batch_sweep,b100,hybrid,default.qubit,4,2,100,2569,1,forward_quantum,0,0.008347600
batch_sweep,b100,hybrid,default.qubit,4,2,100,2569,1,forward_classical,0,0.001089400
batch_sweep,b100,hybrid,default.qubit,4,2,100,2569,1,first_grad,0,0.017120500
batch_sweep,b100,hybrid,default.qubit,4,2,100,2569,1,first_grad_quantum,0,0.015507300
batch_sweep,b100,hybrid,default.qubit,4,2,100,2569,1,first_grad_classical,0,0.001613200
batch_sweep,b100,hybrid,default.qubit,4,2,100,2569,1,second_grad,0,0.027260100
batch_sweep,b100,hybrid,default.qubit,4,2,100,2569,1,second_grad_quantum,0,0.019201600
batch_sweep,b100,hybrid,default.qubit,4,2,100,2569,1,second_grad_classical,0,0.008058500
batch_sweep,b100,hybrid,default.qubit,4,2,100,2569,1,param_grad,0,0.055834700
batch_sweep,b100,hybrid,default.qubit,4,2,100,2569,1,param_grad_quantum,0,0.030181700
batch_sweep,b100,hybrid,default.qubit,4,2,100,2569,1,param_grad_classical,0,0.025653000
batch_sweep,b500,hybrid,default.qubit,4,2,500,2569,2,forward,0,0.013254000
batch_sweep,b500,hybrid,default.qubit,4,2,500,2569,2,forward_quantum,0,0.012612800
batch_sweep,b500,hybrid,default.qubit,4,2,500,2569,2,forward_classical,0,0.000641200
batch_sweep,b500,hybrid,default.qubit,4,2,500,2569,2,first_grad,0,0.023537300
batch_sweep,b500,hybrid,default.qubit,4,2,500,2569,2,first_grad_quantum,0,0.021400700
batch_sweep,b500,hybrid,default.qubit,4,2,500,2569,2,first_grad_classical,0,0.002136600
batch_sweep,b500,hybrid,default.qubit,4,2,500,2569,2,second_grad,0,0.037389300
batch_sweep,b500,hybrid,default.qubit,4,2,500,2569,2,second_grad_quantum,0,0.025964400
batch_sweep,b500,hybrid,default.qubit,4,2,500,2569,2,second_grad_classical,0,0.011424900
batch_sweep,b500,hybrid,default.qubit,4,2,500,2569,2,param_grad,0,0.070632000
batch_sweep,b500,hybrid,default.qubit,4,2,500,2569,2,param_grad_quantum,0,0.035087400
batch_sweep,b500,hybrid,default.qubit,4,2,500,2569,2,param_grad_classical,0,0.035544600
batch_sweep,b1000,hybrid,default.qubit,4,2,1000,2569,0,forward,0,0.014821000
batch_sweep,b1000,hybrid,default.qubit,4,2,1000,2569,0,forward_quantum,0,0.014144700
batch_sweep,b1000,hybrid,default.qubit,4,2,1000,2569,0,forward_classical,0,0.000676300
batch_sweep,b1000,hybrid,default.qubit,4,2,1000,2569,0,first_grad,0,0.025641600
batch_sweep,b1000,hybrid,default.qubit,4,2,1000,2569,0,first_grad_quantum,0,0.023466900
batch_sweep,b1000,hybrid,default.qubit,4,2,1000,2569,0,first_grad_classical,0,0.002174700
batch_sweep,b1000,hybrid,default.qubit,4,2,1000,2569,0,second_grad,0,0.048970400
batch_sweep,b1000,hybrid,default.qubit,4,2,1000,2569,0,second_grad_quantum,0,0.032468400
batch_sweep,b1000,hybrid,default.qubit,4,2,1000,2569,0,second_grad_classical,0,0.016502000
batch_sweep,b1000,hybrid,default.qubit,4,2,1000,2569,0,param_grad,0,0.100180600
batch_sweep,b1000,hybrid,default.qubit,4,2,1000,2569,0,param_grad_quantum,0,0.045210100
batch_sweep,b1000,hybrid,default.qubit,4,2,1000,2569,0,param_grad_classical,0,0.054970500
batch_sweep,b2540,hybrid,default.qubit,4,2,2540,2569,0,forward,0,0.017378000
batch_sweep,b2540,hybrid,default.qubit,4,2,2540,2569,0,forward_quantum,0,0.016496200
batch_sweep,b2540,hybrid,default.qubit,4,2,2540,2569,0,forward_classical,0,0.000881800
batch_sweep,b2540,hybrid,default.qubit,4,2,2540,2569,0,first_grad,0,0.033281600
batch_sweep,b2540,hybrid,default.qubit,4,2,2540,2569,0,first_grad_quantum,0,0.030661800
batch_sweep,b2540,hybrid,default.qubit,4,2,2540,2569,0,first_grad_classical,0,0.002619800
batch_sweep,b2540,hybrid,default.qubit,4,2,2540,2569,0,second_grad,0,0.065130500
batch_sweep,b2540,hybrid,default.qubit,4,2,2540,2569,0,second_grad_quantum,0,0.043049400
batch_sweep,b2540,hybrid,default.qubit,4,2,2540,2569,0,second_grad_classical,0,0.022081100
batch_sweep,b2540,hybrid,default.qubit,4,2,2540,2569,0,param_grad,0,0.141177600
batch_sweep,b2540,hybrid,default.qubit,4,2,2540,2569,0,param_grad_quantum,0,0.064155600
batch_sweep,b2540,hybrid,default.qubit,4,2,2540,2569,0,param_grad_classical,0,0.077022000
batch_sweep,b1000,hybrid,default.qubit,4,2,1000,2569,1,forward,0,0.014491700
batch_sweep,b1000,hybrid,default.qubit,4,2,1000,2569,1,forward_quantum,0,0.013888500
batch_sweep,b1000,hybrid,default.qubit,4,2,1000,2569,1,forward_classical,0,0.000603200
batch_sweep,b1000,hybrid,default.qubit,4,2,1000,2569,1,first_grad,0,0.027976100
batch_sweep,b1000,hybrid,default.qubit,4,2,1000,2569,1,first_grad_quantum,0,0.023005800
batch_sweep,b1000,hybrid,default.qubit,4,2,1000,2569,1,first_grad_classical,0,0.004970300
batch_sweep,b1000,hybrid,default.qubit,4,2,1000,2569,1,second_grad,0,0.047181100
batch_sweep,b1000,hybrid,default.qubit,4,2,1000,2569,1,second_grad_quantum,0,0.032194500
batch_sweep,b1000,hybrid,default.qubit,4,2,1000,2569,1,second_grad_classical,0,0.014986600
batch_sweep,b1000,hybrid,default.qubit,4,2,1000,2569,1,param_grad,0,0.099417500
batch_sweep,b1000,hybrid,default.qubit,4,2,1000,2569,1,param_grad_quantum,0,0.041438700
batch_sweep,b1000,hybrid,default.qubit,4,2,1000,2569,1,param_grad_classical,0,0.057978800
batch_sweep,b2540,hybrid,default.qubit,4,2,2540,2569,1,forward,0,0.015709700
batch_sweep,b2540,hybrid,default.qubit,4,2,2540,2569,1,forward_quantum,0,0.014994200
batch_sweep,b2540,hybrid,default.qubit,4,2,2540,2569,1,forward_classical,0,0.000715500
batch_sweep,b2540,hybrid,default.qubit,4,2,2540,2569,1,first_grad,0,0.035100200
batch_sweep,b2540,hybrid,default.qubit,4,2,2540,2569,1,first_grad_quantum,0,0.032474000
batch_sweep,b2540,hybrid,default.qubit,4,2,2540,2569,1,first_grad_classical,0,0.002626200
batch_sweep,b2540,hybrid,default.qubit,4,2,2540,2569,1,second_grad,0,0.066063000
batch_sweep,b2540,hybrid,default.qubit,4,2,2540,2569,1,second_grad_quantum,0,0.042364800
batch_sweep,b2540,hybrid,default.qubit,4,2,2540,2569,1,second_grad_classical,0,0.023698200
batch_sweep,b2540,hybrid,default.qubit,4,2,2540,2569,1,param_grad,0,0.137197500
batch_sweep,b2540,hybrid,default.qubit,4,2,2540,2569,1,param_grad_quantum,0,0.064440400
batch_sweep,b2540,hybrid,default.qubit,4,2,2540,2569,1,param_grad_classical,0,0.072757100
batch_sweep,b5000,hybrid,default.qubit,4,2,5000,2569,0,forward,0,0.020326000
batch_sweep,b5000,hybrid,default.qubit,4,2,5000,2569,0,forward_quantum,0,0.019272100
batch_sweep,b5000,hybrid,default.qubit,4,2,5000,2569,0,forward_classical,0,0.001053900
batch_sweep,b5000,hybrid,default.qubit,4,2,5000,2569,0,first_grad,0,0.044996900
batch_sweep,b5000,hybrid,default.qubit,4,2,5000,2569,0,first_grad_quantum,0,0.041652600
batch_sweep,b5000,hybrid,default.qubit,4,2,5000,2569,0,first_grad_classical,0,0.003344300
batch_sweep,b5000,hybrid,default.qubit,4,2,5000,2569,0,second_grad,0,0.089696400
batch_sweep,b5000,hybrid,default.qubit,4,2,5000,2569,0,second_grad_quantum,0,0.058567000
batch_sweep,b5000,hybrid,default.qubit,4,2,5000,2569,0,second_grad_classical,0,0.031129400
batch_sweep,b5000,hybrid,default.qubit,4,2,5000,2569,0,param_grad,0,0.210871600
batch_sweep,b5000,hybrid,default.qubit,4,2,5000,2569,0,param_grad_quantum,0,0.085707800
batch_sweep,b5000,hybrid,default.qubit,4,2,5000,2569,0,param_grad_classical,0,0.125163800
batch_sweep,b100,hybrid,default.qubit,4,2,100,2569,0,forward,0,0.011406800
batch_sweep,b100,hybrid,default.qubit,4,2,100,2569,0,forward_quantum,0,0.010041900
batch_sweep,b100,hybrid,default.qubit,4,2,100,2569,0,forward_classical,0,0.001364900
batch_sweep,b100,hybrid,default.qubit,4,2,100,2569,0,first_grad,0,0.016734600
batch_sweep,b100,hybrid,default.qubit,4,2,100,2569,0,first_grad_quantum,0,0.015080500
batch_sweep,b100,hybrid,default.qubit,4,2,100,2569,0,first_grad_classical,0,0.001654100
batch_sweep,b100,hybrid,default.qubit,4,2,100,2569,0,second_grad,0,0.025754100
batch_sweep,b100,hybrid,default.qubit,4,2,100,2569,0,second_grad_quantum,0,0.018204400
batch_sweep,b100,hybrid,default.qubit,4,2,100,2569,0,second_grad_classical,0,0.007549700
batch_sweep,b100,hybrid,default.qubit,4,2,100,2569,0,param_grad,0,0.053580700
batch_sweep,b100,hybrid,default.qubit,4,2,100,2569,0,param_grad_quantum,0,0.024679800
batch_sweep,b100,hybrid,default.qubit,4,2,100,2569,0,param_grad_classical,0,0.028900900
batch_sweep,b5000,hybrid,default.qubit,4,2,5000,2569,2,forward,0,0.021508400
batch_sweep,b5000,hybrid,default.qubit,4,2,5000,2569,2,forward_quantum,0,0.020412300
batch_sweep,b5000,hybrid,default.qubit,4,2,5000,2569,2,forward_classical,0,0.001096100
batch_sweep,b5000,hybrid,default.qubit,4,2,5000,2569,2,first_grad,0,0.051640300
batch_sweep,b5000,hybrid,default.qubit,4,2,5000,2569,2,first_grad_quantum,0,0.048382500
batch_sweep,b5000,hybrid,default.qubit,4,2,5000,2569,2,first_grad_classical,0,0.003257800
batch_sweep,b5000,hybrid,default.qubit,4,2,5000,2569,2,second_grad,0,0.087044000
batch_sweep,b5000,hybrid,default.qubit,4,2,5000,2569,2,second_grad_quantum,0,0.056732800
batch_sweep,b5000,hybrid,default.qubit,4,2,5000,2569,2,second_grad_classical,0,0.030311200
batch_sweep,b5000,hybrid,default.qubit,4,2,5000,2569,2,param_grad,0,0.187065000
batch_sweep,b5000,hybrid,default.qubit,4,2,5000,2569,2,param_grad_quantum,0,0.079363500
batch_sweep,b5000,hybrid,default.qubit,4,2,5000,2569,2,param_grad_classical,0,0.107701500
batch_sweep,b1000,hybrid,default.qubit,4,2,1000,2569,2,forward,0,0.013663500
batch_sweep,b1000,hybrid,default.qubit,4,2,1000,2569,2,forward_quantum,0,0.013052100
batch_sweep,b1000,hybrid,default.qubit,4,2,1000,2569,2,forward_classical,0,0.000611400
batch_sweep,b1000,hybrid,default.qubit,4,2,1000,2569,2,first_grad,0,0.021474000
batch_sweep,b1000,hybrid,default.qubit,4,2,1000,2569,2,first_grad_quantum,0,0.019731400
batch_sweep,b1000,hybrid,default.qubit,4,2,1000,2569,2,first_grad_classical,0,0.001742600
batch_sweep,b1000,hybrid,default.qubit,4,2,1000,2569,2,second_grad,0,0.049423900
batch_sweep,b1000,hybrid,default.qubit,4,2,1000,2569,2,second_grad_quantum,0,0.033063300
batch_sweep,b1000,hybrid,default.qubit,4,2,1000,2569,2,second_grad_classical,0,0.016360600
batch_sweep,b1000,hybrid,default.qubit,4,2,1000,2569,2,param_grad,0,0.091931900
batch_sweep,b1000,hybrid,default.qubit,4,2,1000,2569,2,param_grad_quantum,0,0.042739200
batch_sweep,b1000,hybrid,default.qubit,4,2,1000,2569,2,param_grad_classical,0,0.049192700
batch_sweep,b500,hybrid,default.qubit,4,2,500,2569,1,forward,0,0.015021400
batch_sweep,b500,hybrid,default.qubit,4,2,500,2569,1,forward_quantum,0,0.013064100
batch_sweep,b500,hybrid,default.qubit,4,2,500,2569,1,forward_classical,0,0.001957300
batch_sweep,b500,hybrid,default.qubit,4,2,500,2569,1,first_grad,0,0.027432200
batch_sweep,b500,hybrid,default.qubit,4,2,500,2569,1,first_grad_quantum,0,0.021987400
batch_sweep,b500,hybrid,default.qubit,4,2,500,2569,1,first_grad_classical,0,0.005444800
batch_sweep,b500,hybrid,default.qubit,4,2,500,2569,1,second_grad,0,0.040927100
batch_sweep,b500,hybrid,default.qubit,4,2,500,2569,1,second_grad_quantum,0,0.027489700
batch_sweep,b500,hybrid,default.qubit,4,2,500,2569,1,second_grad_classical,0,0.013437400
batch_sweep,b500,hybrid,default.qubit,4,2,500,2569,1,param_grad,0,0.076427700
batch_sweep,b500,hybrid,default.qubit,4,2,500,2569,1,param_grad_quantum,0,0.037198400
batch_sweep,b500,hybrid,default.qubit,4,2,500,2569,1,param_grad_classical,0,0.039229300
batch_sweep,b2540,hybrid,default.qubit,4,2,2540,2569,2,forward,0,0.016084800
batch_sweep,b2540,hybrid,default.qubit,4,2,2540,2569,2,forward_quantum,0,0.015340900
batch_sweep,b2540,hybrid,default.qubit,4,2,2540,2569,2,forward_classical,0,0.000743900
batch_sweep,b2540,hybrid,default.qubit,4,2,2540,2569,2,first_grad,0,0.035821000
batch_sweep,b2540,hybrid,default.qubit,4,2,2540,2569,2,first_grad_quantum,0,0.033473600
batch_sweep,b2540,hybrid,default.qubit,4,2,2540,2569,2,first_grad_classical,0,0.002347400
batch_sweep,b2540,hybrid,default.qubit,4,2,2540,2569,2,second_grad,0,0.071219100
batch_sweep,b2540,hybrid,default.qubit,4,2,2540,2569,2,second_grad_quantum,0,0.045559500
batch_sweep,b2540,hybrid,default.qubit,4,2,2540,2569,2,second_grad_classical,0,0.025659600
batch_sweep,b2540,hybrid,default.qubit,4,2,2540,2569,2,param_grad,0,0.136589300
batch_sweep,b2540,hybrid,default.qubit,4,2,2540,2569,2,param_grad_quantum,0,0.058022300
batch_sweep,b2540,hybrid,default.qubit,4,2,2540,2569,2,param_grad_classical,0,0.078567000
batch_sweep,b2540,hybrid,default.qubit,4,2,2540,2569,0,forward,1,0.016723800
batch_sweep,b2540,hybrid,default.qubit,4,2,2540,2569,0,forward_quantum,1,0.015949700
batch_sweep,b2540,hybrid,default.qubit,4,2,2540,2569,0,forward_classical,1,0.000774100
batch_sweep,b2540,hybrid,default.qubit,4,2,2540,2569,0,first_grad,1,0.034964800
batch_sweep,b2540,hybrid,default.qubit,4,2,2540,2569,0,first_grad_quantum,1,0.030756300
batch_sweep,b2540,hybrid,default.qubit,4,2,2540,2569,0,first_grad_classical,1,0.004208500
batch_sweep,b2540,hybrid,default.qubit,4,2,2540,2569,0,second_grad,1,0.063585800
batch_sweep,b2540,hybrid,default.qubit,4,2,2540,2569,0,second_grad_quantum,1,0.042289600
batch_sweep,b2540,hybrid,default.qubit,4,2,2540,2569,0,second_grad_classical,1,0.021296200
batch_sweep,b2540,hybrid,default.qubit,4,2,2540,2569,0,param_grad,1,0.137361500
batch_sweep,b2540,hybrid,default.qubit,4,2,2540,2569,0,param_grad_quantum,1,0.060487300
batch_sweep,b2540,hybrid,default.qubit,4,2,2540,2569,0,param_grad_classical,1,0.076874200
batch_sweep,b5000,hybrid,default.qubit,4,2,5000,2569,2,forward,1,0.018480600
batch_sweep,b5000,hybrid,default.qubit,4,2,5000,2569,2,forward_quantum,1,0.017510800
batch_sweep,b5000,hybrid,default.qubit,4,2,5000,2569,2,forward_classical,1,0.000969800
batch_sweep,b5000,hybrid,default.qubit,4,2,5000,2569,2,first_grad,1,0.041056600
batch_sweep,b5000,hybrid,default.qubit,4,2,5000,2569,2,first_grad_quantum,1,0.038095100
batch_sweep,b5000,hybrid,default.qubit,4,2,5000,2569,2,first_grad_classical,1,0.002961500
batch_sweep,b5000,hybrid,default.qubit,4,2,5000,2569,2,second_grad,1,0.089342400
batch_sweep,b5000,hybrid,default.qubit,4,2,5000,2569,2,second_grad_quantum,1,0.057773800
batch_sweep,b5000,hybrid,default.qubit,4,2,5000,2569,2,second_grad_classical,1,0.031568600
batch_sweep,b5000,hybrid,default.qubit,4,2,5000,2569,2,param_grad,1,0.207110700
batch_sweep,b5000,hybrid,default.qubit,4,2,5000,2569,2,param_grad_quantum,1,0.082763900
batch_sweep,b5000,hybrid,default.qubit,4,2,5000,2569,2,param_grad_classical,1,0.124346800
batch_sweep,b100,hybrid,default.qubit,4,2,100,2569,2,forward,1,0.012086300
batch_sweep,b100,hybrid,default.qubit,4,2,100,2569,2,forward_quantum,1,0.010271100
batch_sweep,b100,hybrid,default.qubit,4,2,100,2569,2,forward_classical,1,0.001815200
batch_sweep,b100,hybrid,default.qubit,4,2,100,2569,2,first_grad,1,0.017213400
batch_sweep,b100,hybrid,default.qubit,4,2,100,2569,2,first_grad_quantum,1,0.015193700
batch_sweep,b100,hybrid,default.qubit,4,2,100,2569,2,first_grad_classical,1,0.002019700
batch_sweep,b100,hybrid,default.qubit,4,2,100,2569,2,second_grad,1,0.027267100
batch_sweep,b100,hybrid,default.qubit,4,2,100,2569,2,second_grad_quantum,1,0.020185400
batch_sweep,b100,hybrid,default.qubit,4,2,100,2569,2,second_grad_classical,1,0.007081700
batch_sweep,b100,hybrid,default.qubit,4,2,100,2569,2,param_grad,1,0.058333400
batch_sweep,b100,hybrid,default.qubit,4,2,100,2569,2,param_grad_quantum,1,0.029043300
batch_sweep,b100,hybrid,default.qubit,4,2,100,2569,2,param_grad_classical,1,0.029290100
batch_sweep,b500,hybrid,default.qubit,4,2,500,2569,1,forward,1,0.014043600
batch_sweep,b500,hybrid,default.qubit,4,2,500,2569,1,forward_quantum,1,0.013425100
batch_sweep,b500,hybrid,default.qubit,4,2,500,2569,1,forward_classical,1,0.000618500
batch_sweep,b500,hybrid,default.qubit,4,2,500,2569,1,first_grad,1,0.024162200
batch_sweep,b500,hybrid,default.qubit,4,2,500,2569,1,first_grad_quantum,1,0.021903900
batch_sweep,b500,hybrid,default.qubit,4,2,500,2569,1,first_grad_classical,1,0.002258300
batch_sweep,b500,hybrid,default.qubit,4,2,500,2569,1,second_grad,1,0.036343900
batch_sweep,b500,hybrid,default.qubit,4,2,500,2569,1,second_grad_quantum,1,0.024916500
batch_sweep,b500,hybrid,default.qubit,4,2,500,2569,1,second_grad_classical,1,0.011427400
batch_sweep,b500,hybrid,default.qubit,4,2,500,2569,1,param_grad,1,0.072439300
batch_sweep,b500,hybrid,default.qubit,4,2,500,2569,1,param_grad_quantum,1,0.036187500
batch_sweep,b500,hybrid,default.qubit,4,2,500,2569,1,param_grad_classical,1,0.036251800
batch_sweep,b100,hybrid,default.qubit,4,2,100,2569,1,forward,1,0.011855100
batch_sweep,b100,hybrid,default.qubit,4,2,100,2569,1,forward_quantum,1,0.011327300
batch_sweep,b100,hybrid,default.qubit,4,2,100,2569,1,forward_classical,1,0.000527800
batch_sweep,b100,hybrid,default.qubit,4,2,100,2569,1,first_grad,1,0.016844700
batch_sweep,b100,hybrid,default.qubit,4,2,100,2569,1,first_grad_quantum,1,0.015147200
batch_sweep,b100,hybrid,default.qubit,4,2,100,2569,1,first_grad_classical,1,0.001697500
batch_sweep,b100,hybrid,default.qubit,4,2,100,2569,1,second_grad,1,0.027398200
batch_sweep,b100,hybrid,default.qubit,4,2,100,2569,1,second_grad_quantum,1,0.019391500
batch_sweep,b100,hybrid,default.qubit,4,2,100,2569,1,second_grad_classical,1,0.008006700
batch_sweep,b100,hybrid,default.qubit,4,2,100,2569,1,param_grad,1,0.050453400
batch_sweep,b100,hybrid,default.qubit,4,2,100,2569,1,param_grad_quantum,1,0.025572900
batch_sweep,b100,hybrid,default.qubit,4,2,100,2569,1,param_grad_classical,1,0.024880500
batch_sweep,b100,hybrid,default.qubit,4,2,100,2569,0,forward,1,0.009268000
batch_sweep,b100,hybrid,default.qubit,4,2,100,2569,0,forward_quantum,1,0.008796000
batch_sweep,b100,hybrid,default.qubit,4,2,100,2569,0,forward_classical,1,0.000472000
batch_sweep,b100,hybrid,default.qubit,4,2,100,2569,0,first_grad,1,0.015938800
batch_sweep,b100,hybrid,default.qubit,4,2,100,2569,0,first_grad_quantum,1,0.014572700
batch_sweep,b100,hybrid,default.qubit,4,2,100,2569,0,first_grad_classical,1,0.001366100
batch_sweep,b100,hybrid,default.qubit,4,2,100,2569,0,second_grad,1,0.024172300
batch_sweep,b100,hybrid,default.qubit,4,2,100,2569,0,second_grad_quantum,1,0.017323700
batch_sweep,b100,hybrid,default.qubit,4,2,100,2569,0,second_grad_classical,1,0.006848600
batch_sweep,b100,hybrid,default.qubit,4,2,100,2569,0,param_grad,1,0.050724600
batch_sweep,b100,hybrid,default.qubit,4,2,100,2569,0,param_grad_quantum,1,0.025066200
batch_sweep,b100,hybrid,default.qubit,4,2,100,2569,0,param_grad_classical,1,0.025658400
batch_sweep,b1000,hybrid,default.qubit,4,2,1000,2569,1,forward,1,0.012157500
batch_sweep,b1000,hybrid,default.qubit,4,2,1000,2569,1,forward_quantum,1,0.011601500
batch_sweep,b1000,hybrid,default.qubit,4,2,1000,2569,1,forward_classical,1,0.000556000
batch_sweep,b1000,hybrid,default.qubit,4,2,1000,2569,1,first_grad,1,0.027034700
batch_sweep,b1000,hybrid,default.qubit,4,2,1000,2569,1,first_grad_quantum,1,0.024969800
batch_sweep,b1000,hybrid,default.qubit,4,2,1000,2569,1,first_grad_classical,1,0.002064900
batch_sweep,b1000,hybrid,default.qubit,4,2,1000,2569,1,second_grad,1,0.049348700
batch_sweep,b1000,hybrid,default.qubit,4,2,1000,2569,1,second_grad_quantum,1,0.033074000
batch_sweep,b1000,hybrid,default.qubit,4,2,1000,2569,1,second_grad_classical,1,0.016274700
batch_sweep,b1000,hybrid,default.qubit,4,2,1000,2569,1,param_grad,1,0.096804400
batch_sweep,b1000,hybrid,default.qubit,4,2,1000,2569,1,param_grad_quantum,1,0.043781600
batch_sweep,b1000,hybrid,default.qubit,4,2,1000,2569,1,param_grad_classical,1,0.053022800
batch_sweep,b500,hybrid,default.qubit,4,2,500,2569,2,forward,1,0.013068800
batch_sweep,b500,hybrid,default.qubit,4,2,500,2569,2,forward_quantum,1,0.012408900
batch_sweep,b500,hybrid,default.qubit,4,2,500,2569,2,forward_classical,1,0.000659900
batch_sweep,b500,hybrid,default.qubit,4,2,500,2569,2,first_grad,1,0.018930400
batch_sweep,b500,hybrid,default.qubit,4,2,500,2569,2,first_grad_quantum,1,0.017411100
batch_sweep,b500,hybrid,default.qubit,4,2,500,2569,2,first_grad_classical,1,0.001519300
batch_sweep,b500,hybrid,default.qubit,4,2,500,2569,2,second_grad,1,0.038199300
batch_sweep,b500,hybrid,default.qubit,4,2,500,2569,2,second_grad_quantum,1,0.026946700
batch_sweep,b500,hybrid,default.qubit,4,2,500,2569,2,second_grad_classical,1,0.011252600
batch_sweep,b500,hybrid,default.qubit,4,2,500,2569,2,param_grad,1,0.073222000
batch_sweep,b500,hybrid,default.qubit,4,2,500,2569,2,param_grad_quantum,1,0.034776200
batch_sweep,b500,hybrid,default.qubit,4,2,500,2569,2,param_grad_classical,1,0.038445800
batch_sweep,b1000,hybrid,default.qubit,4,2,1000,2569,2,forward,1,0.014415800
batch_sweep,b1000,hybrid,default.qubit,4,2,1000,2569,2,forward_quantum,1,0.013747800
batch_sweep,b1000,hybrid,default.qubit,4,2,1000,2569,2,forward_classical,1,0.000668000
batch_sweep,b1000,hybrid,default.qubit,4,2,1000,2569,2,first_grad,1,0.026379700
batch_sweep,b1000,hybrid,default.qubit,4,2,1000,2569,2,first_grad_quantum,1,0.024296200
batch_sweep,b1000,hybrid,default.qubit,4,2,1000,2569,2,first_grad_classical,1,0.002083500
batch_sweep,b1000,hybrid,default.qubit,4,2,1000,2569,2,second_grad,1,0.045095500
batch_sweep,b1000,hybrid,default.qubit,4,2,1000,2569,2,second_grad_quantum,1,0.031875800
batch_sweep,b1000,hybrid,default.qubit,4,2,1000,2569,2,second_grad_classical,1,0.013219700
batch_sweep,b1000,hybrid,default.qubit,4,2,1000,2569,2,param_grad,1,0.093183700
batch_sweep,b1000,hybrid,default.qubit,4,2,1000,2569,2,param_grad_quantum,1,0.041081500
batch_sweep,b1000,hybrid,default.qubit,4,2,1000,2569,2,param_grad_classical,1,0.052102200
batch_sweep,b5000,hybrid,default.qubit,4,2,5000,2569,1,forward,1,0.019171600
batch_sweep,b5000,hybrid,default.qubit,4,2,5000,2569,1,forward_quantum,1,0.018252500
batch_sweep,b5000,hybrid,default.qubit,4,2,5000,2569,1,forward_classical,1,0.000919100
batch_sweep,b5000,hybrid,default.qubit,4,2,5000,2569,1,first_grad,1,0.047244400
batch_sweep,b5000,hybrid,default.qubit,4,2,5000,2569,1,first_grad_quantum,1,0.043493000
batch_sweep,b5000,hybrid,default.qubit,4,2,5000,2569,1,first_grad_classical,1,0.003751400
batch_sweep,b5000,hybrid,default.qubit,4,2,5000,2569,1,second_grad,1,0.085158000
batch_sweep,b5000,hybrid,default.qubit,4,2,5000,2569,1,second_grad_quantum,1,0.052839000
batch_sweep,b5000,hybrid,default.qubit,4,2,5000,2569,1,second_grad_classical,1,0.032319000
batch_sweep,b5000,hybrid,default.qubit,4,2,5000,2569,1,param_grad,1,0.193566500
batch_sweep,b5000,hybrid,default.qubit,4,2,5000,2569,1,param_grad_quantum,1,0.082540500
batch_sweep,b5000,hybrid,default.qubit,4,2,5000,2569,1,param_grad_classical,1,0.111026000
batch_sweep,b500,hybrid,default.qubit,4,2,500,2569,0,forward,1,0.014856900
batch_sweep,b500,hybrid,default.qubit,4,2,500,2569,0,forward_quantum,1,0.013361500
batch_sweep,b500,hybrid,default.qubit,4,2,500,2569,0,forward_classical,1,0.001495400
batch_sweep,b500,hybrid,default.qubit,4,2,500,2569,0,first_grad,1,0.026997800
batch_sweep,b500,hybrid,default.qubit,4,2,500,2569,0,first_grad_quantum,1,0.022079800
batch_sweep,b500,hybrid,default.qubit,4,2,500,2569,0,first_grad_classical,1,0.004918000
batch_sweep,b500,hybrid,default.qubit,4,2,500,2569,0,second_grad,1,0.042605500
batch_sweep,b500,hybrid,default.qubit,4,2,500,2569,0,second_grad_quantum,1,0.028894100
batch_sweep,b500,hybrid,default.qubit,4,2,500,2569,0,second_grad_classical,1,0.013711400
batch_sweep,b500,hybrid,default.qubit,4,2,500,2569,0,param_grad,1,0.074132600
batch_sweep,b500,hybrid,default.qubit,4,2,500,2569,0,param_grad_quantum,1,0.035821200
batch_sweep,b500,hybrid,default.qubit,4,2,500,2569,0,param_grad_classical,1,0.038311400
batch_sweep,b2540,hybrid,default.qubit,4,2,2540,2569,2,forward,1,0.016629000
batch_sweep,b2540,hybrid,default.qubit,4,2,2540,2569,2,forward_quantum,1,0.015840600
batch_sweep,b2540,hybrid,default.qubit,4,2,2540,2569,2,forward_classical,1,0.000788400
batch_sweep,b2540,hybrid,default.qubit,4,2,2540,2569,2,first_grad,1,0.037176500
batch_sweep,b2540,hybrid,default.qubit,4,2,2540,2569,2,first_grad_quantum,1,0.034522500
batch_sweep,b2540,hybrid,default.qubit,4,2,2540,2569,2,first_grad_classical,1,0.002654000
batch_sweep,b2540,hybrid,default.qubit,4,2,2540,2569,2,second_grad,1,0.072114700
batch_sweep,b2540,hybrid,default.qubit,4,2,2540,2569,2,second_grad_quantum,1,0.045656000
batch_sweep,b2540,hybrid,default.qubit,4,2,2540,2569,2,second_grad_classical,1,0.026458700
batch_sweep,b2540,hybrid,default.qubit,4,2,2540,2569,2,param_grad,1,0.132950600
batch_sweep,b2540,hybrid,default.qubit,4,2,2540,2569,2,param_grad_quantum,1,0.058418100
batch_sweep,b2540,hybrid,default.qubit,4,2,2540,2569,2,param_grad_classical,1,0.074532500
batch_sweep,b5000,hybrid,default.qubit,4,2,5000,2569,0,forward,1,0.022041600
batch_sweep,b5000,hybrid,default.qubit,4,2,5000,2569,0,forward_quantum,1,0.021054800
batch_sweep,b5000,hybrid,default.qubit,4,2,5000,2569,0,forward_classical,1,0.000986800
batch_sweep,b5000,hybrid,default.qubit,4,2,5000,2569,0,first_grad,1,0.045416200
batch_sweep,b5000,hybrid,default.qubit,4,2,5000,2569,0,first_grad_quantum,1,0.041973500
batch_sweep,b5000,hybrid,default.qubit,4,2,5000,2569,0,first_grad_classical,1,0.003442700
batch_sweep,b5000,hybrid,default.qubit,4,2,5000,2569,0,second_grad,1,0.087050200
batch_sweep,b5000,hybrid,default.qubit,4,2,5000,2569,0,second_grad_quantum,1,0.055339100
batch_sweep,b5000,hybrid,default.qubit,4,2,5000,2569,0,second_grad_classical,1,0.031711100
batch_sweep,b5000,hybrid,default.qubit,4,2,5000,2569,0,param_grad,1,0.207850600
batch_sweep,b5000,hybrid,default.qubit,4,2,5000,2569,0,param_grad_quantum,1,0.082119700
batch_sweep,b5000,hybrid,default.qubit,4,2,5000,2569,0,param_grad_classical,1,0.125730900
batch_sweep,b1000,hybrid,default.qubit,4,2,1000,2569,0,forward,1,0.014323400
batch_sweep,b1000,hybrid,default.qubit,4,2,1000,2569,0,forward_quantum,1,0.013669200
batch_sweep,b1000,hybrid,default.qubit,4,2,1000,2569,0,forward_classical,1,0.000654200
batch_sweep,b1000,hybrid,default.qubit,4,2,1000,2569,0,first_grad,1,0.025586500
batch_sweep,b1000,hybrid,default.qubit,4,2,1000,2569,0,first_grad_quantum,1,0.023228200
batch_sweep,b1000,hybrid,default.qubit,4,2,1000,2569,0,first_grad_classical,1,0.002358300
batch_sweep,b1000,hybrid,default.qubit,4,2,1000,2569,0,second_grad,1,0.046793800
batch_sweep,b1000,hybrid,default.qubit,4,2,1000,2569,0,second_grad_quantum,1,0.033821500
batch_sweep,b1000,hybrid,default.qubit,4,2,1000,2569,0,second_grad_classical,1,0.012972300
batch_sweep,b1000,hybrid,default.qubit,4,2,1000,2569,0,param_grad,1,0.093808700
batch_sweep,b1000,hybrid,default.qubit,4,2,1000,2569,0,param_grad_quantum,1,0.042373700
batch_sweep,b1000,hybrid,default.qubit,4,2,1000,2569,0,param_grad_classical,1,0.051435000
batch_sweep,b2540,hybrid,default.qubit,4,2,2540,2569,1,forward,1,0.015833700
batch_sweep,b2540,hybrid,default.qubit,4,2,2540,2569,1,forward_quantum,1,0.015136200
batch_sweep,b2540,hybrid,default.qubit,4,2,2540,2569,1,forward_classical,1,0.000697500
batch_sweep,b2540,hybrid,default.qubit,4,2,2540,2569,1,first_grad,1,0.032118000
batch_sweep,b2540,hybrid,default.qubit,4,2,2540,2569,1,first_grad_quantum,1,0.029620200
batch_sweep,b2540,hybrid,default.qubit,4,2,2540,2569,1,first_grad_classical,1,0.002497800
batch_sweep,b2540,hybrid,default.qubit,4,2,2540,2569,1,second_grad,1,0.069681600
batch_sweep,b2540,hybrid,default.qubit,4,2,2540,2569,1,second_grad_quantum,1,0.045142100
batch_sweep,b2540,hybrid,default.qubit,4,2,2540,2569,1,second_grad_classical,1,0.024539500
batch_sweep,b2540,hybrid,default.qubit,4,2,2540,2569,1,param_grad,1,0.129227700
batch_sweep,b2540,hybrid,default.qubit,4,2,2540,2569,1,param_grad_quantum,1,0.061538900
batch_sweep,b2540,hybrid,default.qubit,4,2,2540,2569,1,param_grad_classical,1,0.067688800
batch_sweep,b500,hybrid,default.qubit,4,2,500,2569,0,forward,2,0.012429300
batch_sweep,b500,hybrid,default.qubit,4,2,500,2569,0,forward_quantum,2,0.010175500
batch_sweep,b500,hybrid,default.qubit,4,2,500,2569,0,forward_classical,2,0.002253800
batch_sweep,b500,hybrid,default.qubit,4,2,500,2569,0,first_grad,2,0.024120700
batch_sweep,b500,hybrid,default.qubit,4,2,500,2569,0,first_grad_quantum,2,0.020048200
batch_sweep,b500,hybrid,default.qubit,4,2,500,2569,0,first_grad_classical,2,0.004072500
batch_sweep,b500,hybrid,default.qubit,4,2,500,2569,0,second_grad,2,0.037217200
batch_sweep,b500,hybrid,default.qubit,4,2,500,2569,0,second_grad_quantum,2,0.024338900
batch_sweep,b500,hybrid,default.qubit,4,2,500,2569,0,second_grad_classical,2,0.012878300
batch_sweep,b500,hybrid,default.qubit,4,2,500,2569,0,param_grad,2,0.068489800
batch_sweep,b500,hybrid,default.qubit,4,2,500,2569,0,param_grad_quantum,2,0.033975500
batch_sweep,b500,hybrid,default.qubit,4,2,500,2569,0,param_grad_classical,2,0.034514300
batch_sweep,b2540,hybrid,default.qubit,4,2,2540,2569,2,forward,2,0.015358500
batch_sweep,b2540,hybrid,default.qubit,4,2,2540,2569,2,forward_quantum,2,0.014529600
batch_sweep,b2540,hybrid,default.qubit,4,2,2540,2569,2,forward_classical,2,0.000828900
batch_sweep,b2540,hybrid,default.qubit,4,2,2540,2569,2,first_grad,2,0.032778400
batch_sweep,b2540,hybrid,default.qubit,4,2,2540,2569,2,first_grad_quantum,2,0.030187100
batch_sweep,b2540,hybrid,default.qubit,4,2,2540,2569,2,first_grad_classical,2,0.002591300
batch_sweep,b2540,hybrid,default.qubit,4,2,2540,2569,2,second_grad,2,0.069992200
batch_sweep,b2540,hybrid,default.qubit,4,2,2540,2569,2,second_grad_quantum,2,0.046067100
batch_sweep,b2540,hybrid,default.qubit,4,2,2540,2569,2,second_grad_classical,2,0.023925100
batch_sweep,b2540,hybrid,default.qubit,4,2,2540,2569,2,param_grad,2,0.135309500
batch_sweep,b2540,hybrid,default.qubit,4,2,2540,2569,2,param_grad_quantum,2,0.059790600
batch_sweep,b2540,hybrid,default.qubit,4,2,2540,2569,2,param_grad_classical,2,0.075518900
batch_sweep,b1000,hybrid,default.qubit,4,2,1000,2569,2,forward,2,0.014115700
batch_sweep,b1000,hybrid,default.qubit,4,2,1000,2569,2,forward_quantum,2,0.013511600
batch_sweep,b1000,hybrid,default.qubit,4,2,1000,2569,2,forward_classical,2,0.000604100
batch_sweep,b1000,hybrid,default.qubit,4,2,1000,2569,2,first_grad,2,0.027064800
batch_sweep,b1000,hybrid,default.qubit,4,2,1000,2569,2,first_grad_quantum,2,0.022088300
batch_sweep,b1000,hybrid,default.qubit,4,2,1000,2569,2,first_grad_classical,2,0.004976500
batch_sweep,b1000,hybrid,default.qubit,4,2,1000,2569,2,second_grad,2,0.047347800
batch_sweep,b1000,hybrid,default.qubit,4,2,1000,2569,2,second_grad_quantum,2,0.032604900
batch_sweep,b1000,hybrid,default.qubit,4,2,1000,2569,2,second_grad_classical,2,0.014742900
batch_sweep,b1000,hybrid,default.qubit,4,2,1000,2569,2,param_grad,2,0.105294700
batch_sweep,b1000,hybrid,default.qubit,4,2,1000,2569,2,param_grad_quantum,2,0.049198700
batch_sweep,b1000,hybrid,default.qubit,4,2,1000,2569,2,param_grad_classical,2,0.056096000
batch_sweep,b100,hybrid,default.qubit,4,2,100,2569,0,forward,2,0.010536800
batch_sweep,b100,hybrid,default.qubit,4,2,100,2569,0,forward_quantum,2,0.010026400
batch_sweep,b100,hybrid,default.qubit,4,2,100,2569,0,forward_classical,2,0.000510400
batch_sweep,b100,hybrid,default.qubit,4,2,100,2569,0,first_grad,2,0.017768900
batch_sweep,b100,hybrid,default.qubit,4,2,100,2569,0,first_grad_quantum,2,0.015624200
batch_sweep,b100,hybrid,default.qubit,4,2,100,2569,0,first_grad_classical,2,0.002144700
batch_sweep,b100,hybrid,default.qubit,4,2,100,2569,0,second_grad,2,0.029632700
batch_sweep,b100,hybrid,default.qubit,4,2,100,2569,0,second_grad_quantum,2,0.020932700
batch_sweep,b100,hybrid,default.qubit,4,2,100,2569,0,second_grad_classical,2,0.008700000
batch_sweep,b100,hybrid,default.qubit,4,2,100,2569,0,param_grad,2,0.053086300
batch_sweep,b100,hybrid,default.qubit,4,2,100,2569,0,param_grad_quantum,2,0.025183100
batch_sweep,b100,hybrid,default.qubit,4,2,100,2569,0,param_grad_classical,2,0.027903200
batch_sweep,b1000,hybrid,default.qubit,4,2,1000,2569,0,forward,2,0.014938200
batch_sweep,b1000,hybrid,default.qubit,4,2,1000,2569,0,forward_quantum,2,0.014200300
batch_sweep,b1000,hybrid,default.qubit,4,2,1000,2569,0,forward_classical,2,0.000737900
batch_sweep,b1000,hybrid,default.qubit,4,2,1000,2569,0,first_grad,2,0.026145700
batch_sweep,b1000,hybrid,default.qubit,4,2,1000,2569,0,first_grad_quantum,2,0.024127600
batch_sweep,b1000,hybrid,default.qubit,4,2,1000,2569,0,first_grad_classical,2,0.002018100
batch_sweep,b1000,hybrid,default.qubit,4,2,1000,2569,0,second_grad,2,0.046817900
batch_sweep,b1000,hybrid,default.qubit,4,2,1000,2569,0,second_grad_quantum,2,0.030319600
batch_sweep,b1000,hybrid,default.qubit,4,2,1000,2569,0,second_grad_classical,2,0.016498300
batch_sweep,b1000,hybrid,default.qubit,4,2,1000,2569,0,param_grad,2,0.101830700
batch_sweep,b1000,hybrid,default.qubit,4,2,1000,2569,0,param_grad_quantum,2,0.047865200
batch_sweep,b1000,hybrid,default.qubit,4,2,1000,2569,0,param_grad_classical,2,0.053965500
batch_sweep,b5000,hybrid,default.qubit,4,2,5000,2569,0,forward,2,0.021304500
batch_sweep,b5000,hybrid,default.qubit,4,2,5000,2569,0,forward_quantum,2,0.020051700
batch_sweep,b5000,hybrid,default.qubit,4,2,5000,2569,0,forward_classical,2,0.001252800
batch_sweep,b5000,hybrid,default.qubit,4,2,5000,2569,0,first_grad,2,0.047476400
batch_sweep,b5000,hybrid,default.qubit,4,2,5000,2569,0,first_grad_quantum,2,0.044223600
batch_sweep,b5000,hybrid,default.qubit,4,2,5000,2569,0,first_grad_classical,2,0.003252800
batch_sweep,b5000,hybrid,default.qubit,4,2,5000,2569,0,second_grad,2,0.091615300
batch_sweep,b5000,hybrid,default.qubit,4,2,5000,2569,0,second_grad_quantum,2,0.060157600
batch_sweep,b5000,hybrid,default.qubit,4,2,5000,2569,0,second_grad_classical,2,0.031457700
batch_sweep,b5000,hybrid,default.qubit,4,2,5000,2569,0,param_grad,2,0.207457100
batch_sweep,b5000,hybrid,default.qubit,4,2,5000,2569,0,param_grad_quantum,2,0.081787400
batch_sweep,b5000,hybrid,default.qubit,4,2,5000,2569,0,param_grad_classical,2,0.125669700
batch_sweep,b500,hybrid,default.qubit,4,2,500,2569,2,forward,2,0.015035700
batch_sweep,b500,hybrid,default.qubit,4,2,500,2569,2,forward_quantum,2,0.011776300
batch_sweep,b500,hybrid,default.qubit,4,2,500,2569,2,forward_classical,2,0.003259400
batch_sweep,b500,hybrid,default.qubit,4,2,500,2569,2,first_grad,2,0.025381300
batch_sweep,b500,hybrid,default.qubit,4,2,500,2569,2,first_grad_quantum,2,0.020411900
batch_sweep,b500,hybrid,default.qubit,4,2,500,2569,2,first_grad_classical,2,0.004969400
batch_sweep,b500,hybrid,default.qubit,4,2,500,2569,2,second_grad,2,0.039858600
batch_sweep,b500,hybrid,default.qubit,4,2,500,2569,2,second_grad_quantum,2,0.026118600
batch_sweep,b500,hybrid,default.qubit,4,2,500,2569,2,second_grad_classical,2,0.013740000
batch_sweep,b500,hybrid,default.qubit,4,2,500,2569,2,param_grad,2,0.075633400
batch_sweep,b500,hybrid,default.qubit,4,2,500,2569,2,param_grad_quantum,2,0.036069700
batch_sweep,b500,hybrid,default.qubit,4,2,500,2569,2,param_grad_classical,2,0.039563700
batch_sweep,b1000,hybrid,default.qubit,4,2,1000,2569,1,forward,2,0.017613500
batch_sweep,b1000,hybrid,default.qubit,4,2,1000,2569,1,forward_quantum,2,0.016932300
batch_sweep,b1000,hybrid,default.qubit,4,2,1000,2569,1,forward_classical,2,0.000681200
batch_sweep,b1000,hybrid,default.qubit,4,2,1000,2569,1,first_grad,2,0.027842800
batch_sweep,b1000,hybrid,default.qubit,4,2,1000,2569,1,first_grad_quantum,2,0.025477600
batch_sweep,b1000,hybrid,default.qubit,4,2,1000,2569,1,first_grad_classical,2,0.002365200
batch_sweep,b1000,hybrid,default.qubit,4,2,1000,2569,1,second_grad,2,0.050220400
batch_sweep,b1000,hybrid,default.qubit,4,2,1000,2569,1,second_grad_quantum,2,0.033057100
batch_sweep,b1000,hybrid,default.qubit,4,2,1000,2569,1,second_grad_classical,2,0.017163300
batch_sweep,b1000,hybrid,default.qubit,4,2,1000,2569,1,param_grad,2,0.099009600
batch_sweep,b1000,hybrid,default.qubit,4,2,1000,2569,1,param_grad_quantum,2,0.045312000
batch_sweep,b1000,hybrid,default.qubit,4,2,1000,2569,1,param_grad_classical,2,0.053697600
batch_sweep,b2540,hybrid,default.qubit,4,2,2540,2569,1,forward,2,0.016445900
batch_sweep,b2540,hybrid,default.qubit,4,2,2540,2569,1,forward_quantum,2,0.015690500
batch_sweep,b2540,hybrid,default.qubit,4,2,2540,2569,1,forward_classical,2,0.000755400
batch_sweep,b2540,hybrid,default.qubit,4,2,2540,2569,1,first_grad,2,0.032614000
batch_sweep,b2540,hybrid,default.qubit,4,2,2540,2569,1,first_grad_quantum,2,0.030145900
batch_sweep,b2540,hybrid,default.qubit,4,2,2540,2569,1,first_grad_classical,2,0.002468100
batch_sweep,b2540,hybrid,default.qubit,4,2,2540,2569,1,second_grad,2,0.070578300
batch_sweep,b2540,hybrid,default.qubit,4,2,2540,2569,1,second_grad_quantum,2,0.045746600
batch_sweep,b2540,hybrid,default.qubit,4,2,2540,2569,1,second_grad_classical,2,0.024831700
batch_sweep,b2540,hybrid,default.qubit,4,2,2540,2569,1,param_grad,2,0.125155100
batch_sweep,b2540,hybrid,default.qubit,4,2,2540,2569,1,param_grad_quantum,2,0.058305200
batch_sweep,b2540,hybrid,default.qubit,4,2,2540,2569,1,param_grad_classical,2,0.066849900
batch_sweep,b2540,hybrid,default.qubit,4,2,2540,2569,0,forward,2,0.015326700
batch_sweep,b2540,hybrid,default.qubit,4,2,2540,2569,0,forward_quantum,2,0.014621800
batch_sweep,b2540,hybrid,default.qubit,4,2,2540,2569,0,forward_classical,2,0.000704900
batch_sweep,b2540,hybrid,default.qubit,4,2,2540,2569,0,first_grad,2,0.035167000
batch_sweep,b2540,hybrid,default.qubit,4,2,2540,2569,0,first_grad_quantum,2,0.029756600
batch_sweep,b2540,hybrid,default.qubit,4,2,2540,2569,0,first_grad_classical,2,0.005410400
batch_sweep,b2540,hybrid,default.qubit,4,2,2540,2569,0,second_grad,2,0.063357400
batch_sweep,b2540,hybrid,default.qubit,4,2,2540,2569,0,second_grad_quantum,2,0.040913100
batch_sweep,b2540,hybrid,default.qubit,4,2,2540,2569,0,second_grad_classical,2,0.022444300
batch_sweep,b2540,hybrid,default.qubit,4,2,2540,2569,0,param_grad,2,0.141302000
batch_sweep,b2540,hybrid,default.qubit,4,2,2540,2569,0,param_grad_quantum,2,0.059769200
batch_sweep,b2540,hybrid,default.qubit,4,2,2540,2569,0,param_grad_classical,2,0.081532800
batch_sweep,b100,hybrid,default.qubit,4,2,100,2569,2,forward,2,0.014092100
batch_sweep,b100,hybrid,default.qubit,4,2,100,2569,2,forward_quantum,2,0.013415800
batch_sweep,b100,hybrid,default.qubit,4,2,100,2569,2,forward_classical,2,0.000676300
batch_sweep,b100,hybrid,default.qubit,4,2,100,2569,2,first_grad,2,0.018104500
batch_sweep,b100,hybrid,default.qubit,4,2,100,2569,2,first_grad_quantum,2,0.016294700
batch_sweep,b100,hybrid,default.qubit,4,2,100,2569,2,first_grad_classical,2,0.001809800
batch_sweep,b100,hybrid,default.qubit,4,2,100,2569,2,second_grad,2,0.024825300
batch_sweep,b100,hybrid,default.qubit,4,2,100,2569,2,second_grad_quantum,2,0.017821700
batch_sweep,b100,hybrid,default.qubit,4,2,100,2569,2,second_grad_classical,2,0.007003600
batch_sweep,b100,hybrid,default.qubit,4,2,100,2569,2,param_grad,2,0.051355300
batch_sweep,b100,hybrid,default.qubit,4,2,100,2569,2,param_grad_quantum,2,0.025671600
batch_sweep,b100,hybrid,default.qubit,4,2,100,2569,2,param_grad_classical,2,0.025683700
batch_sweep,b5000,hybrid,default.qubit,4,2,5000,2569,1,forward,2,0.020018200
batch_sweep,b5000,hybrid,default.qubit,4,2,5000,2569,1,forward_quantum,2,0.018824900
batch_sweep,b5000,hybrid,default.qubit,4,2,5000,2569,1,forward_classical,2,0.001193300
batch_sweep,b5000,hybrid,default.qubit,4,2,5000,2569,1,first_grad,2,0.049398100
batch_sweep,b5000,hybrid,default.qubit,4,2,5000,2569,1,first_grad_quantum,2,0.046093500
batch_sweep,b5000,hybrid,default.qubit,4,2,5000,2569,1,first_grad_classical,2,0.003304600
batch_sweep,b5000,hybrid,default.qubit,4,2,5000,2569,1,second_grad,2,0.087182100
batch_sweep,b5000,hybrid,default.qubit,4,2,5000,2569,1,second_grad_quantum,2,0.055167200
batch_sweep,b5000,hybrid,default.qubit,4,2,5000,2569,1,second_grad_classical,2,0.032014900
batch_sweep,b5000,hybrid,default.qubit,4,2,5000,2569,1,param_grad,2,0.194878200
batch_sweep,b5000,hybrid,default.qubit,4,2,5000,2569,1,param_grad_quantum,2,0.087548100
batch_sweep,b5000,hybrid,default.qubit,4,2,5000,2569,1,param_grad_classical,2,0.107330100
batch_sweep,b5000,hybrid,default.qubit,4,2,5000,2569,2,forward,2,0.020374600
batch_sweep,b5000,hybrid,default.qubit,4,2,5000,2569,2,forward_quantum,2,0.019241200
batch_sweep,b5000,hybrid,default.qubit,4,2,5000,2569,2,forward_classical,2,0.001133400
batch_sweep,b5000,hybrid,default.qubit,4,2,5000,2569,2,first_grad,2,0.049882800
batch_sweep,b5000,hybrid,default.qubit,4,2,5000,2569,2,first_grad_quantum,2,0.046677700
batch_sweep,b5000,hybrid,default.qubit,4,2,5000,2569,2,first_grad_classical,2,0.003205100
batch_sweep,b5000,hybrid,default.qubit,4,2,5000,2569,2,second_grad,2,0.081493900
batch_sweep,b5000,hybrid,default.qubit,4,2,5000,2569,2,second_grad_quantum,2,0.052330700
batch_sweep,b5000,hybrid,default.qubit,4,2,5000,2569,2,second_grad_classical,2,0.029163200
batch_sweep,b5000,hybrid,default.qubit,4,2,5000,2569,2,param_grad,2,0.197894700
batch_sweep,b5000,hybrid,default.qubit,4,2,5000,2569,2,param_grad_quantum,2,0.086721400
batch_sweep,b5000,hybrid,default.qubit,4,2,5000,2569,2,param_grad_classical,2,0.111173300
batch_sweep,b500,hybrid,default.qubit,4,2,500,2569,1,forward,2,0.012857100
batch_sweep,b500,hybrid,default.qubit,4,2,500,2569,1,forward_quantum,2,0.012128900
batch_sweep,b500,hybrid,default.qubit,4,2,500,2569,1,forward_classical,2,0.000728200
batch_sweep,b500,hybrid,default.qubit,4,2,500,2569,1,first_grad,2,0.024428700
batch_sweep,b500,hybrid,default.qubit,4,2,500,2569,1,first_grad_quantum,2,0.019827500
batch_sweep,b500,hybrid,default.qubit,4,2,500,2569,1,first_grad_classical,2,0.004601200
batch_sweep,b500,hybrid,default.qubit,4,2,500,2569,1,second_grad,2,0.038836400
batch_sweep,b500,hybrid,default.qubit,4,2,500,2569,1,second_grad_quantum,2,0.026909700
batch_sweep,b500,hybrid,default.qubit,4,2,500,2569,1,second_grad_classical,2,0.011926700
batch_sweep,b500,hybrid,default.qubit,4,2,500,2569,1,param_grad,2,0.075186000
batch_sweep,b500,hybrid,default.qubit,4,2,500,2569,1,param_grad_quantum,2,0.036462900
batch_sweep,b500,hybrid,default.qubit,4,2,500,2569,1,param_grad_classical,2,0.038723100
batch_sweep,b100,hybrid,default.qubit,4,2,100,2569,1,forward,2,0.011492100
batch_sweep,b100,hybrid,default.qubit,4,2,100,2569,1,forward_quantum,2,0.010904700
batch_sweep,b100,hybrid,default.qubit,4,2,100,2569,1,forward_classical,2,0.000587400
batch_sweep,b100,hybrid,default.qubit,4,2,100,2569,1,first_grad,2,0.018140600
batch_sweep,b100,hybrid,default.qubit,4,2,100,2569,1,first_grad_quantum,2,0.016308500
batch_sweep,b100,hybrid,default.qubit,4,2,100,2569,1,first_grad_classical,2,0.001832100
batch_sweep,b100,hybrid,default.qubit,4,2,100,2569,1,second_grad,2,0.026653800
batch_sweep,b100,hybrid,default.qubit,4,2,100,2569,1,second_grad_quantum,2,0.019162000
batch_sweep,b100,hybrid,default.qubit,4,2,100,2569,1,second_grad_classical,2,0.007491800
batch_sweep,b100,hybrid,default.qubit,4,2,100,2569,1,param_grad,2,0.055696200
batch_sweep,b100,hybrid,default.qubit,4,2,100,2569,1,param_grad_quantum,2,0.028458000
batch_sweep,b100,hybrid,default.qubit,4,2,100,2569,1,param_grad_classical,2,0.027238200
batch_sweep,b1000,hybrid,default.qubit,4,2,1000,2569,2,forward,3,0.015100000
batch_sweep,b1000,hybrid,default.qubit,4,2,1000,2569,2,forward_quantum,3,0.014401900
batch_sweep,b1000,hybrid,default.qubit,4,2,1000,2569,2,forward_classical,3,0.000698100
batch_sweep,b1000,hybrid,default.qubit,4,2,1000,2569,2,first_grad,3,0.027031400
batch_sweep,b1000,hybrid,default.qubit,4,2,1000,2569,2,first_grad_quantum,3,0.024774700
batch_sweep,b1000,hybrid,default.qubit,4,2,1000,2569,2,first_grad_classical,3,0.002256700
batch_sweep,b1000,hybrid,default.qubit,4,2,1000,2569,2,second_grad,3,0.048614500
batch_sweep,b1000,hybrid,default.qubit,4,2,1000,2569,2,second_grad_quantum,3,0.033690700
batch_sweep,b1000,hybrid,default.qubit,4,2,1000,2569,2,second_grad_classical,3,0.014923800
batch_sweep,b1000,hybrid,default.qubit,4,2,1000,2569,2,param_grad,3,0.107289200
batch_sweep,b1000,hybrid,default.qubit,4,2,1000,2569,2,param_grad_quantum,3,0.044386800
batch_sweep,b1000,hybrid,default.qubit,4,2,1000,2569,2,param_grad_classical,3,0.062902400
batch_sweep,b5000,hybrid,default.qubit,4,2,5000,2569,0,forward,3,0.019518200
batch_sweep,b5000,hybrid,default.qubit,4,2,5000,2569,0,forward_quantum,3,0.018414300
batch_sweep,b5000,hybrid,default.qubit,4,2,5000,2569,0,forward_classical,3,0.001103900
batch_sweep,b5000,hybrid,default.qubit,4,2,5000,2569,0,first_grad,3,0.049449900
batch_sweep,b5000,hybrid,default.qubit,4,2,5000,2569,0,first_grad_quantum,3,0.046198700
batch_sweep,b5000,hybrid,default.qubit,4,2,5000,2569,0,first_grad_classical,3,0.003251200
batch_sweep,b5000,hybrid,default.qubit,4,2,5000,2569,0,second_grad,3,0.082289000
batch_sweep,b5000,hybrid,default.qubit,4,2,5000,2569,0,second_grad_quantum,3,0.052440400
batch_sweep,b5000,hybrid,default.qubit,4,2,5000,2569,0,second_grad_classical,3,0.029848600
batch_sweep,b5000,hybrid,default.qubit,4,2,5000,2569,0,param_grad,3,0.190088800
batch_sweep,b5000,hybrid,default.qubit,4,2,5000,2569,0,param_grad_quantum,3,0.077125200
batch_sweep,b5000,hybrid,default.qubit,4,2,5000,2569,0,param_grad_classical,3,0.112963600
batch_sweep,b2540,hybrid,default.qubit,4,2,2540,2569,0,forward,3,0.015142900
batch_sweep,b2540,hybrid,default.qubit,4,2,2540,2569,0,forward_quantum,3,0.014451700
batch_sweep,b2540,hybrid,default.qubit,4,2,2540,2569,0,forward_classical,3,0.000691200
batch_sweep,b2540,hybrid,default.qubit,4,2,2540,2569,0,first_grad,3,0.031306100
batch_sweep,b2540,hybrid,default.qubit,4,2,2540,2569,0,first_grad_quantum,3,0.028712500
batch_sweep,b2540,hybrid,default.qubit,4,2,2540,2569,0,first_grad_classical,3,0.002593600
batch_sweep,b2540,hybrid,default.qubit,4,2,2540,2569,0,second_grad,3,0.060498200
batch_sweep,b2540,hybrid,default.qubit,4,2,2540,2569,0,second_grad_quantum,3,0.038246500
batch_sweep,b2540,hybrid,default.qubit,4,2,2540,2569,0,second_grad_classical,3,0.022251700
batch_sweep,b2540,hybrid,default.qubit,4,2,2540,2569,0,param_grad,3,0.128145200
batch_sweep,b2540,hybrid,default.qubit,4,2,2540,2569,0,param_grad_quantum,3,0.057810000
batch_sweep,b2540,hybrid,default.qubit,4,2,2540,2569,0,param_grad_classical,3,0.070335200
batch_sweep,b5000,hybrid,default.qubit,4,2,5000,2569,1,forward,3,0.017232600
batch_sweep,b5000,hybrid,default.qubit,4,2,5000,2569,1,forward_quantum,3,0.016315100
batch_sweep,b5000,hybrid,default.qubit,4,2,5000,2569,1,forward_classical,3,0.000917500
batch_sweep,b5000,hybrid,default.qubit,4,2,5000,2569,1,first_grad,3,0.041395400
batch_sweep,b5000,hybrid,default.qubit,4,2,5000,2569,1,first_grad_quantum,3,0.038403100
batch_sweep,b5000,hybrid,default.qubit,4,2,5000,2569,1,first_grad_classical,3,0.002992300
batch_sweep,b5000,hybrid,default.qubit,4,2,5000,2569,1,second_grad,3,0.079175700
batch_sweep,b5000,hybrid,default.qubit,4,2,5000,2569,1,second_grad_quantum,3,0.053554000
batch_sweep,b5000,hybrid,default.qubit,4,2,5000,2569,1,second_grad_classical,3,0.025621700
batch_sweep,b5000,hybrid,default.qubit,4,2,5000,2569,1,param_grad,3,0.190617600
batch_sweep,b5000,hybrid,default.qubit,4,2,5000,2569,1,param_grad_quantum,3,0.076225500
batch_sweep,b5000,hybrid,default.qubit,4,2,5000,2569,1,param_grad_classical,3,0.114392100
batch_sweep,b1000,hybrid,default.qubit,4,2,1000,2569,0,forward,3,0.013271100
batch_sweep,b1000,hybrid,default.qubit,4,2,1000,2569,0,forward_quantum,3,0.012604700
batch_sweep,b1000,hybrid,default.qubit,4,2,1000,2569,0,forward_classical,3,0.000666400
batch_sweep,b1000,hybrid,default.qubit,4,2,1000,2569,0,first_grad,3,0.026247800
batch_sweep,b1000,hybrid,default.qubit,4,2,1000,2569,0,first_grad_quantum,3,0.024008700
batch_sweep,b1000,hybrid,default.qubit,4,2,1000,2569,0,first_grad_classical,3,0.002239100
batch_sweep,b1000,hybrid,default.qubit,4,2,1000,2569,0,second_grad,3,0.045826800
batch_sweep,b1000,hybrid,default.qubit,4,2,1000,2569,0,second_grad_quantum,3,0.032422400
batch_sweep,b1000,hybrid,default.qubit,4,2,1000,2569,0,second_grad_classical,3,0.013404400
batch_sweep,b1000,hybrid,default.qubit,4,2,1000,2569,0,param_grad,3,0.095224200
batch_sweep,b1000,hybrid,default.qubit,4,2,1000,2569,0,param_grad_quantum,3,0.042758400
batch_sweep,b1000,hybrid,default.qubit,4,2,1000,2569,0,param_grad_classical,3,0.052465800
batch_sweep,b2540,hybrid,default.qubit,4,2,2540,2569,1,forward,3,0.016117900
batch_sweep,b2540,hybrid,default.qubit,4,2,2540,2569,1,forward_quantum,3,0.015333000
batch_sweep,b2540,hybrid,default.qubit,4,2,2540,2569,1,forward_classical,3,0.000784900
batch_sweep,b2540,hybrid,default.qubit,4,2,2540,2569,1,first_grad,3,0.032347600
batch_sweep,b2540,hybrid,default.qubit,4,2,2540,2569,1,first_grad_quantum,3,0.029983400
batch_sweep,b2540,hybrid,default.qubit,4,2,2540,2569,1,first_grad_classical,3,0.002364200
batch_sweep,b2540,hybrid,default.qubit,4,2,2540,2569,1,second_grad,3,0.066430700
batch_sweep,b2540,hybrid,default.qubit,4,2,2540,2569,1,second_grad_quantum,3,0.042416200
batch_sweep,b2540,hybrid,default.qubit,4,2,2540,2569,1,second_grad_classical,3,0.024014500
batch_sweep,b2540,hybrid,default.qubit,4,2,2540,2569,1,param_grad,3,0.135316700
batch_sweep,b2540,hybrid,default.qubit,4,2,2540,2569,1,param_grad_quantum,3,0.061730700
batch_sweep,b2540,hybrid,default.qubit,4,2,2540,2569,1,param_grad_classical,3,0.073586000
batch_sweep,b5000,hybrid,default.qubit,4,2,5000,2569,2,forward,3,0.019446900
batch_sweep,b5000,hybrid,default.qubit,4,2,5000,2569,2,forward_quantum,3,0.018268100
batch_sweep,b5000,hybrid,default.qubit,4,2,5000,2569,2,forward_classical,3,0.001178800
batch_sweep,b5000,hybrid,default.qubit,4,2,5000,2569,2,first_grad,3,0.041698500
batch_sweep,b5000,hybrid,default.qubit,4,2,5000,2569,2,first_grad_quantum,3,0.038306700
batch_sweep,b5000,hybrid,default.qubit,4,2,5000,2569,2,first_grad_classical,3,0.003391800
batch_sweep,b5000,hybrid,default.qubit,4,2,5000,2569,2,second_grad,3,0.090166400
batch_sweep,b5000,hybrid,default.qubit,4,2,5000,2569,2,second_grad_quantum,3,0.057595100
batch_sweep,b5000,hybrid,default.qubit,4,2,5000,2569,2,second_grad_classical,3,0.032571300
batch_sweep,b5000,hybrid,default.qubit,4,2,5000,2569,2,param_grad,3,0.216469500
batch_sweep,b5000,hybrid,default.qubit,4,2,5000,2569,2,param_grad_quantum,3,0.091440000
batch_sweep,b5000,hybrid,default.qubit,4,2,5000,2569,2,param_grad_classical,3,0.125029500
batch_sweep,b100,hybrid,default.qubit,4,2,100,2569,1,forward,3,0.013162500
batch_sweep,b100,hybrid,default.qubit,4,2,100,2569,1,forward_quantum,3,0.010361500
batch_sweep,b100,hybrid,default.qubit,4,2,100,2569,1,forward_classical,3,0.002801000
batch_sweep,b100,hybrid,default.qubit,4,2,100,2569,1,first_grad,3,0.017508800
batch_sweep,b100,hybrid,default.qubit,4,2,100,2569,1,first_grad_quantum,3,0.015615000
batch_sweep,b100,hybrid,default.qubit,4,2,100,2569,1,first_grad_classical,3,0.001893800
batch_sweep,b100,hybrid,default.qubit,4,2,100,2569,1,second_grad,3,0.025851400
batch_sweep,b100,hybrid,default.qubit,4,2,100,2569,1,second_grad_quantum,3,0.018738900
batch_sweep,b100,hybrid,default.qubit,4,2,100,2569,1,second_grad_classical,3,0.007112500
batch_sweep,b100,hybrid,default.qubit,4,2,100,2569,1,param_grad,3,0.054128200
batch_sweep,b100,hybrid,default.qubit,4,2,100,2569,1,param_grad_quantum,3,0.027256400
batch_sweep,b100,hybrid,default.qubit,4,2,100,2569,1,param_grad_classical,3,0.026871800
batch_sweep,b1000,hybrid,default.qubit,4,2,1000,2569,1,forward,3,0.015630600
batch_sweep,b1000,hybrid,default.qubit,4,2,1000,2569,1,forward_quantum,3,0.014775200
batch_sweep,b1000,hybrid,default.qubit,4,2,1000,2569,1,forward_classical,3,0.000855400
batch_sweep,b1000,hybrid,default.qubit,4,2,1000,2569,1,first_grad,3,0.027685800
batch_sweep,b1000,hybrid,default.qubit,4,2,1000,2569,1,first_grad_quantum,3,0.025364600
batch_sweep,b1000,hybrid,default.qubit,4,2,1000,2569,1,first_grad_classical,3,0.002321200
batch_sweep,b1000,hybrid,default.qubit,4,2,1000,2569,1,second_grad,3,0.048271200
batch_sweep,b1000,hybrid,default.qubit,4,2,1000,2569,1,second_grad_quantum,3,0.034669400
batch_sweep,b1000,hybrid,default.qubit,4,2,1000,2569,1,second_grad_classical,3,0.013601800
batch_sweep,b1000,hybrid,default.qubit,4,2,1000,2569,1,param_grad,3,0.098831200
batch_sweep,b1000,hybrid,default.qubit,4,2,1000,2569,1,param_grad_quantum,3,0.044787800
batch_sweep,b1000,hybrid,default.qubit,4,2,1000,2569,1,param_grad_classical,3,0.054043400
batch_sweep,b100,hybrid,default.qubit,4,2,100,2569,0,forward,3,0.010380000
batch_sweep,b100,hybrid,default.qubit,4,2,100,2569,0,forward_quantum,3,0.009825600
batch_sweep,b100,hybrid,default.qubit,4,2,100,2569,0,forward_classical,3,0.000554400
batch_sweep,b100,hybrid,default.qubit,4,2,100,2569,0,first_grad,3,0.018219600
batch_sweep,b100,hybrid,default.qubit,4,2,100,2569,0,first_grad_quantum,3,0.016343000
batch_sweep,b100,hybrid,default.qubit,4,2,100,2569,0,first_grad_classical,3,0.001876600
batch_sweep,b100,hybrid,default.qubit,4,2,100,2569,0,second_grad,3,0.029637600
batch_sweep,b100,hybrid,default.qubit,4,2,100,2569,0,second_grad_quantum,3,0.021035200
batch_sweep,b100,hybrid,default.qubit,4,2,100,2569,0,second_grad_classical,3,0.008602400
batch_sweep,b100,hybrid,default.qubit,4,2,100,2569,0,param_grad,3,0.052308300
batch_sweep,b100,hybrid,default.qubit,4,2,100,2569,0,param_grad_quantum,3,0.026274900
batch_sweep,b100,hybrid,default.qubit,4,2,100,2569,0,param_grad_classical,3,0.026033400
batch_sweep,b100,hybrid,default.qubit,4,2,100,2569,2,forward,3,0.010602500
batch_sweep,b100,hybrid,default.qubit,4,2,100,2569,2,forward_quantum,3,0.010070000
batch_sweep,b100,hybrid,default.qubit,4,2,100,2569,2,forward_classical,3,0.000532500
batch_sweep,b100,hybrid,default.qubit,4,2,100,2569,2,first_grad,3,0.017939400
batch_sweep,b100,hybrid,default.qubit,4,2,100,2569,2,first_grad_quantum,3,0.016110200
batch_sweep,b100,hybrid,default.qubit,4,2,100,2569,2,first_grad_classical,3,0.001829200
batch_sweep,b100,hybrid,default.qubit,4,2,100,2569,2,second_grad,3,0.027820400
batch_sweep,b100,hybrid,default.qubit,4,2,100,2569,2,second_grad_quantum,3,0.019548100
batch_sweep,b100,hybrid,default.qubit,4,2,100,2569,2,second_grad_classical,3,0.008272300
batch_sweep,b100,hybrid,default.qubit,4,2,100,2569,2,param_grad,3,0.049997600
batch_sweep,b100,hybrid,default.qubit,4,2,100,2569,2,param_grad_quantum,3,0.025766600
batch_sweep,b100,hybrid,default.qubit,4,2,100,2569,2,param_grad_classical,3,0.024231000
batch_sweep,b2540,hybrid,default.qubit,4,2,2540,2569,2,forward,3,0.014796200
batch_sweep,b2540,hybrid,default.qubit,4,2,2540,2569,2,forward_quantum,3,0.013949700
batch_sweep,b2540,hybrid,default.qubit,4,2,2540,2569,2,forward_classical,3,0.000846500
batch_sweep,b2540,hybrid,default.qubit,4,2,2540,2569,2,first_grad,3,0.034433500
batch_sweep,b2540,hybrid,default.qubit,4,2,2540,2569,2,first_grad_quantum,3,0.032016600
batch_sweep,b2540,hybrid,default.qubit,4,2,2540,2569,2,first_grad_classical,3,0.002416900
batch_sweep,b2540,hybrid,default.qubit,4,2,2540,2569,2,second_grad,3,0.064155700
batch_sweep,b2540,hybrid,default.qubit,4,2,2540,2569,2,second_grad_quantum,3,0.039819700
batch_sweep,b2540,hybrid,default.qubit,4,2,2540,2569,2,second_grad_classical,3,0.024336000
batch_sweep,b2540,hybrid,default.qubit,4,2,2540,2569,2,param_grad,3,0.140915500
batch_sweep,b2540,hybrid,default.qubit,4,2,2540,2569,2,param_grad_quantum,3,0.061302200
batch_sweep,b2540,hybrid,default.qubit,4,2,2540,2569,2,param_grad_classical,3,0.079613300
batch_sweep,b500,hybrid,default.qubit,4,2,500,2569,1,forward,3,0.018577200
batch_sweep,b500,hybrid,default.qubit,4,2,500,2569,1,forward_quantum,3,0.015040700
batch_sweep,b500,hybrid,default.qubit,4,2,500,2569,1,forward_classical,3,0.003536500
batch_sweep,b500,hybrid,default.qubit,4,2,500,2569,1,first_grad,3,0.020464700
batch_sweep,b500,hybrid,default.qubit,4,2,500,2569,1,first_grad_quantum,3,0.017070600
batch_sweep,b500,hybrid,default.qubit,4,2,500,2569,1,first_grad_classical,3,0.003394100
batch_sweep,b500,hybrid,default.qubit,4,2,500,2569,1,second_grad,3,0.036896700
batch_sweep,b500,hybrid,default.qubit,4,2,500,2569,1,second_grad_quantum,3,0.024459100
batch_sweep,b500,hybrid,default.qubit,4,2,500,2569,1,second_grad_classical,3,0.012437600
batch_sweep,b500,hybrid,default.qubit,4,2,500,2569,1,param_grad,3,0.070923400
batch_sweep,b500,hybrid,default.qubit,4,2,500,2569,1,param_grad_quantum,3,0.034084900
batch_sweep,b500,hybrid,default.qubit,4,2,500,2569,1,param_grad_classical,3,0.036838500
batch_sweep,b500,hybrid,default.qubit,4,2,500,2569,2,forward,3,0.012321400
batch_sweep,b500,hybrid,default.qubit,4,2,500,2569,2,forward_quantum,3,0.011810600
batch_sweep,b500,hybrid,default.qubit,4,2,500,2569,2,forward_classical,3,0.000510800
batch_sweep,b500,hybrid,default.qubit,4,2,500,2569,2,first_grad,3,0.021090500
batch_sweep,b500,hybrid,default.qubit,4,2,500,2569,2,first_grad_quantum,3,0.019148900
batch_sweep,b500,hybrid,default.qubit,4,2,500,2569,2,first_grad_classical,3,0.001941600
batch_sweep,b500,hybrid,default.qubit,4,2,500,2569,2,second_grad,3,0.034007300
batch_sweep,b500,hybrid,default.qubit,4,2,500,2569,2,second_grad_quantum,3,0.023861200
batch_sweep,b500,hybrid,default.qubit,4,2,500,2569,2,second_grad_classical,3,0.010146100
batch_sweep,b500,hybrid,default.qubit,4,2,500,2569,2,param_grad,3,0.074052700
batch_sweep,b500,hybrid,default.qubit,4,2,500,2569,2,param_grad_quantum,3,0.036194800
batch_sweep,b500,hybrid,default.qubit,4,2,500,2569,2,param_grad_classical,3,0.037857900
batch_sweep,b500,hybrid,default.qubit,4,2,500,2569,0,forward,3,0.012979600
batch_sweep,b500,hybrid,default.qubit,4,2,500,2569,0,forward_quantum,3,0.012367200
batch_sweep,b500,hybrid,default.qubit,4,2,500,2569,0,forward_classical,3,0.000612400
batch_sweep,b500,hybrid,default.qubit,4,2,500,2569,0,first_grad,3,0.021713200
batch_sweep,b500,hybrid,default.qubit,4,2,500,2569,0,first_grad_quantum,3,0.019677300
batch_sweep,b500,hybrid,default.qubit,4,2,500,2569,0,first_grad_classical,3,0.002035900
batch_sweep,b500,hybrid,default.qubit,4,2,500,2569,0,second_grad,3,0.037024200
batch_sweep,b500,hybrid,default.qubit,4,2,500,2569,0,second_grad_quantum,3,0.026201600
batch_sweep,b500,hybrid,default.qubit,4,2,500,2569,0,second_grad_classical,3,0.010822600
batch_sweep,b500,hybrid,default.qubit,4,2,500,2569,0,param_grad,3,0.073401600
batch_sweep,b500,hybrid,default.qubit,4,2,500,2569,0,param_grad_quantum,3,0.036538100
batch_sweep,b500,hybrid,default.qubit,4,2,500,2569,0,param_grad_classical,3,0.036863500
batch_sweep,b500,hybrid,default.qubit,4,2,500,2569,1,forward,4,0.013047000
batch_sweep,b500,hybrid,default.qubit,4,2,500,2569,1,forward_quantum,4,0.012462000
batch_sweep,b500,hybrid,default.qubit,4,2,500,2569,1,forward_classical,4,0.000585000
batch_sweep,b500,hybrid,default.qubit,4,2,500,2569,1,first_grad,4,0.019919300
batch_sweep,b500,hybrid,default.qubit,4,2,500,2569,1,first_grad_quantum,4,0.017987700
batch_sweep,b500,hybrid,default.qubit,4,2,500,2569,1,first_grad_classical,4,0.001931600
batch_sweep,b500,hybrid,default.qubit,4,2,500,2569,1,second_grad,4,0.035984700
batch_sweep,b500,hybrid,default.qubit,4,2,500,2569,1,second_grad_quantum,4,0.024618000
batch_sweep,b500,hybrid,default.qubit,4,2,500,2569,1,second_grad_classical,4,0.011366700
batch_sweep,b500,hybrid,default.qubit,4,2,500,2569,1,param_grad,4,0.076378300
batch_sweep,b500,hybrid,default.qubit,4,2,500,2569,1,param_grad_quantum,4,0.036738700
batch_sweep,b500,hybrid,default.qubit,4,2,500,2569,1,param_grad_classical,4,0.039639600
batch_sweep,b500,hybrid,default.qubit,4,2,500,2569,2,forward,4,0.012922500
batch_sweep,b500,hybrid,default.qubit,4,2,500,2569,2,forward_quantum,4,0.012337900
batch_sweep,b500,hybrid,default.qubit,4,2,500,2569,2,forward_classical,4,0.000584600
batch_sweep,b500,hybrid,default.qubit,4,2,500,2569,2,first_grad,4,0.019993300
batch_sweep,b500,hybrid,default.qubit,4,2,500,2569,2,first_grad_quantum,4,0.018055600
batch_sweep,b500,hybrid,default.qubit,4,2,500,2569,2,first_grad_classical,4,0.001937700
batch_sweep,b500,hybrid,default.qubit,4,2,500,2569,2,second_grad,4,0.038286000
batch_sweep,b500,hybrid,default.qubit,4,2,500,2569,2,second_grad_quantum,4,0.026567700
batch_sweep,b500,hybrid,default.qubit,4,2,500,2569,2,second_grad_classical,4,0.011718300
batch_sweep,b500,hybrid,default.qubit,4,2,500,2569,2,param_grad,4,0.074917800
batch_sweep,b500,hybrid,default.qubit,4,2,500,2569,2,param_grad_quantum,4,0.036040900
batch_sweep,b500,hybrid,default.qubit,4,2,500,2569,2,param_grad_classical,4,0.038876900
batch_sweep,b100,hybrid,default.qubit,4,2,100,2569,2,forward,4,0.011128900
batch_sweep,b100,hybrid,default.qubit,4,2,100,2569,2,forward_quantum,4,0.010609000
batch_sweep,b100,hybrid,default.qubit,4,2,100,2569,2,forward_classical,4,0.000519900
batch_sweep,b100,hybrid,default.qubit,4,2,100,2569,2,first_grad,4,0.017130400
batch_sweep,b100,hybrid,default.qubit,4,2,100,2569,2,first_grad_quantum,4,0.015317800
batch_sweep,b100,hybrid,default.qubit,4,2,100,2569,2,first_grad_classical,4,0.001812600
batch_sweep,b100,hybrid,default.qubit,4,2,100,2569,2,second_grad,4,0.028057500
batch_sweep,b100,hybrid,default.qubit,4,2,100,2569,2,second_grad_quantum,4,0.019683800
batch_sweep,b100,hybrid,default.qubit,4,2,100,2569,2,second_grad_classical,4,0.008373700
batch_sweep,b100,hybrid,default.qubit,4,2,100,2569,2,param_grad,4,0.052098300
batch_sweep,b100,hybrid,default.qubit,4,2,100,2569,2,param_grad_quantum,4,0.028067700
batch_sweep,b100,hybrid,default.qubit,4,2,100,2569,2,param_grad_classical,4,0.024030600
batch_sweep,b2540,hybrid,default.qubit,4,2,2540,2569,2,forward,4,0.018086500
batch_sweep,b2540,hybrid,default.qubit,4,2,2540,2569,2,forward_quantum,4,0.017282800
batch_sweep,b2540,hybrid,default.qubit,4,2,2540,2569,2,forward_classical,4,0.000803700
batch_sweep,b2540,hybrid,default.qubit,4,2,2540,2569,2,first_grad,4,0.040094800
batch_sweep,b2540,hybrid,default.qubit,4,2,2540,2569,2,first_grad_quantum,4,0.037046700
batch_sweep,b2540,hybrid,default.qubit,4,2,2540,2569,2,first_grad_classical,4,0.003048100
batch_sweep,b2540,hybrid,default.qubit,4,2,2540,2569,2,second_grad,4,0.068816300
batch_sweep,b2540,hybrid,default.qubit,4,2,2540,2569,2,second_grad_quantum,4,0.045026800
batch_sweep,b2540,hybrid,default.qubit,4,2,2540,2569,2,second_grad_classical,4,0.023789500
batch_sweep,b2540,hybrid,default.qubit,4,2,2540,2569,2,param_grad,4,0.138621800
batch_sweep,b2540,hybrid,default.qubit,4,2,2540,2569,2,param_grad_quantum,4,0.062185800
batch_sweep,b2540,hybrid,default.qubit,4,2,2540,2569,2,param_grad_classical,4,0.076436000
batch_sweep,b100,hybrid,default.qubit,4,2,100,2569,0,forward,4,0.012627300
batch_sweep,b100,hybrid,default.qubit,4,2,100,2569,0,forward_quantum,4,0.012023100
batch_sweep,b100,hybrid,default.qubit,4,2,100,2569,0,forward_classical,4,0.000604200
batch_sweep,b100,hybrid,default.qubit,4,2,100,2569,0,first_grad,4,0.017442500
batch_sweep,b100,hybrid,default.qubit,4,2,100,2569,0,first_grad_quantum,4,0.015655900
batch_sweep,b100,hybrid,default.qubit,4,2,100,2569,0,first_grad_classical,4,0.001786600
batch_sweep,b100,hybrid,default.qubit,4,2,100,2569,0,second_grad,4,0.028516800
batch_sweep,b100,hybrid,default.qubit,4,2,100,2569,0,second_grad_quantum,4,0.019921200
batch_sweep,b100,hybrid,default.qubit,4,2,100,2569,0,second_grad_classical,4,0.008595600
batch_sweep,b100,hybrid,default.qubit,4,2,100,2569,0,param_grad,4,0.055517100
batch_sweep,b100,hybrid,default.qubit,4,2,100,2569,0,param_grad_quantum,4,0.027661600
batch_sweep,b100,hybrid,default.qubit,4,2,100,2569,0,param_grad_classical,4,0.027855500
batch_sweep,b5000,hybrid,default.qubit,4,2,5000,2569,2,forward,4,0.020451000
batch_sweep,b5000,hybrid,default.qubit,4,2,5000,2569,2,forward_quantum,4,0.019284800
batch_sweep,b5000,hybrid,default.qubit,4,2,5000,2569,2,forward_classical,4,0.001166200
batch_sweep,b5000,hybrid,default.qubit,4,2,5000,2569,2,first_grad,4,0.044975100
batch_sweep,b5000,hybrid,default.qubit,4,2,5000,2569,2,first_grad_quantum,4,0.041915600
batch_sweep,b5000,hybrid,default.qubit,4,2,5000,2569,2,first_grad_classical,4,0.003059500
batch_sweep,b5000,hybrid,default.qubit,4,2,5000,2569,2,second_grad,4,0.091040000
batch_sweep,b5000,hybrid,default.qubit,4,2,5000,2569,2,second_grad_quantum,4,0.057157000
batch_sweep,b5000,hybrid,default.qubit,4,2,5000,2569,2,second_grad_classical,4,0.033883000
batch_sweep,b5000,hybrid,default.qubit,4,2,5000,2569,2,param_grad,4,0.191132000
batch_sweep,b5000,hybrid,default.qubit,4,2,5000,2569,2,param_grad_quantum,4,0.078977300
batch_sweep,b5000,hybrid,default.qubit,4,2,5000,2569,2,param_grad_classical,4,0.112154700
batch_sweep,b5000,hybrid,default.qubit,4,2,5000,2569,0,forward,4,0.020060800
batch_sweep,b5000,hybrid,default.qubit,4,2,5000,2569,0,forward_quantum,4,0.019055600
batch_sweep,b5000,hybrid,default.qubit,4,2,5000,2569,0,forward_classical,4,0.001005200
batch_sweep,b5000,hybrid,default.qubit,4,2,5000,2569,0,first_grad,4,0.041739000
batch_sweep,b5000,hybrid,default.qubit,4,2,5000,2569,0,first_grad_quantum,4,0.038715200
batch_sweep,b5000,hybrid,default.qubit,4,2,5000,2569,0,first_grad_classical,4,0.003023800
batch_sweep,b5000,hybrid,default.qubit,4,2,5000,2569,0,second_grad,4,0.084441000
batch_sweep,b5000,hybrid,default.qubit,4,2,5000,2569,0,second_grad_quantum,4,0.054539700
batch_sweep,b5000,hybrid,default.qubit,4,2,5000,2569,0,second_grad_classical,4,0.029901300
batch_sweep,b5000,hybrid,default.qubit,4,2,5000,2569,0,param_grad,4,0.184749900
batch_sweep,b5000,hybrid,default.qubit,4,2,5000,2569,0,param_grad_quantum,4,0.074818700
batch_sweep,b5000,hybrid,default.qubit,4,2,5000,2569,0,param_grad_classical,4,0.109931200
batch_sweep,b100,hybrid,default.qubit,4,2,100,2569,1,forward,4,0.015147900
batch_sweep,b100,hybrid,default.qubit,4,2,100,2569,1,forward_quantum,4,0.012306400
batch_sweep,b100,hybrid,default.qubit,4,2,100,2569,1,forward_classical,4,0.002841500
batch_sweep,b100,hybrid,default.qubit,4,2,100,2569,1,first_grad,4,0.016845300
batch_sweep,b100,hybrid,default.qubit,4,2,100,2569,1,first_grad_quantum,4,0.015120100
batch_sweep,b100,hybrid,default.qubit,4,2,100,2569,1,first_grad_classical,4,0.001725200
batch_sweep,b100,hybrid,default.qubit,4,2,100,2569,1,second_grad,4,0.022726900
batch_sweep,b100,hybrid,default.qubit,4,2,100,2569,1,second_grad_quantum,4,0.016588600
batch_sweep,b100,hybrid,default.qubit,4,2,100,2569,1,second_grad_classical,4,0.006138300
batch_sweep,b100,hybrid,default.qubit,4,2,100,2569,1,param_grad,4,0.055149900
batch_sweep,b100,hybrid,default.qubit,4,2,100,2569,1,param_grad_quantum,4,0.025434000
batch_sweep,b100,hybrid,default.qubit,4,2,100,2569,1,param_grad_classical,4,0.029715900
batch_sweep,b5000,hybrid,default.qubit,4,2,5000,2569,1,forward,4,0.019030600
batch_sweep,b5000,hybrid,default.qubit,4,2,5000,2569,1,forward_quantum,4,0.017879300
batch_sweep,b5000,hybrid,default.qubit,4,2,5000,2569,1,forward_classical,4,0.001151300
batch_sweep,b5000,hybrid,default.qubit,4,2,5000,2569,1,first_grad,4,0.045777300
batch_sweep,b5000,hybrid,default.qubit,4,2,5000,2569,1,first_grad_quantum,4,0.042290300
batch_sweep,b5000,hybrid,default.qubit,4,2,5000,2569,1,first_grad_classical,4,0.003487000
batch_sweep,b5000,hybrid,default.qubit,4,2,5000,2569,1,second_grad,4,0.084085300
batch_sweep,b5000,hybrid,default.qubit,4,2,5000,2569,1,second_grad_quantum,4,0.053191700
batch_sweep,b5000,hybrid,default.qubit,4,2,5000,2569,1,second_grad_classical,4,0.030893600
batch_sweep,b5000,hybrid,default.qubit,4,2,5000,2569,1,param_grad,4,0.189721600
batch_sweep,b5000,hybrid,default.qubit,4,2,5000,2569,1,param_grad_quantum,4,0.078577100
batch_sweep,b5000,hybrid,default.qubit,4,2,5000,2569,1,param_grad_classical,4,0.111144500
batch_sweep,b500,hybrid,default.qubit,4,2,500,2569,0,forward,4,0.012952800
batch_sweep,b500,hybrid,default.qubit,4,2,500,2569,0,forward_quantum,4,0.012338200
batch_sweep,b500,hybrid,default.qubit,4,2,500,2569,0,forward_classical,4,0.000614600
batch_sweep,b500,hybrid,default.qubit,4,2,500,2569,0,first_grad,4,0.025153300
batch_sweep,b500,hybrid,default.qubit,4,2,500,2569,0,first_grad_quantum,4,0.022646500
batch_sweep,b500,hybrid,default.qubit,4,2,500,2569,0,first_grad_classical,4,0.002506800
batch_sweep,b500,hybrid,default.qubit,4,2,500,2569,0,second_grad,4,0.035969300
batch_sweep,b500,hybrid,default.qubit,4,2,500,2569,0,second_grad_quantum,4,0.024499400
batch_sweep,b500,hybrid,default.qubit,4,2,500,2569,0,second_grad_classical,4,0.011469900
batch_sweep,b500,hybrid,default.qubit,4,2,500,2569,0,param_grad,4,0.075197200
batch_sweep,b500,hybrid,default.qubit,4,2,500,2569,0,param_grad_quantum,4,0.036139800
batch_sweep,b500,hybrid,default.qubit,4,2,500,2569,0,param_grad_classical,4,0.039057400
batch_sweep,b1000,hybrid,default.qubit,4,2,1000,2569,1,forward,4,0.014597600
batch_sweep,b1000,hybrid,default.qubit,4,2,1000,2569,1,forward_quantum,4,0.013877400
batch_sweep,b1000,hybrid,default.qubit,4,2,1000,2569,1,forward_classical,4,0.000720200
batch_sweep,b1000,hybrid,default.qubit,4,2,1000,2569,1,first_grad,4,0.024866500
batch_sweep,b1000,hybrid,default.qubit,4,2,1000,2569,1,first_grad_quantum,4,0.022626800
batch_sweep,b1000,hybrid,default.qubit,4,2,1000,2569,1,first_grad_classical,4,0.002239700
batch_sweep,b1000,hybrid,default.qubit,4,2,1000,2569,1,second_grad,4,0.048250000
batch_sweep,b1000,hybrid,default.qubit,4,2,1000,2569,1,second_grad_quantum,4,0.031592700
batch_sweep,b1000,hybrid,default.qubit,4,2,1000,2569,1,second_grad_classical,4,0.016657300
batch_sweep,b1000,hybrid,default.qubit,4,2,1000,2569,1,param_grad,4,0.102675400
batch_sweep,b1000,hybrid,default.qubit,4,2,1000,2569,1,param_grad_quantum,4,0.048210300
batch_sweep,b1000,hybrid,default.qubit,4,2,1000,2569,1,param_grad_classical,4,0.054465100
batch_sweep,b2540,hybrid,default.qubit,4,2,2540,2569,1,forward,4,0.017043200
batch_sweep,b2540,hybrid,default.qubit,4,2,2540,2569,1,forward_quantum,4,0.016100200
batch_sweep,b2540,hybrid,default.qubit,4,2,2540,2569,1,forward_classical,4,0.000943000
batch_sweep,b2540,hybrid,default.qubit,4,2,2540,2569,1,first_grad,4,0.035118300
batch_sweep,b2540,hybrid,default.qubit,4,2,2540,2569,1,first_grad_quantum,4,0.032482100
batch_sweep,b2540,hybrid,default.qubit,4,2,2540,2569,1,first_grad_classical,4,0.002636200
batch_sweep,b2540,hybrid,default.qubit,4,2,2540,2569,1,second_grad,4,0.068854000
batch_sweep,b2540,hybrid,default.qubit,4,2,2540,2569,1,second_grad_quantum,4,0.044648900
batch_sweep,b2540,hybrid,default.qubit,4,2,2540,2569,1,second_grad_classical,4,0.024205100
batch_sweep,b2540,hybrid,default.qubit,4,2,2540,2569,1,param_grad,4,0.133314600
batch_sweep,b2540,hybrid,default.qubit,4,2,2540,2569,1,param_grad_quantum,4,0.056847600
batch_sweep,b2540,hybrid,default.qubit,4,2,2540,2569,1,param_grad_classical,4,0.076467000
batch_sweep,b1000,hybrid,default.qubit,4,2,1000,2569,0,forward,4,0.017349400
batch_sweep,b1000,hybrid,default.qubit,4,2,1000,2569,0,forward_quantum,4,0.016689400
batch_sweep,b1000,hybrid,default.qubit,4,2,1000,2569,0,forward_classical,4,0.000660000
batch_sweep,b1000,hybrid,default.qubit,4,2,1000,2569,0,first_grad,4,0.029376800
batch_sweep,b1000,hybrid,default.qubit,4,2,1000,2569,0,first_grad_quantum,4,0.024678800
batch_sweep,b1000,hybrid,default.qubit,4,2,1000,2569,0,first_grad_classical,4,0.004698000
batch_sweep,b1000,hybrid,default.qubit,4,2,1000,2569,0,second_grad,4,0.050236900
batch_sweep,b1000,hybrid,default.qubit,4,2,1000,2569,0,second_grad_quantum,4,0.032955900
batch_sweep,b1000,hybrid,default.qubit,4,2,1000,2569,0,second_grad_classical,4,0.017281000
batch_sweep,b1000,hybrid,default.qubit,4,2,1000,2569,0,param_grad,4,0.095517500
batch_sweep,b1000,hybrid,default.qubit,4,2,1000,2569,0,param_grad_quantum,4,0.045019200
batch_sweep,b1000,hybrid,default.qubit,4,2,1000,2569,0,param_grad_classical,4,0.050498300
batch_sweep,b1000,hybrid,default.qubit,4,2,1000,2569,2,forward,4,0.014838100
batch_sweep,b1000,hybrid,default.qubit,4,2,1000,2569,2,forward_quantum,4,0.014166700
batch_sweep,b1000,hybrid,default.qubit,4,2,1000,2569,2,forward_classical,4,0.000671400
batch_sweep,b1000,hybrid,default.qubit,4,2,1000,2569,2,first_grad,4,0.024118300
batch_sweep,b1000,hybrid,default.qubit,4,2,1000,2569,2,first_grad_quantum,4,0.022017200
batch_sweep,b1000,hybrid,default.qubit,4,2,1000,2569,2,first_grad_classical,4,0.002101100
batch_sweep,b1000,hybrid,default.qubit,4,2,1000,2569,2,second_grad,4,0.045481700
batch_sweep,b1000,hybrid,default.qubit,4,2,1000,2569,2,second_grad_quantum,4,0.031357000
batch_sweep,b1000,hybrid,default.qubit,4,2,1000,2569,2,second_grad_classical,4,0.014124700
batch_sweep,b1000,hybrid,default.qubit,4,2,1000,2569,2,param_grad,4,0.098088700
batch_sweep,b1000,hybrid,default.qubit,4,2,1000,2569,2,param_grad_quantum,4,0.045409600
batch_sweep,b1000,hybrid,default.qubit,4,2,1000,2569,2,param_grad_classical,4,0.052679100
batch_sweep,b2540,hybrid,default.qubit,4,2,2540,2569,0,forward,4,0.017089500
batch_sweep,b2540,hybrid,default.qubit,4,2,2540,2569,0,forward_quantum,4,0.016222000
batch_sweep,b2540,hybrid,default.qubit,4,2,2540,2569,0,forward_classical,4,0.000867500
batch_sweep,b2540,hybrid,default.qubit,4,2,2540,2569,0,first_grad,4,0.030784800
batch_sweep,b2540,hybrid,default.qubit,4,2,2540,2569,0,first_grad_quantum,4,0.028405100
batch_sweep,b2540,hybrid,default.qubit,4,2,2540,2569,0,first_grad_classical,4,0.002379700
batch_sweep,b2540,hybrid,default.qubit,4,2,2540,2569,0,second_grad,4,0.067380700
batch_sweep,b2540,hybrid,default.qubit,4,2,2540,2569,0,second_grad_quantum,4,0.043479300
batch_sweep,b2540,hybrid,default.qubit,4,2,2540,2569,0,second_grad_classical,4,0.023901400
batch_sweep,b2540,hybrid,default.qubit,4,2,2540,2569,0,param_grad,4,0.134842700
batch_sweep,b2540,hybrid,default.qubit,4,2,2540,2569,0,param_grad_quantum,4,0.060712600
batch_sweep,b2540,hybrid,default.qubit,4,2,2540,2569,0,param_grad_classical,4,0.074130100
batch_sweep,b1000,hybrid,default.qubit,4,2,1000,2569,0,forward,5,0.014347500
batch_sweep,b1000,hybrid,default.qubit,4,2,1000,2569,0,forward_quantum,5,0.013711500
batch_sweep,b1000,hybrid,default.qubit,4,2,1000,2569,0,forward_classical,5,0.000636000
batch_sweep,b1000,hybrid,default.qubit,4,2,1000,2569,0,first_grad,5,0.023849100
batch_sweep,b1000,hybrid,default.qubit,4,2,1000,2569,0,first_grad_quantum,5,0.021696100
batch_sweep,b1000,hybrid,default.qubit,4,2,1000,2569,0,first_grad_classical,5,0.002153000
batch_sweep,b1000,hybrid,default.qubit,4,2,1000,2569,0,second_grad,5,0.047008600
batch_sweep,b1000,hybrid,default.qubit,4,2,1000,2569,0,second_grad_quantum,5,0.031448900
batch_sweep,b1000,hybrid,default.qubit,4,2,1000,2569,0,second_grad_classical,5,0.015559700
batch_sweep,b1000,hybrid,default.qubit,4,2,1000,2569,0,param_grad,5,0.095184900
batch_sweep,b1000,hybrid,default.qubit,4,2,1000,2569,0,param_grad_quantum,5,0.041542900
batch_sweep,b1000,hybrid,default.qubit,4,2,1000,2569,0,param_grad_classical,5,0.053642000
batch_sweep,b5000,hybrid,default.qubit,4,2,5000,2569,2,forward,5,0.019975700
batch_sweep,b5000,hybrid,default.qubit,4,2,5000,2569,2,forward_quantum,5,0.019046500
batch_sweep,b5000,hybrid,default.qubit,4,2,5000,2569,2,forward_classical,5,0.000929200
batch_sweep,b5000,hybrid,default.qubit,4,2,5000,2569,2,first_grad,5,0.042055500
batch_sweep,b5000,hybrid,default.qubit,4,2,5000,2569,2,first_grad_quantum,5,0.038936900
batch_sweep,b5000,hybrid,default.qubit,4,2,5000,2569,2,first_grad_classical,5,0.003118600
batch_sweep,b5000,hybrid,default.qubit,4,2,5000,2569,2,second_grad,5,0.084350000
batch_sweep,b5000,hybrid,default.qubit,4,2,5000,2569,2,second_grad_quantum,5,0.054422200
batch_sweep,b5000,hybrid,default.qubit,4,2,5000,2569,2,second_grad_classical,5,0.029927800
batch_sweep,b5000,hybrid,default.qubit,4,2,5000,2569,2,param_grad,5,0.188370700
batch_sweep,b5000,hybrid,default.qubit,4,2,5000,2569,2,param_grad_quantum,5,0.080540300
batch_sweep,b5000,hybrid,default.qubit,4,2,5000,2569,2,param_grad_classical,5,0.107830400
batch_sweep,b2540,hybrid,default.qubit,4,2,2540,2569,2,forward,5,0.015750000
batch_sweep,b2540,hybrid,default.qubit,4,2,2540,2569,2,forward_quantum,5,0.014977100
batch_sweep,b2540,hybrid,default.qubit,4,2,2540,2569,2,forward_classical,5,0.000772900
batch_sweep,b2540,hybrid,default.qubit,4,2,2540,2569,2,first_grad,5,0.038398200
batch_sweep,b2540,hybrid,default.qubit,4,2,2540,2569,2,first_grad_quantum,5,0.035773600
batch_sweep,b2540,hybrid,default.qubit,4,2,2540,2569,2,first_grad_classical,5,0.002624600
batch_sweep,b2540,hybrid,default.qubit,4,2,2540,2569,2,second_grad,5,0.065167700
batch_sweep,b2540,hybrid,default.qubit,4,2,2540,2569,2,second_grad_quantum,5,0.041291900
batch_sweep,b2540,hybrid,default.qubit,4,2,2540,2569,2,second_grad_classical,5,0.023875800
batch_sweep,b2540,hybrid,default.qubit,4,2,2540,2569,2,param_grad,5,0.133480000
batch_sweep,b2540,hybrid,default.qubit,4,2,2540,2569,2,param_grad_quantum,5,0.055900800
batch_sweep,b2540,hybrid,default.qubit,4,2,2540,2569,2,param_grad_classical,5,0.077579200
batch_sweep,b500,hybrid,default.qubit,4,2,500,2569,1,forward,5,0.015699300
batch_sweep,b500,hybrid,default.qubit,4,2,500,2569,1,forward_quantum,5,0.012499100
batch_sweep,b500,hybrid,default.qubit,4,2,500,2569,1,forward_classical,5,0.003200200
batch_sweep,b500,hybrid,default.qubit,4,2,500,2569,1,first_grad,5,0.023634300
batch_sweep,b500,hybrid,default.qubit,4,2,500,2569,1,first_grad_quantum,5,0.020198100
batch_sweep,b500,hybrid,default.qubit,4,2,500,2569,1,first_grad_classical,5,0.003436200
batch_sweep,b500,hybrid,default.qubit,4,2,500,2569,1,second_grad,5,0.040918100
batch_sweep,b500,hybrid,default.qubit,4,2,500,2569,1,second_grad_quantum,5,0.026041200
batch_sweep,b500,hybrid,default.qubit,4,2,500,2569,1,second_grad_classical,5,0.014876900
batch_sweep,b500,hybrid,default.qubit,4,2,500,2569,1,param_grad,5,0.078692400
batch_sweep,b500,hybrid,default.qubit,4,2,500,2569,1,param_grad_quantum,5,0.037410400
batch_sweep,b500,hybrid,default.qubit,4,2,500,2569,1,param_grad_classical,5,0.041282000
batch_sweep,b1000,hybrid,default.qubit,4,2,1000,2569,1,forward,5,0.013838500
batch_sweep,b1000,hybrid,default.qubit,4,2,1000,2569,1,forward_quantum,5,0.013164100
batch_sweep,b1000,hybrid,default.qubit,4,2,1000,2569,1,forward_classical,5,0.000674400
batch_sweep,b1000,hybrid,default.qubit,4,2,1000,2569,1,first_grad,5,0.023628900
batch_sweep,b1000,hybrid,default.qubit,4,2,1000,2569,1,first_grad_quantum,5,0.021386100
batch_sweep,b1000,hybrid,default.qubit,4,2,1000,2569,1,first_grad_classical,5,0.002242800
batch_sweep,b1000,hybrid,default.qubit,4,2,1000,2569,1,second_grad,5,0.044610000
batch_sweep,b1000,hybrid,default.qubit,4,2,1000,2569,1,second_grad_quantum,5,0.030482800
batch_sweep,b1000,hybrid,default.qubit,4,2,1000,2569,1,second_grad_classical,5,0.014127200
batch_sweep,b1000,hybrid,default.qubit,4,2,1000,2569,1,param_grad,5,0.099897100
batch_sweep,b1000,hybrid,default.qubit,4,2,1000,2569,1,param_grad_quantum,5,0.045843700
batch_sweep,b1000,hybrid,default.qubit,4,2,1000,2569,1,param_grad_classical,5,0.054053400
batch_sweep,b100,hybrid,default.qubit,4,2,100,2569,0,forward,5,0.014627900
batch_sweep,b100,hybrid,default.qubit,4,2,100,2569,0,forward_quantum,5,0.014082000
batch_sweep,b100,hybrid,default.qubit,4,2,100,2569,0,forward_classical,5,0.000545900
batch_sweep,b100,hybrid,default.qubit,4,2,100,2569,0,first_grad,5,0.016431400
batch_sweep,b100,hybrid,default.qubit,4,2,100,2569,0,first_grad_quantum,5,0.014798400
batch_sweep,b100,hybrid,default.qubit,4,2,100,2569,0,first_grad_classical,5,0.001633000
batch_sweep,b100,hybrid,default.qubit,4,2,100,2569,0,second_grad,5,0.026047800
batch_sweep,b100,hybrid,default.qubit,4,2,100,2569,0,second_grad_quantum,5,0.017844500
batch_sweep,b100,hybrid,default.qubit,4,2,100,2569,0,second_grad_classical,5,0.008203300
batch_sweep,b100,hybrid,default.qubit,4,2,100,2569,0,param_grad,5,0.048462800
batch_sweep,b100,hybrid,default.qubit,4,2,100,2569,0,param_grad_quantum,5,0.026540100
batch_sweep,b100,hybrid,default.qubit,4,2,100,2569,0,param_grad_classical,5,0.021922700
batch_sweep,b5000,hybrid,default.qubit,4,2,5000,2569,1,forward,5,0.019766700
batch_sweep,b5000,hybrid,default.qubit,4,2,5000,2569,1,forward_quantum,5,0.018379300
batch_sweep,b5000,hybrid,default.qubit,4,2,5000,2569,1,forward_classical,5,0.001387400
batch_sweep,b5000,hybrid,default.qubit,4,2,5000,2569,1,first_grad,5,0.049522000
batch_sweep,b5000,hybrid,default.qubit,4,2,5000,2569,1,first_grad_quantum,5,0.046247000
batch_sweep,b5000,hybrid,default.qubit,4,2,5000,2569,1,first_grad_classical,5,0.003275000
batch_sweep,b5000,hybrid,default.qubit,4,2,5000,2569,1,second_grad,5,0.091196000
batch_sweep,b5000,hybrid,default.qubit,4,2,5000,2569,1,second_grad_quantum,5,0.057220500
batch_sweep,b5000,hybrid,default.qubit,4,2,5000,2569,1,second_grad_classical,5,0.033975500
batch_sweep,b5000,hybrid,default.qubit,4,2,5000,2569,1,param_grad,5,0.202369100
batch_sweep,b5000,hybrid,default.qubit,4,2,5000,2569,1,param_grad_quantum,5,0.085684200
batch_sweep,b5000,hybrid,default.qubit,4,2,5000,2569,1,param_grad_classical,5,0.116684900
batch_sweep,b5000,hybrid,default.qubit,4,2,5000,2569,0,forward,5,0.020830300
batch_sweep,b5000,hybrid,default.qubit,4,2,5000,2569,0,forward_quantum,5,0.019831800
batch_sweep,b5000,hybrid,default.qubit,4,2,5000,2569,0,forward_classical,5,0.000998500
batch_sweep,b5000,hybrid,default.qubit,4,2,5000,2569,0,first_grad,5,0.052014900
batch_sweep,b5000,hybrid,default.qubit,4,2,5000,2569,0,first_grad_quantum,5,0.046270500
batch_sweep,b5000,hybrid,default.qubit,4,2,5000,2569,0,first_grad_classical,5,0.005744400
batch_sweep,b5000,hybrid,default.qubit,4,2,5000,2569,0,second_grad,5,0.087306800
batch_sweep,b5000,hybrid,default.qubit,4,2,5000,2569,0,second_grad_quantum,5,0.056380400
batch_sweep,b5000,hybrid,default.qubit,4,2,5000,2569,0,second_grad_classical,5,0.030926400
batch_sweep,b5000,hybrid,default.qubit,4,2,5000,2569,0,param_grad,5,0.200218400
batch_sweep,b5000,hybrid,default.qubit,4,2,5000,2569,0,param_grad_quantum,5,0.085058300
batch_sweep,b5000,hybrid,default.qubit,4,2,5000,2569,0,param_grad_classical,5,0.115160100
batch_sweep,b100,hybrid,default.qubit,4,2,100,2569,2,forward,5,0.011569000
batch_sweep,b100,hybrid,default.qubit,4,2,100,2569,2,forward_quantum,5,0.008607300
batch_sweep,b100,hybrid,default.qubit,4,2,100,2569,2,forward_classical,5,0.002961700
batch_sweep,b100,hybrid,default.qubit,4,2,100,2569,2,first_grad,5,0.016301500
batch_sweep,b100,hybrid,default.qubit,4,2,100,2569,2,first_grad_quantum,5,0.014539000
batch_sweep,b100,hybrid,default.qubit,4,2,100,2569,2,first_grad_classical,5,0.001762500
batch_sweep,b100,hybrid,default.qubit,4,2,100,2569,2,second_grad,5,0.023575400
batch_sweep,b100,hybrid,default.qubit,4,2,100,2569,2,second_grad_quantum,5,0.017290500
batch_sweep,b100,hybrid,default.qubit,4,2,100,2569,2,second_grad_classical,5,0.006284900
batch_sweep,b100,hybrid,default.qubit,4,2,100,2569,2,param_grad,5,0.050863100
batch_sweep,b100,hybrid,default.qubit,4,2,100,2569,2,param_grad_quantum,5,0.027777100
batch_sweep,b100,hybrid,default.qubit,4,2,100,2569,2,param_grad_classical,5,0.023086000
batch_sweep,b2540,hybrid,default.qubit,4,2,2540,2569,0,forward,5,0.016175600
batch_sweep,b2540,hybrid,default.qubit,4,2,2540,2569,0,forward_quantum,5,0.015371900
batch_sweep,b2540,hybrid,default.qubit,4,2,2540,2569,0,forward_classical,5,0.000803700
batch_sweep,b2540,hybrid,default.qubit,4,2,2540,2569,0,first_grad,5,0.036762900
batch_sweep,b2540,hybrid,default.qubit,4,2,2540,2569,0,first_grad_quantum,5,0.033920900
batch_sweep,b2540,hybrid,default.qubit,4,2,2540,2569,0,first_grad_classical,5,0.002842000
batch_sweep,b2540,hybrid,default.qubit,4,2,2540,2569,0,second_grad,5,0.067183800
batch_sweep,b2540,hybrid,default.qubit,4,2,2540,2569,0,second_grad_quantum,5,0.043052800
batch_sweep,b2540,hybrid,default.qubit,4,2,2540,2569,0,second_grad_classical,5,0.024131000
batch_sweep,b2540,hybrid,default.qubit,4,2,2540,2569,0,param_grad,5,0.130597000
batch_sweep,b2540,hybrid,default.qubit,4,2,2540,2569,0,param_grad_quantum,5,0.060013100
batch_sweep,b2540,hybrid,default.qubit,4,2,2540,2569,0,param_grad_classical,5,0.070583900
batch_sweep,b1000,hybrid,default.qubit,4,2,1000,2569,2,forward,5,0.016787400
batch_sweep,b1000,hybrid,default.qubit,4,2,1000,2569,2,forward_quantum,5,0.016145600
batch_sweep,b1000,hybrid,default.qubit,4,2,1000,2569,2,forward_classical,5,0.000641800
batch_sweep,b1000,hybrid,default.qubit,4,2,1000,2569,2,first_grad,5,0.026530400
batch_sweep,b1000,hybrid,default.qubit,4,2,1000,2569,2,first_grad_quantum,5,0.024346100
batch_sweep,b1000,hybrid,default.qubit,4,2,1000,2569,2,first_grad_classical,5,0.002184300
batch_sweep,b1000,hybrid,default.qubit,4,2,1000,2569,2,second_grad,5,0.048745400
batch_sweep,b1000,hybrid,default.qubit,4,2,1000,2569,2,second_grad_quantum,5,0.032568900
batch_sweep,b1000,hybrid,default.qubit,4,2,1000,2569,2,second_grad_classical,5,0.016176500
batch_sweep,b1000,hybrid,default.qubit,4,2,1000,2569,2,param_grad,5,0.090537000
batch_sweep,b1000,hybrid,default.qubit,4,2,1000,2569,2,param_grad_quantum,5,0.042088400
batch_sweep,b1000,hybrid,default.qubit,4,2,1000,2569,2,param_grad_classical,5,0.048448600
batch_sweep,b100,hybrid,default.qubit,4,2,100,2569,1,forward,5,0.009715800
batch_sweep,b100,hybrid,default.qubit,4,2,100,2569,1,forward_quantum,5,0.009252200
batch_sweep,b100,hybrid,default.qubit,4,2,100,2569,1,forward_classical,5,0.000463600
batch_sweep,b100,hybrid,default.qubit,4,2,100,2569,1,first_grad,5,0.016835100
batch_sweep,b100,hybrid,default.qubit,4,2,100,2569,1,first_grad_quantum,5,0.014833000
batch_sweep,b100,hybrid,default.qubit,4,2,100,2569,1,first_grad_classical,5,0.002002100
batch_sweep,b100,hybrid,default.qubit,4,2,100,2569,1,second_grad,5,0.028752600
batch_sweep,b100,hybrid,default.qubit,4,2,100,2569,1,second_grad_quantum,5,0.020354600
batch_sweep,b100,hybrid,default.qubit,4,2,100,2569,1,second_grad_classical,5,0.008398000
batch_sweep,b100,hybrid,default.qubit,4,2,100,2569,1,param_grad,5,0.052209300
batch_sweep,b100,hybrid,default.qubit,4,2,100,2569,1,param_grad_quantum,5,0.026135600
batch_sweep,b100,hybrid,default.qubit,4,2,100,2569,1,param_grad_classical,5,0.026073700
batch_sweep,b2540,hybrid,default.qubit,4,2,2540,2569,1,forward,5,0.017146100
batch_sweep,b2540,hybrid,default.qubit,4,2,2540,2569,1,forward_quantum,5,0.016151600
batch_sweep,b2540,hybrid,default.qubit,4,2,2540,2569,1,forward_classical,5,0.000994500
batch_sweep,b2540,hybrid,default.qubit,4,2,2540,2569,1,first_grad,5,0.032695400
batch_sweep,b2540,hybrid,default.qubit,4,2,2540,2569,1,first_grad_quantum,5,0.030104800
batch_sweep,b2540,hybrid,default.qubit,4,2,2540,2569,1,first_grad_classical,5,0.002590600
batch_sweep,b2540,hybrid,default.qubit,4,2,2540,2569,1,second_grad,5,0.068197600
batch_sweep,b2540,hybrid,default.qubit,4,2,2540,2569,1,second_grad_quantum,5,0.044945000
batch_sweep,b2540,hybrid,default.qubit,4,2,2540,2569,1,second_grad_classical,5,0.023252600
batch_sweep,b2540,hybrid,default.qubit,4,2,2540,2569,1,param_grad,5,0.142455500
batch_sweep,b2540,hybrid,default.qubit,4,2,2540,2569,1,param_grad_quantum,5,0.068296400
batch_sweep,b2540,hybrid,default.qubit,4,2,2540,2569,1,param_grad_classical,5,0.074159100
batch_sweep,b500,hybrid,default.qubit,4,2,500,2569,0,forward,5,0.015830100
batch_sweep,b500,hybrid,default.qubit,4,2,500,2569,0,forward_quantum,5,0.012931100
batch_sweep,b500,hybrid,default.qubit,4,2,500,2569,0,forward_classical,5,0.002899000
batch_sweep,b500,hybrid,default.qubit,4,2,500,2569,0,first_grad,5,0.028266400
batch_sweep,b500,hybrid,default.qubit,4,2,500,2569,0,first_grad_quantum,5,0.024176300
batch_sweep,b500,hybrid,default.qubit,4,2,500,2569,0,first_grad_classical,5,0.004090100
batch_sweep,b500,hybrid,default.qubit,4,2,500,2569,0,second_grad,5,0.035098800
batch_sweep,b500,hybrid,default.qubit,4,2,500,2569,0,second_grad_quantum,5,0.024581200
batch_sweep,b500,hybrid,default.qubit,4,2,500,2569,0,second_grad_classical,5,0.010517600
batch_sweep,b500,hybrid,default.qubit,4,2,500,2569,0,param_grad,5,0.075269200
batch_sweep,b500,hybrid,default.qubit,4,2,500,2569,0,param_grad_quantum,5,0.036593900
batch_sweep,b500,hybrid,default.qubit,4,2,500,2569,0,param_grad_classical,5,0.038675300
batch_sweep,b500,hybrid,default.qubit,4,2,500,2569,2,forward,5,0.012987400
batch_sweep,b500,hybrid,default.qubit,4,2,500,2569,2,forward_quantum,5,0.012381200
batch_sweep,b500,hybrid,default.qubit,4,2,500,2569,2,forward_classical,5,0.000606200
batch_sweep,b500,hybrid,default.qubit,4,2,500,2569,2,first_grad,5,0.020613700
batch_sweep,b500,hybrid,default.qubit,4,2,500,2569,2,first_grad_quantum,5,0.018680800
batch_sweep,b500,hybrid,default.qubit,4,2,500,2569,2,first_grad_classical,5,0.001932900
batch_sweep,b500,hybrid,default.qubit,4,2,500,2569,2,second_grad,5,0.040613600
batch_sweep,b500,hybrid,default.qubit,4,2,500,2569,2,second_grad_quantum,5,0.028571100
batch_sweep,b500,hybrid,default.qubit,4,2,500,2569,2,second_grad_classical,5,0.012042500
batch_sweep,b500,hybrid,default.qubit,4,2,500,2569,2,param_grad,5,0.073727500
batch_sweep,b500,hybrid,default.qubit,4,2,500,2569,2,param_grad_quantum,5,0.037260100
batch_sweep,b500,hybrid,default.qubit,4,2,500,2569,2,param_grad_classical,5,0.036467400
batch_sweep,b1000,hybrid,default.qubit,4,2,1000,2569,2,forward,6,0.013634900
batch_sweep,b1000,hybrid,default.qubit,4,2,1000,2569,2,forward_quantum,6,0.013056400
batch_sweep,b1000,hybrid,default.qubit,4,2,1000,2569,2,forward_classical,6,0.000578500
batch_sweep,b1000,hybrid,default.qubit,4,2,1000,2569,2,first_grad,6,0.024827200
batch_sweep,b1000,hybrid,default.qubit,4,2,1000,2569,2,first_grad_quantum,6,0.022628100
batch_sweep,b1000,hybrid,default.qubit,4,2,1000,2569,2,first_grad_classical,6,0.002199100
batch_sweep,b1000,hybrid,default.qubit,4,2,1000,2569,2,second_grad,6,0.048715500
batch_sweep,b1000,hybrid,default.qubit,4,2,1000,2569,2,second_grad_quantum,6,0.031873500
batch_sweep,b1000,hybrid,default.qubit,4,2,1000,2569,2,second_grad_classical,6,0.016842000
batch_sweep,b1000,hybrid,default.qubit,4,2,1000,2569,2,param_grad,6,0.096880600
batch_sweep,b1000,hybrid,default.qubit,4,2,1000,2569,2,param_grad_quantum,6,0.043774400
batch_sweep,b1000,hybrid,default.qubit,4,2,1000,2569,2,param_grad_classical,6,0.053106200
batch_sweep,b500,hybrid,default.qubit,4,2,500,2569,2,forward,6,0.014199100
batch_sweep,b500,hybrid,default.qubit,4,2,500,2569,2,forward_quantum,6,0.013478200
batch_sweep,b500,hybrid,default.qubit,4,2,500,2569,2,forward_classical,6,0.000720900
batch_sweep,b500,hybrid,default.qubit,4,2,500,2569,2,first_grad,6,0.022358400
batch_sweep,b500,hybrid,default.qubit,4,2,500,2569,2,first_grad_quantum,6,0.020292100
batch_sweep,b500,hybrid,default.qubit,4,2,500,2569,2,first_grad_classical,6,0.002066300
batch_sweep,b500,hybrid,default.qubit,4,2,500,2569,2,second_grad,6,0.036613300
batch_sweep,b500,hybrid,default.qubit,4,2,500,2569,2,second_grad_quantum,6,0.025386900
batch_sweep,b500,hybrid,default.qubit,4,2,500,2569,2,second_grad_classical,6,0.011226400
batch_sweep,b500,hybrid,default.qubit,4,2,500,2569,2,param_grad,6,0.072545300
batch_sweep,b500,hybrid,default.qubit,4,2,500,2569,2,param_grad_quantum,6,0.035145200
batch_sweep,b500,hybrid,default.qubit,4,2,500,2569,2,param_grad_classical,6,0.037400100
batch_sweep,b100,hybrid,default.qubit,4,2,100,2569,1,forward,6,0.011878800
batch_sweep,b100,hybrid,default.qubit,4,2,100,2569,1,forward_quantum,6,0.011392400
batch_sweep,b100,hybrid,default.qubit,4,2,100,2569,1,forward_classical,6,0.000486400
batch_sweep,b100,hybrid,default.qubit,4,2,100,2569,1,first_grad,6,0.016690900
batch_sweep,b100,hybrid,default.qubit,4,2,100,2569,1,first_grad_quantum,6,0.015059400
batch_sweep,b100,hybrid,default.qubit,4,2,100,2569,1,first_grad_classical,6,0.001631500
batch_sweep,b100,hybrid,default.qubit,4,2,100,2569,1,second_grad,6,0.028774300
batch_sweep,b100,hybrid,default.qubit,4,2,100,2569,1,second_grad_quantum,6,0.020021200
batch_sweep,b100,hybrid,default.qubit,4,2,100,2569,1,second_grad_classical,6,0.008753100
batch_sweep,b100,hybrid,default.qubit,4,2,100,2569,1,param_grad,6,0.047421800
batch_sweep,b100,hybrid,default.qubit,4,2,100,2569,1,param_grad_quantum,6,0.024425500
batch_sweep,b100,hybrid,default.qubit,4,2,100,2569,1,param_grad_classical,6,0.022996300
batch_sweep,b2540,hybrid,default.qubit,4,2,2540,2569,1,forward,6,0.017466800
batch_sweep,b2540,hybrid,default.qubit,4,2,2540,2569,1,forward_quantum,6,0.016533800
batch_sweep,b2540,hybrid,default.qubit,4,2,2540,2569,1,forward_classical,6,0.000933000
batch_sweep,b2540,hybrid,default.qubit,4,2,2540,2569,1,first_grad,6,0.033750100
batch_sweep,b2540,hybrid,default.qubit,4,2,2540,2569,1,first_grad_quantum,6,0.031356500
batch_sweep,b2540,hybrid,default.qubit,4,2,2540,2569,1,first_grad_classical,6,0.002393600
batch_sweep,b2540,hybrid,default.qubit,4,2,2540,2569,1,second_grad,6,0.065747000
batch_sweep,b2540,hybrid,default.qubit,4,2,2540,2569,1,second_grad_quantum,6,0.042892500
batch_sweep,b2540,hybrid,default.qubit,4,2,2540,2569,1,second_grad_classical,6,0.022854500
batch_sweep,b2540,hybrid,default.qubit,4,2,2540,2569,1,param_grad,6,0.131221500
batch_sweep,b2540,hybrid,default.qubit,4,2,2540,2569,1,param_grad_quantum,6,0.058065400
batch_sweep,b2540,hybrid,default.qubit,4,2,2540,2569,1,param_grad_classical,6,0.073156100
batch_sweep,b500,hybrid,default.qubit,4,2,500,2569,0,forward,6,0.012817400
batch_sweep,b500,hybrid,default.qubit,4,2,500,2569,0,forward_quantum,6,0.012161500
batch_sweep,b500,hybrid,default.qubit,4,2,500,2569,0,forward_classical,6,0.000655900
batch_sweep,b500,hybrid,default.qubit,4,2,500,2569,0,first_grad,6,0.022911700
batch_sweep,b500,hybrid,default.qubit,4,2,500,2569,0,first_grad_quantum,6,0.020153500
batch_sweep,b500,hybrid,default.qubit,4,2,500,2569,0,first_grad_classical,6,0.002758200
batch_sweep,b500,hybrid,default.qubit,4,2,500,2569,0,second_grad,6,0.039595000
batch_sweep,b500,hybrid,default.qubit,4,2,500,2569,0,second_grad_quantum,6,0.026503700
batch_sweep,b500,hybrid,default.qubit,4,2,500,2569,0,second_grad_classical,6,0.013091300
batch_sweep,b500,hybrid,default.qubit,4,2,500,2569,0,param_grad,6,0.077864800
batch_sweep,b500,hybrid,default.qubit,4,2,500,2569,0,param_grad_quantum,6,0.036532400
batch_sweep,b500,hybrid,default.qubit,4,2,500,2569,0,param_grad_classical,6,0.041332400
batch_sweep,b500,hybrid,default.qubit,4,2,500,2569,1,forward,6,0.012659700
batch_sweep,b500,hybrid,default.qubit,4,2,500,2569,1,forward_quantum,6,0.012074400
batch_sweep,b500,hybrid,default.qubit,4,2,500,2569,1,forward_classical,6,0.000585300
batch_sweep,b500,hybrid,default.qubit,4,2,500,2569,1,first_grad,6,0.018749300
batch_sweep,b500,hybrid,default.qubit,4,2,500,2569,1,first_grad_quantum,6,0.017039200
batch_sweep,b500,hybrid,default.qubit,4,2,500,2569,1,first_grad_classical,6,0.001710100
batch_sweep,b500,hybrid,default.qubit,4,2,500,2569,1,second_grad,6,0.033731600
batch_sweep,b500,hybrid,default.qubit,4,2,500,2569,1,second_grad_quantum,6,0.024050000
batch_sweep,b500,hybrid,default.qubit,4,2,500,2569,1,second_grad_classical,6,0.009681600
batch_sweep,b500,hybrid,default.qubit,4,2,500,2569,1,param_grad,6,0.075132200
batch_sweep,b500,hybrid,default.qubit,4,2,500,2569,1,param_grad_quantum,6,0.035236000
batch_sweep,b500,hybrid,default.qubit,4,2,500,2569,1,param_grad_classical,6,0.039896200
batch_sweep,b100,hybrid,default.qubit,4,2,100,2569,2,forward,6,0.010712800
batch_sweep,b100,hybrid,default.qubit,4,2,100,2569,2,forward_quantum,6,0.010180000
batch_sweep,b100,hybrid,default.qubit,4,2,100,2569,2,forward_classical,6,0.000532800
batch_sweep,b100,hybrid,default.qubit,4,2,100,2569,2,first_grad,6,0.017036800
batch_sweep,b100,hybrid,default.qubit,4,2,100,2569,2,first_grad_quantum,6,0.015272200
batch_sweep,b100,hybrid,default.qubit,4,2,100,2569,2,first_grad_classical,6,0.001764600
batch_sweep,b100,hybrid,default.qubit,4,2,100,2569,2,second_grad,6,0.025418500
batch_sweep,b100,hybrid,default.qubit,4,2,100,2569,2,second_grad_quantum,6,0.017883500
batch_sweep,b100,hybrid,default.qubit,4,2,100,2569,2,second_grad_classical,6,0.007535000
batch_sweep,b100,hybrid,default.qubit,4,2,100,2569,2,param_grad,6,0.051934600
batch_sweep,b100,hybrid,default.qubit,4,2,100,2569,2,param_grad_quantum,6,0.026253400
batch_sweep,b100,hybrid,default.qubit,4,2,100,2569,2,param_grad_classical,6,0.025681200
batch_sweep,b1000,hybrid,default.qubit,4,2,1000,2569,1,forward,6,0.014598900
batch_sweep,b1000,hybrid,default.qubit,4,2,1000,2569,1,forward_quantum,6,0.013894200
batch_sweep,b1000,hybrid,default.qubit,4,2,1000,2569,1,forward_classical,6,0.000704700
batch_sweep,b1000,hybrid,default.qubit,4,2,1000,2569,1,first_grad,6,0.027116100
batch_sweep,b1000,hybrid,default.qubit,4,2,1000,2569,1,first_grad_quantum,6,0.024828200
batch_sweep,b1000,hybrid,default.qubit,4,2,1000,2569,1,first_grad_classical,6,0.002287900
batch_sweep,b1000,hybrid,default.qubit,4,2,1000,2569,1,second_grad,6,0.049154000
batch_sweep,b1000,hybrid,default.qubit,4,2,1000,2569,1,second_grad_quantum,6,0.032616800
batch_sweep,b1000,hybrid,default.qubit,4,2,1000,2569,1,second_grad_classical,6,0.016537200
batch_sweep,b1000,hybrid,default.qubit,4,2,1000,2569,1,param_grad,6,0.096336600
batch_sweep,b1000,hybrid,default.qubit,4,2,1000,2569,1,param_grad_quantum,6,0.042431800
batch_sweep,b1000,hybrid,default.qubit,4,2,1000,2569,1,param_grad_classical,6,0.053904800
batch_sweep,b5000,hybrid,default.qubit,4,2,5000,2569,2,forward,6,0.020696800
batch_sweep,b5000,hybrid,default.qubit,4,2,5000,2569,2,forward_quantum,6,0.019683800
batch_sweep,b5000,hybrid,default.qubit,4,2,5000,2569,2,forward_classical,6,0.001013000
batch_sweep,b5000,hybrid,default.qubit,4,2,5000,2569,2,first_grad,6,0.045256000
batch_sweep,b5000,hybrid,default.qubit,4,2,5000,2569,2,first_grad_quantum,6,0.041838400
batch_sweep,b5000,hybrid,default.qubit,4,2,5000,2569,2,first_grad_classical,6,0.003417600
batch_sweep,b5000,hybrid,default.qubit,4,2,5000,2569,2,second_grad,6,0.089974800
batch_sweep,b5000,hybrid,default.qubit,4,2,5000,2569,2,second_grad_quantum,6,0.056783000
batch_sweep,b5000,hybrid,default.qubit,4,2,5000,2569,2,second_grad_classical,6,0.033191800
batch_sweep,b5000,hybrid,default.qubit,4,2,5000,2569,2,param_grad,6,0.198861400
batch_sweep,b5000,hybrid,default.qubit,4,2,5000,2569,2,param_grad_quantum,6,0.081958800
batch_sweep,b5000,hybrid,default.qubit,4,2,5000,2569,2,param_grad_classical,6,0.116902600
batch_sweep,b5000,hybrid,default.qubit,4,2,5000,2569,1,forward,6,0.020811100
batch_sweep,b5000,hybrid,default.qubit,4,2,5000,2569,1,forward_quantum,6,0.019778100
batch_sweep,b5000,hybrid,default.qubit,4,2,5000,2569,1,forward_classical,6,0.001033000
batch_sweep,b5000,hybrid,default.qubit,4,2,5000,2569,1,first_grad,6,0.044253900
batch_sweep,b5000,hybrid,default.qubit,4,2,5000,2569,1,first_grad_quantum,6,0.039210000
batch_sweep,b5000,hybrid,default.qubit,4,2,5000,2569,1,first_grad_classical,6,0.005043900
batch_sweep,b5000,hybrid,default.qubit,4,2,5000,2569,1,second_grad,6,0.088549700
batch_sweep,b5000,hybrid,default.qubit,4,2,5000,2569,1,second_grad_quantum,6,0.056179400
batch_sweep,b5000,hybrid,default.qubit,4,2,5000,2569,1,second_grad_classical,6,0.032370300
batch_sweep,b5000,hybrid,default.qubit,4,2,5000,2569,1,param_grad,6,0.196246800
batch_sweep,b5000,hybrid,default.qubit,4,2,5000,2569,1,param_grad_quantum,6,0.084470800
batch_sweep,b5000,hybrid,default.qubit,4,2,5000,2569,1,param_grad_classical,6,0.111776000
batch_sweep,b100,hybrid,default.qubit,4,2,100,2569,0,forward,6,0.016073200
batch_sweep,b100,hybrid,default.qubit,4,2,100,2569,0,forward_quantum,6,0.012633600
batch_sweep,b100,hybrid,default.qubit,4,2,100,2569,0,forward_classical,6,0.003439600
batch_sweep,b100,hybrid,default.qubit,4,2,100,2569,0,first_grad,6,0.017255800
batch_sweep,b100,hybrid,default.qubit,4,2,100,2569,0,first_grad_quantum,6,0.015462900
batch_sweep,b100,hybrid,default.qubit,4,2,100,2569,0,first_grad_classical,6,0.001792900
batch_sweep,b100,hybrid,default.qubit,4,2,100,2569,0,second_grad,6,0.028266200
batch_sweep,b100,hybrid,default.qubit,4,2,100,2569,0,second_grad_quantum,6,0.019769000
batch_sweep,b100,hybrid,default.qubit,4,2,100,2569,0,second_grad_classical,6,0.008497200
batch_sweep,b100,hybrid,default.qubit,4,2,100,2569,0,param_grad,6,0.058766000
batch_sweep,b100,hybrid,default.qubit,4,2,100,2569,0,param_grad_quantum,6,0.028820200
batch_sweep,b100,hybrid,default.qubit,4,2,100,2569,0,param_grad_classical,6,0.029945800
batch_sweep,b2540,hybrid,default.qubit,4,2,2540,2569,2,forward,6,0.017858100
batch_sweep,b2540,hybrid,default.qubit,4,2,2540,2569,2,forward_quantum,6,0.016720900
batch_sweep,b2540,hybrid,default.qubit,4,2,2540,2569,2,forward_classical,6,0.001137200
batch_sweep,b2540,hybrid,default.qubit,4,2,2540,2569,2,first_grad,6,0.038473000
batch_sweep,b2540,hybrid,default.qubit,4,2,2540,2569,2,first_grad_quantum,6,0.035751800
batch_sweep,b2540,hybrid,default.qubit,4,2,2540,2569,2,first_grad_classical,6,0.002721200
batch_sweep,b2540,hybrid,default.qubit,4,2,2540,2569,2,second_grad,6,0.071282400
batch_sweep,b2540,hybrid,default.qubit,4,2,2540,2569,2,second_grad_quantum,6,0.046485100
batch_sweep,b2540,hybrid,default.qubit,4,2,2540,2569,2,second_grad_classical,6,0.024797300
batch_sweep,b2540,hybrid,default.qubit,4,2,2540,2569,2,param_grad,6,0.137499900
batch_sweep,b2540,hybrid,default.qubit,4,2,2540,2569,2,param_grad_quantum,6,0.061452200
batch_sweep,b2540,hybrid,default.qubit,4,2,2540,2569,2,param_grad_classical,6,0.076047700
batch_sweep,b2540,hybrid,default.qubit,4,2,2540,2569,0,forward,6,0.016692100
batch_sweep,b2540,hybrid,default.qubit,4,2,2540,2569,0,forward_quantum,6,0.015782900
batch_sweep,b2540,hybrid,default.qubit,4,2,2540,2569,0,forward_classical,6,0.000909200
batch_sweep,b2540,hybrid,default.qubit,4,2,2540,2569,0,first_grad,6,0.036162700
batch_sweep,b2540,hybrid,default.qubit,4,2,2540,2569,0,first_grad_quantum,6,0.029484000
batch_sweep,b2540,hybrid,default.qubit,4,2,2540,2569,0,first_grad_classical,6,0.006678700
batch_sweep,b2540,hybrid,default.qubit,4,2,2540,2569,0,second_grad,6,0.069915400
batch_sweep,b2540,hybrid,default.qubit,4,2,2540,2569,0,second_grad_quantum,6,0.047766200
batch_sweep,b2540,hybrid,default.qubit,4,2,2540,2569,0,second_grad_classical,6,0.022149200
batch_sweep,b2540,hybrid,default.qubit,4,2,2540,2569,0,param_grad,6,0.131245300
batch_sweep,b2540,hybrid,default.qubit,4,2,2540,2569,0,param_grad_quantum,6,0.057711800
batch_sweep,b2540,hybrid,default.qubit,4,2,2540,2569,0,param_grad_classical,6,0.073533500
batch_sweep,b1000,hybrid,default.qubit,4,2,1000,2569,0,forward,6,0.013880600
batch_sweep,b1000,hybrid,default.qubit,4,2,1000,2569,0,forward_quantum,6,0.013242300
batch_sweep,b1000,hybrid,default.qubit,4,2,1000,2569,0,forward_classical,6,0.000638300
batch_sweep,b1000,hybrid,default.qubit,4,2,1000,2569,0,first_grad,6,0.020850300
batch_sweep,b1000,hybrid,default.qubit,4,2,1000,2569,0,first_grad_quantum,6,0.019127100
batch_sweep,b1000,hybrid,default.qubit,4,2,1000,2569,0,first_grad_classical,6,0.001723200
batch_sweep,b1000,hybrid,default.qubit,4,2,1000,2569,0,second_grad,6,0.048438200
batch_sweep,b1000,hybrid,default.qubit,4,2,1000,2569,0,second_grad_quantum,6,0.030621400
batch_sweep,b1000,hybrid,default.qubit,4,2,1000,2569,0,second_grad_classical,6,0.017816800
batch_sweep,b1000,hybrid,default.qubit,4,2,1000,2569,0,param_grad,6,0.096167300
batch_sweep,b1000,hybrid,default.qubit,4,2,1000,2569,0,param_grad_quantum,6,0.044294300
batch_sweep,b1000,hybrid,default.qubit,4,2,1000,2569,0,param_grad_classical,6,0.051873000
batch_sweep,b5000,hybrid,default.qubit,4,2,5000,2569,0,forward,6,0.020488600
batch_sweep,b5000,hybrid,default.qubit,4,2,5000,2569,0,forward_quantum,6,0.019486400
batch_sweep,b5000,hybrid,default.qubit,4,2,5000,2569,0,forward_classical,6,0.001002200
batch_sweep,b5000,hybrid,default.qubit,4,2,5000,2569,0,first_grad,6,0.045057700
batch_sweep,b5000,hybrid,default.qubit,4,2,5000,2569,0,first_grad_quantum,6,0.041813500
batch_sweep,b5000,hybrid,default.qubit,4,2,5000,2569,0,first_grad_classical,6,0.003244200
batch_sweep,b5000,hybrid,default.qubit,4,2,5000,2569,0,second_grad,6,0.084664900
batch_sweep,b5000,hybrid,default.qubit,4,2,5000,2569,0,second_grad_quantum,6,0.053607100
batch_sweep,b5000,hybrid,default.qubit,4,2,5000,2569,0,second_grad_classical,6,0.031057800
batch_sweep,b5000,hybrid,default.qubit,4,2,5000,2569,0,param_grad,6,0.177579500
batch_sweep,b5000,hybrid,default.qubit,4,2,5000,2569,0,param_grad_quantum,6,0.074327800
batch_sweep,b5000,hybrid,default.qubit,4,2,5000,2569,0,param_grad_classical,6,0.103251700
batch_sweep,b100,hybrid,default.qubit,4,2,100,2569,0,forward,7,0.011712900
batch_sweep,b100,hybrid,default.qubit,4,2,100,2569,0,forward_quantum,7,0.011052800
batch_sweep,b100,hybrid,default.qubit,4,2,100,2569,0,forward_classical,7,0.000660100
batch_sweep,b100,hybrid,default.qubit,4,2,100,2569,0,first_grad,7,0.017150700
batch_sweep,b100,hybrid,default.qubit,4,2,100,2569,0,first_grad_quantum,7,0.015389700
batch_sweep,b100,hybrid,default.qubit,4,2,100,2569,0,first_grad_classical,7,0.001761000
batch_sweep,b100,hybrid,default.qubit,4,2,100,2569,0,second_grad,7,0.027695900
batch_sweep,b100,hybrid,default.qubit,4,2,100,2569,0,second_grad_quantum,7,0.020092200
batch_sweep,b100,hybrid,default.qubit,4,2,100,2569,0,second_grad_classical,7,0.007603700
batch_sweep,b100,hybrid,default.qubit,4,2,100,2569,0,param_grad,7,0.055346900
batch_sweep,b100,hybrid,default.qubit,4,2,100,2569,0,param_grad_quantum,7,0.027575500
batch_sweep,b100,hybrid,default.qubit,4,2,100,2569,0,param_grad_classical,7,0.027771400
batch_sweep,b100,hybrid,default.qubit,4,2,100,2569,1,forward,7,0.010588900
batch_sweep,b100,hybrid,default.qubit,4,2,100,2569,1,forward_quantum,7,0.009963800
batch_sweep,b100,hybrid,default.qubit,4,2,100,2569,1,forward_classical,7,0.000625100
batch_sweep,b100,hybrid,default.qubit,4,2,100,2569,1,first_grad,7,0.017316700
batch_sweep,b100,hybrid,default.qubit,4,2,100,2569,1,first_grad_quantum,7,0.015308900
batch_sweep,b100,hybrid,default.qubit,4,2,100,2569,1,first_grad_classical,7,0.002007800
batch_sweep,b100,hybrid,default.qubit,4,2,100,2569,1,second_grad,7,0.028161500
batch_sweep,b100,hybrid,default.qubit,4,2,100,2569,1,second_grad_quantum,7,0.019700300
batch_sweep,b100,hybrid,default.qubit,4,2,100,2569,1,second_grad_classical,7,0.008461200
batch_sweep,b100,hybrid,default.qubit,4,2,100,2569,1,param_grad,7,0.053590600
batch_sweep,b100,hybrid,default.qubit,4,2,100,2569,1,param_grad_quantum,7,0.027250400
batch_sweep,b100,hybrid,default.qubit,4,2,100,2569,1,param_grad_classical,7,0.026340200
batch_sweep,b1000,hybrid,default.qubit,4,2,1000,2569,0,forward,7,0.013742800
batch_sweep,b1000,hybrid,default.qubit,4,2,1000,2569,0,forward_quantum,7,0.013029700
batch_sweep,b1000,hybrid,default.qubit,4,2,1000,2569,0,forward_classical,7,0.000713100
batch_sweep,b1000,hybrid,default.qubit,4,2,1000,2569,0,first_grad,7,0.026914300
batch_sweep,b1000,hybrid,default.qubit,4,2,1000,2569,0,first_grad_quantum,7,0.024509600
batch_sweep,b1000,hybrid,default.qubit,4,2,1000,2569,0,first_grad_classical,7,0.002404700
batch_sweep,b1000,hybrid,default.qubit,4,2,1000,2569,0,second_grad,7,0.051562800
batch_sweep,b1000,hybrid,default.qubit,4,2,1000,2569,0,second_grad_quantum,7,0.034213700
batch_sweep,b1000,hybrid,default.qubit,4,2,1000,2569,0,second_grad_classical,7,0.017349100
batch_sweep,b1000,hybrid,default.qubit,4,2,1000,2569,0,param_grad,7,0.104936500
batch_sweep,b1000,hybrid,default.qubit,4,2,1000,2569,0,param_grad_quantum,7,0.046044900
batch_sweep,b1000,hybrid,default.qubit,4,2,1000,2569,0,param_grad_classical,7,0.058891600
batch_sweep,b1000,hybrid,default.qubit,4,2,1000,2569,1,forward,7,0.019120500
batch_sweep,b1000,hybrid,default.qubit,4,2,1000,2569,1,forward_quantum,7,0.018468600
batch_sweep,b1000,hybrid,default.qubit,4,2,1000,2569,1,forward_classical,7,0.000651900
batch_sweep,b1000,hybrid,default.qubit,4,2,1000,2569,1,first_grad,7,0.026322900
batch_sweep,b1000,hybrid,default.qubit,4,2,1000,2569,1,first_grad_quantum,7,0.024123800
batch_sweep,b1000,hybrid,default.qubit,4,2,1000,2569,1,first_grad_classical,7,0.002199100
batch_sweep,b1000,hybrid,default.qubit,4,2,1000,2569,1,second_grad,7,0.047009500
batch_sweep,b1000,hybrid,default.qubit,4,2,1000,2569,1,second_grad_quantum,7,0.031778600
batch_sweep,b1000,hybrid,default.qubit,4,2,1000,2569,1,second_grad_classical,7,0.015230900
batch_sweep,b1000,hybrid,default.qubit,4,2,1000,2569,1,param_grad,7,0.094492300
batch_sweep,b1000,hybrid,default.qubit,4,2,1000,2569,1,param_grad_quantum,7,0.042917800
batch_sweep,b1000,hybrid,default.qubit,4,2,1000,2569,1,param_grad_classical,7,0.051574500
batch_sweep,b5000,hybrid,default.qubit,4,2,5000,2569,1,forward,7,0.019735600
batch_sweep,b5000,hybrid,default.qubit,4,2,5000,2569,1,forward_quantum,7,0.018687600
batch_sweep,b5000,hybrid,default.qubit,4,2,5000,2569,1,forward_classical,7,0.001048000
batch_sweep,b5000,hybrid,default.qubit,4,2,5000,2569,1,first_grad,7,0.046090700
batch_sweep,b5000,hybrid,default.qubit,4,2,5000,2569,1,first_grad_quantum,7,0.043331800
batch_sweep,b5000,hybrid,default.qubit,4,2,5000,2569,1,first_grad_classical,7,0.002758900
batch_sweep,b5000,hybrid,default.qubit,4,2,5000,2569,1,second_grad,7,0.089828100
batch_sweep,b5000,hybrid,default.qubit,4,2,5000,2569,1,second_grad_quantum,7,0.058400400
batch_sweep,b5000,hybrid,default.qubit,4,2,5000,2569,1,second_grad_classical,7,0.031427700
batch_sweep,b5000,hybrid,default.qubit,4,2,5000,2569,1,param_grad,7,0.208353700
batch_sweep,b5000,hybrid,default.qubit,4,2,5000,2569,1,param_grad_quantum,7,0.083968700
batch_sweep,b5000,hybrid,default.qubit,4,2,5000,2569,1,param_grad_classical,7,0.124385000
batch_sweep,b500,hybrid,default.qubit,4,2,500,2569,0,forward,7,0.015046100
batch_sweep,b500,hybrid,default.qubit,4,2,500,2569,0,forward_quantum,7,0.012120200
batch_sweep,b500,hybrid,default.qubit,4,2,500,2569,0,forward_classical,7,0.002925900
batch_sweep,b500,hybrid,default.qubit,4,2,500,2569,0,first_grad,7,0.022190400
batch_sweep,b500,hybrid,default.qubit,4,2,500,2569,0,first_grad_quantum,7,0.020045200
batch_sweep,b500,hybrid,default.qubit,4,2,500,2569,0,first_grad_classical,7,0.002145200
batch_sweep,b500,hybrid,default.qubit,4,2,500,2569,0,second_grad,7,0.041784300
batch_sweep,b500,hybrid,default.qubit,4,2,500,2569,0,second_grad_quantum,7,0.028787500
batch_sweep,b500,hybrid,default.qubit,4,2,500,2569,0,second_grad_classical,7,0.012996800
batch_sweep,b500,hybrid,default.qubit,4,2,500,2569,0,param_grad,7,0.074599800
batch_sweep,b500,hybrid,default.qubit,4,2,500,2569,0,param_grad_quantum,7,0.035794700
batch_sweep,b500,hybrid,default.qubit,4,2,500,2569,0,param_grad_classical,7,0.038805100
batch_sweep,b2540,hybrid,default.qubit,4,2,2540,2569,2,forward,7,0.016539400
batch_sweep,b2540,hybrid,default.qubit,4,2,2540,2569,2,forward_quantum,7,0.015642300
batch_sweep,b2540,hybrid,default.qubit,4,2,2540,2569,2,forward_classical,7,0.000897100
batch_sweep,b2540,hybrid,default.qubit,4,2,2540,2569,2,first_grad,7,0.036614100
batch_sweep,b2540,hybrid,default.qubit,4,2,2540,2569,2,first_grad_quantum,7,0.032216700
batch_sweep,b2540,hybrid,default.qubit,4,2,2540,2569,2,first_grad_classical,7,0.004397400
batch_sweep,b2540,hybrid,default.qubit,4,2,2540,2569,2,second_grad,7,0.068407900
batch_sweep,b2540,hybrid,default.qubit,4,2,2540,2569,2,second_grad_quantum,7,0.043442900
batch_sweep,b2540,hybrid,default.qubit,4,2,2540,2569,2,second_grad_classical,7,0.024965000
batch_sweep,b2540,hybrid,default.qubit,4,2,2540,2569,2,param_grad,7,0.130230800
batch_sweep,b2540,hybrid,default.qubit,4,2,2540,2569,2,param_grad_quantum,7,0.059575900
batch_sweep,b2540,hybrid,default.qubit,4,2,2540,2569,2,param_grad_classical,7,0.070654900
batch_sweep,b2540,hybrid,default.qubit,4,2,2540,2569,0,forward,7,0.016361000
batch_sweep,b2540,hybrid,default.qubit,4,2,2540,2569,0,forward_quantum,7,0.015587300
batch_sweep,b2540,hybrid,default.qubit,4,2,2540,2569,0,forward_classical,7,0.000773700
batch_sweep,b2540,hybrid,default.qubit,4,2,2540,2569,0,first_grad,7,0.028362500
batch_sweep,b2540,hybrid,default.qubit,4,2,2540,2569,0,first_grad_quantum,7,0.026123700
batch_sweep,b2540,hybrid,default.qubit,4,2,2540,2569,0,first_grad_classical,7,0.002238800
batch_sweep,b2540,hybrid,default.qubit,4,2,2540,2569,0,second_grad,7,0.062776600
batch_sweep,b2540,hybrid,default.qubit,4,2,2540,2569,0,second_grad_quantum,7,0.040650700
batch_sweep,b2540,hybrid,default.qubit,4,2,2540,2569,0,second_grad_classical,7,0.022125900
batch_sweep,b2540,hybrid,default.qubit,4,2,2540,2569,0,param_grad,7,0.128678900
batch_sweep,b2540,hybrid,default.qubit,4,2,2540,2569,0,param_grad_quantum,7,0.057837800
batch_sweep,b2540,hybrid,default.qubit,4,2,2540,2569,0,param_grad_classical,7,0.070841100
batch_sweep,b5000,hybrid,default.qubit,4,2,5000,2569,0,forward,7,0.022427300
batch_sweep,b5000,hybrid,default.qubit,4,2,5000,2569,0,forward_quantum,7,0.018561100
batch_sweep,b5000,hybrid,default.qubit,4,2,5000,2569,0,forward_classical,7,0.003866200
batch_sweep,b5000,hybrid,default.qubit,4,2,5000,2569,0,first_grad,7,0.043847100
batch_sweep,b5000,hybrid,default.qubit,4,2,5000,2569,0,first_grad_quantum,7,0.039400600
batch_sweep,b5000,hybrid,default.qubit,4,2,5000,2569,0,first_grad_classical,7,0.004446500
batch_sweep,b5000,hybrid,default.qubit,4,2,5000,2569,0,second_grad,7,0.086803000
batch_sweep,b5000,hybrid,default.qubit,4,2,5000,2569,0,second_grad_quantum,7,0.055131400
batch_sweep,b5000,hybrid,default.qubit,4,2,5000,2569,0,second_grad_classical,7,0.031671600
batch_sweep,b5000,hybrid,default.qubit,4,2,5000,2569,0,param_grad,7,0.187337400
batch_sweep,b5000,hybrid,default.qubit,4,2,5000,2569,0,param_grad_quantum,7,0.077824600
batch_sweep,b5000,hybrid,default.qubit,4,2,5000,2569,0,param_grad_classical,7,0.109512800
batch_sweep,b1000,hybrid,default.qubit,4,2,1000,2569,2,forward,7,0.013817400
batch_sweep,b1000,hybrid,default.qubit,4,2,1000,2569,2,forward_quantum,7,0.013130200
batch_sweep,b1000,hybrid,default.qubit,4,2,1000,2569,2,forward_classical,7,0.000687200
batch_sweep,b1000,hybrid,default.qubit,4,2,1000,2569,2,first_grad,7,0.025861900
batch_sweep,b1000,hybrid,default.qubit,4,2,1000,2569,2,first_grad_quantum,7,0.023714900
batch_sweep,b1000,hybrid,default.qubit,4,2,1000,2569,2,first_grad_classical,7,0.002147000
batch_sweep,b1000,hybrid,default.qubit,4,2,1000,2569,2,second_grad,7,0.044253600
batch_sweep,b1000,hybrid,default.qubit,4,2,1000,2569,2,second_grad_quantum,7,0.031111800
batch_sweep,b1000,hybrid,default.qubit,4,2,1000,2569,2,second_grad_classical,7,0.013141800
batch_sweep,b1000,hybrid,default.qubit,4,2,1000,2569,2,param_grad,7,0.100276100
batch_sweep,b1000,hybrid,default.qubit,4,2,1000,2569,2,param_grad_quantum,7,0.046016300
batch_sweep,b1000,hybrid,default.qubit,4,2,1000,2569,2,param_grad_classical,7,0.054259800
batch_sweep,b500,hybrid,default.qubit,4,2,500,2569,1,forward,7,0.014474000
batch_sweep,b500,hybrid,default.qubit,4,2,500,2569,1,forward_quantum,7,0.012326400
batch_sweep,b500,hybrid,default.qubit,4,2,500,2569,1,forward_classical,7,0.002147600
batch_sweep,b500,hybrid,default.qubit,4,2,500,2569,1,first_grad,7,0.020096400
batch_sweep,b500,hybrid,default.qubit,4,2,500,2569,1,first_grad_quantum,7,0.018256600
batch_sweep,b500,hybrid,default.qubit,4,2,500,2569,1,first_grad_classical,7,0.001839800
batch_sweep,b500,hybrid,default.qubit,4,2,500,2569,1,second_grad,7,0.036105600
batch_sweep,b500,hybrid,default.qubit,4,2,500,2569,1,second_grad_quantum,7,0.025191500
batch_sweep,b500,hybrid,default.qubit,4,2,500,2569,1,second_grad_classical,7,0.010914100
batch_sweep,b500,hybrid,default.qubit,4,2,500,2569,1,param_grad,7,0.075458900
batch_sweep,b500,hybrid,default.qubit,4,2,500,2569,1,param_grad_quantum,7,0.036011600
batch_sweep,b500,hybrid,default.qubit,4,2,500,2569,1,param_grad_classical,7,0.039447300
batch_sweep,b100,hybrid,default.qubit,4,2,100,2569,2,forward,7,0.010777000
batch_sweep,b100,hybrid,default.qubit,4,2,100,2569,2,forward_quantum,7,0.010006400
batch_sweep,b100,hybrid,default.qubit,4,2,100,2569,2,forward_classical,7,0.000770600
batch_sweep,b100,hybrid,default.qubit,4,2,100,2569,2,first_grad,7,0.016716800
batch_sweep,b100,hybrid,default.qubit,4,2,100,2569,2,first_grad_quantum,7,0.014795600
batch_sweep,b100,hybrid,default.qubit,4,2,100,2569,2,first_grad_classical,7,0.001921200
batch_sweep,b100,hybrid,default.qubit,4,2,100,2569,2,second_grad,7,0.027018500
batch_sweep,b100,hybrid,default.qubit,4,2,100,2569,2,second_grad_quantum,7,0.018610200
batch_sweep,b100,hybrid,default.qubit,4,2,100,2569,2,second_grad_classical,7,0.008408300
batch_sweep,b100,hybrid,default.qubit,4,2,100,2569,2,param_grad,7,0.054707200
batch_sweep,b100,hybrid,default.qubit,4,2,100,2569,2,param_grad_quantum,7,0.027954400
batch_sweep,b100,hybrid,default.qubit,4,2,100,2569,2,param_grad_classical,7,0.026752800
batch_sweep,b2540,hybrid,default.qubit,4,2,2540,2569,1,forward,7,0.019052000
batch_sweep,b2540,hybrid,default.qubit,4,2,2540,2569,1,forward_quantum,7,0.018058200
batch_sweep,b2540,hybrid,default.qubit,4,2,2540,2569,1,forward_classical,7,0.000993800
batch_sweep,b2540,hybrid,default.qubit,4,2,2540,2569,1,first_grad,7,0.033629700
batch_sweep,b2540,hybrid,default.qubit,4,2,2540,2569,1,first_grad_quantum,7,0.030767600
batch_sweep,b2540,hybrid,default.qubit,4,2,2540,2569,1,first_grad_classical,7,0.002862100
batch_sweep,b2540,hybrid,default.qubit,4,2,2540,2569,1,second_grad,7,0.065475700
batch_sweep,b2540,hybrid,default.qubit,4,2,2540,2569,1,second_grad_quantum,7,0.042260300
batch_sweep,b2540,hybrid,default.qubit,4,2,2540,2569,1,second_grad_classical,7,0.023215400
batch_sweep,b2540,hybrid,default.qubit,4,2,2540,2569,1,param_grad,7,0.136479300
batch_sweep,b2540,hybrid,default.qubit,4,2,2540,2569,1,param_grad_quantum,7,0.063319100
batch_sweep,b2540,hybrid,default.qubit,4,2,2540,2569,1,param_grad_classical,7,0.073160200
batch_sweep,b500,hybrid,default.qubit,4,2,500,2569,2,forward,7,0.018984900
batch_sweep,b500,hybrid,default.qubit,4,2,500,2569,2,forward_quantum,7,0.012609600
batch_sweep,b500,hybrid,default.qubit,4,2,500,2569,2,forward_classical,7,0.006375300
batch_sweep,b500,hybrid,default.qubit,4,2,500,2569,2,first_grad,7,0.024701700
batch_sweep,b500,hybrid,default.qubit,4,2,500,2569,2,first_grad_quantum,7,0.022548500
batch_sweep,b500,hybrid,default.qubit,4,2,500,2569,2,first_grad_classical,7,0.002153200
batch_sweep,b500,hybrid,default.qubit,4,2,500,2569,2,second_grad,7,0.037660600
batch_sweep,b500,hybrid,default.qubit,4,2,500,2569,2,second_grad_quantum,7,0.026319900
batch_sweep,b500,hybrid,default.qubit,4,2,500,2569,2,second_grad_classical,7,0.011340700
batch_sweep,b500,hybrid,default.qubit,4,2,500,2569,2,param_grad,7,0.076207500
batch_sweep,b500,hybrid,default.qubit,4,2,500,2569,2,param_grad_quantum,7,0.036817600
batch_sweep,b500,hybrid,default.qubit,4,2,500,2569,2,param_grad_classical,7,0.039389900
batch_sweep,b5000,hybrid,default.qubit,4,2,5000,2569,2,forward,7,0.019007300
batch_sweep,b5000,hybrid,default.qubit,4,2,5000,2569,2,forward_quantum,7,0.018022900
batch_sweep,b5000,hybrid,default.qubit,4,2,5000,2569,2,forward_classical,7,0.000984400
batch_sweep,b5000,hybrid,default.qubit,4,2,5000,2569,2,first_grad,7,0.044680900
batch_sweep,b5000,hybrid,default.qubit,4,2,5000,2569,2,first_grad_quantum,7,0.041158100
batch_sweep,b5000,hybrid,default.qubit,4,2,5000,2569,2,first_grad_classical,7,0.003522800
batch_sweep,b5000,hybrid,default.qubit,4,2,5000,2569,2,second_grad,7,0.089649000
batch_sweep,b5000,hybrid,default.qubit,4,2,5000,2569,2,second_grad_quantum,7,0.058248100
batch_sweep,b5000,hybrid,default.qubit,4,2,5000,2569,2,second_grad_classical,7,0.031400900
batch_sweep,b5000,hybrid,default.qubit,4,2,5000,2569,2,param_grad,7,0.194454100
batch_sweep,b5000,hybrid,default.qubit,4,2,5000,2569,2,param_grad_quantum,7,0.078025300
batch_sweep,b5000,hybrid,default.qubit,4,2,5000,2569,2,param_grad_classical,7,0.116428800
batch_sweep,b500,hybrid,default.qubit,4,2,500,2569,1,forward,8,0.019024600
batch_sweep,b500,hybrid,default.qubit,4,2,500,2569,1,forward_quantum,8,0.018332600
batch_sweep,b500,hybrid,default.qubit,4,2,500,2569,1,forward_classical,8,0.000692000
batch_sweep,b500,hybrid,default.qubit,4,2,500,2569,1,first_grad,8,0.024897000
batch_sweep,b500,hybrid,default.qubit,4,2,500,2569,1,first_grad_quantum,8,0.020377600
batch_sweep,b500,hybrid,default.qubit,4,2,500,2569,1,first_grad_classical,8,0.004519400
batch_sweep,b500,hybrid,default.qubit,4,2,500,2569,1,second_grad,8,0.034708000
batch_sweep,b500,hybrid,default.qubit,4,2,500,2569,1,second_grad_quantum,8,0.024409100
batch_sweep,b500,hybrid,default.qubit,4,2,500,2569,1,second_grad_classical,8,0.010298900
batch_sweep,b500,hybrid,default.qubit,4,2,500,2569,1,param_grad,8,0.071008900
batch_sweep,b500,hybrid,default.qubit,4,2,500,2569,1,param_grad_quantum,8,0.034734200
batch_sweep,b500,hybrid,default.qubit,4,2,500,2569,1,param_grad_classical,8,0.036274700
batch_sweep,b2540,hybrid,default.qubit,4,2,2540,2569,1,forward,8,0.016269900
batch_sweep,b2540,hybrid,default.qubit,4,2,2540,2569,1,forward_quantum,8,0.015567900
batch_sweep,b2540,hybrid,default.qubit,4,2,2540,2569,1,forward_classical,8,0.000702000
batch_sweep,b2540,hybrid,default.qubit,4,2,2540,2569,1,first_grad,8,0.032328900
batch_sweep,b2540,hybrid,default.qubit,4,2,2540,2569,1,first_grad_quantum,8,0.029739500
batch_sweep,b2540,hybrid,default.qubit,4,2,2540,2569,1,first_grad_classical,8,0.002589400
batch_sweep,b2540,hybrid,default.qubit,4,2,2540,2569,1,second_grad,8,0.064130100
batch_sweep,b2540,hybrid,default.qubit,4,2,2540,2569,1,second_grad_quantum,8,0.042799000
batch_sweep,b2540,hybrid,default.qubit,4,2,2540,2569,1,second_grad_classical,8,0.021331100
batch_sweep,b2540,hybrid,default.qubit,4,2,2540,2569,1,param_grad,8,0.135269700
batch_sweep,b2540,hybrid,default.qubit,4,2,2540,2569,1,param_grad_quantum,8,0.064233800
batch_sweep,b2540,hybrid,default.qubit,4,2,2540,2569,1,param_grad_classical,8,0.071035900
batch_sweep,b100,hybrid,default.qubit,4,2,100,2569,0,forward,8,0.015479800
batch_sweep,b100,hybrid,default.qubit,4,2,100,2569,0,forward_quantum,8,0.012930500
batch_sweep,b100,hybrid,default.qubit,4,2,100,2569,0,forward_classical,8,0.002549300
batch_sweep,b100,hybrid,default.qubit,4,2,100,2569,0,first_grad,8,0.017497200
batch_sweep,b100,hybrid,default.qubit,4,2,100,2569,0,first_grad_quantum,8,0.015622500
batch_sweep,b100,hybrid,default.qubit,4,2,100,2569,0,first_grad_classical,8,0.001874700
batch_sweep,b100,hybrid,default.qubit,4,2,100,2569,0,second_grad,8,0.027429300
batch_sweep,b100,hybrid,default.qubit,4,2,100,2569,0,second_grad_quantum,8,0.019281800
batch_sweep,b100,hybrid,default.qubit,4,2,100,2569,0,second_grad_classical,8,0.008147500
batch_sweep,b100,hybrid,default.qubit,4,2,100,2569,0,param_grad,8,0.053053600
batch_sweep,b100,hybrid,default.qubit,4,2,100,2569,0,param_grad_quantum,8,0.025791900
batch_sweep,b100,hybrid,default.qubit,4,2,100,2569,0,param_grad_classical,8,0.027261700
batch_sweep,b2540,hybrid,default.qubit,4,2,2540,2569,2,forward,8,0.016685800
batch_sweep,b2540,hybrid,default.qubit,4,2,2540,2569,2,forward_quantum,8,0.015747400
batch_sweep,b2540,hybrid,default.qubit,4,2,2540,2569,2,forward_classical,8,0.000938400
batch_sweep,b2540,hybrid,default.qubit,4,2,2540,2569,2,first_grad,8,0.035998900
batch_sweep,b2540,hybrid,default.qubit,4,2,2540,2569,2,first_grad_quantum,8,0.033159600
batch_sweep,b2540,hybrid,default.qubit,4,2,2540,2569,2,first_grad_classical,8,0.002839300
batch_sweep,b2540,hybrid,default.qubit,4,2,2540,2569,2,second_grad,8,0.064113400
batch_sweep,b2540,hybrid,default.qubit,4,2,2540,2569,2,second_grad_quantum,8,0.042067900
batch_sweep,b2540,hybrid,default.qubit,4,2,2540,2569,2,second_grad_classical,8,0.022045500
batch_sweep,b2540,hybrid,default.qubit,4,2,2540,2569,2,param_grad,8,0.134125700
batch_sweep,b2540,hybrid,default.qubit,4,2,2540,2569,2,param_grad_quantum,8,0.060862700
batch_sweep,b2540,hybrid,default.qubit,4,2,2540,2569,2,param_grad_classical,8,0.073263000
batch_sweep,b1000,hybrid,default.qubit,4,2,1000,2569,0,forward,8,0.016693300
batch_sweep,b1000,hybrid,default.qubit,4,2,1000,2569,0,forward_quantum,8,0.016096600
batch_sweep,b1000,hybrid,default.qubit,4,2,1000,2569,0,forward_classical,8,0.000596700
batch_sweep,b1000,hybrid,default.qubit,4,2,1000,2569,0,first_grad,8,0.026448400
batch_sweep,b1000,hybrid,default.qubit,4,2,1000,2569,0,first_grad_quantum,8,0.024133900
batch_sweep,b1000,hybrid,default.qubit,4,2,1000,2569,0,first_grad_classical,8,0.002314500
batch_sweep,b1000,hybrid,default.qubit,4,2,1000,2569,0,second_grad,8,0.051062800
batch_sweep,b1000,hybrid,default.qubit,4,2,1000,2569,0,second_grad_quantum,8,0.035788700
batch_sweep,b1000,hybrid,default.qubit,4,2,1000,2569,0,second_grad_classical,8,0.015274100
batch_sweep,b1000,hybrid,default.qubit,4,2,1000,2569,0,param_grad,8,0.100048400
batch_sweep,b1000,hybrid,default.qubit,4,2,1000,2569,0,param_grad_quantum,8,0.046928700
batch_sweep,b1000,hybrid,default.qubit,4,2,1000,2569,0,param_grad_classical,8,0.053119700
batch_sweep,b5000,hybrid,default.qubit,4,2,5000,2569,0,forward,8,0.021415200
batch_sweep,b5000,hybrid,default.qubit,4,2,5000,2569,0,forward_quantum,8,0.020420500
batch_sweep,b5000,hybrid,default.qubit,4,2,5000,2569,0,forward_classical,8,0.000994700
batch_sweep,b5000,hybrid,default.qubit,4,2,5000,2569,0,first_grad,8,0.047922400
batch_sweep,b5000,hybrid,default.qubit,4,2,5000,2569,0,first_grad_quantum,8,0.044187200
batch_sweep,b5000,hybrid,default.qubit,4,2,5000,2569,0,first_grad_classical,8,0.003735200
batch_sweep,b5000,hybrid,default.qubit,4,2,5000,2569,0,second_grad,8,0.087140900
batch_sweep,b5000,hybrid,default.qubit,4,2,5000,2569,0,second_grad_quantum,8,0.056004400
batch_sweep,b5000,hybrid,default.qubit,4,2,5000,2569,0,second_grad_classical,8,0.031136500
batch_sweep,b5000,hybrid,default.qubit,4,2,5000,2569,0,param_grad,8,0.197199100
batch_sweep,b5000,hybrid,default.qubit,4,2,5000,2569,0,param_grad_quantum,8,0.082724800
batch_sweep,b5000,hybrid,default.qubit,4,2,5000,2569,0,param_grad_classical,8,0.114474300
batch_sweep,b2540,hybrid,default.qubit,4,2,2540,2569,0,forward,8,0.016135400
batch_sweep,b2540,hybrid,default.qubit,4,2,2540,2569,0,forward_quantum,8,0.015410200
batch_sweep,b2540,hybrid,default.qubit,4,2,2540,2569,0,forward_classical,8,0.000725200
batch_sweep,b2540,hybrid,default.qubit,4,2,2540,2569,0,first_grad,8,0.035243000
batch_sweep,b2540,hybrid,default.qubit,4,2,2540,2569,0,first_grad_quantum,8,0.032846700
batch_sweep,b2540,hybrid,default.qubit,4,2,2540,2569,0,first_grad_classical,8,0.002396300
batch_sweep,b2540,hybrid,default.qubit,4,2,2540,2569,0,second_grad,8,0.064946900
batch_sweep,b2540,hybrid,default.qubit,4,2,2540,2569,0,second_grad_quantum,8,0.043051600
batch_sweep,b2540,hybrid,default.qubit,4,2,2540,2569,0,second_grad_classical,8,0.021895300
batch_sweep,b2540,hybrid,default.qubit,4,2,2540,2569,0,param_grad,8,0.133658000
batch_sweep,b2540,hybrid,default.qubit,4,2,2540,2569,0,param_grad_quantum,8,0.060425000
batch_sweep,b2540,hybrid,default.qubit,4,2,2540,2569,0,param_grad_classical,8,0.073233000
batch_sweep,b5000,hybrid,default.qubit,4,2,5000,2569,1,forward,8,0.021128400
batch_sweep,b5000,hybrid,default.qubit,4,2,5000,2569,1,forward_quantum,8,0.020005600
batch_sweep,b5000,hybrid,default.qubit,4,2,5000,2569,1,forward_classical,8,0.001122800
batch_sweep,b5000,hybrid,default.qubit,4,2,5000,2569,1,first_grad,8,0.040619400
batch_sweep,b5000,hybrid,default.qubit,4,2,5000,2569,1,first_grad_quantum,8,0.037426500
batch_sweep,b5000,hybrid,default.qubit,4,2,5000,2569,1,first_grad_classical,8,0.003192900
batch_sweep,b5000,hybrid,default.qubit,4,2,5000,2569,1,second_grad,8,0.084259900
batch_sweep,b5000,hybrid,default.qubit,4,2,5000,2569,1,second_grad_quantum,8,0.056530400
batch_sweep,b5000,hybrid,default.qubit,4,2,5000,2569,1,second_grad_classical,8,0.027729500
batch_sweep,b5000,hybrid,default.qubit,4,2,5000,2569,1,param_grad,8,0.206161600
batch_sweep,b5000,hybrid,default.qubit,4,2,5000,2569,1,param_grad_quantum,8,0.084198300
batch_sweep,b5000,hybrid,default.qubit,4,2,5000,2569,1,param_grad_classical,8,0.121963300
batch_sweep,b500,hybrid,default.qubit,4,2,500,2569,2,forward,8,0.016319600
batch_sweep,b500,hybrid,default.qubit,4,2,500,2569,2,forward_quantum,8,0.012814600
batch_sweep,b500,hybrid,default.qubit,4,2,500,2569,2,forward_classical,8,0.003505000
batch_sweep,b500,hybrid,default.qubit,4,2,500,2569,2,first_grad,8,0.022953900
batch_sweep,b500,hybrid,default.qubit,4,2,500,2569,2,first_grad_quantum,8,0.020433300
batch_sweep,b500,hybrid,default.qubit,4,2,500,2569,2,first_grad_classical,8,0.002520600
batch_sweep,b500,hybrid,default.qubit,4,2,500,2569,2,second_grad,8,0.039659800
batch_sweep,b500,hybrid,default.qubit,4,2,500,2569,2,second_grad_quantum,8,0.027309300
batch_sweep,b500,hybrid,default.qubit,4,2,500,2569,2,second_grad_classical,8,0.012350500
batch_sweep,b500,hybrid,default.qubit,4,2,500,2569,2,param_grad,8,0.073119400
batch_sweep,b500,hybrid,default.qubit,4,2,500,2569,2,param_grad_quantum,8,0.035376500
batch_sweep,b500,hybrid,default.qubit,4,2,500,2569,2,param_grad_classical,8,0.037742900
batch_sweep,b500,hybrid,default.qubit,4,2,500,2569,0,forward,8,0.013986900
batch_sweep,b500,hybrid,default.qubit,4,2,500,2569,0,forward_quantum,8,0.013349600
batch_sweep,b500,hybrid,default.qubit,4,2,500,2569,0,forward_classical,8,0.000637300
batch_sweep,b500,hybrid,default.qubit,4,2,500,2569,0,first_grad,8,0.021674900
batch_sweep,b500,hybrid,default.qubit,4,2,500,2569,0,first_grad_quantum,8,0.018571600
batch_sweep,b500,hybrid,default.qubit,4,2,500,2569,0,first_grad_classical,8,0.003103300
batch_sweep,b500,hybrid,default.qubit,4,2,500,2569,0,second_grad,8,0.040361200
batch_sweep,b500,hybrid,default.qubit,4,2,500,2569,0,second_grad_quantum,8,0.027715200
batch_sweep,b500,hybrid,default.qubit,4,2,500,2569,0,second_grad_classical,8,0.012646000
batch_sweep,b500,hybrid,default.qubit,4,2,500,2569,0,param_grad,8,0.073069500
batch_sweep,b500,hybrid,default.qubit,4,2,500,2569,0,param_grad_quantum,8,0.036670000
batch_sweep,b500,hybrid,default.qubit,4,2,500,2569,0,param_grad_classical,8,0.036399500
batch_sweep,b100,hybrid,default.qubit,4,2,100,2569,1,forward,8,0.008904400
batch_sweep,b100,hybrid,default.qubit,4,2,100,2569,1,forward_quantum,8,0.008462300
batch_sweep,b100,hybrid,default.qubit,4,2,100,2569,1,forward_classical,8,0.000442100
batch_sweep,b100,hybrid,default.qubit,4,2,100,2569,1,first_grad,8,0.016175200
batch_sweep,b100,hybrid,default.qubit,4,2,100,2569,1,first_grad_quantum,8,0.014570500
batch_sweep,b100,hybrid,default.qubit,4,2,100,2569,1,first_grad_classical,8,0.001604700
batch_sweep,b100,hybrid,default.qubit,4,2,100,2569,1,second_grad,8,0.026129900
batch_sweep,b100,hybrid,default.qubit,4,2,100,2569,1,second_grad_quantum,8,0.018721500
batch_sweep,b100,hybrid,default.qubit,4,2,100,2569,1,second_grad_classical,8,0.007408400
batch_sweep,b100,hybrid,default.qubit,4,2,100,2569,1,param_grad,8,0.050259600
batch_sweep,b100,hybrid,default.qubit,4,2,100,2569,1,param_grad_quantum,8,0.027674600
batch_sweep,b100,hybrid,default.qubit,4,2,100,2569,1,param_grad_classical,8,0.022585000
batch_sweep,b1000,hybrid,default.qubit,4,2,1000,2569,2,forward,8,0.015266100
batch_sweep,b1000,hybrid,default.qubit,4,2,1000,2569,2,forward_quantum,8,0.014614900
batch_sweep,b1000,hybrid,default.qubit,4,2,1000,2569,2,forward_classical,8,0.000651200
batch_sweep,b1000,hybrid,default.qubit,4,2,1000,2569,2,first_grad,8,0.026438800
batch_sweep,b1000,hybrid,default.qubit,4,2,1000,2569,2,first_grad_quantum,8,0.024376800
batch_sweep,b1000,hybrid,default.qubit,4,2,1000,2569,2,first_grad_classical,8,0.002062000
batch_sweep,b1000,hybrid,default.qubit,4,2,1000,2569,2,second_grad,8,0.044894500
batch_sweep,b1000,hybrid,default.qubit,4,2,1000,2569,2,second_grad_quantum,8,0.029808100
batch_sweep,b1000,hybrid,default.qubit,4,2,1000,2569,2,second_grad_classical,8,0.015086400
batch_sweep,b1000,hybrid,default.qubit,4,2,1000,2569,2,param_grad,8,0.087982800
batch_sweep,b1000,hybrid,default.qubit,4,2,1000,2569,2,param_grad_quantum,8,0.038773900
batch_sweep,b1000,hybrid,default.qubit,4,2,1000,2569,2,param_grad_classical,8,0.049208900
batch_sweep,b100,hybrid,default.qubit,4,2,100,2569,2,forward,8,0.009932900
batch_sweep,b100,hybrid,default.qubit,4,2,100,2569,2,forward_quantum,8,0.009446900
batch_sweep,b100,hybrid,default.qubit,4,2,100,2569,2,forward_classical,8,0.000486000
batch_sweep,b100,hybrid,default.qubit,4,2,100,2569,2,first_grad,8,0.016754800
batch_sweep,b100,hybrid,default.qubit,4,2,100,2569,2,first_grad_quantum,8,0.015111800
batch_sweep,b100,hybrid,default.qubit,4,2,100,2569,2,first_grad_classical,8,0.001643000
batch_sweep,b100,hybrid,default.qubit,4,2,100,2569,2,second_grad,8,0.028751900
batch_sweep,b100,hybrid,default.qubit,4,2,100,2569,2,second_grad_quantum,8,0.019108600
batch_sweep,b100,hybrid,default.qubit,4,2,100,2569,2,second_grad_classical,8,0.009643300
batch_sweep,b100,hybrid,default.qubit,4,2,100,2569,2,param_grad,8,0.042743200
batch_sweep,b100,hybrid,default.qubit,4,2,100,2569,2,param_grad_quantum,8,0.021782900
batch_sweep,b100,hybrid,default.qubit,4,2,100,2569,2,param_grad_classical,8,0.020960300
batch_sweep,b5000,hybrid,default.qubit,4,2,5000,2569,2,forward,8,0.019225700
batch_sweep,b5000,hybrid,default.qubit,4,2,5000,2569,2,forward_quantum,8,0.018052200
batch_sweep,b5000,hybrid,default.qubit,4,2,5000,2569,2,forward_classical,8,0.001173500
batch_sweep,b5000,hybrid,default.qubit,4,2,5000,2569,2,first_grad,8,0.048861000
batch_sweep,b5000,hybrid,default.qubit,4,2,5000,2569,2,first_grad_quantum,8,0.045027100
batch_sweep,b5000,hybrid,default.qubit,4,2,5000,2569,2,first_grad_classical,8,0.003833900
batch_sweep,b5000,hybrid,default.qubit,4,2,5000,2569,2,second_grad,8,0.091226300
batch_sweep,b5000,hybrid,default.qubit,4,2,5000,2569,2,second_grad_quantum,8,0.059058200
batch_sweep,b5000,hybrid,default.qubit,4,2,5000,2569,2,second_grad_classical,8,0.032168100
batch_sweep,b5000,hybrid,default.qubit,4,2,5000,2569,2,param_grad,8,0.202099800
batch_sweep,b5000,hybrid,default.qubit,4,2,5000,2569,2,param_grad_quantum,8,0.080938100
batch_sweep,b5000,hybrid,default.qubit,4,2,5000,2569,2,param_grad_classical,8,0.121161700
batch_sweep,b1000,hybrid,default.qubit,4,2,1000,2569,1,forward,8,0.013831900
batch_sweep,b1000,hybrid,default.qubit,4,2,1000,2569,1,forward_quantum,8,0.013027600
batch_sweep,b1000,hybrid,default.qubit,4,2,1000,2569,1,forward_classical,8,0.000804300
batch_sweep,b1000,hybrid,default.qubit,4,2,1000,2569,1,first_grad,8,0.023470900
batch_sweep,b1000,hybrid,default.qubit,4,2,1000,2569,1,first_grad_quantum,8,0.021473600
batch_sweep,b1000,hybrid,default.qubit,4,2,1000,2569,1,first_grad_classical,8,0.001997300
batch_sweep,b1000,hybrid,default.qubit,4,2,1000,2569,1,second_grad,8,0.051091000
batch_sweep,b1000,hybrid,default.qubit,4,2,1000,2569,1,second_grad_quantum,8,0.033651000
batch_sweep,b1000,hybrid,default.qubit,4,2,1000,2569,1,second_grad_classical,8,0.017440000
batch_sweep,b1000,hybrid,default.qubit,4,2,1000,2569,1,param_grad,8,0.100562500
batch_sweep,b1000,hybrid,default.qubit,4,2,1000,2569,1,param_grad_quantum,8,0.047775200
batch_sweep,b1000,hybrid,default.qubit,4,2,1000,2569,1,param_grad_classical,8,0.052787300
batch_sweep,b500,hybrid,default.qubit,4,2,500,2569,1,forward,9,0.014878300
batch_sweep,b500,hybrid,default.qubit,4,2,500,2569,1,forward_quantum,9,0.011802700
batch_sweep,b500,hybrid,default.qubit,4,2,500,2569,1,forward_classical,9,0.003075600
batch_sweep,b500,hybrid,default.qubit,4,2,500,2569,1,first_grad,9,0.019967100
batch_sweep,b500,hybrid,default.qubit,4,2,500,2569,1,first_grad_quantum,9,0.017995800
batch_sweep,b500,hybrid,default.qubit,4,2,500,2569,1,first_grad_classical,9,0.001971300
batch_sweep,b500,hybrid,default.qubit,4,2,500,2569,1,second_grad,9,0.037427700
batch_sweep,b500,hybrid,default.qubit,4,2,500,2569,1,second_grad_quantum,9,0.025592300
batch_sweep,b500,hybrid,default.qubit,4,2,500,2569,1,second_grad_classical,9,0.011835400
batch_sweep,b500,hybrid,default.qubit,4,2,500,2569,1,param_grad,9,0.074740600
batch_sweep,b500,hybrid,default.qubit,4,2,500,2569,1,param_grad_quantum,9,0.037146300
batch_sweep,b500,hybrid,default.qubit,4,2,500,2569,1,param_grad_classical,9,0.037594300
batch_sweep,b2540,hybrid,default.qubit,4,2,2540,2569,2,forward,9,0.016660500
batch_sweep,b2540,hybrid,default.qubit,4,2,2540,2569,2,forward_quantum,9,0.015861600
batch_sweep,b2540,hybrid,default.qubit,4,2,2540,2569,2,forward_classical,9,0.000798900
batch_sweep,b2540,hybrid,default.qubit,4,2,2540,2569,2,first_grad,9,0.037225800
batch_sweep,b2540,hybrid,default.qubit,4,2,2540,2569,2,first_grad_quantum,9,0.034490100
batch_sweep,b2540,hybrid,default.qubit,4,2,2540,2569,2,first_grad_classical,9,0.002735700
batch_sweep,b2540,hybrid,default.qubit,4,2,2540,2569,2,second_grad,9,0.071372800
batch_sweep,b2540,hybrid,default.qubit,4,2,2540,2569,2,second_grad_quantum,9,0.045019800
batch_sweep,b2540,hybrid,default.qubit,4,2,2540,2569,2,second_grad_classical,9,0.026353000
batch_sweep,b2540,hybrid,default.qubit,4,2,2540,2569,2,param_grad,9,0.133937200
batch_sweep,b2540,hybrid,default.qubit,4,2,2540,2569,2,param_grad_quantum,9,0.060121000
batch_sweep,b2540,hybrid,default.qubit,4,2,2540,2569,2,param_grad_classical,9,0.073816200
batch_sweep,b2540,hybrid,default.qubit,4,2,2540,2569,1,forward,9,0.016506800
batch_sweep,b2540,hybrid,default.qubit,4,2,2540,2569,1,forward_quantum,9,0.015678700
batch_sweep,b2540,hybrid,default.qubit,4,2,2540,2569,1,forward_classical,9,0.000828100
batch_sweep,b2540,hybrid,default.qubit,4,2,2540,2569,1,first_grad,9,0.029822900
batch_sweep,b2540,hybrid,default.qubit,4,2,2540,2569,1,first_grad_quantum,9,0.027665600
batch_sweep,b2540,hybrid,default.qubit,4,2,2540,2569,1,first_grad_classical,9,0.002157300
batch_sweep,b2540,hybrid,default.qubit,4,2,2540,2569,1,second_grad,9,0.063102800
batch_sweep,b2540,hybrid,default.qubit,4,2,2540,2569,1,second_grad_quantum,9,0.044097500
batch_sweep,b2540,hybrid,default.qubit,4,2,2540,2569,1,second_grad_classical,9,0.019005300
batch_sweep,b2540,hybrid,default.qubit,4,2,2540,2569,1,param_grad,9,0.133543700
batch_sweep,b2540,hybrid,default.qubit,4,2,2540,2569,1,param_grad_quantum,9,0.061293800
batch_sweep,b2540,hybrid,default.qubit,4,2,2540,2569,1,param_grad_classical,9,0.072249900
batch_sweep,b1000,hybrid,default.qubit,4,2,1000,2569,2,forward,9,0.021032300
batch_sweep,b1000,hybrid,default.qubit,4,2,1000,2569,2,forward_quantum,9,0.020377600
batch_sweep,b1000,hybrid,default.qubit,4,2,1000,2569,2,forward_classical,9,0.000654700
batch_sweep,b1000,hybrid,default.qubit,4,2,1000,2569,2,first_grad,9,0.028897700
batch_sweep,b1000,hybrid,default.qubit,4,2,1000,2569,2,first_grad_quantum,9,0.026546000
batch_sweep,b1000,hybrid,default.qubit,4,2,1000,2569,2,first_grad_classical,9,0.002351700
batch_sweep,b1000,hybrid,default.qubit,4,2,1000,2569,2,second_grad,9,0.052521200
batch_sweep,b1000,hybrid,default.qubit,4,2,1000,2569,2,second_grad_quantum,9,0.032796100
batch_sweep,b1000,hybrid,default.qubit,4,2,1000,2569,2,second_grad_classical,9,0.019725100
batch_sweep,b1000,hybrid,default.qubit,4,2,1000,2569,2,param_grad,9,0.097168300
batch_sweep,b1000,hybrid,default.qubit,4,2,1000,2569,2,param_grad_quantum,9,0.044826300
batch_sweep,b1000,hybrid,default.qubit,4,2,1000,2569,2,param_grad_classical,9,0.052342000
batch_sweep,b1000,hybrid,default.qubit,4,2,1000,2569,1,forward,9,0.015538600
batch_sweep,b1000,hybrid,default.qubit,4,2,1000,2569,1,forward_quantum,9,0.014777200
batch_sweep,b1000,hybrid,default.qubit,4,2,1000,2569,1,forward_classical,9,0.000761400
batch_sweep,b1000,hybrid,default.qubit,4,2,1000,2569,1,first_grad,9,0.025296800
batch_sweep,b1000,hybrid,default.qubit,4,2,1000,2569,1,first_grad_quantum,9,0.023003800
batch_sweep,b1000,hybrid,default.qubit,4,2,1000,2569,1,first_grad_classical,9,0.002293000
batch_sweep,b1000,hybrid,default.qubit,4,2,1000,2569,1,second_grad,9,0.047203100
batch_sweep,b1000,hybrid,default.qubit,4,2,1000,2569,1,second_grad_quantum,9,0.032846600
batch_sweep,b1000,hybrid,default.qubit,4,2,1000,2569,1,second_grad_classical,9,0.014356500
batch_sweep,b1000,hybrid,default.qubit,4,2,1000,2569,1,param_grad,9,0.094685100
batch_sweep,b1000,hybrid,default.qubit,4,2,1000,2569,1,param_grad_quantum,9,0.042042100
batch_sweep,b1000,hybrid,default.qubit,4,2,1000,2569,1,param_grad_classical,9,0.052643000
batch_sweep,b100,hybrid,default.qubit,4,2,100,2569,0,forward,9,0.010125500
batch_sweep,b100,hybrid,default.qubit,4,2,100,2569,0,forward_quantum,9,0.009633400
batch_sweep,b100,hybrid,default.qubit,4,2,100,2569,0,forward_classical,9,0.000492100
batch_sweep,b100,hybrid,default.qubit,4,2,100,2569,0,first_grad,9,0.016433100
batch_sweep,b100,hybrid,default.qubit,4,2,100,2569,0,first_grad_quantum,9,0.014801300
batch_sweep,b100,hybrid,default.qubit,4,2,100,2569,0,first_grad_classical,9,0.001631800
batch_sweep,b100,hybrid,default.qubit,4,2,100,2569,0,second_grad,9,0.026905000
batch_sweep,b100,hybrid,default.qubit,4,2,100,2569,0,second_grad_quantum,9,0.018826100
batch_sweep,b100,hybrid,default.qubit,4,2,100,2569,0,second_grad_classical,9,0.008078900
batch_sweep,b100,hybrid,default.qubit,4,2,100,2569,0,param_grad,9,0.053452400
batch_sweep,b100,hybrid,default.qubit,4,2,100,2569,0,param_grad_quantum,9,0.027289300
batch_sweep,b100,hybrid,default.qubit,4,2,100,2569,0,param_grad_classical,9,0.026163100
batch_sweep,b100,hybrid,default.qubit,4,2,100,2569,2,forward,9,0.009055300
batch_sweep,b100,hybrid,default.qubit,4,2,100,2569,2,forward_quantum,9,0.008615500
batch_sweep,b100,hybrid,default.qubit,4,2,100,2569,2,forward_classical,9,0.000439800
batch_sweep,b100,hybrid,default.qubit,4,2,100,2569,2,first_grad,9,0.014714200
batch_sweep,b100,hybrid,default.qubit,4,2,100,2569,2,first_grad_quantum,9,0.013017900
batch_sweep,b100,hybrid,default.qubit,4,2,100,2569,2,first_grad_classical,9,0.001696300
batch_sweep,b100,hybrid,default.qubit,4,2,100,2569,2,second_grad,9,0.028317800
batch_sweep,b100,hybrid,default.qubit,4,2,100,2569,2,second_grad_quantum,9,0.019910100
batch_sweep,b100,hybrid,default.qubit,4,2,100,2569,2,second_grad_classical,9,0.008407700
batch_sweep,b100,hybrid,default.qubit,4,2,100,2569,2,param_grad,9,0.052673600
batch_sweep,b100,hybrid,default.qubit,4,2,100,2569,2,param_grad_quantum,9,0.027183000
batch_sweep,b100,hybrid,default.qubit,4,2,100,2569,2,param_grad_classical,9,0.025490600
batch_sweep,b5000,hybrid,default.qubit,4,2,5000,2569,1,forward,9,0.019730100
batch_sweep,b5000,hybrid,default.qubit,4,2,5000,2569,1,forward_quantum,9,0.018402200
batch_sweep,b5000,hybrid,default.qubit,4,2,5000,2569,1,forward_classical,9,0.001327900
batch_sweep,b5000,hybrid,default.qubit,4,2,5000,2569,1,first_grad,9,0.045616500
batch_sweep,b5000,hybrid,default.qubit,4,2,5000,2569,1,first_grad_quantum,9,0.042660000
batch_sweep,b5000,hybrid,default.qubit,4,2,5000,2569,1,first_grad_classical,9,0.002956500
batch_sweep,b5000,hybrid,default.qubit,4,2,5000,2569,1,second_grad,9,0.082155300
batch_sweep,b5000,hybrid,default.qubit,4,2,5000,2569,1,second_grad_quantum,9,0.051483700
batch_sweep,b5000,hybrid,default.qubit,4,2,5000,2569,1,second_grad_classical,9,0.030671600
batch_sweep,b5000,hybrid,default.qubit,4,2,5000,2569,1,param_grad,9,0.201591000
batch_sweep,b5000,hybrid,default.qubit,4,2,5000,2569,1,param_grad_quantum,9,0.084576600
batch_sweep,b5000,hybrid,default.qubit,4,2,5000,2569,1,param_grad_classical,9,0.117014400
batch_sweep,b1000,hybrid,default.qubit,4,2,1000,2569,0,forward,9,0.014576800
batch_sweep,b1000,hybrid,default.qubit,4,2,1000,2569,0,forward_quantum,9,0.013908000
batch_sweep,b1000,hybrid,default.qubit,4,2,1000,2569,0,forward_classical,9,0.000668800
batch_sweep,b1000,hybrid,default.qubit,4,2,1000,2569,0,first_grad,9,0.025862800
batch_sweep,b1000,hybrid,default.qubit,4,2,1000,2569,0,first_grad_quantum,9,0.023553600
batch_sweep,b1000,hybrid,default.qubit,4,2,1000,2569,0,first_grad_classical,9,0.002309200
batch_sweep,b1000,hybrid,default.qubit,4,2,1000,2569,0,second_grad,9,0.052803700
batch_sweep,b1000,hybrid,default.qubit,4,2,1000,2569,0,second_grad_quantum,9,0.033751100
batch_sweep,b1000,hybrid,default.qubit,4,2,1000,2569,0,second_grad_classical,9,0.019052600
batch_sweep,b1000,hybrid,default.qubit,4,2,1000,2569,0,param_grad,9,0.096528800
batch_sweep,b1000,hybrid,default.qubit,4,2,1000,2569,0,param_grad_quantum,9,0.044930900
batch_sweep,b1000,hybrid,default.qubit,4,2,1000,2569,0,param_grad_classical,9,0.051597900
batch_sweep,b100,hybrid,default.qubit,4,2,100,2569,1,forward,9,0.010529000
batch_sweep,b100,hybrid,default.qubit,4,2,100,2569,1,forward_quantum,9,0.010008800
batch_sweep,b100,hybrid,default.qubit,4,2,100,2569,1,forward_classical,9,0.000520200
batch_sweep,b100,hybrid,default.qubit,4,2,100,2569,1,first_grad,9,0.015219500
batch_sweep,b100,hybrid,default.qubit,4,2,100,2569,1,first_grad_quantum,9,0.013565200
batch_sweep,b100,hybrid,default.qubit,4,2,100,2569,1,first_grad_classical,9,0.001654300
batch_sweep,b100,hybrid,default.qubit,4,2,100,2569,1,second_grad,9,0.028592000
batch_sweep,b100,hybrid,default.qubit,4,2,100,2569,1,second_grad_quantum,9,0.020026400
batch_sweep,b100,hybrid,default.qubit,4,2,100,2569,1,second_grad_classical,9,0.008565600
batch_sweep,b100,hybrid,default.qubit,4,2,100,2569,1,param_grad,9,0.054541400
batch_sweep,b100,hybrid,default.qubit,4,2,100,2569,1,param_grad_quantum,9,0.028275200
batch_sweep,b100,hybrid,default.qubit,4,2,100,2569,1,param_grad_classical,9,0.026266200
batch_sweep,b2540,hybrid,default.qubit,4,2,2540,2569,0,forward,9,0.016975100
batch_sweep,b2540,hybrid,default.qubit,4,2,2540,2569,0,forward_quantum,9,0.016094800
batch_sweep,b2540,hybrid,default.qubit,4,2,2540,2569,0,forward_classical,9,0.000880300
batch_sweep,b2540,hybrid,default.qubit,4,2,2540,2569,0,first_grad,9,0.035406400
batch_sweep,b2540,hybrid,default.qubit,4,2,2540,2569,0,first_grad_quantum,9,0.032647900
batch_sweep,b2540,hybrid,default.qubit,4,2,2540,2569,0,first_grad_classical,9,0.002758500
batch_sweep,b2540,hybrid,default.qubit,4,2,2540,2569,0,second_grad,9,0.067990500
batch_sweep,b2540,hybrid,default.qubit,4,2,2540,2569,0,second_grad_quantum,9,0.042983900
batch_sweep,b2540,hybrid,default.qubit,4,2,2540,2569,0,second_grad_classical,9,0.025006600
batch_sweep,b2540,hybrid,default.qubit,4,2,2540,2569,0,param_grad,9,0.138816600
batch_sweep,b2540,hybrid,default.qubit,4,2,2540,2569,0,param_grad_quantum,9,0.063540200
batch_sweep,b2540,hybrid,default.qubit,4,2,2540,2569,0,param_grad_classical,9,0.075276400
batch_sweep,b5000,hybrid,default.qubit,4,2,5000,2569,2,forward,9,0.020539300
batch_sweep,b5000,hybrid,default.qubit,4,2,5000,2569,2,forward_quantum,9,0.019311300
batch_sweep,b5000,hybrid,default.qubit,4,2,5000,2569,2,forward_classical,9,0.001228000
batch_sweep,b5000,hybrid,default.qubit,4,2,5000,2569,2,first_grad,9,0.039026100
batch_sweep,b5000,hybrid,default.qubit,4,2,5000,2569,2,first_grad_quantum,9,0.036042800
batch_sweep,b5000,hybrid,default.qubit,4,2,5000,2569,2,first_grad_classical,9,0.002983300
batch_sweep,b5000,hybrid,default.qubit,4,2,5000,2569,2,second_grad,9,0.088148400
batch_sweep,b5000,hybrid,default.qubit,4,2,5000,2569,2,second_grad_quantum,9,0.057792700
batch_sweep,b5000,hybrid,default.qubit,4,2,5000,2569,2,second_grad_classical,9,0.030355700
batch_sweep,b5000,hybrid,default.qubit,4,2,5000,2569,2,param_grad,9,0.204010600
batch_sweep,b5000,hybrid,default.qubit,4,2,5000,2569,2,param_grad_quantum,9,0.088591100
batch_sweep,b5000,hybrid,default.qubit,4,2,5000,2569,2,param_grad_classical,9,0.115419500
batch_sweep,b500,hybrid,default.qubit,4,2,500,2569,0,forward,9,0.012348100
batch_sweep,b500,hybrid,default.qubit,4,2,500,2569,0,forward_quantum,9,0.011822400
batch_sweep,b500,hybrid,default.qubit,4,2,500,2569,0,forward_classical,9,0.000525700
batch_sweep,b500,hybrid,default.qubit,4,2,500,2569,0,first_grad,9,0.027960600
batch_sweep,b500,hybrid,default.qubit,4,2,500,2569,0,first_grad_quantum,9,0.019944300
batch_sweep,b500,hybrid,default.qubit,4,2,500,2569,0,first_grad_classical,9,0.008016300
batch_sweep,b500,hybrid,default.qubit,4,2,500,2569,0,second_grad,9,0.041688800
batch_sweep,b500,hybrid,default.qubit,4,2,500,2569,0,second_grad_quantum,9,0.028528900
batch_sweep,b500,hybrid,default.qubit,4,2,500,2569,0,second_grad_classical,9,0.013159900
batch_sweep,b500,hybrid,default.qubit,4,2,500,2569,0,param_grad,9,0.077028700
batch_sweep,b500,hybrid,default.qubit,4,2,500,2569,0,param_grad_quantum,9,0.036725000
batch_sweep,b500,hybrid,default.qubit,4,2,500,2569,0,param_grad_classical,9,0.040303700
batch_sweep,b5000,hybrid,default.qubit,4,2,5000,2569,0,forward,9,0.022085600
batch_sweep,b5000,hybrid,default.qubit,4,2,5000,2569,0,forward_quantum,9,0.021011900
batch_sweep,b5000,hybrid,default.qubit,4,2,5000,2569,0,forward_classical,9,0.001073700
batch_sweep,b5000,hybrid,default.qubit,4,2,5000,2569,0,first_grad,9,0.051675400
batch_sweep,b5000,hybrid,default.qubit,4,2,5000,2569,0,first_grad_quantum,9,0.048065100
batch_sweep,b5000,hybrid,default.qubit,4,2,5000,2569,0,first_grad_classical,9,0.003610300
batch_sweep,b5000,hybrid,default.qubit,4,2,5000,2569,0,second_grad,9,0.091395700
batch_sweep,b5000,hybrid,default.qubit,4,2,5000,2569,0,second_grad_quantum,9,0.057637500
batch_sweep,b5000,hybrid,default.qubit,4,2,5000,2569,0,second_grad_classical,9,0.033758200
batch_sweep,b5000,hybrid,default.qubit,4,2,5000,2569,0,param_grad,9,0.198115200
batch_sweep,b5000,hybrid,default.qubit,4,2,5000,2569,0,param_grad_quantum,9,0.083808100
batch_sweep,b5000,hybrid,default.qubit,4,2,5000,2569,0,param_grad_classical,9,0.114307100
batch_sweep,b500,hybrid,default.qubit,4,2,500,2569,2,forward,9,0.012507500
batch_sweep,b500,hybrid,default.qubit,4,2,500,2569,2,forward_quantum,9,0.011973300
batch_sweep,b500,hybrid,default.qubit,4,2,500,2569,2,forward_classical,9,0.000534200
batch_sweep,b500,hybrid,default.qubit,4,2,500,2569,2,first_grad,9,0.029093200
batch_sweep,b500,hybrid,default.qubit,4,2,500,2569,2,first_grad_quantum,9,0.019487500
batch_sweep,b500,hybrid,default.qubit,4,2,500,2569,2,first_grad_classical,9,0.009605700
batch_sweep,b500,hybrid,default.qubit,4,2,500,2569,2,second_grad,9,0.035275000
batch_sweep,b500,hybrid,default.qubit,4,2,500,2569,2,second_grad_quantum,9,0.024741800
batch_sweep,b500,hybrid,default.qubit,4,2,500,2569,2,second_grad_classical,9,0.010533200
batch_sweep,b500,hybrid,default.qubit,4,2,500,2569,2,param_grad,9,0.068793300
batch_sweep,b500,hybrid,default.qubit,4,2,500,2569,2,param_grad_quantum,9,0.034231800
batch_sweep,b500,hybrid,default.qubit,4,2,500,2569,2,param_grad_classical,9,0.034561500
batch_sweep,b1000,hybrid,default.qubit,4,2,1000,2569,0,forward,10,0.013094000
batch_sweep,b1000,hybrid,default.qubit,4,2,1000,2569,0,forward_quantum,10,0.012452100
batch_sweep,b1000,hybrid,default.qubit,4,2,1000,2569,0,forward_classical,10,0.000641900
batch_sweep,b1000,hybrid,default.qubit,4,2,1000,2569,0,first_grad,10,0.024378200
batch_sweep,b1000,hybrid,default.qubit,4,2,1000,2569,0,first_grad_quantum,10,0.022263200
batch_sweep,b1000,hybrid,default.qubit,4,2,1000,2569,0,first_grad_classical,10,0.002115000
batch_sweep,b1000,hybrid,default.qubit,4,2,1000,2569,0,second_grad,10,0.045588900
batch_sweep,b1000,hybrid,default.qubit,4,2,1000,2569,0,second_grad_quantum,10,0.031985100
batch_sweep,b1000,hybrid,default.qubit,4,2,1000,2569,0,second_grad_classical,10,0.013603800
batch_sweep,b1000,hybrid,default.qubit,4,2,1000,2569,0,param_grad,10,0.094466200
batch_sweep,b1000,hybrid,default.qubit,4,2,1000,2569,0,param_grad_quantum,10,0.044270100
batch_sweep,b1000,hybrid,default.qubit,4,2,1000,2569,0,param_grad_classical,10,0.050196100
batch_sweep,b2540,hybrid,default.qubit,4,2,2540,2569,0,forward,10,0.016669800
batch_sweep,b2540,hybrid,default.qubit,4,2,2540,2569,0,forward_quantum,10,0.015928500
batch_sweep,b2540,hybrid,default.qubit,4,2,2540,2569,0,forward_classical,10,0.000741300
batch_sweep,b2540,hybrid,default.qubit,4,2,2540,2569,0,first_grad,10,0.035735400
batch_sweep,b2540,hybrid,default.qubit,4,2,2540,2569,0,first_grad_quantum,10,0.033152500
batch_sweep,b2540,hybrid,default.qubit,4,2,2540,2569,0,first_grad_classical,10,0.002582900
batch_sweep,b2540,hybrid,default.qubit,4,2,2540,2569,0,second_grad,10,0.070379600
batch_sweep,b2540,hybrid,default.qubit,4,2,2540,2569,0,second_grad_quantum,10,0.045879600
batch_sweep,b2540,hybrid,default.qubit,4,2,2540,2569,0,second_grad_classical,10,0.024500000
batch_sweep,b2540,hybrid,default.qubit,4,2,2540,2569,0,param_grad,10,0.136431200
batch_sweep,b2540,hybrid,default.qubit,4,2,2540,2569,0,param_grad_quantum,10,0.061435900
batch_sweep,b2540,hybrid,default.qubit,4,2,2540,2569,0,param_grad_classical,10,0.074995300
batch_sweep,b5000,hybrid,default.qubit,4,2,5000,2569,0,forward,10,0.020632300
batch_sweep,b5000,hybrid,default.qubit,4,2,5000,2569,0,forward_quantum,10,0.019530700
batch_sweep,b5000,hybrid,default.qubit,4,2,5000,2569,0,forward_classical,10,0.001101600
batch_sweep,b5000,hybrid,default.qubit,4,2,5000,2569,0,first_grad,10,0.044162800
batch_sweep,b5000,hybrid,default.qubit,4,2,5000,2569,0,first_grad_quantum,10,0.041013300
batch_sweep,b5000,hybrid,default.qubit,4,2,5000,2569,0,first_grad_classical,10,0.003149500
batch_sweep,b5000,hybrid,default.qubit,4,2,5000,2569,0,second_grad,10,0.092181800
batch_sweep,b5000,hybrid,default.qubit,4,2,5000,2569,0,second_grad_quantum,10,0.057456100
batch_sweep,b5000,hybrid,default.qubit,4,2,5000,2569,0,second_grad_classical,10,0.034725700
batch_sweep,b5000,hybrid,default.qubit,4,2,5000,2569,0,param_grad,10,0.200410300
batch_sweep,b5000,hybrid,default.qubit,4,2,5000,2569,0,param_grad_quantum,10,0.085815300
batch_sweep,b5000,hybrid,default.qubit,4,2,5000,2569,0,param_grad_classical,10,0.114595000
batch_sweep,b500,hybrid,default.qubit,4,2,500,2569,1,forward,10,0.016052800
batch_sweep,b500,hybrid,default.qubit,4,2,500,2569,1,forward_quantum,10,0.015389000
batch_sweep,b500,hybrid,default.qubit,4,2,500,2569,1,forward_classical,10,0.000663800
batch_sweep,b500,hybrid,default.qubit,4,2,500,2569,1,first_grad,10,0.021530600
batch_sweep,b500,hybrid,default.qubit,4,2,500,2569,1,first_grad_quantum,10,0.019695500
batch_sweep,b500,hybrid,default.qubit,4,2,500,2569,1,first_grad_classical,10,0.001835100
batch_sweep,b500,hybrid,default.qubit,4,2,500,2569,1,second_grad,10,0.037730000
batch_sweep,b500,hybrid,default.qubit,4,2,500,2569,1,second_grad_quantum,10,0.025931700
batch_sweep,b500,hybrid,default.qubit,4,2,500,2569,1,second_grad_classical,10,0.011798300
batch_sweep,b500,hybrid,default.qubit,4,2,500,2569,1,param_grad,10,0.077823500
batch_sweep,b500,hybrid,default.qubit,4,2,500,2569,1,param_grad_quantum,10,0.038187400
batch_sweep,b500,hybrid,default.qubit,4,2,500,2569,1,param_grad_classical,10,0.039636100
batch_sweep,b500,hybrid,default.qubit,4,2,500,2569,2,forward,10,0.011135700
batch_sweep,b500,hybrid,default.qubit,4,2,500,2569,2,forward_quantum,10,0.010544800
batch_sweep,b500,hybrid,default.qubit,4,2,500,2569,2,forward_classical,10,0.000590900
batch_sweep,b500,hybrid,default.qubit,4,2,500,2569,2,first_grad,10,0.020604500
batch_sweep,b500,hybrid,default.qubit,4,2,500,2569,2,first_grad_quantum,10,0.018730100
batch_sweep,b500,hybrid,default.qubit,4,2,500,2569,2,first_grad_classical,10,0.001874400
batch_sweep,b500,hybrid,default.qubit,4,2,500,2569,2,second_grad,10,0.038371300
batch_sweep,b500,hybrid,default.qubit,4,2,500,2569,2,second_grad_quantum,10,0.026684200
batch_sweep,b500,hybrid,default.qubit,4,2,500,2569,2,second_grad_classical,10,0.011687100
batch_sweep,b500,hybrid,default.qubit,4,2,500,2569,2,param_grad,10,0.075696300
batch_sweep,b500,hybrid,default.qubit,4,2,500,2569,2,param_grad_quantum,10,0.037634200
batch_sweep,b500,hybrid,default.qubit,4,2,500,2569,2,param_grad_classical,10,0.038062100
batch_sweep,b100,hybrid,default.qubit,4,2,100,2569,1,forward,10,0.010815200
batch_sweep,b100,hybrid,default.qubit,4,2,100,2569,1,forward_quantum,10,0.010257800
batch_sweep,b100,hybrid,default.qubit,4,2,100,2569,1,forward_classical,10,0.000557400
batch_sweep,b100,hybrid,default.qubit,4,2,100,2569,1,first_grad,10,0.017191100
batch_sweep,b100,hybrid,default.qubit,4,2,100,2569,1,first_grad_quantum,10,0.015525400
batch_sweep,b100,hybrid,default.qubit,4,2,100,2569,1,first_grad_classical,10,0.001665700
batch_sweep,b100,hybrid,default.qubit,4,2,100,2569,1,second_grad,10,0.027887700
batch_sweep,b100,hybrid,default.qubit,4,2,100,2569,1,second_grad_quantum,10,0.020712600
batch_sweep,b100,hybrid,default.qubit,4,2,100,2569,1,second_grad_classical,10,0.007175100
batch_sweep,b100,hybrid,default.qubit,4,2,100,2569,1,param_grad,10,0.052373700
batch_sweep,b100,hybrid,default.qubit,4,2,100,2569,1,param_grad_quantum,10,0.026584100
batch_sweep,b100,hybrid,default.qubit,4,2,100,2569,1,param_grad_classical,10,0.025789600
batch_sweep,b1000,hybrid,default.qubit,4,2,1000,2569,1,forward,10,0.015132800
batch_sweep,b1000,hybrid,default.qubit,4,2,1000,2569,1,forward_quantum,10,0.014374700
batch_sweep,b1000,hybrid,default.qubit,4,2,1000,2569,1,forward_classical,10,0.000758100
batch_sweep,b1000,hybrid,default.qubit,4,2,1000,2569,1,first_grad,10,0.027162100
batch_sweep,b1000,hybrid,default.qubit,4,2,1000,2569,1,first_grad_quantum,10,0.024862700
batch_sweep,b1000,hybrid,default.qubit,4,2,1000,2569,1,first_grad_classical,10,0.002299400
batch_sweep,b1000,hybrid,default.qubit,4,2,1000,2569,1,second_grad,10,0.049800900
batch_sweep,b1000,hybrid,default.qubit,4,2,1000,2569,1,second_grad_quantum,10,0.035538200
batch_sweep,b1000,hybrid,default.qubit,4,2,1000,2569,1,second_grad_classical,10,0.014262700
batch_sweep,b1000,hybrid,default.qubit,4,2,1000,2569,1,param_grad,10,0.099328500
batch_sweep,b1000,hybrid,default.qubit,4,2,1000,2569,1,param_grad_quantum,10,0.043950000
batch_sweep,b1000,hybrid,default.qubit,4,2,1000,2569,1,param_grad_classical,10,0.055378500
batch_sweep,b5000,hybrid,default.qubit,4,2,5000,2569,2,forward,10,0.020579900
batch_sweep,b5000,hybrid,default.qubit,4,2,5000,2569,2,forward_quantum,10,0.019606900
batch_sweep,b5000,hybrid,default.qubit,4,2,5000,2569,2,forward_classical,10,0.000973000
batch_sweep,b5000,hybrid,default.qubit,4,2,5000,2569,2,first_grad,10,0.051148400
batch_sweep,b5000,hybrid,default.qubit,4,2,5000,2569,2,first_grad_quantum,10,0.047630500
batch_sweep,b5000,hybrid,default.qubit,4,2,5000,2569,2,first_grad_classical,10,0.003517900
batch_sweep,b5000,hybrid,default.qubit,4,2,5000,2569,2,second_grad,10,0.082440700
batch_sweep,b5000,hybrid,default.qubit,4,2,5000,2569,2,second_grad_quantum,10,0.054378800
batch_sweep,b5000,hybrid,default.qubit,4,2,5000,2569,2,second_grad_classical,10,0.028061900
batch_sweep,b5000,hybrid,default.qubit,4,2,5000,2569,2,param_grad,10,0.216539200
batch_sweep,b5000,hybrid,default.qubit,4,2,5000,2569,2,param_grad_quantum,10,0.097388500
batch_sweep,b5000,hybrid,default.qubit,4,2,5000,2569,2,param_grad_classical,10,0.119150700
batch_sweep,b500,hybrid,default.qubit,4,2,500,2569,0,forward,10,0.016996400
batch_sweep,b500,hybrid,default.qubit,4,2,500,2569,0,forward_quantum,10,0.014179700
batch_sweep,b500,hybrid,default.qubit,4,2,500,2569,0,forward_classical,10,0.002816700
batch_sweep,b500,hybrid,default.qubit,4,2,500,2569,0,first_grad,10,0.025615900
batch_sweep,b500,hybrid,default.qubit,4,2,500,2569,0,first_grad_quantum,10,0.023199300
batch_sweep,b500,hybrid,default.qubit,4,2,500,2569,0,first_grad_classical,10,0.002416600
batch_sweep,b500,hybrid,default.qubit,4,2,500,2569,0,second_grad,10,0.047369400
batch_sweep,b500,hybrid,default.qubit,4,2,500,2569,0,second_grad_quantum,10,0.032050100
batch_sweep,b500,hybrid,default.qubit,4,2,500,2569,0,second_grad_classical,10,0.015319300
batch_sweep,b500,hybrid,default.qubit,4,2,500,2569,0,param_grad,10,0.090703000
batch_sweep,b500,hybrid,default.qubit,4,2,500,2569,0,param_grad_quantum,10,0.044694000
batch_sweep,b500,hybrid,default.qubit,4,2,500,2569,0,param_grad_classical,10,0.046009000
batch_sweep,b1000,hybrid,default.qubit,4,2,1000,2569,2,forward,10,0.015848800
batch_sweep,b1000,hybrid,default.qubit,4,2,1000,2569,2,forward_quantum,10,0.015096800
batch_sweep,b1000,hybrid,default.qubit,4,2,1000,2569,2,forward_classical,10,0.000752000
batch_sweep,b1000,hybrid,default.qubit,4,2,1000,2569,2,first_grad,10,0.028723900
batch_sweep,b1000,hybrid,default.qubit,4,2,1000,2569,2,first_grad_quantum,10,0.026277600
batch_sweep,b1000,hybrid,default.qubit,4,2,1000,2569,2,first_grad_classical,10,0.002446300
batch_sweep,b1000,hybrid,default.qubit,4,2,1000,2569,2,second_grad,10,0.050424500
batch_sweep,b1000,hybrid,default.qubit,4,2,1000,2569,2,second_grad_quantum,10,0.033898600
batch_sweep,b1000,hybrid,default.qubit,4,2,1000,2569,2,second_grad_classical,10,0.016525900
batch_sweep,b1000,hybrid,default.qubit,4,2,1000,2569,2,param_grad,10,0.097708400
batch_sweep,b1000,hybrid,default.qubit,4,2,1000,2569,2,param_grad_quantum,10,0.046447500
batch_sweep,b1000,hybrid,default.qubit,4,2,1000,2569,2,param_grad_classical,10,0.051260900
batch_sweep,b2540,hybrid,default.qubit,4,2,2540,2569,1,forward,10,0.015756900
batch_sweep,b2540,hybrid,default.qubit,4,2,2540,2569,1,forward_quantum,10,0.015028200
batch_sweep,b2540,hybrid,default.qubit,4,2,2540,2569,1,forward_classical,10,0.000728700
batch_sweep,b2540,hybrid,default.qubit,4,2,2540,2569,1,first_grad,10,0.034006100
batch_sweep,b2540,hybrid,default.qubit,4,2,2540,2569,1,first_grad_quantum,10,0.031485500
batch_sweep,b2540,hybrid,default.qubit,4,2,2540,2569,1,first_grad_classical,10,0.002520600
batch_sweep,b2540,hybrid,default.qubit,4,2,2540,2569,1,second_grad,10,0.072317500
batch_sweep,b2540,hybrid,default.qubit,4,2,2540,2569,1,second_grad_quantum,10,0.046815700
batch_sweep,b2540,hybrid,default.qubit,4,2,2540,2569,1,second_grad_classical,10,0.025501800
batch_sweep,b2540,hybrid,default.qubit,4,2,2540,2569,1,param_grad,10,0.137807000
batch_sweep,b2540,hybrid,default.qubit,4,2,2540,2569,1,param_grad_quantum,10,0.064521800
batch_sweep,b2540,hybrid,default.qubit,4,2,2540,2569,1,param_grad_classical,10,0.073285200
batch_sweep,b100,hybrid,default.qubit,4,2,100,2569,2,forward,10,0.014644800
batch_sweep,b100,hybrid,default.qubit,4,2,100,2569,2,forward_quantum,10,0.011146800
batch_sweep,b100,hybrid,default.qubit,4,2,100,2569,2,forward_classical,10,0.003498000
batch_sweep,b100,hybrid,default.qubit,4,2,100,2569,2,first_grad,10,0.018619000
batch_sweep,b100,hybrid,default.qubit,4,2,100,2569,2,first_grad_quantum,10,0.016807100
batch_sweep,b100,hybrid,default.qubit,4,2,100,2569,2,first_grad_classical,10,0.001811900
batch_sweep,b100,hybrid,default.qubit,4,2,100,2569,2,second_grad,10,0.028686400
batch_sweep,b100,hybrid,default.qubit,4,2,100,2569,2,second_grad_quantum,10,0.020026900
batch_sweep,b100,hybrid,default.qubit,4,2,100,2569,2,second_grad_classical,10,0.008659500
batch_sweep,b100,hybrid,default.qubit,4,2,100,2569,2,param_grad,10,0.056402100
batch_sweep,b100,hybrid,default.qubit,4,2,100,2569,2,param_grad_quantum,10,0.027902500
batch_sweep,b100,hybrid,default.qubit,4,2,100,2569,2,param_grad_classical,10,0.028499600
batch_sweep,b5000,hybrid,default.qubit,4,2,5000,2569,1,forward,10,0.023106200
batch_sweep,b5000,hybrid,default.qubit,4,2,5000,2569,1,forward_quantum,10,0.021740500
batch_sweep,b5000,hybrid,default.qubit,4,2,5000,2569,1,forward_classical,10,0.001365700
batch_sweep,b5000,hybrid,default.qubit,4,2,5000,2569,1,first_grad,10,0.045375000
batch_sweep,b5000,hybrid,default.qubit,4,2,5000,2569,1,first_grad_quantum,10,0.042149000
batch_sweep,b5000,hybrid,default.qubit,4,2,5000,2569,1,first_grad_classical,10,0.003226000
batch_sweep,b5000,hybrid,default.qubit,4,2,5000,2569,1,second_grad,10,0.081778400
batch_sweep,b5000,hybrid,default.qubit,4,2,5000,2569,1,second_grad_quantum,10,0.052729000
batch_sweep,b5000,hybrid,default.qubit,4,2,5000,2569,1,second_grad_classical,10,0.029049400
batch_sweep,b5000,hybrid,default.qubit,4,2,5000,2569,1,param_grad,10,0.212597600
batch_sweep,b5000,hybrid,default.qubit,4,2,5000,2569,1,param_grad_quantum,10,0.089410700
batch_sweep,b5000,hybrid,default.qubit,4,2,5000,2569,1,param_grad_classical,10,0.123186900
batch_sweep,b2540,hybrid,default.qubit,4,2,2540,2569,2,forward,10,0.016845500
batch_sweep,b2540,hybrid,default.qubit,4,2,2540,2569,2,forward_quantum,10,0.016074900
batch_sweep,b2540,hybrid,default.qubit,4,2,2540,2569,2,forward_classical,10,0.000770600
batch_sweep,b2540,hybrid,default.qubit,4,2,2540,2569,2,first_grad,10,0.037372300
batch_sweep,b2540,hybrid,default.qubit,4,2,2540,2569,2,first_grad_quantum,10,0.032904900
batch_sweep,b2540,hybrid,default.qubit,4,2,2540,2569,2,first_grad_classical,10,0.004467400
batch_sweep,b2540,hybrid,default.qubit,4,2,2540,2569,2,second_grad,10,0.069319500
batch_sweep,b2540,hybrid,default.qubit,4,2,2540,2569,2,second_grad_quantum,10,0.044132200
batch_sweep,b2540,hybrid,default.qubit,4,2,2540,2569,2,second_grad_classical,10,0.025187300
batch_sweep,b2540,hybrid,default.qubit,4,2,2540,2569,2,param_grad,10,0.135909100
batch_sweep,b2540,hybrid,default.qubit,4,2,2540,2569,2,param_grad_quantum,10,0.061812500
batch_sweep,b2540,hybrid,default.qubit,4,2,2540,2569,2,param_grad_classical,10,0.074096600
batch_sweep,b100,hybrid,default.qubit,4,2,100,2569,0,forward,10,0.013116700
batch_sweep,b100,hybrid,default.qubit,4,2,100,2569,0,forward_quantum,10,0.009598900
batch_sweep,b100,hybrid,default.qubit,4,2,100,2569,0,forward_classical,10,0.003517800
batch_sweep,b100,hybrid,default.qubit,4,2,100,2569,0,first_grad,10,0.017128100
batch_sweep,b100,hybrid,default.qubit,4,2,100,2569,0,first_grad_quantum,10,0.015486300
batch_sweep,b100,hybrid,default.qubit,4,2,100,2569,0,first_grad_classical,10,0.001641800
batch_sweep,b100,hybrid,default.qubit,4,2,100,2569,0,second_grad,10,0.026539200
batch_sweep,b100,hybrid,default.qubit,4,2,100,2569,0,second_grad_quantum,10,0.018905000
batch_sweep,b100,hybrid,default.qubit,4,2,100,2569,0,second_grad_classical,10,0.007634200
batch_sweep,b100,hybrid,default.qubit,4,2,100,2569,0,param_grad,10,0.058888500
batch_sweep,b100,hybrid,default.qubit,4,2,100,2569,0,param_grad_quantum,10,0.028812600
batch_sweep,b100,hybrid,default.qubit,4,2,100,2569,0,param_grad_classical,10,0.030075900
batch_sweep,b5000,hybrid,default.qubit,4,2,5000,2569,0,forward,11,0.020685400
batch_sweep,b5000,hybrid,default.qubit,4,2,5000,2569,0,forward_quantum,11,0.019278900
batch_sweep,b5000,hybrid,default.qubit,4,2,5000,2569,0,forward_classical,11,0.001406500
batch_sweep,b5000,hybrid,default.qubit,4,2,5000,2569,0,first_grad,11,0.047711300
batch_sweep,b5000,hybrid,default.qubit,4,2,5000,2569,0,first_grad_quantum,11,0.044658100
batch_sweep,b5000,hybrid,default.qubit,4,2,5000,2569,0,first_grad_classical,11,0.003053200
batch_sweep,b5000,hybrid,default.qubit,4,2,5000,2569,0,second_grad,11,0.090269000
batch_sweep,b5000,hybrid,default.qubit,4,2,5000,2569,0,second_grad_quantum,11,0.058600600
batch_sweep,b5000,hybrid,default.qubit,4,2,5000,2569,0,second_grad_classical,11,0.031668400
batch_sweep,b5000,hybrid,default.qubit,4,2,5000,2569,0,param_grad,11,0.192732200
batch_sweep,b5000,hybrid,default.qubit,4,2,5000,2569,0,param_grad_quantum,11,0.082628000
batch_sweep,b5000,hybrid,default.qubit,4,2,5000,2569,0,param_grad_classical,11,0.110104200
batch_sweep,b500,hybrid,default.qubit,4,2,500,2569,1,forward,11,0.014533400
batch_sweep,b500,hybrid,default.qubit,4,2,500,2569,1,forward_quantum,11,0.012778900
batch_sweep,b500,hybrid,default.qubit,4,2,500,2569,1,forward_classical,11,0.001754500
batch_sweep,b500,hybrid,default.qubit,4,2,500,2569,1,first_grad,11,0.021580300
batch_sweep,b500,hybrid,default.qubit,4,2,500,2569,1,first_grad_quantum,11,0.019662500
batch_sweep,b500,hybrid,default.qubit,4,2,500,2569,1,first_grad_classical,11,0.001917800
batch_sweep,b500,hybrid,default.qubit,4,2,500,2569,1,second_grad,11,0.042441400
batch_sweep,b500,hybrid,default.qubit,4,2,500,2569,1,second_grad_quantum,11,0.028055100
batch_sweep,b500,hybrid,default.qubit,4,2,500,2569,1,second_grad_classical,11,0.014386300
batch_sweep,b500,hybrid,default.qubit,4,2,500,2569,1,param_grad,11,0.074124500
batch_sweep,b500,hybrid,default.qubit,4,2,500,2569,1,param_grad_quantum,11,0.035000600
batch_sweep,b500,hybrid,default.qubit,4,2,500,2569,1,param_grad_classical,11,0.039123900
batch_sweep,b1000,hybrid,default.qubit,4,2,1000,2569,1,forward,11,0.013982900
batch_sweep,b1000,hybrid,default.qubit,4,2,1000,2569,1,forward_quantum,11,0.013261700
batch_sweep,b1000,hybrid,default.qubit,4,2,1000,2569,1,forward_classical,11,0.000721200
batch_sweep,b1000,hybrid,default.qubit,4,2,1000,2569,1,first_grad,11,0.025971200
batch_sweep,b1000,hybrid,default.qubit,4,2,1000,2569,1,first_grad_quantum,11,0.023997300
batch_sweep,b1000,hybrid,default.qubit,4,2,1000,2569,1,first_grad_classical,11,0.001973900
batch_sweep,b1000,hybrid,default.qubit,4,2,1000,2569,1,second_grad,11,0.046850300
batch_sweep,b1000,hybrid,default.qubit,4,2,1000,2569,1,second_grad_quantum,11,0.030359500
batch_sweep,b1000,hybrid,default.qubit,4,2,1000,2569,1,second_grad_classical,11,0.016490800
batch_sweep,b1000,hybrid,default.qubit,4,2,1000,2569,1,param_grad,11,0.101806300
batch_sweep,b1000,hybrid,default.qubit,4,2,1000,2569,1,param_grad_quantum,11,0.049440600
batch_sweep,b1000,hybrid,default.qubit,4,2,1000,2569,1,param_grad_classical,11,0.052365700
batch_sweep,b1000,hybrid,default.qubit,4,2,1000,2569,2,forward,11,0.015197000
batch_sweep,b1000,hybrid,default.qubit,4,2,1000,2569,2,forward_quantum,11,0.014566400
batch_sweep,b1000,hybrid,default.qubit,4,2,1000,2569,2,forward_classical,11,0.000630600
batch_sweep,b1000,hybrid,default.qubit,4,2,1000,2569,2,first_grad,11,0.024788400
batch_sweep,b1000,hybrid,default.qubit,4,2,1000,2569,2,first_grad_quantum,11,0.022663900
batch_sweep,b1000,hybrid,default.qubit,4,2,1000,2569,2,first_grad_classical,11,0.002124500
batch_sweep,b1000,hybrid,default.qubit,4,2,1000,2569,2,second_grad,11,0.040876500
batch_sweep,b1000,hybrid,default.qubit,4,2,1000,2569,2,second_grad_quantum,11,0.029176300
batch_sweep,b1000,hybrid,default.qubit,4,2,1000,2569,2,second_grad_classical,11,0.011700200
batch_sweep,b1000,hybrid,default.qubit,4,2,1000,2569,2,param_grad,11,0.103566100
batch_sweep,b1000,hybrid,default.qubit,4,2,1000,2569,2,param_grad_quantum,11,0.048824000
batch_sweep,b1000,hybrid,default.qubit,4,2,1000,2569,2,param_grad_classical,11,0.054742100
batch_sweep,b2540,hybrid,default.qubit,4,2,2540,2569,1,forward,11,0.016650600
batch_sweep,b2540,hybrid,default.qubit,4,2,2540,2569,1,forward_quantum,11,0.015878600
batch_sweep,b2540,hybrid,default.qubit,4,2,2540,2569,1,forward_classical,11,0.000772000
batch_sweep,b2540,hybrid,default.qubit,4,2,2540,2569,1,first_grad,11,0.037744900
batch_sweep,b2540,hybrid,default.qubit,4,2,2540,2569,1,first_grad_quantum,11,0.034958100
batch_sweep,b2540,hybrid,default.qubit,4,2,2540,2569,1,first_grad_classical,11,0.002786800
batch_sweep,b2540,hybrid,default.qubit,4,2,2540,2569,1,second_grad,11,0.068847300
batch_sweep,b2540,hybrid,default.qubit,4,2,2540,2569,1,second_grad_quantum,11,0.045180400
batch_sweep,b2540,hybrid,default.qubit,4,2,2540,2569,1,second_grad_classical,11,0.023666900
batch_sweep,b2540,hybrid,default.qubit,4,2,2540,2569,1,param_grad,11,0.135952800
batch_sweep,b2540,hybrid,default.qubit,4,2,2540,2569,1,param_grad_quantum,11,0.059303800
batch_sweep,b2540,hybrid,default.qubit,4,2,2540,2569,1,param_grad_classical,11,0.076649000
batch_sweep,b100,hybrid,default.qubit,4,2,100,2569,2,forward,11,0.020294500
batch_sweep,b100,hybrid,default.qubit,4,2,100,2569,2,forward_quantum,11,0.014771400
batch_sweep,b100,hybrid,default.qubit,4,2,100,2569,2,forward_classical,11,0.005523100
batch_sweep,b100,hybrid,default.qubit,4,2,100,2569,2,first_grad,11,0.017451300
batch_sweep,b100,hybrid,default.qubit,4,2,100,2569,2,first_grad_quantum,11,0.015811200
batch_sweep,b100,hybrid,default.qubit,4,2,100,2569,2,first_grad_classical,11,0.001640100
batch_sweep,b100,hybrid,default.qubit,4,2,100,2569,2,second_grad,11,0.027148100
batch_sweep,b100,hybrid,default.qubit,4,2,100,2569,2,second_grad_quantum,11,0.018672100
batch_sweep,b100,hybrid,default.qubit,4,2,100,2569,2,second_grad_classical,11,0.008476000
batch_sweep,b100,hybrid,default.qubit,4,2,100,2569,2,param_grad,11,0.053688200
batch_sweep,b100,hybrid,default.qubit,4,2,100,2569,2,param_grad_quantum,11,0.025549400
batch_sweep,b100,hybrid,default.qubit,4,2,100,2569,2,param_grad_classical,11,0.028138800
batch_sweep,b5000,hybrid,default.qubit,4,2,5000,2569,2,forward,11,0.023104800
batch_sweep,b5000,hybrid,default.qubit,4,2,5000,2569,2,forward_quantum,11,0.021637900
batch_sweep,b5000,hybrid,default.qubit,4,2,5000,2569,2,forward_classical,11,0.001466900
batch_sweep,b5000,hybrid,default.qubit,4,2,5000,2569,2,first_grad,11,0.050232300
batch_sweep,b5000,hybrid,default.qubit,4,2,5000,2569,2,first_grad_quantum,11,0.046828600
batch_sweep,b5000,hybrid,default.qubit,4,2,5000,2569,2,first_grad_classical,11,0.003403700
batch_sweep,b5000,hybrid,default.qubit,4,2,5000,2569,2,second_grad,11,0.088257800
batch_sweep,b5000,hybrid,default.qubit,4,2,5000,2569,2,second_grad_quantum,11,0.056282600
batch_sweep,b5000,hybrid,default.qubit,4,2,5000,2569,2,second_grad_classical,11,0.031975200
batch_sweep,b5000,hybrid,default.qubit,4,2,5000,2569,2,param_grad,11,0.203524900
batch_sweep,b5000,hybrid,default.qubit,4,2,5000,2569,2,param_grad_quantum,11,0.082151400
batch_sweep,b5000,hybrid,default.qubit,4,2,5000,2569,2,param_grad_classical,11,0.121373500
batch_sweep,b1000,hybrid,default.qubit,4,2,1000,2569,0,forward,11,0.014545500
batch_sweep,b1000,hybrid,default.qubit,4,2,1000,2569,0,forward_quantum,11,0.013865300
batch_sweep,b1000,hybrid,default.qubit,4,2,1000,2569,0,forward_classical,11,0.000680200
batch_sweep,b1000,hybrid,default.qubit,4,2,1000,2569,0,first_grad,11,0.025203800
batch_sweep,b1000,hybrid,default.qubit,4,2,1000,2569,0,first_grad_quantum,11,0.023026600
batch_sweep,b1000,hybrid,default.qubit,4,2,1000,2569,0,first_grad_classical,11,0.002177200
batch_sweep,b1000,hybrid,default.qubit,4,2,1000,2569,0,second_grad,11,0.048795100
batch_sweep,b1000,hybrid,default.qubit,4,2,1000,2569,0,second_grad_quantum,11,0.032606500
batch_sweep,b1000,hybrid,default.qubit,4,2,1000,2569,0,second_grad_classical,11,0.016188600
batch_sweep,b1000,hybrid,default.qubit,4,2,1000,2569,0,param_grad,11,0.097591600
batch_sweep,b1000,hybrid,default.qubit,4,2,1000,2569,0,param_grad_quantum,11,0.044496900
batch_sweep,b1000,hybrid,default.qubit,4,2,1000,2569,0,param_grad_classical,11,0.053094700
batch_sweep,b2540,hybrid,default.qubit,4,2,2540,2569,0,forward,11,0.016095600
batch_sweep,b2540,hybrid,default.qubit,4,2,2540,2569,0,forward_quantum,11,0.015414700
batch_sweep,b2540,hybrid,default.qubit,4,2,2540,2569,0,forward_classical,11,0.000680900
batch_sweep,b2540,hybrid,default.qubit,4,2,2540,2569,0,first_grad,11,0.032456500
batch_sweep,b2540,hybrid,default.qubit,4,2,2540,2569,0,first_grad_quantum,11,0.029702700
batch_sweep,b2540,hybrid,default.qubit,4,2,2540,2569,0,first_grad_classical,11,0.002753800
batch_sweep,b2540,hybrid,default.qubit,4,2,2540,2569,0,second_grad,11,0.069433300
batch_sweep,b2540,hybrid,default.qubit,4,2,2540,2569,0,second_grad_quantum,11,0.044356000
batch_sweep,b2540,hybrid,default.qubit,4,2,2540,2569,0,second_grad_classical,11,0.025077300
batch_sweep,b2540,hybrid,default.qubit,4,2,2540,2569,0,param_grad,11,0.134259600
batch_sweep,b2540,hybrid,default.qubit,4,2,2540,2569,0,param_grad_quantum,11,0.058779500
batch_sweep,b2540,hybrid,default.qubit,4,2,2540,2569,0,param_grad_classical,11,0.075480100
batch_sweep,b500,hybrid,default.qubit,4,2,500,2569,2,forward,11,0.017857200
batch_sweep,b500,hybrid,default.qubit,4,2,500,2569,2,forward_quantum,11,0.015229500
batch_sweep,b500,hybrid,default.qubit,4,2,500,2569,2,forward_classical,11,0.002627700
batch_sweep,b500,hybrid,default.qubit,4,2,500,2569,2,first_grad,11,0.024877900
batch_sweep,b500,hybrid,default.qubit,4,2,500,2569,2,first_grad_quantum,11,0.019911200
batch_sweep,b500,hybrid,default.qubit,4,2,500,2569,2,first_grad_classical,11,0.004966700
batch_sweep,b500,hybrid,default.qubit,4,2,500,2569,2,second_grad,11,0.042385900
batch_sweep,b500,hybrid,default.qubit,4,2,500,2569,2,second_grad_quantum,11,0.027601900
batch_sweep,b500,hybrid,default.qubit,4,2,500,2569,2,second_grad_classical,11,0.014784000
batch_sweep,b500,hybrid,default.qubit,4,2,500,2569,2,param_grad,11,0.076562400
batch_sweep,b500,hybrid,default.qubit,4,2,500,2569,2,param_grad_quantum,11,0.037345700
batch_sweep,b500,hybrid,default.qubit,4,2,500,2569,2,param_grad_classical,11,0.039216700
batch_sweep,b5000,hybrid,default.qubit,4,2,5000,2569,1,forward,11,0.018140400
batch_sweep,b5000,hybrid,default.qubit,4,2,5000,2569,1,forward_quantum,11,0.016703600
batch_sweep,b5000,hybrid,default.qubit,4,2,5000,2569,1,forward_classical,11,0.001436800
batch_sweep,b5000,hybrid,default.qubit,4,2,5000,2569,1,first_grad,11,0.045858900
batch_sweep,b5000,hybrid,default.qubit,4,2,5000,2569,1,first_grad_quantum,11,0.042410400
batch_sweep,b5000,hybrid,default.qubit,4,2,5000,2569,1,first_grad_classical,11,0.003448500
batch_sweep,b5000,hybrid,default.qubit,4,2,5000,2569,1,second_grad,11,0.084924800
batch_sweep,b5000,hybrid,default.qubit,4,2,5000,2569,1,second_grad_quantum,11,0.054819200
batch_sweep,b5000,hybrid,default.qubit,4,2,5000,2569,1,second_grad_classical,11,0.030105600
batch_sweep,b5000,hybrid,default.qubit,4,2,5000,2569,1,param_grad,11,0.193929400
batch_sweep,b5000,hybrid,default.qubit,4,2,5000,2569,1,param_grad_quantum,11,0.076795300
batch_sweep,b5000,hybrid,default.qubit,4,2,5000,2569,1,param_grad_classical,11,0.117134100
batch_sweep,b100,hybrid,default.qubit,4,2,100,2569,0,forward,11,0.013772900
batch_sweep,b100,hybrid,default.qubit,4,2,100,2569,0,forward_quantum,11,0.010309500
batch_sweep,b100,hybrid,default.qubit,4,2,100,2569,0,forward_classical,11,0.003463400
batch_sweep,b100,hybrid,default.qubit,4,2,100,2569,0,first_grad,11,0.017512300
batch_sweep,b100,hybrid,default.qubit,4,2,100,2569,0,first_grad_quantum,11,0.015671500
batch_sweep,b100,hybrid,default.qubit,4,2,100,2569,0,first_grad_classical,11,0.001840800
batch_sweep,b100,hybrid,default.qubit,4,2,100,2569,0,second_grad,11,0.028311500
batch_sweep,b100,hybrid,default.qubit,4,2,100,2569,0,second_grad_quantum,11,0.019207700
batch_sweep,b100,hybrid,default.qubit,4,2,100,2569,0,second_grad_classical,11,0.009103800
batch_sweep,b100,hybrid,default.qubit,4,2,100,2569,0,param_grad,11,0.051281200
batch_sweep,b100,hybrid,default.qubit,4,2,100,2569,0,param_grad_quantum,11,0.024913500
batch_sweep,b100,hybrid,default.qubit,4,2,100,2569,0,param_grad_classical,11,0.026367700
batch_sweep,b500,hybrid,default.qubit,4,2,500,2569,0,forward,11,0.013856800
batch_sweep,b500,hybrid,default.qubit,4,2,500,2569,0,forward_quantum,11,0.013234900
batch_sweep,b500,hybrid,default.qubit,4,2,500,2569,0,forward_classical,11,0.000621900
batch_sweep,b500,hybrid,default.qubit,4,2,500,2569,0,first_grad,11,0.023532400
batch_sweep,b500,hybrid,default.qubit,4,2,500,2569,0,first_grad_quantum,11,0.021376600
batch_sweep,b500,hybrid,default.qubit,4,2,500,2569,0,first_grad_classical,11,0.002155800
batch_sweep,b500,hybrid,default.qubit,4,2,500,2569,0,second_grad,11,0.040182000
batch_sweep,b500,hybrid,default.qubit,4,2,500,2569,0,second_grad_quantum,11,0.027544900
batch_sweep,b500,hybrid,default.qubit,4,2,500,2569,0,second_grad_classical,11,0.012637100
batch_sweep,b500,hybrid,default.qubit,4,2,500,2569,0,param_grad,11,0.075493200
batch_sweep,b500,hybrid,default.qubit,4,2,500,2569,0,param_grad_quantum,11,0.036704400
batch_sweep,b500,hybrid,default.qubit,4,2,500,2569,0,param_grad_classical,11,0.038788800
batch_sweep,b2540,hybrid,default.qubit,4,2,2540,2569,2,forward,11,0.016755300
batch_sweep,b2540,hybrid,default.qubit,4,2,2540,2569,2,forward_quantum,11,0.015765400
batch_sweep,b2540,hybrid,default.qubit,4,2,2540,2569,2,forward_classical,11,0.000989900
batch_sweep,b2540,hybrid,default.qubit,4,2,2540,2569,2,first_grad,11,0.032233700
batch_sweep,b2540,hybrid,default.qubit,4,2,2540,2569,2,first_grad_quantum,11,0.029555300
batch_sweep,b2540,hybrid,default.qubit,4,2,2540,2569,2,first_grad_classical,11,0.002678400
batch_sweep,b2540,hybrid,default.qubit,4,2,2540,2569,2,second_grad,11,0.069014800
batch_sweep,b2540,hybrid,default.qubit,4,2,2540,2569,2,second_grad_quantum,11,0.045327000
batch_sweep,b2540,hybrid,default.qubit,4,2,2540,2569,2,second_grad_classical,11,0.023687800
batch_sweep,b2540,hybrid,default.qubit,4,2,2540,2569,2,param_grad,11,0.134899600
batch_sweep,b2540,hybrid,default.qubit,4,2,2540,2569,2,param_grad_quantum,11,0.060888500
batch_sweep,b2540,hybrid,default.qubit,4,2,2540,2569,2,param_grad_classical,11,0.074011100
batch_sweep,b100,hybrid,default.qubit,4,2,100,2569,1,forward,11,0.016336800
batch_sweep,b100,hybrid,default.qubit,4,2,100,2569,1,forward_quantum,11,0.013445300
batch_sweep,b100,hybrid,default.qubit,4,2,100,2569,1,forward_classical,11,0.002891500
batch_sweep,b100,hybrid,default.qubit,4,2,100,2569,1,first_grad,11,0.017785800
batch_sweep,b100,hybrid,default.qubit,4,2,100,2569,1,first_grad_quantum,11,0.015814700
batch_sweep,b100,hybrid,default.qubit,4,2,100,2569,1,first_grad_classical,11,0.001971100
batch_sweep,b100,hybrid,default.qubit,4,2,100,2569,1,second_grad,11,0.028700800
batch_sweep,b100,hybrid,default.qubit,4,2,100,2569,1,second_grad_quantum,11,0.020099000
batch_sweep,b100,hybrid,default.qubit,4,2,100,2569,1,second_grad_classical,11,0.008601800
batch_sweep,b100,hybrid,default.qubit,4,2,100,2569,1,param_grad,11,0.053506700
batch_sweep,b100,hybrid,default.qubit,4,2,100,2569,1,param_grad_quantum,11,0.026838600
batch_sweep,b100,hybrid,default.qubit,4,2,100,2569,1,param_grad_classical,11,0.026668100
batch_sweep,b1000,hybrid,default.qubit,4,2,1000,2569,1,forward,12,0.016592700
batch_sweep,b1000,hybrid,default.qubit,4,2,1000,2569,1,forward_quantum,12,0.013987200
batch_sweep,b1000,hybrid,default.qubit,4,2,1000,2569,1,forward_classical,12,0.002605500
batch_sweep,b1000,hybrid,default.qubit,4,2,1000,2569,1,first_grad,12,0.028104300
batch_sweep,b1000,hybrid,default.qubit,4,2,1000,2569,1,first_grad_quantum,12,0.025738200
batch_sweep,b1000,hybrid,default.qubit,4,2,1000,2569,1,first_grad_classical,12,0.002366100
batch_sweep,b1000,hybrid,default.qubit,4,2,1000,2569,1,second_grad,12,0.046376900
batch_sweep,b1000,hybrid,default.qubit,4,2,1000,2569,1,second_grad_quantum,12,0.032583300
batch_sweep,b1000,hybrid,default.qubit,4,2,1000,2569,1,second_grad_classical,12,0.013793600
batch_sweep,b1000,hybrid,default.qubit,4,2,1000,2569,1,param_grad,12,0.098911000
batch_sweep,b1000,hybrid,default.qubit,4,2,1000,2569,1,param_grad_quantum,12,0.045549800
batch_sweep,b1000,hybrid,default.qubit,4,2,1000,2569,1,param_grad_classical,12,0.053361200
batch_sweep,b2540,hybrid,default.qubit,4,2,2540,2569,0,forward,12,0.016661300
batch_sweep,b2540,hybrid,default.qubit,4,2,2540,2569,0,forward_quantum,12,0.015840100
batch_sweep,b2540,hybrid,default.qubit,4,2,2540,2569,0,forward_classical,12,0.000821200
batch_sweep,b2540,hybrid,default.qubit,4,2,2540,2569,0,first_grad,12,0.033130900
batch_sweep,b2540,hybrid,default.qubit,4,2,2540,2569,0,first_grad_quantum,12,0.030764100
batch_sweep,b2540,hybrid,default.qubit,4,2,2540,2569,0,first_grad_classical,12,0.002366800
batch_sweep,b2540,hybrid,default.qubit,4,2,2540,2569,0,second_grad,12,0.068904600
batch_sweep,b2540,hybrid,default.qubit,4,2,2540,2569,0,second_grad_quantum,12,0.044720000
batch_sweep,b2540,hybrid,default.qubit,4,2,2540,2569,0,second_grad_classical,12,0.024184600
batch_sweep,b2540,hybrid,default.qubit,4,2,2540,2569,0,param_grad,12,0.137135700
batch_sweep,b2540,hybrid,default.qubit,4,2,2540,2569,0,param_grad_quantum,12,0.059734300
batch_sweep,b2540,hybrid,default.qubit,4,2,2540,2569,0,param_grad_classical,12,0.077401400
batch_sweep,b100,hybrid,default.qubit,4,2,100,2569,1,forward,12,0.013710600
batch_sweep,b100,hybrid,default.qubit,4,2,100,2569,1,forward_quantum,12,0.012047100
batch_sweep,b100,hybrid,default.qubit,4,2,100,2569,1,forward_classical,12,0.001663500
batch_sweep,b100,hybrid,default.qubit,4,2,100,2569,1,first_grad,12,0.017923600
batch_sweep,b100,hybrid,default.qubit,4,2,100,2569,1,first_grad_quantum,12,0.015947200
batch_sweep,b100,hybrid,default.qubit,4,2,100,2569,1,first_grad_classical,12,0.001976400
batch_sweep,b100,hybrid,default.qubit,4,2,100,2569,1,second_grad,12,0.027869400
batch_sweep,b100,hybrid,default.qubit,4,2,100,2569,1,second_grad_quantum,12,0.019760000
batch_sweep,b100,hybrid,default.qubit,4,2,100,2569,1,second_grad_classical,12,0.008109400
batch_sweep,b100,hybrid,default.qubit,4,2,100,2569,1,param_grad,12,0.051811700
batch_sweep,b100,hybrid,default.qubit,4,2,100,2569,1,param_grad_quantum,12,0.026235400
batch_sweep,b100,hybrid,default.qubit,4,2,100,2569,1,param_grad_classical,12,0.025576300
batch_sweep,b1000,hybrid,default.qubit,4,2,1000,2569,0,forward,12,0.015202300
batch_sweep,b1000,hybrid,default.qubit,4,2,1000,2569,0,forward_quantum,12,0.014296800
batch_sweep,b1000,hybrid,default.qubit,4,2,1000,2569,0,forward_classical,12,0.000905500
batch_sweep,b1000,hybrid,default.qubit,4,2,1000,2569,0,first_grad,12,0.025677300
batch_sweep,b1000,hybrid,default.qubit,4,2,1000,2569,0,first_grad_quantum,12,0.023393600
batch_sweep,b1000,hybrid,default.qubit,4,2,1000,2569,0,first_grad_classical,12,0.002283700
batch_sweep,b1000,hybrid,default.qubit,4,2,1000,2569,0,second_grad,12,0.047230700
batch_sweep,b1000,hybrid,default.qubit,4,2,1000,2569,0,second_grad_quantum,12,0.032582900
batch_sweep,b1000,hybrid,default.qubit,4,2,1000,2569,0,second_grad_classical,12,0.014647800
batch_sweep,b1000,hybrid,default.qubit,4,2,1000,2569,0,param_grad,12,0.097687800
batch_sweep,b1000,hybrid,default.qubit,4,2,1000,2569,0,param_grad_quantum,12,0.045467500
batch_sweep,b1000,hybrid,default.qubit,4,2,1000,2569,0,param_grad_classical,12,0.052220300
batch_sweep,b2540,hybrid,default.qubit,4,2,2540,2569,2,forward,12,0.016440700
batch_sweep,b2540,hybrid,default.qubit,4,2,2540,2569,2,forward_quantum,12,0.015598200
batch_sweep,b2540,hybrid,default.qubit,4,2,2540,2569,2,forward_classical,12,0.000842500
batch_sweep,b2540,hybrid,default.qubit,4,2,2540,2569,2,first_grad,12,0.035126400
batch_sweep,b2540,hybrid,default.qubit,4,2,2540,2569,2,first_grad_quantum,12,0.030710200
batch_sweep,b2540,hybrid,default.qubit,4,2,2540,2569,2,first_grad_classical,12,0.004416200
batch_sweep,b2540,hybrid,default.qubit,4,2,2540,2569,2,second_grad,12,0.068448000
batch_sweep,b2540,hybrid,default.qubit,4,2,2540,2569,2,second_grad_quantum,12,0.044109800
batch_sweep,b2540,hybrid,default.qubit,4,2,2540,2569,2,second_grad_classical,12,0.024338200
batch_sweep,b2540,hybrid,default.qubit,4,2,2540,2569,2,param_grad,12,0.134636700
batch_sweep,b2540,hybrid,default.qubit,4,2,2540,2569,2,param_grad_quantum,12,0.060282400
batch_sweep,b2540,hybrid,default.qubit,4,2,2540,2569,2,param_grad_classical,12,0.074354300
batch_sweep,b500,hybrid,default.qubit,4,2,500,2569,2,forward,12,0.015443300
batch_sweep,b500,hybrid,default.qubit,4,2,500,2569,2,forward_quantum,12,0.012600800
batch_sweep,b500,hybrid,default.qubit,4,2,500,2569,2,forward_classical,12,0.002842500
batch_sweep,b500,hybrid,default.qubit,4,2,500,2569,2,first_grad,12,0.025354300
batch_sweep,b500,hybrid,default.qubit,4,2,500,2569,2,first_grad_quantum,12,0.020813800
batch_sweep,b500,hybrid,default.qubit,4,2,500,2569,2,first_grad_classical,12,0.004540500
batch_sweep,b500,hybrid,default.qubit,4,2,500,2569,2,second_grad,12,0.041229400
batch_sweep,b500,hybrid,default.qubit,4,2,500,2569,2,second_grad_quantum,12,0.027474600
batch_sweep,b500,hybrid,default.qubit,4,2,500,2569,2,second_grad_classical,12,0.013754800
batch_sweep,b500,hybrid,default.qubit,4,2,500,2569,2,param_grad,12,0.074209300
batch_sweep,b500,hybrid,default.qubit,4,2,500,2569,2,param_grad_quantum,12,0.035512700
batch_sweep,b500,hybrid,default.qubit,4,2,500,2569,2,param_grad_classical,12,0.038696600
batch_sweep,b1000,hybrid,default.qubit,4,2,1000,2569,2,forward,12,0.014592600
batch_sweep,b1000,hybrid,default.qubit,4,2,1000,2569,2,forward_quantum,12,0.013766200
batch_sweep,b1000,hybrid,default.qubit,4,2,1000,2569,2,forward_classical,12,0.000826400
batch_sweep,b1000,hybrid,default.qubit,4,2,1000,2569,2,first_grad,12,0.025272900
batch_sweep,b1000,hybrid,default.qubit,4,2,1000,2569,2,first_grad_quantum,12,0.022906500
batch_sweep,b1000,hybrid,default.qubit,4,2,1000,2569,2,first_grad_classical,12,0.002366400
batch_sweep,b1000,hybrid,default.qubit,4,2,1000,2569,2,second_grad,12,0.049646600
batch_sweep,b1000,hybrid,default.qubit,4,2,1000,2569,2,second_grad_quantum,12,0.035139000
batch_sweep,b1000,hybrid,default.qubit,4,2,1000,2569,2,second_grad_classical,12,0.014507600
batch_sweep,b1000,hybrid,default.qubit,4,2,1000,2569,2,param_grad,12,0.096931400
batch_sweep,b1000,hybrid,default.qubit,4,2,1000,2569,2,param_grad_quantum,12,0.045487700
batch_sweep,b1000,hybrid,default.qubit,4,2,1000,2569,2,param_grad_classical,12,0.051443700
batch_sweep,b5000,hybrid,default.qubit,4,2,5000,2569,0,forward,12,0.020606900
batch_sweep,b5000,hybrid,default.qubit,4,2,5000,2569,0,forward_quantum,12,0.019672000
batch_sweep,b5000,hybrid,default.qubit,4,2,5000,2569,0,forward_classical,12,0.000934900
batch_sweep,b5000,hybrid,default.qubit,4,2,5000,2569,0,first_grad,12,0.049177600
batch_sweep,b5000,hybrid,default.qubit,4,2,5000,2569,0,first_grad_quantum,12,0.045373000
batch_sweep,b5000,hybrid,default.qubit,4,2,5000,2569,0,first_grad_classical,12,0.003804600
batch_sweep,b5000,hybrid,default.qubit,4,2,5000,2569,0,second_grad,12,0.097076700
batch_sweep,b5000,hybrid,default.qubit,4,2,5000,2569,0,second_grad_quantum,12,0.064484500
batch_sweep,b5000,hybrid,default.qubit,4,2,5000,2569,0,second_grad_classical,12,0.032592200
batch_sweep,b5000,hybrid,default.qubit,4,2,5000,2569,0,param_grad,12,0.198609400
batch_sweep,b5000,hybrid,default.qubit,4,2,5000,2569,0,param_grad_quantum,12,0.084680900
batch_sweep,b5000,hybrid,default.qubit,4,2,5000,2569,0,param_grad_classical,12,0.113928500
batch_sweep,b500,hybrid,default.qubit,4,2,500,2569,0,forward,12,0.013293000
batch_sweep,b500,hybrid,default.qubit,4,2,500,2569,0,forward_quantum,12,0.012668300
batch_sweep,b500,hybrid,default.qubit,4,2,500,2569,0,forward_classical,12,0.000624700
batch_sweep,b500,hybrid,default.qubit,4,2,500,2569,0,first_grad,12,0.025332100
batch_sweep,b500,hybrid,default.qubit,4,2,500,2569,0,first_grad_quantum,12,0.020517400
batch_sweep,b500,hybrid,default.qubit,4,2,500,2569,0,first_grad_classical,12,0.004814700
batch_sweep,b500,hybrid,default.qubit,4,2,500,2569,0,second_grad,12,0.040632900
batch_sweep,b500,hybrid,default.qubit,4,2,500,2569,0,second_grad_quantum,12,0.026581500
batch_sweep,b500,hybrid,default.qubit,4,2,500,2569,0,second_grad_classical,12,0.014051400
batch_sweep,b500,hybrid,default.qubit,4,2,500,2569,0,param_grad,12,0.077038500
batch_sweep,b500,hybrid,default.qubit,4,2,500,2569,0,param_grad_quantum,12,0.036238600
batch_sweep,b500,hybrid,default.qubit,4,2,500,2569,0,param_grad_classical,12,0.040799900
batch_sweep,b5000,hybrid,default.qubit,4,2,5000,2569,1,forward,12,0.020147800
batch_sweep,b5000,hybrid,default.qubit,4,2,5000,2569,1,forward_quantum,12,0.018699400
batch_sweep,b5000,hybrid,default.qubit,4,2,5000,2569,1,forward_classical,12,0.001448400
batch_sweep,b5000,hybrid,default.qubit,4,2,5000,2569,1,first_grad,12,0.047206100
batch_sweep,b5000,hybrid,default.qubit,4,2,5000,2569,1,first_grad_quantum,12,0.043407000
batch_sweep,b5000,hybrid,default.qubit,4,2,5000,2569,1,first_grad_classical,12,0.003799100
batch_sweep,b5000,hybrid,default.qubit,4,2,5000,2569,1,second_grad,12,0.085923100
batch_sweep,b5000,hybrid,default.qubit,4,2,5000,2569,1,second_grad_quantum,12,0.058086600
batch_sweep,b5000,hybrid,default.qubit,4,2,5000,2569,1,second_grad_classical,12,0.027836500
batch_sweep,b5000,hybrid,default.qubit,4,2,5000,2569,1,param_grad,12,0.199608200
batch_sweep,b5000,hybrid,default.qubit,4,2,5000,2569,1,param_grad_quantum,12,0.081812100
batch_sweep,b5000,hybrid,default.qubit,4,2,5000,2569,1,param_grad_classical,12,0.117796100
batch_sweep,b500,hybrid,default.qubit,4,2,500,2569,1,forward,12,0.013032300
batch_sweep,b500,hybrid,default.qubit,4,2,500,2569,1,forward_quantum,12,0.012351100
batch_sweep,b500,hybrid,default.qubit,4,2,500,2569,1,forward_classical,12,0.000681200
batch_sweep,b500,hybrid,default.qubit,4,2,500,2569,1,first_grad,12,0.025105300
batch_sweep,b500,hybrid,default.qubit,4,2,500,2569,1,first_grad_quantum,12,0.019943200
batch_sweep,b500,hybrid,default.qubit,4,2,500,2569,1,first_grad_classical,12,0.005162100
batch_sweep,b500,hybrid,default.qubit,4,2,500,2569,1,second_grad,12,0.038522300
batch_sweep,b500,hybrid,default.qubit,4,2,500,2569,1,second_grad_quantum,12,0.026758100
batch_sweep,b500,hybrid,default.qubit,4,2,500,2569,1,second_grad_classical,12,0.011764200
batch_sweep,b500,hybrid,default.qubit,4,2,500,2569,1,param_grad,12,0.075876200
batch_sweep,b500,hybrid,default.qubit,4,2,500,2569,1,param_grad_quantum,12,0.037385400
batch_sweep,b500,hybrid,default.qubit,4,2,500,2569,1,param_grad_classical,12,0.038490800
batch_sweep,b2540,hybrid,default.qubit,4,2,2540,2569,1,forward,12,0.016031600
batch_sweep,b2540,hybrid,default.qubit,4,2,2540,2569,1,forward_quantum,12,0.015187400
batch_sweep,b2540,hybrid,default.qubit,4,2,2540,2569,1,forward_classical,12,0.000844200
batch_sweep,b2540,hybrid,default.qubit,4,2,2540,2569,1,first_grad,12,0.036453600
batch_sweep,b2540,hybrid,default.qubit,4,2,2540,2569,1,first_grad_quantum,12,0.033286300
batch_sweep,b2540,hybrid,default.qubit,4,2,2540,2569,1,first_grad_classical,12,0.003167300
batch_sweep,b2540,hybrid,default.qubit,4,2,2540,2569,1,second_grad,12,0.071036500
batch_sweep,b2540,hybrid,default.qubit,4,2,2540,2569,1,second_grad_quantum,12,0.045349900
batch_sweep,b2540,hybrid,default.qubit,4,2,2540,2569,1,second_grad_classical,12,0.025686600
batch_sweep,b2540,hybrid,default.qubit,4,2,2540,2569,1,param_grad,12,0.138592000
batch_sweep,b2540,hybrid,default.qubit,4,2,2540,2569,1,param_grad_quantum,12,0.059166500
batch_sweep,b2540,hybrid,default.qubit,4,2,2540,2569,1,param_grad_classical,12,0.079425500
batch_sweep,b100,hybrid,default.qubit,4,2,100,2569,0,forward,12,0.014352800
batch_sweep,b100,hybrid,default.qubit,4,2,100,2569,0,forward_quantum,12,0.011868600
batch_sweep,b100,hybrid,default.qubit,4,2,100,2569,0,forward_classical,12,0.002484200
batch_sweep,b100,hybrid,default.qubit,4,2,100,2569,0,first_grad,12,0.017318200
batch_sweep,b100,hybrid,default.qubit,4,2,100,2569,0,first_grad_quantum,12,0.015788500
batch_sweep,b100,hybrid,default.qubit,4,2,100,2569,0,first_grad_classical,12,0.001529700
batch_sweep,b100,hybrid,default.qubit,4,2,100,2569,0,second_grad,12,0.030230800
batch_sweep,b100,hybrid,default.qubit,4,2,100,2569,0,second_grad_quantum,12,0.021830800
batch_sweep,b100,hybrid,default.qubit,4,2,100,2569,0,second_grad_classical,12,0.008400000
batch_sweep,b100,hybrid,default.qubit,4,2,100,2569,0,param_grad,12,0.056501900
batch_sweep,b100,hybrid,default.qubit,4,2,100,2569,0,param_grad_quantum,12,0.028418300
batch_sweep,b100,hybrid,default.qubit,4,2,100,2569,0,param_grad_classical,12,0.028083600
batch_sweep,b100,hybrid,default.qubit,4,2,100,2569,2,forward,12,0.010852800
batch_sweep,b100,hybrid,default.qubit,4,2,100,2569,2,forward_quantum,12,0.010227900
batch_sweep,b100,hybrid,default.qubit,4,2,100,2569,2,forward_classical,12,0.000624900
batch_sweep,b100,hybrid,default.qubit,4,2,100,2569,2,first_grad,12,0.017696100
batch_sweep,b100,hybrid,default.qubit,4,2,100,2569,2,first_grad_quantum,12,0.015830200
batch_sweep,b100,hybrid,default.qubit,4,2,100,2569,2,first_grad_classical,12,0.001865900
batch_sweep,b100,hybrid,default.qubit,4,2,100,2569,2,second_grad,12,0.027955200
batch_sweep,b100,hybrid,default.qubit,4,2,100,2569,2,second_grad_quantum,12,0.019600800
batch_sweep,b100,hybrid,default.qubit,4,2,100,2569,2,second_grad_classical,12,0.008354400
batch_sweep,b100,hybrid,default.qubit,4,2,100,2569,2,param_grad,12,0.052388600
batch_sweep,b100,hybrid,default.qubit,4,2,100,2569,2,param_grad_quantum,12,0.028467700
batch_sweep,b100,hybrid,default.qubit,4,2,100,2569,2,param_grad_classical,12,0.023920900
batch_sweep,b5000,hybrid,default.qubit,4,2,5000,2569,2,forward,12,0.021788000
batch_sweep,b5000,hybrid,default.qubit,4,2,5000,2569,2,forward_quantum,12,0.020525000
batch_sweep,b5000,hybrid,default.qubit,4,2,5000,2569,2,forward_classical,12,0.001263000
batch_sweep,b5000,hybrid,default.qubit,4,2,5000,2569,2,first_grad,12,0.047695500
batch_sweep,b5000,hybrid,default.qubit,4,2,5000,2569,2,first_grad_quantum,12,0.044707200
batch_sweep,b5000,hybrid,default.qubit,4,2,5000,2569,2,first_grad_classical,12,0.002988300
batch_sweep,b5000,hybrid,default.qubit,4,2,5000,2569,2,second_grad,12,0.090916600
batch_sweep,b5000,hybrid,default.qubit,4,2,5000,2569,2,second_grad_quantum,12,0.058200300
batch_sweep,b5000,hybrid,default.qubit,4,2,5000,2569,2,second_grad_classical,12,0.032716300
batch_sweep,b5000,hybrid,default.qubit,4,2,5000,2569,2,param_grad,12,0.204258000
batch_sweep,b5000,hybrid,default.qubit,4,2,5000,2569,2,param_grad_quantum,12,0.085691400
batch_sweep,b5000,hybrid,default.qubit,4,2,5000,2569,2,param_grad_classical,12,0.118566600
batch_sweep,b500,hybrid,default.qubit,4,2,500,2569,2,forward,13,0.017249000
batch_sweep,b500,hybrid,default.qubit,4,2,500,2569,2,forward_quantum,13,0.015550700
batch_sweep,b500,hybrid,default.qubit,4,2,500,2569,2,forward_classical,13,0.001698300
batch_sweep,b500,hybrid,default.qubit,4,2,500,2569,2,first_grad,13,0.022937700
batch_sweep,b500,hybrid,default.qubit,4,2,500,2569,2,first_grad_quantum,13,0.020817600
batch_sweep,b500,hybrid,default.qubit,4,2,500,2569,2,first_grad_classical,13,0.002120100
batch_sweep,b500,hybrid,default.qubit,4,2,500,2569,2,second_grad,13,0.039444900
batch_sweep,b500,hybrid,default.qubit,4,2,500,2569,2,second_grad_quantum,13,0.027274400
batch_sweep,b500,hybrid,default.qubit,4,2,500,2569,2,second_grad_classical,13,0.012170500
batch_sweep,b500,hybrid,default.qubit,4,2,500,2569,2,param_grad,13,0.074492900
batch_sweep,b500,hybrid,default.qubit,4,2,500,2569,2,param_grad_quantum,13,0.036957600
batch_sweep,b500,hybrid,default.qubit,4,2,500,2569,2,param_grad_classical,13,0.037535300
batch_sweep,b100,hybrid,default.qubit,4,2,100,2569,2,forward,13,0.010827600
batch_sweep,b100,hybrid,default.qubit,4,2,100,2569,2,forward_quantum,13,0.009518400
batch_sweep,b100,hybrid,default.qubit,4,2,100,2569,2,forward_classical,13,0.001309200
batch_sweep,b100,hybrid,default.qubit,4,2,100,2569,2,first_grad,13,0.016804800
batch_sweep,b100,hybrid,default.qubit,4,2,100,2569,2,first_grad_quantum,13,0.015022100
batch_sweep,b100,hybrid,default.qubit,4,2,100,2569,2,first_grad_classical,13,0.001782700
batch_sweep,b100,hybrid,default.qubit,4,2,100,2569,2,second_grad,13,0.030488000
batch_sweep,b100,hybrid,default.qubit,4,2,100,2569,2,second_grad_quantum,13,0.020112000
batch_sweep,b100,hybrid,default.qubit,4,2,100,2569,2,second_grad_classical,13,0.010376000
batch_sweep,b100,hybrid,default.qubit,4,2,100,2569,2,param_grad,13,0.054383000
batch_sweep,b100,hybrid,default.qubit,4,2,100,2569,2,param_grad_quantum,13,0.027932500
batch_sweep,b100,hybrid,default.qubit,4,2,100,2569,2,param_grad_classical,13,0.026450500
batch_sweep,b5000,hybrid,default.qubit,4,2,5000,2569,0,forward,13,0.019799900
batch_sweep,b5000,hybrid,default.qubit,4,2,5000,2569,0,forward_quantum,13,0.018592800
batch_sweep,b5000,hybrid,default.qubit,4,2,5000,2569,0,forward_classical,13,0.001207100
batch_sweep,b5000,hybrid,default.qubit,4,2,5000,2569,0,first_grad,13,0.051263600
batch_sweep,b5000,hybrid,default.qubit,4,2,5000,2569,0,first_grad_quantum,13,0.047546200
batch_sweep,b5000,hybrid,default.qubit,4,2,5000,2569,0,first_grad_classical,13,0.003717400
batch_sweep,b5000,hybrid,default.qubit,4,2,5000,2569,0,second_grad,13,0.093962900
batch_sweep,b5000,hybrid,default.qubit,4,2,5000,2569,0,second_grad_quantum,13,0.061903400
batch_sweep,b5000,hybrid,default.qubit,4,2,5000,2569,0,second_grad_classical,13,0.032059500
batch_sweep,b5000,hybrid,default.qubit,4,2,5000,2569,0,param_grad,13,0.197188800
batch_sweep,b5000,hybrid,default.qubit,4,2,5000,2569,0,param_grad_quantum,13,0.083189900
batch_sweep,b5000,hybrid,default.qubit,4,2,5000,2569,0,param_grad_classical,13,0.113998900
batch_sweep,b2540,hybrid,default.qubit,4,2,2540,2569,0,forward,13,0.016310600
batch_sweep,b2540,hybrid,default.qubit,4,2,2540,2569,0,forward_quantum,13,0.015430400
batch_sweep,b2540,hybrid,default.qubit,4,2,2540,2569,0,forward_classical,13,0.000880200
batch_sweep,b2540,hybrid,default.qubit,4,2,2540,2569,0,first_grad,13,0.033099200
batch_sweep,b2540,hybrid,default.qubit,4,2,2540,2569,0,first_grad_quantum,13,0.030439900
batch_sweep,b2540,hybrid,default.qubit,4,2,2540,2569,0,first_grad_classical,13,0.002659300
batch_sweep,b2540,hybrid,default.qubit,4,2,2540,2569,0,second_grad,13,0.070316900
batch_sweep,b2540,hybrid,default.qubit,4,2,2540,2569,0,second_grad_quantum,13,0.045713300
batch_sweep,b2540,hybrid,default.qubit,4,2,2540,2569,0,second_grad_classical,13,0.024603600
batch_sweep,b2540,hybrid,default.qubit,4,2,2540,2569,0,param_grad,13,0.142238000
batch_sweep,b2540,hybrid,default.qubit,4,2,2540,2569,0,param_grad_quantum,13,0.063505500
batch_sweep,b2540,hybrid,default.qubit,4,2,2540,2569,0,param_grad_classical,13,0.078732500
batch_sweep,b100,hybrid,default.qubit,4,2,100,2569,1,forward,13,0.010684200
batch_sweep,b100,hybrid,default.qubit,4,2,100,2569,1,forward_quantum,13,0.010157900
batch_sweep,b100,hybrid,default.qubit,4,2,100,2569,1,forward_classical,13,0.000526300
batch_sweep,b100,hybrid,default.qubit,4,2,100,2569,1,first_grad,13,0.016893700
batch_sweep,b100,hybrid,default.qubit,4,2,100,2569,1,first_grad_quantum,13,0.014971700
batch_sweep,b100,hybrid,default.qubit,4,2,100,2569,1,first_grad_classical,13,0.001922000
batch_sweep,b100,hybrid,default.qubit,4,2,100,2569,1,second_grad,13,0.031227300
batch_sweep,b100,hybrid,default.qubit,4,2,100,2569,1,second_grad_quantum,13,0.019297200
batch_sweep,b100,hybrid,default.qubit,4,2,100,2569,1,second_grad_classical,13,0.011930100
batch_sweep,b100,hybrid,default.qubit,4,2,100,2569,1,param_grad,13,0.060748500
batch_sweep,b100,hybrid,default.qubit,4,2,100,2569,1,param_grad_quantum,13,0.028817500
batch_sweep,b100,hybrid,default.qubit,4,2,100,2569,1,param_grad_classical,13,0.031931000
batch_sweep,b5000,hybrid,default.qubit,4,2,5000,2569,2,forward,13,0.020063100
batch_sweep,b5000,hybrid,default.qubit,4,2,5000,2569,2,forward_quantum,13,0.018714000
batch_sweep,b5000,hybrid,default.qubit,4,2,5000,2569,2,forward_classical,13,0.001349100
batch_sweep,b5000,hybrid,default.qubit,4,2,5000,2569,2,first_grad,13,0.052202700
batch_sweep,b5000,hybrid,default.qubit,4,2,5000,2569,2,first_grad_quantum,13,0.048806500
batch_sweep,b5000,hybrid,default.qubit,4,2,5000,2569,2,first_grad_classical,13,0.003396200
batch_sweep,b5000,hybrid,default.qubit,4,2,5000,2569,2,second_grad,13,0.087322400
batch_sweep,b5000,hybrid,default.qubit,4,2,5000,2569,2,second_grad_quantum,13,0.054747300
batch_sweep,b5000,hybrid,default.qubit,4,2,5000,2569,2,second_grad_classical,13,0.032575100
batch_sweep,b5000,hybrid,default.qubit,4,2,5000,2569,2,param_grad,13,0.209961500
batch_sweep,b5000,hybrid,default.qubit,4,2,5000,2569,2,param_grad_quantum,13,0.086478300
batch_sweep,b5000,hybrid,default.qubit,4,2,5000,2569,2,param_grad_classical,13,0.123483200
batch_sweep,b1000,hybrid,default.qubit,4,2,1000,2569,2,forward,13,0.015523200
batch_sweep,b1000,hybrid,default.qubit,4,2,1000,2569,2,forward_quantum,13,0.014879100
batch_sweep,b1000,hybrid,default.qubit,4,2,1000,2569,2,forward_classical,13,0.000644100
batch_sweep,b1000,hybrid,default.qubit,4,2,1000,2569,2,first_grad,13,0.025510500
batch_sweep,b1000,hybrid,default.qubit,4,2,1000,2569,2,first_grad_quantum,13,0.023332100
batch_sweep,b1000,hybrid,default.qubit,4,2,1000,2569,2,first_grad_classical,13,0.002178400
batch_sweep,b1000,hybrid,default.qubit,4,2,1000,2569,2,second_grad,13,0.049342100
batch_sweep,b1000,hybrid,default.qubit,4,2,1000,2569,2,second_grad_quantum,13,0.031483900
batch_sweep,b1000,hybrid,default.qubit,4,2,1000,2569,2,second_grad_classical,13,0.017858200
batch_sweep,b1000,hybrid,default.qubit,4,2,1000,2569,2,param_grad,13,0.099891800
batch_sweep,b1000,hybrid,default.qubit,4,2,1000,2569,2,param_grad_quantum,13,0.045453300
batch_sweep,b1000,hybrid,default.qubit,4,2,1000,2569,2,param_grad_classical,13,0.054438500
batch_sweep,b500,hybrid,default.qubit,4,2,500,2569,1,forward,13,0.013246200
batch_sweep,b500,hybrid,default.qubit,4,2,500,2569,1,forward_quantum,13,0.012627900
batch_sweep,b500,hybrid,default.qubit,4,2,500,2569,1,forward_classical,13,0.000618300
batch_sweep,b500,hybrid,default.qubit,4,2,500,2569,1,first_grad,13,0.024179800
batch_sweep,b500,hybrid,default.qubit,4,2,500,2569,1,first_grad_quantum,13,0.019731200
batch_sweep,b500,hybrid,default.qubit,4,2,500,2569,1,first_grad_classical,13,0.004448600
batch_sweep,b500,hybrid,default.qubit,4,2,500,2569,1,second_grad,13,0.039281300
batch_sweep,b500,hybrid,default.qubit,4,2,500,2569,1,second_grad_quantum,13,0.026942300
batch_sweep,b500,hybrid,default.qubit,4,2,500,2569,1,second_grad_classical,13,0.012339000
batch_sweep,b500,hybrid,default.qubit,4,2,500,2569,1,param_grad,13,0.072150700
batch_sweep,b500,hybrid,default.qubit,4,2,500,2569,1,param_grad_quantum,13,0.034644600
batch_sweep,b500,hybrid,default.qubit,4,2,500,2569,1,param_grad_classical,13,0.037506100
batch_sweep,b500,hybrid,default.qubit,4,2,500,2569,0,forward,13,0.013041700
batch_sweep,b500,hybrid,default.qubit,4,2,500,2569,0,forward_quantum,13,0.012418300
batch_sweep,b500,hybrid,default.qubit,4,2,500,2569,0,forward_classical,13,0.000623400
batch_sweep,b500,hybrid,default.qubit,4,2,500,2569,0,first_grad,13,0.020995400
batch_sweep,b500,hybrid,default.qubit,4,2,500,2569,0,first_grad_quantum,13,0.018003100
batch_sweep,b500,hybrid,default.qubit,4,2,500,2569,0,first_grad_classical,13,0.002992300
batch_sweep,b500,hybrid,default.qubit,4,2,500,2569,0,second_grad,13,0.039387000
batch_sweep,b500,hybrid,default.qubit,4,2,500,2569,0,second_grad_quantum,13,0.027186000
batch_sweep,b500,hybrid,default.qubit,4,2,500,2569,0,second_grad_classical,13,0.012201000
batch_sweep,b500,hybrid,default.qubit,4,2,500,2569,0,param_grad,13,0.075186900
batch_sweep,b500,hybrid,default.qubit,4,2,500,2569,0,param_grad_quantum,13,0.036013000
batch_sweep,b500,hybrid,default.qubit,4,2,500,2569,0,param_grad_classical,13,0.039173900
batch_sweep,b5000,hybrid,default.qubit,4,2,5000,2569,1,forward,13,0.021931500
batch_sweep,b5000,hybrid,default.qubit,4,2,5000,2569,1,forward_quantum,13,0.020847000
batch_sweep,b5000,hybrid,default.qubit,4,2,5000,2569,1,forward_classical,13,0.001084500
batch_sweep,b5000,hybrid,default.qubit,4,2,5000,2569,1,first_grad,13,0.049841900
batch_sweep,b5000,hybrid,default.qubit,4,2,5000,2569,1,first_grad_quantum,13,0.046375600
batch_sweep,b5000,hybrid,default.qubit,4,2,5000,2569,1,first_grad_classical,13,0.003466300
batch_sweep,b5000,hybrid,default.qubit,4,2,5000,2569,1,second_grad,13,0.093646200
batch_sweep,b5000,hybrid,default.qubit,4,2,5000,2569,1,second_grad_quantum,13,0.058600200
batch_sweep,b5000,hybrid,default.qubit,4,2,5000,2569,1,second_grad_classical,13,0.035046000
batch_sweep,b5000,hybrid,default.qubit,4,2,5000,2569,1,param_grad,13,0.209132700
batch_sweep,b5000,hybrid,default.qubit,4,2,5000,2569,1,param_grad_quantum,13,0.085598500
batch_sweep,b5000,hybrid,default.qubit,4,2,5000,2569,1,param_grad_classical,13,0.123534200
batch_sweep,b2540,hybrid,default.qubit,4,2,2540,2569,2,forward,13,0.016910900
batch_sweep,b2540,hybrid,default.qubit,4,2,2540,2569,2,forward_quantum,13,0.015964000
batch_sweep,b2540,hybrid,default.qubit,4,2,2540,2569,2,forward_classical,13,0.000946900
batch_sweep,b2540,hybrid,default.qubit,4,2,2540,2569,2,first_grad,13,0.039407500
batch_sweep,b2540,hybrid,default.qubit,4,2,2540,2569,2,first_grad_quantum,13,0.033666500
batch_sweep,b2540,hybrid,default.qubit,4,2,2540,2569,2,first_grad_classical,13,0.005741000
batch_sweep,b2540,hybrid,default.qubit,4,2,2540,2569,2,second_grad,13,0.068555400
batch_sweep,b2540,hybrid,default.qubit,4,2,2540,2569,2,second_grad_quantum,13,0.044195800
batch_sweep,b2540,hybrid,default.qubit,4,2,2540,2569,2,second_grad_classical,13,0.024359600
batch_sweep,b2540,hybrid,default.qubit,4,2,2540,2569,2,param_grad,13,0.141885500
batch_sweep,b2540,hybrid,default.qubit,4,2,2540,2569,2,param_grad_quantum,13,0.062513400
batch_sweep,b2540,hybrid,default.qubit,4,2,2540,2569,2,param_grad_classical,13,0.079372100
batch_sweep,b1000,hybrid,default.qubit,4,2,1000,2569,1,forward,13,0.013999900
batch_sweep,b1000,hybrid,default.qubit,4,2,1000,2569,1,forward_quantum,13,0.013380500
batch_sweep,b1000,hybrid,default.qubit,4,2,1000,2569,1,forward_classical,13,0.000619400
batch_sweep,b1000,hybrid,default.qubit,4,2,1000,2569,1,first_grad,13,0.024340700
batch_sweep,b1000,hybrid,default.qubit,4,2,1000,2569,1,first_grad_quantum,13,0.022162300
batch_sweep,b1000,hybrid,default.qubit,4,2,1000,2569,1,first_grad_classical,13,0.002178400
batch_sweep,b1000,hybrid,default.qubit,4,2,1000,2569,1,second_grad,13,0.049837900
batch_sweep,b1000,hybrid,default.qubit,4,2,1000,2569,1,second_grad_quantum,13,0.032805700
batch_sweep,b1000,hybrid,default.qubit,4,2,1000,2569,1,second_grad_classical,13,0.017032200
batch_sweep,b1000,hybrid,default.qubit,4,2,1000,2569,1,param_grad,13,0.097160100
batch_sweep,b1000,hybrid,default.qubit,4,2,1000,2569,1,param_grad_quantum,13,0.045122100
batch_sweep,b1000,hybrid,default.qubit,4,2,1000,2569,1,param_grad_classical,13,0.052038000
batch_sweep,b2540,hybrid,default.qubit,4,2,2540,2569,1,forward,13,0.017666000
batch_sweep,b2540,hybrid,default.qubit,4,2,2540,2569,1,forward_quantum,13,0.016879000
batch_sweep,b2540,hybrid,default.qubit,4,2,2540,2569,1,forward_classical,13,0.000787000
batch_sweep,b2540,hybrid,default.qubit,4,2,2540,2569,1,first_grad,13,0.032440000
batch_sweep,b2540,hybrid,default.qubit,4,2,2540,2569,1,first_grad_quantum,13,0.028869900
batch_sweep,b2540,hybrid,default.qubit,4,2,2540,2569,1,first_grad_classical,13,0.003570100
batch_sweep,b2540,hybrid,default.qubit,4,2,2540,2569,1,second_grad,13,0.071117300
batch_sweep,b2540,hybrid,default.qubit,4,2,2540,2569,1,second_grad_quantum,13,0.045652800
batch_sweep,b2540,hybrid,default.qubit,4,2,2540,2569,1,second_grad_classical,13,0.025464500
batch_sweep,b2540,hybrid,default.qubit,4,2,2540,2569,1,param_grad,13,0.137457000
batch_sweep,b2540,hybrid,default.qubit,4,2,2540,2569,1,param_grad_quantum,13,0.061644100
batch_sweep,b2540,hybrid,default.qubit,4,2,2540,2569,1,param_grad_classical,13,0.075812900
batch_sweep,b100,hybrid,default.qubit,4,2,100,2569,0,forward,13,0.013157300
batch_sweep,b100,hybrid,default.qubit,4,2,100,2569,0,forward_quantum,13,0.010122000
batch_sweep,b100,hybrid,default.qubit,4,2,100,2569,0,forward_classical,13,0.003035300
batch_sweep,b100,hybrid,default.qubit,4,2,100,2569,0,first_grad,13,0.017461800
batch_sweep,b100,hybrid,default.qubit,4,2,100,2569,0,first_grad_quantum,13,0.015588000
batch_sweep,b100,hybrid,default.qubit,4,2,100,2569,0,first_grad_classical,13,0.001873800
batch_sweep,b100,hybrid,default.qubit,4,2,100,2569,0,second_grad,13,0.031466500
batch_sweep,b100,hybrid,default.qubit,4,2,100,2569,0,second_grad_quantum,13,0.020378300
batch_sweep,b100,hybrid,default.qubit,4,2,100,2569,0,second_grad_classical,13,0.011088200
batch_sweep,b100,hybrid,default.qubit,4,2,100,2569,0,param_grad,13,0.056551600
batch_sweep,b100,hybrid,default.qubit,4,2,100,2569,0,param_grad_quantum,13,0.030540300
batch_sweep,b100,hybrid,default.qubit,4,2,100,2569,0,param_grad_classical,13,0.026011300
batch_sweep,b1000,hybrid,default.qubit,4,2,1000,2569,0,forward,13,0.015086800
batch_sweep,b1000,hybrid,default.qubit,4,2,1000,2569,0,forward_quantum,13,0.014377100
batch_sweep,b1000,hybrid,default.qubit,4,2,1000,2569,0,forward_classical,13,0.000709700
batch_sweep,b1000,hybrid,default.qubit,4,2,1000,2569,0,first_grad,13,0.029063800
batch_sweep,b1000,hybrid,default.qubit,4,2,1000,2569,0,first_grad_quantum,13,0.026704200
batch_sweep,b1000,hybrid,default.qubit,4,2,1000,2569,0,first_grad_classical,13,0.002359600
batch_sweep,b1000,hybrid,default.qubit,4,2,1000,2569,0,second_grad,13,0.046900600
batch_sweep,b1000,hybrid,default.qubit,4,2,1000,2569,0,second_grad_quantum,13,0.032058500
batch_sweep,b1000,hybrid,default.qubit,4,2,1000,2569,0,second_grad_classical,13,0.014842100
batch_sweep,b1000,hybrid,default.qubit,4,2,1000,2569,0,param_grad,13,0.097714700
batch_sweep,b1000,hybrid,default.qubit,4,2,1000,2569,0,param_grad_quantum,13,0.045177900
batch_sweep,b1000,hybrid,default.qubit,4,2,1000,2569,0,param_grad_classical,13,0.052536800
batch_sweep,b500,hybrid,default.qubit,4,2,500,2569,0,forward,14,0.012411800
batch_sweep,b500,hybrid,default.qubit,4,2,500,2569,0,forward_quantum,14,0.011780200
batch_sweep,b500,hybrid,default.qubit,4,2,500,2569,0,forward_classical,14,0.000631600
batch_sweep,b500,hybrid,default.qubit,4,2,500,2569,0,first_grad,14,0.022363400
batch_sweep,b500,hybrid,default.qubit,4,2,500,2569,0,first_grad_quantum,14,0.020326500
batch_sweep,b500,hybrid,default.qubit,4,2,500,2569,0,first_grad_classical,14,0.002036900
batch_sweep,b500,hybrid,default.qubit,4,2,500,2569,0,second_grad,14,0.039426300
batch_sweep,b500,hybrid,default.qubit,4,2,500,2569,0,second_grad_quantum,14,0.028381700
batch_sweep,b500,hybrid,default.qubit,4,2,500,2569,0,second_grad_classical,14,0.011044600
batch_sweep,b500,hybrid,default.qubit,4,2,500,2569,0,param_grad,14,0.074985700
batch_sweep,b500,hybrid,default.qubit,4,2,500,2569,0,param_grad_quantum,14,0.036435800
batch_sweep,b500,hybrid,default.qubit,4,2,500,2569,0,param_grad_classical,14,0.038549900
batch_sweep,b500,hybrid,default.qubit,4,2,500,2569,1,forward,14,0.012359500
batch_sweep,b500,hybrid,default.qubit,4,2,500,2569,1,forward_quantum,14,0.011642100
batch_sweep,b500,hybrid,default.qubit,4,2,500,2569,1,forward_classical,14,0.000717400
batch_sweep,b500,hybrid,default.qubit,4,2,500,2569,1,first_grad,14,0.021137100
batch_sweep,b500,hybrid,default.qubit,4,2,500,2569,1,first_grad_quantum,14,0.019082200
batch_sweep,b500,hybrid,default.qubit,4,2,500,2569,1,first_grad_classical,14,0.002054900
batch_sweep,b500,hybrid,default.qubit,4,2,500,2569,1,second_grad,14,0.036963300
batch_sweep,b500,hybrid,default.qubit,4,2,500,2569,1,second_grad_quantum,14,0.024560800
batch_sweep,b500,hybrid,default.qubit,4,2,500,2569,1,second_grad_classical,14,0.012402500
batch_sweep,b500,hybrid,default.qubit,4,2,500,2569,1,param_grad,14,0.077705400
batch_sweep,b500,hybrid,default.qubit,4,2,500,2569,1,param_grad_quantum,14,0.037215800
batch_sweep,b500,hybrid,default.qubit,4,2,500,2569,1,param_grad_classical,14,0.040489600
batch_sweep,b1000,hybrid,default.qubit,4,2,1000,2569,1,forward,14,0.013533100
batch_sweep,b1000,hybrid,default.qubit,4,2,1000,2569,1,forward_quantum,14,0.012857400
batch_sweep,b1000,hybrid,default.qubit,4,2,1000,2569,1,forward_classical,14,0.000675700
batch_sweep,b1000,hybrid,default.qubit,4,2,1000,2569,1,first_grad,14,0.025174200
batch_sweep,b1000,hybrid,default.qubit,4,2,1000,2569,1,first_grad_quantum,14,0.023040200
batch_sweep,b1000,hybrid,default.qubit,4,2,1000,2569,1,first_grad_classical,14,0.002134000
batch_sweep,b1000,hybrid,default.qubit,4,2,1000,2569,1,second_grad,14,0.048089900
batch_sweep,b1000,hybrid,default.qubit,4,2,1000,2569,1,second_grad_quantum,14,0.031900400
batch_sweep,b1000,hybrid,default.qubit,4,2,1000,2569,1,second_grad_classical,14,0.016189500
batch_sweep,b1000,hybrid,default.qubit,4,2,1000,2569,1,param_grad,14,0.097572100
batch_sweep,b1000,hybrid,default.qubit,4,2,1000,2569,1,param_grad_quantum,14,0.044301200
batch_sweep,b1000,hybrid,default.qubit,4,2,1000,2569,1,param_grad_classical,14,0.053270900
batch_sweep,b1000,hybrid,default.qubit,4,2,1000,2569,2,forward,14,0.013964400
batch_sweep,b1000,hybrid,default.qubit,4,2,1000,2569,2,forward_quantum,14,0.013284200
batch_sweep,b1000,hybrid,default.qubit,4,2,1000,2569,2,forward_classical,14,0.000680200
batch_sweep,b1000,hybrid,default.qubit,4,2,1000,2569,2,first_grad,14,0.024888100
batch_sweep,b1000,hybrid,default.qubit,4,2,1000,2569,2,first_grad_quantum,14,0.022667400
batch_sweep,b1000,hybrid,default.qubit,4,2,1000,2569,2,first_grad_classical,14,0.002220700
batch_sweep,b1000,hybrid,default.qubit,4,2,1000,2569,2,second_grad,14,0.043861800
batch_sweep,b1000,hybrid,default.qubit,4,2,1000,2569,2,second_grad_quantum,14,0.030404400
batch_sweep,b1000,hybrid,default.qubit,4,2,1000,2569,2,second_grad_classical,14,0.013457400
batch_sweep,b1000,hybrid,default.qubit,4,2,1000,2569,2,param_grad,14,0.096614800
batch_sweep,b1000,hybrid,default.qubit,4,2,1000,2569,2,param_grad_quantum,14,0.045001300
batch_sweep,b1000,hybrid,default.qubit,4,2,1000,2569,2,param_grad_classical,14,0.051613500
batch_sweep,b5000,hybrid,default.qubit,4,2,5000,2569,2,forward,14,0.019782900
batch_sweep,b5000,hybrid,default.qubit,4,2,5000,2569,2,forward_quantum,14,0.018768100
batch_sweep,b5000,hybrid,default.qubit,4,2,5000,2569,2,forward_classical,14,0.001014800
batch_sweep,b5000,hybrid,default.qubit,4,2,5000,2569,2,first_grad,14,0.050689500
batch_sweep,b5000,hybrid,default.qubit,4,2,5000,2569,2,first_grad_quantum,14,0.047304700
batch_sweep,b5000,hybrid,default.qubit,4,2,5000,2569,2,first_grad_classical,14,0.003384800
batch_sweep,b5000,hybrid,default.qubit,4,2,5000,2569,2,second_grad,14,0.087593800
batch_sweep,b5000,hybrid,default.qubit,4,2,5000,2569,2,second_grad_quantum,14,0.058056000
batch_sweep,b5000,hybrid,default.qubit,4,2,5000,2569,2,second_grad_classical,14,0.029537800
batch_sweep,b5000,hybrid,default.qubit,4,2,5000,2569,2,param_grad,14,0.193643300
batch_sweep,b5000,hybrid,default.qubit,4,2,5000,2569,2,param_grad_quantum,14,0.083138000
batch_sweep,b5000,hybrid,default.qubit,4,2,5000,2569,2,param_grad_classical,14,0.110505300
batch_sweep,b2540,hybrid,default.qubit,4,2,2540,2569,1,forward,14,0.019027700
batch_sweep,b2540,hybrid,default.qubit,4,2,2540,2569,1,forward_quantum,14,0.018197700
batch_sweep,b2540,hybrid,default.qubit,4,2,2540,2569,1,forward_classical,14,0.000830000
batch_sweep,b2540,hybrid,default.qubit,4,2,2540,2569,1,first_grad,14,0.046513600
batch_sweep,b2540,hybrid,default.qubit,4,2,2540,2569,1,first_grad_quantum,14,0.039776700
batch_sweep,b2540,hybrid,default.qubit,4,2,2540,2569,1,first_grad_classical,14,0.006736900
batch_sweep,b2540,hybrid,default.qubit,4,2,2540,2569,1,second_grad,14,0.068257200
batch_sweep,b2540,hybrid,default.qubit,4,2,2540,2569,1,second_grad_quantum,14,0.042999900
batch_sweep,b2540,hybrid,default.qubit,4,2,2540,2569,1,second_grad_classical,14,0.025257300
batch_sweep,b2540,hybrid,default.qubit,4,2,2540,2569,1,param_grad,14,0.140430100
batch_sweep,b2540,hybrid,default.qubit,4,2,2540,2569,1,param_grad_quantum,14,0.060182400
batch_sweep,b2540,hybrid,default.qubit,4,2,2540,2569,1,param_grad_classical,14,0.080247700
batch_sweep,b5000,hybrid,default.qubit,4,2,5000,2569,0,forward,14,0.019951700
batch_sweep,b5000,hybrid,default.qubit,4,2,5000,2569,0,forward_quantum,14,0.018854100
batch_sweep,b5000,hybrid,default.qubit,4,2,5000,2569,0,forward_classical,14,0.001097600
batch_sweep,b5000,hybrid,default.qubit,4,2,5000,2569,0,first_grad,14,0.046537900
batch_sweep,b5000,hybrid,default.qubit,4,2,5000,2569,0,first_grad_quantum,14,0.043612000
batch_sweep,b5000,hybrid,default.qubit,4,2,5000,2569,0,first_grad_classical,14,0.002925900
batch_sweep,b5000,hybrid,default.qubit,4,2,5000,2569,0,second_grad,14,0.088720700
batch_sweep,b5000,hybrid,default.qubit,4,2,5000,2569,0,second_grad_quantum,14,0.058333400
batch_sweep,b5000,hybrid,default.qubit,4,2,5000,2569,0,second_grad_classical,14,0.030387300
batch_sweep,b5000,hybrid,default.qubit,4,2,5000,2569,0,param_grad,14,0.206989700
batch_sweep,b5000,hybrid,default.qubit,4,2,5000,2569,0,param_grad_quantum,14,0.085914900
batch_sweep,b5000,hybrid,default.qubit,4,2,5000,2569,0,param_grad_classical,14,0.121074800
batch_sweep,b100,hybrid,default.qubit,4,2,100,2569,1,forward,14,0.013692200
batch_sweep,b100,hybrid,default.qubit,4,2,100,2569,1,forward_quantum,14,0.011522600
batch_sweep,b100,hybrid,default.qubit,4,2,100,2569,1,forward_classical,14,0.002169600
batch_sweep,b100,hybrid,default.qubit,4,2,100,2569,1,first_grad,14,0.017304800
batch_sweep,b100,hybrid,default.qubit,4,2,100,2569,1,first_grad_quantum,14,0.015685500
batch_sweep,b100,hybrid,default.qubit,4,2,100,2569,1,first_grad_classical,14,0.001619300
batch_sweep,b100,hybrid,default.qubit,4,2,100,2569,1,second_grad,14,0.026707200
batch_sweep,b100,hybrid,default.qubit,4,2,100,2569,1,second_grad_quantum,14,0.019066300
batch_sweep,b100,hybrid,default.qubit,4,2,100,2569,1,second_grad_classical,14,0.007640900
batch_sweep,b100,hybrid,default.qubit,4,2,100,2569,1,param_grad,14,0.054236000
batch_sweep,b100,hybrid,default.qubit,4,2,100,2569,1,param_grad_quantum,14,0.028461400
batch_sweep,b100,hybrid,default.qubit,4,2,100,2569,1,param_grad_classical,14,0.025774600
batch_sweep,b5000,hybrid,default.qubit,4,2,5000,2569,1,forward,14,0.020362000
batch_sweep,b5000,hybrid,default.qubit,4,2,5000,2569,1,forward_quantum,14,0.018953300
batch_sweep,b5000,hybrid,default.qubit,4,2,5000,2569,1,forward_classical,14,0.001408700
batch_sweep,b5000,hybrid,default.qubit,4,2,5000,2569,1,first_grad,14,0.049996900
batch_sweep,b5000,hybrid,default.qubit,4,2,5000,2569,1,first_grad_quantum,14,0.046511900
batch_sweep,b5000,hybrid,default.qubit,4,2,5000,2569,1,first_grad_classical,14,0.003485000
batch_sweep,b5000,hybrid,default.qubit,4,2,5000,2569,1,second_grad,14,0.087964800
batch_sweep,b5000,hybrid,default.qubit,4,2,5000,2569,1,second_grad_quantum,14,0.058685500
batch_sweep,b5000,hybrid,default.qubit,4,2,5000,2569,1,second_grad_classical,14,0.029279300
batch_sweep,b5000,hybrid,default.qubit,4,2,5000,2569,1,param_grad,14,0.208597400
batch_sweep,b5000,hybrid,default.qubit,4,2,5000,2569,1,param_grad_quantum,14,0.091996300
batch_sweep,b5000,hybrid,default.qubit,4,2,5000,2569,1,param_grad_classical,14,0.116601100
batch_sweep,b1000,hybrid,default.qubit,4,2,1000,2569,0,forward,14,0.015207000
batch_sweep,b1000,hybrid,default.qubit,4,2,1000,2569,0,forward_quantum,14,0.014528400
batch_sweep,b1000,hybrid,default.qubit,4,2,1000,2569,0,forward_classical,14,0.000678600
batch_sweep,b1000,hybrid,default.qubit,4,2,1000,2569,0,first_grad,14,0.031590100
batch_sweep,b1000,hybrid,default.qubit,4,2,1000,2569,0,first_grad_quantum,14,0.026191500
batch_sweep,b1000,hybrid,default.qubit,4,2,1000,2569,0,first_grad_classical,14,0.005398600
batch_sweep,b1000,hybrid,default.qubit,4,2,1000,2569,0,second_grad,14,0.048757100
batch_sweep,b1000,hybrid,default.qubit,4,2,1000,2569,0,second_grad_quantum,14,0.033375100
batch_sweep,b1000,hybrid,default.qubit,4,2,1000,2569,0,second_grad_classical,14,0.015382000
batch_sweep,b1000,hybrid,default.qubit,4,2,1000,2569,0,param_grad,14,0.100163600
batch_sweep,b1000,hybrid,default.qubit,4,2,1000,2569,0,param_grad_quantum,14,0.045413400
batch_sweep,b1000,hybrid,default.qubit,4,2,1000,2569,0,param_grad_classical,14,0.054750200
batch_sweep,b2540,hybrid,default.qubit,4,2,2540,2569,2,forward,14,0.017524300
batch_sweep,b2540,hybrid,default.qubit,4,2,2540,2569,2,forward_quantum,14,0.016732400
batch_sweep,b2540,hybrid,default.qubit,4,2,2540,2569,2,forward_classical,14,0.000791900
batch_sweep,b2540,hybrid,default.qubit,4,2,2540,2569,2,first_grad,14,0.034623300
batch_sweep,b2540,hybrid,default.qubit,4,2,2540,2569,2,first_grad_quantum,14,0.032130200
batch_sweep,b2540,hybrid,default.qubit,4,2,2540,2569,2,first_grad_classical,14,0.002493100
batch_sweep,b2540,hybrid,default.qubit,4,2,2540,2569,2,second_grad,14,0.070047700
batch_sweep,b2540,hybrid,default.qubit,4,2,2540,2569,2,second_grad_quantum,14,0.043711200
batch_sweep,b2540,hybrid,default.qubit,4,2,2540,2569,2,second_grad_classical,14,0.026336500
batch_sweep,b2540,hybrid,default.qubit,4,2,2540,2569,2,param_grad,14,0.135937400
batch_sweep,b2540,hybrid,default.qubit,4,2,2540,2569,2,param_grad_quantum,14,0.060631500
batch_sweep,b2540,hybrid,default.qubit,4,2,2540,2569,2,param_grad_classical,14,0.075305900
batch_sweep,b100,hybrid,default.qubit,4,2,100,2569,0,forward,14,0.016409000
batch_sweep,b100,hybrid,default.qubit,4,2,100,2569,0,forward_quantum,14,0.013392300
batch_sweep,b100,hybrid,default.qubit,4,2,100,2569,0,forward_classical,14,0.003016700
batch_sweep,b100,hybrid,default.qubit,4,2,100,2569,0,first_grad,14,0.018030000
batch_sweep,b100,hybrid,default.qubit,4,2,100,2569,0,first_grad_quantum,14,0.016200100
batch_sweep,b100,hybrid,default.qubit,4,2,100,2569,0,first_grad_classical,14,0.001829900
batch_sweep,b100,hybrid,default.qubit,4,2,100,2569,0,second_grad,14,0.028961900
batch_sweep,b100,hybrid,default.qubit,4,2,100,2569,0,second_grad_quantum,14,0.019855200
batch_sweep,b100,hybrid,default.qubit,4,2,100,2569,0,second_grad_classical,14,0.009106700
batch_sweep,b100,hybrid,default.qubit,4,2,100,2569,0,param_grad,14,0.052849200
batch_sweep,b100,hybrid,default.qubit,4,2,100,2569,0,param_grad_quantum,14,0.027702900
batch_sweep,b100,hybrid,default.qubit,4,2,100,2569,0,param_grad_classical,14,0.025146300
batch_sweep,b2540,hybrid,default.qubit,4,2,2540,2569,0,forward,14,0.015639700
batch_sweep,b2540,hybrid,default.qubit,4,2,2540,2569,0,forward_quantum,14,0.014711800
batch_sweep,b2540,hybrid,default.qubit,4,2,2540,2569,0,forward_classical,14,0.000927900
batch_sweep,b2540,hybrid,default.qubit,4,2,2540,2569,0,first_grad,14,0.036410300
batch_sweep,b2540,hybrid,default.qubit,4,2,2540,2569,0,first_grad_quantum,14,0.033774100
batch_sweep,b2540,hybrid,default.qubit,4,2,2540,2569,0,first_grad_classical,14,0.002636200
batch_sweep,b2540,hybrid,default.qubit,4,2,2540,2569,0,second_grad,14,0.066856800
batch_sweep,b2540,hybrid,default.qubit,4,2,2540,2569,0,second_grad_quantum,14,0.042951700
batch_sweep,b2540,hybrid,default.qubit,4,2,2540,2569,0,second_grad_classical,14,0.023905100
batch_sweep,b2540,hybrid,default.qubit,4,2,2540,2569,0,param_grad,14,0.131019200
batch_sweep,b2540,hybrid,default.qubit,4,2,2540,2569,0,param_grad_quantum,14,0.056547100
batch_sweep,b2540,hybrid,default.qubit,4,2,2540,2569,0,param_grad_classical,14,0.074472100
batch_sweep,b100,hybrid,default.qubit,4,2,100,2569,2,forward,14,0.010839700
batch_sweep,b100,hybrid,default.qubit,4,2,100,2569,2,forward_quantum,14,0.010286200
batch_sweep,b100,hybrid,default.qubit,4,2,100,2569,2,forward_classical,14,0.000553500
batch_sweep,b100,hybrid,default.qubit,4,2,100,2569,2,first_grad,14,0.016701500
batch_sweep,b100,hybrid,default.qubit,4,2,100,2569,2,first_grad_quantum,14,0.015137900
batch_sweep,b100,hybrid,default.qubit,4,2,100,2569,2,first_grad_classical,14,0.001563600
batch_sweep,b100,hybrid,default.qubit,4,2,100,2569,2,second_grad,14,0.029357400
batch_sweep,b100,hybrid,default.qubit,4,2,100,2569,2,second_grad_quantum,14,0.020998000
batch_sweep,b100,hybrid,default.qubit,4,2,100,2569,2,second_grad_classical,14,0.008359400
batch_sweep,b100,hybrid,default.qubit,4,2,100,2569,2,param_grad,14,0.058501500
batch_sweep,b100,hybrid,default.qubit,4,2,100,2569,2,param_grad_quantum,14,0.028336600
batch_sweep,b100,hybrid,default.qubit,4,2,100,2569,2,param_grad_classical,14,0.030164900
batch_sweep,b500,hybrid,default.qubit,4,2,500,2569,2,forward,14,0.013584400
batch_sweep,b500,hybrid,default.qubit,4,2,500,2569,2,forward_quantum,14,0.012975100
batch_sweep,b500,hybrid,default.qubit,4,2,500,2569,2,forward_classical,14,0.000609300
batch_sweep,b500,hybrid,default.qubit,4,2,500,2569,2,first_grad,14,0.023136400
batch_sweep,b500,hybrid,default.qubit,4,2,500,2569,2,first_grad_quantum,14,0.021160500
batch_sweep,b500,hybrid,default.qubit,4,2,500,2569,2,first_grad_classical,14,0.001975900
batch_sweep,b500,hybrid,default.qubit,4,2,500,2569,2,second_grad,14,0.041028600
batch_sweep,b500,hybrid,default.qubit,4,2,500,2569,2,second_grad_quantum,14,0.027995400
batch_sweep,b500,hybrid,default.qubit,4,2,500,2569,2,second_grad_classical,14,0.013033200
batch_sweep,b500,hybrid,default.qubit,4,2,500,2569,2,param_grad,14,0.074724400
batch_sweep,b500,hybrid,default.qubit,4,2,500,2569,2,param_grad_quantum,14,0.034911000
batch_sweep,b500,hybrid,default.qubit,4,2,500,2569,2,param_grad_classical,14,0.039813400
batch_sweep,b500,hybrid,default.qubit,4,2,500,2569,2,forward,15,0.013076400
batch_sweep,b500,hybrid,default.qubit,4,2,500,2569,2,forward_quantum,15,0.012471800
batch_sweep,b500,hybrid,default.qubit,4,2,500,2569,2,forward_classical,15,0.000604600
batch_sweep,b500,hybrid,default.qubit,4,2,500,2569,2,first_grad,15,0.022263600
batch_sweep,b500,hybrid,default.qubit,4,2,500,2569,2,first_grad_quantum,15,0.019958800
batch_sweep,b500,hybrid,default.qubit,4,2,500,2569,2,first_grad_classical,15,0.002304800
batch_sweep,b500,hybrid,default.qubit,4,2,500,2569,2,second_grad,15,0.038003800
batch_sweep,b500,hybrid,default.qubit,4,2,500,2569,2,second_grad_quantum,15,0.026416500
batch_sweep,b500,hybrid,default.qubit,4,2,500,2569,2,second_grad_classical,15,0.011587300
batch_sweep,b500,hybrid,default.qubit,4,2,500,2569,2,param_grad,15,0.074348800
batch_sweep,b500,hybrid,default.qubit,4,2,500,2569,2,param_grad_quantum,15,0.035426900
batch_sweep,b500,hybrid,default.qubit,4,2,500,2569,2,param_grad_classical,15,0.038921900
batch_sweep,b5000,hybrid,default.qubit,4,2,5000,2569,2,forward,15,0.019980300
batch_sweep,b5000,hybrid,default.qubit,4,2,5000,2569,2,forward_quantum,15,0.019048300
batch_sweep,b5000,hybrid,default.qubit,4,2,5000,2569,2,forward_classical,15,0.000932000
batch_sweep,b5000,hybrid,default.qubit,4,2,5000,2569,2,first_grad,15,0.046910000
batch_sweep,b5000,hybrid,default.qubit,4,2,5000,2569,2,first_grad_quantum,15,0.043830100
batch_sweep,b5000,hybrid,default.qubit,4,2,5000,2569,2,first_grad_classical,15,0.003079900
batch_sweep,b5000,hybrid,default.qubit,4,2,5000,2569,2,second_grad,15,0.094901100
batch_sweep,b5000,hybrid,default.qubit,4,2,5000,2569,2,second_grad_quantum,15,0.061733100
batch_sweep,b5000,hybrid,default.qubit,4,2,5000,2569,2,second_grad_classical,15,0.033168000
batch_sweep,b5000,hybrid,default.qubit,4,2,5000,2569,2,param_grad,15,0.197223900
batch_sweep,b5000,hybrid,default.qubit,4,2,5000,2569,2,param_grad_quantum,15,0.087599100
batch_sweep,b5000,hybrid,default.qubit,4,2,5000,2569,2,param_grad_classical,15,0.109624800
batch_sweep,b1000,hybrid,default.qubit,4,2,1000,2569,2,forward,15,0.014897300
batch_sweep,b1000,hybrid,default.qubit,4,2,1000,2569,2,forward_quantum,15,0.014249900
batch_sweep,b1000,hybrid,default.qubit,4,2,1000,2569,2,forward_classical,15,0.000647400
batch_sweep,b1000,hybrid,default.qubit,4,2,1000,2569,2,first_grad,15,0.025833100
batch_sweep,b1000,hybrid,default.qubit,4,2,1000,2569,2,first_grad_quantum,15,0.023616700
batch_sweep,b1000,hybrid,default.qubit,4,2,1000,2569,2,first_grad_classical,15,0.002216400
batch_sweep,b1000,hybrid,default.qubit,4,2,1000,2569,2,second_grad,15,0.049500700
batch_sweep,b1000,hybrid,default.qubit,4,2,1000,2569,2,second_grad_quantum,15,0.031941000
batch_sweep,b1000,hybrid,default.qubit,4,2,1000,2569,2,second_grad_classical,15,0.017559700
batch_sweep,b1000,hybrid,default.qubit,4,2,1000,2569,2,param_grad,15,0.099502700
batch_sweep,b1000,hybrid,default.qubit,4,2,1000,2569,2,param_grad_quantum,15,0.046554100
batch_sweep,b1000,hybrid,default.qubit,4,2,1000,2569,2,param_grad_classical,15,0.052948600
batch_sweep,b500,hybrid,default.qubit,4,2,500,2569,0,forward,15,0.012520600
batch_sweep,b500,hybrid,default.qubit,4,2,500,2569,0,forward_quantum,15,0.011973600
batch_sweep,b500,hybrid,default.qubit,4,2,500,2569,0,forward_classical,15,0.000547000
batch_sweep,b500,hybrid,default.qubit,4,2,500,2569,0,first_grad,15,0.025942400
batch_sweep,b500,hybrid,default.qubit,4,2,500,2569,0,first_grad_quantum,15,0.020935400
batch_sweep,b500,hybrid,default.qubit,4,2,500,2569,0,first_grad_classical,15,0.005007000
batch_sweep,b500,hybrid,default.qubit,4,2,500,2569,0,second_grad,15,0.039098900
batch_sweep,b500,hybrid,default.qubit,4,2,500,2569,0,second_grad_quantum,15,0.027163600
batch_sweep,b500,hybrid,default.qubit,4,2,500,2569,0,second_grad_classical,15,0.011935300
batch_sweep,b500,hybrid,default.qubit,4,2,500,2569,0,param_grad,15,0.072983000
batch_sweep,b500,hybrid,default.qubit,4,2,500,2569,0,param_grad_quantum,15,0.034638600
batch_sweep,b500,hybrid,default.qubit,4,2,500,2569,0,param_grad_classical,15,0.038344400
batch_sweep,b1000,hybrid,default.qubit,4,2,1000,2569,0,forward,15,0.014022100
batch_sweep,b1000,hybrid,default.qubit,4,2,1000,2569,0,forward_quantum,15,0.013346000
batch_sweep,b1000,hybrid,default.qubit,4,2,1000,2569,0,forward_classical,15,0.000676100
batch_sweep,b1000,hybrid,default.qubit,4,2,1000,2569,0,first_grad,15,0.025664100
batch_sweep,b1000,hybrid,default.qubit,4,2,1000,2569,0,first_grad_quantum,15,0.023196800
batch_sweep,b1000,hybrid,default.qubit,4,2,1000,2569,0,first_grad_classical,15,0.002467300
batch_sweep,b1000,hybrid,default.qubit,4,2,1000,2569,0,second_grad,15,0.049330600
batch_sweep,b1000,hybrid,default.qubit,4,2,1000,2569,0,second_grad_quantum,15,0.032956500
batch_sweep,b1000,hybrid,default.qubit,4,2,1000,2569,0,second_grad_classical,15,0.016374100
batch_sweep,b1000,hybrid,default.qubit,4,2,1000,2569,0,param_grad,15,0.102706600
batch_sweep,b1000,hybrid,default.qubit,4,2,1000,2569,0,param_grad_quantum,15,0.048624000
batch_sweep,b1000,hybrid,default.qubit,4,2,1000,2569,0,param_grad_classical,15,0.054082600
batch_sweep,b2540,hybrid,default.qubit,4,2,2540,2569,2,forward,15,0.015537000
batch_sweep,b2540,hybrid,default.qubit,4,2,2540,2569,2,forward_quantum,15,0.014789800
batch_sweep,b2540,hybrid,default.qubit,4,2,2540,2569,2,forward_classical,15,0.000747200
batch_sweep,b2540,hybrid,default.qubit,4,2,2540,2569,2,first_grad,15,0.036822800
batch_sweep,b2540,hybrid,default.qubit,4,2,2540,2569,2,first_grad_quantum,15,0.033923300
batch_sweep,b2540,hybrid,default.qubit,4,2,2540,2569,2,first_grad_classical,15,0.002899500
batch_sweep,b2540,hybrid,default.qubit,4,2,2540,2569,2,second_grad,15,0.070977200
batch_sweep,b2540,hybrid,default.qubit,4,2,2540,2569,2,second_grad_quantum,15,0.046348100
batch_sweep,b2540,hybrid,default.qubit,4,2,2540,2569,2,second_grad_classical,15,0.024629100
batch_sweep,b2540,hybrid,default.qubit,4,2,2540,2569,2,param_grad,15,0.136840900
batch_sweep,b2540,hybrid,default.qubit,4,2,2540,2569,2,param_grad_quantum,15,0.061821600
batch_sweep,b2540,hybrid,default.qubit,4,2,2540,2569,2,param_grad_classical,15,0.075019300
batch_sweep,b2540,hybrid,default.qubit,4,2,2540,2569,0,forward,15,0.015646900
batch_sweep,b2540,hybrid,default.qubit,4,2,2540,2569,0,forward_quantum,15,0.014781100
batch_sweep,b2540,hybrid,default.qubit,4,2,2540,2569,0,forward_classical,15,0.000865800
batch_sweep,b2540,hybrid,default.qubit,4,2,2540,2569,0,first_grad,15,0.033609400
batch_sweep,b2540,hybrid,default.qubit,4,2,2540,2569,0,first_grad_quantum,15,0.029429000
batch_sweep,b2540,hybrid,default.qubit,4,2,2540,2569,0,first_grad_classical,15,0.004180400
batch_sweep,b2540,hybrid,default.qubit,4,2,2540,2569,0,second_grad,15,0.067202800
batch_sweep,b2540,hybrid,default.qubit,4,2,2540,2569,0,second_grad_quantum,15,0.045844400
batch_sweep,b2540,hybrid,default.qubit,4,2,2540,2569,0,second_grad_classical,15,0.021358400
batch_sweep,b2540,hybrid,default.qubit,4,2,2540,2569,0,param_grad,15,0.144032000
batch_sweep,b2540,hybrid,default.qubit,4,2,2540,2569,0,param_grad_quantum,15,0.064909100
batch_sweep,b2540,hybrid,default.qubit,4,2,2540,2569,0,param_grad_classical,15,0.079122900
batch_sweep,b100,hybrid,default.qubit,4,2,100,2569,1,forward,15,0.015649800
batch_sweep,b100,hybrid,default.qubit,4,2,100,2569,1,forward_quantum,15,0.011986600
batch_sweep,b100,hybrid,default.qubit,4,2,100,2569,1,forward_classical,15,0.003663200
batch_sweep,b100,hybrid,default.qubit,4,2,100,2569,1,first_grad,15,0.017662500
batch_sweep,b100,hybrid,default.qubit,4,2,100,2569,1,first_grad_quantum,15,0.015693300
batch_sweep,b100,hybrid,default.qubit,4,2,100,2569,1,first_grad_classical,15,0.001969200
batch_sweep,b100,hybrid,default.qubit,4,2,100,2569,1,second_grad,15,0.028356400
batch_sweep,b100,hybrid,default.qubit,4,2,100,2569,1,second_grad_quantum,15,0.019669200
batch_sweep,b100,hybrid,default.qubit,4,2,100,2569,1,second_grad_classical,15,0.008687200
batch_sweep,b100,hybrid,default.qubit,4,2,100,2569,1,param_grad,15,0.051406400
batch_sweep,b100,hybrid,default.qubit,4,2,100,2569,1,param_grad_quantum,15,0.026979300
batch_sweep,b100,hybrid,default.qubit,4,2,100,2569,1,param_grad_classical,15,0.024427100
batch_sweep,b5000,hybrid,default.qubit,4,2,5000,2569,0,forward,15,0.021496200
batch_sweep,b5000,hybrid,default.qubit,4,2,5000,2569,0,forward_quantum,15,0.020298300
batch_sweep,b5000,hybrid,default.qubit,4,2,5000,2569,0,forward_classical,15,0.001197900
batch_sweep,b5000,hybrid,default.qubit,4,2,5000,2569,0,first_grad,15,0.050299600
batch_sweep,b5000,hybrid,default.qubit,4,2,5000,2569,0,first_grad_quantum,15,0.046835300
batch_sweep,b5000,hybrid,default.qubit,4,2,5000,2569,0,first_grad_classical,15,0.003464300
batch_sweep,b5000,hybrid,default.qubit,4,2,5000,2569,0,second_grad,15,0.094408900
batch_sweep,b5000,hybrid,default.qubit,4,2,5000,2569,0,second_grad_quantum,15,0.059347100
batch_sweep,b5000,hybrid,default.qubit,4,2,5000,2569,0,second_grad_classical,15,0.035061800
batch_sweep,b5000,hybrid,default.qubit,4,2,5000,2569,0,param_grad,15,0.212554400
batch_sweep,b5000,hybrid,default.qubit,4,2,5000,2569,0,param_grad_quantum,15,0.088684000
batch_sweep,b5000,hybrid,default.qubit,4,2,5000,2569,0,param_grad_classical,15,0.123870400
batch_sweep,b2540,hybrid,default.qubit,4,2,2540,2569,1,forward,15,0.017414900
batch_sweep,b2540,hybrid,default.qubit,4,2,2540,2569,1,forward_quantum,15,0.016558900
batch_sweep,b2540,hybrid,default.qubit,4,2,2540,2569,1,forward_classical,15,0.000856000
batch_sweep,b2540,hybrid,default.qubit,4,2,2540,2569,1,first_grad,15,0.032096700
batch_sweep,b2540,hybrid,default.qubit,4,2,2540,2569,1,first_grad_quantum,15,0.029657600
batch_sweep,b2540,hybrid,default.qubit,4,2,2540,2569,1,first_grad_classical,15,0.002439100
batch_sweep,b2540,hybrid,default.qubit,4,2,2540,2569,1,second_grad,15,0.069926400
batch_sweep,b2540,hybrid,default.qubit,4,2,2540,2569,1,second_grad_quantum,15,0.045948400
batch_sweep,b2540,hybrid,default.qubit,4,2,2540,2569,1,second_grad_classical,15,0.023978000
batch_sweep,b2540,hybrid,default.qubit,4,2,2540,2569,1,param_grad,15,0.140671100
batch_sweep,b2540,hybrid,default.qubit,4,2,2540,2569,1,param_grad_quantum,15,0.063788700
batch_sweep,b2540,hybrid,default.qubit,4,2,2540,2569,1,param_grad_classical,15,0.076882400
batch_sweep,b5000,hybrid,default.qubit,4,2,5000,2569,1,forward,15,0.026530600
batch_sweep,b5000,hybrid,default.qubit,4,2,5000,2569,1,forward_quantum,15,0.020583200
batch_sweep,b5000,hybrid,default.qubit,4,2,5000,2569,1,forward_classical,15,0.005947400
batch_sweep,b5000,hybrid,default.qubit,4,2,5000,2569,1,first_grad,15,0.046090700
batch_sweep,b5000,hybrid,default.qubit,4,2,5000,2569,1,first_grad_quantum,15,0.042549300
batch_sweep,b5000,hybrid,default.qubit,4,2,5000,2569,1,first_grad_classical,15,0.003541400
batch_sweep,b5000,hybrid,default.qubit,4,2,5000,2569,1,second_grad,15,0.091559800
batch_sweep,b5000,hybrid,default.qubit,4,2,5000,2569,1,second_grad_quantum,15,0.059561400
batch_sweep,b5000,hybrid,default.qubit,4,2,5000,2569,1,second_grad_classical,15,0.031998400
batch_sweep,b5000,hybrid,default.qubit,4,2,5000,2569,1,param_grad,15,0.194718500
batch_sweep,b5000,hybrid,default.qubit,4,2,5000,2569,1,param_grad_quantum,15,0.080179700
batch_sweep,b5000,hybrid,default.qubit,4,2,5000,2569,1,param_grad_classical,15,0.114538800
batch_sweep,b500,hybrid,default.qubit,4,2,500,2569,1,forward,15,0.014442500
batch_sweep,b500,hybrid,default.qubit,4,2,500,2569,1,forward_quantum,15,0.011576400
batch_sweep,b500,hybrid,default.qubit,4,2,500,2569,1,forward_classical,15,0.002866100
batch_sweep,b500,hybrid,default.qubit,4,2,500,2569,1,first_grad,15,0.022023500
batch_sweep,b500,hybrid,default.qubit,4,2,500,2569,1,first_grad_quantum,15,0.019947700
batch_sweep,b500,hybrid,default.qubit,4,2,500,2569,1,first_grad_classical,15,0.002075800
batch_sweep,b500,hybrid,default.qubit,4,2,500,2569,1,second_grad,15,0.035768900
batch_sweep,b500,hybrid,default.qubit,4,2,500,2569,1,second_grad_quantum,15,0.025748500
batch_sweep,b500,hybrid,default.qubit,4,2,500,2569,1,second_grad_classical,15,0.010020400
batch_sweep,b500,hybrid,default.qubit,4,2,500,2569,1,param_grad,15,0.075535600
batch_sweep,b500,hybrid,default.qubit,4,2,500,2569,1,param_grad_quantum,15,0.035698100
batch_sweep,b500,hybrid,default.qubit,4,2,500,2569,1,param_grad_classical,15,0.039837500
batch_sweep,b100,hybrid,default.qubit,4,2,100,2569,2,forward,15,0.010727600
batch_sweep,b100,hybrid,default.qubit,4,2,100,2569,2,forward_quantum,15,0.010264800
batch_sweep,b100,hybrid,default.qubit,4,2,100,2569,2,forward_classical,15,0.000462800
batch_sweep,b100,hybrid,default.qubit,4,2,100,2569,2,first_grad,15,0.018118700
batch_sweep,b100,hybrid,default.qubit,4,2,100,2569,2,first_grad_quantum,15,0.016270400
batch_sweep,b100,hybrid,default.qubit,4,2,100,2569,2,first_grad_classical,15,0.001848300
batch_sweep,b100,hybrid,default.qubit,4,2,100,2569,2,second_grad,15,0.027622300
batch_sweep,b100,hybrid,default.qubit,4,2,100,2569,2,second_grad_quantum,15,0.019621900
batch_sweep,b100,hybrid,default.qubit,4,2,100,2569,2,second_grad_classical,15,0.008000400
batch_sweep,b100,hybrid,default.qubit,4,2,100,2569,2,param_grad,15,0.054866500
batch_sweep,b100,hybrid,default.qubit,4,2,100,2569,2,param_grad_quantum,15,0.028049600
batch_sweep,b100,hybrid,default.qubit,4,2,100,2569,2,param_grad_classical,15,0.026816900
batch_sweep,b1000,hybrid,default.qubit,4,2,1000,2569,1,forward,15,0.014545100
batch_sweep,b1000,hybrid,default.qubit,4,2,1000,2569,1,forward_quantum,15,0.013843300
batch_sweep,b1000,hybrid,default.qubit,4,2,1000,2569,1,forward_classical,15,0.000701800
batch_sweep,b1000,hybrid,default.qubit,4,2,1000,2569,1,first_grad,15,0.027680500
batch_sweep,b1000,hybrid,default.qubit,4,2,1000,2569,1,first_grad_quantum,15,0.025236700
batch_sweep,b1000,hybrid,default.qubit,4,2,1000,2569,1,first_grad_classical,15,0.002443800
batch_sweep,b1000,hybrid,default.qubit,4,2,1000,2569,1,second_grad,15,0.049033200
batch_sweep,b1000,hybrid,default.qubit,4,2,1000,2569,1,second_grad_quantum,15,0.031983700
batch_sweep,b1000,hybrid,default.qubit,4,2,1000,2569,1,second_grad_classical,15,0.017049500
batch_sweep,b1000,hybrid,default.qubit,4,2,1000,2569,1,param_grad,15,0.103090500
batch_sweep,b1000,hybrid,default.qubit,4,2,1000,2569,1,param_grad_quantum,15,0.044507800
batch_sweep,b1000,hybrid,default.qubit,4,2,1000,2569,1,param_grad_classical,15,0.058582700
batch_sweep,b100,hybrid,default.qubit,4,2,100,2569,0,forward,15,0.010746900
batch_sweep,b100,hybrid,default.qubit,4,2,100,2569,0,forward_quantum,15,0.010202200
batch_sweep,b100,hybrid,default.qubit,4,2,100,2569,0,forward_classical,15,0.000544700
batch_sweep,b100,hybrid,default.qubit,4,2,100,2569,0,first_grad,15,0.017418100
batch_sweep,b100,hybrid,default.qubit,4,2,100,2569,0,first_grad_quantum,15,0.015603500
batch_sweep,b100,hybrid,default.qubit,4,2,100,2569,0,first_grad_classical,15,0.001814600
batch_sweep,b100,hybrid,default.qubit,4,2,100,2569,0,second_grad,15,0.026567200
batch_sweep,b100,hybrid,default.qubit,4,2,100,2569,0,second_grad_quantum,15,0.019169400
batch_sweep,b100,hybrid,default.qubit,4,2,100,2569,0,second_grad_classical,15,0.007397800
batch_sweep,b100,hybrid,default.qubit,4,2,100,2569,0,param_grad,15,0.054404200
batch_sweep,b100,hybrid,default.qubit,4,2,100,2569,0,param_grad_quantum,15,0.029105800
batch_sweep,b100,hybrid,default.qubit,4,2,100,2569,0,param_grad_classical,15,0.025298400
batch_sweep,b100,hybrid,default.qubit,4,2,100,2569,2,forward,16,0.010767500
batch_sweep,b100,hybrid,default.qubit,4,2,100,2569,2,forward_quantum,16,0.010223800
batch_sweep,b100,hybrid,default.qubit,4,2,100,2569,2,forward_classical,16,0.000543700
batch_sweep,b100,hybrid,default.qubit,4,2,100,2569,2,first_grad,16,0.018048600
batch_sweep,b100,hybrid,default.qubit,4,2,100,2569,2,first_grad_quantum,16,0.016097700
batch_sweep,b100,hybrid,default.qubit,4,2,100,2569,2,first_grad_classical,16,0.001950900
batch_sweep,b100,hybrid,default.qubit,4,2,100,2569,2,second_grad,16,0.028941700
batch_sweep,b100,hybrid,default.qubit,4,2,100,2569,2,second_grad_quantum,16,0.020444100
batch_sweep,b100,hybrid,default.qubit,4,2,100,2569,2,second_grad_classical,16,0.008497600
batch_sweep,b100,hybrid,default.qubit,4,2,100,2569,2,param_grad,16,0.052255900
batch_sweep,b100,hybrid,default.qubit,4,2,100,2569,2,param_grad_quantum,16,0.026813800
batch_sweep,b100,hybrid,default.qubit,4,2,100,2569,2,param_grad_classical,16,0.025442100
batch_sweep,b500,hybrid,default.qubit,4,2,500,2569,1,forward,16,0.014584400
batch_sweep,b500,hybrid,default.qubit,4,2,500,2569,1,forward_quantum,16,0.013625800
batch_sweep,b500,hybrid,default.qubit,4,2,500,2569,1,forward_classical,16,0.000958600
batch_sweep,b500,hybrid,default.qubit,4,2,500,2569,1,first_grad,16,0.024813500
batch_sweep,b500,hybrid,default.qubit,4,2,500,2569,1,first_grad_quantum,16,0.022444700
batch_sweep,b500,hybrid,default.qubit,4,2,500,2569,1,first_grad_classical,16,0.002368800
batch_sweep,b500,hybrid,default.qubit,4,2,500,2569,1,second_grad,16,0.038798600
batch_sweep,b500,hybrid,default.qubit,4,2,500,2569,1,second_grad_quantum,16,0.027264100
batch_sweep,b500,hybrid,default.qubit,4,2,500,2569,1,second_grad_classical,16,0.011534500
batch_sweep,b500,hybrid,default.qubit,4,2,500,2569,1,param_grad,16,0.074068600
batch_sweep,b500,hybrid,default.qubit,4,2,500,2569,1,param_grad_quantum,16,0.035252300
batch_sweep,b500,hybrid,default.qubit,4,2,500,2569,1,param_grad_classical,16,0.038816300
batch_sweep,b2540,hybrid,default.qubit,4,2,2540,2569,2,forward,16,0.016300600
batch_sweep,b2540,hybrid,default.qubit,4,2,2540,2569,2,forward_quantum,16,0.015542000
batch_sweep,b2540,hybrid,default.qubit,4,2,2540,2569,2,forward_classical,16,0.000758600
batch_sweep,b2540,hybrid,default.qubit,4,2,2540,2569,2,first_grad,16,0.034669900
batch_sweep,b2540,hybrid,default.qubit,4,2,2540,2569,2,first_grad_quantum,16,0.032300700
batch_sweep,b2540,hybrid,default.qubit,4,2,2540,2569,2,first_grad_classical,16,0.002369200
batch_sweep,b2540,hybrid,default.qubit,4,2,2540,2569,2,second_grad,16,0.070082900
batch_sweep,b2540,hybrid,default.qubit,4,2,2540,2569,2,second_grad_quantum,16,0.044983300
batch_sweep,b2540,hybrid,default.qubit,4,2,2540,2569,2,second_grad_classical,16,0.025099600
batch_sweep,b2540,hybrid,default.qubit,4,2,2540,2569,2,param_grad,16,0.138508600
batch_sweep,b2540,hybrid,default.qubit,4,2,2540,2569,2,param_grad_quantum,16,0.063637200
batch_sweep,b2540,hybrid,default.qubit,4,2,2540,2569,2,param_grad_classical,16,0.074871400
batch_sweep,b5000,hybrid,default.qubit,4,2,5000,2569,1,forward,16,0.020139100
batch_sweep,b5000,hybrid,default.qubit,4,2,5000,2569,1,forward_quantum,16,0.019107700
batch_sweep,b5000,hybrid,default.qubit,4,2,5000,2569,1,forward_classical,16,0.001031400
batch_sweep,b5000,hybrid,default.qubit,4,2,5000,2569,1,first_grad,16,0.043124700
batch_sweep,b5000,hybrid,default.qubit,4,2,5000,2569,1,first_grad_quantum,16,0.040154900
batch_sweep,b5000,hybrid,default.qubit,4,2,5000,2569,1,first_grad_classical,16,0.002969800
batch_sweep,b5000,hybrid,default.qubit,4,2,5000,2569,1,second_grad,16,0.085122400
batch_sweep,b5000,hybrid,default.qubit,4,2,5000,2569,1,second_grad_quantum,16,0.053542500
batch_sweep,b5000,hybrid,default.qubit,4,2,5000,2569,1,second_grad_classical,16,0.031579900
batch_sweep,b5000,hybrid,default.qubit,4,2,5000,2569,1,param_grad,16,0.202255500
batch_sweep,b5000,hybrid,default.qubit,4,2,5000,2569,1,param_grad_quantum,16,0.085494400
batch_sweep,b5000,hybrid,default.qubit,4,2,5000,2569,1,param_grad_classical,16,0.116761100
batch_sweep,b5000,hybrid,default.qubit,4,2,5000,2569,2,forward,16,0.020334900
batch_sweep,b5000,hybrid,default.qubit,4,2,5000,2569,2,forward_quantum,16,0.019204900
batch_sweep,b5000,hybrid,default.qubit,4,2,5000,2569,2,forward_classical,16,0.001130000
batch_sweep,b5000,hybrid,default.qubit,4,2,5000,2569,2,first_grad,16,0.051239200
batch_sweep,b5000,hybrid,default.qubit,4,2,5000,2569,2,first_grad_quantum,16,0.047982100
batch_sweep,b5000,hybrid,default.qubit,4,2,5000,2569,2,first_grad_classical,16,0.003257100
batch_sweep,b5000,hybrid,default.qubit,4,2,5000,2569,2,second_grad,16,0.087025400
batch_sweep,b5000,hybrid,default.qubit,4,2,5000,2569,2,second_grad_quantum,16,0.056200000
batch_sweep,b5000,hybrid,default.qubit,4,2,5000,2569,2,second_grad_classical,16,0.030825400
batch_sweep,b5000,hybrid,default.qubit,4,2,5000,2569,2,param_grad,16,0.205057500
batch_sweep,b5000,hybrid,default.qubit,4,2,5000,2569,2,param_grad_quantum,16,0.086908100
batch_sweep,b5000,hybrid,default.qubit,4,2,5000,2569,2,param_grad_classical,16,0.118149400
batch_sweep,b2540,hybrid,default.qubit,4,2,2540,2569,0,forward,16,0.016676500
batch_sweep,b2540,hybrid,default.qubit,4,2,2540,2569,0,forward_quantum,16,0.015893800
batch_sweep,b2540,hybrid,default.qubit,4,2,2540,2569,0,forward_classical,16,0.000782700
batch_sweep,b2540,hybrid,default.qubit,4,2,2540,2569,0,first_grad,16,0.033989900
batch_sweep,b2540,hybrid,default.qubit,4,2,2540,2569,0,first_grad_quantum,16,0.031251100
batch_sweep,b2540,hybrid,default.qubit,4,2,2540,2569,0,first_grad_classical,16,0.002738800
batch_sweep,b2540,hybrid,default.qubit,4,2,2540,2569,0,second_grad,16,0.067639500
batch_sweep,b2540,hybrid,default.qubit,4,2,2540,2569,0,second_grad_quantum,16,0.042988600
batch_sweep,b2540,hybrid,default.qubit,4,2,2540,2569,0,second_grad_classical,16,0.024650900
batch_sweep,b2540,hybrid,default.qubit,4,2,2540,2569,0,param_grad,16,0.133658600
batch_sweep,b2540,hybrid,default.qubit,4,2,2540,2569,0,param_grad_quantum,16,0.059418800
batch_sweep,b2540,hybrid,default.qubit,4,2,2540,2569,0,param_grad_classical,16,0.074239800
batch_sweep,b1000,hybrid,default.qubit,4,2,1000,2569,2,forward,16,0.014440900
batch_sweep,b1000,hybrid,default.qubit,4,2,1000,2569,2,forward_quantum,16,0.013781400
batch_sweep,b1000,hybrid,default.qubit,4,2,1000,2569,2,forward_classical,16,0.000659500
batch_sweep,b1000,hybrid,default.qubit,4,2,1000,2569,2,first_grad,16,0.025011500
batch_sweep,b1000,hybrid,default.qubit,4,2,1000,2569,2,first_grad_quantum,16,0.022711700
batch_sweep,b1000,hybrid,default.qubit,4,2,1000,2569,2,first_grad_classical,16,0.002299800
batch_sweep,b1000,hybrid,default.qubit,4,2,1000,2569,2,second_grad,16,0.051484700
batch_sweep,b1000,hybrid,default.qubit,4,2,1000,2569,2,second_grad_quantum,16,0.032425500
batch_sweep,b1000,hybrid,default.qubit,4,2,1000,2569,2,second_grad_classical,16,0.019059200
batch_sweep,b1000,hybrid,default.qubit,4,2,1000,2569,2,param_grad,16,0.099102200
batch_sweep,b1000,hybrid,default.qubit,4,2,1000,2569,2,param_grad_quantum,16,0.045707100
batch_sweep,b1000,hybrid,default.qubit,4,2,1000,2569,2,param_grad_classical,16,0.053395100
batch_sweep,b1000,hybrid,default.qubit,4,2,1000,2569,0,forward,16,0.014390200
batch_sweep,b1000,hybrid,default.qubit,4,2,1000,2569,0,forward_quantum,16,0.013739400
batch_sweep,b1000,hybrid,default.qubit,4,2,1000,2569,0,forward_classical,16,0.000650800
batch_sweep,b1000,hybrid,default.qubit,4,2,1000,2569,0,first_grad,16,0.025212000
batch_sweep,b1000,hybrid,default.qubit,4,2,1000,2569,0,first_grad_quantum,16,0.022944400
batch_sweep,b1000,hybrid,default.qubit,4,2,1000,2569,0,first_grad_classical,16,0.002267600
batch_sweep,b1000,hybrid,default.qubit,4,2,1000,2569,0,second_grad,16,0.049657100
batch_sweep,b1000,hybrid,default.qubit,4,2,1000,2569,0,second_grad_quantum,16,0.032645800
batch_sweep,b1000,hybrid,default.qubit,4,2,1000,2569,0,second_grad_classical,16,0.017011300
batch_sweep,b1000,hybrid,default.qubit,4,2,1000,2569,0,param_grad,16,0.095685400
batch_sweep,b1000,hybrid,default.qubit,4,2,1000,2569,0,param_grad_quantum,16,0.042507000
batch_sweep,b1000,hybrid,default.qubit,4,2,1000,2569,0,param_grad_classical,16,0.053178400
batch_sweep,b5000,hybrid,default.qubit,4,2,5000,2569,0,forward,16,0.020029000
batch_sweep,b5000,hybrid,default.qubit,4,2,5000,2569,0,forward_quantum,16,0.019005700
batch_sweep,b5000,hybrid,default.qubit,4,2,5000,2569,0,forward_classical,16,0.001023300
batch_sweep,b5000,hybrid,default.qubit,4,2,5000,2569,0,first_grad,16,0.053429200
batch_sweep,b5000,hybrid,default.qubit,4,2,5000,2569,0,first_grad_quantum,16,0.050287600
batch_sweep,b5000,hybrid,default.qubit,4,2,5000,2569,0,first_grad_classical,16,0.003141600
batch_sweep,b5000,hybrid,default.qubit,4,2,5000,2569,0,second_grad,16,0.090951600
batch_sweep,b5000,hybrid,default.qubit,4,2,5000,2569,0,second_grad_quantum,16,0.058859000
batch_sweep,b5000,hybrid,default.qubit,4,2,5000,2569,0,second_grad_classical,16,0.032092600
batch_sweep,b5000,hybrid,default.qubit,4,2,5000,2569,0,param_grad,16,0.202598100
batch_sweep,b5000,hybrid,default.qubit,4,2,5000,2569,0,param_grad_quantum,16,0.086618900
batch_sweep,b5000,hybrid,default.qubit,4,2,5000,2569,0,param_grad_classical,16,0.115979200
batch_sweep,b2540,hybrid,default.qubit,4,2,2540,2569,1,forward,16,0.016991500
batch_sweep,b2540,hybrid,default.qubit,4,2,2540,2569,1,forward_quantum,16,0.016179400
batch_sweep,b2540,hybrid,default.qubit,4,2,2540,2569,1,forward_classical,16,0.000812100
batch_sweep,b2540,hybrid,default.qubit,4,2,2540,2569,1,first_grad,16,0.034058700
batch_sweep,b2540,hybrid,default.qubit,4,2,2540,2569,1,first_grad_quantum,16,0.031238200
batch_sweep,b2540,hybrid,default.qubit,4,2,2540,2569,1,first_grad_classical,16,0.002820500
batch_sweep,b2540,hybrid,default.qubit,4,2,2540,2569,1,second_grad,16,0.069100600
batch_sweep,b2540,hybrid,default.qubit,4,2,2540,2569,1,second_grad_quantum,16,0.043986700
batch_sweep,b2540,hybrid,default.qubit,4,2,2540,2569,1,second_grad_classical,16,0.025113900
batch_sweep,b2540,hybrid,default.qubit,4,2,2540,2569,1,param_grad,16,0.137233200
batch_sweep,b2540,hybrid,default.qubit,4,2,2540,2569,1,param_grad_quantum,16,0.060596500
batch_sweep,b2540,hybrid,default.qubit,4,2,2540,2569,1,param_grad_classical,16,0.076636700
batch_sweep,b100,hybrid,default.qubit,4,2,100,2569,0,forward,16,0.015803500
batch_sweep,b100,hybrid,default.qubit,4,2,100,2569,0,forward_quantum,16,0.014333600
batch_sweep,b100,hybrid,default.qubit,4,2,100,2569,0,forward_classical,16,0.001469900
batch_sweep,b100,hybrid,default.qubit,4,2,100,2569,0,first_grad,16,0.017160700
batch_sweep,b100,hybrid,default.qubit,4,2,100,2569,0,first_grad_quantum,16,0.015324700
batch_sweep,b100,hybrid,default.qubit,4,2,100,2569,0,first_grad_classical,16,0.001836000
batch_sweep,b100,hybrid,default.qubit,4,2,100,2569,0,second_grad,16,0.028651300
batch_sweep,b100,hybrid,default.qubit,4,2,100,2569,0,second_grad_quantum,16,0.020244700
batch_sweep,b100,hybrid,default.qubit,4,2,100,2569,0,second_grad_classical,16,0.008406600
batch_sweep,b100,hybrid,default.qubit,4,2,100,2569,0,param_grad,16,0.054412900
batch_sweep,b100,hybrid,default.qubit,4,2,100,2569,0,param_grad_quantum,16,0.027431300
batch_sweep,b100,hybrid,default.qubit,4,2,100,2569,0,param_grad_classical,16,0.026981600
batch_sweep,b100,hybrid,default.qubit,4,2,100,2569,1,forward,16,0.011238800
batch_sweep,b100,hybrid,default.qubit,4,2,100,2569,1,forward_quantum,16,0.010707600
batch_sweep,b100,hybrid,default.qubit,4,2,100,2569,1,forward_classical,16,0.000531200
batch_sweep,b100,hybrid,default.qubit,4,2,100,2569,1,first_grad,16,0.017498600
batch_sweep,b100,hybrid,default.qubit,4,2,100,2569,1,first_grad_quantum,16,0.015601200
batch_sweep,b100,hybrid,default.qubit,4,2,100,2569,1,first_grad_classical,16,0.001897400
batch_sweep,b100,hybrid,default.qubit,4,2,100,2569,1,second_grad,16,0.028565900
batch_sweep,b100,hybrid,default.qubit,4,2,100,2569,1,second_grad_quantum,16,0.020306500
batch_sweep,b100,hybrid,default.qubit,4,2,100,2569,1,second_grad_classical,16,0.008259400
batch_sweep,b100,hybrid,default.qubit,4,2,100,2569,1,param_grad,16,0.053832900
batch_sweep,b100,hybrid,default.qubit,4,2,100,2569,1,param_grad_quantum,16,0.027399300
batch_sweep,b100,hybrid,default.qubit,4,2,100,2569,1,param_grad_classical,16,0.026433600
batch_sweep,b500,hybrid,default.qubit,4,2,500,2569,0,forward,16,0.013114300
batch_sweep,b500,hybrid,default.qubit,4,2,500,2569,0,forward_quantum,16,0.012506000
batch_sweep,b500,hybrid,default.qubit,4,2,500,2569,0,forward_classical,16,0.000608300
batch_sweep,b500,hybrid,default.qubit,4,2,500,2569,0,first_grad,16,0.025324700
batch_sweep,b500,hybrid,default.qubit,4,2,500,2569,0,first_grad_quantum,16,0.022933800
batch_sweep,b500,hybrid,default.qubit,4,2,500,2569,0,first_grad_classical,16,0.002390900
batch_sweep,b500,hybrid,default.qubit,4,2,500,2569,0,second_grad,16,0.040795300
batch_sweep,b500,hybrid,default.qubit,4,2,500,2569,0,second_grad_quantum,16,0.028831100
batch_sweep,b500,hybrid,default.qubit,4,2,500,2569,0,second_grad_classical,16,0.011964200
batch_sweep,b500,hybrid,default.qubit,4,2,500,2569,0,param_grad,16,0.075790700
batch_sweep,b500,hybrid,default.qubit,4,2,500,2569,0,param_grad_quantum,16,0.037332800
batch_sweep,b500,hybrid,default.qubit,4,2,500,2569,0,param_grad_classical,16,0.038457900
batch_sweep,b500,hybrid,default.qubit,4,2,500,2569,2,forward,16,0.013462900
batch_sweep,b500,hybrid,default.qubit,4,2,500,2569,2,forward_quantum,16,0.012864200
batch_sweep,b500,hybrid,default.qubit,4,2,500,2569,2,forward_classical,16,0.000598700
batch_sweep,b500,hybrid,default.qubit,4,2,500,2569,2,first_grad,16,0.021839000
batch_sweep,b500,hybrid,default.qubit,4,2,500,2569,2,first_grad_quantum,16,0.019768700
batch_sweep,b500,hybrid,default.qubit,4,2,500,2569,2,first_grad_classical,16,0.002070300
batch_sweep,b500,hybrid,default.qubit,4,2,500,2569,2,second_grad,16,0.037593000
batch_sweep,b500,hybrid,default.qubit,4,2,500,2569,2,second_grad_quantum,16,0.026207800
batch_sweep,b500,hybrid,default.qubit,4,2,500,2569,2,second_grad_classical,16,0.011385200
batch_sweep,b500,hybrid,default.qubit,4,2,500,2569,2,param_grad,16,0.076785800
batch_sweep,b500,hybrid,default.qubit,4,2,500,2569,2,param_grad_quantum,16,0.037566600
batch_sweep,b500,hybrid,default.qubit,4,2,500,2569,2,param_grad_classical,16,0.039219200
batch_sweep,b1000,hybrid,default.qubit,4,2,1000,2569,1,forward,16,0.014626300
batch_sweep,b1000,hybrid,default.qubit,4,2,1000,2569,1,forward_quantum,16,0.013972800
batch_sweep,b1000,hybrid,default.qubit,4,2,1000,2569,1,forward_classical,16,0.000653500
batch_sweep,b1000,hybrid,default.qubit,4,2,1000,2569,1,first_grad,16,0.023986800
batch_sweep,b1000,hybrid,default.qubit,4,2,1000,2569,1,first_grad_quantum,16,0.022052400
batch_sweep,b1000,hybrid,default.qubit,4,2,1000,2569,1,first_grad_classical,16,0.001934400
batch_sweep,b1000,hybrid,default.qubit,4,2,1000,2569,1,second_grad,16,0.047045800
batch_sweep,b1000,hybrid,default.qubit,4,2,1000,2569,1,second_grad_quantum,16,0.033397600
batch_sweep,b1000,hybrid,default.qubit,4,2,1000,2569,1,second_grad_classical,16,0.013648200
batch_sweep,b1000,hybrid,default.qubit,4,2,1000,2569,1,param_grad,16,0.101361300
batch_sweep,b1000,hybrid,default.qubit,4,2,1000,2569,1,param_grad_quantum,16,0.045199800
batch_sweep,b1000,hybrid,default.qubit,4,2,1000,2569,1,param_grad_classical,16,0.056161500
batch_sweep,b100,hybrid,default.qubit,4,2,100,2569,1,forward,17,0.012584400
batch_sweep,b100,hybrid,default.qubit,4,2,100,2569,1,forward_quantum,17,0.011204900
batch_sweep,b100,hybrid,default.qubit,4,2,100,2569,1,forward_classical,17,0.001379500
batch_sweep,b100,hybrid,default.qubit,4,2,100,2569,1,first_grad,17,0.015975200
batch_sweep,b100,hybrid,default.qubit,4,2,100,2569,1,first_grad_quantum,17,0.014168900
batch_sweep,b100,hybrid,default.qubit,4,2,100,2569,1,first_grad_classical,17,0.001806300
batch_sweep,b100,hybrid,default.qubit,4,2,100,2569,1,second_grad,17,0.028662400
batch_sweep,b100,hybrid,default.qubit,4,2,100,2569,1,second_grad_quantum,17,0.020014500
batch_sweep,b100,hybrid,default.qubit,4,2,100,2569,1,second_grad_classical,17,0.008647900
batch_sweep,b100,hybrid,default.qubit,4,2,100,2569,1,param_grad,17,0.054675900
batch_sweep,b100,hybrid,default.qubit,4,2,100,2569,1,param_grad_quantum,17,0.027893300
batch_sweep,b100,hybrid,default.qubit,4,2,100,2569,1,param_grad_classical,17,0.026782600
batch_sweep,b2540,hybrid,default.qubit,4,2,2540,2569,0,forward,17,0.017530900
batch_sweep,b2540,hybrid,default.qubit,4,2,2540,2569,0,forward_quantum,17,0.016498800
batch_sweep,b2540,hybrid,default.qubit,4,2,2540,2569,0,forward_classical,17,0.001032100
batch_sweep,b2540,hybrid,default.qubit,4,2,2540,2569,0,first_grad,17,0.036817000
batch_sweep,b2540,hybrid,default.qubit,4,2,2540,2569,0,first_grad_quantum,17,0.032989200
batch_sweep,b2540,hybrid,default.qubit,4,2,2540,2569,0,first_grad_classical,17,0.003827800
batch_sweep,b2540,hybrid,default.qubit,4,2,2540,2569,0,second_grad,17,0.069627100
batch_sweep,b2540,hybrid,default.qubit,4,2,2540,2569,0,second_grad_quantum,17,0.045645600
batch_sweep,b2540,hybrid,default.qubit,4,2,2540,2569,0,second_grad_classical,17,0.023981500
batch_sweep,b2540,hybrid,default.qubit,4,2,2540,2569,0,param_grad,17,0.134698500
batch_sweep,b2540,hybrid,default.qubit,4,2,2540,2569,0,param_grad_quantum,17,0.061025800
batch_sweep,b2540,hybrid,default.qubit,4,2,2540,2569,0,param_grad_classical,17,0.073672700
batch_sweep,b2540,hybrid,default.qubit,4,2,2540,2569,1,forward,17,0.016825600
batch_sweep,b2540,hybrid,default.qubit,4,2,2540,2569,1,forward_quantum,17,0.016058400
batch_sweep,b2540,hybrid,default.qubit,4,2,2540,2569,1,forward_classical,17,0.000767200
batch_sweep,b2540,hybrid,default.qubit,4,2,2540,2569,1,first_grad,17,0.031426800
batch_sweep,b2540,hybrid,default.qubit,4,2,2540,2569,1,first_grad_quantum,17,0.028922300
batch_sweep,b2540,hybrid,default.qubit,4,2,2540,2569,1,first_grad_classical,17,0.002504500
batch_sweep,b2540,hybrid,default.qubit,4,2,2540,2569,1,second_grad,17,0.063270300
batch_sweep,b2540,hybrid,default.qubit,4,2,2540,2569,1,second_grad_quantum,17,0.044477500
batch_sweep,b2540,hybrid,default.qubit,4,2,2540,2569,1,second_grad_classical,17,0.018792800
batch_sweep,b2540,hybrid,default.qubit,4,2,2540,2569,1,param_grad,17,0.139701200
batch_sweep,b2540,hybrid,default.qubit,4,2,2540,2569,1,param_grad_quantum,17,0.065834400
batch_sweep,b2540,hybrid,default.qubit,4,2,2540,2569,1,param_grad_classical,17,0.073866800
batch_sweep,b500,hybrid,default.qubit,4,2,500,2569,2,forward,17,0.014633000
batch_sweep,b500,hybrid,default.qubit,4,2,500,2569,2,forward_quantum,17,0.012203900
batch_sweep,b500,hybrid,default.qubit,4,2,500,2569,2,forward_classical,17,0.002429100
batch_sweep,b500,hybrid,default.qubit,4,2,500,2569,2,first_grad,17,0.022934700
batch_sweep,b500,hybrid,default.qubit,4,2,500,2569,2,first_grad_quantum,17,0.020760500
batch_sweep,b500,hybrid,default.qubit,4,2,500,2569,2,first_grad_classical,17,0.002174200
batch_sweep,b500,hybrid,default.qubit,4,2,500,2569,2,second_grad,17,0.040925500
batch_sweep,b500,hybrid,default.qubit,4,2,500,2569,2,second_grad_quantum,17,0.028845000
batch_sweep,b500,hybrid,default.qubit,4,2,500,2569,2,second_grad_classical,17,0.012080500
batch_sweep,b500,hybrid,default.qubit,4,2,500,2569,2,param_grad,17,0.071454300
batch_sweep,b500,hybrid,default.qubit,4,2,500,2569,2,param_grad_quantum,17,0.036384200
batch_sweep,b500,hybrid,default.qubit,4,2,500,2569,2,param_grad_classical,17,0.035070100
batch_sweep,b1000,hybrid,default.qubit,4,2,1000,2569,1,forward,17,0.014148900
batch_sweep,b1000,hybrid,default.qubit,4,2,1000,2569,1,forward_quantum,17,0.013485800
batch_sweep,b1000,hybrid,default.qubit,4,2,1000,2569,1,forward_classical,17,0.000663100
batch_sweep,b1000,hybrid,default.qubit,4,2,1000,2569,1,first_grad,17,0.024034100
batch_sweep,b1000,hybrid,default.qubit,4,2,1000,2569,1,first_grad_quantum,17,0.022067800
batch_sweep,b1000,hybrid,default.qubit,4,2,1000,2569,1,first_grad_classical,17,0.001966300
batch_sweep,b1000,hybrid,default.qubit,4,2,1000,2569,1,second_grad,17,0.050925900
batch_sweep,b1000,hybrid,default.qubit,4,2,1000,2569,1,second_grad_quantum,17,0.033853100
batch_sweep,b1000,hybrid,default.qubit,4,2,1000,2569,1,second_grad_classical,17,0.017072800
batch_sweep,b1000,hybrid,default.qubit,4,2,1000,2569,1,param_grad,17,0.094262300
batch_sweep,b1000,hybrid,default.qubit,4,2,1000,2569,1,param_grad_quantum,17,0.044613500
batch_sweep,b1000,hybrid,default.qubit,4,2,1000,2569,1,param_grad_classical,17,0.049648800
batch_sweep,b2540,hybrid,default.qubit,4,2,2540,2569,2,forward,17,0.016876100
batch_sweep,b2540,hybrid,default.qubit,4,2,2540,2569,2,forward_quantum,17,0.016088000
batch_sweep,b2540,hybrid,default.qubit,4,2,2540,2569,2,forward_classical,17,0.000788100
batch_sweep,b2540,hybrid,default.qubit,4,2,2540,2569,2,first_grad,17,0.036330800
batch_sweep,b2540,hybrid,default.qubit,4,2,2540,2569,2,first_grad_quantum,17,0.033653200
batch_sweep,b2540,hybrid,default.qubit,4,2,2540,2569,2,first_grad_classical,17,0.002677600
batch_sweep,b2540,hybrid,default.qubit,4,2,2540,2569,2,second_grad,17,0.069933400
batch_sweep,b2540,hybrid,default.qubit,4,2,2540,2569,2,second_grad_quantum,17,0.045950200
batch_sweep,b2540,hybrid,default.qubit,4,2,2540,2569,2,second_grad_classical,17,0.023983200
batch_sweep,b2540,hybrid,default.qubit,4,2,2540,2569,2,param_grad,17,0.140645500
batch_sweep,b2540,hybrid,default.qubit,4,2,2540,2569,2,param_grad_quantum,17,0.064437000
batch_sweep,b2540,hybrid,default.qubit,4,2,2540,2569,2,param_grad_classical,17,0.076208500
batch_sweep,b100,hybrid,default.qubit,4,2,100,2569,0,forward,17,0.016437000
batch_sweep,b100,hybrid,default.qubit,4,2,100,2569,0,forward_quantum,17,0.013310000
batch_sweep,b100,hybrid,default.qubit,4,2,100,2569,0,forward_classical,17,0.003127000
batch_sweep,b100,hybrid,default.qubit,4,2,100,2569,0,first_grad,17,0.017348300
batch_sweep,b100,hybrid,default.qubit,4,2,100,2569,0,first_grad_quantum,17,0.015621300
batch_sweep,b100,hybrid,default.qubit,4,2,100,2569,0,first_grad_classical,17,0.001727000
batch_sweep,b100,hybrid,default.qubit,4,2,100,2569,0,second_grad,17,0.029093200
batch_sweep,b100,hybrid,default.qubit,4,2,100,2569,0,second_grad_quantum,17,0.020431600
batch_sweep,b100,hybrid,default.qubit,4,2,100,2569,0,second_grad_classical,17,0.008661600
batch_sweep,b100,hybrid,default.qubit,4,2,100,2569,0,param_grad,17,0.055046600
batch_sweep,b100,hybrid,default.qubit,4,2,100,2569,0,param_grad_quantum,17,0.028222500
batch_sweep,b100,hybrid,default.qubit,4,2,100,2569,0,param_grad_classical,17,0.026824100
batch_sweep,b500,hybrid,default.qubit,4,2,500,2569,0,forward,17,0.012961600
batch_sweep,b500,hybrid,default.qubit,4,2,500,2569,0,forward_quantum,17,0.012341300
batch_sweep,b500,hybrid,default.qubit,4,2,500,2569,0,forward_classical,17,0.000620300
batch_sweep,b500,hybrid,default.qubit,4,2,500,2569,0,first_grad,17,0.023198600
batch_sweep,b500,hybrid,default.qubit,4,2,500,2569,0,first_grad_quantum,17,0.021071600
batch_sweep,b500,hybrid,default.qubit,4,2,500,2569,0,first_grad_classical,17,0.002127000
batch_sweep,b500,hybrid,default.qubit,4,2,500,2569,0,second_grad,17,0.038047800
batch_sweep,b500,hybrid,default.qubit,4,2,500,2569,0,second_grad_quantum,17,0.027140200
batch_sweep,b500,hybrid,default.qubit,4,2,500,2569,0,second_grad_classical,17,0.010907600
batch_sweep,b500,hybrid,default.qubit,4,2,500,2569,0,param_grad,17,0.080115600
batch_sweep,b500,hybrid,default.qubit,4,2,500,2569,0,param_grad_quantum,17,0.039996500
batch_sweep,b500,hybrid,default.qubit,4,2,500,2569,0,param_grad_classical,17,0.040119100
batch_sweep,b1000,hybrid,default.qubit,4,2,1000,2569,2,forward,17,0.017099600
batch_sweep,b1000,hybrid,default.qubit,4,2,1000,2569,2,forward_quantum,17,0.016398500
batch_sweep,b1000,hybrid,default.qubit,4,2,1000,2569,2,forward_classical,17,0.000701100
batch_sweep,b1000,hybrid,default.qubit,4,2,1000,2569,2,first_grad,17,0.026235300
batch_sweep,b1000,hybrid,default.qubit,4,2,1000,2569,2,first_grad_quantum,17,0.024075500
batch_sweep,b1000,hybrid,default.qubit,4,2,1000,2569,2,first_grad_classical,17,0.002159800
batch_sweep,b1000,hybrid,default.qubit,4,2,1000,2569,2,second_grad,17,0.046386400
batch_sweep,b1000,hybrid,default.qubit,4,2,1000,2569,2,second_grad_quantum,17,0.031698500
batch_sweep,b1000,hybrid,default.qubit,4,2,1000,2569,2,second_grad_classical,17,0.014687900
batch_sweep,b1000,hybrid,default.qubit,4,2,1000,2569,2,param_grad,17,0.093765100
batch_sweep,b1000,hybrid,default.qubit,4,2,1000,2569,2,param_grad_quantum,17,0.043197900
batch_sweep,b1000,hybrid,default.qubit,4,2,1000,2569,2,param_grad_classical,17,0.050567200
batch_sweep,b500,hybrid,default.qubit,4,2,500,2569,1,forward,17,0.013110100
batch_sweep,b500,hybrid,default.qubit,4,2,500,2569,1,forward_quantum,17,0.012523300
batch_sweep,b500,hybrid,default.qubit,4,2,500,2569,1,forward_classical,17,0.000586800
batch_sweep,b500,hybrid,default.qubit,4,2,500,2569,1,first_grad,17,0.022717300
batch_sweep,b500,hybrid,default.qubit,4,2,500,2569,1,first_grad_quantum,17,0.019848600
batch_sweep,b500,hybrid,default.qubit,4,2,500,2569,1,first_grad_classical,17,0.002868700
batch_sweep,b500,hybrid,default.qubit,4,2,500,2569,1,second_grad,17,0.037930900
batch_sweep,b500,hybrid,default.qubit,4,2,500,2569,1,second_grad_quantum,17,0.026473300
batch_sweep,b500,hybrid,default.qubit,4,2,500,2569,1,second_grad_classical,17,0.011457600
batch_sweep,b500,hybrid,default.qubit,4,2,500,2569,1,param_grad,17,0.073191700
batch_sweep,b500,hybrid,default.qubit,4,2,500,2569,1,param_grad_quantum,17,0.036449200
batch_sweep,b500,hybrid,default.qubit,4,2,500,2569,1,param_grad_classical,17,0.036742500
batch_sweep,b5000,hybrid,default.qubit,4,2,5000,2569,0,forward,17,0.019588000
batch_sweep,b5000,hybrid,default.qubit,4,2,5000,2569,0,forward_quantum,17,0.018552800
batch_sweep,b5000,hybrid,default.qubit,4,2,5000,2569,0,forward_classical,17,0.001035200
batch_sweep,b5000,hybrid,default.qubit,4,2,5000,2569,0,first_grad,17,0.047571900
batch_sweep,b5000,hybrid,default.qubit,4,2,5000,2569,0,first_grad_quantum,17,0.044188300
batch_sweep,b5000,hybrid,default.qubit,4,2,5000,2569,0,first_grad_classical,17,0.003383600
batch_sweep,b5000,hybrid,default.qubit,4,2,5000,2569,0,second_grad,17,0.087455600
batch_sweep,b5000,hybrid,default.qubit,4,2,5000,2569,0,second_grad_quantum,17,0.053477200
batch_sweep,b5000,hybrid,default.qubit,4,2,5000,2569,0,second_grad_classical,17,0.033978400
batch_sweep,b5000,hybrid,default.qubit,4,2,5000,2569,0,param_grad,17,0.192606000
batch_sweep,b5000,hybrid,default.qubit,4,2,5000,2569,0,param_grad_quantum,17,0.077699300
batch_sweep,b5000,hybrid,default.qubit,4,2,5000,2569,0,param_grad_classical,17,0.114906700
batch_sweep,b1000,hybrid,default.qubit,4,2,1000,2569,0,forward,17,0.013774200
batch_sweep,b1000,hybrid,default.qubit,4,2,1000,2569,0,forward_quantum,17,0.013133800
batch_sweep,b1000,hybrid,default.qubit,4,2,1000,2569,0,forward_classical,17,0.000640400
batch_sweep,b1000,hybrid,default.qubit,4,2,1000,2569,0,first_grad,17,0.022719000
batch_sweep,b1000,hybrid,default.qubit,4,2,1000,2569,0,first_grad_quantum,17,0.020840600
batch_sweep,b1000,hybrid,default.qubit,4,2,1000,2569,0,first_grad_classical,17,0.001878400
batch_sweep,b1000,hybrid,default.qubit,4,2,1000,2569,0,second_grad,17,0.048953300
batch_sweep,b1000,hybrid,default.qubit,4,2,1000,2569,0,second_grad_quantum,17,0.031938100
batch_sweep,b1000,hybrid,default.qubit,4,2,1000,2569,0,second_grad_classical,17,0.017015200
batch_sweep,b1000,hybrid,default.qubit,4,2,1000,2569,0,param_grad,17,0.101002000
batch_sweep,b1000,hybrid,default.qubit,4,2,1000,2569,0,param_grad_quantum,17,0.045379100
batch_sweep,b1000,hybrid,default.qubit,4,2,1000,2569,0,param_grad_classical,17,0.055622900
batch_sweep,b5000,hybrid,default.qubit,4,2,5000,2569,2,forward,17,0.021079000
batch_sweep,b5000,hybrid,default.qubit,4,2,5000,2569,2,forward_quantum,17,0.020058000
batch_sweep,b5000,hybrid,default.qubit,4,2,5000,2569,2,forward_classical,17,0.001021000
batch_sweep,b5000,hybrid,default.qubit,4,2,5000,2569,2,first_grad,17,0.047177600
batch_sweep,b5000,hybrid,default.qubit,4,2,5000,2569,2,first_grad_quantum,17,0.043746900
batch_sweep,b5000,hybrid,default.qubit,4,2,5000,2569,2,first_grad_classical,17,0.003430700
batch_sweep,b5000,hybrid,default.qubit,4,2,5000,2569,2,second_grad,17,0.088515800
batch_sweep,b5000,hybrid,default.qubit,4,2,5000,2569,2,second_grad_quantum,17,0.055604800
batch_sweep,b5000,hybrid,default.qubit,4,2,5000,2569,2,second_grad_classical,17,0.032911000
batch_sweep,b5000,hybrid,default.qubit,4,2,5000,2569,2,param_grad,17,0.198068200
batch_sweep,b5000,hybrid,default.qubit,4,2,5000,2569,2,param_grad_quantum,17,0.084271200
batch_sweep,b5000,hybrid,default.qubit,4,2,5000,2569,2,param_grad_classical,17,0.113797000
batch_sweep,b100,hybrid,default.qubit,4,2,100,2569,2,forward,17,0.012039200
batch_sweep,b100,hybrid,default.qubit,4,2,100,2569,2,forward_quantum,17,0.010647300
batch_sweep,b100,hybrid,default.qubit,4,2,100,2569,2,forward_classical,17,0.001391900
batch_sweep,b100,hybrid,default.qubit,4,2,100,2569,2,first_grad,17,0.017790900
batch_sweep,b100,hybrid,default.qubit,4,2,100,2569,2,first_grad_quantum,17,0.015942900
batch_sweep,b100,hybrid,default.qubit,4,2,100,2569,2,first_grad_classical,17,0.001848000
batch_sweep,b100,hybrid,default.qubit,4,2,100,2569,2,second_grad,17,0.026633600
batch_sweep,b100,hybrid,default.qubit,4,2,100,2569,2,second_grad_quantum,17,0.019235700
batch_sweep,b100,hybrid,default.qubit,4,2,100,2569,2,second_grad_classical,17,0.007397900
batch_sweep,b100,hybrid,default.qubit,4,2,100,2569,2,param_grad,17,0.055244300
batch_sweep,b100,hybrid,default.qubit,4,2,100,2569,2,param_grad_quantum,17,0.026772200
batch_sweep,b100,hybrid,default.qubit,4,2,100,2569,2,param_grad_classical,17,0.028472100
batch_sweep,b5000,hybrid,default.qubit,4,2,5000,2569,1,forward,17,0.023991600
batch_sweep,b5000,hybrid,default.qubit,4,2,5000,2569,1,forward_quantum,17,0.022643600
batch_sweep,b5000,hybrid,default.qubit,4,2,5000,2569,1,forward_classical,17,0.001348000
batch_sweep,b5000,hybrid,default.qubit,4,2,5000,2569,1,first_grad,17,0.048925200
batch_sweep,b5000,hybrid,default.qubit,4,2,5000,2569,1,first_grad_quantum,17,0.045420700
batch_sweep,b5000,hybrid,default.qubit,4,2,5000,2569,1,first_grad_classical,17,0.003504500
batch_sweep,b5000,hybrid,default.qubit,4,2,5000,2569,1,second_grad,17,0.088216200
batch_sweep,b5000,hybrid,default.qubit,4,2,5000,2569,1,second_grad_quantum,17,0.058207300
batch_sweep,b5000,hybrid,default.qubit,4,2,5000,2569,1,second_grad_classical,17,0.030008900
batch_sweep,b5000,hybrid,default.qubit,4,2,5000,2569,1,param_grad,17,0.194878900
batch_sweep,b5000,hybrid,default.qubit,4,2,5000,2569,1,param_grad_quantum,17,0.079427800
batch_sweep,b5000,hybrid,default.qubit,4,2,5000,2569,1,param_grad_classical,17,0.115451100
batch_sweep,b500,hybrid,default.qubit,4,2,500,2569,0,forward,18,0.017926100
batch_sweep,b500,hybrid,default.qubit,4,2,500,2569,0,forward_quantum,18,0.015061800
batch_sweep,b500,hybrid,default.qubit,4,2,500,2569,0,forward_classical,18,0.002864300
batch_sweep,b500,hybrid,default.qubit,4,2,500,2569,0,first_grad,18,0.022452800
batch_sweep,b500,hybrid,default.qubit,4,2,500,2569,0,first_grad_quantum,18,0.020363200
batch_sweep,b500,hybrid,default.qubit,4,2,500,2569,0,first_grad_classical,18,0.002089600
batch_sweep,b500,hybrid,default.qubit,4,2,500,2569,0,second_grad,18,0.042049600
batch_sweep,b500,hybrid,default.qubit,4,2,500,2569,0,second_grad_quantum,18,0.028117100
batch_sweep,b500,hybrid,default.qubit,4,2,500,2569,0,second_grad_classical,18,0.013932500
batch_sweep,b500,hybrid,default.qubit,4,2,500,2569,0,param_grad,18,0.078391100
batch_sweep,b500,hybrid,default.qubit,4,2,500,2569,0,param_grad_quantum,18,0.038626800
batch_sweep,b500,hybrid,default.qubit,4,2,500,2569,0,param_grad_classical,18,0.039764300
batch_sweep,b1000,hybrid,default.qubit,4,2,1000,2569,2,forward,18,0.017884000
batch_sweep,b1000,hybrid,default.qubit,4,2,1000,2569,2,forward_quantum,18,0.017226100
batch_sweep,b1000,hybrid,default.qubit,4,2,1000,2569,2,forward_classical,18,0.000657900
batch_sweep,b1000,hybrid,default.qubit,4,2,1000,2569,2,first_grad,18,0.026751500
batch_sweep,b1000,hybrid,default.qubit,4,2,1000,2569,2,first_grad_quantum,18,0.024586500
batch_sweep,b1000,hybrid,default.qubit,4,2,1000,2569,2,first_grad_classical,18,0.002165000
batch_sweep,b1000,hybrid,default.qubit,4,2,1000,2569,2,second_grad,18,0.049975500
batch_sweep,b1000,hybrid,default.qubit,4,2,1000,2569,2,second_grad_quantum,18,0.035433600
batch_sweep,b1000,hybrid,default.qubit,4,2,1000,2569,2,second_grad_classical,18,0.014541900
batch_sweep,b1000,hybrid,default.qubit,4,2,1000,2569,2,param_grad,18,0.097185000
batch_sweep,b1000,hybrid,default.qubit,4,2,1000,2569,2,param_grad_quantum,18,0.045683400
batch_sweep,b1000,hybrid,default.qubit,4,2,1000,2569,2,param_grad_classical,18,0.051501600
batch_sweep,b1000,hybrid,default.qubit,4,2,1000,2569,0,forward,18,0.014241700
batch_sweep,b1000,hybrid,default.qubit,4,2,1000,2569,0,forward_quantum,18,0.013561100
batch_sweep,b1000,hybrid,default.qubit,4,2,1000,2569,0,forward_classical,18,0.000680600
batch_sweep,b1000,hybrid,default.qubit,4,2,1000,2569,0,first_grad,18,0.023421000
batch_sweep,b1000,hybrid,default.qubit,4,2,1000,2569,0,first_grad_quantum,18,0.021556400
batch_sweep,b1000,hybrid,default.qubit,4,2,1000,2569,0,first_grad_classical,18,0.001864600
batch_sweep,b1000,hybrid,default.qubit,4,2,1000,2569,0,second_grad,18,0.046842000
batch_sweep,b1000,hybrid,default.qubit,4,2,1000,2569,0,second_grad_quantum,18,0.033225300
batch_sweep,b1000,hybrid,default.qubit,4,2,1000,2569,0,second_grad_classical,18,0.013616700
batch_sweep,b1000,hybrid,default.qubit,4,2,1000,2569,0,param_grad,18,0.097499200
batch_sweep,b1000,hybrid,default.qubit,4,2,1000,2569,0,param_grad_quantum,18,0.045193000
batch_sweep,b1000,hybrid,default.qubit,4,2,1000,2569,0,param_grad_classical,18,0.052306200
batch_sweep,b2540,hybrid,default.qubit,4,2,2540,2569,1,forward,18,0.016753100
batch_sweep,b2540,hybrid,default.qubit,4,2,2540,2569,1,forward_quantum,18,0.015970700
batch_sweep,b2540,hybrid,default.qubit,4,2,2540,2569,1,forward_classical,18,0.000782400
batch_sweep,b2540,hybrid,default.qubit,4,2,2540,2569,1,first_grad,18,0.035174400
batch_sweep,b2540,hybrid,default.qubit,4,2,2540,2569,1,first_grad_quantum,18,0.032646000
batch_sweep,b2540,hybrid,default.qubit,4,2,2540,2569,1,first_grad_classical,18,0.002528400
batch_sweep,b2540,hybrid,default.qubit,4,2,2540,2569,1,second_grad,18,0.072548300
batch_sweep,b2540,hybrid,default.qubit,4,2,2540,2569,1,second_grad_quantum,18,0.047289500
batch_sweep,b2540,hybrid,default.qubit,4,2,2540,2569,1,second_grad_classical,18,0.025258800
batch_sweep,b2540,hybrid,default.qubit,4,2,2540,2569,1,param_grad,18,0.137000800
batch_sweep,b2540,hybrid,default.qubit,4,2,2540,2569,1,param_grad_quantum,18,0.059734000
batch_sweep,b2540,hybrid,default.qubit,4,2,2540,2569,1,param_grad_classical,18,0.077266800
batch_sweep,b5000,hybrid,default.qubit,4,2,5000,2569,0,forward,18,0.022668500
batch_sweep,b5000,hybrid,default.qubit,4,2,5000,2569,0,forward_quantum,18,0.021592500
batch_sweep,b5000,hybrid,default.qubit,4,2,5000,2569,0,forward_classical,18,0.001076000
batch_sweep,b5000,hybrid,default.qubit,4,2,5000,2569,0,first_grad,18,0.043102600
batch_sweep,b5000,hybrid,default.qubit,4,2,5000,2569,0,first_grad_quantum,18,0.040425100
batch_sweep,b5000,hybrid,default.qubit,4,2,5000,2569,0,first_grad_classical,18,0.002677500
batch_sweep,b5000,hybrid,default.qubit,4,2,5000,2569,0,second_grad,18,0.083633500
batch_sweep,b5000,hybrid,default.qubit,4,2,5000,2569,0,second_grad_quantum,18,0.053193800
batch_sweep,b5000,hybrid,default.qubit,4,2,5000,2569,0,second_grad_classical,18,0.030439700
batch_sweep,b5000,hybrid,default.qubit,4,2,5000,2569,0,param_grad,18,0.191474100
batch_sweep,b5000,hybrid,default.qubit,4,2,5000,2569,0,param_grad_quantum,18,0.076400400
batch_sweep,b5000,hybrid,default.qubit,4,2,5000,2569,0,param_grad_classical,18,0.115073700
batch_sweep,b100,hybrid,default.qubit,4,2,100,2569,1,forward,18,0.016195000
batch_sweep,b100,hybrid,default.qubit,4,2,100,2569,1,forward_quantum,18,0.010428700
batch_sweep,b100,hybrid,default.qubit,4,2,100,2569,1,forward_classical,18,0.005766300
batch_sweep,b100,hybrid,default.qubit,4,2,100,2569,1,first_grad,18,0.018170300
batch_sweep,b100,hybrid,default.qubit,4,2,100,2569,1,first_grad_quantum,18,0.016463400
batch_sweep,b100,hybrid,default.qubit,4,2,100,2569,1,first_grad_classical,18,0.001706900
batch_sweep,b100,hybrid,default.qubit,4,2,100,2569,1,second_grad,18,0.026916100
batch_sweep,b100,hybrid,default.qubit,4,2,100,2569,1,second_grad_quantum,18,0.019165700
batch_sweep,b100,hybrid,default.qubit,4,2,100,2569,1,second_grad_classical,18,0.007750400
batch_sweep,b100,hybrid,default.qubit,4,2,100,2569,1,param_grad,18,0.056019000
batch_sweep,b100,hybrid,default.qubit,4,2,100,2569,1,param_grad_quantum,18,0.028790300
batch_sweep,b100,hybrid,default.qubit,4,2,100,2569,1,param_grad_classical,18,0.027228700
batch_sweep,b5000,hybrid,default.qubit,4,2,5000,2569,2,forward,18,0.022295700
batch_sweep,b5000,hybrid,default.qubit,4,2,5000,2569,2,forward_quantum,18,0.021038100
batch_sweep,b5000,hybrid,default.qubit,4,2,5000,2569,2,forward_classical,18,0.001257600
batch_sweep,b5000,hybrid,default.qubit,4,2,5000,2569,2,first_grad,18,0.044400400
batch_sweep,b5000,hybrid,default.qubit,4,2,5000,2569,2,first_grad_quantum,18,0.041304300
batch_sweep,b5000,hybrid,default.qubit,4,2,5000,2569,2,first_grad_classical,18,0.003096100
batch_sweep,b5000,hybrid,default.qubit,4,2,5000,2569,2,second_grad,18,0.088348000
batch_sweep,b5000,hybrid,default.qubit,4,2,5000,2569,2,second_grad_quantum,18,0.056150100
batch_sweep,b5000,hybrid,default.qubit,4,2,5000,2569,2,second_grad_classical,18,0.032197900
batch_sweep,b5000,hybrid,default.qubit,4,2,5000,2569,2,param_grad,18,0.206364300
batch_sweep,b5000,hybrid,default.qubit,4,2,5000,2569,2,param_grad_quantum,18,0.084411400
batch_sweep,b5000,hybrid,default.qubit,4,2,5000,2569,2,param_grad_classical,18,0.121952900
batch_sweep,b100,hybrid,default.qubit,4,2,100,2569,0,forward,18,0.011669700
batch_sweep,b100,hybrid,default.qubit,4,2,100,2569,0,forward_quantum,18,0.010308500
batch_sweep,b100,hybrid,default.qubit,4,2,100,2569,0,forward_classical,18,0.001361200
batch_sweep,b100,hybrid,default.qubit,4,2,100,2569,0,first_grad,18,0.017711100
batch_sweep,b100,hybrid,default.qubit,4,2,100,2569,0,first_grad_quantum,18,0.015847100
batch_sweep,b100,hybrid,default.qubit,4,2,100,2569,0,first_grad_classical,18,0.001864000
batch_sweep,b100,hybrid,default.qubit,4,2,100,2569,0,second_grad,18,0.027399800
batch_sweep,b100,hybrid,default.qubit,4,2,100,2569,0,second_grad_quantum,18,0.019120200
batch_sweep,b100,hybrid,default.qubit,4,2,100,2569,0,second_grad_classical,18,0.008279600
batch_sweep,b100,hybrid,default.qubit,4,2,100,2569,0,param_grad,18,0.050750600
batch_sweep,b100,hybrid,default.qubit,4,2,100,2569,0,param_grad_quantum,18,0.025724400
batch_sweep,b100,hybrid,default.qubit,4,2,100,2569,0,param_grad_classical,18,0.025026200
batch_sweep,b500,hybrid,default.qubit,4,2,500,2569,2,forward,18,0.013595000
batch_sweep,b500,hybrid,default.qubit,4,2,500,2569,2,forward_quantum,18,0.012954500
batch_sweep,b500,hybrid,default.qubit,4,2,500,2569,2,forward_classical,18,0.000640500
batch_sweep,b500,hybrid,default.qubit,4,2,500,2569,2,first_grad,18,0.024934800
batch_sweep,b500,hybrid,default.qubit,4,2,500,2569,2,first_grad_quantum,18,0.022157900
batch_sweep,b500,hybrid,default.qubit,4,2,500,2569,2,first_grad_classical,18,0.002776900
batch_sweep,b500,hybrid,default.qubit,4,2,500,2569,2,second_grad,18,0.041578400
batch_sweep,b500,hybrid,default.qubit,4,2,500,2569,2,second_grad_quantum,18,0.028029900
batch_sweep,b500,hybrid,default.qubit,4,2,500,2569,2,second_grad_classical,18,0.013548500
batch_sweep,b500,hybrid,default.qubit,4,2,500,2569,2,param_grad,18,0.076737100
batch_sweep,b500,hybrid,default.qubit,4,2,500,2569,2,param_grad_quantum,18,0.036694000
batch_sweep,b500,hybrid,default.qubit,4,2,500,2569,2,param_grad_classical,18,0.040043100
batch_sweep,b5000,hybrid,default.qubit,4,2,5000,2569,1,forward,18,0.020385500
batch_sweep,b5000,hybrid,default.qubit,4,2,5000,2569,1,forward_quantum,18,0.019318100
batch_sweep,b5000,hybrid,default.qubit,4,2,5000,2569,1,forward_classical,18,0.001067400
batch_sweep,b5000,hybrid,default.qubit,4,2,5000,2569,1,first_grad,18,0.049084500
batch_sweep,b5000,hybrid,default.qubit,4,2,5000,2569,1,first_grad_quantum,18,0.045255700
batch_sweep,b5000,hybrid,default.qubit,4,2,5000,2569,1,first_grad_classical,18,0.003828800
batch_sweep,b5000,hybrid,default.qubit,4,2,5000,2569,1,second_grad,18,0.094325400
batch_sweep,b5000,hybrid,default.qubit,4,2,5000,2569,1,second_grad_quantum,18,0.061299600
batch_sweep,b5000,hybrid,default.qubit,4,2,5000,2569,1,second_grad_classical,18,0.033025800
batch_sweep,b5000,hybrid,default.qubit,4,2,5000,2569,1,param_grad,18,0.195534900
batch_sweep,b5000,hybrid,default.qubit,4,2,5000,2569,1,param_grad_quantum,18,0.083292800
batch_sweep,b5000,hybrid,default.qubit,4,2,5000,2569,1,param_grad_classical,18,0.112242100
batch_sweep,b2540,hybrid,default.qubit,4,2,2540,2569,2,forward,18,0.017326000
batch_sweep,b2540,hybrid,default.qubit,4,2,2540,2569,2,forward_quantum,18,0.016574000
batch_sweep,b2540,hybrid,default.qubit,4,2,2540,2569,2,forward_classical,18,0.000752000
batch_sweep,b2540,hybrid,default.qubit,4,2,2540,2569,2,first_grad,18,0.036960900
batch_sweep,b2540,hybrid,default.qubit,4,2,2540,2569,2,first_grad_quantum,18,0.032763800
batch_sweep,b2540,hybrid,default.qubit,4,2,2540,2569,2,first_grad_classical,18,0.004197100
batch_sweep,b2540,hybrid,default.qubit,4,2,2540,2569,2,second_grad,18,0.072398000
batch_sweep,b2540,hybrid,default.qubit,4,2,2540,2569,2,second_grad_quantum,18,0.046893900
batch_sweep,b2540,hybrid,default.qubit,4,2,2540,2569,2,second_grad_classical,18,0.025504100
batch_sweep,b2540,hybrid,default.qubit,4,2,2540,2569,2,param_grad,18,0.144150600
batch_sweep,b2540,hybrid,default.qubit,4,2,2540,2569,2,param_grad_quantum,18,0.063860600
batch_sweep,b2540,hybrid,default.qubit,4,2,2540,2569,2,param_grad_classical,18,0.080290000
batch_sweep,b500,hybrid,default.qubit,4,2,500,2569,1,forward,18,0.014344900
batch_sweep,b500,hybrid,default.qubit,4,2,500,2569,1,forward_quantum,18,0.012589600
batch_sweep,b500,hybrid,default.qubit,4,2,500,2569,1,forward_classical,18,0.001755300
batch_sweep,b500,hybrid,default.qubit,4,2,500,2569,1,first_grad,18,0.024637600
batch_sweep,b500,hybrid,default.qubit,4,2,500,2569,1,first_grad_quantum,18,0.019876300
batch_sweep,b500,hybrid,default.qubit,4,2,500,2569,1,first_grad_classical,18,0.004761300
batch_sweep,b500,hybrid,default.qubit,4,2,500,2569,1,second_grad,18,0.041219300
batch_sweep,b500,hybrid,default.qubit,4,2,500,2569,1,second_grad_quantum,18,0.027292600
batch_sweep,b500,hybrid,default.qubit,4,2,500,2569,1,second_grad_classical,18,0.013926700
batch_sweep,b500,hybrid,default.qubit,4,2,500,2569,1,param_grad,18,0.074489100
batch_sweep,b500,hybrid,default.qubit,4,2,500,2569,1,param_grad_quantum,18,0.035485800
batch_sweep,b500,hybrid,default.qubit,4,2,500,2569,1,param_grad_classical,18,0.039003300
batch_sweep,b1000,hybrid,default.qubit,4,2,1000,2569,1,forward,18,0.016537800
batch_sweep,b1000,hybrid,default.qubit,4,2,1000,2569,1,forward_quantum,18,0.015931100
batch_sweep,b1000,hybrid,default.qubit,4,2,1000,2569,1,forward_classical,18,0.000606700
batch_sweep,b1000,hybrid,default.qubit,4,2,1000,2569,1,first_grad,18,0.028204200
batch_sweep,b1000,hybrid,default.qubit,4,2,1000,2569,1,first_grad_quantum,18,0.025862100
batch_sweep,b1000,hybrid,default.qubit,4,2,1000,2569,1,first_grad_classical,18,0.002342100
batch_sweep,b1000,hybrid,default.qubit,4,2,1000,2569,1,second_grad,18,0.048874900
batch_sweep,b1000,hybrid,default.qubit,4,2,1000,2569,1,second_grad_quantum,18,0.032025800
batch_sweep,b1000,hybrid,default.qubit,4,2,1000,2569,1,second_grad_classical,18,0.016849100
batch_sweep,b1000,hybrid,default.qubit,4,2,1000,2569,1,param_grad,18,0.097859200
batch_sweep,b1000,hybrid,default.qubit,4,2,1000,2569,1,param_grad_quantum,18,0.045422800
batch_sweep,b1000,hybrid,default.qubit,4,2,1000,2569,1,param_grad_classical,18,0.052436400
batch_sweep,b100,hybrid,default.qubit,4,2,100,2569,2,forward,18,0.015108500
batch_sweep,b100,hybrid,default.qubit,4,2,100,2569,2,forward_quantum,18,0.014537300
batch_sweep,b100,hybrid,default.qubit,4,2,100,2569,2,forward_classical,18,0.000571200
batch_sweep,b100,hybrid,default.qubit,4,2,100,2569,2,first_grad,18,0.017602500
batch_sweep,b100,hybrid,default.qubit,4,2,100,2569,2,first_grad_quantum,18,0.015814900
batch_sweep,b100,hybrid,default.qubit,4,2,100,2569,2,first_grad_classical,18,0.001787600
batch_sweep,b100,hybrid,default.qubit,4,2,100,2569,2,second_grad,18,0.029202900
batch_sweep,b100,hybrid,default.qubit,4,2,100,2569,2,second_grad_quantum,18,0.020376400
batch_sweep,b100,hybrid,default.qubit,4,2,100,2569,2,second_grad_classical,18,0.008826500
batch_sweep,b100,hybrid,default.qubit,4,2,100,2569,2,param_grad,18,0.050359600
batch_sweep,b100,hybrid,default.qubit,4,2,100,2569,2,param_grad_quantum,18,0.026025300
batch_sweep,b100,hybrid,default.qubit,4,2,100,2569,2,param_grad_classical,18,0.024334300
batch_sweep,b2540,hybrid,default.qubit,4,2,2540,2569,0,forward,18,0.017301500
batch_sweep,b2540,hybrid,default.qubit,4,2,2540,2569,0,forward_quantum,18,0.016247200
batch_sweep,b2540,hybrid,default.qubit,4,2,2540,2569,0,forward_classical,18,0.001054300
batch_sweep,b2540,hybrid,default.qubit,4,2,2540,2569,0,first_grad,18,0.039078200
batch_sweep,b2540,hybrid,default.qubit,4,2,2540,2569,0,first_grad_quantum,18,0.035911800
batch_sweep,b2540,hybrid,default.qubit,4,2,2540,2569,0,first_grad_classical,18,0.003166400
batch_sweep,b2540,hybrid,default.qubit,4,2,2540,2569,0,second_grad,18,0.069241400
batch_sweep,b2540,hybrid,default.qubit,4,2,2540,2569,0,second_grad_quantum,18,0.045334200
batch_sweep,b2540,hybrid,default.qubit,4,2,2540,2569,0,second_grad_classical,18,0.023907200
batch_sweep,b2540,hybrid,default.qubit,4,2,2540,2569,0,param_grad,18,0.135184900
batch_sweep,b2540,hybrid,default.qubit,4,2,2540,2569,0,param_grad_quantum,18,0.059164400
batch_sweep,b2540,hybrid,default.qubit,4,2,2540,2569,0,param_grad_classical,18,0.076020500
batch_sweep,b2540,hybrid,default.qubit,4,2,2540,2569,0,forward,19,0.017232900
batch_sweep,b2540,hybrid,default.qubit,4,2,2540,2569,0,forward_quantum,19,0.016430300
batch_sweep,b2540,hybrid,default.qubit,4,2,2540,2569,0,forward_classical,19,0.000802600
batch_sweep,b2540,hybrid,default.qubit,4,2,2540,2569,0,first_grad,19,0.036850800
batch_sweep,b2540,hybrid,default.qubit,4,2,2540,2569,0,first_grad_quantum,19,0.031468700
batch_sweep,b2540,hybrid,default.qubit,4,2,2540,2569,0,first_grad_classical,19,0.005382100
batch_sweep,b2540,hybrid,default.qubit,4,2,2540,2569,0,second_grad,19,0.067613700
batch_sweep,b2540,hybrid,default.qubit,4,2,2540,2569,0,second_grad_quantum,19,0.044024600
batch_sweep,b2540,hybrid,default.qubit,4,2,2540,2569,0,second_grad_classical,19,0.023589100
batch_sweep,b2540,hybrid,default.qubit,4,2,2540,2569,0,param_grad,19,0.132163700
batch_sweep,b2540,hybrid,default.qubit,4,2,2540,2569,0,param_grad_quantum,19,0.059819200
batch_sweep,b2540,hybrid,default.qubit,4,2,2540,2569,0,param_grad_classical,19,0.072344500
batch_sweep,b100,hybrid,default.qubit,4,2,100,2569,2,forward,19,0.013426300
batch_sweep,b100,hybrid,default.qubit,4,2,100,2569,2,forward_quantum,19,0.010729300
batch_sweep,b100,hybrid,default.qubit,4,2,100,2569,2,forward_classical,19,0.002697000
batch_sweep,b100,hybrid,default.qubit,4,2,100,2569,2,first_grad,19,0.017320100
batch_sweep,b100,hybrid,default.qubit,4,2,100,2569,2,first_grad_quantum,19,0.015440400
batch_sweep,b100,hybrid,default.qubit,4,2,100,2569,2,first_grad_classical,19,0.001879700
batch_sweep,b100,hybrid,default.qubit,4,2,100,2569,2,second_grad,19,0.028580000
batch_sweep,b100,hybrid,default.qubit,4,2,100,2569,2,second_grad_quantum,19,0.020024200
batch_sweep,b100,hybrid,default.qubit,4,2,100,2569,2,second_grad_classical,19,0.008555800
batch_sweep,b100,hybrid,default.qubit,4,2,100,2569,2,param_grad,19,0.054900700
batch_sweep,b100,hybrid,default.qubit,4,2,100,2569,2,param_grad_quantum,19,0.026581000
batch_sweep,b100,hybrid,default.qubit,4,2,100,2569,2,param_grad_classical,19,0.028319700
batch_sweep,b1000,hybrid,default.qubit,4,2,1000,2569,2,forward,19,0.014949300
batch_sweep,b1000,hybrid,default.qubit,4,2,1000,2569,2,forward_quantum,19,0.014337300
batch_sweep,b1000,hybrid,default.qubit,4,2,1000,2569,2,forward_classical,19,0.000612000
batch_sweep,b1000,hybrid,default.qubit,4,2,1000,2569,2,first_grad,19,0.031118800
batch_sweep,b1000,hybrid,default.qubit,4,2,1000,2569,2,first_grad_quantum,19,0.027422700
batch_sweep,b1000,hybrid,default.qubit,4,2,1000,2569,2,first_grad_classical,19,0.003696100
batch_sweep,b1000,hybrid,default.qubit,4,2,1000,2569,2,second_grad,19,0.048900900
batch_sweep,b1000,hybrid,default.qubit,4,2,1000,2569,2,second_grad_quantum,19,0.033636500
batch_sweep,b1000,hybrid,default.qubit,4,2,1000,2569,2,second_grad_classical,19,0.015264400
batch_sweep,b1000,hybrid,default.qubit,4,2,1000,2569,2,param_grad,19,0.099071600
batch_sweep,b1000,hybrid,default.qubit,4,2,1000,2569,2,param_grad_quantum,19,0.047292900
batch_sweep,b1000,hybrid,default.qubit,4,2,1000,2569,2,param_grad_classical,19,0.051778700
batch_sweep,b100,hybrid,default.qubit,4,2,100,2569,1,forward,19,0.010323700
batch_sweep,b100,hybrid,default.qubit,4,2,100,2569,1,forward_quantum,19,0.009772700
batch_sweep,b100,hybrid,default.qubit,4,2,100,2569,1,forward_classical,19,0.000551000
batch_sweep,b100,hybrid,default.qubit,4,2,100,2569,1,first_grad,19,0.018955100
batch_sweep,b100,hybrid,default.qubit,4,2,100,2569,1,first_grad_quantum,19,0.017137400
batch_sweep,b100,hybrid,default.qubit,4,2,100,2569,1,first_grad_classical,19,0.001817700
batch_sweep,b100,hybrid,default.qubit,4,2,100,2569,1,second_grad,19,0.028663200
batch_sweep,b100,hybrid,default.qubit,4,2,100,2569,1,second_grad_quantum,19,0.020102200
batch_sweep,b100,hybrid,default.qubit,4,2,100,2569,1,second_grad_classical,19,0.008561000
batch_sweep,b100,hybrid,default.qubit,4,2,100,2569,1,param_grad,19,0.051010900
batch_sweep,b100,hybrid,default.qubit,4,2,100,2569,1,param_grad_quantum,19,0.027143700
batch_sweep,b100,hybrid,default.qubit,4,2,100,2569,1,param_grad_classical,19,0.023867200
batch_sweep,b100,hybrid,default.qubit,4,2,100,2569,0,forward,19,0.010898700
batch_sweep,b100,hybrid,default.qubit,4,2,100,2569,0,forward_quantum,19,0.010350400
batch_sweep,b100,hybrid,default.qubit,4,2,100,2569,0,forward_classical,19,0.000548300
batch_sweep,b100,hybrid,default.qubit,4,2,100,2569,0,first_grad,19,0.017941000
batch_sweep,b100,hybrid,default.qubit,4,2,100,2569,0,first_grad_quantum,19,0.016136600
batch_sweep,b100,hybrid,default.qubit,4,2,100,2569,0,first_grad_classical,19,0.001804400
batch_sweep,b100,hybrid,default.qubit,4,2,100,2569,0,second_grad,19,0.028275400
batch_sweep,b100,hybrid,default.qubit,4,2,100,2569,0,second_grad_quantum,19,0.019918200
batch_sweep,b100,hybrid,default.qubit,4,2,100,2569,0,second_grad_classical,19,0.008357200
batch_sweep,b100,hybrid,default.qubit,4,2,100,2569,0,param_grad,19,0.054911700
batch_sweep,b100,hybrid,default.qubit,4,2,100,2569,0,param_grad_quantum,19,0.028363900
batch_sweep,b100,hybrid,default.qubit,4,2,100,2569,0,param_grad_classical,19,0.026547800
batch_sweep,b500,hybrid,default.qubit,4,2,500,2569,1,forward,19,0.013261500
batch_sweep,b500,hybrid,default.qubit,4,2,500,2569,1,forward_quantum,19,0.012630800
batch_sweep,b500,hybrid,default.qubit,4,2,500,2569,1,forward_classical,19,0.000630700
batch_sweep,b500,hybrid,default.qubit,4,2,500,2569,1,first_grad,19,0.022286200
batch_sweep,b500,hybrid,default.qubit,4,2,500,2569,1,first_grad_quantum,19,0.020112700
batch_sweep,b500,hybrid,default.qubit,4,2,500,2569,1,first_grad_classical,19,0.002173500
batch_sweep,b500,hybrid,default.qubit,4,2,500,2569,1,second_grad,19,0.039581400
batch_sweep,b500,hybrid,default.qubit,4,2,500,2569,1,second_grad_quantum,19,0.026253800
batch_sweep,b500,hybrid,default.qubit,4,2,500,2569,1,second_grad_classical,19,0.013327600
batch_sweep,b500,hybrid,default.qubit,4,2,500,2569,1,param_grad,19,0.075378200
batch_sweep,b500,hybrid,default.qubit,4,2,500,2569,1,param_grad_quantum,19,0.036518700
batch_sweep,b500,hybrid,default.qubit,4,2,500,2569,1,param_grad_classical,19,0.038859500
batch_sweep,b500,hybrid,default.qubit,4,2,500,2569,2,forward,19,0.013243400
batch_sweep,b500,hybrid,default.qubit,4,2,500,2569,2,forward_quantum,19,0.012673600
batch_sweep,b500,hybrid,default.qubit,4,2,500,2569,2,forward_classical,19,0.000569800
batch_sweep,b500,hybrid,default.qubit,4,2,500,2569,2,first_grad,19,0.021918400
batch_sweep,b500,hybrid,default.qubit,4,2,500,2569,2,first_grad_quantum,19,0.019749900
batch_sweep,b500,hybrid,default.qubit,4,2,500,2569,2,first_grad_classical,19,0.002168500
batch_sweep,b500,hybrid,default.qubit,4,2,500,2569,2,second_grad,19,0.039893700
batch_sweep,b500,hybrid,default.qubit,4,2,500,2569,2,second_grad_quantum,19,0.027183700
batch_sweep,b500,hybrid,default.qubit,4,2,500,2569,2,second_grad_classical,19,0.012710000
batch_sweep,b500,hybrid,default.qubit,4,2,500,2569,2,param_grad,19,0.077132900
batch_sweep,b500,hybrid,default.qubit,4,2,500,2569,2,param_grad_quantum,19,0.037703200
batch_sweep,b500,hybrid,default.qubit,4,2,500,2569,2,param_grad_classical,19,0.039429700
batch_sweep,b5000,hybrid,default.qubit,4,2,5000,2569,1,forward,19,0.022310800
batch_sweep,b5000,hybrid,default.qubit,4,2,5000,2569,1,forward_quantum,19,0.021133000
batch_sweep,b5000,hybrid,default.qubit,4,2,5000,2569,1,forward_classical,19,0.001177800
batch_sweep,b5000,hybrid,default.qubit,4,2,5000,2569,1,first_grad,19,0.052663600
batch_sweep,b5000,hybrid,default.qubit,4,2,5000,2569,1,first_grad_quantum,19,0.048951100
batch_sweep,b5000,hybrid,default.qubit,4,2,5000,2569,1,first_grad_classical,19,0.003712500
batch_sweep,b5000,hybrid,default.qubit,4,2,5000,2569,1,second_grad,19,0.089381700
batch_sweep,b5000,hybrid,default.qubit,4,2,5000,2569,1,second_grad_quantum,19,0.057209100
batch_sweep,b5000,hybrid,default.qubit,4,2,5000,2569,1,second_grad_classical,19,0.032172600
batch_sweep,b5000,hybrid,default.qubit,4,2,5000,2569,1,param_grad,19,0.199546800
batch_sweep,b5000,hybrid,default.qubit,4,2,5000,2569,1,param_grad_quantum,19,0.082287800
batch_sweep,b5000,hybrid,default.qubit,4,2,5000,2569,1,param_grad_classical,19,0.117259000
batch_sweep,b2540,hybrid,default.qubit,4,2,2540,2569,1,forward,19,0.014952700
batch_sweep,b2540,hybrid,default.qubit,4,2,2540,2569,1,forward_quantum,19,0.014115500
batch_sweep,b2540,hybrid,default.qubit,4,2,2540,2569,1,forward_classical,19,0.000837200
batch_sweep,b2540,hybrid,default.qubit,4,2,2540,2569,1,first_grad,19,0.032708200
batch_sweep,b2540,hybrid,default.qubit,4,2,2540,2569,1,first_grad_quantum,19,0.029878400
batch_sweep,b2540,hybrid,default.qubit,4,2,2540,2569,1,first_grad_classical,19,0.002829800
batch_sweep,b2540,hybrid,default.qubit,4,2,2540,2569,1,second_grad,19,0.064427500
batch_sweep,b2540,hybrid,default.qubit,4,2,2540,2569,1,second_grad_quantum,19,0.042269700
batch_sweep,b2540,hybrid,default.qubit,4,2,2540,2569,1,second_grad_classical,19,0.022157800
batch_sweep,b2540,hybrid,default.qubit,4,2,2540,2569,1,param_grad,19,0.138880800
batch_sweep,b2540,hybrid,default.qubit,4,2,2540,2569,1,param_grad_quantum,19,0.060821400
batch_sweep,b2540,hybrid,default.qubit,4,2,2540,2569,1,param_grad_classical,19,0.078059400
batch_sweep,b2540,hybrid,default.qubit,4,2,2540,2569,2,forward,19,0.017221300
batch_sweep,b2540,hybrid,default.qubit,4,2,2540,2569,2,forward_quantum,19,0.016419200
batch_sweep,b2540,hybrid,default.qubit,4,2,2540,2569,2,forward_classical,19,0.000802100
batch_sweep,b2540,hybrid,default.qubit,4,2,2540,2569,2,first_grad,19,0.035204000
batch_sweep,b2540,hybrid,default.qubit,4,2,2540,2569,2,first_grad_quantum,19,0.029547900
batch_sweep,b2540,hybrid,default.qubit,4,2,2540,2569,2,first_grad_classical,19,0.005656100
batch_sweep,b2540,hybrid,default.qubit,4,2,2540,2569,2,second_grad,19,0.070482100
batch_sweep,b2540,hybrid,default.qubit,4,2,2540,2569,2,second_grad_quantum,19,0.045576200
batch_sweep,b2540,hybrid,default.qubit,4,2,2540,2569,2,second_grad_classical,19,0.024905900
batch_sweep,b2540,hybrid,default.qubit,4,2,2540,2569,2,param_grad,19,0.137569500
batch_sweep,b2540,hybrid,default.qubit,4,2,2540,2569,2,param_grad_quantum,19,0.062120600
batch_sweep,b2540,hybrid,default.qubit,4,2,2540,2569,2,param_grad_classical,19,0.075448900
batch_sweep,b5000,hybrid,default.qubit,4,2,5000,2569,2,forward,19,0.022047800
batch_sweep,b5000,hybrid,default.qubit,4,2,5000,2569,2,forward_quantum,19,0.021110100
batch_sweep,b5000,hybrid,default.qubit,4,2,5000,2569,2,forward_classical,19,0.000937700
batch_sweep,b5000,hybrid,default.qubit,4,2,5000,2569,2,first_grad,19,0.043939200
batch_sweep,b5000,hybrid,default.qubit,4,2,5000,2569,2,first_grad_quantum,19,0.040302400
batch_sweep,b5000,hybrid,default.qubit,4,2,5000,2569,2,first_grad_classical,19,0.003636800
batch_sweep,b5000,hybrid,default.qubit,4,2,5000,2569,2,second_grad,19,0.081619300
batch_sweep,b5000,hybrid,default.qubit,4,2,5000,2569,2,second_grad_quantum,19,0.053168200
batch_sweep,b5000,hybrid,default.qubit,4,2,5000,2569,2,second_grad_classical,19,0.028451100
batch_sweep,b5000,hybrid,default.qubit,4,2,5000,2569,2,param_grad,19,0.194204100
batch_sweep,b5000,hybrid,default.qubit,4,2,5000,2569,2,param_grad_quantum,19,0.080388200
batch_sweep,b5000,hybrid,default.qubit,4,2,5000,2569,2,param_grad_classical,19,0.113815900
batch_sweep,b5000,hybrid,default.qubit,4,2,5000,2569,0,forward,19,0.022529500
batch_sweep,b5000,hybrid,default.qubit,4,2,5000,2569,0,forward_quantum,19,0.021504400
batch_sweep,b5000,hybrid,default.qubit,4,2,5000,2569,0,forward_classical,19,0.001025100
batch_sweep,b5000,hybrid,default.qubit,4,2,5000,2569,0,first_grad,19,0.046842300
batch_sweep,b5000,hybrid,default.qubit,4,2,5000,2569,0,first_grad_quantum,19,0.043429900
batch_sweep,b5000,hybrid,default.qubit,4,2,5000,2569,0,first_grad_classical,19,0.003412400
batch_sweep,b5000,hybrid,default.qubit,4,2,5000,2569,0,second_grad,19,0.087701100
batch_sweep,b5000,hybrid,default.qubit,4,2,5000,2569,0,second_grad_quantum,19,0.055496100
batch_sweep,b5000,hybrid,default.qubit,4,2,5000,2569,0,second_grad_classical,19,0.032205000
batch_sweep,b5000,hybrid,default.qubit,4,2,5000,2569,0,param_grad,19,0.193551600
batch_sweep,b5000,hybrid,default.qubit,4,2,5000,2569,0,param_grad_quantum,19,0.082094900
batch_sweep,b5000,hybrid,default.qubit,4,2,5000,2569,0,param_grad_classical,19,0.111456700
batch_sweep,b500,hybrid,default.qubit,4,2,500,2569,0,forward,19,0.014194000
batch_sweep,b500,hybrid,default.qubit,4,2,500,2569,0,forward_quantum,19,0.012910600
batch_sweep,b500,hybrid,default.qubit,4,2,500,2569,0,forward_classical,19,0.001283400
batch_sweep,b500,hybrid,default.qubit,4,2,500,2569,0,first_grad,19,0.022522400
batch_sweep,b500,hybrid,default.qubit,4,2,500,2569,0,first_grad_quantum,19,0.018069900
batch_sweep,b500,hybrid,default.qubit,4,2,500,2569,0,first_grad_classical,19,0.004452500
batch_sweep,b500,hybrid,default.qubit,4,2,500,2569,0,second_grad,19,0.036230200
batch_sweep,b500,hybrid,default.qubit,4,2,500,2569,0,second_grad_quantum,19,0.025327400
batch_sweep,b500,hybrid,default.qubit,4,2,500,2569,0,second_grad_classical,19,0.010902800
batch_sweep,b500,hybrid,default.qubit,4,2,500,2569,0,param_grad,19,0.070680000
batch_sweep,b500,hybrid,default.qubit,4,2,500,2569,0,param_grad_quantum,19,0.033445800
batch_sweep,b500,hybrid,default.qubit,4,2,500,2569,0,param_grad_classical,19,0.037234200
batch_sweep,b1000,hybrid,default.qubit,4,2,1000,2569,1,forward,19,0.013643800
batch_sweep,b1000,hybrid,default.qubit,4,2,1000,2569,1,forward_quantum,19,0.013055000
batch_sweep,b1000,hybrid,default.qubit,4,2,1000,2569,1,forward_classical,19,0.000588800
batch_sweep,b1000,hybrid,default.qubit,4,2,1000,2569,1,first_grad,19,0.022946900
batch_sweep,b1000,hybrid,default.qubit,4,2,1000,2569,1,first_grad_quantum,19,0.021125600
batch_sweep,b1000,hybrid,default.qubit,4,2,1000,2569,1,first_grad_classical,19,0.001821300
batch_sweep,b1000,hybrid,default.qubit,4,2,1000,2569,1,second_grad,19,0.048521500
batch_sweep,b1000,hybrid,default.qubit,4,2,1000,2569,1,second_grad_quantum,19,0.034429300
batch_sweep,b1000,hybrid,default.qubit,4,2,1000,2569,1,second_grad_classical,19,0.014092200
batch_sweep,b1000,hybrid,default.qubit,4,2,1000,2569,1,param_grad,19,0.099810900
batch_sweep,b1000,hybrid,default.qubit,4,2,1000,2569,1,param_grad_quantum,19,0.042549400
batch_sweep,b1000,hybrid,default.qubit,4,2,1000,2569,1,param_grad_classical,19,0.057261500
batch_sweep,b1000,hybrid,default.qubit,4,2,1000,2569,0,forward,19,0.014445800
batch_sweep,b1000,hybrid,default.qubit,4,2,1000,2569,0,forward_quantum,19,0.013804700
batch_sweep,b1000,hybrid,default.qubit,4,2,1000,2569,0,forward_classical,19,0.000641100
batch_sweep,b1000,hybrid,default.qubit,4,2,1000,2569,0,first_grad,19,0.027844900
batch_sweep,b1000,hybrid,default.qubit,4,2,1000,2569,0,first_grad_quantum,19,0.025585100
batch_sweep,b1000,hybrid,default.qubit,4,2,1000,2569,0,first_grad_classical,19,0.002259800
batch_sweep,b1000,hybrid,default.qubit,4,2,1000,2569,0,second_grad,19,0.049634000
batch_sweep,b1000,hybrid,default.qubit,4,2,1000,2569,0,second_grad_quantum,19,0.033988700
batch_sweep,b1000,hybrid,default.qubit,4,2,1000,2569,0,second_grad_classical,19,0.015645300
batch_sweep,b1000,hybrid,default.qubit,4,2,1000,2569,0,param_grad,19,0.098126400
batch_sweep,b1000,hybrid,default.qubit,4,2,1000,2569,0,param_grad_quantum,19,0.045736800
batch_sweep,b1000,hybrid,default.qubit,4,2,1000,2569,0,param_grad_classical,19,0.052389600
