section,case,kind,backend,n_qubits,n_layers,batch,n_params,seed,stage,rep,seconds
layer_sweep,L2,hybrid,default.qubit,4,2,2540,2569,0,forward,0,0.016536000
layer_sweep,L2,hybrid,default.qubit,4,2,2540,2569,0,forward_quantum,0,0.015795600
layer_sweep,L2,hybrid,default.qubit,4,2,2540,2569,0,forward_classical,0,0.000740400
layer_sweep,L2,hybrid,default.qubit,4,2,2540,2569,0,first_grad,0,0.033567100
layer_sweep,L2,hybrid,default.qubit,4,2,2540,2569,0,first_grad_quantum,0,0.029047600
layer_sweep,L2,hybrid,default.qubit,4,2,2540,2569,0,first_grad_classical,0,0.004519500
layer_sweep,L2,hybrid,default.qubit,4,2,2540,2569,0,second_grad,0,0.071157800
layer_sweep,L2,hybrid,default.qubit,4,2,2540,2569,0,second_grad_quantum,0,0.046026100
layer_sweep,L2,hybrid,default.qubit,4,2,2540,2569,0,second_grad_classical,0,0.025131700
layer_sweep,L2,hybrid,default.qubit,4,2,2540,2569,0,param_grad,0,0.139371700
layer_sweep,L2,hybrid,default.qubit,4,2,2540,2569,0,param_grad_quantum,0,0.064750500
layer_sweep,L2,hybrid,default.qubit,4,2,2540,2569,0,param_grad_classical,0,0.074621200
layer_sweep,L2,hybrid,default.qubit,4,2,2540,2569,2,forward,0,0.014774400
layer_sweep,L2,hybrid,default.qubit,4,2,2540,2569,2,forward_quantum,0,0.014010500
layer_sweep,L2,hybrid,default.qubit,4,2,2540,2569,2,forward_classical,0,0.000763900
layer_sweep,L2,hybrid,default.qubit,4,2,2540,2569,2,first_grad,0,0.034105200
layer_sweep,L2,hybrid,default.qubit,4,2,2540,2569,2,first_grad_quantum,0,0.030266100
layer_sweep,L2,hybrid,default.qubit,4,2,2540,2569,2,first_grad_classical,0,0.003839100
layer_sweep,L2,hybrid,default.qubit,4,2,2540,2569,2,second_grad,0,0.066897800
layer_sweep,L2,hybrid,default.qubit,4,2,2540,2569,2,second_grad_quantum,0,0.044949300
layer_sweep,L2,hybrid,default.qubit,4,2,2540,2569,2,second_grad_classical,0,0.021948500
layer_sweep,L2,hybrid,default.qubit,4,2,2540,2569,2,param_grad,0,0.132129000
layer_sweep,L2,hybrid,default.qubit,4,2,2540,2569,2,param_grad_quantum,0,0.060909700
layer_sweep,L2,hybrid,default.qubit,4,2,2540,2569,2,param_grad_classical,0,0.071219300
layer_sweep,L1,hybrid,default.qubit,4,1,2540,2553,2,forward,0,0.010978200
layer_sweep,L1,hybrid,default.qubit,4,1,2540,2553,2,forward_quantum,0,0.010215500
layer_sweep,L1,hybrid,default.qubit,4,1,2540,2553,2,forward_classical,0,0.000762700
layer_sweep,L1,hybrid,default.qubit,4,1,2540,2553,2,first_grad,0,0.023203100
layer_sweep,L1,hybrid,default.qubit,4,1,2540,2553,2,first_grad_quantum,0,0.021224600
layer_sweep,L1,hybrid,default.qubit,4,1,2540,2553,2,first_grad_classical,0,0.001978500
layer_sweep,L1,hybrid,default.qubit,4,1,2540,2553,2,second_grad,0,0.043873900
layer_sweep,L1,hybrid,default.qubit,4,1,2540,2553,2,second_grad_quantum,0,0.029658400
layer_sweep,L1,hybrid,default.qubit,4,1,2540,2553,2,second_grad_classical,0,0.014215500
layer_sweep,L1,hybrid,default.qubit,4,1,2540,2553,2,param_grad,0,0.095010900
layer_sweep,L1,hybrid,default.qubit,4,1,2540,2553,2,param_grad_quantum,0,0.038887300
layer_sweep,L1,hybrid,default.qubit,4,1,2540,2553,2,param_grad_classical,0,0.056123600
layer_sweep,L2,hybrid,default.qubit,4,2,2540,2569,1,forward,0,0.017612900
layer_sweep,L2,hybrid,default.qubit,4,2,2540,2569,1,forward_quantum,0,0.016789900
layer_sweep,L2,hybrid,default.qubit,4,2,2540,2569,1,forward_classical,0,0.000823000
layer_sweep,L2,hybrid,default.qubit,4,2,2540,2569,1,first_grad,0,0.033999700
layer_sweep,L2,hybrid,default.qubit,4,2,2540,2569,1,first_grad_quantum,0,0.028752600
layer_sweep,L2,hybrid,default.qubit,4,2,2540,2569,1,first_grad_classical,0,0.005247100
layer_sweep,L2,hybrid,default.qubit,4,2,2540,2569,1,second_grad,0,0.067709400
layer_sweep,L2,hybrid,default.qubit,4,2,2540,2569,1,second_grad_quantum,0,0.044069800
layer_sweep,L2,hybrid,default.qubit,4,2,2540,2569,1,second_grad_classical,0,0.023639600
layer_sweep,L2,hybrid,default.qubit,4,2,2540,2569,1,param_grad,0,0.137483700
layer_sweep,L2,hybrid,default.qubit,4,2,2540,2569,1,param_grad_quantum,0,0.061435300
layer_sweep,L2,hybrid,default.qubit,4,2,2540,2569,1,param_grad_classical,0,0.076048400
layer_sweep,L4,hybrid,default.qubit,4,4,2540,2601,2,forward,0,0.027544200
layer_sweep,L4,hybrid,default.qubit,4,4,2540,2601,2,forward_quantum,0,0.026770000
layer_sweep,L4,hybrid,default.qubit,4,4,2540,2601,2,forward_classical,0,0.000774200
layer_sweep,L4,hybrid,default.qubit,4,4,2540,2601,2,first_grad,0,0.058371500
layer_sweep,L4,hybrid,default.qubit,4,4,2540,2601,2,first_grad_quantum,0,0.053565600
layer_sweep,L4,hybrid,default.qubit,4,4,2540,2601,2,first_grad_classical,0,0.004805900
layer_sweep,L4,hybrid,default.qubit,4,4,2540,2601,2,second_grad,0,0.103325900
layer_sweep,L4,hybrid,default.qubit,4,4,2540,2601,2,second_grad_quantum,0,0.068027200
layer_sweep,L4,hybrid,default.qubit,4,4,2540,2601,2,second_grad_classical,0,0.035298700
layer_sweep,L4,hybrid,default.qubit,4,4,2540,2601,2,param_grad,0,0.220677300
layer_sweep,L4,hybrid,default.qubit,4,4,2540,2601,2,param_grad_quantum,0,0.101350100
layer_sweep,L4,hybrid,default.qubit,4,4,2540,2601,2,param_grad_classical,0,0.119327200
layer_sweep,L4,hybrid,default.qubit,4,4,2540,2601,0,forward,0,0.025436700
layer_sweep,L4,hybrid,default.qubit,4,4,2540,2601,0,forward_quantum,0,0.024636500
layer_sweep,L4,hybrid,default.qubit,4,4,2540,2601,0,forward_classical,0,0.000800200
layer_sweep,L4,hybrid,default.qubit,4,4,2540,2601,0,first_grad,0,0.053056800
layer_sweep,L4,hybrid,default.qubit,4,4,2540,2601,0,first_grad_quantum,0,0.049578300
layer_sweep,L4,hybrid,default.qubit,4,4,2540,2601,0,first_grad_classical,0,0.003478500
layer_sweep,L4,hybrid,default.qubit,4,4,2540,2601,0,second_grad,0,0.102525200
layer_sweep,L4,hybrid,default.qubit,4,4,2540,2601,0,second_grad_quantum,0,0.067352600
layer_sweep,L4,hybrid,default.qubit,4,4,2540,2601,0,second_grad_classical,0,0.035172600
layer_sweep,L4,hybrid,default.qubit,4,4,2540,2601,0,param_grad,0,0.218277300
layer_sweep,L4,hybrid,default.qubit,4,4,2540,2601,0,param_grad_quantum,0,0.103047100
layer_sweep,L4,hybrid,default.qubit,4,4,2540,2601,0,param_grad_classical,0,0.115230200
layer_sweep,L8,hybrid,default.qubit,4,8,2540,2665,0,forward,0,0.044083000
layer_sweep,L8,hybrid,default.qubit,4,8,2540,2665,0,forward_quantum,0,0.043350900
layer_sweep,L8,hybrid,default.qubit,4,8,2540,2665,0,forward_classical,0,0.000732100
layer_sweep,L8,hybrid,default.qubit,4,8,2540,2665,0,first_grad,0,0.101832300
layer_sweep,L8,hybrid,default.qubit,4,8,2540,2665,0,first_grad_quantum,0,0.097031500
layer_sweep,L8,hybrid,default.qubit,4,8,2540,2665,0,first_grad_classical,0,0.004800800
layer_sweep,L8,hybrid,default.qubit,4,8,2540,2665,0,second_grad,0,0.179686900
layer_sweep,L8,hybrid,default.qubit,4,8,2540,2665,0,second_grad_quantum,0,0.122369900
layer_sweep,L8,hybrid,default.qubit,4,8,2540,2665,0,second_grad_classical,0,0.057317000
layer_sweep,L8,hybrid,default.qubit,4,8,2540,2665,0,param_grad,0,0.391646800
layer_sweep,L8,hybrid,default.qubit,4,8,2540,2665,0,param_grad_quantum,0,0.184914900
layer_sweep,L8,hybrid,default.qubit,4,8,2540,2665,0,param_grad_classical,0,0.206731900
layer_sweep,L8,hybrid,default.qubit,4,8,2540,2665,1,forward,0,0.047080500
layer_sweep,L8,hybrid,default.qubit,4,8,2540,2665,1,forward_quantum,0,0.046306600
layer_sweep,L8,hybrid,default.qubit,4,8,2540,2665,1,forward_classical,0,0.000773900
layer_sweep,L8,hybrid,default.qubit,4,8,2540,2665,1,first_grad,0,0.102162500
layer_sweep,L8,hybrid,default.qubit,4,8,2540,2665,1,first_grad_quantum,0,0.096515500
layer_sweep,L8,hybrid,default.qubit,4,8,2540,2665,1,first_grad_classical,0,0.005647000
layer_sweep,L8,hybrid,default.qubit,4,8,2540,2665,1,second_grad,0,0.184678900
layer_sweep,L8,hybrid,default.qubit,4,8,2540,2665,1,second_grad_quantum,0,0.125431100
layer_sweep,L8,hybrid,default.qubit,4,8,2540,2665,1,second_grad_classical,0,0.059247800
layer_sweep,L8,hybrid,default.qubit,4,8,2540,2665,1,param_grad,0,0.391969100
layer_sweep,L8,hybrid,default.qubit,4,8,2540,2665,1,param_grad_quantum,0,0.185859800
layer_sweep,L8,hybrid,default.qubit,4,8,2540,2665,1,param_grad_classical,0,0.206109300
layer_sweep,L1,hybrid,default.qubit,4,1,2540,2553,1,forward,0,0.012672900
layer_sweep,L1,hybrid,default.qubit,4,1,2540,2553,1,forward_quantum,0,0.011875800
layer_sweep,L1,hybrid,default.qubit,4,1,2540,2553,1,forward_classical,0,0.000797100
layer_sweep,L1,hybrid,default.qubit,4,1,2540,2553,1,first_grad,0,0.021851900
layer_sweep,L1,hybrid,default.qubit,4,1,2540,2553,1,first_grad_quantum,0,0.019628400
layer_sweep,L1,hybrid,default.qubit,4,1,2540,2553,1,first_grad_classical,0,0.002223500
layer_sweep,L1,hybrid,default.qubit,4,1,2540,2553,1,second_grad,0,0.047216500
layer_sweep,L1,hybrid,default.qubit,4,1,2540,2553,1,second_grad_quantum,0,0.029974400
layer_sweep,L1,hybrid,default.qubit,4,1,2540,2553,1,second_grad_classical,0,0.017242100
layer_sweep,L1,hybrid,default.qubit,4,1,2540,2553,1,param_grad,0,0.094944300
layer_sweep,L1,hybrid,default.qubit,4,1,2540,2553,1,param_grad_quantum,0,0.039315400
layer_sweep,L1,hybrid,default.qubit,4,1,2540,2553,1,param_grad_classical,0,0.055628900
layer_sweep,L1,hybrid,default.qubit,4,1,2540,2553,0,forward,0,0.011994700
layer_sweep,L1,hybrid,default.qubit,4,1,2540,2553,0,forward_quantum,0,0.011185000
layer_sweep,L1,hybrid,default.qubit,4,1,2540,2553,0,forward_classical,0,0.000809700
layer_sweep,L1,hybrid,default.qubit,4,1,2540,2553,0,first_grad,0,0.020080500
layer_sweep,L1,hybrid,default.qubit,4,1,2540,2553,0,first_grad_quantum,0,0.018059700
layer_sweep,L1,hybrid,default.qubit,4,1,2540,2553,0,first_grad_classical,0,0.002020800
layer_sweep,L1,hybrid,default.qubit,4,1,2540,2553,0,second_grad,0,0.045787300
layer_sweep,L1,hybrid,default.qubit,4,1,2540,2553,0,second_grad_quantum,0,0.030671400
layer_sweep,L1,hybrid,default.qubit,4,1,2540,2553,0,second_grad_classical,0,0.015115900
layer_sweep,L1,hybrid,default.qubit,4,1,2540,2553,0,param_grad,0,0.095830300
layer_sweep,L1,hybrid,default.qubit,4,1,2540,2553,0,param_grad_quantum,0,0.039155000
layer_sweep,L1,hybrid,default.qubit,4,1,2540,2553,0,param_grad_classical,0,0.056675300
layer_sweep,L8,hybrid,default.qubit,4,8,2540,2665,2,forward,0,0.047591100
layer_sweep,L8,hybrid,default.qubit,4,8,2540,2665,2,forward_quantum,0,0.046810300
layer_sweep,L8,hybrid,default.qubit,4,8,2540,2665,2,forward_classical,0,0.000780800
layer_sweep,L8,hybrid,default.qubit,4,8,2540,2665,2,first_grad,0,0.096956000
layer_sweep,L8,hybrid,default.qubit,4,8,2540,2665,2,first_grad_quantum,0,0.091664300
layer_sweep,L8,hybrid,default.qubit,4,8,2540,2665,2,first_grad_classical,0,0.005291700
layer_sweep,L8,hybrid,default.qubit,4,8,2540,2665,2,second_grad,0,0.184626800
layer_sweep,L8,hybrid,default.qubit,4,8,2540,2665,2,second_grad_quantum,0,0.125837500
layer_sweep,L8,hybrid,default.qubit,4,8,2540,2665,2,second_grad_classical,0,0.058789300
layer_sweep,L8,hybrid,default.qubit,4,8,2540,2665,2,param_grad,0,0.372513000
layer_sweep,L8,hybrid,default.qubit,4,8,2540,2665,2,param_grad_quantum,0,0.177339200
layer_sweep,L8,hybrid,default.qubit,4,8,2540,2665,2,param_grad_classical,0,0.195173800
layer_sweep,L4,hybrid,default.qubit,4,4,2540,2601,1,forward,0,0.027607800
layer_sweep,L4,hybrid,default.qubit,4,4,2540,2601,1,forward_quantum,0,0.026821000
layer_sweep,L4,hybrid,default.qubit,4,4,2540,2601,1,forward_classical,0,0.000786800
layer_sweep,L4,hybrid,default.qubit,4,4,2540,2601,1,first_grad,0,0.054278200
layer_sweep,L4,hybrid,default.qubit,4,4,2540,2601,1,first_grad_quantum,0,0.050891600
layer_sweep,L4,hybrid,default.qubit,4,4,2540,2601,1,first_grad_classical,0,0.003386600
layer_sweep,L4,hybrid,default.qubit,4,4,2540,2601,1,second_grad,0,0.106353700
layer_sweep,L4,hybrid,default.qubit,4,4,2540,2601,1,second_grad_quantum,0,0.070026600
layer_sweep,L4,hybrid,default.qubit,4,4,2540,2601,1,second_grad_classical,0,0.036327100
layer_sweep,L4,hybrid,default.qubit,4,4,2540,2601,1,param_grad,0,0.222696800
layer_sweep,L4,hybrid,default.qubit,4,4,2540,2601,1,param_grad_quantum,0,0.106238500
layer_sweep,L4,hybrid,default.qubit,4,4,2540,2601,1,param_grad_classical,0,0.116458300
layer_sweep,L2,hybrid,default.qubit,4,2,2540,2569,1,forward,1,0.017443500
layer_sweep,L2,hybrid,default.qubit,4,2,2540,2569,1,forward_quantum,1,0.016645600
layer_sweep,L2,hybrid,default.qubit,4,2,2540,2569,1,forward_classical,1,0.000797900
layer_sweep,L2,hybrid,default.qubit,4,2,2540,2569,1,first_grad,1,0.034340400
layer_sweep,L2,hybrid,default.qubit,4,2,2540,2569,1,first_grad_quantum,1,0.029771100
layer_sweep,L2,hybrid,default.qubit,4,2,2540,2569,1,first_grad_classical,1,0.004569300
layer_sweep,L2,hybrid,default.qubit,4,2,2540,2569,1,second_grad,1,0.069979200
layer_sweep,L2,hybrid,default.qubit,4,2,2540,2569,1,second_grad_quantum,1,0.044963700
layer_sweep,L2,hybrid,default.qubit,4,2,2540,2569,1,second_grad_classical,1,0.025015500
layer_sweep,L2,hybrid,default.qubit,4,2,2540,2569,1,param_grad,1,0.134801700
layer_sweep,L2,hybrid,default.qubit,4,2,2540,2569,1,param_grad_quantum,1,0.059855900
layer_sweep,L2,hybrid,default.qubit,4,2,2540,2569,1,param_grad_classical,1,0.074945800
layer_sweep,L1,hybrid,default.qubit,4,1,2540,2553,0,forward,1,0.011958600
layer_sweep,L1,hybrid,default.qubit,4,1,2540,2553,0,forward_quantum,1,0.011152100
layer_sweep,L1,hybrid,default.qubit,4,1,2540,2553,0,forward_classical,1,0.000806500
layer_sweep,L1,hybrid,default.qubit,4,1,2540,2553,0,first_grad,1,0.021249400
layer_sweep,L1,hybrid,default.qubit,4,1,2540,2553,0,first_grad_quantum,1,0.019272800
layer_sweep,L1,hybrid,default.qubit,4,1,2540,2553,0,first_grad_classical,1,0.001976600
layer_sweep,L1,hybrid,default.qubit,4,1,2540,2553,0,second_grad,1,0.044577800
layer_sweep,L1,hybrid,default.qubit,4,1,2540,2553,0,second_grad_quantum,1,0.029263200
layer_sweep,L1,hybrid,default.qubit,4,1,2540,2553,0,second_grad_classical,1,0.015314600
layer_sweep,L1,hybrid,default.qubit,4,1,2540,2553,0,param_grad,1,0.090655000
layer_sweep,L1,hybrid,default.qubit,4,1,2540,2553,0,param_grad_quantum,1,0.038906000
layer_sweep,L1,hybrid,default.qubit,4,1,2540,2553,0,param_grad_classical,1,0.051749000
layer_sweep,L8,hybrid,default.qubit,4,8,2540,2665,0,forward,1,0.050473900
layer_sweep,L8,hybrid,default.qubit,4,8,2540,2665,0,forward_quantum,1,0.049445100
layer_sweep,L8,hybrid,default.qubit,4,8,2540,2665,0,forward_classical,1,0.001028800
layer_sweep,L8,hybrid,default.qubit,4,8,2540,2665,0,first_grad,1,0.105385600
layer_sweep,L8,hybrid,default.qubit,4,8,2540,2665,0,first_grad_quantum,1,0.100023600
layer_sweep,L8,hybrid,default.qubit,4,8,2540,2665,0,first_grad_classical,1,0.005362000
layer_sweep,L8,hybrid,default.qubit,4,8,2540,2665,0,second_grad,1,0.187432000
layer_sweep,L8,hybrid,default.qubit,4,8,2540,2665,0,second_grad_quantum,1,0.126570700
layer_sweep,L8,hybrid,default.qubit,4,8,2540,2665,0,second_grad_classical,1,0.060861300
layer_sweep,L8,hybrid,default.qubit,4,8,2540,2665,0,param_grad,1,0.394524200
layer_sweep,L8,hybrid,default.qubit,4,8,2540,2665,0,param_grad_quantum,1,0.186906600
layer_sweep,L8,hybrid,default.qubit,4,8,2540,2665,0,param_grad_classical,1,0.207617600
layer_sweep,L8,hybrid,default.qubit,4,8,2540,2665,1,forward,1,0.047805300
layer_sweep,L8,hybrid,default.qubit,4,8,2540,2665,1,forward_quantum,1,0.046927100
layer_sweep,L8,hybrid,default.qubit,4,8,2540,2665,1,forward_classical,1,0.000878200
layer_sweep,L8,hybrid,default.qubit,4,8,2540,2665,1,first_grad,1,0.104513800
layer_sweep,L8,hybrid,default.qubit,4,8,2540,2665,1,first_grad_quantum,1,0.098734500
layer_sweep,L8,hybrid,default.qubit,4,8,2540,2665,1,first_grad_classical,1,0.005779300
layer_sweep,L8,hybrid,default.qubit,4,8,2540,2665,1,second_grad,1,0.177860400
layer_sweep,L8,hybrid,default.qubit,4,8,2540,2665,1,second_grad_quantum,1,0.120791200
layer_sweep,L8,hybrid,default.qubit,4,8,2540,2665,1,second_grad_classical,1,0.057069200
layer_sweep,L8,hybrid,default.qubit,4,8,2540,2665,1,param_grad,1,0.378476400
layer_sweep,L8,hybrid,default.qubit,4,8,2540,2665,1,param_grad_quantum,1,0.181538100
layer_sweep,L8,hybrid,default.qubit,4,8,2540,2665,1,param_grad_classical,1,0.196938300
layer_sweep,L4,hybrid,default.qubit,4,4,2540,2601,1,forward,1,0.026951400
layer_sweep,L4,hybrid,default.qubit,4,4,2540,2601,1,forward_quantum,1,0.026227600
layer_sweep,L4,hybrid,default.qubit,4,4,2540,2601,1,forward_classical,1,0.000723800
layer_sweep,L4,hybrid,default.qubit,4,4,2540,2601,1,first_grad,1,0.053773600
layer_sweep,L4,hybrid,default.qubit,4,4,2540,2601,1,first_grad_quantum,1,0.050012400
layer_sweep,L4,hybrid,default.qubit,4,4,2540,2601,1,first_grad_classical,1,0.003761200
layer_sweep,L4,hybrid,default.qubit,4,4,2540,2601,1,second_grad,1,0.102162600
layer_sweep,L4,hybrid,default.qubit,4,4,2540,2601,1,second_grad_quantum,1,0.067314500
layer_sweep,L4,hybrid,default.qubit,4,4,2540,2601,1,second_grad_classical,1,0.034848100
layer_sweep,L4,hybrid,default.qubit,4,4,2540,2601,1,param_grad,1,0.218588300
layer_sweep,L4,hybrid,default.qubit,4,4,2540,2601,1,param_grad_quantum,1,0.100497400
layer_sweep,L4,hybrid,default.qubit,4,4,2540,2601,1,param_grad_classical,1,0.118090900
layer_sweep,L8,hybrid,default.qubit,4,8,2540,2665,2,forward,1,0.049036900
layer_sweep,L8,hybrid,default.qubit,4,8,2540,2665,2,forward_quantum,1,0.048296900
layer_sweep,L8,hybrid,default.qubit,4,8,2540,2665,2,forward_classical,1,0.000740000
layer_sweep,L8,hybrid,default.qubit,4,8,2540,2665,2,first_grad,1,0.110654600
layer_sweep,L8,hybrid,default.qubit,4,8,2540,2665,2,first_grad_quantum,1,0.105696900
layer_sweep,L8,hybrid,default.qubit,4,8,2540,2665,2,first_grad_classical,1,0.004957700
layer_sweep,L8,hybrid,default.qubit,4,8,2540,2665,2,second_grad,1,0.182294300
layer_sweep,L8,hybrid,default.qubit,4,8,2540,2665,2,second_grad_quantum,1,0.122805200
layer_sweep,L8,hybrid,default.qubit,4,8,2540,2665,2,second_grad_classical,1,0.059489100
layer_sweep,L8,hybrid,default.qubit,4,8,2540,2665,2,param_grad,1,0.398823100
layer_sweep,L8,hybrid,default.qubit,4,8,2540,2665,2,param_grad_quantum,1,0.184149300
layer_sweep,L8,hybrid,default.qubit,4,8,2540,2665,2,param_grad_classical,1,0.214673800
layer_sweep,L2,hybrid,default.qubit,4,2,2540,2569,2,forward,1,0.015388100
layer_sweep,L2,hybrid,default.qubit,4,2,2540,2569,2,forward_quantum,1,0.014651500
layer_sweep,L2,hybrid,default.qubit,4,2,2540,2569,2,forward_classical,1,0.000736600
layer_sweep,L2,hybrid,default.qubit,4,2,2540,2569,2,first_grad,1,0.034349900
layer_sweep,L2,hybrid,default.qubit,4,2,2540,2569,2,first_grad_quantum,1,0.029921200
layer_sweep,L2,hybrid,default.qubit,4,2,2540,2569,2,first_grad_classical,1,0.004428700
layer_sweep,L2,hybrid,default.qubit,4,2,2540,2569,2,second_grad,1,0.065398300
layer_sweep,L2,hybrid,default.qubit,4,2,2540,2569,2,second_grad_quantum,1,0.042414500
layer_sweep,L2,hybrid,default.qubit,4,2,2540,2569,2,second_grad_classical,1,0.022983800
layer_sweep,L2,hybrid,default.qubit,4,2,2540,2569,2,param_grad,1,0.142189700
layer_sweep,L2,hybrid,default.qubit,4,2,2540,2569,2,param_grad_quantum,1,0.062665900
layer_sweep,L2,hybrid,default.qubit,4,2,2540,2569,2,param_grad_classical,1,0.079523800
layer_sweep,L2,hybrid,default.qubit,4,2,2540,2569,0,forward,1,0.015349900
layer_sweep,L2,hybrid,default.qubit,4,2,2540,2569,0,forward_quantum,1,0.014535000
layer_sweep,L2,hybrid,default.qubit,4,2,2540,2569,0,forward_classical,1,0.000814900
layer_sweep,L2,hybrid,default.qubit,4,2,2540,2569,0,first_grad,1,0.032917800
layer_sweep,L2,hybrid,default.qubit,4,2,2540,2569,0,first_grad_quantum,1,0.028592700
layer_sweep,L2,hybrid,default.qubit,4,2,2540,2569,0,first_grad_classical,1,0.004325100
layer_sweep,L2,hybrid,default.qubit,4,2,2540,2569,0,second_grad,1,0.069669500
layer_sweep,L2,hybrid,default.qubit,4,2,2540,2569,0,second_grad_quantum,1,0.046475700
layer_sweep,L2,hybrid,default.qubit,4,2,2540,2569,0,second_grad_classical,1,0.023193800
layer_sweep,L2,hybrid,default.qubit,4,2,2540,2569,0,param_grad,1,0.137648200
layer_sweep,L2,hybrid,default.qubit,4,2,2540,2569,0,param_grad_quantum,1,0.059761900
layer_sweep,L2,hybrid,default.qubit,4,2,2540,2569,0,param_grad_classical,1,0.077886300
layer_sweep,L4,hybrid,default.qubit,4,4,2540,2601,2,forward,1,0.028089400
layer_sweep,L4,hybrid,default.qubit,4,4,2540,2601,2,forward_quantum,1,0.027265200
layer_sweep,L4,hybrid,default.qubit,4,4,2540,2601,2,forward_classical,1,0.000824200
layer_sweep,L4,hybrid,default.qubit,4,4,2540,2601,2,first_grad,1,0.054090700
layer_sweep,L4,hybrid,default.qubit,4,4,2540,2601,2,first_grad_quantum,1,0.049357900
layer_sweep,L4,hybrid,default.qubit,4,4,2540,2601,2,first_grad_classical,1,0.004732800
layer_sweep,L4,hybrid,default.qubit,4,4,2540,2601,2,second_grad,1,0.105862000
layer_sweep,L4,hybrid,default.qubit,4,4,2540,2601,2,second_grad_quantum,1,0.070113400
layer_sweep,L4,hybrid,default.qubit,4,4,2540,2601,2,second_grad_classical,1,0.035748600
layer_sweep,L4,hybrid,default.qubit,4,4,2540,2601,2,param_grad,1,0.223629000
layer_sweep,L4,hybrid,default.qubit,4,4,2540,2601,2,param_grad_quantum,1,0.104676900
layer_sweep,L4,hybrid,default.qubit,4,4,2540,2601,2,param_grad_classical,1,0.118952100
layer_sweep,L1,hybrid,default.qubit,4,1,2540,2553,1,forward,1,0.010558500
layer_sweep,L1,hybrid,default.qubit,4,1,2540,2553,1,forward_quantum,1,0.009814300
layer_sweep,L1,hybrid,default.qubit,4,1,2540,2553,1,forward_classical,1,0.000744200
layer_sweep,L1,hybrid,default.qubit,4,1,2540,2553,1,first_grad,1,0.019836400
layer_sweep,L1,hybrid,default.qubit,4,1,2540,2553,1,first_grad_quantum,1,0.017986700
layer_sweep,L1,hybrid,default.qubit,4,1,2540,2553,1,first_grad_classical,1,0.001849700
layer_sweep,L1,hybrid,default.qubit,4,1,2540,2553,1,second_grad,1,0.042910200
layer_sweep,L1,hybrid,default.qubit,4,1,2540,2553,1,second_grad_quantum,1,0.027493400
layer_sweep,L1,hybrid,default.qubit,4,1,2540,2553,1,second_grad_classical,1,0.015416800
layer_sweep,L1,hybrid,default.qubit,4,1,2540,2553,1,param_grad,1,0.089820800
layer_sweep,L1,hybrid,default.qubit,4,1,2540,2553,1,param_grad_quantum,1,0.037132200
layer_sweep,L1,hybrid,default.qubit,4,1,2540,2553,1,param_grad_classical,1,0.052688600
layer_sweep,L4,hybrid,default.qubit,4,4,2540,2601,0,forward,1,0.028485800
layer_sweep,L4,hybrid,default.qubit,4,4,2540,2601,0,forward_quantum,1,0.027710500
layer_sweep,L4,hybrid,default.qubit,4,4,2540,2601,0,forward_classical,1,0.000775300
layer_sweep,L4,hybrid,default.qubit,4,4,2540,2601,0,first_grad,1,0.055467000
layer_sweep,L4,hybrid,default.qubit,4,4,2540,2601,0,first_grad_quantum,1,0.051872300
layer_sweep,L4,hybrid,default.qubit,4,4,2540,2601,0,first_grad_classical,1,0.003594700
layer_sweep,L4,hybrid,default.qubit,4,4,2540,2601,0,second_grad,1,0.102433900
layer_sweep,L4,hybrid,default.qubit,4,4,2540,2601,0,second_grad_quantum,1,0.066528900
layer_sweep,L4,hybrid,default.qubit,4,4,2540,2601,0,second_grad_classical,1,0.035905000
layer_sweep,L4,hybrid,default.qubit,4,4,2540,2601,0,param_grad,1,0.210014800
layer_sweep,L4,hybrid,default.qubit,4,4,2540,2601,0,param_grad_quantum,1,0.095355600
layer_sweep,L4,hybrid,default.qubit,4,4,2540,2601,0,param_grad_classical,1,0.114659200
layer_sweep,L1,hybrid,default.qubit,4,1,2540,2553,2,forward,1,0.011460000
layer_sweep,L1,hybrid,default.qubit,4,1,2540,2553,2,forward_quantum,1,0.010610400
layer_sweep,L1,hybrid,default.qubit,4,1,2540,2553,2,forward_classical,1,0.000849600
layer_sweep,L1,hybrid,default.qubit,4,1,2540,2553,2,first_grad,1,0.020578800
layer_sweep,L1,hybrid,default.qubit,4,1,2540,2553,2,first_grad_quantum,1,0.018515300
layer_sweep,L1,hybrid,default.qubit,4,1,2540,2553,2,first_grad_classical,1,0.002063500
layer_sweep,L1,hybrid,default.qubit,4,1,2540,2553,2,second_grad,1,0.046985400
layer_sweep,L1,hybrid,default.qubit,4,1,2540,2553,2,second_grad_quantum,1,0.029839800
layer_sweep,L1,hybrid,default.qubit,4,1,2540,2553,2,second_grad_classical,1,0.017145600
layer_sweep,L1,hybrid,default.qubit,4,1,2540,2553,2,param_grad,1,0.094554400
layer_sweep,L1,hybrid,default.qubit,4,1,2540,2553,2,param_grad_quantum,1,0.039728200
layer_sweep,L1,hybrid,default.qubit,4,1,2540,2553,2,param_grad_classical,1,0.054826200
layer_sweep,L1,hybrid,default.qubit,4,1,2540,2553,0,forward,2,0.011325400
layer_sweep,L1,hybrid,default.qubit,4,1,2540,2553,0,forward_quantum,2,0.010540800
layer_sweep,L1,hybrid,default.qubit,4,1,2540,2553,0,forward_classical,2,0.000784600
layer_sweep,L1,hybrid,default.qubit,4,1,2540,2553,0,first_grad,2,0.020503900
layer_sweep,L1,hybrid,default.qubit,4,1,2540,2553,0,first_grad_quantum,2,0.018417000
layer_sweep,L1,hybrid,default.qubit,4,1,2540,2553,0,first_grad_classical,2,0.002086900
layer_sweep,L1,hybrid,default.qubit,4,1,2540,2553,0,second_grad,2,0.043036100
layer_sweep,L1,hybrid,default.qubit,4,1,2540,2553,0,second_grad_quantum,2,0.028064600
layer_sweep,L1,hybrid,default.qubit,4,1,2540,2553,0,second_grad_classical,2,0.014971500
layer_sweep,L1,hybrid,default.qubit,4,1,2540,2553,0,param_grad,2,0.092234400
layer_sweep,L1,hybrid,default.qubit,4,1,2540,2553,0,param_grad_quantum,2,0.038796100
layer_sweep,L1,hybrid,default.qubit,4,1,2540,2553,0,param_grad_classical,2,0.053438300
layer_sweep,L2,hybrid,default.qubit,4,2,2540,2569,2,forward,2,0.015732400
layer_sweep,L2,hybrid,default.qubit,4,2,2540,2569,2,forward_quantum,2,0.015029700
layer_sweep,L2,hybrid,default.qubit,4,2,2540,2569,2,forward_classical,2,0.000702700
layer_sweep,L2,hybrid,default.qubit,4,2,2540,2569,2,first_grad,2,0.031485100
layer_sweep,L2,hybrid,default.qubit,4,2,2540,2569,2,first_grad_quantum,2,0.026919900
layer_sweep,L2,hybrid,default.qubit,4,2,2540,2569,2,first_grad_classical,2,0.004565200
layer_sweep,L2,hybrid,default.qubit,4,2,2540,2569,2,second_grad,2,0.069576400
layer_sweep,L2,hybrid,default.qubit,4,2,2540,2569,2,second_grad_quantum,2,0.045099900
layer_sweep,L2,hybrid,default.qubit,4,2,2540,2569,2,second_grad_classical,2,0.024476500
layer_sweep,L2,hybrid,default.qubit,4,2,2540,2569,2,param_grad,2,0.138989900
layer_sweep,L2,hybrid,default.qubit,4,2,2540,2569,2,param_grad_quantum,2,0.061543600
layer_sweep,L2,hybrid,default.qubit,4,2,2540,2569,2,param_grad_classical,2,0.077446300
layer_sweep,L1,hybrid,default.qubit,4,1,2540,2553,1,forward,2,0.011263600
layer_sweep,L1,hybrid,default.qubit,4,1,2540,2553,1,forward_quantum,2,0.010500100
layer_sweep,L1,hybrid,default.qubit,4,1,2540,2553,1,forward_classical,2,0.000763500
layer_sweep,L1,hybrid,default.qubit,4,1,2540,2553,1,first_grad,2,0.021536500
layer_sweep,L1,hybrid,default.qubit,4,1,2540,2553,1,first_grad_quantum,2,0.019268700
layer_sweep,L1,hybrid,default.qubit,4,1,2540,2553,1,first_grad_classical,2,0.002267800
layer_sweep,L1,hybrid,default.qubit,4,1,2540,2553,1,second_grad,2,0.048735700
layer_sweep,L1,hybrid,default.qubit,4,1,2540,2553,1,second_grad_quantum,2,0.030458700
layer_sweep,L1,hybrid,default.qubit,4,1,2540,2553,1,second_grad_classical,2,0.018277000
layer_sweep,L1,hybrid,default.qubit,4,1,2540,2553,1,param_grad,2,0.097753900
layer_sweep,L1,hybrid,default.qubit,4,1,2540,2553,1,param_grad_quantum,2,0.042204600
layer_sweep,L1,hybrid,default.qubit,4,1,2540,2553,1,param_grad_classical,2,0.055549300
layer_sweep,L1,hybrid,default.qubit,4,1,2540,2553,2,forward,2,0.010981400
layer_sweep,L1,hybrid,default.qubit,4,1,2540,2553,2,forward_quantum,2,0.010251400
layer_sweep,L1,hybrid,default.qubit,4,1,2540,2553,2,forward_classical,2,0.000730000
layer_sweep,L1,hybrid,default.qubit,4,1,2540,2553,2,first_grad,2,0.020555000
layer_sweep,L1,hybrid,default.qubit,4,1,2540,2553,2,first_grad_quantum,2,0.018627200
layer_sweep,L1,hybrid,default.qubit,4,1,2540,2553,2,first_grad_classical,2,0.001927800
layer_sweep,L1,hybrid,default.qubit,4,1,2540,2553,2,second_grad,2,0.040918500
layer_sweep,L1,hybrid,default.qubit,4,1,2540,2553,2,second_grad_quantum,2,0.027348100
layer_sweep,L1,hybrid,default.qubit,4,1,2540,2553,2,second_grad_classical,2,0.013570400
layer_sweep,L1,hybrid,default.qubit,4,1,2540,2553,2,param_grad,2,0.089698400
layer_sweep,L1,hybrid,default.qubit,4,1,2540,2553,2,param_grad_quantum,2,0.037449600
layer_sweep,L1,hybrid,default.qubit,4,1,2540,2553,2,param_grad_classical,2,0.052248800
layer_sweep,L4,hybrid,default.qubit,4,4,2540,2601,1,forward,2,0.029949300
layer_sweep,L4,hybrid,default.qubit,4,4,2540,2601,1,forward_quantum,2,0.029139700
layer_sweep,L4,hybrid,default.qubit,4,4,2540,2601,1,forward_classical,2,0.000809600
layer_sweep,L4,hybrid,default.qubit,4,4,2540,2601,1,first_grad,2,0.057600500
layer_sweep,L4,hybrid,default.qubit,4,4,2540,2601,1,first_grad_quantum,2,0.054123300
layer_sweep,L4,hybrid,default.qubit,4,4,2540,2601,1,first_grad_classical,2,0.003477200
layer_sweep,L4,hybrid,default.qubit,4,4,2540,2601,1,second_grad,2,0.113749000
layer_sweep,L4,hybrid,default.qubit,4,4,2540,2601,1,second_grad_quantum,2,0.076720100
layer_sweep,L4,hybrid,default.qubit,4,4,2540,2601,1,second_grad_classical,2,0.037028900
layer_sweep,L4,hybrid,default.qubit,4,4,2540,2601,1,param_grad,2,0.227762900
layer_sweep,L4,hybrid,default.qubit,4,4,2540,2601,1,param_grad_quantum,2,0.107116400
layer_sweep,L4,hybrid,default.qubit,4,4,2540,2601,1,param_grad_classical,2,0.120646500
layer_sweep,L8,hybrid,default.qubit,4,8,2540,2665,0,forward,2,0.048139300
layer_sweep,L8,hybrid,default.qubit,4,8,2540,2665,0,forward_quantum,2,0.047194200
layer_sweep,L8,hybrid,default.qubit,4,8,2540,2665,0,forward_classical,2,0.000945100
layer_sweep,L8,hybrid,default.qubit,4,8,2540,2665,0,first_grad,2,0.113695000
layer_sweep,L8,hybrid,default.qubit,4,8,2540,2665,0,first_grad_quantum,2,0.108262100
layer_sweep,L8,hybrid,default.qubit,4,8,2540,2665,0,first_grad_classical,2,0.005432900
layer_sweep,L8,hybrid,default.qubit,4,8,2540,2665,0,second_grad,2,0.173745000
layer_sweep,L8,hybrid,default.qubit,4,8,2540,2665,0,second_grad_quantum,2,0.116949400
layer_sweep,L8,hybrid,default.qubit,4,8,2540,2665,0,second_grad_classical,2,0.056795600
layer_sweep,L8,hybrid,default.qubit,4,8,2540,2665,0,param_grad,2,0.373829400
layer_sweep,L8,hybrid,default.qubit,4,8,2540,2665,0,param_grad_quantum,2,0.179530500
layer_sweep,L8,hybrid,default.qubit,4,8,2540,2665,0,param_grad_classical,2,0.194298900
layer_sweep,L4,hybrid,default.qubit,4,4,2540,2601,0,forward,2,0.027157700
layer_sweep,L4,hybrid,default.qubit,4,4,2540,2601,0,forward_quantum,2,0.026376100
layer_sweep,L4,hybrid,default.qubit,4,4,2540,2601,0,forward_classical,2,0.000781600
layer_sweep,L4,hybrid,default.qubit,4,4,2540,2601,0,first_grad,2,0.057576900
layer_sweep,L4,hybrid,default.qubit,4,4,2540,2601,0,first_grad_quantum,2,0.053964400
layer_sweep,L4,hybrid,default.qubit,4,4,2540,2601,0,first_grad_classical,2,0.003612500
layer_sweep,L4,hybrid,default.qubit,4,4,2540,2601,0,second_grad,2,0.103318800
layer_sweep,L4,hybrid,default.qubit,4,4,2540,2601,0,second_grad_quantum,2,0.069357700
layer_sweep,L4,hybrid,default.qubit,4,4,2540,2601,0,second_grad_classical,2,0.033961100
layer_sweep,L4,hybrid,default.qubit,4,4,2540,2601,0,param_grad,2,0.217980100
layer_sweep,L4,hybrid,default.qubit,4,4,2540,2601,0,param_grad_quantum,2,0.099424700
layer_sweep,L4,hybrid,default.qubit,4,4,2540,2601,0,param_grad_classical,2,0.118555400
layer_sweep,L4,hybrid,default.qubit,4,4,2540,2601,2,forward,2,0.029160100
layer_sweep,L4,hybrid,default.qubit,4,4,2540,2601,2,forward_quantum,2,0.028222600
layer_sweep,L4,hybrid,default.qubit,4,4,2540,2601,2,forward_classical,2,0.000937500
layer_sweep,L4,hybrid,default.qubit,4,4,2540,2601,2,first_grad,2,0.056993600
layer_sweep,L4,hybrid,default.qubit,4,4,2540,2601,2,first_grad_quantum,2,0.053343300
layer_sweep,L4,hybrid,default.qubit,4,4,2540,2601,2,first_grad_classical,2,0.003650300
layer_sweep,L4,hybrid,default.qubit,4,4,2540,2601,2,second_grad,2,0.108048200
layer_sweep,L4,hybrid,default.qubit,4,4,2540,2601,2,second_grad_quantum,2,0.072291400
layer_sweep,L4,hybrid,default.qubit,4,4,2540,2601,2,second_grad_classical,2,0.035756800
layer_sweep,L4,hybrid,default.qubit,4,4,2540,2601,2,param_grad,2,0.226546400
layer_sweep,L4,hybrid,default.qubit,4,4,2540,2601,2,param_grad_quantum,2,0.106749100
layer_sweep,L4,hybrid,default.qubit,4,4,2540,2601,2,param_grad_classical,2,0.119797300
layer_sweep,L8,hybrid,default.qubit,4,8,2540,2665,1,forward,2,0.048575400
layer_sweep,L8,hybrid,default.qubit,4,8,2540,2665,1,forward_quantum,2,0.047855100
layer_sweep,L8,hybrid,default.qubit,4,8,2540,2665,1,forward_classical,2,0.000720300
layer_sweep,L8,hybrid,default.qubit,4,8,2540,2665,1,first_grad,2,0.108460200
layer_sweep,L8,hybrid,default.qubit,4,8,2540,2665,1,first_grad_quantum,2,0.103052700
layer_sweep,L8,hybrid,default.qubit,4,8,2540,2665,1,first_grad_classical,2,0.005407500
layer_sweep,L8,hybrid,default.qubit,4,8,2540,2665,1,second_grad,2,0.183988700
layer_sweep,L8,hybrid,default.qubit,4,8,2540,2665,1,second_grad_quantum,2,0.123408900
layer_sweep,L8,hybrid,default.qubit,4,8,2540,2665,1,second_grad_classical,2,0.060579800
layer_sweep,L8,hybrid,default.qubit,4,8,2540,2665,1,param_grad,2,0.390782900
layer_sweep,L8,hybrid,default.qubit,4,8,2540,2665,1,param_grad_quantum,2,0.184558700
layer_sweep,L8,hybrid,default.qubit,4,8,2540,2665,1,param_grad_classical,2,0.206224200
layer_sweep,L2,hybrid,default.qubit,4,2,2540,2569,1,forward,2,0.017457700
layer_sweep,L2,hybrid,default.qubit,4,2,2540,2569,1,forward_quantum,2,0.016522900
layer_sweep,L2,hybrid,default.qubit,4,2,2540,2569,1,forward_classical,2,0.000934800
layer_sweep,L2,hybrid,default.qubit,4,2,2540,2569,1,first_grad,2,0.032090700
layer_sweep,L2,hybrid,default.qubit,4,2,2540,2569,1,first_grad_quantum,2,0.028098500
layer_sweep,L2,hybrid,default.qubit,4,2,2540,2569,1,first_grad_classical,2,0.003992200
layer_sweep,L2,hybrid,default.qubit,4,2,2540,2569,1,second_grad,2,0.066139100
layer_sweep,L2,hybrid,default.qubit,4,2,2540,2569,1,second_grad_quantum,2,0.045219600
layer_sweep,L2,hybrid,default.qubit,4,2,2540,2569,1,second_grad_classical,2,0.020919500
layer_sweep,L2,hybrid,default.qubit,4,2,2540,2569,1,param_grad,2,0.129869200
layer_sweep,L2,hybrid,default.qubit,4,2,2540,2569,1,param_grad_quantum,2,0.056193600
layer_sweep,L2,hybrid,default.qubit,4,2,2540,2569,1,param_grad_classical,2,0.073675600
layer_sweep,L2,hybrid,default.qubit,4,2,2540,2569,0,forward,2,0.016960000
layer_sweep,L2,hybrid,default.qubit,4,2,2540,2569,0,forward_quantum,2,0.016149900
layer_sweep,L2,hybrid,default.qubit,4,2,2540,2569,0,forward_classical,2,0.000810100
layer_sweep,L2,hybrid,default.qubit,4,2,2540,2569,0,first_grad,2,0.029944800
layer_sweep,L2,hybrid,default.qubit,4,2,2540,2569,0,first_grad_quantum,2,0.026033100
layer_sweep,L2,hybrid,default.qubit,4,2,2540,2569,0,first_grad_classical,2,0.003911700
layer_sweep,L2,hybrid,default.qubit,4,2,2540,2569,0,second_grad,2,0.064326300
layer_sweep,L2,hybrid,default.qubit,4,2,2540,2569,0,second_grad_quantum,2,0.045566100
layer_sweep,L2,hybrid,default.qubit,4,2,2540,2569,0,second_grad_classical,2,0.018760200
layer_sweep,L2,hybrid,default.qubit,4,2,2540,2569,0,param_grad,2,0.126868500
layer_sweep,L2,hybrid,default.qubit,4,2,2540,2569,0,param_grad_quantum,2,0.054616900
layer_sweep,L2,hybrid,default.qubit,4,2,2540,2569,0,param_grad_classical,2,0.072251600
layer_sweep,L8,hybrid,default.qubit,4,8,2540,2665,2,forward,2,0.045948100
layer_sweep,L8,hybrid,default.qubit,4,8,2540,2665,2,forward_quantum,2,0.045200000
layer_sweep,L8,hybrid,default.qubit,4,8,2540,2665,2,forward_classical,2,0.000748100
layer_sweep,L8,hybrid,default.qubit,4,8,2540,2665,2,first_grad,2,0.086990500
layer_sweep,L8,hybrid,default.qubit,4,8,2540,2665,2,first_grad_quantum,2,0.081665000
layer_sweep,L8,hybrid,default.qubit,4,8,2540,2665,2,first_grad_classical,2,0.005325500
layer_sweep,L8,hybrid,default.qubit,4,8,2540,2665,2,second_grad,2,0.175218400
layer_sweep,L8,hybrid,default.qubit,4,8,2540,2665,2,second_grad_quantum,2,0.116102000
layer_sweep,L8,hybrid,default.qubit,4,8,2540,2665,2,second_grad_classical,2,0.059116400
layer_sweep,L8,hybrid,default.qubit,4,8,2540,2665,2,param_grad,2,0.388495900
layer_sweep,L8,hybrid,default.qubit,4,8,2540,2665,2,param_grad_quantum,2,0.182396100
layer_sweep,L8,hybrid,default.qubit,4,8,2540,2665,2,param_grad_classical,2,0.206099800
layer_sweep,L2,hybrid,default.qubit,4,2,2540,2569,2,forward,3,0.017234200
layer_sweep,L2,hybrid,default.qubit,4,2,2540,2569,2,forward_quantum,3,0.016225100
layer_sweep,L2,hybrid,default.qubit,4,2,2540,2569,2,forward_classical,3,0.001009100
layer_sweep,L2,hybrid,default.qubit,4,2,2540,2569,2,first_grad,3,0.032558400
layer_sweep,L2,hybrid,default.qubit,4,2,2540,2569,2,first_grad_quantum,3,0.027925600
layer_sweep,L2,hybrid,default.qubit,4,2,2540,2569,2,first_grad_classical,3,0.004632800
layer_sweep,L2,hybrid,default.qubit,4,2,2540,2569,2,second_grad,3,0.071735700
layer_sweep,L2,hybrid,default.qubit,4,2,2540,2569,2,second_grad_quantum,3,0.046621700
layer_sweep,L2,hybrid,default.qubit,4,2,2540,2569,2,second_grad_classical,3,0.025114000
layer_sweep,L2,hybrid,default.qubit,4,2,2540,2569,2,param_grad,3,0.138018800
layer_sweep,L2,hybrid,default.qubit,4,2,2540,2569,2,param_grad_quantum,3,0.062194400
layer_sweep,L2,hybrid,default.qubit,4,2,2540,2569,2,param_grad_classical,3,0.075824400
layer_sweep,L2,hybrid,default.qubit,4,2,2540,2569,0,forward,3,0.017415200
layer_sweep,L2,hybrid,default.qubit,4,2,2540,2569,0,forward_quantum,3,0.016598900
layer_sweep,L2,hybrid,default.qubit,4,2,2540,2569,0,forward_classical,3,0.000816300
layer_sweep,L2,hybrid,default.qubit,4,2,2540,2569,0,first_grad,3,0.034372900
layer_sweep,L2,hybrid,default.qubit,4,2,2540,2569,0,first_grad_quantum,3,0.028807900
layer_sweep,L2,hybrid,default.qubit,4,2,2540,2569,0,first_grad_classical,3,0.005565000
layer_sweep,L2,hybrid,default.qubit,4,2,2540,2569,0,second_grad,3,0.065843100
layer_sweep,L2,hybrid,default.qubit,4,2,2540,2569,0,second_grad_quantum,3,0.042967800
layer_sweep,L2,hybrid,default.qubit,4,2,2540,2569,0,second_grad_classical,3,0.022875300
layer_sweep,L2,hybrid,default.qubit,4,2,2540,2569,0,param_grad,3,0.141144500
layer_sweep,L2,hybrid,default.qubit,4,2,2540,2569,0,param_grad_quantum,3,0.060752600
layer_sweep,L2,hybrid,default.qubit,4,2,2540,2569,0,param_grad_classical,3,0.080391900
layer_sweep,L4,hybrid,default.qubit,4,4,2540,2601,0,forward,3,0.026447800
layer_sweep,L4,hybrid,default.qubit,4,4,2540,2601,0,forward_quantum,3,0.025700800
layer_sweep,L4,hybrid,default.qubit,4,4,2540,2601,0,forward_classical,3,0.000747000
layer_sweep,L4,hybrid,default.qubit,4,4,2540,2601,0,first_grad,3,0.054793900
layer_sweep,L4,hybrid,default.qubit,4,4,2540,2601,0,first_grad_quantum,3,0.049865900
layer_sweep,L4,hybrid,default.qubit,4,4,2540,2601,0,first_grad_classical,3,0.004928000
layer_sweep,L4,hybrid,default.qubit,4,4,2540,2601,0,second_grad,3,0.106606600
layer_sweep,L4,hybrid,default.qubit,4,4,2540,2601,0,second_grad_quantum,3,0.070248700
layer_sweep,L4,hybrid,default.qubit,4,4,2540,2601,0,second_grad_classical,3,0.036357900
layer_sweep,L4,hybrid,default.qubit,4,4,2540,2601,0,param_grad,3,0.226745100
layer_sweep,L4,hybrid,default.qubit,4,4,2540,2601,0,param_grad_quantum,3,0.105640700
layer_sweep,L4,hybrid,default.qubit,4,4,2540,2601,0,param_grad_classical,3,0.121104400
layer_sweep,L4,hybrid,default.qubit,4,4,2540,2601,1,forward,3,0.024150600
layer_sweep,L4,hybrid,default.qubit,4,4,2540,2601,1,forward_quantum,3,0.023450000
layer_sweep,L4,hybrid,default.qubit,4,4,2540,2601,1,forward_classical,3,0.000700600
layer_sweep,L4,hybrid,default.qubit,4,4,2540,2601,1,first_grad,3,0.056009900
layer_sweep,L4,hybrid,default.qubit,4,4,2540,2601,1,first_grad_quantum,3,0.052708000
layer_sweep,L4,hybrid,default.qubit,4,4,2540,2601,1,first_grad_classical,3,0.003301900
layer_sweep,L4,hybrid,default.qubit,4,4,2540,2601,1,second_grad,3,0.107203800
layer_sweep,L4,hybrid,default.qubit,4,4,2540,2601,1,second_grad_quantum,3,0.070731500
layer_sweep,L4,hybrid,default.qubit,4,4,2540,2601,1,second_grad_classical,3,0.036472300
layer_sweep,L4,hybrid,default.qubit,4,4,2540,2601,1,param_grad,3,0.224176100
layer_sweep,L4,hybrid,default.qubit,4,4,2540,2601,1,param_grad_quantum,3,0.104292800
layer_sweep,L4,hybrid,default.qubit,4,4,2540,2601,1,param_grad_classical,3,0.119883300
layer_sweep,L8,hybrid,default.qubit,4,8,2540,2665,0,forward,3,0.047955900
layer_sweep,L8,hybrid,default.qubit,4,8,2540,2665,0,forward_quantum,3,0.047225600
layer_sweep,L8,hybrid,default.qubit,4,8,2540,2665,0,forward_classical,3,0.000730300
layer_sweep,L8,hybrid,default.qubit,4,8,2540,2665,0,first_grad,3,0.103360600
layer_sweep,L8,hybrid,default.qubit,4,8,2540,2665,0,first_grad_quantum,3,0.098645000
layer_sweep,L8,hybrid,default.qubit,4,8,2540,2665,0,first_grad_classical,3,0.004715600
layer_sweep,L8,hybrid,default.qubit,4,8,2540,2665,0,second_grad,3,0.182021000
layer_sweep,L8,hybrid,default.qubit,4,8,2540,2665,0,second_grad_quantum,3,0.122395600
layer_sweep,L8,hybrid,default.qubit,4,8,2540,2665,0,second_grad_classical,3,0.059625400
layer_sweep,L8,hybrid,default.qubit,4,8,2540,2665,0,param_grad,3,0.360535500
layer_sweep,L8,hybrid,default.qubit,4,8,2540,2665,0,param_grad_quantum,3,0.172713000
layer_sweep,L8,hybrid,default.qubit,4,8,2540,2665,0,param_grad_classical,3,0.187822500
layer_sweep,L2,hybrid,default.qubit,4,2,2540,2569,1,forward,3,0.017296800
layer_sweep,L2,hybrid,default.qubit,4,2,2540,2569,1,forward_quantum,3,0.016422000
layer_sweep,L2,hybrid,default.qubit,4,2,2540,2569,1,forward_classical,3,0.000874800
layer_sweep,L2,hybrid,default.qubit,4,2,2540,2569,1,first_grad,3,0.033374400
layer_sweep,L2,hybrid,default.qubit,4,2,2540,2569,1,first_grad_quantum,3,0.029480900
layer_sweep,L2,hybrid,default.qubit,4,2,2540,2569,1,first_grad_classical,3,0.003893500
layer_sweep,L2,hybrid,default.qubit,4,2,2540,2569,1,second_grad,3,0.069049400
layer_sweep,L2,hybrid,default.qubit,4,2,2540,2569,1,second_grad_quantum,3,0.046632300
layer_sweep,L2,hybrid,default.qubit,4,2,2540,2569,1,second_grad_classical,3,0.022417100
layer_sweep,L2,hybrid,default.qubit,4,2,2540,2569,1,param_grad,3,0.136591200
layer_sweep,L2,hybrid,default.qubit,4,2,2540,2569,1,param_grad_quantum,3,0.056091200
layer_sweep,L2,hybrid,default.qubit,4,2,2540,2569,1,param_grad_classical,3,0.080500000
layer_sweep,L8,hybrid,default.qubit,4,8,2540,2665,2,forward,3,0.047980700
layer_sweep,L8,hybrid,default.qubit,4,8,2540,2665,2,forward_quantum,3,0.047192600
layer_sweep,L8,hybrid,default.qubit,4,8,2540,2665,2,forward_classical,3,0.000788100
layer_sweep,L8,hybrid,default.qubit,4,8,2540,2665,2,first_grad,3,0.096184700
layer_sweep,L8,hybrid,default.qubit,4,8,2540,2665,2,first_grad_quantum,3,0.090653500
layer_sweep,L8,hybrid,default.qubit,4,8,2540,2665,2,first_grad_classical,3,0.005531200
layer_sweep,L8,hybrid,default.qubit,4,8,2540,2665,2,second_grad,3,0.183894800
layer_sweep,L8,hybrid,default.qubit,4,8,2540,2665,2,second_grad_quantum,3,0.125241800
layer_sweep,L8,hybrid,default.qubit,4,8,2540,2665,2,second_grad_classical,3,0.058653000
layer_sweep,L8,hybrid,default.qubit,4,8,2540,2665,2,param_grad,3,0.380423100
layer_sweep,L8,hybrid,default.qubit,4,8,2540,2665,2,param_grad_quantum,3,0.181703000
layer_sweep,L8,hybrid,default.qubit,4,8,2540,2665,2,param_grad_classical,3,0.198720100
layer_sweep,L4,hybrid,default.qubit,4,4,2540,2601,2,forward,3,0.026881500
layer_sweep,L4,hybrid,default.qubit,4,4,2540,2601,2,forward_quantum,3,0.026160600
layer_sweep,L4,hybrid,default.qubit,4,4,2540,2601,2,forward_classical,3,0.000720900
layer_sweep,L4,hybrid,default.qubit,4,4,2540,2601,2,first_grad,3,0.057984700
layer_sweep,L4,hybrid,default.qubit,4,4,2540,2601,2,first_grad_quantum,3,0.054736800
layer_sweep,L4,hybrid,default.qubit,4,4,2540,2601,2,first_grad_classical,3,0.003247900
layer_sweep,L4,hybrid,default.qubit,4,4,2540,2601,2,second_grad,3,0.104551100
layer_sweep,L4,hybrid,default.qubit,4,4,2540,2601,2,second_grad_quantum,3,0.067791900
layer_sweep,L4,hybrid,default.qubit,4,4,2540,2601,2,second_grad_classical,3,0.036759200
layer_sweep,L4,hybrid,default.qubit,4,4,2540,2601,2,param_grad,3,0.221920300
layer_sweep,L4,hybrid,default.qubit,4,4,2540,2601,2,param_grad_quantum,3,0.101736500
layer_sweep,L4,hybrid,default.qubit,4,4,2540,2601,2,param_grad_classical,3,0.120183800
layer_sweep,L1,hybrid,default.qubit,4,1,2540,2553,0,forward,3,0.011105600
layer_sweep,L1,hybrid,default.qubit,4,1,2540,2553,0,forward_quantum,3,0.010325800
layer_sweep,L1,hybrid,default.qubit,4,1,2540,2553,0,forward_classical,3,0.000779800
layer_sweep,L1,hybrid,default.qubit,4,1,2540,2553,0,first_grad,3,0.021176400
layer_sweep,L1,hybrid,default.qubit,4,1,2540,2553,0,first_grad_quantum,3,0.019010200
layer_sweep,L1,hybrid,default.qubit,4,1,2540,2553,0,first_grad_classical,3,0.002166200
layer_sweep,L1,hybrid,default.qubit,4,1,2540,2553,0,second_grad,3,0.051188700
layer_sweep,L1,hybrid,default.qubit,4,1,2540,2553,0,second_grad_quantum,3,0.033067800
layer_sweep,L1,hybrid,default.qubit,4,1,2540,2553,0,second_grad_classical,3,0.018120900
layer_sweep,L1,hybrid,default.qubit,4,1,2540,2553,0,param_grad,3,0.097151400
layer_sweep,L1,hybrid,default.qubit,4,1,2540,2553,0,param_grad_quantum,3,0.041242000
layer_sweep,L1,hybrid,default.qubit,4,1,2540,2553,0,param_grad_classical,3,0.055909400
layer_sweep,L1,hybrid,default.qubit,4,1,2540,2553,1,forward,3,0.010797000
layer_sweep,L1,hybrid,default.qubit,4,1,2540,2553,1,forward_quantum,3,0.010039900
layer_sweep,L1,hybrid,default.qubit,4,1,2540,2553,1,forward_classical,3,0.000757100
layer_sweep,L1,hybrid,default.qubit,4,1,2540,2553,1,first_grad,3,0.019867600
layer_sweep,L1,hybrid,default.qubit,4,1,2540,2553,1,first_grad_quantum,3,0.018050200
layer_sweep,L1,hybrid,default.qubit,4,1,2540,2553,1,first_grad_classical,3,0.001817400
layer_sweep,L1,hybrid,default.qubit,4,1,2540,2553,1,second_grad,3,0.040757600
layer_sweep,L1,hybrid,default.qubit,4,1,2540,2553,1,second_grad_quantum,3,0.027040600
layer_sweep,L1,hybrid,default.qubit,4,1,2540,2553,1,second_grad_classical,3,0.013717000
layer_sweep,L1,hybrid,default.qubit,4,1,2540,2553,1,param_grad,3,0.089644700
layer_sweep,L1,hybrid,default.qubit,4,1,2540,2553,1,param_grad_quantum,3,0.038385500
layer_sweep,L1,hybrid,default.qubit,4,1,2540,2553,1,param_grad_classical,3,0.051259200
layer_sweep,L1,hybrid,default.qubit,4,1,2540,2553,2,forward,3,0.009876900
layer_sweep,L1,hybrid,default.qubit,4,1,2540,2553,2,forward_quantum,3,0.009162800
layer_sweep,L1,hybrid,default.qubit,4,1,2540,2553,2,forward_classical,3,0.000714100
layer_sweep,L1,hybrid,default.qubit,4,1,2540,2553,2,first_grad,3,0.019484100
layer_sweep,L1,hybrid,default.qubit,4,1,2540,2553,2,first_grad_quantum,3,0.017735500
layer_sweep,L1,hybrid,default.qubit,4,1,2540,2553,2,first_grad_classical,3,0.001748600
layer_sweep,L1,hybrid,default.qubit,4,1,2540,2553,2,second_grad,3,0.040321600
layer_sweep,L1,hybrid,default.qubit,4,1,2540,2553,2,second_grad_quantum,3,0.027143800
layer_sweep,L1,hybrid,default.qubit,4,1,2540,2553,2,second_grad_classical,3,0.013177800
layer_sweep,L1,hybrid,default.qubit,4,1,2540,2553,2,param_grad,3,0.087016200
layer_sweep,L1,hybrid,default.qubit,4,1,2540,2553,2,param_grad_quantum,3,0.037834800
layer_sweep,L1,hybrid,default.qubit,4,1,2540,2553,2,param_grad_classical,3,0.049181400
layer_sweep,L8,hybrid,default.qubit,4,8,2540,2665,1,forward,3,0.046485900
layer_sweep,L8,hybrid,default.qubit,4,8,2540,2665,1,forward_quantum,3,0.045658000
layer_sweep,L8,hybrid,default.qubit,4,8,2540,2665,1,forward_classical,3,0.000827900
layer_sweep,L8,hybrid,default.qubit,4,8,2540,2665,1,first_grad,3,0.104662900
layer_sweep,L8,hybrid,default.qubit,4,8,2540,2665,1,first_grad_quantum,3,0.099148500
layer_sweep,L8,hybrid,default.qubit,4,8,2540,2665,1,first_grad_classical,3,0.005514400
layer_sweep,L8,hybrid,default.qubit,4,8,2540,2665,1,second_grad,3,0.185795400
layer_sweep,L8,hybrid,default.qubit,4,8,2540,2665,1,second_grad_quantum,3,0.125801900
layer_sweep,L8,hybrid,default.qubit,4,8,2540,2665,1,second_grad_classical,3,0.059993500
layer_sweep,L8,hybrid,default.qubit,4,8,2540,2665,1,param_grad,3,0.391591400
layer_sweep,L8,hybrid,default.qubit,4,8,2540,2665,1,param_grad_quantum,3,0.186982100
layer_sweep,L8,hybrid,default.qubit,4,8,2540,2665,1,param_grad_classical,3,0.204609300
layer_sweep,L1,hybrid,default.qubit,4,1,2540,2553,0,forward,4,0.012613900
layer_sweep,L1,hybrid,default.qubit,4,1,2540,2553,0,forward_quantum,4,0.011720600
layer_sweep,L1,hybrid,default.qubit,4,1,2540,2553,0,forward_classical,4,0.000893300
layer_sweep,L1,hybrid,default.qubit,4,1,2540,2553,0,first_grad,4,0.022842700
layer_sweep,L1,hybrid,default.qubit,4,1,2540,2553,0,first_grad_quantum,4,0.020341800
layer_sweep,L1,hybrid,default.qubit,4,1,2540,2553,0,first_grad_classical,4,0.002500900
layer_sweep,L1,hybrid,default.qubit,4,1,2540,2553,0,second_grad,4,0.041712000
layer_sweep,L1,hybrid,default.qubit,4,1,2540,2553,0,second_grad_quantum,4,0.028233000
layer_sweep,L1,hybrid,default.qubit,4,1,2540,2553,0,second_grad_classical,4,0.013479000
layer_sweep,L1,hybrid,default.qubit,4,1,2540,2553,0,param_grad,4,0.092386500
layer_sweep,L1,hybrid,default.qubit,4,1,2540,2553,0,param_grad_quantum,4,0.037865400
layer_sweep,L1,hybrid,default.qubit,4,1,2540,2553,0,param_grad_classical,4,0.054521100
layer_sweep,L8,hybrid,default.qubit,4,8,2540,2665,1,forward,4,0.047486800
layer_sweep,L8,hybrid,default.qubit,4,8,2540,2665,1,forward_quantum,4,0.046713200
layer_sweep,L8,hybrid,default.qubit,4,8,2540,2665,1,forward_classical,4,0.000773600
layer_sweep,L8,hybrid,default.qubit,4,8,2540,2665,1,first_grad,4,0.100646800
layer_sweep,L8,hybrid,default.qubit,4,8,2540,2665,1,first_grad_quantum,4,0.095426300
layer_sweep,L8,hybrid,default.qubit,4,8,2540,2665,1,first_grad_classical,4,0.005220500
layer_sweep,L8,hybrid,default.qubit,4,8,2540,2665,1,second_grad,4,0.185477500
layer_sweep,L8,hybrid,default.qubit,4,8,2540,2665,1,second_grad_quantum,4,0.126989500
layer_sweep,L8,hybrid,default.qubit,4,8,2540,2665,1,second_grad_classical,4,0.058488000
layer_sweep,L8,hybrid,default.qubit,4,8,2540,2665,1,param_grad,4,0.384963700
layer_sweep,L8,hybrid,default.qubit,4,8,2540,2665,1,param_grad_quantum,4,0.182351800
layer_sweep,L8,hybrid,default.qubit,4,8,2540,2665,1,param_grad_classical,4,0.202611900
layer_sweep,L4,hybrid,default.qubit,4,4,2540,2601,0,forward,4,0.028549800
layer_sweep,L4,hybrid,default.qubit,4,4,2540,2601,0,forward_quantum,4,0.027528400
layer_sweep,L4,hybrid,default.qubit,4,4,2540,2601,0,forward_classical,4,0.001021400
layer_sweep,L4,hybrid,default.qubit,4,4,2540,2601,0,first_grad,4,0.054500200
layer_sweep,L4,hybrid,default.qubit,4,4,2540,2601,0,first_grad_quantum,4,0.051318900
layer_sweep,L4,hybrid,default.qubit,4,4,2540,2601,0,first_grad_classical,4,0.003181300
layer_sweep,L4,hybrid,default.qubit,4,4,2540,2601,0,second_grad,4,0.100938500
layer_sweep,L4,hybrid,default.qubit,4,4,2540,2601,0,second_grad_quantum,4,0.066272000
layer_sweep,L4,hybrid,default.qubit,4,4,2540,2601,0,second_grad_classical,4,0.034666500
layer_sweep,L4,hybrid,default.qubit,4,4,2540,2601,0,param_grad,4,0.231074200
layer_sweep,L4,hybrid,default.qubit,4,4,2540,2601,0,param_grad_quantum,4,0.107760600
layer_sweep,L4,hybrid,default.qubit,4,4,2540,2601,0,param_grad_classical,4,0.123313600
layer_sweep,L4,hybrid,default.qubit,4,4,2540,2601,1,forward,4,0.027098700
layer_sweep,L4,hybrid,default.qubit,4,4,2540,2601,1,forward_quantum,4,0.026227800
layer_sweep,L4,hybrid,default.qubit,4,4,2540,2601,1,forward_classical,4,0.000870900
layer_sweep,L4,hybrid,default.qubit,4,4,2540,2601,1,first_grad,4,0.056758600
layer_sweep,L4,hybrid,default.qubit,4,4,2540,2601,1,first_grad_quantum,4,0.053316800
layer_sweep,L4,hybrid,default.qubit,4,4,2540,2601,1,first_grad_classical,4,0.003441800
layer_sweep,L4,hybrid,default.qubit,4,4,2540,2601,1,second_grad,4,0.103548700
layer_sweep,L4,hybrid,default.qubit,4,4,2540,2601,1,second_grad_quantum,4,0.069016000
layer_sweep,L4,hybrid,default.qubit,4,4,2540,2601,1,second_grad_classical,4,0.034532700
layer_sweep,L4,hybrid,default.qubit,4,4,2540,2601,1,param_grad,4,0.207563100
layer_sweep,L4,hybrid,default.qubit,4,4,2540,2601,1,param_grad_quantum,4,0.093068000
layer_sweep,L4,hybrid,default.qubit,4,4,2540,2601,1,param_grad_classical,4,0.114495100
layer_sweep,L2,hybrid,default.qubit,4,2,2540,2569,2,forward,4,0.016825200
layer_sweep,L2,hybrid,default.qubit,4,2,2540,2569,2,forward_quantum,4,0.015985700
layer_sweep,L2,hybrid,default.qubit,4,2,2540,2569,2,forward_classical,4,0.000839500
layer_sweep,L2,hybrid,default.qubit,4,2,2540,2569,2,first_grad,4,0.033929400
layer_sweep,L2,hybrid,default.qubit,4,2,2540,2569,2,first_grad_quantum,4,0.028952400
layer_sweep,L2,hybrid,default.qubit,4,2,2540,2569,2,first_grad_classical,4,0.004977000
layer_sweep,L2,hybrid,default.qubit,4,2,2540,2569,2,second_grad,4,0.067006300
layer_sweep,L2,hybrid,default.qubit,4,2,2540,2569,2,second_grad_quantum,4,0.043492900
layer_sweep,L2,hybrid,default.qubit,4,2,2540,2569,2,second_grad_classical,4,0.023513400
layer_sweep,L2,hybrid,default.qubit,4,2,2540,2569,2,param_grad,4,0.134805700
layer_sweep,L2,hybrid,default.qubit,4,2,2540,2569,2,param_grad_quantum,4,0.063271500
layer_sweep,L2,hybrid,default.qubit,4,2,2540,2569,2,param_grad_classical,4,0.071534200
layer_sweep,L1,hybrid,default.qubit,4,1,2540,2553,2,forward,4,0.010689500
layer_sweep,L1,hybrid,default.qubit,4,1,2540,2553,2,forward_quantum,4,0.009924000
layer_sweep,L1,hybrid,default.qubit,4,1,2540,2553,2,forward_classical,4,0.000765500
layer_sweep,L1,hybrid,default.qubit,4,1,2540,2553,2,first_grad,4,0.018997200
layer_sweep,L1,hybrid,default.qubit,4,1,2540,2553,2,first_grad_quantum,4,0.017133900
layer_sweep,L1,hybrid,default.qubit,4,1,2540,2553,2,first_grad_classical,4,0.001863300
layer_sweep,L1,hybrid,default.qubit,4,1,2540,2553,2,second_grad,4,0.044887000
layer_sweep,L1,hybrid,default.qubit,4,1,2540,2553,2,second_grad_quantum,4,0.029626300
layer_sweep,L1,hybrid,default.qubit,4,1,2540,2553,2,second_grad_classical,4,0.015260700
layer_sweep,L1,hybrid,default.qubit,4,1,2540,2553,2,param_grad,4,0.092778300
layer_sweep,L1,hybrid,default.qubit,4,1,2540,2553,2,param_grad_quantum,4,0.039042700
layer_sweep,L1,hybrid,default.qubit,4,1,2540,2553,2,param_grad_classical,4,0.053735600
layer_sweep,L1,hybrid,default.qubit,4,1,2540,2553,1,forward,4,0.011250100
layer_sweep,L1,hybrid,default.qubit,4,1,2540,2553,1,forward_quantum,4,0.010459200
layer_sweep,L1,hybrid,default.qubit,4,1,2540,2553,1,forward_classical,4,0.000790900
layer_sweep,L1,hybrid,default.qubit,4,1,2540,2553,1,first_grad,4,0.020706600
layer_sweep,L1,hybrid,default.qubit,4,1,2540,2553,1,first_grad_quantum,4,0.018602300
layer_sweep,L1,hybrid,default.qubit,4,1,2540,2553,1,first_grad_classical,4,0.002104300
layer_sweep,L1,hybrid,default.qubit,4,1,2540,2553,1,second_grad,4,0.040790400
layer_sweep,L1,hybrid,default.qubit,4,1,2540,2553,1,second_grad_quantum,4,0.027391800
layer_sweep,L1,hybrid,default.qubit,4,1,2540,2553,1,second_grad_classical,4,0.013398600
layer_sweep,L1,hybrid,default.qubit,4,1,2540,2553,1,param_grad,4,0.094531500
layer_sweep,L1,hybrid,default.qubit,4,1,2540,2553,1,param_grad_quantum,4,0.038868300
layer_sweep,L1,hybrid,default.qubit,4,1,2540,2553,1,param_grad_classical,4,0.055663200
layer_sweep,L4,hybrid,default.qubit,4,4,2540,2601,2,forward,4,0.027148900
layer_sweep,L4,hybrid,default.qubit,4,4,2540,2601,2,forward_quantum,4,0.026082200
layer_sweep,L4,hybrid,default.qubit,4,4,2540,2601,2,forward_classical,4,0.001066700
layer_sweep,L4,hybrid,default.qubit,4,4,2540,2601,2,first_grad,4,0.053953400
layer_sweep,L4,hybrid,default.qubit,4,4,2540,2601,2,first_grad_quantum,4,0.050234000
layer_sweep,L4,hybrid,default.qubit,4,4,2540,2601,2,first_grad_classical,4,0.003719400
layer_sweep,L4,hybrid,default.qubit,4,4,2540,2601,2,second_grad,4,0.109580500
layer_sweep,L4,hybrid,default.qubit,4,4,2540,2601,2,second_grad_quantum,4,0.073132500
layer_sweep,L4,hybrid,default.qubit,4,4,2540,2601,2,second_grad_classical,4,0.036448000
layer_sweep,L4,hybrid,default.qubit,4,4,2540,2601,2,param_grad,4,0.217865800
layer_sweep,L4,hybrid,default.qubit,4,4,2540,2601,2,param_grad_quantum,4,0.101097300
layer_sweep,L4,hybrid,default.qubit,4,4,2540,2601,2,param_grad_classical,4,0.116768500
layer_sweep,L2,hybrid,default.qubit,4,2,2540,2569,0,forward,4,0.016737200
layer_sweep,L2,hybrid,default.qubit,4,2,2540,2569,0,forward_quantum,4,0.015767700
layer_sweep,L2,hybrid,default.qubit,4,2,2540,2569,0,forward_classical,4,0.000969500
layer_sweep,L2,hybrid,default.qubit,4,2,2540,2569,0,first_grad,4,0.030792700
layer_sweep,L2,hybrid,default.qubit,4,2,2540,2569,0,first_grad_quantum,4,0.027933700
layer_sweep,L2,hybrid,default.qubit,4,2,2540,2569,0,first_grad_classical,4,0.002859000
layer_sweep,L2,hybrid,default.qubit,4,2,2540,2569,0,second_grad,4,0.064092800
layer_sweep,L2,hybrid,default.qubit,4,2,2540,2569,0,second_grad_quantum,4,0.042202400
layer_sweep,L2,hybrid,default.qubit,4,2,2540,2569,0,second_grad_classical,4,0.021890400
layer_sweep,L2,hybrid,default.qubit,4,2,2540,2569,0,param_grad,4,0.140927800
layer_sweep,L2,hybrid,default.qubit,4,2,2540,2569,0,param_grad_quantum,4,0.061756700
layer_sweep,L2,hybrid,default.qubit,4,2,2540,2569,0,param_grad_classical,4,0.079171100
layer_sweep,L8,hybrid,default.qubit,4,8,2540,2665,2,forward,4,0.048019300
layer_sweep,L8,hybrid,default.qubit,4,8,2540,2665,2,forward_quantum,4,0.047276900
layer_sweep,L8,hybrid,default.qubit,4,8,2540,2665,2,forward_classical,4,0.000742400
layer_sweep,L8,hybrid,default.qubit,4,8,2540,2665,2,first_grad,4,0.105722900
layer_sweep,L8,hybrid,default.qubit,4,8,2540,2665,2,first_grad_quantum,4,0.100218400
layer_sweep,L8,hybrid,default.qubit,4,8,2540,2665,2,first_grad_classical,4,0.005504500
layer_sweep,L8,hybrid,default.qubit,4,8,2540,2665,2,second_grad,4,0.186093900
layer_sweep,L8,hybrid,default.qubit,4,8,2540,2665,2,second_grad_quantum,4,0.125515900
layer_sweep,L8,hybrid,default.qubit,4,8,2540,2665,2,second_grad_classical,4,0.060578000
layer_sweep,L8,hybrid,default.qubit,4,8,2540,2665,2,param_grad,4,0.392837800
layer_sweep,L8,hybrid,default.qubit,4,8,2540,2665,2,param_grad_quantum,4,0.188394900
layer_sweep,L8,hybrid,default.qubit,4,8,2540,2665,2,param_grad_classical,4,0.204442900
layer_sweep,L8,hybrid,default.qubit,4,8,2540,2665,0,forward,4,0.048017000
layer_sweep,L8,hybrid,default.qubit,4,8,2540,2665,0,forward_quantum,4,0.047223500
layer_sweep,L8,hybrid,default.qubit,4,8,2540,2665,0,forward_classical,4,0.000793500
layer_sweep,L8,hybrid,default.qubit,4,8,2540,2665,0,first_grad,4,0.097287400
layer_sweep,L8,hybrid,default.qubit,4,8,2540,2665,0,first_grad_quantum,4,0.091983100
layer_sweep,L8,hybrid,default.qubit,4,8,2540,2665,0,first_grad_classical,4,0.005304300
layer_sweep,L8,hybrid,default.qubit,4,8,2540,2665,0,second_grad,4,0.172651500
layer_sweep,L8,hybrid,default.qubit,4,8,2540,2665,0,second_grad_quantum,4,0.117226100
layer_sweep,L8,hybrid,default.qubit,4,8,2540,2665,0,second_grad_classical,4,0.055425400
layer_sweep,L8,hybrid,default.qubit,4,8,2540,2665,0,param_grad,4,0.371040200
layer_sweep,L8,hybrid,default.qubit,4,8,2540,2665,0,param_grad_quantum,4,0.179186200
layer_sweep,L8,hybrid,default.qubit,4,8,2540,2665,0,param_grad_classical,4,0.191854000
layer_sweep,L2,hybrid,default.qubit,4,2,2540,2569,1,forward,4,0.018803700
layer_sweep,L2,hybrid,default.qubit,4,2,2540,2569,1,forward_quantum,4,0.017396800
layer_sweep,L2,hybrid,default.qubit,4,2,2540,2569,1,forward_classical,4,0.001406900
layer_sweep,L2,hybrid,default.qubit,4,2,2540,2569,1,first_grad,4,0.032612400
layer_sweep,L2,hybrid,default.qubit,4,2,2540,2569,1,first_grad_quantum,4,0.028145300
layer_sweep,L2,hybrid,default.qubit,4,2,2540,2569,1,first_grad_classical,4,0.004467100
layer_sweep,L2,hybrid,default.qubit,4,2,2540,2569,1,second_grad,4,0.067754100
layer_sweep,L2,hybrid,default.qubit,4,2,2540,2569,1,second_grad_quantum,4,0.045263800
layer_sweep,L2,hybrid,default.qubit,4,2,2540,2569,1,second_grad_classical,4,0.022490300
layer_sweep,L2,hybrid,default.qubit,4,2,2540,2569,1,param_grad,4,0.139134200
layer_sweep,L2,hybrid,default.qubit,4,2,2540,2569,1,param_grad_quantum,4,0.059577700
layer_sweep,L2,hybrid,default.qubit,4,2,2540,2569,1,param_grad_classical,4,0.079556500
layer_sweep,L4,hybrid,default.qubit,4,4,2540,2601,2,forward,5,0.026731300
layer_sweep,L4,hybrid,default.qubit,4,4,2540,2601,2,forward_quantum,5,0.026020400
layer_sweep,L4,hybrid,default.qubit,4,4,2540,2601,2,forward_classical,5,0.000710900
layer_sweep,L4,hybrid,default.qubit,4,4,2540,2601,2,first_grad,5,0.056278400
layer_sweep,L4,hybrid,default.qubit,4,4,2540,2601,2,first_grad_quantum,5,0.052043500
layer_sweep,L4,hybrid,default.qubit,4,4,2540,2601,2,first_grad_classical,5,0.004234900
layer_sweep,L4,hybrid,default.qubit,4,4,2540,2601,2,second_grad,5,0.106193200
layer_sweep,L4,hybrid,default.qubit,4,4,2540,2601,2,second_grad_quantum,5,0.069336600
layer_sweep,L4,hybrid,default.qubit,4,4,2540,2601,2,second_grad_classical,5,0.036856600
layer_sweep,L4,hybrid,default.qubit,4,4,2540,2601,2,param_grad,5,0.224026900
layer_sweep,L4,hybrid,default.qubit,4,4,2540,2601,2,param_grad_quantum,5,0.102954200
layer_sweep,L4,hybrid,default.qubit,4,4,2540,2601,2,param_grad_classical,5,0.121072700
layer_sweep,L4,hybrid,default.qubit,4,4,2540,2601,1,forward,5,0.027876400
layer_sweep,L4,hybrid,default.qubit,4,4,2540,2601,1,forward_quantum,5,0.026967200
layer_sweep,L4,hybrid,default.qubit,4,4,2540,2601,1,forward_classical,5,0.000909200
layer_sweep,L4,hybrid,default.qubit,4,4,2540,2601,1,first_grad,5,0.059435500
layer_sweep,L4,hybrid,default.qubit,4,4,2540,2601,1,first_grad_quantum,5,0.055196100
layer_sweep,L4,hybrid,default.qubit,4,4,2540,2601,1,first_grad_classical,5,0.004239400
layer_sweep,L4,hybrid,default.qubit,4,4,2540,2601,1,second_grad,5,0.107231400
layer_sweep,L4,hybrid,default.qubit,4,4,2540,2601,1,second_grad_quantum,5,0.071550100
layer_sweep,L4,hybrid,default.qubit,4,4,2540,2601,1,second_grad_classical,5,0.035681300
layer_sweep,L4,hybrid,default.qubit,4,4,2540,2601,1,param_grad,5,0.226156500
layer_sweep,L4,hybrid,default.qubit,4,4,2540,2601,1,param_grad_quantum,5,0.106216900
layer_sweep,L4,hybrid,default.qubit,4,4,2540,2601,1,param_grad_classical,5,0.119939600
layer_sweep,L8,hybrid,default.qubit,4,8,2540,2665,0,forward,5,0.047437200
layer_sweep,L8,hybrid,default.qubit,4,8,2540,2665,0,forward_quantum,5,0.046580900
layer_sweep,L8,hybrid,default.qubit,4,8,2540,2665,0,forward_classical,5,0.000856300
layer_sweep,L8,hybrid,default.qubit,4,8,2540,2665,0,first_grad,5,0.109402500
layer_sweep,L8,hybrid,default.qubit,4,8,2540,2665,0,first_grad_quantum,5,0.104017300
layer_sweep,L8,hybrid,default.qubit,4,8,2540,2665,0,first_grad_classical,5,0.005385200
layer_sweep,L8,hybrid,default.qubit,4,8,2540,2665,0,second_grad,5,0.183465200
layer_sweep,L8,hybrid,default.qubit,4,8,2540,2665,0,second_grad_quantum,5,0.125834400
layer_sweep,L8,hybrid,default.qubit,4,8,2540,2665,0,second_grad_classical,5,0.057630800
layer_sweep,L8,hybrid,default.qubit,4,8,2540,2665,0,param_grad,5,0.384138300
layer_sweep,L8,hybrid,default.qubit,4,8,2540,2665,0,param_grad_quantum,5,0.177056100
layer_sweep,L8,hybrid,default.qubit,4,8,2540,2665,0,param_grad_classical,5,0.207082200
layer_sweep,L2,hybrid,default.qubit,4,2,2540,2569,2,forward,5,0.015405500
layer_sweep,L2,hybrid,default.qubit,4,2,2540,2569,2,forward_quantum,5,0.014633600
layer_sweep,L2,hybrid,default.qubit,4,2,2540,2569,2,forward_classical,5,0.000771900
layer_sweep,L2,hybrid,default.qubit,4,2,2540,2569,2,first_grad,5,0.031776000
layer_sweep,L2,hybrid,default.qubit,4,2,2540,2569,2,first_grad_quantum,5,0.027806900
layer_sweep,L2,hybrid,default.qubit,4,2,2540,2569,2,first_grad_classical,5,0.003969100
layer_sweep,L2,hybrid,default.qubit,4,2,2540,2569,2,second_grad,5,0.062438700
layer_sweep,L2,hybrid,default.qubit,4,2,2540,2569,2,second_grad_quantum,5,0.041237200
layer_sweep,L2,hybrid,default.qubit,4,2,2540,2569,2,second_grad_classical,5,0.021201500
layer_sweep,L2,hybrid,default.qubit,4,2,2540,2569,2,param_grad,5,0.127461700
layer_sweep,L2,hybrid,default.qubit,4,2,2540,2569,2,param_grad_quantum,5,0.053739300
layer_sweep,L2,hybrid,default.qubit,4,2,2540,2569,2,param_grad_classical,5,0.073722400
layer_sweep,L1,hybrid,default.qubit,4,1,2540,2553,1,forward,5,0.010993900
layer_sweep,L1,hybrid,default.qubit,4,1,2540,2553,1,forward_quantum,5,0.010250800
layer_sweep,L1,hybrid,default.qubit,4,1,2540,2553,1,forward_classical,5,0.000743100
layer_sweep,L1,hybrid,default.qubit,4,1,2540,2553,1,first_grad,5,0.021255100
layer_sweep,L1,hybrid,default.qubit,4,1,2540,2553,1,first_grad_quantum,5,0.019235300
layer_sweep,L1,hybrid,default.qubit,4,1,2540,2553,1,first_grad_classical,5,0.002019800
layer_sweep,L1,hybrid,default.qubit,4,1,2540,2553,1,second_grad,5,0.040941400
layer_sweep,L1,hybrid,default.qubit,4,1,2540,2553,1,second_grad_quantum,5,0.026660000
layer_sweep,L1,hybrid,default.qubit,4,1,2540,2553,1,second_grad_classical,5,0.014281400
layer_sweep,L1,hybrid,default.qubit,4,1,2540,2553,1,param_grad,5,0.089733800
layer_sweep,L1,hybrid,default.qubit,4,1,2540,2553,1,param_grad_quantum,5,0.037588900
layer_sweep,L1,hybrid,default.qubit,4,1,2540,2553,1,param_grad_classical,5,0.052144900
layer_sweep,L4,hybrid,default.qubit,4,4,2540,2601,0,forward,5,0.027139400
layer_sweep,L4,hybrid,default.qubit,4,4,2540,2601,0,forward_quantum,5,0.026301400
layer_sweep,L4,hybrid,default.qubit,4,4,2540,2601,0,forward_classical,5,0.000838000
layer_sweep,L4,hybrid,default.qubit,4,4,2540,2601,0,first_grad,5,0.051816300
layer_sweep,L4,hybrid,default.qubit,4,4,2540,2601,0,first_grad_quantum,5,0.048295900
layer_sweep,L4,hybrid,default.qubit,4,4,2540,2601,0,first_grad_classical,5,0.003520400
layer_sweep,L4,hybrid,default.qubit,4,4,2540,2601,0,second_grad,5,0.107809500
layer_sweep,L4,hybrid,default.qubit,4,4,2540,2601,0,second_grad_quantum,5,0.071355900
layer_sweep,L4,hybrid,default.qubit,4,4,2540,2601,0,second_grad_classical,5,0.036453600
layer_sweep,L4,hybrid,default.qubit,4,4,2540,2601,0,param_grad,5,0.222087600
layer_sweep,L4,hybrid,default.qubit,4,4,2540,2601,0,param_grad_quantum,5,0.101274600
layer_sweep,L4,hybrid,default.qubit,4,4,2540,2601,0,param_grad_classical,5,0.120813000
layer_sweep,L1,hybrid,default.qubit,4,1,2540,2553,0,forward,5,0.011079400
layer_sweep,L1,hybrid,default.qubit,4,1,2540,2553,0,forward_quantum,5,0.010273400
layer_sweep,L1,hybrid,default.qubit,4,1,2540,2553,0,forward_classical,5,0.000806000
layer_sweep,L1,hybrid,default.qubit,4,1,2540,2553,0,first_grad,5,0.020384600
layer_sweep,L1,hybrid,default.qubit,4,1,2540,2553,0,first_grad_quantum,5,0.018567300
layer_sweep,L1,hybrid,default.qubit,4,1,2540,2553,0,first_grad_classical,5,0.001817300
layer_sweep,L1,hybrid,default.qubit,4,1,2540,2553,0,second_grad,5,0.046902300
layer_sweep,L1,hybrid,default.qubit,4,1,2540,2553,0,second_grad_quantum,5,0.030903800
layer_sweep,L1,hybrid,default.qubit,4,1,2540,2553,0,second_grad_classical,5,0.015998500
layer_sweep,L1,hybrid,default.qubit,4,1,2540,2553,0,param_grad,5,0.094628400
layer_sweep,L1,hybrid,default.qubit,4,1,2540,2553,0,param_grad_quantum,5,0.038836000
layer_sweep,L1,hybrid,default.qubit,4,1,2540,2553,0,param_grad_classical,5,0.055792400
layer_sweep,L8,hybrid,default.qubit,4,8,2540,2665,1,forward,5,0.048914600
layer_sweep,L8,hybrid,default.qubit,4,8,2540,2665,1,forward_quantum,5,0.048026500
layer_sweep,L8,hybrid,default.qubit,4,8,2540,2665,1,forward_classical,5,0.000888100
layer_sweep,L8,hybrid,default.qubit,4,8,2540,2665,1,first_grad,5,0.105688000
layer_sweep,L8,hybrid,default.qubit,4,8,2540,2665,1,first_grad_quantum,5,0.099988200
layer_sweep,L8,hybrid,default.qubit,4,8,2540,2665,1,first_grad_classical,5,0.005699800
layer_sweep,L8,hybrid,default.qubit,4,8,2540,2665,1,second_grad,5,0.191109900
layer_sweep,L8,hybrid,default.qubit,4,8,2540,2665,1,second_grad_quantum,5,0.129638900
layer_sweep,L8,hybrid,default.qubit,4,8,2540,2665,1,second_grad_classical,5,0.061471000
layer_sweep,L8,hybrid,default.qubit,4,8,2540,2665,1,param_grad,5,0.395034700
layer_sweep,L8,hybrid,default.qubit,4,8,2540,2665,1,param_grad_quantum,5,0.187525400
layer_sweep,L8,hybrid,default.qubit,4,8,2540,2665,1,param_grad_classical,5,0.207509300
layer_sweep,L1,hybrid,default.qubit,4,1,2540,2553,2,forward,5,0.011653100
layer_sweep,L1,hybrid,default.qubit,4,1,2540,2553,2,forward_quantum,5,0.010661200
layer_sweep,L1,hybrid,default.qubit,4,1,2540,2553,2,forward_classical,5,0.000991900
layer_sweep,L1,hybrid,default.qubit,4,1,2540,2553,2,first_grad,5,0.021643700
layer_sweep,L1,hybrid,default.qubit,4,1,2540,2553,2,first_grad_quantum,5,0.019559400
layer_sweep,L1,hybrid,default.qubit,4,1,2540,2553,2,first_grad_classical,5,0.002084300
layer_sweep,L1,hybrid,default.qubit,4,1,2540,2553,2,second_grad,5,0.043976000
layer_sweep,L1,hybrid,default.qubit,4,1,2540,2553,2,second_grad_quantum,5,0.030117300
layer_sweep,L1,hybrid,default.qubit,4,1,2540,2553,2,second_grad_classical,5,0.013858700
layer_sweep,L1,hybrid,default.qubit,4,1,2540,2553,2,param_grad,5,0.092608600
layer_sweep,L1,hybrid,default.qubit,4,1,2540,2553,2,param_grad_quantum,5,0.037441800
layer_sweep,L1,hybrid,default.qubit,4,1,2540,2553,2,param_grad_classical,5,0.055166800
layer_sweep,L2,hybrid,default.qubit,4,2,2540,2569,1,forward,5,0.016716000
layer_sweep,L2,hybrid,default.qubit,4,2,2540,2569,1,forward_quantum,5,0.015943400
layer_sweep,L2,hybrid,default.qubit,4,2,2540,2569,1,forward_classical,5,0.000772600
layer_sweep,L2,hybrid,default.qubit,4,2,2540,2569,1,first_grad,5,0.033649800
layer_sweep,L2,hybrid,default.qubit,4,2,2540,2569,1,first_grad_quantum,5,0.029724200
layer_sweep,L2,hybrid,default.qubit,4,2,2540,2569,1,first_grad_classical,5,0.003925600
layer_sweep,L2,hybrid,default.qubit,4,2,2540,2569,1,second_grad,5,0.066532800
layer_sweep,L2,hybrid,default.qubit,4,2,2540,2569,1,second_grad_quantum,5,0.043968200
layer_sweep,L2,hybrid,default.qubit,4,2,2540,2569,1,second_grad_classical,5,0.022564600
layer_sweep,L2,hybrid,default.qubit,4,2,2540,2569,1,param_grad,5,0.132830300
layer_sweep,L2,hybrid,default.qubit,4,2,2540,2569,1,param_grad_quantum,5,0.056867700
layer_sweep,L2,hybrid,default.qubit,4,2,2540,2569,1,param_grad_classical,5,0.075962600
layer_sweep,L8,hybrid,default.qubit,4,8,2540,2665,2,forward,5,0.047785400
layer_sweep,L8,hybrid,default.qubit,4,8,2540,2665,2,forward_quantum,5,0.047016300
layer_sweep,L8,hybrid,default.qubit,4,8,2540,2665,2,forward_classical,5,0.000769100
layer_sweep,L8,hybrid,default.qubit,4,8,2540,2665,2,first_grad,5,0.091911100
layer_sweep,L8,hybrid,default.qubit,4,8,2540,2665,2,first_grad_quantum,5,0.086611000
layer_sweep,L8,hybrid,default.qubit,4,8,2540,2665,2,first_grad_classical,5,0.005300100
layer_sweep,L8,hybrid,default.qubit,4,8,2540,2665,2,second_grad,5,0.169101100
layer_sweep,L8,hybrid,default.qubit,4,8,2540,2665,2,second_grad_quantum,5,0.115482500
layer_sweep,L8,hybrid,default.qubit,4,8,2540,2665,2,second_grad_classical,5,0.053618600
layer_sweep,L8,hybrid,default.qubit,4,8,2540,2665,2,param_grad,5,0.367336600
layer_sweep,L8,hybrid,default.qubit,4,8,2540,2665,2,param_grad_quantum,5,0.171762000
layer_sweep,L8,hybrid,default.qubit,4,8,2540,2665,2,param_grad_classical,5,0.195574600
layer_sweep,L2,hybrid,default.qubit,4,2,2540,2569,0,forward,5,0.016306400
layer_sweep,L2,hybrid,default.qubit,4,2,2540,2569,0,forward_quantum,5,0.015569800
layer_sweep,L2,hybrid,default.qubit,4,2,2540,2569,0,forward_classical,5,0.000736600
layer_sweep,L2,hybrid,default.qubit,4,2,2540,2569,0,first_grad,5,0.034987400
layer_sweep,L2,hybrid,default.qubit,4,2,2540,2569,0,first_grad_quantum,5,0.030717500
layer_sweep,L2,hybrid,default.qubit,4,2,2540,2569,0,first_grad_classical,5,0.004269900
layer_sweep,L2,hybrid,default.qubit,4,2,2540,2569,0,second_grad,5,0.070200000
layer_sweep,L2,hybrid,default.qubit,4,2,2540,2569,0,second_grad_quantum,5,0.046143300
layer_sweep,L2,hybrid,default.qubit,4,2,2540,2569,0,second_grad_classical,5,0.024056700
layer_sweep,L2,hybrid,default.qubit,4,2,2540,2569,0,param_grad,5,0.143510200
layer_sweep,L2,hybrid,default.qubit,4,2,2540,2569,0,param_grad_quantum,5,0.062121600
layer_sweep,L2,hybrid,default.qubit,4,2,2540,2569,0,param_grad_classical,5,0.081388600
layer_sweep,L4,hybrid,default.qubit,4,4,2540,2601,0,forward,6,0.027737300
layer_sweep,L4,hybrid,default.qubit,4,4,2540,2601,0,forward_quantum,6,0.026957100
layer_sweep,L4,hybrid,default.qubit,4,4,2540,2601,0,forward_classical,6,0.000780200
layer_sweep,L4,hybrid,default.qubit,4,4,2540,2601,0,first_grad,6,0.054454600
layer_sweep,L4,hybrid,default.qubit,4,4,2540,2601,0,first_grad_quantum,6,0.049529100
layer_sweep,L4,hybrid,default.qubit,4,4,2540,2601,0,first_grad_classical,6,0.004925500
layer_sweep,L4,hybrid,default.qubit,4,4,2540,2601,0,second_grad,6,0.102359700
layer_sweep,L4,hybrid,default.qubit,4,4,2540,2601,0,second_grad_quantum,6,0.067453800
layer_sweep,L4,hybrid,default.qubit,4,4,2540,2601,0,second_grad_classical,6,0.034905900
layer_sweep,L4,hybrid,default.qubit,4,4,2540,2601,0,param_grad,6,0.225855700
layer_sweep,L4,hybrid,default.qubit,4,4,2540,2601,0,param_grad_quantum,6,0.099591700
layer_sweep,L4,hybrid,default.qubit,4,4,2540,2601,0,param_grad_classical,6,0.126264000
layer_sweep,L4,hybrid,default.qubit,4,4,2540,2601,2,forward,6,0.028235700
layer_sweep,L4,hybrid,default.qubit,4,4,2540,2601,2,forward_quantum,6,0.027417000
layer_sweep,L4,hybrid,default.qubit,4,4,2540,2601,2,forward_classical,6,0.000818700
layer_sweep,L4,hybrid,default.qubit,4,4,2540,2601,2,first_grad,6,0.056318900
layer_sweep,L4,hybrid,default.qubit,4,4,2540,2601,2,first_grad_quantum,6,0.052675700
layer_sweep,L4,hybrid,default.qubit,4,4,2540,2601,2,first_grad_classical,6,0.003643200
layer_sweep,L4,hybrid,default.qubit,4,4,2540,2601,2,second_grad,6,0.108681800
layer_sweep,L4,hybrid,default.qubit,4,4,2540,2601,2,second_grad_quantum,6,0.072271600
layer_sweep,L4,hybrid,default.qubit,4,4,2540,2601,2,second_grad_classical,6,0.036410200
layer_sweep,L4,hybrid,default.qubit,4,4,2540,2601,2,param_grad,6,0.227262200
layer_sweep,L4,hybrid,default.qubit,4,4,2540,2601,2,param_grad_quantum,6,0.108018400
layer_sweep,L4,hybrid,default.qubit,4,4,2540,2601,2,param_grad_classical,6,0.119243800
layer_sweep,L2,hybrid,default.qubit,4,2,2540,2569,0,forward,6,0.016533200
layer_sweep,L2,hybrid,default.qubit,4,2,2540,2569,0,forward_quantum,6,0.015699300
layer_sweep,L2,hybrid,default.qubit,4,2,2540,2569,0,forward_classical,6,0.000833900
layer_sweep,L2,hybrid,default.qubit,4,2,2540,2569,0,first_grad,6,0.037189500
layer_sweep,L2,hybrid,default.qubit,4,2,2540,2569,0,first_grad_quantum,6,0.034129300
layer_sweep,L2,hybrid,default.qubit,4,2,2540,2569,0,first_grad_classical,6,0.003060200
layer_sweep,L2,hybrid,default.qubit,4,2,2540,2569,0,second_grad,6,0.068840000
layer_sweep,L2,hybrid,default.qubit,4,2,2540,2569,0,second_grad_quantum,6,0.043347200
layer_sweep,L2,hybrid,default.qubit,4,2,2540,2569,0,second_grad_classical,6,0.025492800
layer_sweep,L2,hybrid,default.qubit,4,2,2540,2569,0,param_grad,6,0.137341400
layer_sweep,L2,hybrid,default.qubit,4,2,2540,2569,0,param_grad_quantum,6,0.060634200
layer_sweep,L2,hybrid,default.qubit,4,2,2540,2569,0,param_grad_classical,6,0.076707200
layer_sweep,L4,hybrid,default.qubit,4,4,2540,2601,1,forward,6,0.028029600
layer_sweep,L4,hybrid,default.qubit,4,4,2540,2601,1,forward_quantum,6,0.027266700
layer_sweep,L4,hybrid,default.qubit,4,4,2540,2601,1,forward_classical,6,0.000762900
layer_sweep,L4,hybrid,default.qubit,4,4,2540,2601,1,first_grad,6,0.055525900
layer_sweep,L4,hybrid,default.qubit,4,4,2540,2601,1,first_grad_quantum,6,0.050639300
layer_sweep,L4,hybrid,default.qubit,4,4,2540,2601,1,first_grad_classical,6,0.004886600
layer_sweep,L4,hybrid,default.qubit,4,4,2540,2601,1,second_grad,6,0.113129800
layer_sweep,L4,hybrid,default.qubit,4,4,2540,2601,1,second_grad_quantum,6,0.074970600
layer_sweep,L4,hybrid,default.qubit,4,4,2540,2601,1,second_grad_classical,6,0.038159200
layer_sweep,L4,hybrid,default.qubit,4,4,2540,2601,1,param_grad,6,0.215444200
layer_sweep,L4,hybrid,default.qubit,4,4,2540,2601,1,param_grad_quantum,6,0.100834700
layer_sweep,L4,hybrid,default.qubit,4,4,2540,2601,1,param_grad_classical,6,0.114609500
layer_sweep,L8,hybrid,default.qubit,4,8,2540,2665,1,forward,6,0.047991400
layer_sweep,L8,hybrid,default.qubit,4,8,2540,2665,1,forward_quantum,6,0.047230200
layer_sweep,L8,hybrid,default.qubit,4,8,2540,2665,1,forward_classical,6,0.000761200
layer_sweep,L8,hybrid,default.qubit,4,8,2540,2665,1,first_grad,6,0.102626600
layer_sweep,L8,hybrid,default.qubit,4,8,2540,2665,1,first_grad_quantum,6,0.097712500
layer_sweep,L8,hybrid,default.qubit,4,8,2540,2665,1,first_grad_classical,6,0.004914100
layer_sweep,L8,hybrid,default.qubit,4,8,2540,2665,1,second_grad,6,0.180798000
layer_sweep,L8,hybrid,default.qubit,4,8,2540,2665,1,second_grad_quantum,6,0.122968800
layer_sweep,L8,hybrid,default.qubit,4,8,2540,2665,1,second_grad_classical,6,0.057829200
layer_sweep,L8,hybrid,default.qubit,4,8,2540,2665,1,param_grad,6,0.368186700
layer_sweep,L8,hybrid,default.qubit,4,8,2540,2665,1,param_grad_quantum,6,0.175094800
layer_sweep,L8,hybrid,default.qubit,4,8,2540,2665,1,param_grad_classical,6,0.193091900
layer_sweep,L1,hybrid,default.qubit,4,1,2540,2553,0,forward,6,0.011488500
layer_sweep,L1,hybrid,default.qubit,4,1,2540,2553,0,forward_quantum,6,0.010687200
layer_sweep,L1,hybrid,default.qubit,4,1,2540,2553,0,forward_classical,6,0.000801300
layer_sweep,L1,hybrid,default.qubit,4,1,2540,2553,0,first_grad,6,0.020850700
layer_sweep,L1,hybrid,default.qubit,4,1,2540,2553,0,first_grad_quantum,6,0.018699300
layer_sweep,L1,hybrid,default.qubit,4,1,2540,2553,0,first_grad_classical,6,0.002151400
layer_sweep,L1,hybrid,default.qubit,4,1,2540,2553,0,second_grad,6,0.045005200
layer_sweep,L1,hybrid,default.qubit,4,1,2540,2553,0,second_grad_quantum,6,0.030137400
layer_sweep,L1,hybrid,default.qubit,4,1,2540,2553,0,second_grad_classical,6,0.014867800
layer_sweep,L1,hybrid,default.qubit,4,1,2540,2553,0,param_grad,6,0.093990100
layer_sweep,L1,hybrid,default.qubit,4,1,2540,2553,0,param_grad_quantum,6,0.041705800
layer_sweep,L1,hybrid,default.qubit,4,1,2540,2553,0,param_grad_classical,6,0.052284300
layer_sweep,L2,hybrid,default.qubit,4,2,2540,2569,2,forward,6,0.017458400
layer_sweep,L2,hybrid,default.qubit,4,2,2540,2569,2,forward_quantum,6,0.016708400
layer_sweep,L2,hybrid,default.qubit,4,2,2540,2569,2,forward_classical,6,0.000750000
layer_sweep,L2,hybrid,default.qubit,4,2,2540,2569,2,first_grad,6,0.029910000
layer_sweep,L2,hybrid,default.qubit,4,2,2540,2569,2,first_grad_quantum,6,0.027290700
layer_sweep,L2,hybrid,default.qubit,4,2,2540,2569,2,first_grad_classical,6,0.002619300
layer_sweep,L2,hybrid,default.qubit,4,2,2540,2569,2,second_grad,6,0.065049500
layer_sweep,L2,hybrid,default.qubit,4,2,2540,2569,2,second_grad_quantum,6,0.044404400
layer_sweep,L2,hybrid,default.qubit,4,2,2540,2569,2,second_grad_classical,6,0.020645100
layer_sweep,L2,hybrid,default.qubit,4,2,2540,2569,2,param_grad,6,0.135313500
layer_sweep,L2,hybrid,default.qubit,4,2,2540,2569,2,param_grad_quantum,6,0.061098800
layer_sweep,L2,hybrid,default.qubit,4,2,2540,2569,2,param_grad_classical,6,0.074214700
layer_sweep,L1,hybrid,default.qubit,4,1,2540,2553,1,forward,6,0.011185000
layer_sweep,L1,hybrid,default.qubit,4,1,2540,2553,1,forward_quantum,6,0.010387900
layer_sweep,L1,hybrid,default.qubit,4,1,2540,2553,1,forward_classical,6,0.000797100
layer_sweep,L1,hybrid,default.qubit,4,1,2540,2553,1,first_grad,6,0.020901000
layer_sweep,L1,hybrid,default.qubit,4,1,2540,2553,1,first_grad_quantum,6,0.018851100
layer_sweep,L1,hybrid,default.qubit,4,1,2540,2553,1,first_grad_classical,6,0.002049900
layer_sweep,L1,hybrid,default.qubit,4,1,2540,2553,1,second_grad,6,0.049821700
layer_sweep,L1,hybrid,default.qubit,4,1,2540,2553,1,second_grad_quantum,6,0.028575900
layer_sweep,L1,hybrid,default.qubit,4,1,2540,2553,1,second_grad_classical,6,0.021245800
layer_sweep,L1,hybrid,default.qubit,4,1,2540,2553,1,param_grad,6,0.094547500
layer_sweep,L1,hybrid,default.qubit,4,1,2540,2553,1,param_grad_quantum,6,0.039723700
layer_sweep,L1,hybrid,default.qubit,4,1,2540,2553,1,param_grad_classical,6,0.054823800
layer_sweep,L8,hybrid,default.qubit,4,8,2540,2665,0,forward,6,0.048770600
layer_sweep,L8,hybrid,default.qubit,4,8,2540,2665,0,forward_quantum,6,0.047894200
layer_sweep,L8,hybrid,default.qubit,4,8,2540,2665,0,forward_classical,6,0.000876400
layer_sweep,L8,hybrid,default.qubit,4,8,2540,2665,0,first_grad,6,0.099762300
layer_sweep,L8,hybrid,default.qubit,4,8,2540,2665,0,first_grad_quantum,6,0.094097500
layer_sweep,L8,hybrid,default.qubit,4,8,2540,2665,0,first_grad_classical,6,0.005664800
layer_sweep,L8,hybrid,default.qubit,4,8,2540,2665,0,second_grad,6,0.183622800
layer_sweep,L8,hybrid,default.qubit,4,8,2540,2665,0,second_grad_quantum,6,0.124432400
layer_sweep,L8,hybrid,default.qubit,4,8,2540,2665,0,second_grad_classical,6,0.059190400
layer_sweep,L8,hybrid,default.qubit,4,8,2540,2665,0,param_grad,6,0.387235600
layer_sweep,L8,hybrid,default.qubit,4,8,2540,2665,0,param_grad_quantum,6,0.181704100
layer_sweep,L8,hybrid,default.qubit,4,8,2540,2665,0,param_grad_classical,6,0.205531500
layer_sweep,L8,hybrid,default.qubit,4,8,2540,2665,2,forward,6,0.049496800
layer_sweep,L8,hybrid,default.qubit,4,8,2540,2665,2,forward_quantum,6,0.048616400
layer_sweep,L8,hybrid,default.qubit,4,8,2540,2665,2,forward_classical,6,0.000880400
layer_sweep,L8,hybrid,default.qubit,4,8,2540,2665,2,first_grad,6,0.100450000
layer_sweep,L8,hybrid,default.qubit,4,8,2540,2665,2,first_grad_quantum,6,0.095105600
layer_sweep,L8,hybrid,default.qubit,4,8,2540,2665,2,first_grad_classical,6,0.005344400
layer_sweep,L8,hybrid,default.qubit,4,8,2540,2665,2,second_grad,6,0.178449400
layer_sweep,L8,hybrid,default.qubit,4,8,2540,2665,2,second_grad_quantum,6,0.120353300
layer_sweep,L8,hybrid,default.qubit,4,8,2540,2665,2,second_grad_classical,6,0.058096100
layer_sweep,L8,hybrid,default.qubit,4,8,2540,2665,2,param_grad,6,0.377248800
layer_sweep,L8,hybrid,default.qubit,4,8,2540,2665,2,param_grad_quantum,6,0.175302300
layer_sweep,L8,hybrid,default.qubit,4,8,2540,2665,2,param_grad_classical,6,0.201946500
layer_sweep,L2,hybrid,default.qubit,4,2,2540,2569,1,forward,6,0.015955500
layer_sweep,L2,hybrid,default.qubit,4,2,2540,2569,1,forward_quantum,6,0.015205700
layer_sweep,L2,hybrid,default.qubit,4,2,2540,2569,1,forward_classical,6,0.000749800
layer_sweep,L2,hybrid,default.qubit,4,2,2540,2569,1,first_grad,6,0.032735000
layer_sweep,L2,hybrid,default.qubit,4,2,2540,2569,1,first_grad_quantum,6,0.028177300
layer_sweep,L2,hybrid,default.qubit,4,2,2540,2569,1,first_grad_classical,6,0.004557700
layer_sweep,L2,hybrid,default.qubit,4,2,2540,2569,1,second_grad,6,0.064563000
layer_sweep,L2,hybrid,default.qubit,4,2,2540,2569,1,second_grad_quantum,6,0.043152900
layer_sweep,L2,hybrid,default.qubit,4,2,2540,2569,1,second_grad_classical,6,0.021410100
layer_sweep,L2,hybrid,default.qubit,4,2,2540,2569,1,param_grad,6,0.133112600
layer_sweep,L2,hybrid,default.qubit,4,2,2540,2569,1,param_grad_quantum,6,0.058654600
layer_sweep,L2,hybrid,default.qubit,4,2,2540,2569,1,param_grad_classical,6,0.074458000
layer_sweep,L1,hybrid,default.qubit,4,1,2540,2553,2,forward,6,0.010178800
layer_sweep,L1,hybrid,default.qubit,4,1,2540,2553,2,forward_quantum,6,0.009439300
layer_sweep,L1,hybrid,default.qubit,4,1,2540,2553,2,forward_classical,6,0.000739500
layer_sweep,L1,hybrid,default.qubit,4,1,2540,2553,2,first_grad,6,0.020631600
layer_sweep,L1,hybrid,default.qubit,4,1,2540,2553,2,first_grad_quantum,6,0.018759100
layer_sweep,L1,hybrid,default.qubit,4,1,2540,2553,2,first_grad_classical,6,0.001872500
layer_sweep,L1,hybrid,default.qubit,4,1,2540,2553,2,second_grad,6,0.042275400
layer_sweep,L1,hybrid,default.qubit,4,1,2540,2553,2,second_grad_quantum,6,0.027529900
layer_sweep,L1,hybrid,default.qubit,4,1,2540,2553,2,second_grad_classical,6,0.014745500
layer_sweep,L1,hybrid,default.qubit,4,1,2540,2553,2,param_grad,6,0.095402500
layer_sweep,L1,hybrid,default.qubit,4,1,2540,2553,2,param_grad_quantum,6,0.040002400
layer_sweep,L1,hybrid,default.qubit,4,1,2540,2553,2,param_grad_classical,6,0.055400100
layer_sweep,L2,hybrid,default.qubit,4,2,2540,2569,0,forward,7,0.016583200
layer_sweep,L2,hybrid,default.qubit,4,2,2540,2569,0,forward_quantum,7,0.015806500
layer_sweep,L2,hybrid,default.qubit,4,2,2540,2569,0,forward_classical,7,0.000776700
layer_sweep,L2,hybrid,default.qubit,4,2,2540,2569,0,first_grad,7,0.034271000
layer_sweep,L2,hybrid,default.qubit,4,2,2540,2569,0,first_grad_quantum,7,0.028471900
layer_sweep,L2,hybrid,default.qubit,4,2,2540,2569,0,first_grad_classical,7,0.005799100
layer_sweep,L2,hybrid,default.qubit,4,2,2540,2569,0,second_grad,7,0.066312200
layer_sweep,L2,hybrid,default.qubit,4,2,2540,2569,0,second_grad_quantum,7,0.044213000
layer_sweep,L2,hybrid,default.qubit,4,2,2540,2569,0,second_grad_classical,7,0.022099200
layer_sweep,L2,hybrid,default.qubit,4,2,2540,2569,0,param_grad,7,0.134225000
layer_sweep,L2,hybrid,default.qubit,4,2,2540,2569,0,param_grad_quantum,7,0.058843100
layer_sweep,L2,hybrid,default.qubit,4,2,2540,2569,0,param_grad_classical,7,0.075381900
layer_sweep,L4,hybrid,default.qubit,4,4,2540,2601,1,forward,7,0.027428300
layer_sweep,L4,hybrid,default.qubit,4,4,2540,2601,1,forward_quantum,7,0.026726500
layer_sweep,L4,hybrid,default.qubit,4,4,2540,2601,1,forward_classical,7,0.000701800
layer_sweep,L4,hybrid,default.qubit,4,4,2540,2601,1,first_grad,7,0.056091600
layer_sweep,L4,hybrid,default.qubit,4,4,2540,2601,1,first_grad_quantum,7,0.051404700
layer_sweep,L4,hybrid,default.qubit,4,4,2540,2601,1,first_grad_classical,7,0.004686900
layer_sweep,L4,hybrid,default.qubit,4,4,2540,2601,1,second_grad,7,0.103965100
layer_sweep,L4,hybrid,default.qubit,4,4,2540,2601,1,second_grad_quantum,7,0.066966100
layer_sweep,L4,hybrid,default.qubit,4,4,2540,2601,1,second_grad_classical,7,0.036999000
layer_sweep,L4,hybrid,default.qubit,4,4,2540,2601,1,param_grad,7,0.220023100
layer_sweep,L4,hybrid,default.qubit,4,4,2540,2601,1,param_grad_quantum,7,0.101494800
layer_sweep,L4,hybrid,default.qubit,4,4,2540,2601,1,param_grad_classical,7,0.118528300
layer_sweep,L8,hybrid,default.qubit,4,8,2540,2665,1,forward,7,0.048963000
layer_sweep,L8,hybrid,default.qubit,4,8,2540,2665,1,forward_quantum,7,0.048194800
layer_sweep,L8,hybrid,default.qubit,4,8,2540,2665,1,forward_classical,7,0.000768200
layer_sweep,L8,hybrid,default.qubit,4,8,2540,2665,1,first_grad,7,0.106637600
layer_sweep,L8,hybrid,default.qubit,4,8,2540,2665,1,first_grad_quantum,7,0.101055300
layer_sweep,L8,hybrid,default.qubit,4,8,2540,2665,1,first_grad_classical,7,0.005582300
layer_sweep,L8,hybrid,default.qubit,4,8,2540,2665,1,second_grad,7,0.181629100
layer_sweep,L8,hybrid,default.qubit,4,8,2540,2665,1,second_grad_quantum,7,0.122334700
layer_sweep,L8,hybrid,default.qubit,4,8,2540,2665,1,second_grad_classical,7,0.059294400
layer_sweep,L8,hybrid,default.qubit,4,8,2540,2665,1,param_grad,7,0.393811700
layer_sweep,L8,hybrid,default.qubit,4,8,2540,2665,1,param_grad_quantum,7,0.192697100
layer_sweep,L8,hybrid,default.qubit,4,8,2540,2665,1,param_grad_classical,7,0.201114600
layer_sweep,L2,hybrid,default.qubit,4,2,2540,2569,2,forward,7,0.016906800
layer_sweep,L2,hybrid,default.qubit,4,2,2540,2569,2,forward_quantum,7,0.016144400
layer_sweep,L2,hybrid,default.qubit,4,2,2540,2569,2,forward_classical,7,0.000762400
layer_sweep,L2,hybrid,default.qubit,4,2,2540,2569,2,first_grad,7,0.031076100
layer_sweep,L2,hybrid,default.qubit,4,2,2540,2569,2,first_grad_quantum,7,0.027735400
layer_sweep,L2,hybrid,default.qubit,4,2,2540,2569,2,first_grad_classical,7,0.003340700
layer_sweep,L2,hybrid,default.qubit,4,2,2540,2569,2,second_grad,7,0.066848600
layer_sweep,L2,hybrid,default.qubit,4,2,2540,2569,2,second_grad_quantum,7,0.043486200
layer_sweep,L2,hybrid,default.qubit,4,2,2540,2569,2,second_grad_classical,7,0.023362400
layer_sweep,L2,hybrid,default.qubit,4,2,2540,2569,2,param_grad,7,0.138227800
layer_sweep,L2,hybrid,default.qubit,4,2,2540,2569,2,param_grad_quantum,7,0.061774100
layer_sweep,L2,hybrid,default.qubit,4,2,2540,2569,2,param_grad_classical,7,0.076453700
layer_sweep,L1,hybrid,default.qubit,4,1,2540,2553,2,forward,7,0.011585100
layer_sweep,L1,hybrid,default.qubit,4,1,2540,2553,2,forward_quantum,7,0.010829900
layer_sweep,L1,hybrid,default.qubit,4,1,2540,2553,2,forward_classical,7,0.000755200
layer_sweep,L1,hybrid,default.qubit,4,1,2540,2553,2,first_grad,7,0.020723000
layer_sweep,L1,hybrid,default.qubit,4,1,2540,2553,2,first_grad_quantum,7,0.018737800
layer_sweep,L1,hybrid,default.qubit,4,1,2540,2553,2,first_grad_classical,7,0.001985200
layer_sweep,L1,hybrid,default.qubit,4,1,2540,2553,2,second_grad,7,0.039913800
layer_sweep,L1,hybrid,default.qubit,4,1,2540,2553,2,second_grad_quantum,7,0.024866500
layer_sweep,L1,hybrid,default.qubit,4,1,2540,2553,2,second_grad_classical,7,0.015047300
layer_sweep,L1,hybrid,default.qubit,4,1,2540,2553,2,param_grad,7,0.090371300
layer_sweep,L1,hybrid,default.qubit,4,1,2540,2553,2,param_grad_quantum,7,0.038115100
layer_sweep,L1,hybrid,default.qubit,4,1,2540,2553,2,param_grad_classical,7,0.052256200
layer_sweep,L2,hybrid,default.qubit,4,2,2540,2569,1,forward,7,0.014338900
layer_sweep,L2,hybrid,default.qubit,4,2,2540,2569,1,forward_quantum,7,0.013601200
layer_sweep,L2,hybrid,default.qubit,4,2,2540,2569,1,forward_classical,7,0.000737700
layer_sweep,L2,hybrid,default.qubit,4,2,2540,2569,1,first_grad,7,0.028814500
layer_sweep,L2,hybrid,default.qubit,4,2,2540,2569,1,first_grad_quantum,7,0.026222400
layer_sweep,L2,hybrid,default.qubit,4,2,2540,2569,1,first_grad_classical,7,0.002592100
layer_sweep,L2,hybrid,default.qubit,4,2,2540,2569,1,second_grad,7,0.064769700
layer_sweep,L2,hybrid,default.qubit,4,2,2540,2569,1,second_grad_quantum,7,0.043655200
layer_sweep,L2,hybrid,default.qubit,4,2,2540,2569,1,second_grad_classical,7,0.021114500
layer_sweep,L2,hybrid,default.qubit,4,2,2540,2569,1,param_grad,7,0.131963500
layer_sweep,L2,hybrid,default.qubit,4,2,2540,2569,1,param_grad_quantum,7,0.056464800
layer_sweep,L2,hybrid,default.qubit,4,2,2540,2569,1,param_grad_classical,7,0.075498700
layer_sweep,L8,hybrid,default.qubit,4,8,2540,2665,2,forward,7,0.048331000
layer_sweep,L8,hybrid,default.qubit,4,8,2540,2665,2,forward_quantum,7,0.047594000
layer_sweep,L8,hybrid,default.qubit,4,8,2540,2665,2,forward_classical,7,0.000737000
layer_sweep,L8,hybrid,default.qubit,4,8,2540,2665,2,first_grad,7,0.099746400
layer_sweep,L8,hybrid,default.qubit,4,8,2540,2665,2,first_grad_quantum,7,0.094142400
layer_sweep,L8,hybrid,default.qubit,4,8,2540,2665,2,first_grad_classical,7,0.005604000
layer_sweep,L8,hybrid,default.qubit,4,8,2540,2665,2,second_grad,7,0.183206200
layer_sweep,L8,hybrid,default.qubit,4,8,2540,2665,2,second_grad_quantum,7,0.122586900
layer_sweep,L8,hybrid,default.qubit,4,8,2540,2665,2,second_grad_classical,7,0.060619300
layer_sweep,L8,hybrid,default.qubit,4,8,2540,2665,2,param_grad,7,0.397897800
layer_sweep,L8,hybrid,default.qubit,4,8,2540,2665,2,param_grad_quantum,7,0.181065400
layer_sweep,L8,hybrid,default.qubit,4,8,2540,2665,2,param_grad_classical,7,0.216832400
layer_sweep,L1,hybrid,default.qubit,4,1,2540,2553,0,forward,7,0.012752300
layer_sweep,L1,hybrid,default.qubit,4,1,2540,2553,0,forward_quantum,7,0.011864600
layer_sweep,L1,hybrid,default.qubit,4,1,2540,2553,0,forward_classical,7,0.000887700
layer_sweep,L1,hybrid,default.qubit,4,1,2540,2553,0,first_grad,7,0.021130500
layer_sweep,L1,hybrid,default.qubit,4,1,2540,2553,0,first_grad_quantum,7,0.019002200
layer_sweep,L1,hybrid,default.qubit,4,1,2540,2553,0,first_grad_classical,7,0.002128300
layer_sweep,L1,hybrid,default.qubit,4,1,2540,2553,0,second_grad,7,0.044591100
layer_sweep,L1,hybrid,default.qubit,4,1,2540,2553,0,second_grad_quantum,7,0.030039400
layer_sweep,L1,hybrid,default.qubit,4,1,2540,2553,0,second_grad_classical,7,0.014551700
layer_sweep,L1,hybrid,default.qubit,4,1,2540,2553,0,param_grad,7,0.092350100
layer_sweep,L1,hybrid,default.qubit,4,1,2540,2553,0,param_grad_quantum,7,0.036873600
layer_sweep,L1,hybrid,default.qubit,4,1,2540,2553,0,param_grad_classical,7,0.055476500
layer_sweep,L4,hybrid,default.qubit,4,4,2540,2601,2,forward,7,0.028145300
layer_sweep,L4,hybrid,default.qubit,4,4,2540,2601,2,forward_quantum,7,0.027229300
layer_sweep,L4,hybrid,default.qubit,4,4,2540,2601,2,forward_classical,7,0.000916000
layer_sweep,L4,hybrid,default.qubit,4,4,2540,2601,2,first_grad,7,0.050978500
layer_sweep,L4,hybrid,default.qubit,4,4,2540,2601,2,first_grad_quantum,7,0.047504900
layer_sweep,L4,hybrid,default.qubit,4,4,2540,2601,2,first_grad_classical,7,0.003473600
layer_sweep,L4,hybrid,default.qubit,4,4,2540,2601,2,second_grad,7,0.105346000
layer_sweep,L4,hybrid,default.qubit,4,4,2540,2601,2,second_grad_quantum,7,0.067929000
layer_sweep,L4,hybrid,default.qubit,4,4,2540,2601,2,second_grad_classical,7,0.037417000
layer_sweep,L4,hybrid,default.qubit,4,4,2540,2601,2,param_grad,7,0.225548300
layer_sweep,L4,hybrid,default.qubit,4,4,2540,2601,2,param_grad_quantum,7,0.105026800
layer_sweep,L4,hybrid,default.qubit,4,4,2540,2601,2,param_grad_classical,7,0.120521500
layer_sweep,L8,hybrid,default.qubit,4,8,2540,2665,0,forward,7,0.047381200
layer_sweep,L8,hybrid,default.qubit,4,8,2540,2665,0,forward_quantum,7,0.046525300
layer_sweep,L8,hybrid,default.qubit,4,8,2540,2665,0,forward_classical,7,0.000855900
layer_sweep,L8,hybrid,default.qubit,4,8,2540,2665,0,first_grad,7,0.108111100
layer_sweep,L8,hybrid,default.qubit,4,8,2540,2665,0,first_grad_quantum,7,0.102995000
layer_sweep,L8,hybrid,default.qubit,4,8,2540,2665,0,first_grad_classical,7,0.005116100
layer_sweep,L8,hybrid,default.qubit,4,8,2540,2665,0,second_grad,7,0.183704800
layer_sweep,L8,hybrid,default.qubit,4,8,2540,2665,0,second_grad_quantum,7,0.125344100
layer_sweep,L8,hybrid,default.qubit,4,8,2540,2665,0,second_grad_classical,7,0.058360700
layer_sweep,L8,hybrid,default.qubit,4,8,2540,2665,0,param_grad,7,0.373314700
layer_sweep,L8,hybrid,default.qubit,4,8,2540,2665,0,param_grad_quantum,7,0.170000000
layer_sweep,L8,hybrid,default.qubit,4,8,2540,2665,0,param_grad_classical,7,0.203314700
layer_sweep,L4,hybrid,default.qubit,4,4,2540,2601,0,forward,7,0.029195600
layer_sweep,L4,hybrid,default.qubit,4,4,2540,2601,0,forward_quantum,7,0.028436000
layer_sweep,L4,hybrid,default.qubit,4,4,2540,2601,0,forward_classical,7,0.000759600
layer_sweep,L4,hybrid,default.qubit,4,4,2540,2601,0,first_grad,7,0.052628600
layer_sweep,L4,hybrid,default.qubit,4,4,2540,2601,0,first_grad_quantum,7,0.049154200
layer_sweep,L4,hybrid,default.qubit,4,4,2540,2601,0,first_grad_classical,7,0.003474400
layer_sweep,L4,hybrid,default.qubit,4,4,2540,2601,0,second_grad,7,0.101482900
layer_sweep,L4,hybrid,default.qubit,4,4,2540,2601,0,second_grad_quantum,7,0.066965800
layer_sweep,L4,hybrid,default.qubit,4,4,2540,2601,0,second_grad_classical,7,0.034517100
layer_sweep,L4,hybrid,default.qubit,4,4,2540,2601,0,param_grad,7,0.210059000
layer_sweep,L4,hybrid,default.qubit,4,4,2540,2601,0,param_grad_quantum,7,0.098607200
layer_sweep,L4,hybrid,default.qubit,4,4,2540,2601,0,param_grad_classical,7,0.111451800
layer_sweep,L1,hybrid,default.qubit,4,1,2540,2553,1,forward,7,0.011319200
layer_sweep,L1,hybrid,default.qubit,4,1,2540,2553,1,forward_quantum,7,0.010567600
layer_sweep,L1,hybrid,default.qubit,4,1,2540,2553,1,forward_classical,7,0.000751600
layer_sweep,L1,hybrid,default.qubit,4,1,2540,2553,1,first_grad,7,0.023074700
layer_sweep,L1,hybrid,default.qubit,4,1,2540,2553,1,first_grad_quantum,7,0.021130900
layer_sweep,L1,hybrid,default.qubit,4,1,2540,2553,1,first_grad_classical,7,0.001943800
layer_sweep,L1,hybrid,default.qubit,4,1,2540,2553,1,second_grad,7,0.046090600
layer_sweep,L1,hybrid,default.qubit,4,1,2540,2553,1,second_grad_quantum,7,0.030150500
layer_sweep,L1,hybrid,default.qubit,4,1,2540,2553,1,second_grad_classical,7,0.015940100
layer_sweep,L1,hybrid,default.qubit,4,1,2540,2553,1,param_grad,7,0.093816000
layer_sweep,L1,hybrid,default.qubit,4,1,2540,2553,1,param_grad_quantum,7,0.039591200
layer_sweep,L1,hybrid,default.qubit,4,1,2540,2553,1,param_grad_classical,7,0.054224800
layer_sweep,L8,hybrid,default.qubit,4,8,2540,2665,1,forward,8,0.048994500
layer_sweep,L8,hybrid,default.qubit,4,8,2540,2665,1,forward_quantum,8,0.048093300
layer_sweep,L8,hybrid,default.qubit,4,8,2540,2665,1,forward_classical,8,0.000901200
layer_sweep,L8,hybrid,default.qubit,4,8,2540,2665,1,first_grad,8,0.102426200
layer_sweep,L8,hybrid,default.qubit,4,8,2540,2665,1,first_grad_quantum,8,0.097361400
layer_sweep,L8,hybrid,default.qubit,4,8,2540,2665,1,first_grad_classical,8,0.005064800
layer_sweep,L8,hybrid,default.qubit,4,8,2540,2665,1,second_grad,8,0.185628700
layer_sweep,L8,hybrid,default.qubit,4,8,2540,2665,1,second_grad_quantum,8,0.124376700
layer_sweep,L8,hybrid,default.qubit,4,8,2540,2665,1,second_grad_classical,8,0.061252000
layer_sweep,L8,hybrid,default.qubit,4,8,2540,2665,1,param_grad,8,0.393371600
layer_sweep,L8,hybrid,default.qubit,4,8,2540,2665,1,param_grad_quantum,8,0.185684700
layer_sweep,L8,hybrid,default.qubit,4,8,2540,2665,1,param_grad_classical,8,0.207686900
layer_sweep,L1,hybrid,default.qubit,4,1,2540,2553,2,forward,8,0.011245500
layer_sweep,L1,hybrid,default.qubit,4,1,2540,2553,2,forward_quantum,8,0.010337200
layer_sweep,L1,hybrid,default.qubit,4,1,2540,2553,2,forward_classical,8,0.000908300
layer_sweep,L1,hybrid,default.qubit,4,1,2540,2553,2,first_grad,8,0.021173900
layer_sweep,L1,hybrid,default.qubit,4,1,2540,2553,2,first_grad_quantum,8,0.019059800
layer_sweep,L1,hybrid,default.qubit,4,1,2540,2553,2,first_grad_classical,8,0.002114100
layer_sweep,L1,hybrid,default.qubit,4,1,2540,2553,2,second_grad,8,0.044049600
layer_sweep,L1,hybrid,default.qubit,4,1,2540,2553,2,second_grad_quantum,8,0.030169800
layer_sweep,L1,hybrid,default.qubit,4,1,2540,2553,2,second_grad_classical,8,0.013879800
layer_sweep,L1,hybrid,default.qubit,4,1,2540,2553,2,param_grad,8,0.093856600
layer_sweep,L1,hybrid,default.qubit,4,1,2540,2553,2,param_grad_quantum,8,0.039175400
layer_sweep,L1,hybrid,default.qubit,4,1,2540,2553,2,param_grad_classical,8,0.054681200
layer_sweep,L4,hybrid,default.qubit,4,4,2540,2601,1,forward,8,0.028443400
layer_sweep,L4,hybrid,default.qubit,4,4,2540,2601,1,forward_quantum,8,0.027714400
layer_sweep,L4,hybrid,default.qubit,4,4,2540,2601,1,forward_classical,8,0.000729000
layer_sweep,L4,hybrid,default.qubit,4,4,2540,2601,1,first_grad,8,0.051037500
layer_sweep,L4,hybrid,default.qubit,4,4,2540,2601,1,first_grad_quantum,8,0.047938600
layer_sweep,L4,hybrid,default.qubit,4,4,2540,2601,1,first_grad_classical,8,0.003098900
layer_sweep,L4,hybrid,default.qubit,4,4,2540,2601,1,second_grad,8,0.105320100
layer_sweep,L4,hybrid,default.qubit,4,4,2540,2601,1,second_grad_quantum,8,0.072011900
layer_sweep,L4,hybrid,default.qubit,4,4,2540,2601,1,second_grad_classical,8,0.033308200
layer_sweep,L4,hybrid,default.qubit,4,4,2540,2601,1,param_grad,8,0.214707700
layer_sweep,L4,hybrid,default.qubit,4,4,2540,2601,1,param_grad_quantum,8,0.099205400
layer_sweep,L4,hybrid,default.qubit,4,4,2540,2601,1,param_grad_classical,8,0.115502300
layer_sweep,L2,hybrid,default.qubit,4,2,2540,2569,2,forward,8,0.016284100
layer_sweep,L2,hybrid,default.qubit,4,2,2540,2569,2,forward_quantum,8,0.015513800
layer_sweep,L2,hybrid,default.qubit,4,2,2540,2569,2,forward_classical,8,0.000770300
layer_sweep,L2,hybrid,default.qubit,4,2,2540,2569,2,first_grad,8,0.033364300
layer_sweep,L2,hybrid,default.qubit,4,2,2540,2569,2,first_grad_quantum,8,0.028568500
layer_sweep,L2,hybrid,default.qubit,4,2,2540,2569,2,first_grad_classical,8,0.004795800
layer_sweep,L2,hybrid,default.qubit,4,2,2540,2569,2,second_grad,8,0.065865300
layer_sweep,L2,hybrid,default.qubit,4,2,2540,2569,2,second_grad_quantum,8,0.042349600
layer_sweep,L2,hybrid,default.qubit,4,2,2540,2569,2,second_grad_classical,8,0.023515700
layer_sweep,L2,hybrid,default.qubit,4,2,2540,2569,2,param_grad,8,0.130388700
layer_sweep,L2,hybrid,default.qubit,4,2,2540,2569,2,param_grad_quantum,8,0.061075600
layer_sweep,L2,hybrid,default.qubit,4,2,2540,2569,2,param_grad_classical,8,0.069313100
layer_sweep,L8,hybrid,default.qubit,4,8,2540,2665,0,forward,8,0.048970100
layer_sweep,L8,hybrid,default.qubit,4,8,2540,2665,0,forward_quantum,8,0.048215300
layer_sweep,L8,hybrid,default.qubit,4,8,2540,2665,0,forward_classical,8,0.000754800
layer_sweep,L8,hybrid,default.qubit,4,8,2540,2665,0,first_grad,8,0.102495900
layer_sweep,L8,hybrid,default.qubit,4,8,2540,2665,0,first_grad_quantum,8,0.097170400
layer_sweep,L8,hybrid,default.qubit,4,8,2540,2665,0,first_grad_classical,8,0.005325500
layer_sweep,L8,hybrid,default.qubit,4,8,2540,2665,0,second_grad,8,0.178630700
layer_sweep,L8,hybrid,default.qubit,4,8,2540,2665,0,second_grad_quantum,8,0.121271600
layer_sweep,L8,hybrid,default.qubit,4,8,2540,2665,0,second_grad_classical,8,0.057359100
layer_sweep,L8,hybrid,default.qubit,4,8,2540,2665,0,param_grad,8,0.371425100
layer_sweep,L8,hybrid,default.qubit,4,8,2540,2665,0,param_grad_quantum,8,0.177806300
layer_sweep,L8,hybrid,default.qubit,4,8,2540,2665,0,param_grad_classical,8,0.193618800
layer_sweep,L1,hybrid,default.qubit,4,1,2540,2553,1,forward,8,0.010941800
layer_sweep,L1,hybrid,default.qubit,4,1,2540,2553,1,forward_quantum,8,0.010220300
layer_sweep,L1,hybrid,default.qubit,4,1,2540,2553,1,forward_classical,8,0.000721500
layer_sweep,L1,hybrid,default.qubit,4,1,2540,2553,1,first_grad,8,0.020313800
layer_sweep,L1,hybrid,default.qubit,4,1,2540,2553,1,first_grad_quantum,8,0.018273600
layer_sweep,L1,hybrid,default.qubit,4,1,2540,2553,1,first_grad_classical,8,0.002040200
layer_sweep,L1,hybrid,default.qubit,4,1,2540,2553,1,second_grad,8,0.039138800
layer_sweep,L1,hybrid,default.qubit,4,1,2540,2553,1,second_grad_quantum,8,0.026256900
layer_sweep,L1,hybrid,default.qubit,4,1,2540,2553,1,second_grad_classical,8,0.012881900
layer_sweep,L1,hybrid,default.qubit,4,1,2540,2553,1,param_grad,8,0.093822200
layer_sweep,L1,hybrid,default.qubit,4,1,2540,2553,1,param_grad_quantum,8,0.039421600
layer_sweep,L1,hybrid,default.qubit,4,1,2540,2553,1,param_grad_classical,8,0.054400600
layer_sweep,L2,hybrid,default.qubit,4,2,2540,2569,1,forward,8,0.016796200
layer_sweep,L2,hybrid,default.qubit,4,2,2540,2569,1,forward_quantum,8,0.015970300
layer_sweep,L2,hybrid,default.qubit,4,2,2540,2569,1,forward_classical,8,0.000825900
layer_sweep,L2,hybrid,default.qubit,4,2,2540,2569,1,first_grad,8,0.034253700
layer_sweep,L2,hybrid,default.qubit,4,2,2540,2569,1,first_grad_quantum,8,0.028773400
layer_sweep,L2,hybrid,default.qubit,4,2,2540,2569,1,first_grad_classical,8,0.005480300
layer_sweep,L2,hybrid,default.qubit,4,2,2540,2569,1,second_grad,8,0.066176900
layer_sweep,L2,hybrid,default.qubit,4,2,2540,2569,1,second_grad_quantum,8,0.042432700
layer_sweep,L2,hybrid,default.qubit,4,2,2540,2569,1,second_grad_classical,8,0.023744200
layer_sweep,L2,hybrid,default.qubit,4,2,2540,2569,1,param_grad,8,0.137173900
layer_sweep,L2,hybrid,default.qubit,4,2,2540,2569,1,param_grad_quantum,8,0.058774600
layer_sweep,L2,hybrid,default.qubit,4,2,2540,2569,1,param_grad_classical,8,0.078399300
layer_sweep,L2,hybrid,default.qubit,4,2,2540,2569,0,forward,8,0.017029900
layer_sweep,L2,hybrid,default.qubit,4,2,2540,2569,0,forward_quantum,8,0.016131500
layer_sweep,L2,hybrid,default.qubit,4,2,2540,2569,0,forward_classical,8,0.000898400
layer_sweep,L2,hybrid,default.qubit,4,2,2540,2569,0,first_grad,8,0.032636100
layer_sweep,L2,hybrid,default.qubit,4,2,2540,2569,0,first_grad_quantum,8,0.026881000
layer_sweep,L2,hybrid,default.qubit,4,2,2540,2569,0,first_grad_classical,8,0.005755100
layer_sweep,L2,hybrid,default.qubit,4,2,2540,2569,0,second_grad,8,0.069442800
layer_sweep,L2,hybrid,default.qubit,4,2,2540,2569,0,second_grad_quantum,8,0.045868700
layer_sweep,L2,hybrid,default.qubit,4,2,2540,2569,0,second_grad_classical,8,0.023574100
layer_sweep,L2,hybrid,default.qubit,4,2,2540,2569,0,param_grad,8,0.133748500
layer_sweep,L2,hybrid,default.qubit,4,2,2540,2569,0,param_grad_quantum,8,0.060988300
layer_sweep,L2,hybrid,default.qubit,4,2,2540,2569,0,param_grad_classical,8,0.072760200
layer_sweep,L1,hybrid,default.qubit,4,1,2540,2553,0,forward,8,0.011223600
layer_sweep,L1,hybrid,default.qubit,4,1,2540,2553,0,forward_quantum,8,0.010444300
layer_sweep,L1,hybrid,default.qubit,4,1,2540,2553,0,forward_classical,8,0.000779300
layer_sweep,L1,hybrid,default.qubit,4,1,2540,2553,0,first_grad,8,0.020744700
layer_sweep,L1,hybrid,default.qubit,4,1,2540,2553,0,first_grad_quantum,8,0.018801100
layer_sweep,L1,hybrid,default.qubit,4,1,2540,2553,0,first_grad_classical,8,0.001943600
layer_sweep,L1,hybrid,default.qubit,4,1,2540,2553,0,second_grad,8,0.043882500
layer_sweep,L1,hybrid,default.qubit,4,1,2540,2553,0,second_grad_quantum,8,0.028772000
layer_sweep,L1,hybrid,default.qubit,4,1,2540,2553,0,second_grad_classical,8,0.015110500
layer_sweep,L1,hybrid,default.qubit,4,1,2540,2553,0,param_grad,8,0.091371700
layer_sweep,L1,hybrid,default.qubit,4,1,2540,2553,0,param_grad_quantum,8,0.039399200
layer_sweep,L1,hybrid,default.qubit,4,1,2540,2553,0,param_grad_classical,8,0.051972500
layer_sweep,L8,hybrid,default.qubit,4,8,2540,2665,2,forward,8,0.048121400
layer_sweep,L8,hybrid,default.qubit,4,8,2540,2665,2,forward_quantum,8,0.047371000
layer_sweep,L8,hybrid,default.qubit,4,8,2540,2665,2,forward_classical,8,0.000750400
layer_sweep,L8,hybrid,default.qubit,4,8,2540,2665,2,first_grad,8,0.099082800
layer_sweep,L8,hybrid,default.qubit,4,8,2540,2665,2,first_grad_quantum,8,0.093587300
layer_sweep,L8,hybrid,default.qubit,4,8,2540,2665,2,first_grad_classical,8,0.005495500
layer_sweep,L8,hybrid,default.qubit,4,8,2540,2665,2,second_grad,8,0.176579000
layer_sweep,L8,hybrid,default.qubit,4,8,2540,2665,2,second_grad_quantum,8,0.120203000
layer_sweep,L8,hybrid,default.qubit,4,8,2540,2665,2,second_grad_classical,8,0.056376000
layer_sweep,L8,hybrid,default.qubit,4,8,2540,2665,2,param_grad,8,0.380711500
layer_sweep,L8,hybrid,default.qubit,4,8,2540,2665,2,param_grad_quantum,8,0.182623100
layer_sweep,L8,hybrid,default.qubit,4,8,2540,2665,2,param_grad_classical,8,0.198088400
layer_sweep,L4,hybrid,default.qubit,4,4,2540,2601,0,forward,8,0.027295700
layer_sweep,L4,hybrid,default.qubit,4,4,2540,2601,0,forward_quantum,8,0.026591500
layer_sweep,L4,hybrid,default.qubit,4,4,2540,2601,0,forward_classical,8,0.000704200
layer_sweep,L4,hybrid,default.qubit,4,4,2540,2601,0,first_grad,8,0.049017900
layer_sweep,L4,hybrid,default.qubit,4,4,2540,2601,0,first_grad_quantum,8,0.045764700
layer_sweep,L4,hybrid,default.qubit,4,4,2540,2601,0,first_grad_classical,8,0.003253200
layer_sweep,L4,hybrid,default.qubit,4,4,2540,2601,0,second_grad,8,0.097597100
layer_sweep,L4,hybrid,default.qubit,4,4,2540,2601,0,second_grad_quantum,8,0.065053600
layer_sweep,L4,hybrid,default.qubit,4,4,2540,2601,0,second_grad_classical,8,0.032543500
layer_sweep,L4,hybrid,default.qubit,4,4,2540,2601,0,param_grad,8,0.221480600
layer_sweep,L4,hybrid,default.qubit,4,4,2540,2601,0,param_grad_quantum,8,0.101296000
layer_sweep,L4,hybrid,default.qubit,4,4,2540,2601,0,param_grad_classical,8,0.120184600
layer_sweep,L4,hybrid,default.qubit,4,4,2540,2601,2,forward,8,0.026342600
layer_sweep,L4,hybrid,default.qubit,4,4,2540,2601,2,forward_quantum,8,0.025641500
layer_sweep,L4,hybrid,default.qubit,4,4,2540,2601,2,forward_classical,8,0.000701100
layer_sweep,L4,hybrid,default.qubit,4,4,2540,2601,2,first_grad,8,0.050422500
layer_sweep,L4,hybrid,default.qubit,4,4,2540,2601,2,first_grad_quantum,8,0.047395000
layer_sweep,L4,hybrid,default.qubit,4,4,2540,2601,2,first_grad_classical,8,0.003027500
layer_sweep,L4,hybrid,default.qubit,4,4,2540,2601,2,second_grad,8,0.104455300
layer_sweep,L4,hybrid,default.qubit,4,4,2540,2601,2,second_grad_quantum,8,0.069573600
layer_sweep,L4,hybrid,default.qubit,4,4,2540,2601,2,second_grad_classical,8,0.034881700
layer_sweep,L4,hybrid,default.qubit,4,4,2540,2601,2,param_grad,8,0.234700400
layer_sweep,L4,hybrid,default.qubit,4,4,2540,2601,2,param_grad_quantum,8,0.112302400
layer_sweep,L4,hybrid,default.qubit,4,4,2540,2601,2,param_grad_classical,8,0.122398000
layer_sweep,L8,hybrid,default.qubit,4,8,2540,2665,1,forward,9,0.048381700
layer_sweep,L8,hybrid,default.qubit,4,8,2540,2665,1,forward_quantum,9,0.047622600
layer_sweep,L8,hybrid,default.qubit,4,8,2540,2665,1,forward_classical,9,0.000759100
layer_sweep,L8,hybrid,default.qubit,4,8,2540,2665,1,first_grad,9,0.113582900
layer_sweep,L8,hybrid,default.qubit,4,8,2540,2665,1,first_grad_quantum,9,0.107420900
layer_sweep,L8,hybrid,default.qubit,4,8,2540,2665,1,first_grad_classical,9,0.006162000
layer_sweep,L8,hybrid,default.qubit,4,8,2540,2665,1,second_grad,9,0.180334500
layer_sweep,L8,hybrid,default.qubit,4,8,2540,2665,1,second_grad_quantum,9,0.120475700
layer_sweep,L8,hybrid,default.qubit,4,8,2540,2665,1,second_grad_classical,9,0.059858800
layer_sweep,L8,hybrid,default.qubit,4,8,2540,2665,1,param_grad,9,0.396930900
layer_sweep,L8,hybrid,default.qubit,4,8,2540,2665,1,param_grad_quantum,9,0.186945500
layer_sweep,L8,hybrid,default.qubit,4,8,2540,2665,1,param_grad_classical,9,0.209985400
layer_sweep,L2,hybrid,default.qubit,4,2,2540,2569,1,forward,9,0.016730100
layer_sweep,L2,hybrid,default.qubit,4,2,2540,2569,1,forward_quantum,9,0.015887300
layer_sweep,L2,hybrid,default.qubit,4,2,2540,2569,1,forward_classical,9,0.000842800
layer_sweep,L2,hybrid,default.qubit,4,2,2540,2569,1,first_grad,9,0.032719100
layer_sweep,L2,hybrid,default.qubit,4,2,2540,2569,1,first_grad_quantum,9,0.028639800
layer_sweep,L2,hybrid,default.qubit,4,2,2540,2569,1,first_grad_classical,9,0.004079300
layer_sweep,L2,hybrid,default.qubit,4,2,2540,2569,1,second_grad,9,0.067899100
layer_sweep,L2,hybrid,default.qubit,4,2,2540,2569,1,second_grad_quantum,9,0.044231100
layer_sweep,L2,hybrid,default.qubit,4,2,2540,2569,1,second_grad_classical,9,0.023668000
layer_sweep,L2,hybrid,default.qubit,4,2,2540,2569,1,param_grad,9,0.137940700
layer_sweep,L2,hybrid,default.qubit,4,2,2540,2569,1,param_grad_quantum,9,0.060286300
layer_sweep,L2,hybrid,default.qubit,4,2,2540,2569,1,param_grad_classical,9,0.077654400
layer_sweep,L2,hybrid,default.qubit,4,2,2540,2569,0,forward,9,0.016486500
layer_sweep,L2,hybrid,default.qubit,4,2,2540,2569,0,forward_quantum,9,0.015700300
layer_sweep,L2,hybrid,default.qubit,4,2,2540,2569,0,forward_classical,9,0.000786200
layer_sweep,L2,hybrid,default.qubit,4,2,2540,2569,0,first_grad,9,0.033696100
layer_sweep,L2,hybrid,default.qubit,4,2,2540,2569,0,first_grad_quantum,9,0.028663200
layer_sweep,L2,hybrid,default.qubit,4,2,2540,2569,0,first_grad_classical,9,0.005032900
layer_sweep,L2,hybrid,default.qubit,4,2,2540,2569,0,second_grad,9,0.069276200
layer_sweep,L2,hybrid,default.qubit,4,2,2540,2569,0,second_grad_quantum,9,0.045332300
layer_sweep,L2,hybrid,default.qubit,4,2,2540,2569,0,second_grad_classical,9,0.023943900
layer_sweep,L2,hybrid,default.qubit,4,2,2540,2569,0,param_grad,9,0.136656500
layer_sweep,L2,hybrid,default.qubit,4,2,2540,2569,0,param_grad_quantum,9,0.062091500
layer_sweep,L2,hybrid,default.qubit,4,2,2540,2569,0,param_grad_classical,9,0.074565000
layer_sweep,L1,hybrid,default.qubit,4,1,2540,2553,0,forward,9,0.011103500
layer_sweep,L1,hybrid,default.qubit,4,1,2540,2553,0,forward_quantum,9,0.010317300
layer_sweep,L1,hybrid,default.qubit,4,1,2540,2553,0,forward_classical,9,0.000786200
layer_sweep,L1,hybrid,default.qubit,4,1,2540,2553,0,first_grad,9,0.023174400
layer_sweep,L1,hybrid,default.qubit,4,1,2540,2553,0,first_grad_quantum,9,0.021036600
layer_sweep,L1,hybrid,default.qubit,4,1,2540,2553,0,first_grad_classical,9,0.002137800
layer_sweep,L1,hybrid,default.qubit,4,1,2540,2553,0,second_grad,9,0.042093700
layer_sweep,L1,hybrid,default.qubit,4,1,2540,2553,0,second_grad_quantum,9,0.027928800
layer_sweep,L1,hybrid,default.qubit,4,1,2540,2553,0,second_grad_classical,9,0.014164900
layer_sweep,L1,hybrid,default.qubit,4,1,2540,2553,0,param_grad,9,0.091102500
layer_sweep,L1,hybrid,default.qubit,4,1,2540,2553,0,param_grad_quantum,9,0.039021300
layer_sweep,L1,hybrid,default.qubit,4,1,2540,2553,0,param_grad_classical,9,0.052081200
layer_sweep,L4,hybrid,default.qubit,4,4,2540,2601,0,forward,9,0.027156500
layer_sweep,L4,hybrid,default.qubit,4,4,2540,2601,0,forward_quantum,9,0.026376900
layer_sweep,L4,hybrid,default.qubit,4,4,2540,2601,0,forward_classical,9,0.000779600
layer_sweep,L4,hybrid,default.qubit,4,4,2540,2601,0,first_grad,9,0.053653500
layer_sweep,L4,hybrid,default.qubit,4,4,2540,2601,0,first_grad_quantum,9,0.050266800
layer_sweep,L4,hybrid,default.qubit,4,4,2540,2601,0,first_grad_classical,9,0.003386700
layer_sweep,L4,hybrid,default.qubit,4,4,2540,2601,0,second_grad,9,0.101339600
layer_sweep,L4,hybrid,default.qubit,4,4,2540,2601,0,second_grad_quantum,9,0.067244500
layer_sweep,L4,hybrid,default.qubit,4,4,2540,2601,0,second_grad_classical,9,0.034095100
layer_sweep,L4,hybrid,default.qubit,4,4,2540,2601,0,param_grad,9,0.217464400
layer_sweep,L4,hybrid,default.qubit,4,4,2540,2601,0,param_grad_quantum,9,0.099499400
layer_sweep,L4,hybrid,default.qubit,4,4,2540,2601,0,param_grad_classical,9,0.117965000
layer_sweep,L1,hybrid,default.qubit,4,1,2540,2553,2,forward,9,0.011258200
layer_sweep,L1,hybrid,default.qubit,4,1,2540,2553,2,forward_quantum,9,0.010456900
layer_sweep,L1,hybrid,default.qubit,4,1,2540,2553,2,forward_classical,9,0.000801300
layer_sweep,L1,hybrid,default.qubit,4,1,2540,2553,2,first_grad,9,0.020361300
layer_sweep,L1,hybrid,default.qubit,4,1,2540,2553,2,first_grad_quantum,9,0.018402000
layer_sweep,L1,hybrid,default.qubit,4,1,2540,2553,2,first_grad_classical,9,0.001959300
layer_sweep,L1,hybrid,default.qubit,4,1,2540,2553,2,second_grad,9,0.042006700
layer_sweep,L1,hybrid,default.qubit,4,1,2540,2553,2,second_grad_quantum,9,0.027275500
layer_sweep,L1,hybrid,default.qubit,4,1,2540,2553,2,second_grad_classical,9,0.014731200
layer_sweep,L1,hybrid,default.qubit,4,1,2540,2553,2,param_grad,9,0.089502400
layer_sweep,L1,hybrid,default.qubit,4,1,2540,2553,2,param_grad_quantum,9,0.039575700
layer_sweep,L1,hybrid,default.qubit,4,1,2540,2553,2,param_grad_classical,9,0.049926700
layer_sweep,L8,hybrid,default.qubit,4,8,2540,2665,2,forward,9,0.049613300
layer_sweep,L8,hybrid,default.qubit,4,8,2540,2665,2,forward_quantum,9,0.048833500
layer_sweep,L8,hybrid,default.qubit,4,8,2540,2665,2,forward_classical,9,0.000779800
layer_sweep,L8,hybrid,default.qubit,4,8,2540,2665,2,first_grad,9,0.101748400
layer_sweep,L8,hybrid,default.qubit,4,8,2540,2665,2,first_grad_quantum,9,0.096379800
layer_sweep,L8,hybrid,default.qubit,4,8,2540,2665,2,first_grad_classical,9,0.005368600
layer_sweep,L8,hybrid,default.qubit,4,8,2540,2665,2,second_grad,9,0.179655100
layer_sweep,L8,hybrid,default.qubit,4,8,2540,2665,2,second_grad_quantum,9,0.123688100
layer_sweep,L8,hybrid,default.qubit,4,8,2540,2665,2,second_grad_classical,9,0.055967000
layer_sweep,L8,hybrid,default.qubit,4,8,2540,2665,2,param_grad,9,0.388571600
layer_sweep,L8,hybrid,default.qubit,4,8,2540,2665,2,param_grad_quantum,9,0.178459100
layer_sweep,L8,hybrid,default.qubit,4,8,2540,2665,2,param_grad_classical,9,0.210112500
layer_sweep,L1,hybrid,default.qubit,4,1,2540,2553,1,forward,9,0.011749800
layer_sweep,L1,hybrid,default.qubit,4,1,2540,2553,1,forward_quantum,9,0.010884700
layer_sweep,L1,hybrid,default.qubit,4,1,2540,2553,1,forward_classical,9,0.000865100
layer_sweep,L1,hybrid,default.qubit,4,1,2540,2553,1,first_grad,9,0.023020600
layer_sweep,L1,hybrid,default.qubit,4,1,2540,2553,1,first_grad_quantum,9,0.020859700
layer_sweep,L1,hybrid,default.qubit,4,1,2540,2553,1,first_grad_classical,9,0.002160900
layer_sweep,L1,hybrid,default.qubit,4,1,2540,2553,1,second_grad,9,0.046658700
layer_sweep,L1,hybrid,default.qubit,4,1,2540,2553,1,second_grad_quantum,9,0.031949900
layer_sweep,L1,hybrid,default.qubit,4,1,2540,2553,1,second_grad_classical,9,0.014708800
layer_sweep,L1,hybrid,default.qubit,4,1,2540,2553,1,param_grad,9,0.093344400
layer_sweep,L1,hybrid,default.qubit,4,1,2540,2553,1,param_grad_quantum,9,0.040803800
layer_sweep,L1,hybrid,default.qubit,4,1,2540,2553,1,param_grad_classical,9,0.052540600
layer_sweep,L4,hybrid,default.qubit,4,4,2540,2601,1,forward,9,0.028046300
layer_sweep,L4,hybrid,default.qubit,4,4,2540,2601,1,forward_quantum,9,0.027119400
layer_sweep,L4,hybrid,default.qubit,4,4,2540,2601,1,forward_classical,9,0.000926900
layer_sweep,L4,hybrid,default.qubit,4,4,2540,2601,1,first_grad,9,0.052236400
layer_sweep,L4,hybrid,default.qubit,4,4,2540,2601,1,first_grad_quantum,9,0.048557900
layer_sweep,L4,hybrid,default.qubit,4,4,2540,2601,1,first_grad_classical,9,0.003678500
layer_sweep,L4,hybrid,default.qubit,4,4,2540,2601,1,second_grad,9,0.103469500
layer_sweep,L4,hybrid,default.qubit,4,4,2540,2601,1,second_grad_quantum,9,0.067743000
layer_sweep,L4,hybrid,default.qubit,4,4,2540,2601,1,second_grad_classical,9,0.035726500
layer_sweep,L4,hybrid,default.qubit,4,4,2540,2601,1,param_grad,9,0.226885000
layer_sweep,L4,hybrid,default.qubit,4,4,2540,2601,1,param_grad_quantum,9,0.106517400
layer_sweep,L4,hybrid,default.qubit,4,4,2540,2601,1,param_grad_classical,9,0.120367600
layer_sweep,L2,hybrid,default.qubit,4,2,2540,2569,2,forward,9,0.016822100
layer_sweep,L2,hybrid,default.qubit,4,2,2540,2569,2,forward_quantum,9,0.016059400
layer_sweep,L2,hybrid,default.qubit,4,2,2540,2569,2,forward_classical,9,0.000762700
layer_sweep,L2,hybrid,default.qubit,4,2,2540,2569,2,first_grad,9,0.035587300
layer_sweep,L2,hybrid,default.qubit,4,2,2540,2569,2,first_grad_quantum,9,0.030889800
layer_sweep,L2,hybrid,default.qubit,4,2,2540,2569,2,first_grad_classical,9,0.004697500
layer_sweep,L2,hybrid,default.qubit,4,2,2540,2569,2,second_grad,9,0.068270300
layer_sweep,L2,hybrid,default.qubit,4,2,2540,2569,2,second_grad_quantum,9,0.045113800
layer_sweep,L2,hybrid,default.qubit,4,2,2540,2569,2,second_grad_classical,9,0.023156500
layer_sweep,L2,hybrid,default.qubit,4,2,2540,2569,2,param_grad,9,0.135846400
layer_sweep,L2,hybrid,default.qubit,4,2,2540,2569,2,param_grad_quantum,9,0.061862600
layer_sweep,L2,hybrid,default.qubit,4,2,2540,2569,2,param_grad_classical,9,0.073983800
layer_sweep,L4,hybrid,default.qubit,4,4,2540,2601,2,forward,9,0.028156800
layer_sweep,L4,hybrid,default.qubit,4,4,2540,2601,2,forward_quantum,9,0.027385800
layer_sweep,L4,hybrid,default.qubit,4,4,2540,2601,2,forward_classical,9,0.000771000
layer_sweep,L4,hybrid,default.qubit,4,4,2540,2601,2,first_grad,9,0.057180900
layer_sweep,L4,hybrid,default.qubit,4,4,2540,2601,2,first_grad_quantum,9,0.052655700
layer_sweep,L4,hybrid,default.qubit,4,4,2540,2601,2,first_grad_classical,9,0.004525200
layer_sweep,L4,hybrid,default.qubit,4,4,2540,2601,2,second_grad,9,0.107272200
layer_sweep,L4,hybrid,default.qubit,4,4,2540,2601,2,second_grad_quantum,9,0.070823200
layer_sweep,L4,hybrid,default.qubit,4,4,2540,2601,2,second_grad_classical,9,0.036449000
layer_sweep,L4,hybrid,default.qubit,4,4,2540,2601,2,param_grad,9,0.212531400
layer_sweep,L4,hybrid,default.qubit,4,4,2540,2601,2,param_grad_quantum,9,0.098062800
layer_sweep,L4,hybrid,default.qubit,4,4,2540,2601,2,param_grad_classical,9,0.114468600
layer_sweep,L8,hybrid,default.qubit,4,8,2540,2665,0,forward,9,0.044108200
layer_sweep,L8,hybrid,default.qubit,4,8,2540,2665,0,forward_quantum,9,0.043390100
layer_sweep,L8,hybrid,default.qubit,4,8,2540,2665,0,forward_classical,9,0.000718100
layer_sweep,L8,hybrid,default.qubit,4,8,2540,2665,0,first_grad,9,0.104782900
layer_sweep,L8,hybrid,default.qubit,4,8,2540,2665,0,first_grad_quantum,9,0.099654700
layer_sweep,L8,hybrid,default.qubit,4,8,2540,2665,0,first_grad_classical,9,0.005128200
layer_sweep,L8,hybrid,default.qubit,4,8,2540,2665,0,second_grad,9,0.174028600
layer_sweep,L8,hybrid,default.qubit,4,8,2540,2665,0,second_grad_quantum,9,0.113823000
layer_sweep,L8,hybrid,default.qubit,4,8,2540,2665,0,second_grad_classical,9,0.060205600
layer_sweep,L8,hybrid,default.qubit,4,8,2540,2665,0,param_grad,9,0.387376500
layer_sweep,L8,hybrid,default.qubit,4,8,2540,2665,0,param_grad_quantum,9,0.183122000
layer_sweep,L8,hybrid,default.qubit,4,8,2540,2665,0,param_grad_classical,9,0.204254500
layer_sweep,L2,hybrid,default.qubit,4,2,2540,2569,0,forward,10,0.017438200
layer_sweep,L2,hybrid,default.qubit,4,2,2540,2569,0,forward_quantum,10,0.016604200
layer_sweep,L2,hybrid,default.qubit,4,2,2540,2569,0,forward_classical,10,0.000834000
layer_sweep,L2,hybrid,default.qubit,4,2,2540,2569,0,first_grad,10,0.035834700
layer_sweep,L2,hybrid,default.qubit,4,2,2540,2569,0,first_grad_quantum,10,0.031710200
layer_sweep,L2,hybrid,default.qubit,4,2,2540,2569,0,first_grad_classical,10,0.004124500
layer_sweep,L2,hybrid,default.qubit,4,2,2540,2569,0,second_grad,10,0.066250200
layer_sweep,L2,hybrid,default.qubit,4,2,2540,2569,0,second_grad_quantum,10,0.043989500
layer_sweep,L2,hybrid,default.qubit,4,2,2540,2569,0,second_grad_classical,10,0.022260700
layer_sweep,L2,hybrid,default.qubit,4,2,2540,2569,0,param_grad,10,0.137782400
layer_sweep,L2,hybrid,default.qubit,4,2,2540,2569,0,param_grad_quantum,10,0.059254500
layer_sweep,L2,hybrid,default.qubit,4,2,2540,2569,0,param_grad_classical,10,0.078527900
layer_sweep,L8,hybrid,default.qubit,4,8,2540,2665,2,forward,10,0.051234600
layer_sweep,L8,hybrid,default.qubit,4,8,2540,2665,2,forward_quantum,10,0.050478300
layer_sweep,L8,hybrid,default.qubit,4,8,2540,2665,2,forward_classical,10,0.000756300
layer_sweep,L8,hybrid,default.qubit,4,8,2540,2665,2,first_grad,10,0.098222600
layer_sweep,L8,hybrid,default.qubit,4,8,2540,2665,2,first_grad_quantum,10,0.093171300
layer_sweep,L8,hybrid,default.qubit,4,8,2540,2665,2,first_grad_classical,10,0.005051300
layer_sweep,L8,hybrid,default.qubit,4,8,2540,2665,2,second_grad,10,0.184925500
layer_sweep,L8,hybrid,default.qubit,4,8,2540,2665,2,second_grad_quantum,10,0.125975000
layer_sweep,L8,hybrid,default.qubit,4,8,2540,2665,2,second_grad_classical,10,0.058950500
layer_sweep,L8,hybrid,default.qubit,4,8,2540,2665,2,param_grad,10,0.393238300
layer_sweep,L8,hybrid,default.qubit,4,8,2540,2665,2,param_grad_quantum,10,0.184759500
layer_sweep,L8,hybrid,default.qubit,4,8,2540,2665,2,param_grad_classical,10,0.208478800
layer_sweep,L1,hybrid,default.qubit,4,1,2540,2553,1,forward,10,0.011592500
layer_sweep,L1,hybrid,default.qubit,4,1,2540,2553,1,forward_quantum,10,0.010798900
layer_sweep,L1,hybrid,default.qubit,4,1,2540,2553,1,forward_classical,10,0.000793600
layer_sweep,L1,hybrid,default.qubit,4,1,2540,2553,1,first_grad,10,0.020232900
layer_sweep,L1,hybrid,default.qubit,4,1,2540,2553,1,first_grad_quantum,10,0.018131300
layer_sweep,L1,hybrid,default.qubit,4,1,2540,2553,1,first_grad_classical,10,0.002101600
layer_sweep,L1,hybrid,default.qubit,4,1,2540,2553,1,second_grad,10,0.044653400
layer_sweep,L1,hybrid,default.qubit,4,1,2540,2553,1,second_grad_quantum,10,0.030380800
layer_sweep,L1,hybrid,default.qubit,4,1,2540,2553,1,second_grad_classical,10,0.014272600
layer_sweep,L1,hybrid,default.qubit,4,1,2540,2553,1,param_grad,10,0.097628700
layer_sweep,L1,hybrid,default.qubit,4,1,2540,2553,1,param_grad_quantum,10,0.040598600
layer_sweep,L1,hybrid,default.qubit,4,1,2540,2553,1,param_grad_classical,10,0.057030100
layer_sweep,L4,hybrid,default.qubit,4,4,2540,2601,1,forward,10,0.029933100
layer_sweep,L4,hybrid,default.qubit,4,4,2540,2601,1,forward_quantum,10,0.029172300
layer_sweep,L4,hybrid,default.qubit,4,4,2540,2601,1,forward_classical,10,0.000760800
layer_sweep,L4,hybrid,default.qubit,4,4,2540,2601,1,first_grad,10,0.056458900
layer_sweep,L4,hybrid,default.qubit,4,4,2540,2601,1,first_grad_quantum,10,0.053073500
layer_sweep,L4,hybrid,default.qubit,4,4,2540,2601,1,first_grad_classical,10,0.003385400
layer_sweep,L4,hybrid,default.qubit,4,4,2540,2601,1,second_grad,10,0.103685100
layer_sweep,L4,hybrid,default.qubit,4,4,2540,2601,1,second_grad_quantum,10,0.068384800
layer_sweep,L4,hybrid,default.qubit,4,4,2540,2601,1,second_grad_classical,10,0.035300300
layer_sweep,L4,hybrid,default.qubit,4,4,2540,2601,1,param_grad,10,0.213101000
layer_sweep,L4,hybrid,default.qubit,4,4,2540,2601,1,param_grad_quantum,10,0.100989000
layer_sweep,L4,hybrid,default.qubit,4,4,2540,2601,1,param_grad_classical,10,0.112112000
layer_sweep,L4,hybrid,default.qubit,4,4,2540,2601,0,forward,10,0.025309900
layer_sweep,L4,hybrid,default.qubit,4,4,2540,2601,0,forward_quantum,10,0.024543400
layer_sweep,L4,hybrid,default.qubit,4,4,2540,2601,0,forward_classical,10,0.000766500
layer_sweep,L4,hybrid,default.qubit,4,4,2540,2601,0,first_grad,10,0.053985000
layer_sweep,L4,hybrid,default.qubit,4,4,2540,2601,0,first_grad_quantum,10,0.050486400
layer_sweep,L4,hybrid,default.qubit,4,4,2540,2601,0,first_grad_classical,10,0.003498600
layer_sweep,L4,hybrid,default.qubit,4,4,2540,2601,0,second_grad,10,0.104077900
layer_sweep,L4,hybrid,default.qubit,4,4,2540,2601,0,second_grad_quantum,10,0.072634300
layer_sweep,L4,hybrid,default.qubit,4,4,2540,2601,0,second_grad_classical,10,0.031443600
layer_sweep,L4,hybrid,default.qubit,4,4,2540,2601,0,param_grad,10,0.213412200
layer_sweep,L4,hybrid,default.qubit,4,4,2540,2601,0,param_grad_quantum,10,0.100448200
layer_sweep,L4,hybrid,default.qubit,4,4,2540,2601,0,param_grad_classical,10,0.112964000
layer_sweep,L4,hybrid,default.qubit,4,4,2540,2601,2,forward,10,0.025632300
layer_sweep,L4,hybrid,default.qubit,4,4,2540,2601,2,forward_quantum,10,0.024897900
layer_sweep,L4,hybrid,default.qubit,4,4,2540,2601,2,forward_classical,10,0.000734400
layer_sweep,L4,hybrid,default.qubit,4,4,2540,2601,2,first_grad,10,0.057667600
layer_sweep,L4,hybrid,default.qubit,4,4,2540,2601,2,first_grad_quantum,10,0.054117700
layer_sweep,L4,hybrid,default.qubit,4,4,2540,2601,2,first_grad_classical,10,0.003549900
layer_sweep,L4,hybrid,default.qubit,4,4,2540,2601,2,second_grad,10,0.110781600
layer_sweep,L4,hybrid,default.qubit,4,4,2540,2601,2,second_grad_quantum,10,0.074717800
layer_sweep,L4,hybrid,default.qubit,4,4,2540,2601,2,second_grad_classical,10,0.036063800
layer_sweep,L4,hybrid,default.qubit,4,4,2540,2601,2,param_grad,10,0.219461300
layer_sweep,L4,hybrid,default.qubit,4,4,2540,2601,2,param_grad_quantum,10,0.101280100
layer_sweep,L4,hybrid,default.qubit,4,4,2540,2601,2,param_grad_classical,10,0.118181200
layer_sweep,L1,hybrid,default.qubit,4,1,2540,2553,0,forward,10,0.011595700
layer_sweep,L1,hybrid,default.qubit,4,1,2540,2553,0,forward_quantum,10,0.010753000
layer_sweep,L1,hybrid,default.qubit,4,1,2540,2553,0,forward_classical,10,0.000842700
layer_sweep,L1,hybrid,default.qubit,4,1,2540,2553,0,first_grad,10,0.021736100
layer_sweep,L1,hybrid,default.qubit,4,1,2540,2553,0,first_grad_quantum,10,0.019900700
layer_sweep,L1,hybrid,default.qubit,4,1,2540,2553,0,first_grad_classical,10,0.001835400
layer_sweep,L1,hybrid,default.qubit,4,1,2540,2553,0,second_grad,10,0.049368100
layer_sweep,L1,hybrid,default.qubit,4,1,2540,2553,0,second_grad_quantum,10,0.029770200
layer_sweep,L1,hybrid,default.qubit,4,1,2540,2553,0,second_grad_classical,10,0.019597900
layer_sweep,L1,hybrid,default.qubit,4,1,2540,2553,0,param_grad,10,0.096062900
layer_sweep,L1,hybrid,default.qubit,4,1,2540,2553,0,param_grad_quantum,10,0.042986900
layer_sweep,L1,hybrid,default.qubit,4,1,2540,2553,0,param_grad_classical,10,0.053076000
layer_sweep,L1,hybrid,default.qubit,4,1,2540,2553,2,forward,10,0.010512000
layer_sweep,L1,hybrid,default.qubit,4,1,2540,2553,2,forward_quantum,10,0.009724400
layer_sweep,L1,hybrid,default.qubit,4,1,2540,2553,2,forward_classical,10,0.000787600
layer_sweep,L1,hybrid,default.qubit,4,1,2540,2553,2,first_grad,10,0.021404600
layer_sweep,L1,hybrid,default.qubit,4,1,2540,2553,2,first_grad_quantum,10,0.019292300
layer_sweep,L1,hybrid,default.qubit,4,1,2540,2553,2,first_grad_classical,10,0.002112300
layer_sweep,L1,hybrid,default.qubit,4,1,2540,2553,2,second_grad,10,0.046348400
layer_sweep,L1,hybrid,default.qubit,4,1,2540,2553,2,second_grad_quantum,10,0.029021600
layer_sweep,L1,hybrid,default.qubit,4,1,2540,2553,2,second_grad_classical,10,0.017326800
layer_sweep,L1,hybrid,default.qubit,4,1,2540,2553,2,param_grad,10,0.094936400
layer_sweep,L1,hybrid,default.qubit,4,1,2540,2553,2,param_grad_quantum,10,0.039182300
layer_sweep,L1,hybrid,default.qubit,4,1,2540,2553,2,param_grad_classical,10,0.055754100
layer_sweep,L8,hybrid,default.qubit,4,8,2540,2665,0,forward,10,0.048014100
layer_sweep,L8,hybrid,default.qubit,4,8,2540,2665,0,forward_quantum,10,0.047211500
layer_sweep,L8,hybrid,default.qubit,4,8,2540,2665,0,forward_classical,10,0.000802600
layer_sweep,L8,hybrid,default.qubit,4,8,2540,2665,0,first_grad,10,0.105802500
layer_sweep,L8,hybrid,default.qubit,4,8,2540,2665,0,first_grad_quantum,10,0.100378200
layer_sweep,L8,hybrid,default.qubit,4,8,2540,2665,0,first_grad_classical,10,0.005424300
layer_sweep,L8,hybrid,default.qubit,4,8,2540,2665,0,second_grad,10,0.187471100
layer_sweep,L8,hybrid,default.qubit,4,8,2540,2665,0,second_grad_quantum,10,0.126846000
layer_sweep,L8,hybrid,default.qubit,4,8,2540,2665,0,second_grad_classical,10,0.060625100
layer_sweep,L8,hybrid,default.qubit,4,8,2540,2665,0,param_grad,10,0.390674200
layer_sweep,L8,hybrid,default.qubit,4,8,2540,2665,0,param_grad_quantum,10,0.190822600
layer_sweep,L8,hybrid,default.qubit,4,8,2540,2665,0,param_grad_classical,10,0.199851600
layer_sweep,L2,hybrid,default.qubit,4,2,2540,2569,1,forward,10,0.016646500
layer_sweep,L2,hybrid,default.qubit,4,2,2540,2569,1,forward_quantum,10,0.015879300
layer_sweep,L2,hybrid,default.qubit,4,2,2540,2569,1,forward_classical,10,0.000767200
layer_sweep,L2,hybrid,default.qubit,4,2,2540,2569,1,first_grad,10,0.031363500
layer_sweep,L2,hybrid,default.qubit,4,2,2540,2569,1,first_grad_quantum,10,0.027306900
layer_sweep,L2,hybrid,default.qubit,4,2,2540,2569,1,first_grad_classical,10,0.004056600
layer_sweep,L2,hybrid,default.qubit,4,2,2540,2569,1,second_grad,10,0.070180400
layer_sweep,L2,hybrid,default.qubit,4,2,2540,2569,1,second_grad_quantum,10,0.044510600
layer_sweep,L2,hybrid,default.qubit,4,2,2540,2569,1,second_grad_classical,10,0.025669800
layer_sweep,L2,hybrid,default.qubit,4,2,2540,2569,1,param_grad,10,0.139474100
layer_sweep,L2,hybrid,default.qubit,4,2,2540,2569,1,param_grad_quantum,10,0.060078500
layer_sweep,L2,hybrid,default.qubit,4,2,2540,2569,1,param_grad_classical,10,0.079395600
layer_sweep,L2,hybrid,default.qubit,4,2,2540,2569,2,forward,10,0.016401900
layer_sweep,L2,hybrid,default.qubit,4,2,2540,2569,2,forward_quantum,10,0.015679500
layer_sweep,L2,hybrid,default.qubit,4,2,2540,2569,2,forward_classical,10,0.000722400
layer_sweep,L2,hybrid,default.qubit,4,2,2540,2569,2,first_grad,10,0.036257000
layer_sweep,L2,hybrid,default.qubit,4,2,2540,2569,2,first_grad_quantum,10,0.028502200
layer_sweep,L2,hybrid,default.qubit,4,2,2540,2569,2,first_grad_classical,10,0.007754800
layer_sweep,L2,hybrid,default.qubit,4,2,2540,2569,2,second_grad,10,0.069492100
layer_sweep,L2,hybrid,default.qubit,4,2,2540,2569,2,second_grad_quantum,10,0.046094500
layer_sweep,L2,hybrid,default.qubit,4,2,2540,2569,2,second_grad_classical,10,0.023397600
layer_sweep,L2,hybrid,default.qubit,4,2,2540,2569,2,param_grad,10,0.126568700
layer_sweep,L2,hybrid,default.qubit,4,2,2540,2569,2,param_grad_quantum,10,0.059050800
layer_sweep,L2,hybrid,default.qubit,4,2,2540,2569,2,param_grad_classical,10,0.067517900
layer_sweep,L8,hybrid,default.qubit,4,8,2540,2665,1,forward,10,0.044066400
layer_sweep,L8,hybrid,default.qubit,4,8,2540,2665,1,forward_quantum,10,0.043366100
layer_sweep,L8,hybrid,default.qubit,4,8,2540,2665,1,forward_classical,10,0.000700300
layer_sweep,L8,hybrid,default.qubit,4,8,2540,2665,1,first_grad,10,0.095149900
layer_sweep,L8,hybrid,default.qubit,4,8,2540,2665,1,first_grad_quantum,10,0.090269000
layer_sweep,L8,hybrid,default.qubit,4,8,2540,2665,1,first_grad_classical,10,0.004880900
layer_sweep,L8,hybrid,default.qubit,4,8,2540,2665,1,second_grad,10,0.173732700
layer_sweep,L8,hybrid,default.qubit,4,8,2540,2665,1,second_grad_quantum,10,0.116573000
layer_sweep,L8,hybrid,default.qubit,4,8,2540,2665,1,second_grad_classical,10,0.057159700
layer_sweep,L8,hybrid,default.qubit,4,8,2540,2665,1,param_grad,10,0.379964800
layer_sweep,L8,hybrid,default.qubit,4,8,2540,2665,1,param_grad_quantum,10,0.177410800
layer_sweep,L8,hybrid,default.qubit,4,8,2540,2665,1,param_grad_classical,10,0.202554000
layer_sweep,L1,hybrid,default.qubit,4,1,2540,2553,1,forward,11,0.011240100
layer_sweep,L1,hybrid,default.qubit,4,1,2540,2553,1,forward_quantum,11,0.010370500
layer_sweep,L1,hybrid,default.qubit,4,1,2540,2553,1,forward_classical,11,0.000869600
layer_sweep,L1,hybrid,default.qubit,4,1,2540,2553,1,first_grad,11,0.022745100
layer_sweep,L1,hybrid,default.qubit,4,1,2540,2553,1,first_grad_quantum,11,0.020723600
layer_sweep,L1,hybrid,default.qubit,4,1,2540,2553,1,first_grad_classical,11,0.002021500
layer_sweep,L1,hybrid,default.qubit,4,1,2540,2553,1,second_grad,11,0.043331100
layer_sweep,L1,hybrid,default.qubit,4,1,2540,2553,1,second_grad_quantum,11,0.028827500
layer_sweep,L1,hybrid,default.qubit,4,1,2540,2553,1,second_grad_classical,11,0.014503600
layer_sweep,L1,hybrid,default.qubit,4,1,2540,2553,1,param_grad,11,0.093908100
layer_sweep,L1,hybrid,default.qubit,4,1,2540,2553,1,param_grad_quantum,11,0.038770400
layer_sweep,L1,hybrid,default.qubit,4,1,2540,2553,1,param_grad_classical,11,0.055137700
layer_sweep,L8,hybrid,default.qubit,4,8,2540,2665,0,forward,11,0.047853300
layer_sweep,L8,hybrid,default.qubit,4,8,2540,2665,0,forward_quantum,11,0.046916100
layer_sweep,L8,hybrid,default.qubit,4,8,2540,2665,0,forward_classical,11,0.000937200
layer_sweep,L8,hybrid,default.qubit,4,8,2540,2665,0,first_grad,11,0.098862600
layer_sweep,L8,hybrid,default.qubit,4,8,2540,2665,0,first_grad_quantum,11,0.093326600
layer_sweep,L8,hybrid,default.qubit,4,8,2540,2665,0,first_grad_classical,11,0.005536000
layer_sweep,L8,hybrid,default.qubit,4,8,2540,2665,0,second_grad,11,0.184000800
layer_sweep,L8,hybrid,default.qubit,4,8,2540,2665,0,second_grad_quantum,11,0.125110900
layer_sweep,L8,hybrid,default.qubit,4,8,2540,2665,0,second_grad_classical,11,0.058889900
layer_sweep,L8,hybrid,default.qubit,4,8,2540,2665,0,param_grad,11,0.383548300
layer_sweep,L8,hybrid,default.qubit,4,8,2540,2665,0,param_grad_quantum,11,0.179839300
layer_sweep,L8,hybrid,default.qubit,4,8,2540,2665,0,param_grad_classical,11,0.203709000
layer_sweep,L4,hybrid,default.qubit,4,4,2540,2601,2,forward,11,0.028070500
layer_sweep,L4,hybrid,default.qubit,4,4,2540,2601,2,forward_quantum,11,0.027138700
layer_sweep,L4,hybrid,default.qubit,4,4,2540,2601,2,forward_classical,11,0.000931800
layer_sweep,L4,hybrid,default.qubit,4,4,2540,2601,2,first_grad,11,0.053428600
layer_sweep,L4,hybrid,default.qubit,4,4,2540,2601,2,first_grad_quantum,11,0.050194200
layer_sweep,L4,hybrid,default.qubit,4,4,2540,2601,2,first_grad_classical,11,0.003234400
layer_sweep,L4,hybrid,default.qubit,4,4,2540,2601,2,second_grad,11,0.104492300
layer_sweep,L4,hybrid,default.qubit,4,4,2540,2601,2,second_grad_quantum,11,0.069488300
layer_sweep,L4,hybrid,default.qubit,4,4,2540,2601,2,second_grad_classical,11,0.035004000
layer_sweep,L4,hybrid,default.qubit,4,4,2540,2601,2,param_grad,11,0.227441200
layer_sweep,L4,hybrid,default.qubit,4,4,2540,2601,2,param_grad_quantum,11,0.106137400
layer_sweep,L4,hybrid,default.qubit,4,4,2540,2601,2,param_grad_classical,11,0.121303800
layer_sweep,L1,hybrid,default.qubit,4,1,2540,2553,2,forward,11,0.011622000
layer_sweep,L1,hybrid,default.qubit,4,1,2540,2553,2,forward_quantum,11,0.010826000
layer_sweep,L1,hybrid,default.qubit,4,1,2540,2553,2,forward_classical,11,0.000796000
layer_sweep,L1,hybrid,default.qubit,4,1,2540,2553,2,first_grad,11,0.021561100
layer_sweep,L1,hybrid,default.qubit,4,1,2540,2553,2,first_grad_quantum,11,0.019560400
layer_sweep,L1,hybrid,default.qubit,4,1,2540,2553,2,first_grad_classical,11,0.002000700
layer_sweep,L1,hybrid,default.qubit,4,1,2540,2553,2,second_grad,11,0.045439700
layer_sweep,L1,hybrid,default.qubit,4,1,2540,2553,2,second_grad_quantum,11,0.030058600
layer_sweep,L1,hybrid,default.qubit,4,1,2540,2553,2,second_grad_classical,11,0.015381100
layer_sweep,L1,hybrid,default.qubit,4,1,2540,2553,2,param_grad,11,0.092497800
layer_sweep,L1,hybrid,default.qubit,4,1,2540,2553,2,param_grad_quantum,11,0.038773500
layer_sweep,L1,hybrid,default.qubit,4,1,2540,2553,2,param_grad_classical,11,0.053724300
layer_sweep,L2,hybrid,default.qubit,4,2,2540,2569,2,forward,11,0.016358400
layer_sweep,L2,hybrid,default.qubit,4,2,2540,2569,2,forward_quantum,11,0.015600800
layer_sweep,L2,hybrid,default.qubit,4,2,2540,2569,2,forward_classical,11,0.000757600
layer_sweep,L2,hybrid,default.qubit,4,2,2540,2569,2,first_grad,11,0.031965000
layer_sweep,L2,hybrid,default.qubit,4,2,2540,2569,2,first_grad_quantum,11,0.028919400
layer_sweep,L2,hybrid,default.qubit,4,2,2540,2569,2,first_grad_classical,11,0.003045600
layer_sweep,L2,hybrid,default.qubit,4,2,2540,2569,2,second_grad,11,0.065703200
layer_sweep,L2,hybrid,default.qubit,4,2,2540,2569,2,second_grad_quantum,11,0.043860600
layer_sweep,L2,hybrid,default.qubit,4,2,2540,2569,2,second_grad_classical,11,0.021842600
layer_sweep,L2,hybrid,default.qubit,4,2,2540,2569,2,param_grad,11,0.131100000
layer_sweep,L2,hybrid,default.qubit,4,2,2540,2569,2,param_grad_quantum,11,0.058080900
layer_sweep,L2,hybrid,default.qubit,4,2,2540,2569,2,param_grad_classical,11,0.073019100
layer_sweep,L2,hybrid,default.qubit,4,2,2540,2569,0,forward,11,0.016206000
layer_sweep,L2,hybrid,default.qubit,4,2,2540,2569,0,forward_quantum,11,0.015370500
layer_sweep,L2,hybrid,default.qubit,4,2,2540,2569,0,forward_classical,11,0.000835500
layer_sweep,L2,hybrid,default.qubit,4,2,2540,2569,0,first_grad,11,0.035986500
layer_sweep,L2,hybrid,default.qubit,4,2,2540,2569,0,first_grad_quantum,11,0.028646200
layer_sweep,L2,hybrid,default.qubit,4,2,2540,2569,0,first_grad_classical,11,0.007340300
layer_sweep,L2,hybrid,default.qubit,4,2,2540,2569,0,second_grad,11,0.066383700
layer_sweep,L2,hybrid,default.qubit,4,2,2540,2569,0,second_grad_quantum,11,0.043456200
layer_sweep,L2,hybrid,default.qubit,4,2,2540,2569,0,second_grad_classical,11,0.022927500
layer_sweep,L2,hybrid,default.qubit,4,2,2540,2569,0,param_grad,11,0.134315700
layer_sweep,L2,hybrid,default.qubit,4,2,2540,2569,0,param_grad_quantum,11,0.058739200
layer_sweep,L2,hybrid,default.qubit,4,2,2540,2569,0,param_grad_classical,11,0.075576500
layer_sweep,L8,hybrid,default.qubit,4,8,2540,2665,1,forward,11,0.050847300
layer_sweep,L8,hybrid,default.qubit,4,8,2540,2665,1,forward_quantum,11,0.049763500
layer_sweep,L8,hybrid,default.qubit,4,8,2540,2665,1,forward_classical,11,0.001083800
layer_sweep,L8,hybrid,default.qubit,4,8,2540,2665,1,first_grad,11,0.107473400
layer_sweep,L8,hybrid,default.qubit,4,8,2540,2665,1,first_grad_quantum,11,0.102014900
layer_sweep,L8,hybrid,default.qubit,4,8,2540,2665,1,first_grad_classical,11,0.005458500
layer_sweep,L8,hybrid,default.qubit,4,8,2540,2665,1,second_grad,11,0.189988500
layer_sweep,L8,hybrid,default.qubit,4,8,2540,2665,1,second_grad_quantum,11,0.126565500
layer_sweep,L8,hybrid,default.qubit,4,8,2540,2665,1,second_grad_classical,11,0.063423000
layer_sweep,L8,hybrid,default.qubit,4,8,2540,2665,1,param_grad,11,0.480897900
layer_sweep,L8,hybrid,default.qubit,4,8,2540,2665,1,param_grad_quantum,11,0.226804700
layer_sweep,L8,hybrid,default.qubit,4,8,2540,2665,1,param_grad_classical,11,0.254093200
layer_sweep,L1,hybrid,default.qubit,4,1,2540,2553,0,forward,11,0.012237200
layer_sweep,L1,hybrid,default.qubit,4,1,2540,2553,0,forward_quantum,11,0.011429900
layer_sweep,L1,hybrid,default.qubit,4,1,2540,2553,0,forward_classical,11,0.000807300
layer_sweep,L1,hybrid,default.qubit,4,1,2540,2553,0,first_grad,11,0.021907400
layer_sweep,L1,hybrid,default.qubit,4,1,2540,2553,0,first_grad_quantum,11,0.019819700
layer_sweep,L1,hybrid,default.qubit,4,1,2540,2553,0,first_grad_classical,11,0.002087700
layer_sweep,L1,hybrid,default.qubit,4,1,2540,2553,0,second_grad,11,0.045795700
layer_sweep,L1,hybrid,default.qubit,4,1,2540,2553,0,second_grad_quantum,11,0.029687400
layer_sweep,L1,hybrid,default.qubit,4,1,2540,2553,0,second_grad_classical,11,0.016108300
layer_sweep,L1,hybrid,default.qubit,4,1,2540,2553,0,param_grad,11,0.096288600
layer_sweep,L1,hybrid,default.qubit,4,1,2540,2553,0,param_grad_quantum,11,0.040896200
layer_sweep,L1,hybrid,default.qubit,4,1,2540,2553,0,param_grad_classical,11,0.055392400
layer_sweep,L4,hybrid,default.qubit,4,4,2540,2601,1,forward,11,0.026998900
layer_sweep,L4,hybrid,default.qubit,4,4,2540,2601,1,forward_quantum,11,0.026145700
layer_sweep,L4,hybrid,default.qubit,4,4,2540,2601,1,forward_classical,11,0.000853200
layer_sweep,L4,hybrid,default.qubit,4,4,2540,2601,1,first_grad,11,0.056542100
layer_sweep,L4,hybrid,default.qubit,4,4,2540,2601,1,first_grad_quantum,11,0.053002800
layer_sweep,L4,hybrid,default.qubit,4,4,2540,2601,1,first_grad_classical,11,0.003539300
layer_sweep,L4,hybrid,default.qubit,4,4,2540,2601,1,second_grad,11,0.103433800
layer_sweep,L4,hybrid,default.qubit,4,4,2540,2601,1,second_grad_quantum,11,0.067316800
layer_sweep,L4,hybrid,default.qubit,4,4,2540,2601,1,second_grad_classical,11,0.036117000
layer_sweep,L4,hybrid,default.qubit,4,4,2540,2601,1,param_grad,11,0.226951800
layer_sweep,L4,hybrid,default.qubit,4,4,2540,2601,1,param_grad_quantum,11,0.104892400
layer_sweep,L4,hybrid,default.qubit,4,4,2540,2601,1,param_grad_classical,11,0.122059400
layer_sweep,L8,hybrid,default.qubit,4,8,2540,2665,2,forward,11,0.053464100
layer_sweep,L8,hybrid,default.qubit,4,8,2540,2665,2,forward_quantum,11,0.052629700
layer_sweep,L8,hybrid,default.qubit,4,8,2540,2665,2,forward_classical,11,0.000834400
layer_sweep,L8,hybrid,default.qubit,4,8,2540,2665,2,first_grad,11,0.105686100
layer_sweep,L8,hybrid,default.qubit,4,8,2540,2665,2,first_grad_quantum,11,0.099158800
layer_sweep,L8,hybrid,default.qubit,4,8,2540,2665,2,first_grad_classical,11,0.006527300
layer_sweep,L8,hybrid,default.qubit,4,8,2540,2665,2,second_grad,11,0.185326700
layer_sweep,L8,hybrid,default.qubit,4,8,2540,2665,2,second_grad_quantum,11,0.124953100
layer_sweep,L8,hybrid,default.qubit,4,8,2540,2665,2,second_grad_classical,11,0.060373600
layer_sweep,L8,hybrid,default.qubit,4,8,2540,2665,2,param_grad,11,0.385244200
layer_sweep,L8,hybrid,default.qubit,4,8,2540,2665,2,param_grad_quantum,11,0.180267500
layer_sweep,L8,hybrid,default.qubit,4,8,2540,2665,2,param_grad_classical,11,0.204976700
layer_sweep,L4,hybrid,default.qubit,4,4,2540,2601,0,forward,11,0.026700400
layer_sweep,L4,hybrid,default.qubit,4,4,2540,2601,0,forward_quantum,11,0.025921100
layer_sweep,L4,hybrid,default.qubit,4,4,2540,2601,0,forward_classical,11,0.000779300
layer_sweep,L4,hybrid,default.qubit,4,4,2540,2601,0,first_grad,11,0.057628100
layer_sweep,L4,hybrid,default.qubit,4,4,2540,2601,0,first_grad_quantum,11,0.054032700
layer_sweep,L4,hybrid,default.qubit,4,4,2540,2601,0,first_grad_classical,11,0.003595400
layer_sweep,L4,hybrid,default.qubit,4,4,2540,2601,0,second_grad,11,0.105642400
layer_sweep,L4,hybrid,default.qubit,4,4,2540,2601,0,second_grad_quantum,11,0.069418700
layer_sweep,L4,hybrid,default.qubit,4,4,2540,2601,0,second_grad_classical,11,0.036223700
layer_sweep,L4,hybrid,default.qubit,4,4,2540,2601,0,param_grad,11,0.235882700
layer_sweep,L4,hybrid,default.qubit,4,4,2540,2601,0,param_grad_quantum,11,0.110849400
layer_sweep,L4,hybrid,default.qubit,4,4,2540,2601,0,param_grad_classical,11,0.125033300
layer_sweep,L2,hybrid,default.qubit,4,2,2540,2569,1,forward,11,0.018397100
layer_sweep,L2,hybrid,default.qubit,4,2,2540,2569,1,forward_quantum,11,0.017380900
layer_sweep,L2,hybrid,default.qubit,4,2,2540,2569,1,forward_classical,11,0.001016200
layer_sweep,L2,hybrid,default.qubit,4,2,2540,2569,1,first_grad,11,0.035747100
layer_sweep,L2,hybrid,default.qubit,4,2,2540,2569,1,first_grad_quantum,11,0.030867000
layer_sweep,L2,hybrid,default.qubit,4,2,2540,2569,1,first_grad_classical,11,0.004880100
layer_sweep,L2,hybrid,default.qubit,4,2,2540,2569,1,second_grad,11,0.070744500
layer_sweep,L2,hybrid,default.qubit,4,2,2540,2569,1,second_grad_quantum,11,0.046159500
layer_sweep,L2,hybrid,default.qubit,4,2,2540,2569,1,second_grad_classical,11,0.024585000
layer_sweep,L2,hybrid,default.qubit,4,2,2540,2569,1,param_grad,11,0.134360100
layer_sweep,L2,hybrid,default.qubit,4,2,2540,2569,1,param_grad_quantum,11,0.059118600
layer_sweep,L2,hybrid,default.qubit,4,2,2540,2569,1,param_grad_classical,11,0.075241500
layer_sweep,L1,hybrid,default.qubit,4,1,2540,2553,2,forward,12,0.011598600
layer_sweep,L1,hybrid,default.qubit,4,1,2540,2553,2,forward_quantum,12,0.010871800
layer_sweep,L1,hybrid,default.qubit,4,1,2540,2553,2,forward_classical,12,0.000726800
layer_sweep,L1,hybrid,default.qubit,4,1,2540,2553,2,first_grad,12,0.021437800
layer_sweep,L1,hybrid,default.qubit,4,1,2540,2553,2,first_grad_quantum,12,0.019457700
layer_sweep,L1,hybrid,default.qubit,4,1,2540,2553,2,first_grad_classical,12,0.001980100
layer_sweep,L1,hybrid,default.qubit,4,1,2540,2553,2,second_grad,12,0.046705300
layer_sweep,L1,hybrid,default.qubit,4,1,2540,2553,2,second_grad_quantum,12,0.030767200
layer_sweep,L1,hybrid,default.qubit,4,1,2540,2553,2,second_grad_classical,12,0.015938100
layer_sweep,L1,hybrid,default.qubit,4,1,2540,2553,2,param_grad,12,0.094745400
layer_sweep,L1,hybrid,default.qubit,4,1,2540,2553,2,param_grad_quantum,12,0.040937300
layer_sweep,L1,hybrid,default.qubit,4,1,2540,2553,2,param_grad_classical,12,0.053808100
layer_sweep,L2,hybrid,default.qubit,4,2,2540,2569,2,forward,12,0.015406900
layer_sweep,L2,hybrid,default.qubit,4,2,2540,2569,2,forward_quantum,12,0.014654700
layer_sweep,L2,hybrid,default.qubit,4,2,2540,2569,2,forward_classical,12,0.000752200
layer_sweep,L2,hybrid,default.qubit,4,2,2540,2569,2,first_grad,12,0.035551200
layer_sweep,L2,hybrid,default.qubit,4,2,2540,2569,2,first_grad_quantum,12,0.028886900
layer_sweep,L2,hybrid,default.qubit,4,2,2540,2569,2,first_grad_classical,12,0.006664300
layer_sweep,L2,hybrid,default.qubit,4,2,2540,2569,2,second_grad,12,0.067936600
layer_sweep,L2,hybrid,default.qubit,4,2,2540,2569,2,second_grad_quantum,12,0.043942100
layer_sweep,L2,hybrid,default.qubit,4,2,2540,2569,2,second_grad_classical,12,0.023994500
layer_sweep,L2,hybrid,default.qubit,4,2,2540,2569,2,param_grad,12,0.136980100
layer_sweep,L2,hybrid,default.qubit,4,2,2540,2569,2,param_grad_quantum,12,0.058785000
layer_sweep,L2,hybrid,default.qubit,4,2,2540,2569,2,param_grad_classical,12,0.078195100
layer_sweep,L2,hybrid,default.qubit,4,2,2540,2569,1,forward,12,0.017977100
layer_sweep,L2,hybrid,default.qubit,4,2,2540,2569,1,forward_quantum,12,0.017177700
layer_sweep,L2,hybrid,default.qubit,4,2,2540,2569,1,forward_classical,12,0.000799400
layer_sweep,L2,hybrid,default.qubit,4,2,2540,2569,1,first_grad,12,0.035060400
layer_sweep,L2,hybrid,default.qubit,4,2,2540,2569,1,first_grad_quantum,12,0.029614600
layer_sweep,L2,hybrid,default.qubit,4,2,2540,2569,1,first_grad_classical,12,0.005445800
layer_sweep,L2,hybrid,default.qubit,4,2,2540,2569,1,second_grad,12,0.066956000
layer_sweep,L2,hybrid,default.qubit,4,2,2540,2569,1,second_grad_quantum,12,0.042774700
layer_sweep,L2,hybrid,default.qubit,4,2,2540,2569,1,second_grad_classical,12,0.024181300
layer_sweep,L2,hybrid,default.qubit,4,2,2540,2569,1,param_grad,12,0.134087800
layer_sweep,L2,hybrid,default.qubit,4,2,2540,2569,1,param_grad_quantum,12,0.058563500
layer_sweep,L2,hybrid,default.qubit,4,2,2540,2569,1,param_grad_classical,12,0.075524300
layer_sweep,L1,hybrid,default.qubit,4,1,2540,2553,1,forward,12,0.011239400
layer_sweep,L1,hybrid,default.qubit,4,1,2540,2553,1,forward_quantum,12,0.010401200
layer_sweep,L1,hybrid,default.qubit,4,1,2540,2553,1,forward_classical,12,0.000838200
layer_sweep,L1,hybrid,default.qubit,4,1,2540,2553,1,first_grad,12,0.020665800
layer_sweep,L1,hybrid,default.qubit,4,1,2540,2553,1,first_grad_quantum,12,0.018673200
layer_sweep,L1,hybrid,default.qubit,4,1,2540,2553,1,first_grad_classical,12,0.001992600
layer_sweep,L1,hybrid,default.qubit,4,1,2540,2553,1,second_grad,12,0.044544300
layer_sweep,L1,hybrid,default.qubit,4,1,2540,2553,1,second_grad_quantum,12,0.029042900
layer_sweep,L1,hybrid,default.qubit,4,1,2540,2553,1,second_grad_classical,12,0.015501400
layer_sweep,L1,hybrid,default.qubit,4,1,2540,2553,1,param_grad,12,0.093975100
layer_sweep,L1,hybrid,default.qubit,4,1,2540,2553,1,param_grad_quantum,12,0.039302900
layer_sweep,L1,hybrid,default.qubit,4,1,2540,2553,1,param_grad_classical,12,0.054672200
layer_sweep,L8,hybrid,default.qubit,4,8,2540,2665,1,forward,12,0.048983700
layer_sweep,L8,hybrid,default.qubit,4,8,2540,2665,1,forward_quantum,12,0.048142600
layer_sweep,L8,hybrid,default.qubit,4,8,2540,2665,1,forward_classical,12,0.000841100
layer_sweep,L8,hybrid,default.qubit,4,8,2540,2665,1,first_grad,12,0.109451300
layer_sweep,L8,hybrid,default.qubit,4,8,2540,2665,1,first_grad_quantum,12,0.104080700
layer_sweep,L8,hybrid,default.qubit,4,8,2540,2665,1,first_grad_classical,12,0.005370600
layer_sweep,L8,hybrid,default.qubit,4,8,2540,2665,1,second_grad,12,0.186186100
layer_sweep,L8,hybrid,default.qubit,4,8,2540,2665,1,second_grad_quantum,12,0.125233000
layer_sweep,L8,hybrid,default.qubit,4,8,2540,2665,1,second_grad_classical,12,0.060953100
layer_sweep,L8,hybrid,default.qubit,4,8,2540,2665,1,param_grad,12,0.415539300
layer_sweep,L8,hybrid,default.qubit,4,8,2540,2665,1,param_grad_quantum,12,0.201777400
layer_sweep,L8,hybrid,default.qubit,4,8,2540,2665,1,param_grad_classical,12,0.213761900
layer_sweep,L4,hybrid,default.qubit,4,4,2540,2601,0,forward,12,0.026393000
layer_sweep,L4,hybrid,default.qubit,4,4,2540,2601,0,forward_quantum,12,0.025458500
layer_sweep,L4,hybrid,default.qubit,4,4,2540,2601,0,forward_classical,12,0.000934500
layer_sweep,L4,hybrid,default.qubit,4,4,2540,2601,0,first_grad,12,0.054393800
layer_sweep,L4,hybrid,default.qubit,4,4,2540,2601,0,first_grad_quantum,12,0.051162900
layer_sweep,L4,hybrid,default.qubit,4,4,2540,2601,0,first_grad_classical,12,0.003230900
layer_sweep,L4,hybrid,default.qubit,4,4,2540,2601,0,second_grad,12,0.105712500
layer_sweep,L4,hybrid,default.qubit,4,4,2540,2601,0,second_grad_quantum,12,0.070266000
layer_sweep,L4,hybrid,default.qubit,4,4,2540,2601,0,second_grad_classical,12,0.035446500
layer_sweep,L4,hybrid,default.qubit,4,4,2540,2601,0,param_grad,12,0.229630000
layer_sweep,L4,hybrid,default.qubit,4,4,2540,2601,0,param_grad_quantum,12,0.107398300
layer_sweep,L4,hybrid,default.qubit,4,4,2540,2601,0,param_grad_classical,12,0.122231700
layer_sweep,L8,hybrid,default.qubit,4,8,2540,2665,2,forward,12,0.049616800
layer_sweep,L8,hybrid,default.qubit,4,8,2540,2665,2,forward_quantum,12,0.048809700
layer_sweep,L8,hybrid,default.qubit,4,8,2540,2665,2,forward_classical,12,0.000807100
layer_sweep,L8,hybrid,default.qubit,4,8,2540,2665,2,first_grad,12,0.110430300
layer_sweep,L8,hybrid,default.qubit,4,8,2540,2665,2,first_grad_quantum,12,0.105157900
layer_sweep,L8,hybrid,default.qubit,4,8,2540,2665,2,first_grad_classical,12,0.005272400
layer_sweep,L8,hybrid,default.qubit,4,8,2540,2665,2,second_grad,12,0.187408400
layer_sweep,L8,hybrid,default.qubit,4,8,2540,2665,2,second_grad_quantum,12,0.129161200
layer_sweep,L8,hybrid,default.qubit,4,8,2540,2665,2,second_grad_classical,12,0.058247200
layer_sweep,L8,hybrid,default.qubit,4,8,2540,2665,2,param_grad,12,0.398750300
layer_sweep,L8,hybrid,default.qubit,4,8,2540,2665,2,param_grad_quantum,12,0.186302700
layer_sweep,L8,hybrid,default.qubit,4,8,2540,2665,2,param_grad_classical,12,0.212447600
layer_sweep,L4,hybrid,default.qubit,4,4,2540,2601,1,forward,12,0.027057500
layer_sweep,L4,hybrid,default.qubit,4,4,2540,2601,1,forward_quantum,12,0.026337600
layer_sweep,L4,hybrid,default.qubit,4,4,2540,2601,1,forward_classical,12,0.000719900
layer_sweep,L4,hybrid,default.qubit,4,4,2540,2601,1,first_grad,12,0.056659800
layer_sweep,L4,hybrid,default.qubit,4,4,2540,2601,1,first_grad_quantum,12,0.052820500
layer_sweep,L4,hybrid,default.qubit,4,4,2540,2601,1,first_grad_classical,12,0.003839300
layer_sweep,L4,hybrid,default.qubit,4,4,2540,2601,1,second_grad,12,0.103663300
layer_sweep,L4,hybrid,default.qubit,4,4,2540,2601,1,second_grad_quantum,12,0.068881700
layer_sweep,L4,hybrid,default.qubit,4,4,2540,2601,1,second_grad_classical,12,0.034781600
layer_sweep,L4,hybrid,default.qubit,4,4,2540,2601,1,param_grad,12,0.224410800
layer_sweep,L4,hybrid,default.qubit,4,4,2540,2601,1,param_grad_quantum,12,0.104898600
layer_sweep,L4,hybrid,default.qubit,4,4,2540,2601,1,param_grad_classical,12,0.119512200
layer_sweep,L4,hybrid,default.qubit,4,4,2540,2601,2,forward,12,0.027850500
layer_sweep,L4,hybrid,default.qubit,4,4,2540,2601,2,forward_quantum,12,0.027116600
layer_sweep,L4,hybrid,default.qubit,4,4,2540,2601,2,forward_classical,12,0.000733900
layer_sweep,L4,hybrid,default.qubit,4,4,2540,2601,2,first_grad,12,0.061203000
layer_sweep,L4,hybrid,default.qubit,4,4,2540,2601,2,first_grad_quantum,12,0.057407600
layer_sweep,L4,hybrid,default.qubit,4,4,2540,2601,2,first_grad_classical,12,0.003795400
layer_sweep,L4,hybrid,default.qubit,4,4,2540,2601,2,second_grad,12,0.110278000
layer_sweep,L4,hybrid,default.qubit,4,4,2540,2601,2,second_grad_quantum,12,0.073939700
layer_sweep,L4,hybrid,default.qubit,4,4,2540,2601,2,second_grad_classical,12,0.036338300
layer_sweep,L4,hybrid,default.qubit,4,4,2540,2601,2,param_grad,12,0.235943200
layer_sweep,L4,hybrid,default.qubit,4,4,2540,2601,2,param_grad_quantum,12,0.114533300
layer_sweep,L4,hybrid,default.qubit,4,4,2540,2601,2,param_grad_classical,12,0.121409900
layer_sweep,L8,hybrid,default.qubit,4,8,2540,2665,0,forward,12,0.045029000
layer_sweep,L8,hybrid,default.qubit,4,8,2540,2665,0,forward_quantum,12,0.044273000
layer_sweep,L8,hybrid,default.qubit,4,8,2540,2665,0,forward_classical,12,0.000756000
layer_sweep,L8,hybrid,default.qubit,4,8,2540,2665,0,first_grad,12,0.110536700
layer_sweep,L8,hybrid,default.qubit,4,8,2540,2665,0,first_grad_quantum,12,0.105520300
layer_sweep,L8,hybrid,default.qubit,4,8,2540,2665,0,first_grad_classical,12,0.005016400
layer_sweep,L8,hybrid,default.qubit,4,8,2540,2665,0,second_grad,12,0.185370300
layer_sweep,L8,hybrid,default.qubit,4,8,2540,2665,0,second_grad_quantum,12,0.127252300
layer_sweep,L8,hybrid,default.qubit,4,8,2540,2665,0,second_grad_classical,12,0.058118000
layer_sweep,L8,hybrid,default.qubit,4,8,2540,2665,0,param_grad,12,0.386995600
layer_sweep,L8,hybrid,default.qubit,4,8,2540,2665,0,param_grad_quantum,12,0.184234400
layer_sweep,L8,hybrid,default.qubit,4,8,2540,2665,0,param_grad_classical,12,0.202761200
layer_sweep,L2,hybrid,default.qubit,4,2,2540,2569,0,forward,12,0.018353100
layer_sweep,L2,hybrid,default.qubit,4,2,2540,2569,0,forward_quantum,12,0.017448200
layer_sweep,L2,hybrid,default.qubit,4,2,2540,2569,0,forward_classical,12,0.000904900
layer_sweep,L2,hybrid,default.qubit,4,2,2540,2569,0,first_grad,12,0.034131500
layer_sweep,L2,hybrid,default.qubit,4,2,2540,2569,0,first_grad_quantum,12,0.029788900
layer_sweep,L2,hybrid,default.qubit,4,2,2540,2569,0,first_grad_classical,12,0.004342600
layer_sweep,L2,hybrid,default.qubit,4,2,2540,2569,0,second_grad,12,0.069320700
layer_sweep,L2,hybrid,default.qubit,4,2,2540,2569,0,second_grad_quantum,12,0.044911000
layer_sweep,L2,hybrid,default.qubit,4,2,2540,2569,0,second_grad_classical,12,0.024409700
layer_sweep,L2,hybrid,default.qubit,4,2,2540,2569,0,param_grad,12,0.138102700
layer_sweep,L2,hybrid,default.qubit,4,2,2540,2569,0,param_grad_quantum,12,0.058777900
layer_sweep,L2,hybrid,default.qubit,4,2,2540,2569,0,param_grad_classical,12,0.079324800
layer_sweep,L1,hybrid,default.qubit,4,1,2540,2553,0,forward,12,0.012421700
layer_sweep,L1,hybrid,default.qubit,4,1,2540,2553,0,forward_quantum,12,0.011540700
layer_sweep,L1,hybrid,default.qubit,4,1,2540,2553,0,forward_classical,12,0.000881000
layer_sweep,L1,hybrid,default.qubit,4,1,2540,2553,0,first_grad,12,0.020505800
layer_sweep,L1,hybrid,default.qubit,4,1,2540,2553,0,first_grad_quantum,12,0.018653200
layer_sweep,L1,hybrid,default.qubit,4,1,2540,2553,0,first_grad_classical,12,0.001852600
layer_sweep,L1,hybrid,default.qubit,4,1,2540,2553,0,second_grad,12,0.045079000
layer_sweep,L1,hybrid,default.qubit,4,1,2540,2553,0,second_grad_quantum,12,0.030039000
layer_sweep,L1,hybrid,default.qubit,4,1,2540,2553,0,second_grad_classical,12,0.015040000
layer_sweep,L1,hybrid,default.qubit,4,1,2540,2553,0,param_grad,12,0.094248200
layer_sweep,L1,hybrid,default.qubit,4,1,2540,2553,0,param_grad_quantum,12,0.039436000
layer_sweep,L1,hybrid,default.qubit,4,1,2540,2553,0,param_grad_classical,12,0.054812200
layer_sweep,L2,hybrid,default.qubit,4,2,2540,2569,2,forward,13,0.016451200
layer_sweep,L2,hybrid,default.qubit,4,2,2540,2569,2,forward_quantum,13,0.015695400
layer_sweep,L2,hybrid,default.qubit,4,2,2540,2569,2,forward_classical,13,0.000755800
layer_sweep,L2,hybrid,default.qubit,4,2,2540,2569,2,first_grad,13,0.031186800
layer_sweep,L2,hybrid,default.qubit,4,2,2540,2569,2,first_grad_quantum,13,0.028091100
layer_sweep,L2,hybrid,default.qubit,4,2,2540,2569,2,first_grad_classical,13,0.003095700
layer_sweep,L2,hybrid,default.qubit,4,2,2540,2569,2,second_grad,13,0.067181900
layer_sweep,L2,hybrid,default.qubit,4,2,2540,2569,2,second_grad_quantum,13,0.044615400
layer_sweep,L2,hybrid,default.qubit,4,2,2540,2569,2,second_grad_classical,13,0.022566500
layer_sweep,L2,hybrid,default.qubit,4,2,2540,2569,2,param_grad,13,0.141589000
layer_sweep,L2,hybrid,default.qubit,4,2,2540,2569,2,param_grad_quantum,13,0.061439200
layer_sweep,L2,hybrid,default.qubit,4,2,2540,2569,2,param_grad_classical,13,0.080149800
layer_sweep,L1,hybrid,default.qubit,4,1,2540,2553,1,forward,13,0.011448700
layer_sweep,L1,hybrid,default.qubit,4,1,2540,2553,1,forward_quantum,13,0.010648800
layer_sweep,L1,hybrid,default.qubit,4,1,2540,2553,1,forward_classical,13,0.000799900
layer_sweep,L1,hybrid,default.qubit,4,1,2540,2553,1,first_grad,13,0.020494000
layer_sweep,L1,hybrid,default.qubit,4,1,2540,2553,1,first_grad_quantum,13,0.018515800
layer_sweep,L1,hybrid,default.qubit,4,1,2540,2553,1,first_grad_classical,13,0.001978200
layer_sweep,L1,hybrid,default.qubit,4,1,2540,2553,1,second_grad,13,0.045304300
layer_sweep,L1,hybrid,default.qubit,4,1,2540,2553,1,second_grad_quantum,13,0.029674300
layer_sweep,L1,hybrid,default.qubit,4,1,2540,2553,1,second_grad_classical,13,0.015630000
layer_sweep,L1,hybrid,default.qubit,4,1,2540,2553,1,param_grad,13,0.091660400
layer_sweep,L1,hybrid,default.qubit,4,1,2540,2553,1,param_grad_quantum,13,0.038256500
layer_sweep,L1,hybrid,default.qubit,4,1,2540,2553,1,param_grad_classical,13,0.053403900
layer_sweep,L4,hybrid,default.qubit,4,4,2540,2601,2,forward,13,0.028553900
layer_sweep,L4,hybrid,default.qubit,4,4,2540,2601,2,forward_quantum,13,0.027748700
layer_sweep,L4,hybrid,default.qubit,4,4,2540,2601,2,forward_classical,13,0.000805200
layer_sweep,L4,hybrid,default.qubit,4,4,2540,2601,2,first_grad,13,0.052689900
layer_sweep,L4,hybrid,default.qubit,4,4,2540,2601,2,first_grad_quantum,13,0.049481000
layer_sweep,L4,hybrid,default.qubit,4,4,2540,2601,2,first_grad_classical,13,0.003208900
layer_sweep,L4,hybrid,default.qubit,4,4,2540,2601,2,second_grad,13,0.104287900
layer_sweep,L4,hybrid,default.qubit,4,4,2540,2601,2,second_grad_quantum,13,0.068068700
layer_sweep,L4,hybrid,default.qubit,4,4,2540,2601,2,second_grad_classical,13,0.036219200
layer_sweep,L4,hybrid,default.qubit,4,4,2540,2601,2,param_grad,13,0.228019000
layer_sweep,L4,hybrid,default.qubit,4,4,2540,2601,2,param_grad_quantum,13,0.106229300
layer_sweep,L4,hybrid,default.qubit,4,4,2540,2601,2,param_grad_classical,13,0.121789700
layer_sweep,L1,hybrid,default.qubit,4,1,2540,2553,2,forward,13,0.012759700
layer_sweep,L1,hybrid,default.qubit,4,1,2540,2553,2,forward_quantum,13,0.011582600
layer_sweep,L1,hybrid,default.qubit,4,1,2540,2553,2,forward_classical,13,0.001177100
layer_sweep,L1,hybrid,default.qubit,4,1,2540,2553,2,first_grad,13,0.022676300
layer_sweep,L1,hybrid,default.qubit,4,1,2540,2553,2,first_grad_quantum,13,0.020464700
layer_sweep,L1,hybrid,default.qubit,4,1,2540,2553,2,first_grad_classical,13,0.002211600
layer_sweep,L1,hybrid,default.qubit,4,1,2540,2553,2,second_grad,13,0.049772400
layer_sweep,L1,hybrid,default.qubit,4,1,2540,2553,2,second_grad_quantum,13,0.030101300
layer_sweep,L1,hybrid,default.qubit,4,1,2540,2553,2,second_grad_classical,13,0.019671100
layer_sweep,L1,hybrid,default.qubit,4,1,2540,2553,2,param_grad,13,0.101248000
layer_sweep,L1,hybrid,default.qubit,4,1,2540,2553,2,param_grad_quantum,13,0.039241700
layer_sweep,L1,hybrid,default.qubit,4,1,2540,2553,2,param_grad_classical,13,0.062006300
layer_sweep,L4,hybrid,default.qubit,4,4,2540,2601,1,forward,13,0.024956000
layer_sweep,L4,hybrid,default.qubit,4,4,2540,2601,1,forward_quantum,13,0.024240500
layer_sweep,L4,hybrid,default.qubit,4,4,2540,2601,1,forward_classical,13,0.000715500
layer_sweep,L4,hybrid,default.qubit,4,4,2540,2601,1,first_grad,13,0.053088300
layer_sweep,L4,hybrid,default.qubit,4,4,2540,2601,1,first_grad_quantum,13,0.049731000
layer_sweep,L4,hybrid,default.qubit,4,4,2540,2601,1,first_grad_classical,13,0.003357300
layer_sweep,L4,hybrid,default.qubit,4,4,2540,2601,1,second_grad,13,0.110988700
layer_sweep,L4,hybrid,default.qubit,4,4,2540,2601,1,second_grad_quantum,13,0.073396600
layer_sweep,L4,hybrid,default.qubit,4,4,2540,2601,1,second_grad_classical,13,0.037592100
layer_sweep,L4,hybrid,default.qubit,4,4,2540,2601,1,param_grad,13,0.226477300
layer_sweep,L4,hybrid,default.qubit,4,4,2540,2601,1,param_grad_quantum,13,0.104782200
layer_sweep,L4,hybrid,default.qubit,4,4,2540,2601,1,param_grad_classical,13,0.121695100
layer_sweep,L1,hybrid,default.qubit,4,1,2540,2553,0,forward,13,0.011271400
layer_sweep,L1,hybrid,default.qubit,4,1,2540,2553,0,forward_quantum,13,0.010544900
layer_sweep,L1,hybrid,default.qubit,4,1,2540,2553,0,forward_classical,13,0.000726500
layer_sweep,L1,hybrid,default.qubit,4,1,2540,2553,0,first_grad,13,0.021168900
layer_sweep,L1,hybrid,default.qubit,4,1,2540,2553,0,first_grad_quantum,13,0.019174000
layer_sweep,L1,hybrid,default.qubit,4,1,2540,2553,0,first_grad_classical,13,0.001994900
layer_sweep,L1,hybrid,default.qubit,4,1,2540,2553,0,second_grad,13,0.049068100
layer_sweep,L1,hybrid,default.qubit,4,1,2540,2553,0,second_grad_quantum,13,0.032120700
layer_sweep,L1,hybrid,default.qubit,4,1,2540,2553,0,second_grad_classical,13,0.016947400
layer_sweep,L1,hybrid,default.qubit,4,1,2540,2553,0,param_grad,13,0.100633700
layer_sweep,L1,hybrid,default.qubit,4,1,2540,2553,0,param_grad_quantum,13,0.041794400
layer_sweep,L1,hybrid,default.qubit,4,1,2540,2553,0,param_grad_classical,13,0.058839300
layer_sweep,L2,hybrid,default.qubit,4,2,2540,2569,1,forward,13,0.016673200
layer_sweep,L2,hybrid,default.qubit,4,2,2540,2569,1,forward_quantum,13,0.015905500
layer_sweep,L2,hybrid,default.qubit,4,2,2540,2569,1,forward_classical,13,0.000767700
layer_sweep,L2,hybrid,default.qubit,4,2,2540,2569,1,first_grad,13,0.032298600
layer_sweep,L2,hybrid,default.qubit,4,2,2540,2569,1,first_grad_quantum,13,0.029288300
layer_sweep,L2,hybrid,default.qubit,4,2,2540,2569,1,first_grad_classical,13,0.003010300
layer_sweep,L2,hybrid,default.qubit,4,2,2540,2569,1,second_grad,13,0.066545700
layer_sweep,L2,hybrid,default.qubit,4,2,2540,2569,1,second_grad_quantum,13,0.044774200
layer_sweep,L2,hybrid,default.qubit,4,2,2540,2569,1,second_grad_classical,13,0.021771500
layer_sweep,L2,hybrid,default.qubit,4,2,2540,2569,1,param_grad,13,0.134344200
layer_sweep,L2,hybrid,default.qubit,4,2,2540,2569,1,param_grad_quantum,13,0.059747300
layer_sweep,L2,hybrid,default.qubit,4,2,2540,2569,1,param_grad_classical,13,0.074596900
layer_sweep,L8,hybrid,default.qubit,4,8,2540,2665,2,forward,13,0.049099800
layer_sweep,L8,hybrid,default.qubit,4,8,2540,2665,2,forward_quantum,13,0.048309000
layer_sweep,L8,hybrid,default.qubit,4,8,2540,2665,2,forward_classical,13,0.000790800
layer_sweep,L8,hybrid,default.qubit,4,8,2540,2665,2,first_grad,13,0.099299300
layer_sweep,L8,hybrid,default.qubit,4,8,2540,2665,2,first_grad_quantum,13,0.094181300
layer_sweep,L8,hybrid,default.qubit,4,8,2540,2665,2,first_grad_classical,13,0.005118000
layer_sweep,L8,hybrid,default.qubit,4,8,2540,2665,2,second_grad,13,0.187509000
layer_sweep,L8,hybrid,default.qubit,4,8,2540,2665,2,second_grad_quantum,13,0.125415400
layer_sweep,L8,hybrid,default.qubit,4,8,2540,2665,2,second_grad_classical,13,0.062093600
layer_sweep,L8,hybrid,default.qubit,4,8,2540,2665,2,param_grad,13,0.400068100
layer_sweep,L8,hybrid,default.qubit,4,8,2540,2665,2,param_grad_quantum,13,0.190953600
layer_sweep,L8,hybrid,default.qubit,4,8,2540,2665,2,param_grad_classical,13,0.209114500
layer_sweep,L8,hybrid,default.qubit,4,8,2540,2665,1,forward,13,0.047682200
layer_sweep,L8,hybrid,default.qubit,4,8,2540,2665,1,forward_quantum,13,0.046759000
layer_sweep,L8,hybrid,default.qubit,4,8,2540,2665,1,forward_classical,13,0.000923200
layer_sweep,L8,hybrid,default.qubit,4,8,2540,2665,1,first_grad,13,0.100081400
layer_sweep,L8,hybrid,default.qubit,4,8,2540,2665,1,first_grad_quantum,13,0.094458500
layer_sweep,L8,hybrid,default.qubit,4,8,2540,2665,1,first_grad_classical,13,0.005622900
layer_sweep,L8,hybrid,default.qubit,4,8,2540,2665,1,second_grad,13,0.185888000
layer_sweep,L8,hybrid,default.qubit,4,8,2540,2665,1,second_grad_quantum,13,0.125825500
layer_sweep,L8,hybrid,default.qubit,4,8,2540,2665,1,second_grad_classical,13,0.060062500
layer_sweep,L8,hybrid,default.qubit,4,8,2540,2665,1,param_grad,13,0.393412300
layer_sweep,L8,hybrid,default.qubit,4,8,2540,2665,1,param_grad_quantum,13,0.186525900
layer_sweep,L8,hybrid,default.qubit,4,8,2540,2665,1,param_grad_classical,13,0.206886400
layer_sweep,L2,hybrid,default.qubit,4,2,2540,2569,0,forward,13,0.017555500
layer_sweep,L2,hybrid,default.qubit,4,2,2540,2569,0,forward_quantum,13,0.016718400
layer_sweep,L2,hybrid,default.qubit,4,2,2540,2569,0,forward_classical,13,0.000837100
layer_sweep,L2,hybrid,default.qubit,4,2,2540,2569,0,first_grad,13,0.033221100
layer_sweep,L2,hybrid,default.qubit,4,2,2540,2569,0,first_grad_quantum,13,0.028805900
layer_sweep,L2,hybrid,default.qubit,4,2,2540,2569,0,first_grad_classical,13,0.004415200
layer_sweep,L2,hybrid,default.qubit,4,2,2540,2569,0,second_grad,13,0.068598700
layer_sweep,L2,hybrid,default.qubit,4,2,2540,2569,0,second_grad_quantum,13,0.044260600
layer_sweep,L2,hybrid,default.qubit,4,2,2540,2569,0,second_grad_classical,13,0.024338100
layer_sweep,L2,hybrid,default.qubit,4,2,2540,2569,0,param_grad,13,0.140474200
layer_sweep,L2,hybrid,default.qubit,4,2,2540,2569,0,param_grad_quantum,13,0.059510500
layer_sweep,L2,hybrid,default.qubit,4,2,2540,2569,0,param_grad_classical,13,0.080963700
layer_sweep,L4,hybrid,default.qubit,4,4,2540,2601,0,forward,13,0.027838300
layer_sweep,L4,hybrid,default.qubit,4,4,2540,2601,0,forward_quantum,13,0.026956000
layer_sweep,L4,hybrid,default.qubit,4,4,2540,2601,0,forward_classical,13,0.000882300
layer_sweep,L4,hybrid,default.qubit,4,4,2540,2601,0,first_grad,13,0.057470900
layer_sweep,L4,hybrid,default.qubit,4,4,2540,2601,0,first_grad_quantum,13,0.052603000
layer_sweep,L4,hybrid,default.qubit,4,4,2540,2601,0,first_grad_classical,13,0.004867900
layer_sweep,L4,hybrid,default.qubit,4,4,2540,2601,0,second_grad,13,0.103514800
layer_sweep,L4,hybrid,default.qubit,4,4,2540,2601,0,second_grad_quantum,13,0.068800700
layer_sweep,L4,hybrid,default.qubit,4,4,2540,2601,0,second_grad_classical,13,0.034714100
layer_sweep,L4,hybrid,default.qubit,4,4,2540,2601,0,param_grad,13,0.220743400
layer_sweep,L4,hybrid,default.qubit,4,4,2540,2601,0,param_grad_quantum,13,0.101078000
layer_sweep,L4,hybrid,default.qubit,4,4,2540,2601,0,param_grad_classical,13,0.119665400
layer_sweep,L8,hybrid,default.qubit,4,8,2540,2665,0,forward,13,0.049868000
layer_sweep,L8,hybrid,default.qubit,4,8,2540,2665,0,forward_quantum,13,0.048985400
layer_sweep,L8,hybrid,default.qubit,4,8,2540,2665,0,forward_classical,13,0.000882600
layer_sweep,L8,hybrid,default.qubit,4,8,2540,2665,0,first_grad,13,0.105152100
layer_sweep,L8,hybrid,default.qubit,4,8,2540,2665,0,first_grad_quantum,13,0.099571500
layer_sweep,L8,hybrid,default.qubit,4,8,2540,2665,0,first_grad_classical,13,0.005580600
layer_sweep,L8,hybrid,default.qubit,4,8,2540,2665,0,second_grad,13,0.188539200
layer_sweep,L8,hybrid,default.qubit,4,8,2540,2665,0,second_grad_quantum,13,0.127163000
layer_sweep,L8,hybrid,default.qubit,4,8,2540,2665,0,second_grad_classical,13,0.061376200
layer_sweep,L8,hybrid,default.qubit,4,8,2540,2665,0,param_grad,13,0.394937400
layer_sweep,L8,hybrid,default.qubit,4,8,2540,2665,0,param_grad_quantum,13,0.183500400
layer_sweep,L8,hybrid,default.qubit,4,8,2540,2665,0,param_grad_classical,13,0.211437000
layer_sweep,L2,hybrid,default.qubit,4,2,2540,2569,1,forward,14,0.017347100
layer_sweep,L2,hybrid,default.qubit,4,2,2540,2569,1,forward_quantum,14,0.016497200
layer_sweep,L2,hybrid,default.qubit,4,2,2540,2569,1,forward_classical,14,0.000849900
layer_sweep,L2,hybrid,default.qubit,4,2,2540,2569,1,first_grad,14,0.032820500
layer_sweep,L2,hybrid,default.qubit,4,2,2540,2569,1,first_grad_quantum,14,0.028952000
layer_sweep,L2,hybrid,default.qubit,4,2,2540,2569,1,first_grad_classical,14,0.003868500
layer_sweep,L2,hybrid,default.qubit,4,2,2540,2569,1,second_grad,14,0.071754100
layer_sweep,L2,hybrid,default.qubit,4,2,2540,2569,1,second_grad_quantum,14,0.046287800
layer_sweep,L2,hybrid,default.qubit,4,2,2540,2569,1,second_grad_classical,14,0.025466300
layer_sweep,L2,hybrid,default.qubit,4,2,2540,2569,1,param_grad,14,0.135796300
layer_sweep,L2,hybrid,default.qubit,4,2,2540,2569,1,param_grad_quantum,14,0.060224700
layer_sweep,L2,hybrid,default.qubit,4,2,2540,2569,1,param_grad_classical,14,0.075571600
layer_sweep,L8,hybrid,default.qubit,4,8,2540,2665,1,forward,14,0.047624500
layer_sweep,L8,hybrid,default.qubit,4,8,2540,2665,1,forward_quantum,14,0.046831500
layer_sweep,L8,hybrid,default.qubit,4,8,2540,2665,1,forward_classical,14,0.000793000
layer_sweep,L8,hybrid,default.qubit,4,8,2540,2665,1,first_grad,14,0.101299500
layer_sweep,L8,hybrid,default.qubit,4,8,2540,2665,1,first_grad_quantum,14,0.096146400
layer_sweep,L8,hybrid,default.qubit,4,8,2540,2665,1,first_grad_classical,14,0.005153100
layer_sweep,L8,hybrid,default.qubit,4,8,2540,2665,1,second_grad,14,0.181805100
layer_sweep,L8,hybrid,default.qubit,4,8,2540,2665,1,second_grad_quantum,14,0.123754300
layer_sweep,L8,hybrid,default.qubit,4,8,2540,2665,1,second_grad_classical,14,0.058050800
layer_sweep,L8,hybrid,default.qubit,4,8,2540,2665,1,param_grad,14,0.392527500
layer_sweep,L8,hybrid,default.qubit,4,8,2540,2665,1,param_grad_quantum,14,0.186207700
layer_sweep,L8,hybrid,default.qubit,4,8,2540,2665,1,param_grad_classical,14,0.206319800
layer_sweep,L4,hybrid,default.qubit,4,4,2540,2601,1,forward,14,0.027777600
layer_sweep,L4,hybrid,default.qubit,4,4,2540,2601,1,forward_quantum,14,0.026855800
layer_sweep,L4,hybrid,default.qubit,4,4,2540,2601,1,forward_classical,14,0.000921800
layer_sweep,L4,hybrid,default.qubit,4,4,2540,2601,1,first_grad,14,0.058477000
layer_sweep,L4,hybrid,default.qubit,4,4,2540,2601,1,first_grad_quantum,14,0.054726900
layer_sweep,L4,hybrid,default.qubit,4,4,2540,2601,1,first_grad_classical,14,0.003750100
layer_sweep,L4,hybrid,default.qubit,4,4,2540,2601,1,second_grad,14,0.101965100
layer_sweep,L4,hybrid,default.qubit,4,4,2540,2601,1,second_grad_quantum,14,0.067463000
layer_sweep,L4,hybrid,default.qubit,4,4,2540,2601,1,second_grad_classical,14,0.034502100
layer_sweep,L4,hybrid,default.qubit,4,4,2540,2601,1,param_grad,14,0.226438300
layer_sweep,L4,hybrid,default.qubit,4,4,2540,2601,1,param_grad_quantum,14,0.103819800
layer_sweep,L4,hybrid,default.qubit,4,4,2540,2601,1,param_grad_classical,14,0.122618500
layer_sweep,L1,hybrid,default.qubit,4,1,2540,2553,0,forward,14,0.011530500
layer_sweep,L1,hybrid,default.qubit,4,1,2540,2553,0,forward_quantum,14,0.010739700
layer_sweep,L1,hybrid,default.qubit,4,1,2540,2553,0,forward_classical,14,0.000790800
layer_sweep,L1,hybrid,default.qubit,4,1,2540,2553,0,first_grad,14,0.022193900
layer_sweep,L1,hybrid,default.qubit,4,1,2540,2553,0,first_grad_quantum,14,0.019941300
layer_sweep,L1,hybrid,default.qubit,4,1,2540,2553,0,first_grad_classical,14,0.002252600
layer_sweep,L1,hybrid,default.qubit,4,1,2540,2553,0,second_grad,14,0.048394500
layer_sweep,L1,hybrid,default.qubit,4,1,2540,2553,0,second_grad_quantum,14,0.031269800
layer_sweep,L1,hybrid,default.qubit,4,1,2540,2553,0,second_grad_classical,14,0.017124700
layer_sweep,L1,hybrid,default.qubit,4,1,2540,2553,0,param_grad,14,0.091723400
layer_sweep,L1,hybrid,default.qubit,4,1,2540,2553,0,param_grad_quantum,14,0.039589700
layer_sweep,L1,hybrid,default.qubit,4,1,2540,2553,0,param_grad_classical,14,0.052133700
layer_sweep,L1,hybrid,default.qubit,4,1,2540,2553,2,forward,14,0.011724600
layer_sweep,L1,hybrid,default.qubit,4,1,2540,2553,2,forward_quantum,14,0.010860300
layer_sweep,L1,hybrid,default.qubit,4,1,2540,2553,2,forward_classical,14,0.000864300
layer_sweep,L1,hybrid,default.qubit,4,1,2540,2553,2,first_grad,14,0.020455000
layer_sweep,L1,hybrid,default.qubit,4,1,2540,2553,2,first_grad_quantum,14,0.018386500
layer_sweep,L1,hybrid,default.qubit,4,1,2540,2553,2,first_grad_classical,14,0.002068500
layer_sweep,L1,hybrid,default.qubit,4,1,2540,2553,2,second_grad,14,0.044020000
layer_sweep,L1,hybrid,default.qubit,4,1,2540,2553,2,second_grad_quantum,14,0.030263700
layer_sweep,L1,hybrid,default.qubit,4,1,2540,2553,2,second_grad_classical,14,0.013756300
layer_sweep,L1,hybrid,default.qubit,4,1,2540,2553,2,param_grad,14,0.096610800
layer_sweep,L1,hybrid,default.qubit,4,1,2540,2553,2,param_grad_quantum,14,0.041158800
layer_sweep,L1,hybrid,default.qubit,4,1,2540,2553,2,param_grad_classical,14,0.055452000
layer_sweep,L2,hybrid,default.qubit,4,2,2540,2569,2,forward,14,0.015686000
layer_sweep,L2,hybrid,default.qubit,4,2,2540,2569,2,forward_quantum,14,0.014959200
layer_sweep,L2,hybrid,default.qubit,4,2,2540,2569,2,forward_classical,14,0.000726800
layer_sweep,L2,hybrid,default.qubit,4,2,2540,2569,2,first_grad,14,0.031620800
layer_sweep,L2,hybrid,default.qubit,4,2,2540,2569,2,first_grad_quantum,14,0.028683500
layer_sweep,L2,hybrid,default.qubit,4,2,2540,2569,2,first_grad_classical,14,0.002937300
layer_sweep,L2,hybrid,default.qubit,4,2,2540,2569,2,second_grad,14,0.067658800
layer_sweep,L2,hybrid,default.qubit,4,2,2540,2569,2,second_grad_quantum,14,0.045463300
layer_sweep,L2,hybrid,default.qubit,4,2,2540,2569,2,second_grad_classical,14,0.022195500
layer_sweep,L2,hybrid,default.qubit,4,2,2540,2569,2,param_grad,14,0.133241400
layer_sweep,L2,hybrid,default.qubit,4,2,2540,2569,2,param_grad_quantum,14,0.058121100
layer_sweep,L2,hybrid,default.qubit,4,2,2540,2569,2,param_grad_classical,14,0.075120300
layer_sweep,L4,hybrid,default.qubit,4,4,2540,2601,0,forward,14,0.026282900
layer_sweep,L4,hybrid,default.qubit,4,4,2540,2601,0,forward_quantum,14,0.025527300
layer_sweep,L4,hybrid,default.qubit,4,4,2540,2601,0,forward_classical,14,0.000755600
layer_sweep,L4,hybrid,default.qubit,4,4,2540,2601,0,first_grad,14,0.056329300
layer_sweep,L4,hybrid,default.qubit,4,4,2540,2601,0,first_grad_quantum,14,0.051622900
layer_sweep,L4,hybrid,default.qubit,4,4,2540,2601,0,first_grad_classical,14,0.004706400
layer_sweep,L4,hybrid,default.qubit,4,4,2540,2601,0,second_grad,14,0.106036000
layer_sweep,L4,hybrid,default.qubit,4,4,2540,2601,0,second_grad_quantum,14,0.069889500
layer_sweep,L4,hybrid,default.qubit,4,4,2540,2601,0,second_grad_classical,14,0.036146500
layer_sweep,L4,hybrid,default.qubit,4,4,2540,2601,0,param_grad,14,0.220972500
layer_sweep,L4,hybrid,default.qubit,4,4,2540,2601,0,param_grad_quantum,14,0.101116700
layer_sweep,L4,hybrid,default.qubit,4,4,2540,2601,0,param_grad_classical,14,0.119855800
layer_sweep,L8,hybrid,default.qubit,4,8,2540,2665,2,forward,14,0.049154000
layer_sweep,L8,hybrid,default.qubit,4,8,2540,2665,2,forward_quantum,14,0.048369900
layer_sweep,L8,hybrid,default.qubit,4,8,2540,2665,2,forward_classical,14,0.000784100
layer_sweep,L8,hybrid,default.qubit,4,8,2540,2665,2,first_grad,14,0.107705700
layer_sweep,L8,hybrid,default.qubit,4,8,2540,2665,2,first_grad_quantum,14,0.102235900
layer_sweep,L8,hybrid,default.qubit,4,8,2540,2665,2,first_grad_classical,14,0.005469800
layer_sweep,L8,hybrid,default.qubit,4,8,2540,2665,2,second_grad,14,0.181459500
layer_sweep,L8,hybrid,default.qubit,4,8,2540,2665,2,second_grad_quantum,14,0.122455100
layer_sweep,L8,hybrid,default.qubit,4,8,2540,2665,2,second_grad_classical,14,0.059004400
layer_sweep,L8,hybrid,default.qubit,4,8,2540,2665,2,param_grad,14,0.385055100
layer_sweep,L8,hybrid,default.qubit,4,8,2540,2665,2,param_grad_quantum,14,0.180069900
layer_sweep,L8,hybrid,default.qubit,4,8,2540,2665,2,param_grad_classical,14,0.204985200
layer_sweep,L4,hybrid,default.qubit,4,4,2540,2601,2,forward,14,0.027570600
layer_sweep,L4,hybrid,default.qubit,4,4,2540,2601,2,forward_quantum,14,0.026779400
layer_sweep,L4,hybrid,default.qubit,4,4,2540,2601,2,forward_classical,14,0.000791200
layer_sweep,L4,hybrid,default.qubit,4,4,2540,2601,2,first_grad,14,0.055862400
layer_sweep,L4,hybrid,default.qubit,4,4,2540,2601,2,first_grad_quantum,14,0.052615200
layer_sweep,L4,hybrid,default.qubit,4,4,2540,2601,2,first_grad_classical,14,0.003247200
layer_sweep,L4,hybrid,default.qubit,4,4,2540,2601,2,second_grad,14,0.102961900
layer_sweep,L4,hybrid,default.qubit,4,4,2540,2601,2,second_grad_quantum,14,0.067787600
layer_sweep,L4,hybrid,default.qubit,4,4,2540,2601,2,second_grad_classical,14,0.035174300
layer_sweep,L4,hybrid,default.qubit,4,4,2540,2601,2,param_grad,14,0.228605400
layer_sweep,L4,hybrid,default.qubit,4,4,2540,2601,2,param_grad_quantum,14,0.107033900
layer_sweep,L4,hybrid,default.qubit,4,4,2540,2601,2,param_grad_classical,14,0.121571500
layer_sweep,L8,hybrid,default.qubit,4,8,2540,2665,0,forward,14,0.047265500
layer_sweep,L8,hybrid,default.qubit,4,8,2540,2665,0,forward_quantum,14,0.046382400
layer_sweep,L8,hybrid,default.qubit,4,8,2540,2665,0,forward_classical,14,0.000883100
layer_sweep,L8,hybrid,default.qubit,4,8,2540,2665,0,first_grad,14,0.113878600
layer_sweep,L8,hybrid,default.qubit,4,8,2540,2665,0,first_grad_quantum,14,0.108871000
layer_sweep,L8,hybrid,default.qubit,4,8,2540,2665,0,first_grad_classical,14,0.005007600
layer_sweep,L8,hybrid,default.qubit,4,8,2540,2665,0,second_grad,14,0.182733500
layer_sweep,L8,hybrid,default.qubit,4,8,2540,2665,0,second_grad_quantum,14,0.122624100
layer_sweep,L8,hybrid,default.qubit,4,8,2540,2665,0,second_grad_classical,14,0.060109400
layer_sweep,L8,hybrid,default.qubit,4,8,2540,2665,0,param_grad,14,0.392642100
layer_sweep,L8,hybrid,default.qubit,4,8,2540,2665,0,param_grad_quantum,14,0.183771900
layer_sweep,L8,hybrid,default.qubit,4,8,2540,2665,0,param_grad_classical,14,0.208870200
layer_sweep,L2,hybrid,default.qubit,4,2,2540,2569,0,forward,14,0.016713400
layer_sweep,L2,hybrid,default.qubit,4,2,2540,2569,0,forward_quantum,14,0.015899100
layer_sweep,L2,hybrid,default.qubit,4,2,2540,2569,0,forward_classical,14,0.000814300
layer_sweep,L2,hybrid,default.qubit,4,2,2540,2569,0,first_grad,14,0.033278100
layer_sweep,L2,hybrid,default.qubit,4,2,2540,2569,0,first_grad_quantum,14,0.029065000
layer_sweep,L2,hybrid,default.qubit,4,2,2540,2569,0,first_grad_classical,14,0.004213100
layer_sweep,L2,hybrid,default.qubit,4,2,2540,2569,0,second_grad,14,0.064200400
layer_sweep,L2,hybrid,default.qubit,4,2,2540,2569,0,second_grad_quantum,14,0.042234900
layer_sweep,L2,hybrid,default.qubit,4,2,2540,2569,0,second_grad_classical,14,0.021965500
layer_sweep,L2,hybrid,default.qubit,4,2,2540,2569,0,param_grad,14,0.133386700
layer_sweep,L2,hybrid,default.qubit,4,2,2540,2569,0,param_grad_quantum,14,0.060304700
layer_sweep,L2,hybrid,default.qubit,4,2,2540,2569,0,param_grad_classical,14,0.073082000
layer_sweep,L1,hybrid,default.qubit,4,1,2540,2553,1,forward,14,0.010156700
layer_sweep,L1,hybrid,default.qubit,4,1,2540,2553,1,forward_quantum,14,0.009415800
layer_sweep,L1,hybrid,default.qubit,4,1,2540,2553,1,forward_classical,14,0.000740900
layer_sweep,L1,hybrid,default.qubit,4,1,2540,2553,1,first_grad,14,0.021637600
layer_sweep,L1,hybrid,default.qubit,4,1,2540,2553,1,first_grad_quantum,14,0.019604700
layer_sweep,L1,hybrid,default.qubit,4,1,2540,2553,1,first_grad_classical,14,0.002032900
layer_sweep,L1,hybrid,default.qubit,4,1,2540,2553,1,second_grad,14,0.044040700
layer_sweep,L1,hybrid,default.qubit,4,1,2540,2553,1,second_grad_quantum,14,0.028597100
layer_sweep,L1,hybrid,default.qubit,4,1,2540,2553,1,second_grad_classical,14,0.015443600
layer_sweep,L1,hybrid,default.qubit,4,1,2540,2553,1,param_grad,14,0.093298000
layer_sweep,L1,hybrid,default.qubit,4,1,2540,2553,1,param_grad_quantum,14,0.040152200
layer_sweep,L1,hybrid,default.qubit,4,1,2540,2553,1,param_grad_classical,14,0.053145800
layer_sweep,L1,hybrid,default.qubit,4,1,2540,2553,1,forward,15,0.011468500
layer_sweep,L1,hybrid,default.qubit,4,1,2540,2553,1,forward_quantum,15,0.010571300
layer_sweep,L1,hybrid,default.qubit,4,1,2540,2553,1,forward_classical,15,0.000897200
layer_sweep,L1,hybrid,default.qubit,4,1,2540,2553,1,first_grad,15,0.019493300
layer_sweep,L1,hybrid,default.qubit,4,1,2540,2553,1,first_grad_quantum,15,0.017628600
layer_sweep,L1,hybrid,default.qubit,4,1,2540,2553,1,first_grad_classical,15,0.001864700
layer_sweep,L1,hybrid,default.qubit,4,1,2540,2553,1,second_grad,15,0.043693800
layer_sweep,L1,hybrid,default.qubit,4,1,2540,2553,1,second_grad_quantum,15,0.028671600
layer_sweep,L1,hybrid,default.qubit,4,1,2540,2553,1,second_grad_classical,15,0.015022200
layer_sweep,L1,hybrid,default.qubit,4,1,2540,2553,1,param_grad,15,0.094765500
layer_sweep,L1,hybrid,default.qubit,4,1,2540,2553,1,param_grad_quantum,15,0.039753000
layer_sweep,L1,hybrid,default.qubit,4,1,2540,2553,1,param_grad_classical,15,0.055012500
layer_sweep,L8,hybrid,default.qubit,4,8,2540,2665,2,forward,15,0.047360600
layer_sweep,L8,hybrid,default.qubit,4,8,2540,2665,2,forward_quantum,15,0.046594900
layer_sweep,L8,hybrid,default.qubit,4,8,2540,2665,2,forward_classical,15,0.000765700
layer_sweep,L8,hybrid,default.qubit,4,8,2540,2665,2,first_grad,15,0.100476200
layer_sweep,L8,hybrid,default.qubit,4,8,2540,2665,2,first_grad_quantum,15,0.094645500
layer_sweep,L8,hybrid,default.qubit,4,8,2540,2665,2,first_grad_classical,15,0.005830700
layer_sweep,L8,hybrid,default.qubit,4,8,2540,2665,2,second_grad,15,0.183892100
layer_sweep,L8,hybrid,default.qubit,4,8,2540,2665,2,second_grad_quantum,15,0.124695100
layer_sweep,L8,hybrid,default.qubit,4,8,2540,2665,2,second_grad_classical,15,0.059197000
layer_sweep,L8,hybrid,default.qubit,4,8,2540,2665,2,param_grad,15,0.394615900
layer_sweep,L8,hybrid,default.qubit,4,8,2540,2665,2,param_grad_quantum,15,0.185064100
layer_sweep,L8,hybrid,default.qubit,4,8,2540,2665,2,param_grad_classical,15,0.209551800
layer_sweep,L2,hybrid,default.qubit,4,2,2540,2569,1,forward,15,0.015895900
layer_sweep,L2,hybrid,default.qubit,4,2,2540,2569,1,forward_quantum,15,0.015006800
layer_sweep,L2,hybrid,default.qubit,4,2,2540,2569,1,forward_classical,15,0.000889100
layer_sweep,L2,hybrid,default.qubit,4,2,2540,2569,1,first_grad,15,0.031685500
layer_sweep,L2,hybrid,default.qubit,4,2,2540,2569,1,first_grad_quantum,15,0.027559400
layer_sweep,L2,hybrid,default.qubit,4,2,2540,2569,1,first_grad_classical,15,0.004126100
layer_sweep,L2,hybrid,default.qubit,4,2,2540,2569,1,second_grad,15,0.068102400
layer_sweep,L2,hybrid,default.qubit,4,2,2540,2569,1,second_grad_quantum,15,0.044229000
layer_sweep,L2,hybrid,default.qubit,4,2,2540,2569,1,second_grad_classical,15,0.023873400
layer_sweep,L2,hybrid,default.qubit,4,2,2540,2569,1,param_grad,15,0.135371900
layer_sweep,L2,hybrid,default.qubit,4,2,2540,2569,1,param_grad_quantum,15,0.060181800
layer_sweep,L2,hybrid,default.qubit,4,2,2540,2569,1,param_grad_classical,15,0.075190100
layer_sweep,L4,hybrid,default.qubit,4,4,2540,2601,2,forward,15,0.027994900
layer_sweep,L4,hybrid,default.qubit,4,4,2540,2601,2,forward_quantum,15,0.027213300
layer_sweep,L4,hybrid,default.qubit,4,4,2540,2601,2,forward_classical,15,0.000781600
layer_sweep,L4,hybrid,default.qubit,4,4,2540,2601,2,first_grad,15,0.059330000
layer_sweep,L4,hybrid,default.qubit,4,4,2540,2601,2,first_grad_quantum,15,0.055946500
layer_sweep,L4,hybrid,default.qubit,4,4,2540,2601,2,first_grad_classical,15,0.003383500
layer_sweep,L4,hybrid,default.qubit,4,4,2540,2601,2,second_grad,15,0.105804000
layer_sweep,L4,hybrid,default.qubit,4,4,2540,2601,2,second_grad_quantum,15,0.069462300
layer_sweep,L4,hybrid,default.qubit,4,4,2540,2601,2,second_grad_classical,15,0.036341700
layer_sweep,L4,hybrid,default.qubit,4,4,2540,2601,2,param_grad,15,0.221468300
layer_sweep,L4,hybrid,default.qubit,4,4,2540,2601,2,param_grad_quantum,15,0.105832500
layer_sweep,L4,hybrid,default.qubit,4,4,2540,2601,2,param_grad_classical,15,0.115635800
layer_sweep,L8,hybrid,default.qubit,4,8,2540,2665,1,forward,15,0.048236000
layer_sweep,L8,hybrid,default.qubit,4,8,2540,2665,1,forward_quantum,15,0.047426000
layer_sweep,L8,hybrid,default.qubit,4,8,2540,2665,1,forward_classical,15,0.000810000
layer_sweep,L8,hybrid,default.qubit,4,8,2540,2665,1,first_grad,15,0.106699600
layer_sweep,L8,hybrid,default.qubit,4,8,2540,2665,1,first_grad_quantum,15,0.101549500
layer_sweep,L8,hybrid,default.qubit,4,8,2540,2665,1,first_grad_classical,15,0.005150100
layer_sweep,L8,hybrid,default.qubit,4,8,2540,2665,1,second_grad,15,0.187248600
layer_sweep,L8,hybrid,default.qubit,4,8,2540,2665,1,second_grad_quantum,15,0.127937700
layer_sweep,L8,hybrid,default.qubit,4,8,2540,2665,1,second_grad_classical,15,0.059310900
layer_sweep,L8,hybrid,default.qubit,4,8,2540,2665,1,param_grad,15,0.389929000
layer_sweep,L8,hybrid,default.qubit,4,8,2540,2665,1,param_grad_quantum,15,0.184332400
layer_sweep,L8,hybrid,default.qubit,4,8,2540,2665,1,param_grad_classical,15,0.205596600
layer_sweep,L1,hybrid,default.qubit,4,1,2540,2553,2,forward,15,0.011299600
layer_sweep,L1,hybrid,default.qubit,4,1,2540,2553,2,forward_quantum,15,0.010442500
layer_sweep,L1,hybrid,default.qubit,4,1,2540,2553,2,forward_classical,15,0.000857100
layer_sweep,L1,hybrid,default.qubit,4,1,2540,2553,2,first_grad,15,0.021633400
layer_sweep,L1,hybrid,default.qubit,4,1,2540,2553,2,first_grad_quantum,15,0.019545300
layer_sweep,L1,hybrid,default.qubit,4,1,2540,2553,2,first_grad_classical,15,0.002088100
layer_sweep,L1,hybrid,default.qubit,4,1,2540,2553,2,second_grad,15,0.042437900
layer_sweep,L1,hybrid,default.qubit,4,1,2540,2553,2,second_grad_quantum,15,0.027841300
layer_sweep,L1,hybrid,default.qubit,4,1,2540,2553,2,second_grad_classical,15,0.014596600
layer_sweep,L1,hybrid,default.qubit,4,1,2540,2553,2,param_grad,15,0.093330600
layer_sweep,L1,hybrid,default.qubit,4,1,2540,2553,2,param_grad_quantum,15,0.038213800
layer_sweep,L1,hybrid,default.qubit,4,1,2540,2553,2,param_grad_classical,15,0.055116800
layer_sweep,L4,hybrid,default.qubit,4,4,2540,2601,0,forward,15,0.028481800
layer_sweep,L4,hybrid,default.qubit,4,4,2540,2601,0,forward_quantum,15,0.027514200
layer_sweep,L4,hybrid,default.qubit,4,4,2540,2601,0,forward_classical,15,0.000967600
layer_sweep,L4,hybrid,default.qubit,4,4,2540,2601,0,first_grad,15,0.053948500
layer_sweep,L4,hybrid,default.qubit,4,4,2540,2601,0,first_grad_quantum,15,0.050440700
layer_sweep,L4,hybrid,default.qubit,4,4,2540,2601,0,first_grad_classical,15,0.003507800
layer_sweep,L4,hybrid,default.qubit,4,4,2540,2601,0,second_grad,15,0.106747700
layer_sweep,L4,hybrid,default.qubit,4,4,2540,2601,0,second_grad_quantum,15,0.070507700
layer_sweep,L4,hybrid,default.qubit,4,4,2540,2601,0,second_grad_classical,15,0.036240000
layer_sweep,L4,hybrid,default.qubit,4,4,2540,2601,0,param_grad,15,0.225515800
layer_sweep,L4,hybrid,default.qubit,4,4,2540,2601,0,param_grad_quantum,15,0.106922100
layer_sweep,L4,hybrid,default.qubit,4,4,2540,2601,0,param_grad_classical,15,0.118593700
layer_sweep,L8,hybrid,default.qubit,4,8,2540,2665,0,forward,15,0.048995700
layer_sweep,L8,hybrid,default.qubit,4,8,2540,2665,0,forward_quantum,15,0.048184700
layer_sweep,L8,hybrid,default.qubit,4,8,2540,2665,0,forward_classical,15,0.000811000
layer_sweep,L8,hybrid,default.qubit,4,8,2540,2665,0,first_grad,15,0.115441300
layer_sweep,L8,hybrid,default.qubit,4,8,2540,2665,0,first_grad_quantum,15,0.109631200
layer_sweep,L8,hybrid,default.qubit,4,8,2540,2665,0,first_grad_classical,15,0.005810100
layer_sweep,L8,hybrid,default.qubit,4,8,2540,2665,0,second_grad,15,0.189769800
layer_sweep,L8,hybrid,default.qubit,4,8,2540,2665,0,second_grad_quantum,15,0.128034800
layer_sweep,L8,hybrid,default.qubit,4,8,2540,2665,0,second_grad_classical,15,0.061735000
layer_sweep,L8,hybrid,default.qubit,4,8,2540,2665,0,param_grad,15,0.390330100
layer_sweep,L8,hybrid,default.qubit,4,8,2540,2665,0,param_grad_quantum,15,0.182271800
layer_sweep,L8,hybrid,default.qubit,4,8,2540,2665,0,param_grad_classical,15,0.208058300
layer_sweep,L4,hybrid,default.qubit,4,4,2540,2601,1,forward,15,0.029603100
layer_sweep,L4,hybrid,default.qubit,4,4,2540,2601,1,forward_quantum,15,0.028786000
layer_sweep,L4,hybrid,default.qubit,4,4,2540,2601,1,forward_classical,15,0.000817100
layer_sweep,L4,hybrid,default.qubit,4,4,2540,2601,1,first_grad,15,0.056978600
layer_sweep,L4,hybrid,default.qubit,4,4,2540,2601,1,first_grad_quantum,15,0.053317600
layer_sweep,L4,hybrid,default.qubit,4,4,2540,2601,1,first_grad_classical,15,0.003661000
layer_sweep,L4,hybrid,default.qubit,4,4,2540,2601,1,second_grad,15,0.107512300
layer_sweep,L4,hybrid,default.qubit,4,4,2540,2601,1,second_grad_quantum,15,0.071167500
layer_sweep,L4,hybrid,default.qubit,4,4,2540,2601,1,second_grad_classical,15,0.036344800
layer_sweep,L4,hybrid,default.qubit,4,4,2540,2601,1,param_grad,15,0.225057600
layer_sweep,L4,hybrid,default.qubit,4,4,2540,2601,1,param_grad_quantum,15,0.104607200
layer_sweep,L4,hybrid,default.qubit,4,4,2540,2601,1,param_grad_classical,15,0.120450400
layer_sweep,L2,hybrid,default.qubit,4,2,2540,2569,0,forward,15,0.016911600
layer_sweep,L2,hybrid,default.qubit,4,2,2540,2569,0,forward_quantum,15,0.016159900
layer_sweep,L2,hybrid,default.qubit,4,2,2540,2569,0,forward_classical,15,0.000751700
layer_sweep,L2,hybrid,default.qubit,4,2,2540,2569,0,first_grad,15,0.036781500
layer_sweep,L2,hybrid,default.qubit,4,2,2540,2569,0,first_grad_quantum,15,0.031755200
layer_sweep,L2,hybrid,default.qubit,4,2,2540,2569,0,first_grad_classical,15,0.005026300
layer_sweep,L2,hybrid,default.qubit,4,2,2540,2569,0,second_grad,15,0.070987000
layer_sweep,L2,hybrid,default.qubit,4,2,2540,2569,0,second_grad_quantum,15,0.047207600
layer_sweep,L2,hybrid,default.qubit,4,2,2540,2569,0,second_grad_classical,15,0.023779400
layer_sweep,L2,hybrid,default.qubit,4,2,2540,2569,0,param_grad,15,0.133826600
layer_sweep,L2,hybrid,default.qubit,4,2,2540,2569,0,param_grad_quantum,15,0.058773100
layer_sweep,L2,hybrid,default.qubit,4,2,2540,2569,0,param_grad_classical,15,0.075053500
layer_sweep,L2,hybrid,default.qubit,4,2,2540,2569,2,forward,15,0.017986600
layer_sweep,L2,hybrid,default.qubit,4,2,2540,2569,2,forward_quantum,15,0.017174400
layer_sweep,L2,hybrid,default.qubit,4,2,2540,2569,2,forward_classical,15,0.000812200
layer_sweep,L2,hybrid,default.qubit,4,2,2540,2569,2,first_grad,15,0.034641800
layer_sweep,L2,hybrid,default.qubit,4,2,2540,2569,2,first_grad_quantum,15,0.029247900
layer_sweep,L2,hybrid,default.qubit,4,2,2540,2569,2,first_grad_classical,15,0.005393900
layer_sweep,L2,hybrid,default.qubit,4,2,2540,2569,2,second_grad,15,0.067852800
layer_sweep,L2,hybrid,default.qubit,4,2,2540,2569,2,second_grad_quantum,15,0.045894600
layer_sweep,L2,hybrid,default.qubit,4,2,2540,2569,2,second_grad_classical,15,0.021958200
layer_sweep,L2,hybrid,default.qubit,4,2,2540,2569,2,param_grad,15,0.136121800
layer_sweep,L2,hybrid,default.qubit,4,2,2540,2569,2,param_grad_quantum,15,0.060314200
layer_sweep,L2,hybrid,default.qubit,4,2,2540,2569,2,param_grad_classical,15,0.075807600
layer_sweep,L1,hybrid,default.qubit,4,1,2540,2553,0,forward,15,0.011339400
layer_sweep,L1,hybrid,default.qubit,4,1,2540,2553,0,forward_quantum,15,0.010550800
layer_sweep,L1,hybrid,default.qubit,4,1,2540,2553,0,forward_classical,15,0.000788600
layer_sweep,L1,hybrid,default.qubit,4,1,2540,2553,0,first_grad,15,0.021211500
layer_sweep,L1,hybrid,default.qubit,4,1,2540,2553,0,first_grad_quantum,15,0.019288000
layer_sweep,L1,hybrid,default.qubit,4,1,2540,2553,0,first_grad_classical,15,0.001923500
layer_sweep,L1,hybrid,default.qubit,4,1,2540,2553,0,second_grad,15,0.042303300
layer_sweep,L1,hybrid,default.qubit,4,1,2540,2553,0,second_grad_quantum,15,0.026513100
layer_sweep,L1,hybrid,default.qubit,4,1,2540,2553,0,second_grad_classical,15,0.015790200
layer_sweep,L1,hybrid,default.qubit,4,1,2540,2553,0,param_grad,15,0.092796400
layer_sweep,L1,hybrid,default.qubit,4,1,2540,2553,0,param_grad_quantum,15,0.038173000
layer_sweep,L1,hybrid,default.qubit,4,1,2540,2553,0,param_grad_classical,15,0.054623400
layer_sweep,L2,hybrid,default.qubit,4,2,2540,2569,0,forward,16,0.016477800
layer_sweep,L2,hybrid,default.qubit,4,2,2540,2569,0,forward_quantum,16,0.015667900
layer_sweep,L2,hybrid,default.qubit,4,2,2540,2569,0,forward_classical,16,0.000809900
layer_sweep,L2,hybrid,default.qubit,4,2,2540,2569,0,first_grad,16,0.034361200
layer_sweep,L2,hybrid,default.qubit,4,2,2540,2569,0,first_grad_quantum,16,0.028497600
layer_sweep,L2,hybrid,default.qubit,4,2,2540,2569,0,first_grad_classical,16,0.005863600
layer_sweep,L2,hybrid,default.qubit,4,2,2540,2569,0,second_grad,16,0.068423800
layer_sweep,L2,hybrid,default.qubit,4,2,2540,2569,0,second_grad_quantum,16,0.043966100
layer_sweep,L2,hybrid,default.qubit,4,2,2540,2569,0,second_grad_classical,16,0.024457700
layer_sweep,L2,hybrid,default.qubit,4,2,2540,2569,0,param_grad,16,0.133851900
layer_sweep,L2,hybrid,default.qubit,4,2,2540,2569,0,param_grad_quantum,16,0.058790600
layer_sweep,L2,hybrid,default.qubit,4,2,2540,2569,0,param_grad_classical,16,0.075061300
layer_sweep,L4,hybrid,default.qubit,4,4,2540,2601,1,forward,16,0.027721300
layer_sweep,L4,hybrid,default.qubit,4,4,2540,2601,1,forward_quantum,16,0.026941100
layer_sweep,L4,hybrid,default.qubit,4,4,2540,2601,1,forward_classical,16,0.000780200
layer_sweep,L4,hybrid,default.qubit,4,4,2540,2601,1,first_grad,16,0.053742800
layer_sweep,L4,hybrid,default.qubit,4,4,2540,2601,1,first_grad_quantum,16,0.050509900
layer_sweep,L4,hybrid,default.qubit,4,4,2540,2601,1,first_grad_classical,16,0.003232900
layer_sweep,L4,hybrid,default.qubit,4,4,2540,2601,1,second_grad,16,0.107914100
layer_sweep,L4,hybrid,default.qubit,4,4,2540,2601,1,second_grad_quantum,16,0.071784000
layer_sweep,L4,hybrid,default.qubit,4,4,2540,2601,1,second_grad_classical,16,0.036130100
layer_sweep,L4,hybrid,default.qubit,4,4,2540,2601,1,param_grad,16,0.227933800
layer_sweep,L4,hybrid,default.qubit,4,4,2540,2601,1,param_grad_quantum,16,0.106234700
layer_sweep,L4,hybrid,default.qubit,4,4,2540,2601,1,param_grad_classical,16,0.121699100
layer_sweep,L8,hybrid,default.qubit,4,8,2540,2665,1,forward,16,0.049585700
layer_sweep,L8,hybrid,default.qubit,4,8,2540,2665,1,forward_quantum,16,0.048503600
layer_sweep,L8,hybrid,default.qubit,4,8,2540,2665,1,forward_classical,16,0.001082100
layer_sweep,L8,hybrid,default.qubit,4,8,2540,2665,1,first_grad,16,0.111500300
layer_sweep,L8,hybrid,default.qubit,4,8,2540,2665,1,first_grad_quantum,16,0.106319800
layer_sweep,L8,hybrid,default.qubit,4,8,2540,2665,1,first_grad_classical,16,0.005180500
layer_sweep,L8,hybrid,default.qubit,4,8,2540,2665,1,second_grad,16,0.182926000
layer_sweep,L8,hybrid,default.qubit,4,8,2540,2665,1,second_grad_quantum,16,0.122210300
layer_sweep,L8,hybrid,default.qubit,4,8,2540,2665,1,second_grad_classical,16,0.060715700
layer_sweep,L8,hybrid,default.qubit,4,8,2540,2665,1,param_grad,16,0.391427000
layer_sweep,L8,hybrid,default.qubit,4,8,2540,2665,1,param_grad_quantum,16,0.182969800
layer_sweep,L8,hybrid,default.qubit,4,8,2540,2665,1,param_grad_classical,16,0.208457200
layer_sweep,L8,hybrid,default.qubit,4,8,2540,2665,0,forward,16,0.050238100
layer_sweep,L8,hybrid,default.qubit,4,8,2540,2665,0,forward_quantum,16,0.049463500
layer_sweep,L8,hybrid,default.qubit,4,8,2540,2665,0,forward_classical,16,0.000774600
layer_sweep,L8,hybrid,default.qubit,4,8,2540,2665,0,first_grad,16,0.101593300
layer_sweep,L8,hybrid,default.qubit,4,8,2540,2665,0,first_grad_quantum,16,0.095833500
layer_sweep,L8,hybrid,default.qubit,4,8,2540,2665,0,first_grad_classical,16,0.005759800
layer_sweep,L8,hybrid,default.qubit,4,8,2540,2665,0,second_grad,16,0.185078600
layer_sweep,L8,hybrid,default.qubit,4,8,2540,2665,0,second_grad_quantum,16,0.125916200
layer_sweep,L8,hybrid,default.qubit,4,8,2540,2665,0,second_grad_classical,16,0.059162400
layer_sweep,L8,hybrid,default.qubit,4,8,2540,2665,0,param_grad,16,0.383768800
layer_sweep,L8,hybrid,default.qubit,4,8,2540,2665,0,param_grad_quantum,16,0.178456500
layer_sweep,L8,hybrid,default.qubit,4,8,2540,2665,0,param_grad_classical,16,0.205312300
layer_sweep,L8,hybrid,default.qubit,4,8,2540,2665,2,forward,16,0.050964700
layer_sweep,L8,hybrid,default.qubit,4,8,2540,2665,2,forward_quantum,16,0.050199300
layer_sweep,L8,hybrid,default.qubit,4,8,2540,2665,2,forward_classical,16,0.000765400
layer_sweep,L8,hybrid,default.qubit,4,8,2540,2665,2,first_grad,16,0.101542100
layer_sweep,L8,hybrid,default.qubit,4,8,2540,2665,2,first_grad_quantum,16,0.096820500
layer_sweep,L8,hybrid,default.qubit,4,8,2540,2665,2,first_grad_classical,16,0.004721600
layer_sweep,L8,hybrid,default.qubit,4,8,2540,2665,2,second_grad,16,0.182003800
layer_sweep,L8,hybrid,default.qubit,4,8,2540,2665,2,second_grad_quantum,16,0.125078000
layer_sweep,L8,hybrid,default.qubit,4,8,2540,2665,2,second_grad_classical,16,0.056925800
layer_sweep,L8,hybrid,default.qubit,4,8,2540,2665,2,param_grad,16,0.390550000
layer_sweep,L8,hybrid,default.qubit,4,8,2540,2665,2,param_grad_quantum,16,0.188389800
layer_sweep,L8,hybrid,default.qubit,4,8,2540,2665,2,param_grad_classical,16,0.202160200
layer_sweep,L1,hybrid,default.qubit,4,1,2540,2553,2,forward,16,0.011750800
layer_sweep,L1,hybrid,default.qubit,4,1,2540,2553,2,forward_quantum,16,0.010989900
layer_sweep,L1,hybrid,default.qubit,4,1,2540,2553,2,forward_classical,16,0.000760900
layer_sweep,L1,hybrid,default.qubit,4,1,2540,2553,2,first_grad,16,0.020499900
layer_sweep,L1,hybrid,default.qubit,4,1,2540,2553,2,first_grad_quantum,16,0.018217000
layer_sweep,L1,hybrid,default.qubit,4,1,2540,2553,2,first_grad_classical,16,0.002282900
layer_sweep,L1,hybrid,default.qubit,4,1,2540,2553,2,second_grad,16,0.044886100
layer_sweep,L1,hybrid,default.qubit,4,1,2540,2553,2,second_grad_quantum,16,0.029885000
layer_sweep,L1,hybrid,default.qubit,4,1,2540,2553,2,second_grad_classical,16,0.015001100
layer_sweep,L1,hybrid,default.qubit,4,1,2540,2553,2,param_grad,16,0.093202500
layer_sweep,L1,hybrid,default.qubit,4,1,2540,2553,2,param_grad_quantum,16,0.039889200
layer_sweep,L1,hybrid,default.qubit,4,1,2540,2553,2,param_grad_classical,16,0.053313300
layer_sweep,L1,hybrid,default.qubit,4,1,2540,2553,1,forward,16,0.010417600
layer_sweep,L1,hybrid,default.qubit,4,1,2540,2553,1,forward_quantum,16,0.009650400
layer_sweep,L1,hybrid,default.qubit,4,1,2540,2553,1,forward_classical,16,0.000767200
layer_sweep,L1,hybrid,default.qubit,4,1,2540,2553,1,first_grad,16,0.020537300
layer_sweep,L1,hybrid,default.qubit,4,1,2540,2553,1,first_grad_quantum,16,0.018525600
layer_sweep,L1,hybrid,default.qubit,4,1,2540,2553,1,first_grad_classical,16,0.002011700
layer_sweep,L1,hybrid,default.qubit,4,1,2540,2553,1,second_grad,16,0.040932700
layer_sweep,L1,hybrid,default.qubit,4,1,2540,2553,1,second_grad_quantum,16,0.026818700
layer_sweep,L1,hybrid,default.qubit,4,1,2540,2553,1,second_grad_classical,16,0.014114000
layer_sweep,L1,hybrid,default.qubit,4,1,2540,2553,1,param_grad,16,0.093693700
layer_sweep,L1,hybrid,default.qubit,4,1,2540,2553,1,param_grad_quantum,16,0.039038700
layer_sweep,L1,hybrid,default.qubit,4,1,2540,2553,1,param_grad_classical,16,0.054655000
layer_sweep,L2,hybrid,default.qubit,4,2,2540,2569,1,forward,16,0.016856800
layer_sweep,L2,hybrid,default.qubit,4,2,2540,2569,1,forward_quantum,16,0.016091700
layer_sweep,L2,hybrid,default.qubit,4,2,2540,2569,1,forward_classical,16,0.000765100
layer_sweep,L2,hybrid,default.qubit,4,2,2540,2569,1,first_grad,16,0.029977600
layer_sweep,L2,hybrid,default.qubit,4,2,2540,2569,1,first_grad_quantum,16,0.026710800
layer_sweep,L2,hybrid,default.qubit,4,2,2540,2569,1,first_grad_classical,16,0.003266800
layer_sweep,L2,hybrid,default.qubit,4,2,2540,2569,1,second_grad,16,0.065186800
layer_sweep,L2,hybrid,default.qubit,4,2,2540,2569,1,second_grad_quantum,16,0.043186500
layer_sweep,L2,hybrid,default.qubit,4,2,2540,2569,1,second_grad_classical,16,0.022000300
layer_sweep,L2,hybrid,default.qubit,4,2,2540,2569,1,param_grad,16,0.136660000
layer_sweep,L2,hybrid,default.qubit,4,2,2540,2569,1,param_grad_quantum,16,0.058653300
layer_sweep,L2,hybrid,default.qubit,4,2,2540,2569,1,param_grad_classical,16,0.078006700
layer_sweep,L2,hybrid,default.qubit,4,2,2540,2569,2,forward,16,0.016827100
layer_sweep,L2,hybrid,default.qubit,4,2,2540,2569,2,forward_quantum,16,0.016029300
layer_sweep,L2,hybrid,default.qubit,4,2,2540,2569,2,forward_classical,16,0.000797800
layer_sweep,L2,hybrid,default.qubit,4,2,2540,2569,2,first_grad,16,0.033158600
layer_sweep,L2,hybrid,default.qubit,4,2,2540,2569,2,first_grad_quantum,16,0.027510500
layer_sweep,L2,hybrid,default.qubit,4,2,2540,2569,2,first_grad_classical,16,0.005648100
layer_sweep,L2,hybrid,default.qubit,4,2,2540,2569,2,second_grad,16,0.070440600
layer_sweep,L2,hybrid,default.qubit,4,2,2540,2569,2,second_grad_quantum,16,0.046601800
layer_sweep,L2,hybrid,default.qubit,4,2,2540,2569,2,second_grad_classical,16,0.023838800
layer_sweep,L2,hybrid,default.qubit,4,2,2540,2569,2,param_grad,16,0.140823800
layer_sweep,L2,hybrid,default.qubit,4,2,2540,2569,2,param_grad_quantum,16,0.061312700
layer_sweep,L2,hybrid,default.qubit,4,2,2540,2569,2,param_grad_classical,16,0.079511100
layer_sweep,L4,hybrid,default.qubit,4,4,2540,2601,0,forward,16,0.027130500
layer_sweep,L4,hybrid,default.qubit,4,4,2540,2601,0,forward_quantum,16,0.026366900
layer_sweep,L4,hybrid,default.qubit,4,4,2540,2601,0,forward_classical,16,0.000763600
layer_sweep,L4,hybrid,default.qubit,4,4,2540,2601,0,first_grad,16,0.053962000
layer_sweep,L4,hybrid,default.qubit,4,4,2540,2601,0,first_grad_quantum,16,0.049218600
layer_sweep,L4,hybrid,default.qubit,4,4,2540,2601,0,first_grad_classical,16,0.004743400
layer_sweep,L4,hybrid,default.qubit,4,4,2540,2601,0,second_grad,16,0.106863300
layer_sweep,L4,hybrid,default.qubit,4,4,2540,2601,0,second_grad_quantum,16,0.070378800
layer_sweep,L4,hybrid,default.qubit,4,4,2540,2601,0,second_grad_classical,16,0.036484500
layer_sweep,L4,hybrid,default.qubit,4,4,2540,2601,0,param_grad,16,0.219780000
layer_sweep,L4,hybrid,default.qubit,4,4,2540,2601,0,param_grad_quantum,16,0.100840400
layer_sweep,L4,hybrid,default.qubit,4,4,2540,2601,0,param_grad_classical,16,0.118939600
layer_sweep,L4,hybrid,default.qubit,4,4,2540,2601,2,forward,16,0.027406600
layer_sweep,L4,hybrid,default.qubit,4,4,2540,2601,2,forward_quantum,16,0.026405600
layer_sweep,L4,hybrid,default.qubit,4,4,2540,2601,2,forward_classical,16,0.001001000
layer_sweep,L4,hybrid,default.qubit,4,4,2540,2601,2,first_grad,16,0.059517000
layer_sweep,L4,hybrid,default.qubit,4,4,2540,2601,2,first_grad_quantum,16,0.055879600
layer_sweep,L4,hybrid,default.qubit,4,4,2540,2601,2,first_grad_classical,16,0.003637400
layer_sweep,L4,hybrid,default.qubit,4,4,2540,2601,2,second_grad,16,0.108471400
layer_sweep,L4,hybrid,default.qubit,4,4,2540,2601,2,second_grad_quantum,16,0.071824700
layer_sweep,L4,hybrid,default.qubit,4,4,2540,2601,2,second_grad_classical,16,0.036646700
layer_sweep,L4,hybrid,default.qubit,4,4,2540,2601,2,param_grad,16,0.223990800
layer_sweep,L4,hybrid,default.qubit,4,4,2540,2601,2,param_grad_quantum,16,0.105677200
layer_sweep,L4,hybrid,default.qubit,4,4,2540,2601,2,param_grad_classical,16,0.118313600
layer_sweep,L1,hybrid,default.qubit,4,1,2540,2553,0,forward,16,0.011982900
layer_sweep,L1,hybrid,default.qubit,4,1,2540,2553,0,forward_quantum,16,0.011205300
layer_sweep,L1,hybrid,default.qubit,4,1,2540,2553,0,forward_classical,16,0.000777600
layer_sweep,L1,hybrid,default.qubit,4,1,2540,2553,0,first_grad,16,0.021524500
layer_sweep,L1,hybrid,default.qubit,4,1,2540,2553,0,first_grad_quantum,16,0.019634300
layer_sweep,L1,hybrid,default.qubit,4,1,2540,2553,0,first_grad_classical,16,0.001890200
layer_sweep,L1,hybrid,default.qubit,4,1,2540,2553,0,second_grad,16,0.049706600
layer_sweep,L1,hybrid,default.qubit,4,1,2540,2553,0,second_grad_quantum,16,0.031332500
layer_sweep,L1,hybrid,default.qubit,4,1,2540,2553,0,second_grad_classical,16,0.018374100
layer_sweep,L1,hybrid,default.qubit,4,1,2540,2553,0,param_grad,16,0.095570300
layer_sweep,L1,hybrid,default.qubit,4,1,2540,2553,0,param_grad_quantum,16,0.041773600
layer_sweep,L1,hybrid,default.qubit,4,1,2540,2553,0,param_grad_classical,16,0.053796700
layer_sweep,L2,hybrid,default.qubit,4,2,2540,2569,0,forward,17,0.016831600
layer_sweep,L2,hybrid,default.qubit,4,2,2540,2569,0,forward_quantum,17,0.016043700
layer_sweep,L2,hybrid,default.qubit,4,2,2540,2569,0,forward_classical,17,0.000787900
layer_sweep,L2,hybrid,default.qubit,4,2,2540,2569,0,first_grad,17,0.033664500
layer_sweep,L2,hybrid,default.qubit,4,2,2540,2569,0,first_grad_quantum,17,0.029062100
layer_sweep,L2,hybrid,default.qubit,4,2,2540,2569,0,first_grad_classical,17,0.004602400
layer_sweep,L2,hybrid,default.qubit,4,2,2540,2569,0,second_grad,17,0.070303600
layer_sweep,L2,hybrid,default.qubit,4,2,2540,2569,0,second_grad_quantum,17,0.045302700
layer_sweep,L2,hybrid,default.qubit,4,2,2540,2569,0,second_grad_classical,17,0.025000900
layer_sweep,L2,hybrid,default.qubit,4,2,2540,2569,0,param_grad,17,0.134971600
layer_sweep,L2,hybrid,default.qubit,4,2,2540,2569,0,param_grad_quantum,17,0.060136900
layer_sweep,L2,hybrid,default.qubit,4,2,2540,2569,0,param_grad_classical,17,0.074834700
layer_sweep,L4,hybrid,default.qubit,4,4,2540,2601,2,forward,17,0.026502600
layer_sweep,L4,hybrid,default.qubit,4,4,2540,2601,2,forward_quantum,17,0.025641200
layer_sweep,L4,hybrid,default.qubit,4,4,2540,2601,2,forward_classical,17,0.000861400
layer_sweep,L4,hybrid,default.qubit,4,4,2540,2601,2,first_grad,17,0.054295400
layer_sweep,L4,hybrid,default.qubit,4,4,2540,2601,2,first_grad_quantum,17,0.051074600
layer_sweep,L4,hybrid,default.qubit,4,4,2540,2601,2,first_grad_classical,17,0.003220800
layer_sweep,L4,hybrid,default.qubit,4,4,2540,2601,2,second_grad,17,0.108086300
layer_sweep,L4,hybrid,default.qubit,4,4,2540,2601,2,second_grad_quantum,17,0.070810000
layer_sweep,L4,hybrid,default.qubit,4,4,2540,2601,2,second_grad_classical,17,0.037276300
layer_sweep,L4,hybrid,default.qubit,4,4,2540,2601,2,param_grad,17,0.223321900
layer_sweep,L4,hybrid,default.qubit,4,4,2540,2601,2,param_grad_quantum,17,0.103425900
layer_sweep,L4,hybrid,default.qubit,4,4,2540,2601,2,param_grad_classical,17,0.119896000
layer_sweep,L8,hybrid,default.qubit,4,8,2540,2665,2,forward,17,0.050183500
layer_sweep,L8,hybrid,default.qubit,4,8,2540,2665,2,forward_quantum,17,0.049344700
layer_sweep,L8,hybrid,default.qubit,4,8,2540,2665,2,forward_classical,17,0.000838800
layer_sweep,L8,hybrid,default.qubit,4,8,2540,2665,2,first_grad,17,0.107140200
layer_sweep,L8,hybrid,default.qubit,4,8,2540,2665,2,first_grad_quantum,17,0.102066300
layer_sweep,L8,hybrid,default.qubit,4,8,2540,2665,2,first_grad_classical,17,0.005073900
layer_sweep,L8,hybrid,default.qubit,4,8,2540,2665,2,second_grad,17,0.181636100
layer_sweep,L8,hybrid,default.qubit,4,8,2540,2665,2,second_grad_quantum,17,0.121267100
layer_sweep,L8,hybrid,default.qubit,4,8,2540,2665,2,second_grad_classical,17,0.060369000
layer_sweep,L8,hybrid,default.qubit,4,8,2540,2665,2,param_grad,17,0.389993700
layer_sweep,L8,hybrid,default.qubit,4,8,2540,2665,2,param_grad_quantum,17,0.183040700
layer_sweep,L8,hybrid,default.qubit,4,8,2540,2665,2,param_grad_classical,17,0.206953000
layer_sweep,L2,hybrid,default.qubit,4,2,2540,2569,2,forward,17,0.017171200
layer_sweep,L2,hybrid,default.qubit,4,2,2540,2569,2,forward_quantum,17,0.016365000
layer_sweep,L2,hybrid,default.qubit,4,2,2540,2569,2,forward_classical,17,0.000806200
layer_sweep,L2,hybrid,default.qubit,4,2,2540,2569,2,first_grad,17,0.032616600
layer_sweep,L2,hybrid,default.qubit,4,2,2540,2569,2,first_grad_quantum,17,0.028666800
layer_sweep,L2,hybrid,default.qubit,4,2,2540,2569,2,first_grad_classical,17,0.003949800
layer_sweep,L2,hybrid,default.qubit,4,2,2540,2569,2,second_grad,17,0.070322600
layer_sweep,L2,hybrid,default.qubit,4,2,2540,2569,2,second_grad_quantum,17,0.047588200
layer_sweep,L2,hybrid,default.qubit,4,2,2540,2569,2,second_grad_classical,17,0.022734400
layer_sweep,L2,hybrid,default.qubit,4,2,2540,2569,2,param_grad,17,0.134474800
layer_sweep,L2,hybrid,default.qubit,4,2,2540,2569,2,param_grad_quantum,17,0.058970500
layer_sweep,L2,hybrid,default.qubit,4,2,2540,2569,2,param_grad_classical,17,0.075504300
layer_sweep,L8,hybrid,default.qubit,4,8,2540,2665,0,forward,17,0.048257800
layer_sweep,L8,hybrid,default.qubit,4,8,2540,2665,0,forward_quantum,17,0.047430600
layer_sweep,L8,hybrid,default.qubit,4,8,2540,2665,0,forward_classical,17,0.000827200
layer_sweep,L8,hybrid,default.qubit,4,8,2540,2665,0,first_grad,17,0.097827100
layer_sweep,L8,hybrid,default.qubit,4,8,2540,2665,0,first_grad_quantum,17,0.092385100
layer_sweep,L8,hybrid,default.qubit,4,8,2540,2665,0,first_grad_classical,17,0.005442000
layer_sweep,L8,hybrid,default.qubit,4,8,2540,2665,0,second_grad,17,0.188907200
layer_sweep,L8,hybrid,default.qubit,4,8,2540,2665,0,second_grad_quantum,17,0.128722300
layer_sweep,L8,hybrid,default.qubit,4,8,2540,2665,0,second_grad_classical,17,0.060184900
layer_sweep,L8,hybrid,default.qubit,4,8,2540,2665,0,param_grad,17,0.392294600
layer_sweep,L8,hybrid,default.qubit,4,8,2540,2665,0,param_grad_quantum,17,0.185990300
layer_sweep,L8,hybrid,default.qubit,4,8,2540,2665,0,param_grad_classical,17,0.206304300
layer_sweep,L4,hybrid,default.qubit,4,4,2540,2601,0,forward,17,0.028481300
layer_sweep,L4,hybrid,default.qubit,4,4,2540,2601,0,forward_quantum,17,0.027604000
layer_sweep,L4,hybrid,default.qubit,4,4,2540,2601,0,forward_classical,17,0.000877300
layer_sweep,L4,hybrid,default.qubit,4,4,2540,2601,0,first_grad,17,0.058772100
layer_sweep,L4,hybrid,default.qubit,4,4,2540,2601,0,first_grad_quantum,17,0.055210800
layer_sweep,L4,hybrid,default.qubit,4,4,2540,2601,0,first_grad_classical,17,0.003561300
layer_sweep,L4,hybrid,default.qubit,4,4,2540,2601,0,second_grad,17,0.103123900
layer_sweep,L4,hybrid,default.qubit,4,4,2540,2601,0,second_grad_quantum,17,0.068743200
layer_sweep,L4,hybrid,default.qubit,4,4,2540,2601,0,second_grad_classical,17,0.034380700
layer_sweep,L4,hybrid,default.qubit,4,4,2540,2601,0,param_grad,17,0.221601600
layer_sweep,L4,hybrid,default.qubit,4,4,2540,2601,0,param_grad_quantum,17,0.104302900
layer_sweep,L4,hybrid,default.qubit,4,4,2540,2601,0,param_grad_classical,17,0.117298700
layer_sweep,L2,hybrid,default.qubit,4,2,2540,2569,1,forward,17,0.014891200
layer_sweep,L2,hybrid,default.qubit,4,2,2540,2569,1,forward_quantum,17,0.014113800
layer_sweep,L2,hybrid,default.qubit,4,2,2540,2569,1,forward_classical,17,0.000777400
layer_sweep,L2,hybrid,default.qubit,4,2,2540,2569,1,first_grad,17,0.033907300
layer_sweep,L2,hybrid,default.qubit,4,2,2540,2569,1,first_grad_quantum,17,0.029130400
layer_sweep,L2,hybrid,default.qubit,4,2,2540,2569,1,first_grad_classical,17,0.004776900
layer_sweep,L2,hybrid,default.qubit,4,2,2540,2569,1,second_grad,17,0.069481900
layer_sweep,L2,hybrid,default.qubit,4,2,2540,2569,1,second_grad_quantum,17,0.045162300
layer_sweep,L2,hybrid,default.qubit,4,2,2540,2569,1,second_grad_classical,17,0.024319600
layer_sweep,L2,hybrid,default.qubit,4,2,2540,2569,1,param_grad,17,0.137688700
layer_sweep,L2,hybrid,default.qubit,4,2,2540,2569,1,param_grad_quantum,17,0.058492300
layer_sweep,L2,hybrid,default.qubit,4,2,2540,2569,1,param_grad_classical,17,0.079196400
layer_sweep,L1,hybrid,default.qubit,4,1,2540,2553,1,forward,17,0.011129700
layer_sweep,L1,hybrid,default.qubit,4,1,2540,2553,1,forward_quantum,17,0.010400700
layer_sweep,L1,hybrid,default.qubit,4,1,2540,2553,1,forward_classical,17,0.000729000
layer_sweep,L1,hybrid,default.qubit,4,1,2540,2553,1,first_grad,17,0.021091500
layer_sweep,L1,hybrid,default.qubit,4,1,2540,2553,1,first_grad_quantum,17,0.019098700
layer_sweep,L1,hybrid,default.qubit,4,1,2540,2553,1,first_grad_classical,17,0.001992800
layer_sweep,L1,hybrid,default.qubit,4,1,2540,2553,1,second_grad,17,0.043267600
layer_sweep,L1,hybrid,default.qubit,4,1,2540,2553,1,second_grad_quantum,17,0.028577400
layer_sweep,L1,hybrid,default.qubit,4,1,2540,2553,1,second_grad_classical,17,0.014690200
layer_sweep,L1,hybrid,default.qubit,4,1,2540,2553,1,param_grad,17,0.092736800
layer_sweep,L1,hybrid,default.qubit,4,1,2540,2553,1,param_grad_quantum,17,0.039328100
layer_sweep,L1,hybrid,default.qubit,4,1,2540,2553,1,param_grad_classical,17,0.053408700
layer_sweep,L1,hybrid,default.qubit,4,1,2540,2553,2,forward,17,0.011543900
layer_sweep,L1,hybrid,default.qubit,4,1,2540,2553,2,forward_quantum,17,0.010767600
layer_sweep,L1,hybrid,default.qubit,4,1,2540,2553,2,forward_classical,17,0.000776300
layer_sweep,L1,hybrid,default.qubit,4,1,2540,2553,2,first_grad,17,0.020806600
layer_sweep,L1,hybrid,default.qubit,4,1,2540,2553,2,first_grad_quantum,17,0.018787300
layer_sweep,L1,hybrid,default.qubit,4,1,2540,2553,2,first_grad_classical,17,0.002019300
layer_sweep,L1,hybrid,default.qubit,4,1,2540,2553,2,second_grad,17,0.040542100
layer_sweep,L1,hybrid,default.qubit,4,1,2540,2553,2,second_grad_quantum,17,0.027146000
layer_sweep,L1,hybrid,default.qubit,4,1,2540,2553,2,second_grad_classical,17,0.013396100
layer_sweep,L1,hybrid,default.qubit,4,1,2540,2553,2,param_grad,17,0.095364500
layer_sweep,L1,hybrid,default.qubit,4,1,2540,2553,2,param_grad_quantum,17,0.039031300
layer_sweep,L1,hybrid,default.qubit,4,1,2540,2553,2,param_grad_classical,17,0.056333200
layer_sweep,L4,hybrid,default.qubit,4,4,2540,2601,1,forward,17,0.026220700
layer_sweep,L4,hybrid,default.qubit,4,4,2540,2601,1,forward_quantum,17,0.025355700
layer_sweep,L4,hybrid,default.qubit,4,4,2540,2601,1,forward_classical,17,0.000865000
layer_sweep,L4,hybrid,default.qubit,4,4,2540,2601,1,first_grad,17,0.051347600
layer_sweep,L4,hybrid,default.qubit,4,4,2540,2601,1,first_grad_quantum,17,0.048217100
layer_sweep,L4,hybrid,default.qubit,4,4,2540,2601,1,first_grad_classical,17,0.003130500
layer_sweep,L4,hybrid,default.qubit,4,4,2540,2601,1,second_grad,17,0.109310200
layer_sweep,L4,hybrid,default.qubit,4,4,2540,2601,1,second_grad_quantum,17,0.072792400
layer_sweep,L4,hybrid,default.qubit,4,4,2540,2601,1,second_grad_classical,17,0.036517800
layer_sweep,L4,hybrid,default.qubit,4,4,2540,2601,1,param_grad,17,0.233960800
layer_sweep,L4,hybrid,default.qubit,4,4,2540,2601,1,param_grad_quantum,17,0.111274700
layer_sweep,L4,hybrid,default.qubit,4,4,2540,2601,1,param_grad_classical,17,0.122686100
layer_sweep,L8,hybrid,default.qubit,4,8,2540,2665,1,forward,17,0.049256400
layer_sweep,L8,hybrid,default.qubit,4,8,2540,2665,1,forward_quantum,17,0.048413400
layer_sweep,L8,hybrid,default.qubit,4,8,2540,2665,1,forward_classical,17,0.000843000
layer_sweep,L8,hybrid,default.qubit,4,8,2540,2665,1,first_grad,17,0.106073800
layer_sweep,L8,hybrid,default.qubit,4,8,2540,2665,1,first_grad_quantum,17,0.100630300
layer_sweep,L8,hybrid,default.qubit,4,8,2540,2665,1,first_grad_classical,17,0.005443500
layer_sweep,L8,hybrid,default.qubit,4,8,2540,2665,1,second_grad,17,0.183654400
layer_sweep,L8,hybrid,default.qubit,4,8,2540,2665,1,second_grad_quantum,17,0.123016000
layer_sweep,L8,hybrid,default.qubit,4,8,2540,2665,1,second_grad_classical,17,0.060638400
layer_sweep,L8,hybrid,default.qubit,4,8,2540,2665,1,param_grad,17,0.394399600
layer_sweep,L8,hybrid,default.qubit,4,8,2540,2665,1,param_grad_quantum,17,0.187058100
layer_sweep,L8,hybrid,default.qubit,4,8,2540,2665,1,param_grad_classical,17,0.207341500
layer_sweep,L1,hybrid,default.qubit,4,1,2540,2553,0,forward,17,0.011321900
layer_sweep,L1,hybrid,default.qubit,4,1,2540,2553,0,forward_quantum,17,0.010528600
layer_sweep,L1,hybrid,default.qubit,4,1,2540,2553,0,forward_classical,17,0.000793300
layer_sweep,L1,hybrid,default.qubit,4,1,2540,2553,0,first_grad,17,0.021412000
layer_sweep,L1,hybrid,default.qubit,4,1,2540,2553,0,first_grad_quantum,17,0.019353700
layer_sweep,L1,hybrid,default.qubit,4,1,2540,2553,0,first_grad_classical,17,0.002058300
layer_sweep,L1,hybrid,default.qubit,4,1,2540,2553,0,second_grad,17,0.042723300
layer_sweep,L1,hybrid,default.qubit,4,1,2540,2553,0,second_grad_quantum,17,0.028048200
layer_sweep,L1,hybrid,default.qubit,4,1,2540,2553,0,second_grad_classical,17,0.014675100
layer_sweep,L1,hybrid,default.qubit,4,1,2540,2553,0,param_grad,17,0.094222100
layer_sweep,L1,hybrid,default.qubit,4,1,2540,2553,0,param_grad_quantum,17,0.037969600
layer_sweep,L1,hybrid,default.qubit,4,1,2540,2553,0,param_grad_classical,17,0.056252500
layer_sweep,L1,hybrid,default.qubit,4,1,2540,2553,2,forward,18,0.011619300
layer_sweep,L1,hybrid,default.qubit,4,1,2540,2553,2,forward_quantum,18,0.010522400
layer_sweep,L1,hybrid,default.qubit,4,1,2540,2553,2,forward_classical,18,0.001096900
layer_sweep,L1,hybrid,default.qubit,4,1,2540,2553,2,first_grad,18,0.020112100
layer_sweep,L1,hybrid,default.qubit,4,1,2540,2553,2,first_grad_quantum,18,0.017909800
layer_sweep,L1,hybrid,default.qubit,4,1,2540,2553,2,first_grad_classical,18,0.002202300
layer_sweep,L1,hybrid,default.qubit,4,1,2540,2553,2,second_grad,18,0.042919400
layer_sweep,L1,hybrid,default.qubit,4,1,2540,2553,2,second_grad_quantum,18,0.028603600
layer_sweep,L1,hybrid,default.qubit,4,1,2540,2553,2,second_grad_classical,18,0.014315800
layer_sweep,L1,hybrid,default.qubit,4,1,2540,2553,2,param_grad,18,0.094027600
layer_sweep,L1,hybrid,default.qubit,4,1,2540,2553,2,param_grad_quantum,18,0.037320100
layer_sweep,L1,hybrid,default.qubit,4,1,2540,2553,2,param_grad_classical,18,0.056707500
layer_sweep,L2,hybrid,default.qubit,4,2,2540,2569,2,forward,18,0.017243700
layer_sweep,L2,hybrid,default.qubit,4,2,2540,2569,2,forward_quantum,18,0.016454600
layer_sweep,L2,hybrid,default.qubit,4,2,2540,2569,2,forward_classical,18,0.000789100
layer_sweep,L2,hybrid,default.qubit,4,2,2540,2569,2,first_grad,18,0.034995400
layer_sweep,L2,hybrid,default.qubit,4,2,2540,2569,2,first_grad_quantum,18,0.029143700
layer_sweep,L2,hybrid,default.qubit,4,2,2540,2569,2,first_grad_classical,18,0.005851700
layer_sweep,L2,hybrid,default.qubit,4,2,2540,2569,2,second_grad,18,0.067775200
layer_sweep,L2,hybrid,default.qubit,4,2,2540,2569,2,second_grad_quantum,18,0.043975300
layer_sweep,L2,hybrid,default.qubit,4,2,2540,2569,2,second_grad_classical,18,0.023799900
layer_sweep,L2,hybrid,default.qubit,4,2,2540,2569,2,param_grad,18,0.137566700
layer_sweep,L2,hybrid,default.qubit,4,2,2540,2569,2,param_grad_quantum,18,0.058091400
layer_sweep,L2,hybrid,default.qubit,4,2,2540,2569,2,param_grad_classical,18,0.079475300
layer_sweep,L8,hybrid,default.qubit,4,8,2540,2665,2,forward,18,0.050303100
layer_sweep,L8,hybrid,default.qubit,4,8,2540,2665,2,forward_quantum,18,0.049509600
layer_sweep,L8,hybrid,default.qubit,4,8,2540,2665,2,forward_classical,18,0.000793500
layer_sweep,L8,hybrid,default.qubit,4,8,2540,2665,2,first_grad,18,0.104437300
layer_sweep,L8,hybrid,default.qubit,4,8,2540,2665,2,first_grad_quantum,18,0.099098600
layer_sweep,L8,hybrid,default.qubit,4,8,2540,2665,2,first_grad_classical,18,0.005338700
layer_sweep,L8,hybrid,default.qubit,4,8,2540,2665,2,second_grad,18,0.180647800
layer_sweep,L8,hybrid,default.qubit,4,8,2540,2665,2,second_grad_quantum,18,0.121151500
layer_sweep,L8,hybrid,default.qubit,4,8,2540,2665,2,second_grad_classical,18,0.059496300
layer_sweep,L8,hybrid,default.qubit,4,8,2540,2665,2,param_grad,18,0.381654500
layer_sweep,L8,hybrid,default.qubit,4,8,2540,2665,2,param_grad_quantum,18,0.183058200
layer_sweep,L8,hybrid,default.qubit,4,8,2540,2665,2,param_grad_classical,18,0.198596300
layer_sweep,L4,hybrid,default.qubit,4,4,2540,2601,0,forward,18,0.026660400
layer_sweep,L4,hybrid,default.qubit,4,4,2540,2601,0,forward_quantum,18,0.025901400
layer_sweep,L4,hybrid,default.qubit,4,4,2540,2601,0,forward_classical,18,0.000759000
layer_sweep,L4,hybrid,default.qubit,4,4,2540,2601,0,first_grad,18,0.055394900
layer_sweep,L4,hybrid,default.qubit,4,4,2540,2601,0,first_grad_quantum,18,0.051810200
layer_sweep,L4,hybrid,default.qubit,4,4,2540,2601,0,first_grad_classical,18,0.003584700
layer_sweep,L4,hybrid,default.qubit,4,4,2540,2601,0,second_grad,18,0.104937700
layer_sweep,L4,hybrid,default.qubit,4,4,2540,2601,0,second_grad_quantum,18,0.069811200
layer_sweep,L4,hybrid,default.qubit,4,4,2540,2601,0,second_grad_classical,18,0.035126500
layer_sweep,L4,hybrid,default.qubit,4,4,2540,2601,0,param_grad,18,0.229650200
layer_sweep,L4,hybrid,default.qubit,4,4,2540,2601,0,param_grad_quantum,18,0.107211300
layer_sweep,L4,hybrid,default.qubit,4,4,2540,2601,0,param_grad_classical,18,0.122438900
layer_sweep,L8,hybrid,default.qubit,4,8,2540,2665,0,forward,18,0.047544900
layer_sweep,L8,hybrid,default.qubit,4,8,2540,2665,0,forward_quantum,18,0.046752700
layer_sweep,L8,hybrid,default.qubit,4,8,2540,2665,0,forward_classical,18,0.000792200
layer_sweep,L8,hybrid,default.qubit,4,8,2540,2665,0,first_grad,18,0.112338700
layer_sweep,L8,hybrid,default.qubit,4,8,2540,2665,0,first_grad_quantum,18,0.106646300
layer_sweep,L8,hybrid,default.qubit,4,8,2540,2665,0,first_grad_classical,18,0.005692400
layer_sweep,L8,hybrid,default.qubit,4,8,2540,2665,0,second_grad,18,0.185102600
layer_sweep,L8,hybrid,default.qubit,4,8,2540,2665,0,second_grad_quantum,18,0.125139700
layer_sweep,L8,hybrid,default.qubit,4,8,2540,2665,0,second_grad_classical,18,0.059962900
layer_sweep,L8,hybrid,default.qubit,4,8,2540,2665,0,param_grad,18,0.394265600
layer_sweep,L8,hybrid,default.qubit,4,8,2540,2665,0,param_grad_quantum,18,0.187426500
layer_sweep,L8,hybrid,default.qubit,4,8,2540,2665,0,param_grad_classical,18,0.206839100
layer_sweep,L4,hybrid,default.qubit,4,4,2540,2601,1,forward,18,0.029350200
layer_sweep,L4,hybrid,default.qubit,4,4,2540,2601,1,forward_quantum,18,0.028387700
layer_sweep,L4,hybrid,default.qubit,4,4,2540,2601,1,forward_classical,18,0.000962500
layer_sweep,L4,hybrid,default.qubit,4,4,2540,2601,1,first_grad,18,0.056697100
layer_sweep,L4,hybrid,default.qubit,4,4,2540,2601,1,first_grad_quantum,18,0.053244000
layer_sweep,L4,hybrid,default.qubit,4,4,2540,2601,1,first_grad_classical,18,0.003453100
layer_sweep,L4,hybrid,default.qubit,4,4,2540,2601,1,second_grad,18,0.103633000
layer_sweep,L4,hybrid,default.qubit,4,4,2540,2601,1,second_grad_quantum,18,0.066473300
layer_sweep,L4,hybrid,default.qubit,4,4,2540,2601,1,second_grad_classical,18,0.037159700
layer_sweep,L4,hybrid,default.qubit,4,4,2540,2601,1,param_grad,18,0.226589600
layer_sweep,L4,hybrid,default.qubit,4,4,2540,2601,1,param_grad_quantum,18,0.106719600
layer_sweep,L4,hybrid,default.qubit,4,4,2540,2601,1,param_grad_classical,18,0.119870000
layer_sweep,L4,hybrid,default.qubit,4,4,2540,2601,2,forward,18,0.026749700
layer_sweep,L4,hybrid,default.qubit,4,4,2540,2601,2,forward_quantum,18,0.025966400
layer_sweep,L4,hybrid,default.qubit,4,4,2540,2601,2,forward_classical,18,0.000783300
layer_sweep,L4,hybrid,default.qubit,4,4,2540,2601,2,first_grad,18,0.060567200
layer_sweep,L4,hybrid,default.qubit,4,4,2540,2601,2,first_grad_quantum,18,0.056919400
layer_sweep,L4,hybrid,default.qubit,4,4,2540,2601,2,first_grad_classical,18,0.003647800
layer_sweep,L4,hybrid,default.qubit,4,4,2540,2601,2,second_grad,18,0.107027000
layer_sweep,L4,hybrid,default.qubit,4,4,2540,2601,2,second_grad_quantum,18,0.070758000
layer_sweep,L4,hybrid,default.qubit,4,4,2540,2601,2,second_grad_classical,18,0.036269000
layer_sweep,L4,hybrid,default.qubit,4,4,2540,2601,2,param_grad,18,0.225038700
layer_sweep,L4,hybrid,default.qubit,4,4,2540,2601,2,param_grad_quantum,18,0.105269900
layer_sweep,L4,hybrid,default.qubit,4,4,2540,2601,2,param_grad_classical,18,0.119768800
layer_sweep,L1,hybrid,default.qubit,4,1,2540,2553,1,forward,18,0.011315500
layer_sweep,L1,hybrid,default.qubit,4,1,2540,2553,1,forward_quantum,18,0.010535300
layer_sweep,L1,hybrid,default.qubit,4,1,2540,2553,1,forward_classical,18,0.000780200
layer_sweep,L1,hybrid,default.qubit,4,1,2540,2553,1,first_grad,18,0.022456200
layer_sweep,L1,hybrid,default.qubit,4,1,2540,2553,1,first_grad_quantum,18,0.020377500
layer_sweep,L1,hybrid,default.qubit,4,1,2540,2553,1,first_grad_classical,18,0.002078700
layer_sweep,L1,hybrid,default.qubit,4,1,2540,2553,1,second_grad,18,0.049131700
layer_sweep,L1,hybrid,default.qubit,4,1,2540,2553,1,second_grad_quantum,18,0.030547700
layer_sweep,L1,hybrid,default.qubit,4,1,2540,2553,1,second_grad_classical,18,0.018584000
layer_sweep,L1,hybrid,default.qubit,4,1,2540,2553,1,param_grad,18,0.094427700
layer_sweep,L1,hybrid,default.qubit,4,1,2540,2553,1,param_grad_quantum,18,0.040168900
layer_sweep,L1,hybrid,default.qubit,4,1,2540,2553,1,param_grad_classical,18,0.054258800
layer_sweep,L1,hybrid,default.qubit,4,1,2540,2553,0,forward,18,0.011289100
layer_sweep,L1,hybrid,default.qubit,4,1,2540,2553,0,forward_quantum,18,0.010480500
layer_sweep,L1,hybrid,default.qubit,4,1,2540,2553,0,forward_classical,18,0.000808600
layer_sweep,L1,hybrid,default.qubit,4,1,2540,2553,0,first_grad,18,0.020046800
layer_sweep,L1,hybrid,default.qubit,4,1,2540,2553,0,first_grad_quantum,18,0.018209900
layer_sweep,L1,hybrid,default.qubit,4,1,2540,2553,0,first_grad_classical,18,0.001836900
layer_sweep,L1,hybrid,default.qubit,4,1,2540,2553,0,second_grad,18,0.041801600
layer_sweep,L1,hybrid,default.qubit,4,1,2540,2553,0,second_grad_quantum,18,0.026738900
layer_sweep,L1,hybrid,default.qubit,4,1,2540,2553,0,second_grad_classical,18,0.015062700
layer_sweep,L1,hybrid,default.qubit,4,1,2540,2553,0,param_grad,18,0.091944600
layer_sweep,L1,hybrid,default.qubit,4,1,2540,2553,0,param_grad_quantum,18,0.039209400
layer_sweep,L1,hybrid,default.qubit,4,1,2540,2553,0,param_grad_classical,18,0.052735200
layer_sweep,L2,hybrid,default.qubit,4,2,2540,2569,1,forward,18,0.016592600
layer_sweep,L2,hybrid,default.qubit,4,2,2540,2569,1,forward_quantum,18,0.015806300
layer_sweep,L2,hybrid,default.qubit,4,2,2540,2569,1,forward_classical,18,0.000786300
layer_sweep,L2,hybrid,default.qubit,4,2,2540,2569,1,first_grad,18,0.034595600
layer_sweep,L2,hybrid,default.qubit,4,2,2540,2569,1,first_grad_quantum,18,0.027698500
layer_sweep,L2,hybrid,default.qubit,4,2,2540,2569,1,first_grad_classical,18,0.006897100
layer_sweep,L2,hybrid,default.qubit,4,2,2540,2569,1,second_grad,18,0.068092300
layer_sweep,L2,hybrid,default.qubit,4,2,2540,2569,1,second_grad_quantum,18,0.044566400
layer_sweep,L2,hybrid,default.qubit,4,2,2540,2569,1,second_grad_classical,18,0.023525900
layer_sweep,L2,hybrid,default.qubit,4,2,2540,2569,1,param_grad,18,0.140564600
layer_sweep,L2,hybrid,default.qubit,4,2,2540,2569,1,param_grad_quantum,18,0.058616300
layer_sweep,L2,hybrid,default.qubit,4,2,2540,2569,1,param_grad_classical,18,0.081948300
layer_sweep,L2,hybrid,default.qubit,4,2,2540,2569,0,forward,18,0.017029100
layer_sweep,L2,hybrid,default.qubit,4,2,2540,2569,0,forward_quantum,18,0.016260000
layer_sweep,L2,hybrid,default.qubit,4,2,2540,2569,0,forward_classical,18,0.000769100
layer_sweep,L2,hybrid,default.qubit,4,2,2540,2569,0,first_grad,18,0.033964100
layer_sweep,L2,hybrid,default.qubit,4,2,2540,2569,0,first_grad_quantum,18,0.029555800
layer_sweep,L2,hybrid,default.qubit,4,2,2540,2569,0,first_grad_classical,18,0.004408300
layer_sweep,L2,hybrid,default.qubit,4,2,2540,2569,0,second_grad,18,0.068299800
layer_sweep,L2,hybrid,default.qubit,4,2,2540,2569,0,second_grad_quantum,18,0.044911900
layer_sweep,L2,hybrid,default.qubit,4,2,2540,2569,0,second_grad_classical,18,0.023387900
layer_sweep,L2,hybrid,default.qubit,4,2,2540,2569,0,param_grad,18,0.138697000
layer_sweep,L2,hybrid,default.qubit,4,2,2540,2569,0,param_grad_quantum,18,0.061219500
layer_sweep,L2,hybrid,default.qubit,4,2,2540,2569,0,param_grad_classical,18,0.077477500
layer_sweep,L8,hybrid,default.qubit,4,8,2540,2665,1,forward,18,0.047342200
layer_sweep,L8,hybrid,default.qubit,4,8,2540,2665,1,forward_quantum,18,0.046578700
layer_sweep,L8,hybrid,default.qubit,4,8,2540,2665,1,forward_classical,18,0.000763500
layer_sweep,L8,hybrid,default.qubit,4,8,2540,2665,1,first_grad,18,0.102037100
layer_sweep,L8,hybrid,default.qubit,4,8,2540,2665,1,first_grad_quantum,18,0.096971600
layer_sweep,L8,hybrid,default.qubit,4,8,2540,2665,1,first_grad_classical,18,0.005065500
layer_sweep,L8,hybrid,default.qubit,4,8,2540,2665,1,second_grad,18,0.183283600
layer_sweep,L8,hybrid,default.qubit,4,8,2540,2665,1,second_grad_quantum,18,0.125454300
layer_sweep,L8,hybrid,default.qubit,4,8,2540,2665,1,second_grad_classical,18,0.057829300
layer_sweep,L8,hybrid,default.qubit,4,8,2540,2665,1,param_grad,18,0.389333500
layer_sweep,L8,hybrid,default.qubit,4,8,2540,2665,1,param_grad_quantum,18,0.179725000
layer_sweep,L8,hybrid,default.qubit,4,8,2540,2665,1,param_grad_classical,18,0.209608500
layer_sweep,L2,hybrid,default.qubit,4,2,2540,2569,0,forward,19,0.016108600
layer_sweep,L2,hybrid,default.qubit,4,2,2540,2569,0,forward_quantum,19,0.015390700
layer_sweep,L2,hybrid,default.qubit,4,2,2540,2569,0,forward_classical,19,0.000717900
layer_sweep,L2,hybrid,default.qubit,4,2,2540,2569,0,first_grad,19,0.033863500
layer_sweep,L2,hybrid,default.qubit,4,2,2540,2569,0,first_grad_quantum,19,0.029635400
layer_sweep,L2,hybrid,default.qubit,4,2,2540,2569,0,first_grad_classical,19,0.004228100
layer_sweep,L2,hybrid,default.qubit,4,2,2540,2569,0,second_grad,19,0.071201200
layer_sweep,L2,hybrid,default.qubit,4,2,2540,2569,0,second_grad_quantum,19,0.047785800
layer_sweep,L2,hybrid,default.qubit,4,2,2540,2569,0,second_grad_classical,19,0.023415400
layer_sweep,L2,hybrid,default.qubit,4,2,2540,2569,0,param_grad,19,0.135727900
layer_sweep,L2,hybrid,default.qubit,4,2,2540,2569,0,param_grad_quantum,19,0.061234500
layer_sweep,L2,hybrid,default.qubit,4,2,2540,2569,0,param_grad_classical,19,0.074493400
layer_sweep,L1,hybrid,default.qubit,4,1,2540,2553,2,forward,19,0.011140100
layer_sweep,L1,hybrid,default.qubit,4,1,2540,2553,2,forward_quantum,19,0.010438900
layer_sweep,L1,hybrid,default.qubit,4,1,2540,2553,2,forward_classical,19,0.000701200
layer_sweep,L1,hybrid,default.qubit,4,1,2540,2553,2,first_grad,19,0.019859000
layer_sweep,L1,hybrid,default.qubit,4,1,2540,2553,2,first_grad_quantum,19,0.017883700
layer_sweep,L1,hybrid,default.qubit,4,1,2540,2553,2,first_grad_classical,19,0.001975300
layer_sweep,L1,hybrid,default.qubit,4,1,2540,2553,2,second_grad,19,0.041502700
layer_sweep,L1,hybrid,default.qubit,4,1,2540,2553,2,second_grad_quantum,19,0.028361300
layer_sweep,L1,hybrid,default.qubit,4,1,2540,2553,2,second_grad_classical,19,0.013141400
layer_sweep,L1,hybrid,default.qubit,4,1,2540,2553,2,param_grad,19,0.095541300
layer_sweep,L1,hybrid,default.qubit,4,1,2540,2553,2,param_grad_quantum,19,0.042138500
layer_sweep,L1,hybrid,default.qubit,4,1,2540,2553,2,param_grad_classical,19,0.053402800
layer_sweep,L8,hybrid,default.qubit,4,8,2540,2665,1,forward,19,0.048891200
layer_sweep,L8,hybrid,default.qubit,4,8,2540,2665,1,forward_quantum,19,0.048072000
layer_sweep,L8,hybrid,default.qubit,4,8,2540,2665,1,forward_classical,19,0.000819200
layer_sweep,L8,hybrid,default.qubit,4,8,2540,2665,1,first_grad,19,0.100212100
layer_sweep,L8,hybrid,default.qubit,4,8,2540,2665,1,first_grad_quantum,19,0.094688100
layer_sweep,L8,hybrid,default.qubit,4,8,2540,2665,1,first_grad_classical,19,0.005524000
layer_sweep,L8,hybrid,default.qubit,4,8,2540,2665,1,second_grad,19,0.185486300
layer_sweep,L8,hybrid,default.qubit,4,8,2540,2665,1,second_grad_quantum,19,0.123669200
layer_sweep,L8,hybrid,default.qubit,4,8,2540,2665,1,second_grad_classical,19,0.061817100
layer_sweep,L8,hybrid,default.qubit,4,8,2540,2665,1,param_grad,19,0.388737800
layer_sweep,L8,hybrid,default.qubit,4,8,2540,2665,1,param_grad_quantum,19,0.183843000
layer_sweep,L8,hybrid,default.qubit,4,8,2540,2665,1,param_grad_classical,19,0.204894800
layer_sweep,L1,hybrid,default.qubit,4,1,2540,2553,0,forward,19,0.011563400
layer_sweep,L1,hybrid,default.qubit,4,1,2540,2553,0,forward_quantum,19,0.010795100
layer_sweep,L1,hybrid,default.qubit,4,1,2540,2553,0,forward_classical,19,0.000768300
layer_sweep,L1,hybrid,default.qubit,4,1,2540,2553,0,first_grad,19,0.021560600
layer_sweep,L1,hybrid,default.qubit,4,1,2540,2553,0,first_grad_quantum,19,0.019720400
layer_sweep,L1,hybrid,default.qubit,4,1,2540,2553,0,first_grad_classical,19,0.001840200
layer_sweep,L1,hybrid,default.qubit,4,1,2540,2553,0,second_grad,19,0.039233500
layer_sweep,L1,hybrid,default.qubit,4,1,2540,2553,0,second_grad_quantum,19,0.026240700
layer_sweep,L1,hybrid,default.qubit,4,1,2540,2553,0,second_grad_classical,19,0.012992800
layer_sweep,L1,hybrid,default.qubit,4,1,2540,2553,0,param_grad,19,0.095138200
layer_sweep,L1,hybrid,default.qubit,4,1,2540,2553,0,param_grad_quantum,19,0.039170900
layer_sweep,L1,hybrid,default.qubit,4,1,2540,2553,0,param_grad_classical,19,0.055967300
layer_sweep,L4,hybrid,default.qubit,4,4,2540,2601,1,forward,19,0.027694800
layer_sweep,L4,hybrid,default.qubit,4,4,2540,2601,1,forward_quantum,19,0.026914600
layer_sweep,L4,hybrid,default.qubit,4,4,2540,2601,1,forward_classical,19,0.000780200
layer_sweep,L4,hybrid,default.qubit,4,4,2540,2601,1,first_grad,19,0.051633600
layer_sweep,L4,hybrid,default.qubit,4,4,2540,2601,1,first_grad_quantum,19,0.048216200
layer_sweep,L4,hybrid,default.qubit,4,4,2540,2601,1,first_grad_classical,19,0.003417400
layer_sweep,L4,hybrid,default.qubit,4,4,2540,2601,1,second_grad,19,0.105418400
layer_sweep,L4,hybrid,default.qubit,4,4,2540,2601,1,second_grad_quantum,19,0.069815600
layer_sweep,L4,hybrid,default.qubit,4,4,2540,2601,1,second_grad_classical,19,0.035602800
layer_sweep,L4,hybrid,default.qubit,4,4,2540,2601,1,param_grad,19,0.223082700
layer_sweep,L4,hybrid,default.qubit,4,4,2540,2601,1,param_grad_quantum,19,0.104053600
layer_sweep,L4,hybrid,default.qubit,4,4,2540,2601,1,param_grad_classical,19,0.119029100
layer_sweep,L8,hybrid,default.qubit,4,8,2540,2665,2,forward,19,0.047689900
layer_sweep,L8,hybrid,default.qubit,4,8,2540,2665,2,forward_quantum,19,0.046941400
layer_sweep,L8,hybrid,default.qubit,4,8,2540,2665,2,forward_classical,19,0.000748500
layer_sweep,L8,hybrid,default.qubit,4,8,2540,2665,2,first_grad,19,0.106902100
layer_sweep,L8,hybrid,default.qubit,4,8,2540,2665,2,first_grad_quantum,19,0.101587600
layer_sweep,L8,hybrid,default.qubit,4,8,2540,2665,2,first_grad_classical,19,0.005314500
layer_sweep,L8,hybrid,default.qubit,4,8,2540,2665,2,second_grad,19,0.190623100
layer_sweep,L8,hybrid,default.qubit,4,8,2540,2665,2,second_grad_quantum,19,0.129376400
layer_sweep,L8,hybrid,default.qubit,4,8,2540,2665,2,second_grad_classical,19,0.061246700
layer_sweep,L8,hybrid,default.qubit,4,8,2540,2665,2,param_grad,19,0.460626300
layer_sweep,L8,hybrid,default.qubit,4,8,2540,2665,2,param_grad_quantum,19,0.218538300
layer_sweep,L8,hybrid,default.qubit,4,8,2540,2665,2,param_grad_classical,19,0.242088000
layer_sweep,L8,hybrid,default.qubit,4,8,2540,2665,0,forward,19,0.049586600
layer_sweep,L8,hybrid,default.qubit,4,8,2540,2665,0,forward_quantum,19,0.048825200
layer_sweep,L8,hybrid,default.qubit,4,8,2540,2665,0,forward_classical,19,0.000761400
layer_sweep,L8,hybrid,default.qubit,4,8,2540,2665,0,first_grad,19,0.100013900
layer_sweep,L8,hybrid,default.qubit,4,8,2540,2665,0,first_grad_quantum,19,0.094779600
layer_sweep,L8,hybrid,default.qubit,4,8,2540,2665,0,first_grad_classical,19,0.005234300
layer_sweep,L8,hybrid,default.qubit,4,8,2540,2665,0,second_grad,19,0.184715200
layer_sweep,L8,hybrid,default.qubit,4,8,2540,2665,0,second_grad_quantum,19,0.125675300
layer_sweep,L8,hybrid,default.qubit,4,8,2540,2665,0,second_grad_classical,19,0.059039900
layer_sweep,L8,hybrid,default.qubit,4,8,2540,2665,0,param_grad,19,0.391737100
layer_sweep,L8,hybrid,default.qubit,4,8,2540,2665,0,param_grad_quantum,19,0.185119100
layer_sweep,L8,hybrid,default.qubit,4,8,2540,2665,0,param_grad_classical,19,0.206618000
layer_sweep,L1,hybrid,default.qubit,4,1,2540,2553,1,forward,19,0.011241800
layer_sweep,L1,hybrid,default.qubit,4,1,2540,2553,1,forward_quantum,19,0.010469800
layer_sweep,L1,hybrid,default.qubit,4,1,2540,2553,1,forward_classical,19,0.000772000
layer_sweep,L1,hybrid,default.qubit,4,1,2540,2553,1,first_grad,19,0.021164200
layer_sweep,L1,hybrid,default.qubit,4,1,2540,2553,1,first_grad_quantum,19,0.019044600
layer_sweep,L1,hybrid,default.qubit,4,1,2540,2553,1,first_grad_classical,19,0.002119600
layer_sweep,L1,hybrid,default.qubit,4,1,2540,2553,1,second_grad,19,0.045364500
layer_sweep,L1,hybrid,default.qubit,4,1,2540,2553,1,second_grad_quantum,19,0.030300100
layer_sweep,L1,hybrid,default.qubit,4,1,2540,2553,1,second_grad_classical,19,0.015064400
layer_sweep,L1,hybrid,default.qubit,4,1,2540,2553,1,param_grad,19,0.089879800
layer_sweep,L1,hybrid,default.qubit,4,1,2540,2553,1,param_grad_quantum,19,0.038186000
layer_sweep,L1,hybrid,default.qubit,4,1,2540,2553,1,param_grad_classical,19,0.051693800
layer_sweep,L4,hybrid,default.qubit,4,4,2540,2601,0,forward,19,0.027563900
layer_sweep,L4,hybrid,default.qubit,4,4,2540,2601,0,forward_quantum,19,0.026753500
layer_sweep,L4,hybrid,default.qubit,4,4,2540,2601,0,forward_classical,19,0.000810400
layer_sweep,L4,hybrid,default.qubit,4,4,2540,2601,0,first_grad,19,0.052684500
layer_sweep,L4,hybrid,default.qubit,4,4,2540,2601,0,first_grad_quantum,19,0.049112500
layer_sweep,L4,hybrid,default.qubit,4,4,2540,2601,0,first_grad_classical,19,0.003572000
layer_sweep,L4,hybrid,default.qubit,4,4,2540,2601,0,second_grad,19,0.104707600
layer_sweep,L4,hybrid,default.qubit,4,4,2540,2601,0,second_grad_quantum,19,0.067187700
layer_sweep,L4,hybrid,default.qubit,4,4,2540,2601,0,second_grad_classical,19,0.037519900
layer_sweep,L4,hybrid,default.qubit,4,4,2540,2601,0,param_grad,19,0.224506900
layer_sweep,L4,hybrid,default.qubit,4,4,2540,2601,0,param_grad_quantum,19,0.103315400
layer_sweep,L4,hybrid,default.qubit,4,4,2540,2601,0,param_grad_classical,19,0.121191500
layer_sweep,L2,hybrid,default.qubit,4,2,2540,2569,2,forward,19,0.016820900
layer_sweep,L2,hybrid,default.qubit,4,2,2540,2569,2,forward_quantum,19,0.016038200
layer_sweep,L2,hybrid,default.qubit,4,2,2540,2569,2,forward_classical,19,0.000782700
layer_sweep,L2,hybrid,default.qubit,4,2,2540,2569,2,first_grad,19,0.030697700
layer_sweep,L2,hybrid,default.qubit,4,2,2540,2569,2,first_grad_quantum,19,0.027890600
layer_sweep,L2,hybrid,default.qubit,4,2,2540,2569,2,first_grad_classical,19,0.002807100
layer_sweep,L2,hybrid,default.qubit,4,2,2540,2569,2,second_grad,19,0.064850900
layer_sweep,L2,hybrid,default.qubit,4,2,2540,2569,2,second_grad_quantum,19,0.044214900
layer_sweep,L2,hybrid,default.qubit,4,2,2540,2569,2,second_grad_classical,19,0.020636000
layer_sweep,L2,hybrid,default.qubit,4,2,2540,2569,2,param_grad,19,0.136125900
layer_sweep,L2,hybrid,default.qubit,4,2,2540,2569,2,param_grad_quantum,19,0.058694700
layer_sweep,L2,hybrid,default.qubit,4,2,2540,2569,2,param_grad_classical,19,0.077431200
layer_sweep,L2,hybrid,default.qubit,4,2,2540,2569,1,forward,19,0.016059900
layer_sweep,L2,hybrid,default.qubit,4,2,2540,2569,1,forward_quantum,19,0.015275600
layer_sweep,L2,hybrid,default.qubit,4,2,2540,2569,1,forward_classical,19,0.000784300
layer_sweep,L2,hybrid,default.qubit,4,2,2540,2569,1,first_grad,19,0.033897700
layer_sweep,L2,hybrid,default.qubit,4,2,2540,2569,1,first_grad_quantum,19,0.028448400
layer_sweep,L2,hybrid,default.qubit,4,2,2540,2569,1,first_grad_classical,19,0.005449300
layer_sweep,L2,hybrid,default.qubit,4,2,2540,2569,1,second_grad,19,0.068366300
layer_sweep,L2,hybrid,default.qubit,4,2,2540,2569,1,second_grad_quantum,19,0.045695000
layer_sweep,L2,hybrid,default.qubit,4,2,2540,2569,1,second_grad_classical,19,0.022671300
layer_sweep,L2,hybrid,default.qubit,4,2,2540,2569,1,param_grad,19,0.135684700
layer_sweep,L2,hybrid,default.qubit,4,2,2540,2569,1,param_grad_quantum,19,0.061401300
layer_sweep,L2,hybrid,default.qubit,4,2,2540,2569,1,param_grad_classical,19,0.074283400
layer_sweep,L4,hybrid,default.qubit,4,4,2540,2601,2,forward,19,0.027771200
layer_sweep,L4,hybrid,default.qubit,4,4,2540,2601,2,forward_quantum,19,0.026983000
layer_sweep,L4,hybrid,default.qubit,4,4,2540,2601,2,forward_classical,19,0.000788200
layer_sweep,L4,hybrid,default.qubit,4,4,2540,2601,2,first_grad,19,0.054417800
layer_sweep,L4,hybrid,default.qubit,4,4,2540,2601,2,first_grad_quantum,19,0.049990300
layer_sweep,L4,hybrid,default.qubit,4,4,2540,2601,2,first_grad_classical,19,0.004427500
layer_sweep,L4,hybrid,default.qubit,4,4,2540,2601,2,second_grad,19,0.111951000
layer_sweep,L4,hybrid,default.qubit,4,4,2540,2601,2,second_grad_quantum,19,0.074456700
layer_sweep,L4,hybrid,default.qubit,4,4,2540,2601,2,second_grad_classical,19,0.037494300
layer_sweep,L4,hybrid,default.qubit,4,4,2540,2601,2,param_grad,19,0.229291800
layer_sweep,L4,hybrid,default.qubit,4,4,2540,2601,2,param_grad_quantum,19,0.107993500
layer_sweep,L4,hybrid,default.qubit,4,4,2540,2601,2,param_grad_classical,19,0.121298300
