section,case,kind,backend,n_qubits,n_layers,batch,n_params,seed,stage,rep,seconds
batch_sweep,b500,hybrid,default.qubit,4,2,500,2569,0,forward,0,0.013949200
batch_sweep,b500,hybrid,default.qubit,4,2,500,2569,0,forward_quantum,0,0.012938200
batch_sweep,b500,hybrid,default.qubit,4,2,500,2569,0,forward_classical,0,0.001011000
batch_sweep,b500,hybrid,default.qubit,4,2,500,2569,0,first_grad,0,0.023131800
batch_sweep,b500,hybrid,default.qubit,4,2,500,2569,0,first_grad_quantum,0,0.021062700
batch_sweep,b500,hybrid,default.qubit,4,2,500,2569,0,first_grad_classical,0,0.002069100
batch_sweep,b500,hybrid,default.qubit,4,2,500,2569,0,second_grad,0,0.038851800
batch_sweep,b500,hybrid,default.qubit,4,2,500,2569,0,second_grad_quantum,0,0.025054500
batch_sweep,b500,hybrid,default.qubit,4,2,500,2569,0,second_grad_classical,0,0.013797300
batch_sweep,b500,hybrid,default.qubit,4,2,500,2569,0,param_grad,0,0.074774800
batch_sweep,b500,hybrid,default.qubit,4,2,500,2569,0,param_grad_quantum,0,0.034765800
batch_sweep,b500,hybrid,default.qubit,4,2,500,2569,0,param_grad_classical,0,0.040009000
batch_sweep,b100,hybrid,default.qubit,4,2,100,2569,2,forward,0,0.010525600
batch_sweep,b100,hybrid,default.qubit,4,2,100,2569,2,forward_quantum,0,0.010023300
batch_sweep,b100,hybrid,default.qubit,4,2,100,2569,2,forward_classical,0,0.000502300
batch_sweep,b100,hybrid,default.qubit,4,2,100,2569,2,first_grad,0,0.016471500
batch_sweep,b100,hybrid,default.qubit,4,2,100,2569,2,first_grad_quantum,0,0.014556900
batch_sweep,b100,hybrid,default.qubit,4,2,100,2569,2,first_grad_classical,0,0.001914600
batch_sweep,b100,hybrid,default.qubit,4,2,100,2569,2,second_grad,0,0.028151400
batch_sweep,b100,hybrid,default.qubit,4,2,100,2569,2,second_grad_quantum,0,0.020022200
batch_sweep,b100,hybrid,default.qubit,4,2,100,2569,2,second_grad_classical,0,0.008129200
batch_sweep,b100,hybrid,default.qubit,4,2,100,2569,2,param_grad,0,0.046676400
batch_sweep,b100,hybrid,default.qubit,4,2,100,2569,2,param_grad_quantum,0,0.025339300
batch_sweep,b100,hybrid,default.qubit,4,2,100,2569,2,param_grad_classical,0,0.021337100
batch_sweep,b5000,hybrid,default.qubit,4,2,5000,2569,1,forward,0,0.019567900
batch_sweep,b5000,hybrid,default.qubit,4,2,5000,2569,1,forward_quantum,0,0.018103400
batch_sweep,b5000,hybrid,default.qubit,4,2,5000,2569,1,forward_classical,0,0.001464500
batch_sweep,b5000,hybrid,default.qubit,4,2,5000,2569,1,first_grad,0,0.049051700
batch_sweep,b5000,hybrid,default.qubit,4,2,5000,2569,1,first_grad_quantum,0,0.045329700
batch_sweep,b5000,hybrid,default.qubit,4,2,5000,2569,1,first_grad_classical,0,0.003722000
batch_sweep,b5000,hybrid,default.qubit,4,2,5000,2569,1,second_grad,0,0.083384500
batch_sweep,b5000,hybrid,default.qubit,4,2,5000,2569,1,second_grad_quantum,0,0.052514800
batch_sweep,b5000,hybrid,default.qubit,4,2,5000,2569,1,second_grad_classical,0,0.030869700
batch_sweep,b5000,hybrid,default.qubit,4,2,5000,2569,1,param_grad,0,0.200154900
batch_sweep,b5000,hybrid,default.qubit,4,2,5000,2569,1,param_grad_quantum,0,0.083332200
batch_sweep,b5000,hybrid,default.qubit,4,2,5000,2569,1,param_grad_classical,0,0.116822700
batch_sweep,b100,hybrid,default.qubit,4,2,100,2569,1,forward,0,0.011030100
batch_sweep,b100,hybrid,default.qubit,4,2,100,2569,1,forward_quantum,0,0.010159400
batch_sweep,b100,hybrid,default.qubit,4,2,100,2569,1,forward_classical,0,0.000870700
batch_sweep,b100,hybrid,default.qubit,4,2,100,2569,1,first_grad,0,0.017699000
batch_sweep,b100,hybrid,default.qubit,4,2,100,2569,1,first_grad_quantum,0,0.016330400
batch_sweep,b100,hybrid,default.qubit,4,2,100,2569,1,first_grad_classical,0,0.001368600
batch_sweep,b100,hybrid,default.qubit,4,2,100,2569,1,second_grad,0,0.025835700
batch_sweep,b100,hybrid,default.qubit,4,2,100,2569,1,second_grad_quantum,0,0.017228100
batch_sweep,b100,hybrid,default.qubit,4,2,100,2569,1,second_grad_classical,0,0.008607600
batch_sweep,b100,hybrid,default.qubit,4,2,100,2569,1,param_grad,0,0.051665300
batch_sweep,b100,hybrid,default.qubit,4,2,100,2569,1,param_grad_quantum,0,0.026089700
batch_sweep,b100,hybrid,default.qubit,4,2,100,2569,1,param_grad_classical,0,0.025575600
batch_sweep,b500,hybrid,default.qubit,4,2,500,2569,2,forward,0,0.013116200
batch_sweep,b500,hybrid,default.qubit,4,2,500,2569,2,forward_quantum,0,0.012532500
batch_sweep,b500,hybrid,default.qubit,4,2,500,2569,2,forward_classical,0,0.000583700
batch_sweep,b500,hybrid,default.qubit,4,2,500,2569,2,first_grad,0,0.022061000
batch_sweep,b500,hybrid,default.qubit,4,2,500,2569,2,first_grad_quantum,0,0.020204700
batch_sweep,b500,hybrid,default.qubit,4,2,500,2569,2,first_grad_classical,0,0.001856300
batch_sweep,b500,hybrid,default.qubit,4,2,500,2569,2,second_grad,0,0.038058900
batch_sweep,b500,hybrid,default.qubit,4,2,500,2569,2,second_grad_quantum,0,0.026453800
batch_sweep,b500,hybrid,default.qubit,4,2,500,2569,2,second_grad_classical,0,0.011605100
batch_sweep,b500,hybrid,default.qubit,4,2,500,2569,2,param_grad,0,0.076400400
batch_sweep,b500,hybrid,default.qubit,4,2,500,2569,2,param_grad_quantum,0,0.034510400
batch_sweep,b500,hybrid,default.qubit,4,2,500,2569,2,param_grad_classical,0,0.041890000
batch_sweep,b1000,hybrid,default.qubit,4,2,1000,2569,0,forward,0,0.013585800
batch_sweep,b1000,hybrid,default.qubit,4,2,1000,2569,0,forward_quantum,0,0.012488800
batch_sweep,b1000,hybrid,default.qubit,4,2,1000,2569,0,forward_classical,0,0.001097000
batch_sweep,b1000,hybrid,default.qubit,4,2,1000,2569,0,first_grad,0,0.024214200
batch_sweep,b1000,hybrid,default.qubit,4,2,1000,2569,0,first_grad_quantum,0,0.022299900
batch_sweep,b1000,hybrid,default.qubit,4,2,1000,2569,0,first_grad_classical,0,0.001914300
batch_sweep,b1000,hybrid,default.qubit,4,2,1000,2569,0,second_grad,0,0.045735000
batch_sweep,b1000,hybrid,default.qubit,4,2,1000,2569,0,second_grad_quantum,0,0.030287200
batch_sweep,b1000,hybrid,default.qubit,4,2,1000,2569,0,second_grad_classical,0,0.015447800
batch_sweep,b1000,hybrid,default.qubit,4,2,1000,2569,0,param_grad,0,0.095386100
batch_sweep,b1000,hybrid,default.qubit,4,2,1000,2569,0,param_grad_quantum,0,0.044800200
batch_sweep,b1000,hybrid,default.qubit,4,2,1000,2569,0,param_grad_classical,0,0.050585900
batch_sweep,b2540,hybrid,default.qubit,4,2,2540,2569,0,forward,0,0.016659900
batch_sweep,b2540,hybrid,default.qubit,4,2,2540,2569,0,forward_quantum,0,0.015852400
batch_sweep,b2540,hybrid,default.qubit,4,2,2540,2569,0,forward_classical,0,0.000807500
batch_sweep,b2540,hybrid,default.qubit,4,2,2540,2569,0,first_grad,0,0.033945500
batch_sweep,b2540,hybrid,default.qubit,4,2,2540,2569,0,first_grad_quantum,0,0.031130700
batch_sweep,b2540,hybrid,default.qubit,4,2,2540,2569,0,first_grad_classical,0,0.002814800
batch_sweep,b2540,hybrid,default.qubit,4,2,2540,2569,0,second_grad,0,0.068863700
batch_sweep,b2540,hybrid,default.qubit,4,2,2540,2569,0,second_grad_quantum,0,0.043704200
batch_sweep,b2540,hybrid,default.qubit,4,2,2540,2569,0,second_grad_classical,0,0.025159500
batch_sweep,b2540,hybrid,default.qubit,4,2,2540,2569,0,param_grad,0,0.137078600
batch_sweep,b2540,hybrid,default.qubit,4,2,2540,2569,0,param_grad_quantum,0,0.062689000
batch_sweep,b2540,hybrid,default.qubit,4,2,2540,2569,0,param_grad_classical,0,0.074389600
batch_sweep,b1000,hybrid,default.qubit,4,2,1000,2569,1,forward,0,0.016138200
batch_sweep,b1000,hybrid,default.qubit,4,2,1000,2569,1,forward_quantum,0,0.015455400
batch_sweep,b1000,hybrid,default.qubit,4,2,1000,2569,1,forward_classical,0,0.000682800
batch_sweep,b1000,hybrid,default.qubit,4,2,1000,2569,1,first_grad,0,0.026227500
batch_sweep,b1000,hybrid,default.qubit,4,2,1000,2569,1,first_grad_quantum,0,0.023699600
batch_sweep,b1000,hybrid,default.qubit,4,2,1000,2569,1,first_grad_classical,0,0.002527900
batch_sweep,b1000,hybrid,default.qubit,4,2,1000,2569,1,second_grad,0,0.049554200
batch_sweep,b1000,hybrid,default.qubit,4,2,1000,2569,1,second_grad_quantum,0,0.031392400
batch_sweep,b1000,hybrid,default.qubit,4,2,1000,2569,1,second_grad_classical,0,0.018161800
batch_sweep,b1000,hybrid,default.qubit,4,2,1000,2569,1,param_grad,0,0.094325000
batch_sweep,b1000,hybrid,default.qubit,4,2,1000,2569,1,param_grad_quantum,0,0.042446400
batch_sweep,b1000,hybrid,default.qubit,4,2,1000,2569,1,param_grad_classical,0,0.051878600
batch_sweep,b2540,hybrid,default.qubit,4,2,2540,2569,1,forward,0,0.015398600
batch_sweep,b2540,hybrid,default.qubit,4,2,2540,2569,1,forward_quantum,0,0.014686200
batch_sweep,b2540,hybrid,default.qubit,4,2,2540,2569,1,forward_classical,0,0.000712400
batch_sweep,b2540,hybrid,default.qubit,4,2,2540,2569,1,first_grad,0,0.031137500
batch_sweep,b2540,hybrid,default.qubit,4,2,2540,2569,1,first_grad_quantum,0,0.028489700
batch_sweep,b2540,hybrid,default.qubit,4,2,2540,2569,1,first_grad_classical,0,0.002647800
batch_sweep,b2540,hybrid,default.qubit,4,2,2540,2569,1,second_grad,0,0.072085500
batch_sweep,b2540,hybrid,default.qubit,4,2,2540,2569,1,second_grad_quantum,0,0.047059500
batch_sweep,b2540,hybrid,default.qubit,4,2,2540,2569,1,second_grad_classical,0,0.025026000
batch_sweep,b2540,hybrid,default.qubit,4,2,2540,2569,1,param_grad,0,0.137581500
batch_sweep,b2540,hybrid,default.qubit,4,2,2540,2569,1,param_grad_quantum,0,0.060280400
batch_sweep,b2540,hybrid,default.qubit,4,2,2540,2569,1,param_grad_classical,0,0.077301100
batch_sweep,b5000,hybrid,default.qubit,4,2,5000,2569,0,forward,0,0.020818300
batch_sweep,b5000,hybrid,default.qubit,4,2,5000,2569,0,forward_quantum,0,0.019778800
batch_sweep,b5000,hybrid,default.qubit,4,2,5000,2569,0,forward_classical,0,0.001039500
batch_sweep,b5000,hybrid,default.qubit,4,2,5000,2569,0,first_grad,0,0.042078200
batch_sweep,b5000,hybrid,default.qubit,4,2,5000,2569,0,first_grad_quantum,0,0.038674200
batch_sweep,b5000,hybrid,default.qubit,4,2,5000,2569,0,first_grad_classical,0,0.003404000
batch_sweep,b5000,hybrid,default.qubit,4,2,5000,2569,0,second_grad,0,0.087053400
batch_sweep,b5000,hybrid,default.qubit,4,2,5000,2569,0,second_grad_quantum,0,0.054040500
batch_sweep,b5000,hybrid,default.qubit,4,2,5000,2569,0,second_grad_classical,0,0.033012900
batch_sweep,b5000,hybrid,default.qubit,4,2,5000,2569,0,param_grad,0,0.192557200
batch_sweep,b5000,hybrid,default.qubit,4,2,5000,2569,0,param_grad_quantum,0,0.081429400
batch_sweep,b5000,hybrid,default.qubit,4,2,5000,2569,0,param_grad_classical,0,0.111127800
batch_sweep,b100,hybrid,default.qubit,4,2,100,2569,0,forward,0,0.010924600
batch_sweep,b100,hybrid,default.qubit,4,2,100,2569,0,forward_quantum,0,0.010381800
batch_sweep,b100,hybrid,default.qubit,4,2,100,2569,0,forward_classical,0,0.000542800
batch_sweep,b100,hybrid,default.qubit,4,2,100,2569,0,first_grad,0,0.017889600
batch_sweep,b100,hybrid,default.qubit,4,2,100,2569,0,first_grad_quantum,0,0.016037700
batch_sweep,b100,hybrid,default.qubit,4,2,100,2569,0,first_grad_classical,0,0.001851900
batch_sweep,b100,hybrid,default.qubit,4,2,100,2569,0,second_grad,0,0.027600600
batch_sweep,b100,hybrid,default.qubit,4,2,100,2569,0,second_grad_quantum,0,0.019437900
batch_sweep,b100,hybrid,default.qubit,4,2,100,2569,0,second_grad_classical,0,0.008162700
batch_sweep,b100,hybrid,default.qubit,4,2,100,2569,0,param_grad,0,0.055703400
batch_sweep,b100,hybrid,default.qubit,4,2,100,2569,0,param_grad_quantum,0,0.027621900
batch_sweep,b100,hybrid,default.qubit,4,2,100,2569,0,param_grad_classical,0,0.028081500
batch_sweep,b5000,hybrid,default.qubit,4,2,5000,2569,2,forward,0,0.020807700
batch_sweep,b5000,hybrid,default.qubit,4,2,5000,2569,2,forward_quantum,0,0.019571600
batch_sweep,b5000,hybrid,default.qubit,4,2,5000,2569,2,forward_classical,0,0.001236100
batch_sweep,b5000,hybrid,default.qubit,4,2,5000,2569,2,first_grad,0,0.051018400
batch_sweep,b5000,hybrid,default.qubit,4,2,5000,2569,2,first_grad_quantum,0,0.044812400
batch_sweep,b5000,hybrid,default.qubit,4,2,5000,2569,2,first_grad_classical,0,0.006206000
batch_sweep,b5000,hybrid,default.qubit,4,2,5000,2569,2,second_grad,0,0.087340300
batch_sweep,b5000,hybrid,default.qubit,4,2,5000,2569,2,second_grad_quantum,0,0.053951800
batch_sweep,b5000,hybrid,default.qubit,4,2,5000,2569,2,second_grad_classical,0,0.033388500
batch_sweep,b5000,hybrid,default.qubit,4,2,5000,2569,2,param_grad,0,0.182442400
batch_sweep,b5000,hybrid,default.qubit,4,2,5000,2569,2,param_grad_quantum,0,0.075403600
batch_sweep,b5000,hybrid,default.qubit,4,2,5000,2569,2,param_grad_classical,0,0.107038800
batch_sweep,b1000,hybrid,default.qubit,4,2,1000,2569,2,forward,0,0.014163800
batch_sweep,b1000,hybrid,default.qubit,4,2,1000,2569,2,forward_quantum,0,0.013550900
batch_sweep,b1000,hybrid,default.qubit,4,2,1000,2569,2,forward_classical,0,0.000612900
batch_sweep,b1000,hybrid,default.qubit,4,2,1000,2569,2,first_grad,0,0.025063500
batch_sweep,b1000,hybrid,default.qubit,4,2,1000,2569,2,first_grad_quantum,0,0.022830500
batch_sweep,b1000,hybrid,default.qubit,4,2,1000,2569,2,first_grad_classical,0,0.002233000
batch_sweep,b1000,hybrid,default.qubit,4,2,1000,2569,2,second_grad,0,0.046235000
batch_sweep,b1000,hybrid,default.qubit,4,2,1000,2569,2,second_grad_quantum,0,0.029035900
batch_sweep,b1000,hybrid,default.qubit,4,2,1000,2569,2,second_grad_classical,0,0.017199100
batch_sweep,b1000,hybrid,default.qubit,4,2,1000,2569,2,param_grad,0,0.087969100
batch_sweep,b1000,hybrid,default.qubit,4,2,1000,2569,2,param_grad_quantum,0,0.040905400
batch_sweep,b1000,hybrid,default.qubit,4,2,1000,2569,2,param_grad_classical,0,0.047063700
batch_sweep,b500,hybrid,default.qubit,4,2,500,2569,1,forward,0,0.012295800
batch_sweep,b500,hybrid,default.qubit,4,2,500,2569,1,forward_quantum,0,0.011738900
batch_sweep,b500,hybrid,default.qubit,4,2,500,2569,1,forward_classical,0,0.000556900
batch_sweep,b500,hybrid,default.qubit,4,2,500,2569,1,first_grad,0,0.020979500
batch_sweep,b500,hybrid,default.qubit,4,2,500,2569,1,first_grad_quantum,0,0.018579000
batch_sweep,b500,hybrid,default.qubit,4,2,500,2569,1,first_grad_classical,0,0.002400500
batch_sweep,b500,hybrid,default.qubit,4,2,500,2569,1,second_grad,0,0.037563400
batch_sweep,b500,hybrid,default.qubit,4,2,500,2569,1,second_grad_quantum,0,0.026624600
batch_sweep,b500,hybrid,default.qubit,4,2,500,2569,1,second_grad_classical,0,0.010938800
batch_sweep,b500,hybrid,default.qubit,4,2,500,2569,1,param_grad,0,0.074096300
batch_sweep,b500,hybrid,default.qubit,4,2,500,2569,1,param_grad_quantum,0,0.035407400
batch_sweep,b500,hybrid,default.qubit,4,2,500,2569,1,param_grad_classical,0,0.038688900
batch_sweep,b2540,hybrid,default.qubit,4,2,2540,2569,2,forward,0,0.016486400
batch_sweep,b2540,hybrid,default.qubit,4,2,2540,2569,2,forward_quantum,0,0.015730900
batch_sweep,b2540,hybrid,default.qubit,4,2,2540,2569,2,forward_classical,0,0.000755500
batch_sweep,b2540,hybrid,default.qubit,4,2,2540,2569,2,first_grad,0,0.029743000
batch_sweep,b2540,hybrid,default.qubit,4,2,2540,2569,2,first_grad_quantum,0,0.027413200
batch_sweep,b2540,hybrid,default.qubit,4,2,2540,2569,2,first_grad_classical,0,0.002329800
batch_sweep,b2540,hybrid,default.qubit,4,2,2540,2569,2,second_grad,0,0.070559700
batch_sweep,b2540,hybrid,default.qubit,4,2,2540,2569,2,second_grad_quantum,0,0.046211100
batch_sweep,b2540,hybrid,default.qubit,4,2,2540,2569,2,second_grad_classical,0,0.024348600
batch_sweep,b2540,hybrid,default.qubit,4,2,2540,2569,2,param_grad,0,0.134443700
batch_sweep,b2540,hybrid,default.qubit,4,2,2540,2569,2,param_grad_quantum,0,0.059072900
batch_sweep,b2540,hybrid,default.qubit,4,2,2540,2569,2,param_grad_classical,0,0.075370800
batch_sweep,b2540,hybrid,default.qubit,4,2,2540,2569,0,forward,1,0.016576700
batch_sweep,b2540,hybrid,default.qubit,4,2,2540,2569,0,forward_quantum,1,0.015771100
batch_sweep,b2540,hybrid,default.qubit,4,2,2540,2569,0,forward_classical,1,0.000805600
batch_sweep,b2540,hybrid,default.qubit,4,2,2540,2569,0,first_grad,1,0.031430800
batch_sweep,b2540,hybrid,default.qubit,4,2,2540,2569,0,first_grad_quantum,1,0.029330600
batch_sweep,b2540,hybrid,default.qubit,4,2,2540,2569,0,first_grad_classical,1,0.002100200
batch_sweep,b2540,hybrid,default.qubit,4,2,2540,2569,0,second_grad,1,0.062913000
batch_sweep,b2540,hybrid,default.qubit,4,2,2540,2569,0,second_grad_quantum,1,0.041133900
batch_sweep,b2540,hybrid,default.qubit,4,2,2540,2569,0,second_grad_classical,1,0.021779100
batch_sweep,b2540,hybrid,default.qubit,4,2,2540,2569,0,param_grad,1,0.127379300
batch_sweep,b2540,hybrid,default.qubit,4,2,2540,2569,0,param_grad_quantum,1,0.056553600
batch_sweep,b2540,hybrid,default.qubit,4,2,2540,2569,0,param_grad_classical,1,0.070825700
batch_sweep,b5000,hybrid,default.qubit,4,2,5000,2569,2,forward,1,0.022285800
batch_sweep,b5000,hybrid,default.qubit,4,2,5000,2569,2,forward_quantum,1,0.021335400
batch_sweep,b5000,hybrid,default.qubit,4,2,5000,2569,2,forward_classical,1,0.000950400
batch_sweep,b5000,hybrid,default.qubit,4,2,5000,2569,2,first_grad,1,0.045173100
batch_sweep,b5000,hybrid,default.qubit,4,2,5000,2569,2,first_grad_quantum,1,0.039664500
batch_sweep,b5000,hybrid,default.qubit,4,2,5000,2569,2,first_grad_classical,1,0.005508600
batch_sweep,b5000,hybrid,default.qubit,4,2,5000,2569,2,second_grad,1,0.084300400
batch_sweep,b5000,hybrid,default.qubit,4,2,5000,2569,2,second_grad_quantum,1,0.056713900
batch_sweep,b5000,hybrid,default.qubit,4,2,5000,2569,2,second_grad_classical,1,0.027586500
batch_sweep,b5000,hybrid,default.qubit,4,2,5000,2569,2,param_grad,1,0.196517600
batch_sweep,b5000,hybrid,default.qubit,4,2,5000,2569,2,param_grad_quantum,1,0.080520100
batch_sweep,b5000,hybrid,default.qubit,4,2,5000,2569,2,param_grad_classical,1,0.115997500
batch_sweep,b100,hybrid,default.qubit,4,2,100,2569,2,forward,1,0.010548400
batch_sweep,b100,hybrid,default.qubit,4,2,100,2569,2,forward_quantum,1,0.009990200
batch_sweep,b100,hybrid,default.qubit,4,2,100,2569,2,forward_classical,1,0.000558200
batch_sweep,b100,hybrid,default.qubit,4,2,100,2569,2,first_grad,1,0.017484500
batch_sweep,b100,hybrid,default.qubit,4,2,100,2569,2,first_grad_quantum,1,0.015840800
batch_sweep,b100,hybrid,default.qubit,4,2,100,2569,2,first_grad_classical,1,0.001643700
batch_sweep,b100,hybrid,default.qubit,4,2,100,2569,2,second_grad,1,0.029108400
batch_sweep,b100,hybrid,default.qubit,4,2,100,2569,2,second_grad_quantum,1,0.018473800
batch_sweep,b100,hybrid,default.qubit,4,2,100,2569,2,second_grad_classical,1,0.010634600
batch_sweep,b100,hybrid,default.qubit,4,2,100,2569,2,param_grad,1,0.049396700
batch_sweep,b100,hybrid,default.qubit,4,2,100,2569,2,param_grad_quantum,1,0.024960400
batch_sweep,b100,hybrid,default.qubit,4,2,100,2569,2,param_grad_classical,1,0.024436300
batch_sweep,b500,hybrid,default.qubit,4,2,500,2569,1,forward,1,0.013938300
batch_sweep,b500,hybrid,default.qubit,4,2,500,2569,1,forward_quantum,1,0.013310500
batch_sweep,b500,hybrid,default.qubit,4,2,500,2569,1,forward_classical,1,0.000627800
batch_sweep,b500,hybrid,default.qubit,4,2,500,2569,1,first_grad,1,0.022755300
batch_sweep,b500,hybrid,default.qubit,4,2,500,2569,1,first_grad_quantum,1,0.020727000
batch_sweep,b500,hybrid,default.qubit,4,2,500,2569,1,first_grad_classical,1,0.002028300
batch_sweep,b500,hybrid,default.qubit,4,2,500,2569,1,second_grad,1,0.038705000
batch_sweep,b500,hybrid,default.qubit,4,2,500,2569,1,second_grad_quantum,1,0.027208700
batch_sweep,b500,hybrid,default.qubit,4,2,500,2569,1,second_grad_classical,1,0.011496300
batch_sweep,b500,hybrid,default.qubit,4,2,500,2569,1,param_grad,1,0.075994200
batch_sweep,b500,hybrid,default.qubit,4,2,500,2569,1,param_grad_quantum,1,0.037593500
batch_sweep,b500,hybrid,default.qubit,4,2,500,2569,1,param_grad_classical,1,0.038400700
batch_sweep,b100,hybrid,default.qubit,4,2,100,2569,1,forward,1,0.012211900
batch_sweep,b100,hybrid,default.qubit,4,2,100,2569,1,forward_quantum,1,0.011692000
batch_sweep,b100,hybrid,default.qubit,4,2,100,2569,1,forward_classical,1,0.000519900
batch_sweep,b100,hybrid,default.qubit,4,2,100,2569,1,first_grad,1,0.017628400
batch_sweep,b100,hybrid,default.qubit,4,2,100,2569,1,first_grad_quantum,1,0.015879900
batch_sweep,b100,hybrid,default.qubit,4,2,100,2569,1,first_grad_classical,1,0.001748500
batch_sweep,b100,hybrid,default.qubit,4,2,100,2569,1,second_grad,1,0.024363900
batch_sweep,b100,hybrid,default.qubit,4,2,100,2569,1,second_grad_quantum,1,0.017840100
batch_sweep,b100,hybrid,default.qubit,4,2,100,2569,1,second_grad_classical,1,0.006523800
batch_sweep,b100,hybrid,default.qubit,4,2,100,2569,1,param_grad,1,0.056467300
batch_sweep,b100,hybrid,default.qubit,4,2,100,2569,1,param_grad_quantum,1,0.028580400
batch_sweep,b100,hybrid,default.qubit,4,2,100,2569,1,param_grad_classical,1,0.027886900
batch_sweep,b100,hybrid,default.qubit,4,2,100,2569,0,forward,1,0.010907600
batch_sweep,b100,hybrid,default.qubit,4,2,100,2569,0,forward_quantum,1,0.010361200
batch_sweep,b100,hybrid,default.qubit,4,2,100,2569,0,forward_classical,1,0.000546400
batch_sweep,b100,hybrid,default.qubit,4,2,100,2569,0,first_grad,1,0.018209300
batch_sweep,b100,hybrid,default.qubit,4,2,100,2569,0,first_grad_quantum,1,0.016175500
batch_sweep,b100,hybrid,default.qubit,4,2,100,2569,0,first_grad_classical,1,0.002033800
batch_sweep,b100,hybrid,default.qubit,4,2,100,2569,0,second_grad,1,0.029678800
batch_sweep,b100,hybrid,default.qubit,4,2,100,2569,0,second_grad_quantum,1,0.020900100
batch_sweep,b100,hybrid,default.qubit,4,2,100,2569,0,second_grad_classical,1,0.008778700
batch_sweep,b100,hybrid,default.qubit,4,2,100,2569,0,param_grad,1,0.051499800
batch_sweep,b100,hybrid,default.qubit,4,2,100,2569,0,param_grad_quantum,1,0.026169000
batch_sweep,b100,hybrid,default.qubit,4,2,100,2569,0,param_grad_classical,1,0.025330800
batch_sweep,b1000,hybrid,default.qubit,4,2,1000,2569,1,forward,1,0.014859500
batch_sweep,b1000,hybrid,default.qubit,4,2,1000,2569,1,forward_quantum,1,0.013955900
batch_sweep,b1000,hybrid,default.qubit,4,2,1000,2569,1,forward_classical,1,0.000903600
batch_sweep,b1000,hybrid,default.qubit,4,2,1000,2569,1,first_grad,1,0.028222900
batch_sweep,b1000,hybrid,default.qubit,4,2,1000,2569,1,first_grad_quantum,1,0.026000800
batch_sweep,b1000,hybrid,default.qubit,4,2,1000,2569,1,first_grad_classical,1,0.002222100
batch_sweep,b1000,hybrid,default.qubit,4,2,1000,2569,1,second_grad,1,0.049027300
batch_sweep,b1000,hybrid,default.qubit,4,2,1000,2569,1,second_grad_quantum,1,0.031098400
batch_sweep,b1000,hybrid,default.qubit,4,2,1000,2569,1,second_grad_classical,1,0.017928900
batch_sweep,b1000,hybrid,default.qubit,4,2,1000,2569,1,param_grad,1,0.096057800
batch_sweep,b1000,hybrid,default.qubit,4,2,1000,2569,1,param_grad_quantum,1,0.044660700
batch_sweep,b1000,hybrid,default.qubit,4,2,1000,2569,1,param_grad_classical,1,0.051397100
batch_sweep,b500,hybrid,default.qubit,4,2,500,2569,2,forward,1,0.012990000
batch_sweep,b500,hybrid,default.qubit,4,2,500,2569,2,forward_quantum,1,0.012430000
batch_sweep,b500,hybrid,default.qubit,4,2,500,2569,2,forward_classical,1,0.000560000
batch_sweep,b500,hybrid,default.qubit,4,2,500,2569,2,first_grad,1,0.020200900
batch_sweep,b500,hybrid,default.qubit,4,2,500,2569,2,first_grad_quantum,1,0.018359100
batch_sweep,b500,hybrid,default.qubit,4,2,500,2569,2,first_grad_classical,1,0.001841800
batch_sweep,b500,hybrid,default.qubit,4,2,500,2569,2,second_grad,1,0.033198000
batch_sweep,b500,hybrid,default.qubit,4,2,500,2569,2,second_grad_quantum,1,0.023768500
batch_sweep,b500,hybrid,default.qubit,4,2,500,2569,2,second_grad_classical,1,0.009429500
batch_sweep,b500,hybrid,default.qubit,4,2,500,2569,2,param_grad,1,0.069944800
batch_sweep,b500,hybrid,default.qubit,4,2,500,2569,2,param_grad_quantum,1,0.035040100
batch_sweep,b500,hybrid,default.qubit,4,2,500,2569,2,param_grad_classical,1,0.034904700
batch_sweep,b1000,hybrid,default.qubit,4,2,1000,2569,2,forward,1,0.014081700
batch_sweep,b1000,hybrid,default.qubit,4,2,1000,2569,2,forward_quantum,1,0.013424900
batch_sweep,b1000,hybrid,default.qubit,4,2,1000,2569,2,forward_classical,1,0.000656800
batch_sweep,b1000,hybrid,default.qubit,4,2,1000,2569,2,first_grad,1,0.024034700
batch_sweep,b1000,hybrid,default.qubit,4,2,1000,2569,2,first_grad_quantum,1,0.022174000
batch_sweep,b1000,hybrid,default.qubit,4,2,1000,2569,2,first_grad_classical,1,0.001860700
batch_sweep,b1000,hybrid,default.qubit,4,2,1000,2569,2,second_grad,1,0.044938900
batch_sweep,b1000,hybrid,default.qubit,4,2,1000,2569,2,second_grad_quantum,1,0.029560700
batch_sweep,b1000,hybrid,default.qubit,4,2,1000,2569,2,second_grad_classical,1,0.015378200
batch_sweep,b1000,hybrid,default.qubit,4,2,1000,2569,2,param_grad,1,0.094209000
batch_sweep,b1000,hybrid,default.qubit,4,2,1000,2569,2,param_grad_quantum,1,0.043180500
batch_sweep,b1000,hybrid,default.qubit,4,2,1000,2569,2,param_grad_classical,1,0.051028500
batch_sweep,b5000,hybrid,default.qubit,4,2,5000,2569,1,forward,1,0.019068100
batch_sweep,b5000,hybrid,default.qubit,4,2,5000,2569,1,forward_quantum,1,0.018082300
batch_sweep,b5000,hybrid,default.qubit,4,2,5000,2569,1,forward_classical,1,0.000985800
batch_sweep,b5000,hybrid,default.qubit,4,2,5000,2569,1,first_grad,1,0.045330800
batch_sweep,b5000,hybrid,default.qubit,4,2,5000,2569,1,first_grad_quantum,1,0.042493200
batch_sweep,b5000,hybrid,default.qubit,4,2,5000,2569,1,first_grad_classical,1,0.002837600
batch_sweep,b5000,hybrid,default.qubit,4,2,5000,2569,1,second_grad,1,0.087760200
batch_sweep,b5000,hybrid,default.qubit,4,2,5000,2569,1,second_grad_quantum,1,0.053176400
batch_sweep,b5000,hybrid,default.qubit,4,2,5000,2569,1,second_grad_classical,1,0.034583800
batch_sweep,b5000,hybrid,default.qubit,4,2,5000,2569,1,param_grad,1,0.192340400
batch_sweep,b5000,hybrid,default.qubit,4,2,5000,2569,1,param_grad_quantum,1,0.081874800
batch_sweep,b5000,hybrid,default.qubit,4,2,5000,2569,1,param_grad_classical,1,0.110465600
batch_sweep,b500,hybrid,default.qubit,4,2,500,2569,0,forward,1,0.015916500
batch_sweep,b500,hybrid,default.qubit,4,2,500,2569,0,forward_quantum,1,0.015302200
batch_sweep,b500,hybrid,default.qubit,4,2,500,2569,0,forward_classical,1,0.000614300
batch_sweep,b500,hybrid,default.qubit,4,2,500,2569,0,first_grad,1,0.022936000
batch_sweep,b500,hybrid,default.qubit,4,2,500,2569,0,first_grad_quantum,1,0.020972800
batch_sweep,b500,hybrid,default.qubit,4,2,500,2569,0,first_grad_classical,1,0.001963200
batch_sweep,b500,hybrid,default.qubit,4,2,500,2569,0,second_grad,1,0.039705900
batch_sweep,b500,hybrid,default.qubit,4,2,500,2569,0,second_grad_quantum,1,0.025600700
batch_sweep,b500,hybrid,default.qubit,4,2,500,2569,0,second_grad_classical,1,0.014105200
batch_sweep,b500,hybrid,default.qubit,4,2,500,2569,0,param_grad,1,0.074743000
batch_sweep,b500,hybrid,default.qubit,4,2,500,2569,0,param_grad_quantum,1,0.035615500
batch_sweep,b500,hybrid,default.qubit,4,2,500,2569,0,param_grad_classical,1,0.039127500
batch_sweep,b2540,hybrid,default.qubit,4,2,2540,2569,2,forward,1,0.016409600
batch_sweep,b2540,hybrid,default.qubit,4,2,2540,2569,2,forward_quantum,1,0.015625000
batch_sweep,b2540,hybrid,default.qubit,4,2,2540,2569,2,forward_classical,1,0.000784600
batch_sweep,b2540,hybrid,default.qubit,4,2,2540,2569,2,first_grad,1,0.035585000
batch_sweep,b2540,hybrid,default.qubit,4,2,2540,2569,2,first_grad_quantum,1,0.031045700
batch_sweep,b2540,hybrid,default.qubit,4,2,2540,2569,2,first_grad_classical,1,0.004539300
batch_sweep,b2540,hybrid,default.qubit,4,2,2540,2569,2,second_grad,1,0.069600700
batch_sweep,b2540,hybrid,default.qubit,4,2,2540,2569,2,second_grad_quantum,1,0.045394600
batch_sweep,b2540,hybrid,default.qubit,4,2,2540,2569,2,second_grad_classical,1,0.024206100
batch_sweep,b2540,hybrid,default.qubit,4,2,2540,2569,2,param_grad,1,0.131754300
batch_sweep,b2540,hybrid,default.qubit,4,2,2540,2569,2,param_grad_quantum,1,0.058552200
batch_sweep,b2540,hybrid,default.qubit,4,2,2540,2569,2,param_grad_classical,1,0.073202100
batch_sweep,b5000,hybrid,default.qubit,4,2,5000,2569,0,forward,1,0.019318300
batch_sweep,b5000,hybrid,default.qubit,4,2,5000,2569,0,forward_quantum,1,0.018372000
batch_sweep,b5000,hybrid,default.qubit,4,2,5000,2569,0,forward_classical,1,0.000946300
batch_sweep,b5000,hybrid,default.qubit,4,2,5000,2569,0,first_grad,1,0.043946900
batch_sweep,b5000,hybrid,default.qubit,4,2,5000,2569,0,first_grad_quantum,1,0.041013200
batch_sweep,b5000,hybrid,default.qubit,4,2,5000,2569,0,first_grad_classical,1,0.002933700
batch_sweep,b5000,hybrid,default.qubit,4,2,5000,2569,0,second_grad,1,0.081412500
batch_sweep,b5000,hybrid,default.qubit,4,2,5000,2569,0,second_grad_quantum,1,0.053020700
batch_sweep,b5000,hybrid,default.qubit,4,2,5000,2569,0,second_grad_classical,1,0.028391800
batch_sweep,b5000,hybrid,default.qubit,4,2,5000,2569,0,param_grad,1,0.197227400
batch_sweep,b5000,hybrid,default.qubit,4,2,5000,2569,0,param_grad_quantum,1,0.081303900
batch_sweep,b5000,hybrid,default.qubit,4,2,5000,2569,0,param_grad_classical,1,0.115923500
batch_sweep,b1000,hybrid,default.qubit,4,2,1000,2569,0,forward,1,0.014652700
batch_sweep,b1000,hybrid,default.qubit,4,2,1000,2569,0,forward_quantum,1,0.014057400
batch_sweep,b1000,hybrid,default.qubit,4,2,1000,2569,0,forward_classical,1,0.000595300
batch_sweep,b1000,hybrid,default.qubit,4,2,1000,2569,0,first_grad,1,0.024374400
batch_sweep,b1000,hybrid,default.qubit,4,2,1000,2569,0,first_grad_quantum,1,0.022394900
batch_sweep,b1000,hybrid,default.qubit,4,2,1000,2569,0,first_grad_classical,1,0.001979500
batch_sweep,b1000,hybrid,default.qubit,4,2,1000,2569,0,second_grad,1,0.049910400
batch_sweep,b1000,hybrid,default.qubit,4,2,1000,2569,0,second_grad_quantum,1,0.031857500
batch_sweep,b1000,hybrid,default.qubit,4,2,1000,2569,0,second_grad_classical,1,0.018052900
batch_sweep,b1000,hybrid,default.qubit,4,2,1000,2569,0,param_grad,1,0.092801600
batch_sweep,b1000,hybrid,default.qubit,4,2,1000,2569,0,param_grad_quantum,1,0.042178300
batch_sweep,b1000,hybrid,default.qubit,4,2,1000,2569,0,param_grad_classical,1,0.050623300
batch_sweep,b2540,hybrid,default.qubit,4,2,2540,2569,1,forward,1,0.020380700
batch_sweep,b2540,hybrid,default.qubit,4,2,2540,2569,1,forward_quantum,1,0.019584500
batch_sweep,b2540,hybrid,default.qubit,4,2,2540,2569,1,forward_classical,1,0.000796200
batch_sweep,b2540,hybrid,default.qubit,4,2,2540,2569,1,first_grad,1,0.031315600
batch_sweep,b2540,hybrid,default.qubit,4,2,2540,2569,1,first_grad_quantum,1,0.028641700
batch_sweep,b2540,hybrid,default.qubit,4,2,2540,2569,1,first_grad_classical,1,0.002673900
batch_sweep,b2540,hybrid,default.qubit,4,2,2540,2569,1,second_grad,1,0.068203600
batch_sweep,b2540,hybrid,default.qubit,4,2,2540,2569,1,second_grad_quantum,1,0.045598200
batch_sweep,b2540,hybrid,default.qubit,4,2,2540,2569,1,second_grad_classical,1,0.022605400
batch_sweep,b2540,hybrid,default.qubit,4,2,2540,2569,1,param_grad,1,0.135552700
batch_sweep,b2540,hybrid,default.qubit,4,2,2540,2569,1,param_grad_quantum,1,0.060305800
batch_sweep,b2540,hybrid,default.qubit,4,2,2540,2569,1,param_grad_classical,1,0.075246900
batch_sweep,b500,hybrid,default.qubit,4,2,500,2569,0,forward,2,0.015317200
batch_sweep,b500,hybrid,default.qubit,4,2,500,2569,0,forward_quantum,2,0.012702300
batch_sweep,b500,hybrid,default.qubit,4,2,500,2569,0,forward_classical,2,0.002614900
batch_sweep,b500,hybrid,default.qubit,4,2,500,2569,0,first_grad,2,0.019807000
batch_sweep,b500,hybrid,default.qubit,4,2,500,2569,0,first_grad_quantum,2,0.018080300
batch_sweep,b500,hybrid,default.qubit,4,2,500,2569,0,first_grad_classical,2,0.001726700
batch_sweep,b500,hybrid,default.qubit,4,2,500,2569,0,second_grad,2,0.036394700
batch_sweep,b500,hybrid,default.qubit,4,2,500,2569,0,second_grad_quantum,2,0.024684300
batch_sweep,b500,hybrid,default.qubit,4,2,500,2569,0,second_grad_classical,2,0.011710400
batch_sweep,b500,hybrid,default.qubit,4,2,500,2569,0,param_grad,2,0.069821800
batch_sweep,b500,hybrid,default.qubit,4,2,500,2569,0,param_grad_quantum,2,0.034455200
batch_sweep,b500,hybrid,default.qubit,4,2,500,2569,0,param_grad_classical,2,0.035366600
batch_sweep,b2540,hybrid,default.qubit,4,2,2540,2569,2,forward,2,0.015760300
batch_sweep,b2540,hybrid,default.qubit,4,2,2540,2569,2,forward_quantum,2,0.015069700
batch_sweep,b2540,hybrid,default.qubit,4,2,2540,2569,2,forward_classical,2,0.000690600
batch_sweep,b2540,hybrid,default.qubit,4,2,2540,2569,2,first_grad,2,0.030743100
batch_sweep,b2540,hybrid,default.qubit,4,2,2540,2569,2,first_grad_quantum,2,0.026462000
batch_sweep,b2540,hybrid,default.qubit,4,2,2540,2569,2,first_grad_classical,2,0.004281100
batch_sweep,b2540,hybrid,default.qubit,4,2,2540,2569,2,second_grad,2,0.068641100
batch_sweep,b2540,hybrid,default.qubit,4,2,2540,2569,2,second_grad_quantum,2,0.043818700
batch_sweep,b2540,hybrid,default.qubit,4,2,2540,2569,2,second_grad_classical,2,0.024822400
batch_sweep,b2540,hybrid,default.qubit,4,2,2540,2569,2,param_grad,2,0.119441000
batch_sweep,b2540,hybrid,default.qubit,4,2,2540,2569,2,param_grad_quantum,2,0.054001400
batch_sweep,b2540,hybrid,default.qubit,4,2,2540,2569,2,param_grad_classical,2,0.065439600
batch_sweep,b1000,hybrid,default.qubit,4,2,1000,2569,2,forward,2,0.013193600
batch_sweep,b1000,hybrid,default.qubit,4,2,1000,2569,2,forward_quantum,2,0.012583700
batch_sweep,b1000,hybrid,default.qubit,4,2,1000,2569,2,forward_classical,2,0.000609900
batch_sweep,b1000,hybrid,default.qubit,4,2,1000,2569,2,first_grad,2,0.023595500
batch_sweep,b1000,hybrid,default.qubit,4,2,1000,2569,2,first_grad_quantum,2,0.021464400
batch_sweep,b1000,hybrid,default.qubit,4,2,1000,2569,2,first_grad_classical,2,0.002131100
batch_sweep,b1000,hybrid,default.qubit,4,2,1000,2569,2,second_grad,2,0.044991200
batch_sweep,b1000,hybrid,default.qubit,4,2,1000,2569,2,second_grad_quantum,2,0.029982000
batch_sweep,b1000,hybrid,default.qubit,4,2,1000,2569,2,second_grad_classical,2,0.015009200
batch_sweep,b1000,hybrid,default.qubit,4,2,1000,2569,2,param_grad,2,0.091497400
batch_sweep,b1000,hybrid,default.qubit,4,2,1000,2569,2,param_grad_quantum,2,0.044090800
batch_sweep,b1000,hybrid,default.qubit,4,2,1000,2569,2,param_grad_classical,2,0.047406600
batch_sweep,b100,hybrid,default.qubit,4,2,100,2569,0,forward,2,0.010766500
batch_sweep,b100,hybrid,default.qubit,4,2,100,2569,0,forward_quantum,2,0.010064600
batch_sweep,b100,hybrid,default.qubit,4,2,100,2569,0,forward_classical,2,0.000701900
batch_sweep,b100,hybrid,default.qubit,4,2,100,2569,0,first_grad,2,0.016410200
batch_sweep,b100,hybrid,default.qubit,4,2,100,2569,0,first_grad_quantum,2,0.014652500
batch_sweep,b100,hybrid,default.qubit,4,2,100,2569,0,first_grad_classical,2,0.001757700
batch_sweep,b100,hybrid,default.qubit,4,2,100,2569,0,second_grad,2,0.024384800
batch_sweep,b100,hybrid,default.qubit,4,2,100,2569,0,second_grad_quantum,2,0.017882700
batch_sweep,b100,hybrid,default.qubit,4,2,100,2569,0,second_grad_classical,2,0.006502100
batch_sweep,b100,hybrid,default.qubit,4,2,100,2569,0,param_grad,2,0.052981600
batch_sweep,b100,hybrid,default.qubit,4,2,100,2569,0,param_grad_quantum,2,0.027385300
batch_sweep,b100,hybrid,default.qubit,4,2,100,2569,0,param_grad_classical,2,0.025596300
batch_sweep,b1000,hybrid,default.qubit,4,2,1000,2569,0,forward,2,0.014610900
batch_sweep,b1000,hybrid,default.qubit,4,2,1000,2569,0,forward_quantum,2,0.013826000
batch_sweep,b1000,hybrid,default.qubit,4,2,1000,2569,0,forward_classical,2,0.000784900
batch_sweep,b1000,hybrid,default.qubit,4,2,1000,2569,0,first_grad,2,0.025691600
batch_sweep,b1000,hybrid,default.qubit,4,2,1000,2569,0,first_grad_quantum,2,0.023528600
batch_sweep,b1000,hybrid,default.qubit,4,2,1000,2569,0,first_grad_classical,2,0.002163000
batch_sweep,b1000,hybrid,default.qubit,4,2,1000,2569,0,second_grad,2,0.046025200
batch_sweep,b1000,hybrid,default.qubit,4,2,1000,2569,0,second_grad_quantum,2,0.030661300
batch_sweep,b1000,hybrid,default.qubit,4,2,1000,2569,0,second_grad_classical,2,0.015363900
batch_sweep,b1000,hybrid,default.qubit,4,2,1000,2569,0,param_grad,2,0.101707900
batch_sweep,b1000,hybrid,default.qubit,4,2,1000,2569,0,param_grad_quantum,2,0.045086900
batch_sweep,b1000,hybrid,default.qubit,4,2,1000,2569,0,param_grad_classical,2,0.056621000
batch_sweep,b5000,hybrid,default.qubit,4,2,5000,2569,0,forward,2,0.021225500
batch_sweep,b5000,hybrid,default.qubit,4,2,5000,2569,0,forward_quantum,2,0.020218400
batch_sweep,b5000,hybrid,default.qubit,4,2,5000,2569,0,forward_classical,2,0.001007100
batch_sweep,b5000,hybrid,default.qubit,4,2,5000,2569,0,first_grad,2,0.049721100
batch_sweep,b5000,hybrid,default.qubit,4,2,5000,2569,0,first_grad_quantum,2,0.045422900
batch_sweep,b5000,hybrid,default.qubit,4,2,5000,2569,0,first_grad_classical,2,0.004298200
batch_sweep,b5000,hybrid,default.qubit,4,2,5000,2569,0,second_grad,2,0.087797200
batch_sweep,b5000,hybrid,default.qubit,4,2,5000,2569,0,second_grad_quantum,2,0.054450000
batch_sweep,b5000,hybrid,default.qubit,4,2,5000,2569,0,second_grad_classical,2,0.033347200
batch_sweep,b5000,hybrid,default.qubit,4,2,5000,2569,0,param_grad,2,0.196358200
batch_sweep,b5000,hybrid,default.qubit,4,2,5000,2569,0,param_grad_quantum,2,0.083781800
batch_sweep,b5000,hybrid,default.qubit,4,2,5000,2569,0,param_grad_classical,2,0.112576400
batch_sweep,b500,hybrid,default.qubit,4,2,500,2569,2,forward,2,0.015991000
batch_sweep,b500,hybrid,default.qubit,4,2,500,2569,2,forward_quantum,2,0.015390800
batch_sweep,b500,hybrid,default.qubit,4,2,500,2569,2,forward_classical,2,0.000600200
batch_sweep,b500,hybrid,default.qubit,4,2,500,2569,2,first_grad,2,0.019530500
batch_sweep,b500,hybrid,default.qubit,4,2,500,2569,2,first_grad_quantum,2,0.017834700
batch_sweep,b500,hybrid,default.qubit,4,2,500,2569,2,first_grad_classical,2,0.001695800
batch_sweep,b500,hybrid,default.qubit,4,2,500,2569,2,second_grad,2,0.038573300
batch_sweep,b500,hybrid,default.qubit,4,2,500,2569,2,second_grad_quantum,2,0.028096400
batch_sweep,b500,hybrid,default.qubit,4,2,500,2569,2,second_grad_classical,2,0.010476900
batch_sweep,b500,hybrid,default.qubit,4,2,500,2569,2,param_grad,2,0.076083000
batch_sweep,b500,hybrid,default.qubit,4,2,500,2569,2,param_grad_quantum,2,0.037041700
batch_sweep,b500,hybrid,default.qubit,4,2,500,2569,2,param_grad_classical,2,0.039041300
batch_sweep,b1000,hybrid,default.qubit,4,2,1000,2569,1,forward,2,0.013915900
batch_sweep,b1000,hybrid,default.qubit,4,2,1000,2569,1,forward_quantum,2,0.013209200
batch_sweep,b1000,hybrid,default.qubit,4,2,1000,2569,1,forward_classical,2,0.000706700
batch_sweep,b1000,hybrid,default.qubit,4,2,1000,2569,1,first_grad,2,0.025188800
batch_sweep,b1000,hybrid,default.qubit,4,2,1000,2569,1,first_grad_quantum,2,0.023132200
batch_sweep,b1000,hybrid,default.qubit,4,2,1000,2569,1,first_grad_classical,2,0.002056600
batch_sweep,b1000,hybrid,default.qubit,4,2,1000,2569,1,second_grad,2,0.051394700
batch_sweep,b1000,hybrid,default.qubit,4,2,1000,2569,1,second_grad_quantum,2,0.031625400
batch_sweep,b1000,hybrid,default.qubit,4,2,1000,2569,1,second_grad_classical,2,0.019769300
batch_sweep,b1000,hybrid,default.qubit,4,2,1000,2569,1,param_grad,2,0.096775500
batch_sweep,b1000,hybrid,default.qubit,4,2,1000,2569,1,param_grad_quantum,2,0.043371200
batch_sweep,b1000,hybrid,default.qubit,4,2,1000,2569,1,param_grad_classical,2,0.053404300
batch_sweep,b2540,hybrid,default.qubit,4,2,2540,2569,1,forward,2,0.016733900
batch_sweep,b2540,hybrid,default.qubit,4,2,2540,2569,1,forward_quantum,2,0.015939100
batch_sweep,b2540,hybrid,default.qubit,4,2,2540,2569,1,forward_classical,2,0.000794800
batch_sweep,b2540,hybrid,default.qubit,4,2,2540,2569,1,first_grad,2,0.032927100
batch_sweep,b2540,hybrid,default.qubit,4,2,2540,2569,1,first_grad_quantum,2,0.030250400
batch_sweep,b2540,hybrid,default.qubit,4,2,2540,2569,1,first_grad_classical,2,0.002676700
batch_sweep,b2540,hybrid,default.qubit,4,2,2540,2569,1,second_grad,2,0.070159800
batch_sweep,b2540,hybrid,default.qubit,4,2,2540,2569,1,second_grad_quantum,2,0.046238100
batch_sweep,b2540,hybrid,default.qubit,4,2,2540,2569,1,second_grad_classical,2,0.023921700
batch_sweep,b2540,hybrid,default.qubit,4,2,2540,2569,1,param_grad,2,0.141049000
batch_sweep,b2540,hybrid,default.qubit,4,2,2540,2569,1,param_grad_quantum,2,0.063551900
batch_sweep,b2540,hybrid,default.qubit,4,2,2540,2569,1,param_grad_classical,2,0.077497100
batch_sweep,b2540,hybrid,default.qubit,4,2,2540,2569,0,forward,2,0.018423100
batch_sweep,b2540,hybrid,default.qubit,4,2,2540,2569,0,forward_quantum,2,0.017562800
batch_sweep,b2540,hybrid,default.qubit,4,2,2540,2569,0,forward_classical,2,0.000860300
batch_sweep,b2540,hybrid,default.qubit,4,2,2540,2569,0,first_grad,2,0.033135200
batch_sweep,b2540,hybrid,default.qubit,4,2,2540,2569,0,first_grad_quantum,2,0.030274900
batch_sweep,b2540,hybrid,default.qubit,4,2,2540,2569,0,first_grad_classical,2,0.002860300
batch_sweep,b2540,hybrid,default.qubit,4,2,2540,2569,0,second_grad,2,0.068854900
batch_sweep,b2540,hybrid,default.qubit,4,2,2540,2569,0,second_grad_quantum,2,0.045405100
batch_sweep,b2540,hybrid,default.qubit,4,2,2540,2569,0,second_grad_classical,2,0.023449800
batch_sweep,b2540,hybrid,default.qubit,4,2,2540,2569,0,param_grad,2,0.127121900
batch_sweep,b2540,hybrid,default.qubit,4,2,2540,2569,0,param_grad_quantum,2,0.055789500
batch_sweep,b2540,hybrid,default.qubit,4,2,2540,2569,0,param_grad_classical,2,0.071332400
batch_sweep,b100,hybrid,default.qubit,4,2,100,2569,2,forward,2,0.010520300
batch_sweep,b100,hybrid,default.qubit,4,2,100,2569,2,forward_quantum,2,0.010037100
batch_sweep,b100,hybrid,default.qubit,4,2,100,2569,2,forward_classical,2,0.000483200
batch_sweep,b100,hybrid,default.qubit,4,2,100,2569,2,first_grad,2,0.016657200
batch_sweep,b100,hybrid,default.qubit,4,2,100,2569,2,first_grad_quantum,2,0.015051300
batch_sweep,b100,hybrid,default.qubit,4,2,100,2569,2,first_grad_classical,2,0.001605900
batch_sweep,b100,hybrid,default.qubit,4,2,100,2569,2,second_grad,2,0.022180100
batch_sweep,b100,hybrid,default.qubit,4,2,100,2569,2,second_grad_quantum,2,0.016414500
batch_sweep,b100,hybrid,default.qubit,4,2,100,2569,2,second_grad_classical,2,0.005765600
batch_sweep,b100,hybrid,default.qubit,4,2,100,2569,2,param_grad,2,0.047300600
batch_sweep,b100,hybrid,default.qubit,4,2,100,2569,2,param_grad_quantum,2,0.025472800
batch_sweep,b100,hybrid,default.qubit,4,2,100,2569,2,param_grad_classical,2,0.021827800
batch_sweep,b5000,hybrid,default.qubit,4,2,5000,2569,1,forward,2,0.018668000
batch_sweep,b5000,hybrid,default.qubit,4,2,5000,2569,1,forward_quantum,2,0.017632600
batch_sweep,b5000,hybrid,default.qubit,4,2,5000,2569,1,forward_classical,2,0.001035400
batch_sweep,b5000,hybrid,default.qubit,4,2,5000,2569,1,first_grad,2,0.044607700
batch_sweep,b5000,hybrid,default.qubit,4,2,5000,2569,1,first_grad_quantum,2,0.038541000
batch_sweep,b5000,hybrid,default.qubit,4,2,5000,2569,1,first_grad_classical,2,0.006066700
batch_sweep,b5000,hybrid,default.qubit,4,2,5000,2569,1,second_grad,2,0.088840200
batch_sweep,b5000,hybrid,default.qubit,4,2,5000,2569,1,second_grad_quantum,2,0.057147800
batch_sweep,b5000,hybrid,default.qubit,4,2,5000,2569,1,second_grad_classical,2,0.031692400
batch_sweep,b5000,hybrid,default.qubit,4,2,5000,2569,1,param_grad,2,0.187824000
batch_sweep,b5000,hybrid,default.qubit,4,2,5000,2569,1,param_grad_quantum,2,0.080416300
batch_sweep,b5000,hybrid,default.qubit,4,2,5000,2569,1,param_grad_classical,2,0.107407700
batch_sweep,b5000,hybrid,default.qubit,4,2,5000,2569,2,forward,2,0.020075200
batch_sweep,b5000,hybrid,default.qubit,4,2,5000,2569,2,forward_quantum,2,0.019149900
batch_sweep,b5000,hybrid,default.qubit,4,2,5000,2569,2,forward_classical,2,0.000925300
batch_sweep,b5000,hybrid,default.qubit,4,2,5000,2569,2,first_grad,2,0.040789900
batch_sweep,b5000,hybrid,default.qubit,4,2,5000,2569,2,first_grad_quantum,2,0.037762500
batch_sweep,b5000,hybrid,default.qubit,4,2,5000,2569,2,first_grad_classical,2,0.003027400
batch_sweep,b5000,hybrid,default.qubit,4,2,5000,2569,2,second_grad,2,0.087545800
batch_sweep,b5000,hybrid,default.qubit,4,2,5000,2569,2,second_grad_quantum,2,0.058389500
batch_sweep,b5000,hybrid,default.qubit,4,2,5000,2569,2,second_grad_classical,2,0.029156300
batch_sweep,b5000,hybrid,default.qubit,4,2,5000,2569,2,param_grad,2,0.194729700
batch_sweep,b5000,hybrid,default.qubit,4,2,5000,2569,2,param_grad_quantum,2,0.076769900
batch_sweep,b5000,hybrid,default.qubit,4,2,5000,2569,2,param_grad_classical,2,0.117959800
batch_sweep,b500,hybrid,default.qubit,4,2,500,2569,1,forward,2,0.012264100
batch_sweep,b500,hybrid,default.qubit,4,2,500,2569,1,forward_quantum,2,0.011655500
batch_sweep,b500,hybrid,default.qubit,4,2,500,2569,1,forward_classical,2,0.000608600
batch_sweep,b500,hybrid,default.qubit,4,2,500,2569,1,first_grad,2,0.018906500
batch_sweep,b500,hybrid,default.qubit,4,2,500,2569,1,first_grad_quantum,2,0.017262600
batch_sweep,b500,hybrid,default.qubit,4,2,500,2569,1,first_grad_classical,2,0.001643900
batch_sweep,b500,hybrid,default.qubit,4,2,500,2569,1,second_grad,2,0.041634800
batch_sweep,b500,hybrid,default.qubit,4,2,500,2569,1,second_grad_quantum,2,0.027731100
batch_sweep,b500,hybrid,default.qubit,4,2,500,2569,1,second_grad_classical,2,0.013903700
batch_sweep,b500,hybrid,default.qubit,4,2,500,2569,1,param_grad,2,0.071731200
batch_sweep,b500,hybrid,default.qubit,4,2,500,2569,1,param_grad_quantum,2,0.034543600
batch_sweep,b500,hybrid,default.qubit,4,2,500,2569,1,param_grad_classical,2,0.037187600
batch_sweep,b100,hybrid,default.qubit,4,2,100,2569,1,forward,2,0.014185300
batch_sweep,b100,hybrid,default.qubit,4,2,100,2569,1,forward_quantum,2,0.013699300
batch_sweep,b100,hybrid,default.qubit,4,2,100,2569,1,forward_classical,2,0.000486000
batch_sweep,b100,hybrid,default.qubit,4,2,100,2569,1,first_grad,2,0.016202600
batch_sweep,b100,hybrid,default.qubit,4,2,100,2569,1,first_grad_quantum,2,0.014328700
batch_sweep,b100,hybrid,default.qubit,4,2,100,2569,1,first_grad_classical,2,0.001873900
batch_sweep,b100,hybrid,default.qubit,4,2,100,2569,1,second_grad,2,0.028117600
batch_sweep,b100,hybrid,default.qubit,4,2,100,2569,1,second_grad_quantum,2,0.019645100
batch_sweep,b100,hybrid,default.qubit,4,2,100,2569,1,second_grad_classical,2,0.008472500
batch_sweep,b100,hybrid,default.qubit,4,2,100,2569,1,param_grad,2,0.054480800
batch_sweep,b100,hybrid,default.qubit,4,2,100,2569,1,param_grad_quantum,2,0.025989200
batch_sweep,b100,hybrid,default.qubit,4,2,100,2569,1,param_grad_classical,2,0.028491600
batch_sweep,b1000,hybrid,default.qubit,4,2,1000,2569,2,forward,3,0.015492900
batch_sweep,b1000,hybrid,default.qubit,4,2,1000,2569,2,forward_quantum,3,0.014338100
batch_sweep,b1000,hybrid,default.qubit,4,2,1000,2569,2,forward_classical,3,0.001154800
batch_sweep,b1000,hybrid,default.qubit,4,2,1000,2569,2,first_grad,3,0.025333000
batch_sweep,b1000,hybrid,default.qubit,4,2,1000,2569,2,first_grad_quantum,3,0.023344800
batch_sweep,b1000,hybrid,default.qubit,4,2,1000,2569,2,first_grad_classical,3,0.001988200
batch_sweep,b1000,hybrid,default.qubit,4,2,1000,2569,2,second_grad,3,0.049018700
batch_sweep,b1000,hybrid,default.qubit,4,2,1000,2569,2,second_grad_quantum,3,0.030821300
batch_sweep,b1000,hybrid,default.qubit,4,2,1000,2569,2,second_grad_classical,3,0.018197400
batch_sweep,b1000,hybrid,default.qubit,4,2,1000,2569,2,param_grad,3,0.097610300
batch_sweep,b1000,hybrid,default.qubit,4,2,1000,2569,2,param_grad_quantum,3,0.044394400
batch_sweep,b1000,hybrid,default.qubit,4,2,1000,2569,2,param_grad_classical,3,0.053215900
batch_sweep,b5000,hybrid,default.qubit,4,2,5000,2569,0,forward,3,0.020976600
batch_sweep,b5000,hybrid,default.qubit,4,2,5000,2569,0,forward_quantum,3,0.019971700
batch_sweep,b5000,hybrid,default.qubit,4,2,5000,2569,0,forward_classical,3,0.001004900
batch_sweep,b5000,hybrid,default.qubit,4,2,5000,2569,0,first_grad,3,0.045243600
batch_sweep,b5000,hybrid,default.qubit,4,2,5000,2569,0,first_grad_quantum,3,0.042017800
batch_sweep,b5000,hybrid,default.qubit,4,2,5000,2569,0,first_grad_classical,3,0.003225800
batch_sweep,b5000,hybrid,default.qubit,4,2,5000,2569,0,second_grad,3,0.088841700
batch_sweep,b5000,hybrid,default.qubit,4,2,5000,2569,0,second_grad_quantum,3,0.057811800
batch_sweep,b5000,hybrid,default.qubit,4,2,5000,2569,0,second_grad_classical,3,0.031029900
batch_sweep,b5000,hybrid,default.qubit,4,2,5000,2569,0,param_grad,3,0.202294300
batch_sweep,b5000,hybrid,default.qubit,4,2,5000,2569,0,param_grad_quantum,3,0.085056700
batch_sweep,b5000,hybrid,default.qubit,4,2,5000,2569,0,param_grad_classical,3,0.117237600
batch_sweep,b2540,hybrid,default.qubit,4,2,2540,2569,0,forward,3,0.016619100
batch_sweep,b2540,hybrid,default.qubit,4,2,2540,2569,0,forward_quantum,3,0.015903000
batch_sweep,b2540,hybrid,default.qubit,4,2,2540,2569,0,forward_classical,3,0.000716100
batch_sweep,b2540,hybrid,default.qubit,4,2,2540,2569,0,first_grad,3,0.034099300
batch_sweep,b2540,hybrid,default.qubit,4,2,2540,2569,0,first_grad_quantum,3,0.029449200
batch_sweep,b2540,hybrid,default.qubit,4,2,2540,2569,0,first_grad_classical,3,0.004650100
batch_sweep,b2540,hybrid,default.qubit,4,2,2540,2569,0,second_grad,3,0.067370700
batch_sweep,b2540,hybrid,default.qubit,4,2,2540,2569,0,second_grad_quantum,3,0.043694500
batch_sweep,b2540,hybrid,default.qubit,4,2,2540,2569,0,second_grad_classical,3,0.023676200
batch_sweep,b2540,hybrid,default.qubit,4,2,2540,2569,0,param_grad,3,0.132466900
batch_sweep,b2540,hybrid,default.qubit,4,2,2540,2569,0,param_grad_quantum,3,0.059172300
batch_sweep,b2540,hybrid,default.qubit,4,2,2540,2569,0,param_grad_classical,3,0.073294600
batch_sweep,b5000,hybrid,default.qubit,4,2,5000,2569,1,forward,3,0.020374300
batch_sweep,b5000,hybrid,default.qubit,4,2,5000,2569,1,forward_quantum,3,0.019239900
batch_sweep,b5000,hybrid,default.qubit,4,2,5000,2569,1,forward_classical,3,0.001134400
batch_sweep,b5000,hybrid,default.qubit,4,2,5000,2569,1,first_grad,3,0.045586100
batch_sweep,b5000,hybrid,default.qubit,4,2,5000,2569,1,first_grad_quantum,3,0.041331200
batch_sweep,b5000,hybrid,default.qubit,4,2,5000,2569,1,first_grad_classical,3,0.004254900
batch_sweep,b5000,hybrid,default.qubit,4,2,5000,2569,1,second_grad,3,0.086258900
batch_sweep,b5000,hybrid,default.qubit,4,2,5000,2569,1,second_grad_quantum,3,0.057553500
batch_sweep,b5000,hybrid,default.qubit,4,2,5000,2569,1,second_grad_classical,3,0.028705400
batch_sweep,b5000,hybrid,default.qubit,4,2,5000,2569,1,param_grad,3,0.188427700
batch_sweep,b5000,hybrid,default.qubit,4,2,5000,2569,1,param_grad_quantum,3,0.080952400
batch_sweep,b5000,hybrid,default.qubit,4,2,5000,2569,1,param_grad_classical,3,0.107475300
batch_sweep,b1000,hybrid,default.qubit,4,2,1000,2569,0,forward,3,0.014771000
batch_sweep,b1000,hybrid,default.qubit,4,2,1000,2569,0,forward_quantum,3,0.013673900
batch_sweep,b1000,hybrid,default.qubit,4,2,1000,2569,0,forward_classical,3,0.001097100
batch_sweep,b1000,hybrid,default.qubit,4,2,1000,2569,0,first_grad,3,0.024167500
batch_sweep,b1000,hybrid,default.qubit,4,2,1000,2569,0,first_grad_quantum,3,0.022195600
batch_sweep,b1000,hybrid,default.qubit,4,2,1000,2569,0,first_grad_classical,3,0.001971900
batch_sweep,b1000,hybrid,default.qubit,4,2,1000,2569,0,second_grad,3,0.046342500
batch_sweep,b1000,hybrid,default.qubit,4,2,1000,2569,0,second_grad_quantum,3,0.030243200
batch_sweep,b1000,hybrid,default.qubit,4,2,1000,2569,0,second_grad_classical,3,0.016099300
batch_sweep,b1000,hybrid,default.qubit,4,2,1000,2569,0,param_grad,3,0.093313900
batch_sweep,b1000,hybrid,default.qubit,4,2,1000,2569,0,param_grad_quantum,3,0.041158400
batch_sweep,b1000,hybrid,default.qubit,4,2,1000,2569,0,param_grad_classical,3,0.052155500
batch_sweep,b2540,hybrid,default.qubit,4,2,2540,2569,1,forward,3,0.016385600
batch_sweep,b2540,hybrid,default.qubit,4,2,2540,2569,1,forward_quantum,3,0.015621800
batch_sweep,b2540,hybrid,default.qubit,4,2,2540,2569,1,forward_classical,3,0.000763800
batch_sweep,b2540,hybrid,default.qubit,4,2,2540,2569,1,first_grad,3,0.031401500
batch_sweep,b2540,hybrid,default.qubit,4,2,2540,2569,1,first_grad_quantum,3,0.028898700
batch_sweep,b2540,hybrid,default.qubit,4,2,2540,2569,1,first_grad_classical,3,0.002502800
batch_sweep,b2540,hybrid,default.qubit,4,2,2540,2569,1,second_grad,3,0.068067800
batch_sweep,b2540,hybrid,default.qubit,4,2,2540,2569,1,second_grad_quantum,3,0.046695100
batch_sweep,b2540,hybrid,default.qubit,4,2,2540,2569,1,second_grad_classical,3,0.021372700
batch_sweep,b2540,hybrid,default.qubit,4,2,2540,2569,1,param_grad,3,0.127111700
batch_sweep,b2540,hybrid,default.qubit,4,2,2540,2569,1,param_grad_quantum,3,0.055851000
batch_sweep,b2540,hybrid,default.qubit,4,2,2540,2569,1,param_grad_classical,3,0.071260700
batch_sweep,b5000,hybrid,default.qubit,4,2,5000,2569,2,forward,3,0.019695500
batch_sweep,b5000,hybrid,default.qubit,4,2,5000,2569,2,forward_quantum,3,0.018678700
batch_sweep,b5000,hybrid,default.qubit,4,2,5000,2569,2,forward_classical,3,0.001016800
batch_sweep,b5000,hybrid,default.qubit,4,2,5000,2569,2,first_grad,3,0.042347800
batch_sweep,b5000,hybrid,default.qubit,4,2,5000,2569,2,first_grad_quantum,3,0.039580100
batch_sweep,b5000,hybrid,default.qubit,4,2,5000,2569,2,first_grad_classical,3,0.002767700
batch_sweep,b5000,hybrid,default.qubit,4,2,5000,2569,2,second_grad,3,0.088473900
batch_sweep,b5000,hybrid,default.qubit,4,2,5000,2569,2,second_grad_quantum,3,0.060739900
batch_sweep,b5000,hybrid,default.qubit,4,2,5000,2569,2,second_grad_classical,3,0.027734000
batch_sweep,b5000,hybrid,default.qubit,4,2,5000,2569,2,param_grad,3,0.203427500
batch_sweep,b5000,hybrid,default.qubit,4,2,5000,2569,2,param_grad_quantum,3,0.084242600
batch_sweep,b5000,hybrid,default.qubit,4,2,5000,2569,2,param_grad_classical,3,0.119184900
batch_sweep,b100,hybrid,default.qubit,4,2,100,2569,1,forward,3,0.011275200
batch_sweep,b100,hybrid,default.qubit,4,2,100,2569,1,forward_quantum,3,0.010292200
batch_sweep,b100,hybrid,default.qubit,4,2,100,2569,1,forward_classical,3,0.000983000
batch_sweep,b100,hybrid,default.qubit,4,2,100,2569,1,first_grad,3,0.016565100
batch_sweep,b100,hybrid,default.qubit,4,2,100,2569,1,first_grad_quantum,3,0.015064800
batch_sweep,b100,hybrid,default.qubit,4,2,100,2569,1,first_grad_classical,3,0.001500300
batch_sweep,b100,hybrid,default.qubit,4,2,100,2569,1,second_grad,3,0.027719400
batch_sweep,b100,hybrid,default.qubit,4,2,100,2569,1,second_grad_quantum,3,0.019445600
batch_sweep,b100,hybrid,default.qubit,4,2,100,2569,1,second_grad_classical,3,0.008273800
batch_sweep,b100,hybrid,default.qubit,4,2,100,2569,1,param_grad,3,0.054529700
batch_sweep,b100,hybrid,default.qubit,4,2,100,2569,1,param_grad_quantum,3,0.030369200
batch_sweep,b100,hybrid,default.qubit,4,2,100,2569,1,param_grad_classical,3,0.024160500
batch_sweep,b1000,hybrid,default.qubit,4,2,1000,2569,1,forward,3,0.014029800
batch_sweep,b1000,hybrid,default.qubit,4,2,1000,2569,1,forward_quantum,3,0.013344500
batch_sweep,b1000,hybrid,default.qubit,4,2,1000,2569,1,forward_classical,3,0.000685300
batch_sweep,b1000,hybrid,default.qubit,4,2,1000,2569,1,first_grad,3,0.028325900
batch_sweep,b1000,hybrid,default.qubit,4,2,1000,2569,1,first_grad_quantum,3,0.026043000
batch_sweep,b1000,hybrid,default.qubit,4,2,1000,2569,1,first_grad_classical,3,0.002282900
batch_sweep,b1000,hybrid,default.qubit,4,2,1000,2569,1,second_grad,3,0.051102000
batch_sweep,b1000,hybrid,default.qubit,4,2,1000,2569,1,second_grad_quantum,3,0.032598100
batch_sweep,b1000,hybrid,default.qubit,4,2,1000,2569,1,second_grad_classical,3,0.018503900
batch_sweep,b1000,hybrid,default.qubit,4,2,1000,2569,1,param_grad,3,0.097090900
batch_sweep,b1000,hybrid,default.qubit,4,2,1000,2569,1,param_grad_quantum,3,0.043764400
batch_sweep,b1000,hybrid,default.qubit,4,2,1000,2569,1,param_grad_classical,3,0.053326500
batch_sweep,b100,hybrid,default.qubit,4,2,100,2569,0,forward,3,0.010749200
batch_sweep,b100,hybrid,default.qubit,4,2,100,2569,0,forward_quantum,3,0.010211000
batch_sweep,b100,hybrid,default.qubit,4,2,100,2569,0,forward_classical,3,0.000538200
batch_sweep,b100,hybrid,default.qubit,4,2,100,2569,0,first_grad,3,0.017296600
batch_sweep,b100,hybrid,default.qubit,4,2,100,2569,0,first_grad_quantum,3,0.015463300
batch_sweep,b100,hybrid,default.qubit,4,2,100,2569,0,first_grad_classical,3,0.001833300
batch_sweep,b100,hybrid,default.qubit,4,2,100,2569,0,second_grad,3,0.029403500
batch_sweep,b100,hybrid,default.qubit,4,2,100,2569,0,second_grad_quantum,3,0.019665400
batch_sweep,b100,hybrid,default.qubit,4,2,100,2569,0,second_grad_classical,3,0.009738100
batch_sweep,b100,hybrid,default.qubit,4,2,100,2569,0,param_grad,3,0.050937200
batch_sweep,b100,hybrid,default.qubit,4,2,100,2569,0,param_grad_quantum,3,0.026170900
batch_sweep,b100,hybrid,default.qubit,4,2,100,2569,0,param_grad_classical,3,0.024766300
batch_sweep,b100,hybrid,default.qubit,4,2,100,2569,2,forward,3,0.011079600
batch_sweep,b100,hybrid,default.qubit,4,2,100,2569,2,forward_quantum,3,0.010538600
batch_sweep,b100,hybrid,default.qubit,4,2,100,2569,2,forward_classical,3,0.000541000
batch_sweep,b100,hybrid,default.qubit,4,2,100,2569,2,first_grad,3,0.017953100
batch_sweep,b100,hybrid,default.qubit,4,2,100,2569,2,first_grad_quantum,3,0.015925800
batch_sweep,b100,hybrid,default.qubit,4,2,100,2569,2,first_grad_classical,3,0.002027300
batch_sweep,b100,hybrid,default.qubit,4,2,100,2569,2,second_grad,3,0.028639700
batch_sweep,b100,hybrid,default.qubit,4,2,100,2569,2,second_grad_quantum,3,0.020151200
batch_sweep,b100,hybrid,default.qubit,4,2,100,2569,2,second_grad_classical,3,0.008488500
batch_sweep,b100,hybrid,default.qubit,4,2,100,2569,2,param_grad,3,0.052708000
batch_sweep,b100,hybrid,default.qubit,4,2,100,2569,2,param_grad_quantum,3,0.027413600
batch_sweep,b100,hybrid,default.qubit,4,2,100,2569,2,param_grad_classical,3,0.025294400
batch_sweep,b2540,hybrid,default.qubit,4,2,2540,2569,2,forward,3,0.017257900
batch_sweep,b2540,hybrid,default.qubit,4,2,2540,2569,2,forward_quantum,3,0.016276000
batch_sweep,b2540,hybrid,default.qubit,4,2,2540,2569,2,forward_classical,3,0.000981900
batch_sweep,b2540,hybrid,default.qubit,4,2,2540,2569,2,first_grad,3,0.034790800
batch_sweep,b2540,hybrid,default.qubit,4,2,2540,2569,2,first_grad_quantum,3,0.032047000
batch_sweep,b2540,hybrid,default.qubit,4,2,2540,2569,2,first_grad_classical,3,0.002743800
batch_sweep,b2540,hybrid,default.qubit,4,2,2540,2569,2,second_grad,3,0.068595800
batch_sweep,b2540,hybrid,default.qubit,4,2,2540,2569,2,second_grad_quantum,3,0.044278200
batch_sweep,b2540,hybrid,default.qubit,4,2,2540,2569,2,second_grad_classical,3,0.024317600
batch_sweep,b2540,hybrid,default.qubit,4,2,2540,2569,2,param_grad,3,0.140401000
batch_sweep,b2540,hybrid,default.qubit,4,2,2540,2569,2,param_grad_quantum,3,0.061658700
batch_sweep,b2540,hybrid,default.qubit,4,2,2540,2569,2,param_grad_classical,3,0.078742300
batch_sweep,b500,hybrid,default.qubit,4,2,500,2569,1,forward,3,0.016027300
batch_sweep,b500,hybrid,default.qubit,4,2,500,2569,1,forward_quantum,3,0.012423000
batch_sweep,b500,hybrid,default.qubit,4,2,500,2569,1,forward_classical,3,0.003604300
batch_sweep,b500,hybrid,default.qubit,4,2,500,2569,1,first_grad,3,0.021160700
batch_sweep,b500,hybrid,default.qubit,4,2,500,2569,1,first_grad_quantum,3,0.019427200
batch_sweep,b500,hybrid,default.qubit,4,2,500,2569,1,first_grad_classical,3,0.001733500
batch_sweep,b500,hybrid,default.qubit,4,2,500,2569,1,second_grad,3,0.038836400
batch_sweep,b500,hybrid,default.qubit,4,2,500,2569,1,second_grad_quantum,3,0.027349300
batch_sweep,b500,hybrid,default.qubit,4,2,500,2569,1,second_grad_classical,3,0.011487100
batch_sweep,b500,hybrid,default.qubit,4,2,500,2569,1,param_grad,3,0.071921600
batch_sweep,b500,hybrid,default.qubit,4,2,500,2569,1,param_grad_quantum,3,0.036360400
batch_sweep,b500,hybrid,default.qubit,4,2,500,2569,1,param_grad_classical,3,0.035561200
batch_sweep,b500,hybrid,default.qubit,4,2,500,2569,2,forward,3,0.010846800
batch_sweep,b500,hybrid,default.qubit,4,2,500,2569,2,forward_quantum,3,0.010315500
batch_sweep,b500,hybrid,default.qubit,4,2,500,2569,2,forward_classical,3,0.000531300
batch_sweep,b500,hybrid,default.qubit,4,2,500,2569,2,first_grad,3,0.020257300
batch_sweep,b500,hybrid,default.qubit,4,2,500,2569,2,first_grad_quantum,3,0.018526200
batch_sweep,b500,hybrid,default.qubit,4,2,500,2569,2,first_grad_classical,3,0.001731100
batch_sweep,b500,hybrid,default.qubit,4,2,500,2569,2,second_grad,3,0.035231800
batch_sweep,b500,hybrid,default.qubit,4,2,500,2569,2,second_grad_quantum,3,0.026081800
batch_sweep,b500,hybrid,default.qubit,4,2,500,2569,2,second_grad_classical,3,0.009150000
batch_sweep,b500,hybrid,default.qubit,4,2,500,2569,2,param_grad,3,0.074102300
batch_sweep,b500,hybrid,default.qubit,4,2,500,2569,2,param_grad_quantum,3,0.036175200
batch_sweep,b500,hybrid,default.qubit,4,2,500,2569,2,param_grad_classical,3,0.037927100
batch_sweep,b500,hybrid,default.qubit,4,2,500,2569,0,forward,3,0.013016800
batch_sweep,b500,hybrid,default.qubit,4,2,500,2569,0,forward_quantum,3,0.012399000
batch_sweep,b500,hybrid,default.qubit,4,2,500,2569,0,forward_classical,3,0.000617800
batch_sweep,b500,hybrid,default.qubit,4,2,500,2569,0,first_grad,3,0.021130300
batch_sweep,b500,hybrid,default.qubit,4,2,500,2569,0,first_grad_quantum,3,0.019326100
batch_sweep,b500,hybrid,default.qubit,4,2,500,2569,0,first_grad_classical,3,0.001804200
batch_sweep,b500,hybrid,default.qubit,4,2,500,2569,0,second_grad,3,0.034466100
batch_sweep,b500,hybrid,default.qubit,4,2,500,2569,0,second_grad_quantum,3,0.024170600
batch_sweep,b500,hybrid,default.qubit,4,2,500,2569,0,second_grad_classical,3,0.010295500
batch_sweep,b500,hybrid,default.qubit,4,2,500,2569,0,param_grad,3,0.071702000
batch_sweep,b500,hybrid,default.qubit,4,2,500,2569,0,param_grad_quantum,3,0.034672200
batch_sweep,b500,hybrid,default.qubit,4,2,500,2569,0,param_grad_classical,3,0.037029800
batch_sweep,b500,hybrid,default.qubit,4,2,500,2569,1,forward,4,0.012868800
batch_sweep,b500,hybrid,default.qubit,4,2,500,2569,1,forward_quantum,4,0.012292600
batch_sweep,b500,hybrid,default.qubit,4,2,500,2569,1,forward_classical,4,0.000576200
batch_sweep,b500,hybrid,default.qubit,4,2,500,2569,1,first_grad,4,0.021131000
batch_sweep,b500,hybrid,default.qubit,4,2,500,2569,1,first_grad_quantum,4,0.018998800
batch_sweep,b500,hybrid,default.qubit,4,2,500,2569,1,first_grad_classical,4,0.002132200
batch_sweep,b500,hybrid,default.qubit,4,2,500,2569,1,second_grad,4,0.036952200
batch_sweep,b500,hybrid,default.qubit,4,2,500,2569,1,second_grad_quantum,4,0.026062100
batch_sweep,b500,hybrid,default.qubit,4,2,500,2569,1,second_grad_classical,4,0.010890100
batch_sweep,b500,hybrid,default.qubit,4,2,500,2569,1,param_grad,4,0.065345800
batch_sweep,b500,hybrid,default.qubit,4,2,500,2569,1,param_grad_quantum,4,0.033305800
batch_sweep,b500,hybrid,default.qubit,4,2,500,2569,1,param_grad_classical,4,0.032040000
batch_sweep,b500,hybrid,default.qubit,4,2,500,2569,2,forward,4,0.012923800
batch_sweep,b500,hybrid,default.qubit,4,2,500,2569,2,forward_quantum,4,0.012324300
batch_sweep,b500,hybrid,default.qubit,4,2,500,2569,2,forward_classical,4,0.000599500
batch_sweep,b500,hybrid,default.qubit,4,2,500,2569,2,first_grad,4,0.021462400
batch_sweep,b500,hybrid,default.qubit,4,2,500,2569,2,first_grad_quantum,4,0.019468900
batch_sweep,b500,hybrid,default.qubit,4,2,500,2569,2,first_grad_classical,4,0.001993500
batch_sweep,b500,hybrid,default.qubit,4,2,500,2569,2,second_grad,4,0.031938200
batch_sweep,b500,hybrid,default.qubit,4,2,500,2569,2,second_grad_quantum,4,0.023003600
batch_sweep,b500,hybrid,default.qubit,4,2,500,2569,2,second_grad_classical,4,0.008934600
batch_sweep,b500,hybrid,default.qubit,4,2,500,2569,2,param_grad,4,0.070242900
batch_sweep,b500,hybrid,default.qubit,4,2,500,2569,2,param_grad_quantum,4,0.034477900
batch_sweep,b500,hybrid,default.qubit,4,2,500,2569,2,param_grad_classical,4,0.035765000
batch_sweep,b100,hybrid,default.qubit,4,2,100,2569,2,forward,4,0.012647100
batch_sweep,b100,hybrid,default.qubit,4,2,100,2569,2,forward_quantum,4,0.011716800
batch_sweep,b100,hybrid,default.qubit,4,2,100,2569,2,forward_classical,4,0.000930300
batch_sweep,b100,hybrid,default.qubit,4,2,100,2569,2,first_grad,4,0.017768500
batch_sweep,b100,hybrid,default.qubit,4,2,100,2569,2,first_grad_quantum,4,0.015852800
batch_sweep,b100,hybrid,default.qubit,4,2,100,2569,2,first_grad_classical,4,0.001915700
batch_sweep,b100,hybrid,default.qubit,4,2,100,2569,2,second_grad,4,0.026583000
batch_sweep,b100,hybrid,default.qubit,4,2,100,2569,2,second_grad_quantum,4,0.019279500
batch_sweep,b100,hybrid,default.qubit,4,2,100,2569,2,second_grad_classical,4,0.007303500
batch_sweep,b100,hybrid,default.qubit,4,2,100,2569,2,param_grad,4,0.050747800
batch_sweep,b100,hybrid,default.qubit,4,2,100,2569,2,param_grad_quantum,4,0.026524500
batch_sweep,b100,hybrid,default.qubit,4,2,100,2569,2,param_grad_classical,4,0.024223300
batch_sweep,b2540,hybrid,default.qubit,4,2,2540,2569,2,forward,4,0.017594400
batch_sweep,b2540,hybrid,default.qubit,4,2,2540,2569,2,forward_quantum,4,0.016504000
batch_sweep,b2540,hybrid,default.qubit,4,2,2540,2569,2,forward_classical,4,0.001090400
batch_sweep,b2540,hybrid,default.qubit,4,2,2540,2569,2,first_grad,4,0.037630500
batch_sweep,b2540,hybrid,default.qubit,4,2,2540,2569,2,first_grad_quantum,4,0.033304200
batch_sweep,b2540,hybrid,default.qubit,4,2,2540,2569,2,first_grad_classical,4,0.004326300
batch_sweep,b2540,hybrid,default.qubit,4,2,2540,2569,2,second_grad,4,0.070140600
batch_sweep,b2540,hybrid,default.qubit,4,2,2540,2569,2,second_grad_quantum,4,0.045570200
batch_sweep,b2540,hybrid,default.qubit,4,2,2540,2569,2,second_grad_classical,4,0.024570400
batch_sweep,b2540,hybrid,default.qubit,4,2,2540,2569,2,param_grad,4,0.137638600
batch_sweep,b2540,hybrid,default.qubit,4,2,2540,2569,2,param_grad_quantum,4,0.063570400
batch_sweep,b2540,hybrid,default.qubit,4,2,2540,2569,2,param_grad_classical,4,0.074068200
batch_sweep,b100,hybrid,default.qubit,4,2,100,2569,0,forward,4,0.012419900
batch_sweep,b100,hybrid,default.qubit,4,2,100,2569,0,forward_quantum,4,0.009500700
batch_sweep,b100,hybrid,default.qubit,4,2,100,2569,0,forward_classical,4,0.002919200
batch_sweep,b100,hybrid,default.qubit,4,2,100,2569,0,first_grad,4,0.015465100
batch_sweep,b100,hybrid,default.qubit,4,2,100,2569,0,first_grad_quantum,4,0.013705500
batch_sweep,b100,hybrid,default.qubit,4,2,100,2569,0,first_grad_classical,4,0.001759600
batch_sweep,b100,hybrid,default.qubit,4,2,100,2569,0,second_grad,4,0.027044700
batch_sweep,b100,hybrid,default.qubit,4,2,100,2569,0,second_grad_quantum,4,0.018824000
batch_sweep,b100,hybrid,default.qubit,4,2,100,2569,0,second_grad_classical,4,0.008220700
batch_sweep,b100,hybrid,default.qubit,4,2,100,2569,0,param_grad,4,0.051908700
batch_sweep,b100,hybrid,default.qubit,4,2,100,2569,0,param_grad_quantum,4,0.025789200
batch_sweep,b100,hybrid,default.qubit,4,2,100,2569,0,param_grad_classical,4,0.026119500
batch_sweep,b5000,hybrid,default.qubit,4,2,5000,2569,2,forward,4,0.019972600
batch_sweep,b5000,hybrid,default.qubit,4,2,5000,2569,2,forward_quantum,4,0.018829900
batch_sweep,b5000,hybrid,default.qubit,4,2,5000,2569,2,forward_classical,4,0.001142700
batch_sweep,b5000,hybrid,default.qubit,4,2,5000,2569,2,first_grad,4,0.047151200
batch_sweep,b5000,hybrid,default.qubit,4,2,5000,2569,2,first_grad_quantum,4,0.044008800
batch_sweep,b5000,hybrid,default.qubit,4,2,5000,2569,2,first_grad_classical,4,0.003142400
batch_sweep,b5000,hybrid,default.qubit,4,2,5000,2569,2,second_grad,4,0.079074700
batch_sweep,b5000,hybrid,default.qubit,4,2,5000,2569,2,second_grad_quantum,4,0.052565800
batch_sweep,b5000,hybrid,default.qubit,4,2,5000,2569,2,second_grad_classical,4,0.026508900
batch_sweep,b5000,hybrid,default.qubit,4,2,5000,2569,2,param_grad,4,0.191861100
batch_sweep,b5000,hybrid,default.qubit,4,2,5000,2569,2,param_grad_quantum,4,0.083072400
batch_sweep,b5000,hybrid,default.qubit,4,2,5000,2569,2,param_grad_classical,4,0.108788700
batch_sweep,b5000,hybrid,default.qubit,4,2,5000,2569,0,forward,4,0.022225900
batch_sweep,b5000,hybrid,default.qubit,4,2,5000,2569,0,forward_quantum,4,0.021147000
batch_sweep,b5000,hybrid,default.qubit,4,2,5000,2569,0,forward_classical,4,0.001078900
batch_sweep,b5000,hybrid,default.qubit,4,2,5000,2569,0,first_grad,4,0.047182400
batch_sweep,b5000,hybrid,default.qubit,4,2,5000,2569,0,first_grad_quantum,4,0.044200700
batch_sweep,b5000,hybrid,default.qubit,4,2,5000,2569,0,first_grad_classical,4,0.002981700
batch_sweep,b5000,hybrid,default.qubit,4,2,5000,2569,0,second_grad,4,0.086166800
batch_sweep,b5000,hybrid,default.qubit,4,2,5000,2569,0,second_grad_quantum,4,0.058438900
batch_sweep,b5000,hybrid,default.qubit,4,2,5000,2569,0,second_grad_classical,4,0.027727900
batch_sweep,b5000,hybrid,default.qubit,4,2,5000,2569,0,param_grad,4,0.194527600
batch_sweep,b5000,hybrid,default.qubit,4,2,5000,2569,0,param_grad_quantum,4,0.080324300
batch_sweep,b5000,hybrid,default.qubit,4,2,5000,2569,0,param_grad_classical,4,0.114203300
batch_sweep,b100,hybrid,default.qubit,4,2,100,2569,1,forward,4,0.013363600
batch_sweep,b100,hybrid,default.qubit,4,2,100,2569,1,forward_quantum,4,0.010345000
batch_sweep,b100,hybrid,default.qubit,4,2,100,2569,1,forward_classical,4,0.003018600
batch_sweep,b100,hybrid,default.qubit,4,2,100,2569,1,first_grad,4,0.015520700
batch_sweep,b100,hybrid,default.qubit,4,2,100,2569,1,first_grad_quantum,4,0.013817700
batch_sweep,b100,hybrid,default.qubit,4,2,100,2569,1,first_grad_classical,4,0.001703000
batch_sweep,b100,hybrid,default.qubit,4,2,100,2569,1,second_grad,4,0.027989400
batch_sweep,b100,hybrid,default.qubit,4,2,100,2569,1,second_grad_quantum,4,0.019668800
batch_sweep,b100,hybrid,default.qubit,4,2,100,2569,1,second_grad_classical,4,0.008320600
batch_sweep,b100,hybrid,default.qubit,4,2,100,2569,1,param_grad,4,0.049716600
batch_sweep,b100,hybrid,default.qubit,4,2,100,2569,1,param_grad_quantum,4,0.025553800
batch_sweep,b100,hybrid,default.qubit,4,2,100,2569,1,param_grad_classical,4,0.024162800
batch_sweep,b5000,hybrid,default.qubit,4,2,5000,2569,1,forward,4,0.019496900
batch_sweep,b5000,hybrid,default.qubit,4,2,5000,2569,1,forward_quantum,4,0.018177300
batch_sweep,b5000,hybrid,default.qubit,4,2,5000,2569,1,forward_classical,4,0.001319600
batch_sweep,b5000,hybrid,default.qubit,4,2,5000,2569,1,first_grad,4,0.046325100
batch_sweep,b5000,hybrid,default.qubit,4,2,5000,2569,1,first_grad_quantum,4,0.043604000
batch_sweep,b5000,hybrid,default.qubit,4,2,5000,2569,1,first_grad_classical,4,0.002721100
batch_sweep,b5000,hybrid,default.qubit,4,2,5000,2569,1,second_grad,4,0.087892000
batch_sweep,b5000,hybrid,default.qubit,4,2,5000,2569,1,second_grad_quantum,4,0.061181000
batch_sweep,b5000,hybrid,default.qubit,4,2,5000,2569,1,second_grad_classical,4,0.026711000
batch_sweep,b5000,hybrid,default.qubit,4,2,5000,2569,1,param_grad,4,0.190170200
batch_sweep,b5000,hybrid,default.qubit,4,2,5000,2569,1,param_grad_quantum,4,0.079203000
batch_sweep,b5000,hybrid,default.qubit,4,2,5000,2569,1,param_grad_classical,4,0.110967200
batch_sweep,b500,hybrid,default.qubit,4,2,500,2569,0,forward,4,0.015748400
batch_sweep,b500,hybrid,default.qubit,4,2,500,2569,0,forward_quantum,4,0.012569300
batch_sweep,b500,hybrid,default.qubit,4,2,500,2569,0,forward_classical,4,0.003179100
batch_sweep,b500,hybrid,default.qubit,4,2,500,2569,0,first_grad,4,0.023793300
batch_sweep,b500,hybrid,default.qubit,4,2,500,2569,0,first_grad_quantum,4,0.021981400
batch_sweep,b500,hybrid,default.qubit,4,2,500,2569,0,first_grad_classical,4,0.001811900
batch_sweep,b500,hybrid,default.qubit,4,2,500,2569,0,second_grad,4,0.035564500
batch_sweep,b500,hybrid,default.qubit,4,2,500,2569,0,second_grad_quantum,4,0.024427700
batch_sweep,b500,hybrid,default.qubit,4,2,500,2569,0,second_grad_classical,4,0.011136800
batch_sweep,b500,hybrid,default.qubit,4,2,500,2569,0,param_grad,4,0.066208000
batch_sweep,b500,hybrid,default.qubit,4,2,500,2569,0,param_grad_quantum,4,0.031077600
batch_sweep,b500,hybrid,default.qubit,4,2,500,2569,0,param_grad_classical,4,0.035130400
batch_sweep,b1000,hybrid,default.qubit,4,2,1000,2569,1,forward,4,0.012740100
batch_sweep,b1000,hybrid,default.qubit,4,2,1000,2569,1,forward_quantum,4,0.012186100
batch_sweep,b1000,hybrid,default.qubit,4,2,1000,2569,1,forward_classical,4,0.000554000
batch_sweep,b1000,hybrid,default.qubit,4,2,1000,2569,1,first_grad,4,0.021265900
batch_sweep,b1000,hybrid,default.qubit,4,2,1000,2569,1,first_grad_quantum,4,0.019537400
batch_sweep,b1000,hybrid,default.qubit,4,2,1000,2569,1,first_grad_classical,4,0.001728500
batch_sweep,b1000,hybrid,default.qubit,4,2,1000,2569,1,second_grad,4,0.042474800
batch_sweep,b1000,hybrid,default.qubit,4,2,1000,2569,1,second_grad_quantum,4,0.028528200
batch_sweep,b1000,hybrid,default.qubit,4,2,1000,2569,1,second_grad_classical,4,0.013946600
batch_sweep,b1000,hybrid,default.qubit,4,2,1000,2569,1,param_grad,4,0.090347200
batch_sweep,b1000,hybrid,default.qubit,4,2,1000,2569,1,param_grad_quantum,4,0.041322400
batch_sweep,b1000,hybrid,default.qubit,4,2,1000,2569,1,param_grad_classical,4,0.049024800
batch_sweep,b2540,hybrid,default.qubit,4,2,2540,2569,1,forward,4,0.017420200
batch_sweep,b2540,hybrid,default.qubit,4,2,2540,2569,1,forward_quantum,4,0.016654000
batch_sweep,b2540,hybrid,default.qubit,4,2,2540,2569,1,forward_classical,4,0.000766200
batch_sweep,b2540,hybrid,default.qubit,4,2,2540,2569,1,first_grad,4,0.031822500
batch_sweep,b2540,hybrid,default.qubit,4,2,2540,2569,1,first_grad_quantum,4,0.029353000
batch_sweep,b2540,hybrid,default.qubit,4,2,2540,2569,1,first_grad_classical,4,0.002469500
batch_sweep,b2540,hybrid,default.qubit,4,2,2540,2569,1,second_grad,4,0.072308800
batch_sweep,b2540,hybrid,default.qubit,4,2,2540,2569,1,second_grad_quantum,4,0.047210100
batch_sweep,b2540,hybrid,default.qubit,4,2,2540,2569,1,second_grad_classical,4,0.025098700
batch_sweep,b2540,hybrid,default.qubit,4,2,2540,2569,1,param_grad,4,0.134598800
batch_sweep,b2540,hybrid,default.qubit,4,2,2540,2569,1,param_grad_quantum,4,0.061835900
batch_sweep,b2540,hybrid,default.qubit,4,2,2540,2569,1,param_grad_classical,4,0.072762900
batch_sweep,b1000,hybrid,default.qubit,4,2,1000,2569,0,forward,4,0.019194700
batch_sweep,b1000,hybrid,default.qubit,4,2,1000,2569,0,forward_quantum,4,0.018575200
batch_sweep,b1000,hybrid,default.qubit,4,2,1000,2569,0,forward_classical,4,0.000619500
batch_sweep,b1000,hybrid,default.qubit,4,2,1000,2569,0,first_grad,4,0.024283300
batch_sweep,b1000,hybrid,default.qubit,4,2,1000,2569,0,first_grad_quantum,4,0.022176300
batch_sweep,b1000,hybrid,default.qubit,4,2,1000,2569,0,first_grad_classical,4,0.002107000
batch_sweep,b1000,hybrid,default.qubit,4,2,1000,2569,0,second_grad,4,0.049384900
batch_sweep,b1000,hybrid,default.qubit,4,2,1000,2569,0,second_grad_quantum,4,0.031100900
batch_sweep,b1000,hybrid,default.qubit,4,2,1000,2569,0,second_grad_classical,4,0.018284000
batch_sweep,b1000,hybrid,default.qubit,4,2,1000,2569,0,param_grad,4,0.092521900
batch_sweep,b1000,hybrid,default.qubit,4,2,1000,2569,0,param_grad_quantum,4,0.043578800
batch_sweep,b1000,hybrid,default.qubit,4,2,1000,2569,0,param_grad_classical,4,0.048943100
batch_sweep,b1000,hybrid,default.qubit,4,2,1000,2569,2,forward,4,0.015165200
batch_sweep,b1000,hybrid,default.qubit,4,2,1000,2569,2,forward_quantum,4,0.014509100
batch_sweep,b1000,hybrid,default.qubit,4,2,1000,2569,2,forward_classical,4,0.000656100
batch_sweep,b1000,hybrid,default.qubit,4,2,1000,2569,2,first_grad,4,0.025189300
batch_sweep,b1000,hybrid,default.qubit,4,2,1000,2569,2,first_grad_quantum,4,0.022954700
batch_sweep,b1000,hybrid,default.qubit,4,2,1000,2569,2,first_grad_classical,4,0.002234600
batch_sweep,b1000,hybrid,default.qubit,4,2,1000,2569,2,second_grad,4,0.042645500
batch_sweep,b1000,hybrid,default.qubit,4,2,1000,2569,2,second_grad_quantum,4,0.029167800
batch_sweep,b1000,hybrid,default.qubit,4,2,1000,2569,2,second_grad_classical,4,0.013477700
batch_sweep,b1000,hybrid,default.qubit,4,2,1000,2569,2,param_grad,4,0.092533000
batch_sweep,b1000,hybrid,default.qubit,4,2,1000,2569,2,param_grad_quantum,4,0.040764900
batch_sweep,b1000,hybrid,default.qubit,4,2,1000,2569,2,param_grad_classical,4,0.051768100
batch_sweep,b2540,hybrid,default.qubit,4,2,2540,2569,0,forward,4,0.016891400
batch_sweep,b2540,hybrid,default.qubit,4,2,2540,2569,0,forward_quantum,4,0.016164000
batch_sweep,b2540,hybrid,default.qubit,4,2,2540,2569,0,forward_classical,4,0.000727400
batch_sweep,b2540,hybrid,default.qubit,4,2,2540,2569,0,first_grad,4,0.033927600
batch_sweep,b2540,hybrid,default.qubit,4,2,2540,2569,0,first_grad_quantum,4,0.031157100
batch_sweep,b2540,hybrid,default.qubit,4,2,2540,2569,0,first_grad_classical,4,0.002770500
batch_sweep,b2540,hybrid,default.qubit,4,2,2540,2569,0,second_grad,4,0.067273900
batch_sweep,b2540,hybrid,default.qubit,4,2,2540,2569,0,second_grad_quantum,4,0.042984100
batch_sweep,b2540,hybrid,default.qubit,4,2,2540,2569,0,second_grad_classical,4,0.024289800
batch_sweep,b2540,hybrid,default.qubit,4,2,2540,2569,0,param_grad,4,0.136574600
batch_sweep,b2540,hybrid,default.qubit,4,2,2540,2569,0,param_grad_quantum,4,0.059172700
batch_sweep,b2540,hybrid,default.qubit,4,2,2540,2569,0,param_grad_classical,4,0.077401900
batch_sweep,b1000,hybrid,default.qubit,4,2,1000,2569,0,forward,5,0.016042900
batch_sweep,b1000,hybrid,default.qubit,4,2,1000,2569,0,forward_quantum,5,0.015380400
batch_sweep,b1000,hybrid,default.qubit,4,2,1000,2569,0,forward_classical,5,0.000662500
batch_sweep,b1000,hybrid,default.qubit,4,2,1000,2569,0,first_grad,5,0.025836500
batch_sweep,b1000,hybrid,default.qubit,4,2,1000,2569,0,first_grad_quantum,5,0.023628800
batch_sweep,b1000,hybrid,default.qubit,4,2,1000,2569,0,first_grad_classical,5,0.002207700
batch_sweep,b1000,hybrid,default.qubit,4,2,1000,2569,0,second_grad,5,0.055660900
batch_sweep,b1000,hybrid,default.qubit,4,2,1000,2569,0,second_grad_quantum,5,0.035650200
batch_sweep,b1000,hybrid,default.qubit,4,2,1000,2569,0,second_grad_classical,5,0.020010700
batch_sweep,b1000,hybrid,default.qubit,4,2,1000,2569,0,param_grad,5,0.096648400
batch_sweep,b1000,hybrid,default.qubit,4,2,1000,2569,0,param_grad_quantum,5,0.044449700
batch_sweep,b1000,hybrid,default.qubit,4,2,1000,2569,0,param_grad_classical,5,0.052198700
batch_sweep,b5000,hybrid,default.qubit,4,2,5000,2569,2,forward,5,0.020313700
batch_sweep,b5000,hybrid,default.qubit,4,2,5000,2569,2,forward_quantum,5,0.019302200
batch_sweep,b5000,hybrid,default.qubit,4,2,5000,2569,2,forward_classical,5,0.001011500
batch_sweep,b5000,hybrid,default.qubit,4,2,5000,2569,2,first_grad,5,0.048083600
batch_sweep,b5000,hybrid,default.qubit,4,2,5000,2569,2,first_grad_quantum,5,0.044257200
batch_sweep,b5000,hybrid,default.qubit,4,2,5000,2569,2,first_grad_classical,5,0.003826400
batch_sweep,b5000,hybrid,default.qubit,4,2,5000,2569,2,second_grad,5,0.086412100
batch_sweep,b5000,hybrid,default.qubit,4,2,5000,2569,2,second_grad_quantum,5,0.057785300
batch_sweep,b5000,hybrid,default.qubit,4,2,5000,2569,2,second_grad_classical,5,0.028626800
batch_sweep,b5000,hybrid,default.qubit,4,2,5000,2569,2,param_grad,5,0.200301200
batch_sweep,b5000,hybrid,default.qubit,4,2,5000,2569,2,param_grad_quantum,5,0.088741400
batch_sweep,b5000,hybrid,default.qubit,4,2,5000,2569,2,param_grad_classical,5,0.111559800
batch_sweep,b2540,hybrid,default.qubit,4,2,2540,2569,2,forward,5,0.016449900
batch_sweep,b2540,hybrid,default.qubit,4,2,2540,2569,2,forward_quantum,5,0.015693600
batch_sweep,b2540,hybrid,default.qubit,4,2,2540,2569,2,forward_classical,5,0.000756300
batch_sweep,b2540,hybrid,default.qubit,4,2,2540,2569,2,first_grad,5,0.031222700
batch_sweep,b2540,hybrid,default.qubit,4,2,2540,2569,2,first_grad_quantum,5,0.028499200
batch_sweep,b2540,hybrid,default.qubit,4,2,2540,2569,2,first_grad_classical,5,0.002723500
batch_sweep,b2540,hybrid,default.qubit,4,2,2540,2569,2,second_grad,5,0.061035000
batch_sweep,b2540,hybrid,default.qubit,4,2,2540,2569,2,second_grad_quantum,5,0.040591600
batch_sweep,b2540,hybrid,default.qubit,4,2,2540,2569,2,second_grad_classical,5,0.020443400
batch_sweep,b2540,hybrid,default.qubit,4,2,2540,2569,2,param_grad,5,0.126420400
batch_sweep,b2540,hybrid,default.qubit,4,2,2540,2569,2,param_grad_quantum,5,0.057699100
batch_sweep,b2540,hybrid,default.qubit,4,2,2540,2569,2,param_grad_classical,5,0.068721300
batch_sweep,b500,hybrid,default.qubit,4,2,500,2569,1,forward,5,0.012288500
batch_sweep,b500,hybrid,default.qubit,4,2,500,2569,1,forward_quantum,5,0.011234400
batch_sweep,b500,hybrid,default.qubit,4,2,500,2569,1,forward_classical,5,0.001054100
batch_sweep,b500,hybrid,default.qubit,4,2,500,2569,1,first_grad,5,0.019509100
batch_sweep,b500,hybrid,default.qubit,4,2,500,2569,1,first_grad_quantum,5,0.017642500
batch_sweep,b500,hybrid,default.qubit,4,2,500,2569,1,first_grad_classical,5,0.001866600
batch_sweep,b500,hybrid,default.qubit,4,2,500,2569,1,second_grad,5,0.039509300
batch_sweep,b500,hybrid,default.qubit,4,2,500,2569,1,second_grad_quantum,5,0.025916400
batch_sweep,b500,hybrid,default.qubit,4,2,500,2569,1,second_grad_classical,5,0.013592900
batch_sweep,b500,hybrid,default.qubit,4,2,500,2569,1,param_grad,5,0.072533200
batch_sweep,b500,hybrid,default.qubit,4,2,500,2569,1,param_grad_quantum,5,0.033692100
batch_sweep,b500,hybrid,default.qubit,4,2,500,2569,1,param_grad_classical,5,0.038841100
batch_sweep,b1000,hybrid,default.qubit,4,2,1000,2569,1,forward,5,0.013350200
batch_sweep,b1000,hybrid,default.qubit,4,2,1000,2569,1,forward_quantum,5,0.012706900
batch_sweep,b1000,hybrid,default.qubit,4,2,1000,2569,1,forward_classical,5,0.000643300
batch_sweep,b1000,hybrid,default.qubit,4,2,1000,2569,1,first_grad,5,0.024052000
batch_sweep,b1000,hybrid,default.qubit,4,2,1000,2569,1,first_grad_quantum,5,0.022054800
batch_sweep,b1000,hybrid,default.qubit,4,2,1000,2569,1,first_grad_classical,5,0.001997200
batch_sweep,b1000,hybrid,default.qubit,4,2,1000,2569,1,second_grad,5,0.047934300
batch_sweep,b1000,hybrid,default.qubit,4,2,1000,2569,1,second_grad_quantum,5,0.030651100
batch_sweep,b1000,hybrid,default.qubit,4,2,1000,2569,1,second_grad_classical,5,0.017283200
batch_sweep,b1000,hybrid,default.qubit,4,2,1000,2569,1,param_grad,5,0.092943300
batch_sweep,b1000,hybrid,default.qubit,4,2,1000,2569,1,param_grad_quantum,5,0.043697600
batch_sweep,b1000,hybrid,default.qubit,4,2,1000,2569,1,param_grad_classical,5,0.049245700
batch_sweep,b100,hybrid,default.qubit,4,2,100,2569,0,forward,5,0.011325000
batch_sweep,b100,hybrid,default.qubit,4,2,100,2569,0,forward_quantum,5,0.010351800
batch_sweep,b100,hybrid,default.qubit,4,2,100,2569,0,forward_classical,5,0.000973200
batch_sweep,b100,hybrid,default.qubit,4,2,100,2569,0,first_grad,5,0.017819300
batch_sweep,b100,hybrid,default.qubit,4,2,100,2569,0,first_grad_quantum,5,0.016017000
batch_sweep,b100,hybrid,default.qubit,4,2,100,2569,0,first_grad_classical,5,0.001802300
batch_sweep,b100,hybrid,default.qubit,4,2,100,2569,0,second_grad,5,0.030180300
batch_sweep,b100,hybrid,default.qubit,4,2,100,2569,0,second_grad_quantum,5,0.019533400
batch_sweep,b100,hybrid,default.qubit,4,2,100,2569,0,second_grad_classical,5,0.010646900
batch_sweep,b100,hybrid,default.qubit,4,2,100,2569,0,param_grad,5,0.050781800
batch_sweep,b100,hybrid,default.qubit,4,2,100,2569,0,param_grad_quantum,5,0.026905600
batch_sweep,b100,hybrid,default.qubit,4,2,100,2569,0,param_grad_classical,5,0.023876200
batch_sweep,b5000,hybrid,default.qubit,4,2,5000,2569,1,forward,5,0.020874000
batch_sweep,b5000,hybrid,default.qubit,4,2,5000,2569,1,forward_quantum,5,0.019591600
batch_sweep,b5000,hybrid,default.qubit,4,2,5000,2569,1,forward_classical,5,0.001282400
batch_sweep,b5000,hybrid,default.qubit,4,2,5000,2569,1,first_grad,5,0.047841100
batch_sweep,b5000,hybrid,default.qubit,4,2,5000,2569,1,first_grad_quantum,5,0.044555500
batch_sweep,b5000,hybrid,default.qubit,4,2,5000,2569,1,first_grad_classical,5,0.003285600
batch_sweep,b5000,hybrid,default.qubit,4,2,5000,2569,1,second_grad,5,0.091135000
batch_sweep,b5000,hybrid,default.qubit,4,2,5000,2569,1,second_grad_quantum,5,0.059106400
batch_sweep,b5000,hybrid,default.qubit,4,2,5000,2569,1,second_grad_classical,5,0.032028600
batch_sweep,b5000,hybrid,default.qubit,4,2,5000,2569,1,param_grad,5,0.197194100
batch_sweep,b5000,hybrid,default.qubit,4,2,5000,2569,1,param_grad_quantum,5,0.083561100
batch_sweep,b5000,hybrid,default.qubit,4,2,5000,2569,1,param_grad_classical,5,0.113633000
batch_sweep,b5000,hybrid,default.qubit,4,2,5000,2569,0,forward,5,0.020298800
batch_sweep,b5000,hybrid,default.qubit,4,2,5000,2569,0,forward_quantum,5,0.019279800
batch_sweep,b5000,hybrid,default.qubit,4,2,5000,2569,0,forward_classical,5,0.001019000
batch_sweep,b5000,hybrid,default.qubit,4,2,5000,2569,0,first_grad,5,0.041929000
batch_sweep,b5000,hybrid,default.qubit,4,2,5000,2569,0,first_grad_quantum,5,0.039055300
batch_sweep,b5000,hybrid,default.qubit,4,2,5000,2569,0,first_grad_classical,5,0.002873700
batch_sweep,b5000,hybrid,default.qubit,4,2,5000,2569,0,second_grad,5,0.085766600
batch_sweep,b5000,hybrid,default.qubit,4,2,5000,2569,0,second_grad_quantum,5,0.057518300
batch_sweep,b5000,hybrid,default.qubit,4,2,5000,2569,0,second_grad_classical,5,0.028248300
batch_sweep,b5000,hybrid,default.qubit,4,2,5000,2569,0,param_grad,5,0.197487900
batch_sweep,b5000,hybrid,default.qubit,4,2,5000,2569,0,param_grad_quantum,5,0.087537600
batch_sweep,b5000,hybrid,default.qubit,4,2,5000,2569,0,param_grad_classical,5,0.109950300
batch_sweep,b100,hybrid,default.qubit,4,2,100,2569,2,forward,5,0.011485600
batch_sweep,b100,hybrid,default.qubit,4,2,100,2569,2,forward_quantum,5,0.010629800
batch_sweep,b100,hybrid,default.qubit,4,2,100,2569,2,forward_classical,5,0.000855800
batch_sweep,b100,hybrid,default.qubit,4,2,100,2569,2,first_grad,5,0.015131700
batch_sweep,b100,hybrid,default.qubit,4,2,100,2569,2,first_grad_quantum,5,0.013572100
batch_sweep,b100,hybrid,default.qubit,4,2,100,2569,2,first_grad_classical,5,0.001559600
batch_sweep,b100,hybrid,default.qubit,4,2,100,2569,2,second_grad,5,0.026442200
batch_sweep,b100,hybrid,default.qubit,4,2,100,2569,2,second_grad_quantum,5,0.018102500
batch_sweep,b100,hybrid,default.qubit,4,2,100,2569,2,second_grad_classical,5,0.008339700
batch_sweep,b100,hybrid,default.qubit,4,2,100,2569,2,param_grad,5,0.055887200
batch_sweep,b100,hybrid,default.qubit,4,2,100,2569,2,param_grad_quantum,5,0.027158500
batch_sweep,b100,hybrid,default.qubit,4,2,100,2569,2,param_grad_classical,5,0.028728700
batch_sweep,b2540,hybrid,default.qubit,4,2,2540,2569,0,forward,5,0.017457000
batch_sweep,b2540,hybrid,default.qubit,4,2,2540,2569,0,forward_quantum,5,0.016380500
batch_sweep,b2540,hybrid,default.qubit,4,2,2540,2569,0,forward_classical,5,0.001076500
batch_sweep,b2540,hybrid,default.qubit,4,2,2540,2569,0,first_grad,5,0.036487400
batch_sweep,b2540,hybrid,default.qubit,4,2,2540,2569,0,first_grad_quantum,5,0.032130500
batch_sweep,b2540,hybrid,default.qubit,4,2,2540,2569,0,first_grad_classical,5,0.004356900
batch_sweep,b2540,hybrid,default.qubit,4,2,2540,2569,0,second_grad,5,0.070829800
batch_sweep,b2540,hybrid,default.qubit,4,2,2540,2569,0,second_grad_quantum,5,0.046232000
batch_sweep,b2540,hybrid,default.qubit,4,2,2540,2569,0,second_grad_classical,5,0.024597800
batch_sweep,b2540,hybrid,default.qubit,4,2,2540,2569,0,param_grad,5,0.133073100
batch_sweep,b2540,hybrid,default.qubit,4,2,2540,2569,0,param_grad_quantum,5,0.058371300
batch_sweep,b2540,hybrid,default.qubit,4,2,2540,2569,0,param_grad_classical,5,0.074701800
batch_sweep,b1000,hybrid,default.qubit,4,2,1000,2569,2,forward,5,0.016994700
batch_sweep,b1000,hybrid,default.qubit,4,2,1000,2569,2,forward_quantum,5,0.016309900
batch_sweep,b1000,hybrid,default.qubit,4,2,1000,2569,2,forward_classical,5,0.000684800
batch_sweep,b1000,hybrid,default.qubit,4,2,1000,2569,2,first_grad,5,0.027300500
batch_sweep,b1000,hybrid,default.qubit,4,2,1000,2569,2,first_grad_quantum,5,0.024721100
batch_sweep,b1000,hybrid,default.qubit,4,2,1000,2569,2,first_grad_classical,5,0.002579400
batch_sweep,b1000,hybrid,default.qubit,4,2,1000,2569,2,second_grad,5,0.051860200
batch_sweep,b1000,hybrid,default.qubit,4,2,1000,2569,2,second_grad_quantum,5,0.029599300
batch_sweep,b1000,hybrid,default.qubit,4,2,1000,2569,2,second_grad_classical,5,0.022260900
batch_sweep,b1000,hybrid,default.qubit,4,2,1000,2569,2,param_grad,5,0.098171600
batch_sweep,b1000,hybrid,default.qubit,4,2,1000,2569,2,param_grad_quantum,5,0.044193100
batch_sweep,b1000,hybrid,default.qubit,4,2,1000,2569,2,param_grad_classical,5,0.053978500
batch_sweep,b100,hybrid,default.qubit,4,2,100,2569,1,forward,5,0.011375000
batch_sweep,b100,hybrid,default.qubit,4,2,100,2569,1,forward_quantum,5,0.010403100
batch_sweep,b100,hybrid,default.qubit,4,2,100,2569,1,forward_classical,5,0.000971900
batch_sweep,b100,hybrid,default.qubit,4,2,100,2569,1,first_grad,5,0.013602700
batch_sweep,b100,hybrid,default.qubit,4,2,100,2569,1,first_grad_quantum,5,0.012239100
batch_sweep,b100,hybrid,default.qubit,4,2,100,2569,1,first_grad_classical,5,0.001363600
batch_sweep,b100,hybrid,default.qubit,4,2,100,2569,1,second_grad,5,0.024416100
batch_sweep,b100,hybrid,default.qubit,4,2,100,2569,1,second_grad_quantum,5,0.017436800
batch_sweep,b100,hybrid,default.qubit,4,2,100,2569,1,second_grad_classical,5,0.006979300
batch_sweep,b100,hybrid,default.qubit,4,2,100,2569,1,param_grad,5,0.051416400
batch_sweep,b100,hybrid,default.qubit,4,2,100,2569,1,param_grad_quantum,5,0.025614900
batch_sweep,b100,hybrid,default.qubit,4,2,100,2569,1,param_grad_classical,5,0.025801500
batch_sweep,b2540,hybrid,default.qubit,4,2,2540,2569,1,forward,5,0.016852400
batch_sweep,b2540,hybrid,default.qubit,4,2,2540,2569,1,forward_quantum,5,0.015924000
batch_sweep,b2540,hybrid,default.qubit,4,2,2540,2569,1,forward_classical,5,0.000928400
batch_sweep,b2540,hybrid,default.qubit,4,2,2540,2569,1,first_grad,5,0.033645500
batch_sweep,b2540,hybrid,default.qubit,4,2,2540,2569,1,first_grad_quantum,5,0.031144100
batch_sweep,b2540,hybrid,default.qubit,4,2,2540,2569,1,first_grad_classical,5,0.002501400
batch_sweep,b2540,hybrid,default.qubit,4,2,2540,2569,1,second_grad,5,0.068277200
batch_sweep,b2540,hybrid,default.qubit,4,2,2540,2569,1,second_grad_quantum,5,0.044319100
batch_sweep,b2540,hybrid,default.qubit,4,2,2540,2569,1,second_grad_classical,5,0.023958100
batch_sweep,b2540,hybrid,default.qubit,4,2,2540,2569,1,param_grad,5,0.135984600
batch_sweep,b2540,hybrid,default.qubit,4,2,2540,2569,1,param_grad_quantum,5,0.057642600
batch_sweep,b2540,hybrid,default.qubit,4,2,2540,2569,1,param_grad_classical,5,0.078342000
batch_sweep,b500,hybrid,default.qubit,4,2,500,2569,0,forward,5,0.017769400
batch_sweep,b500,hybrid,default.qubit,4,2,500,2569,0,forward_quantum,5,0.012672700
batch_sweep,b500,hybrid,default.qubit,4,2,500,2569,0,forward_classical,5,0.005096700
batch_sweep,b500,hybrid,default.qubit,4,2,500,2569,0,first_grad,5,0.023209200
batch_sweep,b500,hybrid,default.qubit,4,2,500,2569,0,first_grad_quantum,5,0.021271500
batch_sweep,b500,hybrid,default.qubit,4,2,500,2569,0,first_grad_classical,5,0.001937700
batch_sweep,b500,hybrid,default.qubit,4,2,500,2569,0,second_grad,5,0.039414300
batch_sweep,b500,hybrid,default.qubit,4,2,500,2569,0,second_grad_quantum,5,0.028301400
batch_sweep,b500,hybrid,default.qubit,4,2,500,2569,0,second_grad_classical,5,0.011112900
batch_sweep,b500,hybrid,default.qubit,4,2,500,2569,0,param_grad,5,0.071817200
batch_sweep,b500,hybrid,default.qubit,4,2,500,2569,0,param_grad_quantum,5,0.034107400
batch_sweep,b500,hybrid,default.qubit,4,2,500,2569,0,param_grad_classical,5,0.037709800
batch_sweep,b500,hybrid,default.qubit,4,2,500,2569,2,forward,5,0.013102000
batch_sweep,b500,hybrid,default.qubit,4,2,500,2569,2,forward_quantum,5,0.012505500
batch_sweep,b500,hybrid,default.qubit,4,2,500,2569,2,forward_classical,5,0.000596500
batch_sweep,b500,hybrid,default.qubit,4,2,500,2569,2,first_grad,5,0.020396200
batch_sweep,b500,hybrid,default.qubit,4,2,500,2569,2,first_grad_quantum,5,0.018467400
batch_sweep,b500,hybrid,default.qubit,4,2,500,2569,2,first_grad_classical,5,0.001928800
batch_sweep,b500,hybrid,default.qubit,4,2,500,2569,2,second_grad,5,0.037169200
batch_sweep,b500,hybrid,default.qubit,4,2,500,2569,2,second_grad_quantum,5,0.025993800
batch_sweep,b500,hybrid,default.qubit,4,2,500,2569,2,second_grad_classical,5,0.011175400
batch_sweep,b500,hybrid,default.qubit,4,2,500,2569,2,param_grad,5,0.076499900
batch_sweep,b500,hybrid,default.qubit,4,2,500,2569,2,param_grad_quantum,5,0.037075200
batch_sweep,b500,hybrid,default.qubit,4,2,500,2569,2,param_grad_classical,5,0.039424700
batch_sweep,b1000,hybrid,default.qubit,4,2,1000,2569,2,forward,6,0.015573800
batch_sweep,b1000,hybrid,default.qubit,4,2,1000,2569,2,forward_quantum,6,0.014794800
batch_sweep,b1000,hybrid,default.qubit,4,2,1000,2569,2,forward_classical,6,0.000779000
batch_sweep,b1000,hybrid,default.qubit,4,2,1000,2569,2,first_grad,6,0.025458900
batch_sweep,b1000,hybrid,default.qubit,4,2,1000,2569,2,first_grad_quantum,6,0.022980300
batch_sweep,b1000,hybrid,default.qubit,4,2,1000,2569,2,first_grad_classical,6,0.002478600
batch_sweep,b1000,hybrid,default.qubit,4,2,1000,2569,2,second_grad,6,0.049003500
batch_sweep,b1000,hybrid,default.qubit,4,2,1000,2569,2,second_grad_quantum,6,0.031728600
batch_sweep,b1000,hybrid,default.qubit,4,2,1000,2569,2,second_grad_classical,6,0.017274900
batch_sweep,b1000,hybrid,default.qubit,4,2,1000,2569,2,param_grad,6,0.097437700
batch_sweep,b1000,hybrid,default.qubit,4,2,1000,2569,2,param_grad_quantum,6,0.044659500
batch_sweep,b1000,hybrid,default.qubit,4,2,1000,2569,2,param_grad_classical,6,0.052778200
batch_sweep,b500,hybrid,default.qubit,4,2,500,2569,2,forward,6,0.014252900
batch_sweep,b500,hybrid,default.qubit,4,2,500,2569,2,forward_quantum,6,0.013185000
batch_sweep,b500,hybrid,default.qubit,4,2,500,2569,2,forward_classical,6,0.001067900
batch_sweep,b500,hybrid,default.qubit,4,2,500,2569,2,first_grad,6,0.022610500
batch_sweep,b500,hybrid,default.qubit,4,2,500,2569,2,first_grad_quantum,6,0.020602800
batch_sweep,b500,hybrid,default.qubit,4,2,500,2569,2,first_grad_classical,6,0.002007700
batch_sweep,b500,hybrid,default.qubit,4,2,500,2569,2,second_grad,6,0.038062500
batch_sweep,b500,hybrid,default.qubit,4,2,500,2569,2,second_grad_quantum,6,0.026018400
batch_sweep,b500,hybrid,default.qubit,4,2,500,2569,2,second_grad_classical,6,0.012044100
batch_sweep,b500,hybrid,default.qubit,4,2,500,2569,2,param_grad,6,0.071586100
batch_sweep,b500,hybrid,default.qubit,4,2,500,2569,2,param_grad_quantum,6,0.033887800
batch_sweep,b500,hybrid,default.qubit,4,2,500,2569,2,param_grad_classical,6,0.037698300
batch_sweep,b100,hybrid,default.qubit,4,2,100,2569,1,forward,6,0.010642700
batch_sweep,b100,hybrid,default.qubit,4,2,100,2569,1,forward_quantum,6,0.010106600
batch_sweep,b100,hybrid,default.qubit,4,2,100,2569,1,forward_classical,6,0.000536100
batch_sweep,b100,hybrid,default.qubit,4,2,100,2569,1,first_grad,6,0.015970100
batch_sweep,b100,hybrid,default.qubit,4,2,100,2569,1,first_grad_quantum,6,0.014401700
batch_sweep,b100,hybrid,default.qubit,4,2,100,2569,1,first_grad_classical,6,0.001568400
batch_sweep,b100,hybrid,default.qubit,4,2,100,2569,1,second_grad,6,0.026972500
batch_sweep,b100,hybrid,default.qubit,4,2,100,2569,1,second_grad_quantum,6,0.018232600
batch_sweep,b100,hybrid,default.qubit,4,2,100,2569,1,second_grad_classical,6,0.008739900
batch_sweep,b100,hybrid,default.qubit,4,2,100,2569,1,param_grad,6,0.051119300
batch_sweep,b100,hybrid,default.qubit,4,2,100,2569,1,param_grad_quantum,6,0.026760900
batch_sweep,b100,hybrid,default.qubit,4,2,100,2569,1,param_grad_classical,6,0.024358400
batch_sweep,b2540,hybrid,default.qubit,4,2,2540,2569,1,forward,6,0.017922200
batch_sweep,b2540,hybrid,default.qubit,4,2,2540,2569,1,forward_quantum,6,0.016957600
batch_sweep,b2540,hybrid,default.qubit,4,2,2540,2569,1,forward_classical,6,0.000964600
batch_sweep,b2540,hybrid,default.qubit,4,2,2540,2569,1,first_grad,6,0.036387400
batch_sweep,b2540,hybrid,default.qubit,4,2,2540,2569,1,first_grad_quantum,6,0.033834000
batch_sweep,b2540,hybrid,default.qubit,4,2,2540,2569,1,first_grad_classical,6,0.002553400
batch_sweep,b2540,hybrid,default.qubit,4,2,2540,2569,1,second_grad,6,0.067224500
batch_sweep,b2540,hybrid,default.qubit,4,2,2540,2569,1,second_grad_quantum,6,0.043696800
batch_sweep,b2540,hybrid,default.qubit,4,2,2540,2569,1,second_grad_classical,6,0.023527700
batch_sweep,b2540,hybrid,default.qubit,4,2,2540,2569,1,param_grad,6,0.139578500
batch_sweep,b2540,hybrid,default.qubit,4,2,2540,2569,1,param_grad_quantum,6,0.066598200
batch_sweep,b2540,hybrid,default.qubit,4,2,2540,2569,1,param_grad_classical,6,0.072980300
batch_sweep,b500,hybrid,default.qubit,4,2,500,2569,0,forward,6,0.013879800
batch_sweep,b500,hybrid,default.qubit,4,2,500,2569,0,forward_quantum,6,0.012855300
batch_sweep,b500,hybrid,default.qubit,4,2,500,2569,0,forward_classical,6,0.001024500
batch_sweep,b500,hybrid,default.qubit,4,2,500,2569,0,first_grad,6,0.021892600
batch_sweep,b500,hybrid,default.qubit,4,2,500,2569,0,first_grad_quantum,6,0.019886800
batch_sweep,b500,hybrid,default.qubit,4,2,500,2569,0,first_grad_classical,6,0.002005800
batch_sweep,b500,hybrid,default.qubit,4,2,500,2569,0,second_grad,6,0.038413900
batch_sweep,b500,hybrid,default.qubit,4,2,500,2569,0,second_grad_quantum,6,0.025472900
batch_sweep,b500,hybrid,default.qubit,4,2,500,2569,0,second_grad_classical,6,0.012941000
batch_sweep,b500,hybrid,default.qubit,4,2,500,2569,0,param_grad,6,0.076221600
batch_sweep,b500,hybrid,default.qubit,4,2,500,2569,0,param_grad_quantum,6,0.037257400
batch_sweep,b500,hybrid,default.qubit,4,2,500,2569,0,param_grad_classical,6,0.038964200
batch_sweep,b500,hybrid,default.qubit,4,2,500,2569,1,forward,6,0.013205900
batch_sweep,b500,hybrid,default.qubit,4,2,500,2569,1,forward_quantum,6,0.012521000
batch_sweep,b500,hybrid,default.qubit,4,2,500,2569,1,forward_classical,6,0.000684900
batch_sweep,b500,hybrid,default.qubit,4,2,500,2569,1,first_grad,6,0.021793400
batch_sweep,b500,hybrid,default.qubit,4,2,500,2569,1,first_grad_quantum,6,0.019580600
batch_sweep,b500,hybrid,default.qubit,4,2,500,2569,1,first_grad_classical,6,0.002212800
batch_sweep,b500,hybrid,default.qubit,4,2,500,2569,1,second_grad,6,0.035840500
batch_sweep,b500,hybrid,default.qubit,4,2,500,2569,1,second_grad_quantum,6,0.026163700
batch_sweep,b500,hybrid,default.qubit,4,2,500,2569,1,second_grad_classical,6,0.009676800
batch_sweep,b500,hybrid,default.qubit,4,2,500,2569,1,param_grad,6,0.072990200
batch_sweep,b500,hybrid,default.qubit,4,2,500,2569,1,param_grad_quantum,6,0.036760200
batch_sweep,b500,hybrid,default.qubit,4,2,500,2569,1,param_grad_classical,6,0.036230000
batch_sweep,b100,hybrid,default.qubit,4,2,100,2569,2,forward,6,0.010752000
batch_sweep,b100,hybrid,default.qubit,4,2,100,2569,2,forward_quantum,6,0.010224100
batch_sweep,b100,hybrid,default.qubit,4,2,100,2569,2,forward_classical,6,0.000527900
batch_sweep,b100,hybrid,default.qubit,4,2,100,2569,2,first_grad,6,0.015618000
batch_sweep,b100,hybrid,default.qubit,4,2,100,2569,2,first_grad_quantum,6,0.013997100
batch_sweep,b100,hybrid,default.qubit,4,2,100,2569,2,first_grad_classical,6,0.001620900
batch_sweep,b100,hybrid,default.qubit,4,2,100,2569,2,second_grad,6,0.027763000
batch_sweep,b100,hybrid,default.qubit,4,2,100,2569,2,second_grad_quantum,6,0.019163200
batch_sweep,b100,hybrid,default.qubit,4,2,100,2569,2,second_grad_classical,6,0.008599800
batch_sweep,b100,hybrid,default.qubit,4,2,100,2569,2,param_grad,6,0.053208400
batch_sweep,b100,hybrid,default.qubit,4,2,100,2569,2,param_grad_quantum,6,0.026251400
batch_sweep,b100,hybrid,default.qubit,4,2,100,2569,2,param_grad_classical,6,0.026957000
batch_sweep,b1000,hybrid,default.qubit,4,2,1000,2569,1,forward,6,0.014462200
batch_sweep,b1000,hybrid,default.qubit,4,2,1000,2569,1,forward_quantum,6,0.013832600
batch_sweep,b1000,hybrid,default.qubit,4,2,1000,2569,1,forward_classical,6,0.000629600
batch_sweep,b1000,hybrid,default.qubit,4,2,1000,2569,1,first_grad,6,0.026446600
batch_sweep,b1000,hybrid,default.qubit,4,2,1000,2569,1,first_grad_quantum,6,0.024239200
batch_sweep,b1000,hybrid,default.qubit,4,2,1000,2569,1,first_grad_classical,6,0.002207400
batch_sweep,b1000,hybrid,default.qubit,4,2,1000,2569,1,second_grad,6,0.045856400
batch_sweep,b1000,hybrid,default.qubit,4,2,1000,2569,1,second_grad_quantum,6,0.029752200
batch_sweep,b1000,hybrid,default.qubit,4,2,1000,2569,1,second_grad_classical,6,0.016104200
batch_sweep,b1000,hybrid,default.qubit,4,2,1000,2569,1,param_grad,6,0.089091800
batch_sweep,b1000,hybrid,default.qubit,4,2,1000,2569,1,param_grad_quantum,6,0.042670200
batch_sweep,b1000,hybrid,default.qubit,4,2,1000,2569,1,param_grad_classical,6,0.046421600
batch_sweep,b5000,hybrid,default.qubit,4,2,5000,2569,2,forward,6,0.021035600
batch_sweep,b5000,hybrid,default.qubit,4,2,5000,2569,2,forward_quantum,6,0.020015400
batch_sweep,b5000,hybrid,default.qubit,4,2,5000,2569,2,forward_classical,6,0.001020200
batch_sweep,b5000,hybrid,default.qubit,4,2,5000,2569,2,first_grad,6,0.048797400
batch_sweep,b5000,hybrid,default.qubit,4,2,5000,2569,2,first_grad_quantum,6,0.045066000
batch_sweep,b5000,hybrid,default.qubit,4,2,5000,2569,2,first_grad_classical,6,0.003731400
batch_sweep,b5000,hybrid,default.qubit,4,2,5000,2569,2,second_grad,6,0.092139400
batch_sweep,b5000,hybrid,default.qubit,4,2,5000,2569,2,second_grad_quantum,6,0.059341300
batch_sweep,b5000,hybrid,default.qubit,4,2,5000,2569,2,second_grad_classical,6,0.032798100
batch_sweep,b5000,hybrid,default.qubit,4,2,5000,2569,2,param_grad,6,0.188494300
batch_sweep,b5000,hybrid,default.qubit,4,2,5000,2569,2,param_grad_quantum,6,0.085547000
batch_sweep,b5000,hybrid,default.qubit,4,2,5000,2569,2,param_grad_classical,6,0.102947300
batch_sweep,b5000,hybrid,default.qubit,4,2,5000,2569,1,forward,6,0.018545300
batch_sweep,b5000,hybrid,default.qubit,4,2,5000,2569,1,forward_quantum,6,0.017630800
batch_sweep,b5000,hybrid,default.qubit,4,2,5000,2569,1,forward_classical,6,0.000914500
batch_sweep,b5000,hybrid,default.qubit,4,2,5000,2569,1,first_grad,6,0.045583300
batch_sweep,b5000,hybrid,default.qubit,4,2,5000,2569,1,first_grad_quantum,6,0.042626700
batch_sweep,b5000,hybrid,default.qubit,4,2,5000,2569,1,first_grad_classical,6,0.002956600
batch_sweep,b5000,hybrid,default.qubit,4,2,5000,2569,1,second_grad,6,0.084200700
batch_sweep,b5000,hybrid,default.qubit,4,2,5000,2569,1,second_grad_quantum,6,0.056867000
batch_sweep,b5000,hybrid,default.qubit,4,2,5000,2569,1,second_grad_classical,6,0.027333700
batch_sweep,b5000,hybrid,default.qubit,4,2,5000,2569,1,param_grad,6,0.197774700
batch_sweep,b5000,hybrid,default.qubit,4,2,5000,2569,1,param_grad_quantum,6,0.083316800
batch_sweep,b5000,hybrid,default.qubit,4,2,5000,2569,1,param_grad_classical,6,0.114457900
batch_sweep,b100,hybrid,default.qubit,4,2,100,2569,0,forward,6,0.013503800
batch_sweep,b100,hybrid,default.qubit,4,2,100,2569,0,forward_quantum,6,0.010686600
batch_sweep,b100,hybrid,default.qubit,4,2,100,2569,0,forward_classical,6,0.002817200
batch_sweep,b100,hybrid,default.qubit,4,2,100,2569,0,first_grad,6,0.018582800
batch_sweep,b100,hybrid,default.qubit,4,2,100,2569,0,first_grad_quantum,6,0.016555900
batch_sweep,b100,hybrid,default.qubit,4,2,100,2569,0,first_grad_classical,6,0.002026900
batch_sweep,b100,hybrid,default.qubit,4,2,100,2569,0,second_grad,6,0.027250400
batch_sweep,b100,hybrid,default.qubit,4,2,100,2569,0,second_grad_quantum,6,0.019029800
batch_sweep,b100,hybrid,default.qubit,4,2,100,2569,0,second_grad_classical,6,0.008220600
batch_sweep,b100,hybrid,default.qubit,4,2,100,2569,0,param_grad,6,0.051440100
batch_sweep,b100,hybrid,default.qubit,4,2,100,2569,0,param_grad_quantum,6,0.027999400
batch_sweep,b100,hybrid,default.qubit,4,2,100,2569,0,param_grad_classical,6,0.023440700
batch_sweep,b2540,hybrid,default.qubit,4,2,2540,2569,2,forward,6,0.016898800
batch_sweep,b2540,hybrid,default.qubit,4,2,2540,2569,2,forward_quantum,6,0.015939600
batch_sweep,b2540,hybrid,default.qubit,4,2,2540,2569,2,forward_classical,6,0.000959200
batch_sweep,b2540,hybrid,default.qubit,4,2,2540,2569,2,first_grad,6,0.037294200
batch_sweep,b2540,hybrid,default.qubit,4,2,2540,2569,2,first_grad_quantum,6,0.034610300
batch_sweep,b2540,hybrid,default.qubit,4,2,2540,2569,2,first_grad_classical,6,0.002683900
batch_sweep,b2540,hybrid,default.qubit,4,2,2540,2569,2,second_grad,6,0.067934500
batch_sweep,b2540,hybrid,default.qubit,4,2,2540,2569,2,second_grad_quantum,6,0.044155200
batch_sweep,b2540,hybrid,default.qubit,4,2,2540,2569,2,second_grad_classical,6,0.023779300
batch_sweep,b2540,hybrid,default.qubit,4,2,2540,2569,2,param_grad,6,0.130273900
batch_sweep,b2540,hybrid,default.qubit,4,2,2540,2569,2,param_grad_quantum,6,0.055826800
batch_sweep,b2540,hybrid,default.qubit,4,2,2540,2569,2,param_grad_classical,6,0.074447100
batch_sweep,b2540,hybrid,default.qubit,4,2,2540,2569,0,forward,6,0.016794500
batch_sweep,b2540,hybrid,default.qubit,4,2,2540,2569,0,forward_quantum,6,0.015949100
batch_sweep,b2540,hybrid,default.qubit,4,2,2540,2569,0,forward_classical,6,0.000845400
batch_sweep,b2540,hybrid,default.qubit,4,2,2540,2569,0,first_grad,6,0.033686900
batch_sweep,b2540,hybrid,default.qubit,4,2,2540,2569,0,first_grad_quantum,6,0.028563400
batch_sweep,b2540,hybrid,default.qubit,4,2,2540,2569,0,first_grad_classical,6,0.005123500
batch_sweep,b2540,hybrid,default.qubit,4,2,2540,2569,0,second_grad,6,0.064075400
batch_sweep,b2540,hybrid,default.qubit,4,2,2540,2569,0,second_grad_quantum,6,0.042771000
batch_sweep,b2540,hybrid,default.qubit,4,2,2540,2569,0,second_grad_classical,6,0.021304400
batch_sweep,b2540,hybrid,default.qubit,4,2,2540,2569,0,param_grad,6,0.128036900
batch_sweep,b2540,hybrid,default.qubit,4,2,2540,2569,0,param_grad_quantum,6,0.056547500
batch_sweep,b2540,hybrid,default.qubit,4,2,2540,2569,0,param_grad_classical,6,0.071489400
batch_sweep,b1000,hybrid,default.qubit,4,2,1000,2569,0,forward,6,0.014534200
batch_sweep,b1000,hybrid,default.qubit,4,2,1000,2569,0,forward_quantum,6,0.013853700
batch_sweep,b1000,hybrid,default.qubit,4,2,1000,2569,0,forward_classical,6,0.000680500
batch_sweep,b1000,hybrid,default.qubit,4,2,1000,2569,0,first_grad,6,0.025548200
batch_sweep,b1000,hybrid,default.qubit,4,2,1000,2569,0,first_grad_quantum,6,0.023302000
batch_sweep,b1000,hybrid,default.qubit,4,2,1000,2569,0,first_grad_classical,6,0.002246200
batch_sweep,b1000,hybrid,default.qubit,4,2,1000,2569,0,second_grad,6,0.050392900
batch_sweep,b1000,hybrid,default.qubit,4,2,1000,2569,0,second_grad_quantum,6,0.030286700
batch_sweep,b1000,hybrid,default.qubit,4,2,1000,2569,0,second_grad_classical,6,0.020106200
batch_sweep,b1000,hybrid,default.qubit,4,2,1000,2569,0,param_grad,6,0.097352700
batch_sweep,b1000,hybrid,default.qubit,4,2,1000,2569,0,param_grad_quantum,6,0.043351200
batch_sweep,b1000,hybrid,default.qubit,4,2,1000,2569,0,param_grad_classical,6,0.054001500
batch_sweep,b5000,hybrid,default.qubit,4,2,5000,2569,0,forward,6,0.018843800
batch_sweep,b5000,hybrid,default.qubit,4,2,5000,2569,0,forward_quantum,6,0.017774800
batch_sweep,b5000,hybrid,default.qubit,4,2,5000,2569,0,forward_classical,6,0.001069000
batch_sweep,b5000,hybrid,default.qubit,4,2,5000,2569,0,first_grad,6,0.046744600
batch_sweep,b5000,hybrid,default.qubit,4,2,5000,2569,0,first_grad_quantum,6,0.043346000
batch_sweep,b5000,hybrid,default.qubit,4,2,5000,2569,0,first_grad_classical,6,0.003398600
batch_sweep,b5000,hybrid,default.qubit,4,2,5000,2569,0,second_grad,6,0.088833100
batch_sweep,b5000,hybrid,default.qubit,4,2,5000,2569,0,second_grad_quantum,6,0.060077100
batch_sweep,b5000,hybrid,default.qubit,4,2,5000,2569,0,second_grad_classical,6,0.028756000
batch_sweep,b5000,hybrid,default.qubit,4,2,5000,2569,0,param_grad,6,0.194386600
batch_sweep,b5000,hybrid,default.qubit,4,2,5000,2569,0,param_grad_quantum,6,0.086076600
batch_sweep,b5000,hybrid,default.qubit,4,2,5000,2569,0,param_grad_classical,6,0.108310000
batch_sweep,b100,hybrid,default.qubit,4,2,100,2569,0,forward,7,0.011056400
batch_sweep,b100,hybrid,default.qubit,4,2,100,2569,0,forward_quantum,7,0.009899000
batch_sweep,b100,hybrid,default.qubit,4,2,100,2569,0,forward_classical,7,0.001157400
batch_sweep,b100,hybrid,default.qubit,4,2,100,2569,0,first_grad,7,0.015345600
batch_sweep,b100,hybrid,default.qubit,4,2,100,2569,0,first_grad_quantum,7,0.013638700
batch_sweep,b100,hybrid,default.qubit,4,2,100,2569,0,first_grad_classical,7,0.001706900
batch_sweep,b100,hybrid,default.qubit,4,2,100,2569,0,second_grad,7,0.029980400
batch_sweep,b100,hybrid,default.qubit,4,2,100,2569,0,second_grad_quantum,7,0.019813700
batch_sweep,b100,hybrid,default.qubit,4,2,100,2569,0,second_grad_classical,7,0.010166700
batch_sweep,b100,hybrid,default.qubit,4,2,100,2569,0,param_grad,7,0.054965800
batch_sweep,b100,hybrid,default.qubit,4,2,100,2569,0,param_grad_quantum,7,0.030237800
batch_sweep,b100,hybrid,default.qubit,4,2,100,2569,0,param_grad_classical,7,0.024728000
batch_sweep,b100,hybrid,default.qubit,4,2,100,2569,1,forward,7,0.009737900
batch_sweep,b100,hybrid,default.qubit,4,2,100,2569,1,forward_quantum,7,0.009242300
batch_sweep,b100,hybrid,default.qubit,4,2,100,2569,1,forward_classical,7,0.000495600
batch_sweep,b100,hybrid,default.qubit,4,2,100,2569,1,first_grad,7,0.015217300
batch_sweep,b100,hybrid,default.qubit,4,2,100,2569,1,first_grad_quantum,7,0.013773700
batch_sweep,b100,hybrid,default.qubit,4,2,100,2569,1,first_grad_classical,7,0.001443600
batch_sweep,b100,hybrid,default.qubit,4,2,100,2569,1,second_grad,7,0.025126200
batch_sweep,b100,hybrid,default.qubit,4,2,100,2569,1,second_grad_quantum,7,0.016625700
batch_sweep,b100,hybrid,default.qubit,4,2,100,2569,1,second_grad_classical,7,0.008500500
batch_sweep,b100,hybrid,default.qubit,4,2,100,2569,1,param_grad,7,0.046386600
batch_sweep,b100,hybrid,default.qubit,4,2,100,2569,1,param_grad_quantum,7,0.025248500
batch_sweep,b100,hybrid,default.qubit,4,2,100,2569,1,param_grad_classical,7,0.021138100
batch_sweep,b1000,hybrid,default.qubit,4,2,1000,2569,0,forward,7,0.014934400
batch_sweep,b1000,hybrid,default.qubit,4,2,1000,2569,0,forward_quantum,7,0.014086800
batch_sweep,b1000,hybrid,default.qubit,4,2,1000,2569,0,forward_classical,7,0.000847600
batch_sweep,b1000,hybrid,default.qubit,4,2,1000,2569,0,first_grad,7,0.026206000
batch_sweep,b1000,hybrid,default.qubit,4,2,1000,2569,0,first_grad_quantum,7,0.023804100
batch_sweep,b1000,hybrid,default.qubit,4,2,1000,2569,0,first_grad_classical,7,0.002401900
batch_sweep,b1000,hybrid,default.qubit,4,2,1000,2569,0,second_grad,7,0.044528500
batch_sweep,b1000,hybrid,default.qubit,4,2,1000,2569,0,second_grad_quantum,7,0.029177700
batch_sweep,b1000,hybrid,default.qubit,4,2,1000,2569,0,second_grad_classical,7,0.015350800
batch_sweep,b1000,hybrid,default.qubit,4,2,1000,2569,0,param_grad,7,0.088325900
batch_sweep,b1000,hybrid,default.qubit,4,2,1000,2569,0,param_grad_quantum,7,0.039441400
batch_sweep,b1000,hybrid,default.qubit,4,2,1000,2569,0,param_grad_classical,7,0.048884500
batch_sweep,b1000,hybrid,default.qubit,4,2,1000,2569,1,forward,7,0.017753000
batch_sweep,b1000,hybrid,default.qubit,4,2,1000,2569,1,forward_quantum,7,0.017119300
batch_sweep,b1000,hybrid,default.qubit,4,2,1000,2569,1,forward_classical,7,0.000633700
batch_sweep,b1000,hybrid,default.qubit,4,2,1000,2569,1,first_grad,7,0.024337700
batch_sweep,b1000,hybrid,default.qubit,4,2,1000,2569,1,first_grad_quantum,7,0.021261600
batch_sweep,b1000,hybrid,default.qubit,4,2,1000,2569,1,first_grad_classical,7,0.003076100
batch_sweep,b1000,hybrid,default.qubit,4,2,1000,2569,1,second_grad,7,0.045058200
batch_sweep,b1000,hybrid,default.qubit,4,2,1000,2569,1,second_grad_quantum,7,0.030597700
batch_sweep,b1000,hybrid,default.qubit,4,2,1000,2569,1,second_grad_classical,7,0.014460500
batch_sweep,b1000,hybrid,default.qubit,4,2,1000,2569,1,param_grad,7,0.096000700
batch_sweep,b1000,hybrid,default.qubit,4,2,1000,2569,1,param_grad_quantum,7,0.043336000
batch_sweep,b1000,hybrid,default.qubit,4,2,1000,2569,1,param_grad_classical,7,0.052664700
batch_sweep,b5000,hybrid,default.qubit,4,2,5000,2569,1,forward,7,0.020524200
batch_sweep,b5000,hybrid,default.qubit,4,2,5000,2569,1,forward_quantum,7,0.019343400
batch_sweep,b5000,hybrid,default.qubit,4,2,5000,2569,1,forward_classical,7,0.001180800
batch_sweep,b5000,hybrid,default.qubit,4,2,5000,2569,1,first_grad,7,0.047995800
batch_sweep,b5000,hybrid,default.qubit,4,2,5000,2569,1,first_grad_quantum,7,0.044677000
batch_sweep,b5000,hybrid,default.qubit,4,2,5000,2569,1,first_grad_classical,7,0.003318800
batch_sweep,b5000,hybrid,default.qubit,4,2,5000,2569,1,second_grad,7,0.085404900
batch_sweep,b5000,hybrid,default.qubit,4,2,5000,2569,1,second_grad_quantum,7,0.054050900
batch_sweep,b5000,hybrid,default.qubit,4,2,5000,2569,1,second_grad_classical,7,0.031354000
batch_sweep,b5000,hybrid,default.qubit,4,2,5000,2569,1,param_grad,7,0.199962100
batch_sweep,b5000,hybrid,default.qubit,4,2,5000,2569,1,param_grad_quantum,7,0.084434500
batch_sweep,b5000,hybrid,default.qubit,4,2,5000,2569,1,param_grad_classical,7,0.115527600
batch_sweep,b500,hybrid,default.qubit,4,2,500,2569,0,forward,7,0.013470400
batch_sweep,b500,hybrid,default.qubit,4,2,500,2569,0,forward_quantum,7,0.012448800
batch_sweep,b500,hybrid,default.qubit,4,2,500,2569,0,forward_classical,7,0.001021600
batch_sweep,b500,hybrid,default.qubit,4,2,500,2569,0,first_grad,7,0.021902500
batch_sweep,b500,hybrid,default.qubit,4,2,500,2569,0,first_grad_quantum,7,0.019739000
batch_sweep,b500,hybrid,default.qubit,4,2,500,2569,0,first_grad_classical,7,0.002163500
batch_sweep,b500,hybrid,default.qubit,4,2,500,2569,0,second_grad,7,0.041171600
batch_sweep,b500,hybrid,default.qubit,4,2,500,2569,0,second_grad_quantum,7,0.027193700
batch_sweep,b500,hybrid,default.qubit,4,2,500,2569,0,second_grad_classical,7,0.013977900
batch_sweep,b500,hybrid,default.qubit,4,2,500,2569,0,param_grad,7,0.074285600
batch_sweep,b500,hybrid,default.qubit,4,2,500,2569,0,param_grad_quantum,7,0.034781400
batch_sweep,b500,hybrid,default.qubit,4,2,500,2569,0,param_grad_classical,7,0.039504200
batch_sweep,b2540,hybrid,default.qubit,4,2,2540,2569,2,forward,7,0.016672000
batch_sweep,b2540,hybrid,default.qubit,4,2,2540,2569,2,forward_quantum,7,0.015904600
batch_sweep,b2540,hybrid,default.qubit,4,2,2540,2569,2,forward_classical,7,0.000767400
batch_sweep,b2540,hybrid,default.qubit,4,2,2540,2569,2,first_grad,7,0.031451900
batch_sweep,b2540,hybrid,default.qubit,4,2,2540,2569,2,first_grad_quantum,7,0.028777800
batch_sweep,b2540,hybrid,default.qubit,4,2,2540,2569,2,first_grad_classical,7,0.002674100
batch_sweep,b2540,hybrid,default.qubit,4,2,2540,2569,2,second_grad,7,0.065145800
batch_sweep,b2540,hybrid,default.qubit,4,2,2540,2569,2,second_grad_quantum,7,0.042196900
batch_sweep,b2540,hybrid,default.qubit,4,2,2540,2569,2,second_grad_classical,7,0.022948900
batch_sweep,b2540,hybrid,default.qubit,4,2,2540,2569,2,param_grad,7,0.134765100
batch_sweep,b2540,hybrid,default.qubit,4,2,2540,2569,2,param_grad_quantum,7,0.061189100
batch_sweep,b2540,hybrid,default.qubit,4,2,2540,2569,2,param_grad_classical,7,0.073576000
batch_sweep,b2540,hybrid,default.qubit,4,2,2540,2569,0,forward,7,0.017045700
batch_sweep,b2540,hybrid,default.qubit,4,2,2540,2569,0,forward_quantum,7,0.016082600
batch_sweep,b2540,hybrid,default.qubit,4,2,2540,2569,0,forward_classical,7,0.000963100
batch_sweep,b2540,hybrid,default.qubit,4,2,2540,2569,0,first_grad,7,0.033437700
batch_sweep,b2540,hybrid,default.qubit,4,2,2540,2569,0,first_grad_quantum,7,0.029409100
batch_sweep,b2540,hybrid,default.qubit,4,2,2540,2569,0,first_grad_classical,7,0.004028600
batch_sweep,b2540,hybrid,default.qubit,4,2,2540,2569,0,second_grad,7,0.064985900
batch_sweep,b2540,hybrid,default.qubit,4,2,2540,2569,0,second_grad_quantum,7,0.043504800
batch_sweep,b2540,hybrid,default.qubit,4,2,2540,2569,0,second_grad_classical,7,0.021481100
batch_sweep,b2540,hybrid,default.qubit,4,2,2540,2569,0,param_grad,7,0.133206700
batch_sweep,b2540,hybrid,default.qubit,4,2,2540,2569,0,param_grad_quantum,7,0.059347800
batch_sweep,b2540,hybrid,default.qubit,4,2,2540,2569,0,param_grad_classical,7,0.073858900
batch_sweep,b5000,hybrid,default.qubit,4,2,5000,2569,0,forward,7,0.017518400
batch_sweep,b5000,hybrid,default.qubit,4,2,5000,2569,0,forward_quantum,7,0.016545800
batch_sweep,b5000,hybrid,default.qubit,4,2,5000,2569,0,forward_classical,7,0.000972600
batch_sweep,b5000,hybrid,default.qubit,4,2,5000,2569,0,first_grad,7,0.040639900
batch_sweep,b5000,hybrid,default.qubit,4,2,5000,2569,0,first_grad_quantum,7,0.037083600
batch_sweep,b5000,hybrid,default.qubit,4,2,5000,2569,0,first_grad_classical,7,0.003556300
batch_sweep,b5000,hybrid,default.qubit,4,2,5000,2569,0,second_grad,7,0.092076700
batch_sweep,b5000,hybrid,default.qubit,4,2,5000,2569,0,second_grad_quantum,7,0.053541700
batch_sweep,b5000,hybrid,default.qubit,4,2,5000,2569,0,second_grad_classical,7,0.038535000
batch_sweep,b5000,hybrid,default.qubit,4,2,5000,2569,0,param_grad,7,0.204053500
batch_sweep,b5000,hybrid,default.qubit,4,2,5000,2569,0,param_grad_quantum,7,0.081214800
batch_sweep,b5000,hybrid,default.qubit,4,2,5000,2569,0,param_grad_classical,7,0.122838700
batch_sweep,b1000,hybrid,default.qubit,4,2,1000,2569,2,forward,7,0.014419700
batch_sweep,b1000,hybrid,default.qubit,4,2,1000,2569,2,forward_quantum,7,0.013687800
batch_sweep,b1000,hybrid,default.qubit,4,2,1000,2569,2,forward_classical,7,0.000731900
batch_sweep,b1000,hybrid,default.qubit,4,2,1000,2569,2,first_grad,7,0.021743500
batch_sweep,b1000,hybrid,default.qubit,4,2,1000,2569,2,first_grad_quantum,7,0.019888100
batch_sweep,b1000,hybrid,default.qubit,4,2,1000,2569,2,first_grad_classical,7,0.001855400
batch_sweep,b1000,hybrid,default.qubit,4,2,1000,2569,2,second_grad,7,0.044893800
batch_sweep,b1000,hybrid,default.qubit,4,2,1000,2569,2,second_grad_quantum,7,0.027471200
batch_sweep,b1000,hybrid,default.qubit,4,2,1000,2569,2,second_grad_classical,7,0.017422600
batch_sweep,b1000,hybrid,default.qubit,4,2,1000,2569,2,param_grad,7,0.092109200
batch_sweep,b1000,hybrid,default.qubit,4,2,1000,2569,2,param_grad_quantum,7,0.042605400
batch_sweep,b1000,hybrid,default.qubit,4,2,1000,2569,2,param_grad_classical,7,0.049503800
batch_sweep,b500,hybrid,default.qubit,4,2,500,2569,1,forward,7,0.013281600
batch_sweep,b500,hybrid,default.qubit,4,2,500,2569,1,forward_quantum,7,0.012266300
batch_sweep,b500,hybrid,default.qubit,4,2,500,2569,1,forward_classical,7,0.001015300
batch_sweep,b500,hybrid,default.qubit,4,2,500,2569,1,first_grad,7,0.024071100
batch_sweep,b500,hybrid,default.qubit,4,2,500,2569,1,first_grad_quantum,7,0.019586800
batch_sweep,b500,hybrid,default.qubit,4,2,500,2569,1,first_grad_classical,7,0.004484300
batch_sweep,b500,hybrid,default.qubit,4,2,500,2569,1,second_grad,7,0.037801500
batch_sweep,b500,hybrid,default.qubit,4,2,500,2569,1,second_grad_quantum,7,0.026087400
batch_sweep,b500,hybrid,default.qubit,4,2,500,2569,1,second_grad_classical,7,0.011714100
batch_sweep,b500,hybrid,default.qubit,4,2,500,2569,1,param_grad,7,0.068422500
batch_sweep,b500,hybrid,default.qubit,4,2,500,2569,1,param_grad_quantum,7,0.034684300
batch_sweep,b500,hybrid,default.qubit,4,2,500,2569,1,param_grad_classical,7,0.033738200
batch_sweep,b100,hybrid,default.qubit,4,2,100,2569,2,forward,7,0.011057700
batch_sweep,b100,hybrid,default.qubit,4,2,100,2569,2,forward_quantum,7,0.010540100
batch_sweep,b100,hybrid,default.qubit,4,2,100,2569,2,forward_classical,7,0.000517600
batch_sweep,b100,hybrid,default.qubit,4,2,100,2569,2,first_grad,7,0.016455200
batch_sweep,b100,hybrid,default.qubit,4,2,100,2569,2,first_grad_quantum,7,0.014861800
batch_sweep,b100,hybrid,default.qubit,4,2,100,2569,2,first_grad_classical,7,0.001593400
batch_sweep,b100,hybrid,default.qubit,4,2,100,2569,2,second_grad,7,0.029854900
batch_sweep,b100,hybrid,default.qubit,4,2,100,2569,2,second_grad_quantum,7,0.019253200
batch_sweep,b100,hybrid,default.qubit,4,2,100,2569,2,second_grad_classical,7,0.010601700
batch_sweep,b100,hybrid,default.qubit,4,2,100,2569,2,param_grad,7,0.047184200
batch_sweep,b100,hybrid,default.qubit,4,2,100,2569,2,param_grad_quantum,7,0.025488000
batch_sweep,b100,hybrid,default.qubit,4,2,100,2569,2,param_grad_classical,7,0.021696200
batch_sweep,b2540,hybrid,default.qubit,4,2,2540,2569,1,forward,7,0.017806100
batch_sweep,b2540,hybrid,default.qubit,4,2,2540,2569,1,forward_quantum,7,0.016855600
batch_sweep,b2540,hybrid,default.qubit,4,2,2540,2569,1,forward_classical,7,0.000950500
batch_sweep,b2540,hybrid,default.qubit,4,2,2540,2569,1,first_grad,7,0.036714200
batch_sweep,b2540,hybrid,default.qubit,4,2,2540,2569,1,first_grad_quantum,7,0.034245900
batch_sweep,b2540,hybrid,default.qubit,4,2,2540,2569,1,first_grad_classical,7,0.002468300
batch_sweep,b2540,hybrid,default.qubit,4,2,2540,2569,1,second_grad,7,0.063868400
batch_sweep,b2540,hybrid,default.qubit,4,2,2540,2569,1,second_grad_quantum,7,0.039966900
batch_sweep,b2540,hybrid,default.qubit,4,2,2540,2569,1,second_grad_classical,7,0.023901500
batch_sweep,b2540,hybrid,default.qubit,4,2,2540,2569,1,param_grad,7,0.146990300
batch_sweep,b2540,hybrid,default.qubit,4,2,2540,2569,1,param_grad_quantum,7,0.062094800
batch_sweep,b2540,hybrid,default.qubit,4,2,2540,2569,1,param_grad_classical,7,0.084895500
batch_sweep,b500,hybrid,default.qubit,4,2,500,2569,2,forward,7,0.014378100
batch_sweep,b500,hybrid,default.qubit,4,2,500,2569,2,forward_quantum,7,0.012673600
batch_sweep,b500,hybrid,default.qubit,4,2,500,2569,2,forward_classical,7,0.001704500
batch_sweep,b500,hybrid,default.qubit,4,2,500,2569,2,first_grad,7,0.025053800
batch_sweep,b500,hybrid,default.qubit,4,2,500,2569,2,first_grad_quantum,7,0.022981000
batch_sweep,b500,hybrid,default.qubit,4,2,500,2569,2,first_grad_classical,7,0.002072800
batch_sweep,b500,hybrid,default.qubit,4,2,500,2569,2,second_grad,7,0.040558100
batch_sweep,b500,hybrid,default.qubit,4,2,500,2569,2,second_grad_quantum,7,0.027169500
batch_sweep,b500,hybrid,default.qubit,4,2,500,2569,2,second_grad_classical,7,0.013388600
batch_sweep,b500,hybrid,default.qubit,4,2,500,2569,2,param_grad,7,0.072396800
batch_sweep,b500,hybrid,default.qubit,4,2,500,2569,2,param_grad_quantum,7,0.034021300
batch_sweep,b500,hybrid,default.qubit,4,2,500,2569,2,param_grad_classical,7,0.038375500
batch_sweep,b5000,hybrid,default.qubit,4,2,5000,2569,2,forward,7,0.018921300
batch_sweep,b5000,hybrid,default.qubit,4,2,5000,2569,2,forward_quantum,7,0.017968000
batch_sweep,b5000,hybrid,default.qubit,4,2,5000,2569,2,forward_classical,7,0.000953300
batch_sweep,b5000,hybrid,default.qubit,4,2,5000,2569,2,first_grad,7,0.047615100
batch_sweep,b5000,hybrid,default.qubit,4,2,5000,2569,2,first_grad_quantum,7,0.044027800
batch_sweep,b5000,hybrid,default.qubit,4,2,5000,2569,2,first_grad_classical,7,0.003587300
batch_sweep,b5000,hybrid,default.qubit,4,2,5000,2569,2,second_grad,7,0.092099300
batch_sweep,b5000,hybrid,default.qubit,4,2,5000,2569,2,second_grad_quantum,7,0.060270300
batch_sweep,b5000,hybrid,default.qubit,4,2,5000,2569,2,second_grad_classical,7,0.031829000
batch_sweep,b5000,hybrid,default.qubit,4,2,5000,2569,2,param_grad,7,0.196195600
batch_sweep,b5000,hybrid,default.qubit,4,2,5000,2569,2,param_grad_quantum,7,0.086990400
batch_sweep,b5000,hybrid,default.qubit,4,2,5000,2569,2,param_grad_classical,7,0.109205200
batch_sweep,b500,hybrid,default.qubit,4,2,500,2569,1,forward,8,0.013018000
batch_sweep,b500,hybrid,default.qubit,4,2,500,2569,1,forward_quantum,8,0.012453000
batch_sweep,b500,hybrid,default.qubit,4,2,500,2569,1,forward_classical,8,0.000565000
batch_sweep,b500,hybrid,default.qubit,4,2,500,2569,1,first_grad,8,0.024458400
batch_sweep,b500,hybrid,default.qubit,4,2,500,2569,1,first_grad_quantum,8,0.020211200
batch_sweep,b500,hybrid,default.qubit,4,2,500,2569,1,first_grad_classical,8,0.004247200
batch_sweep,b500,hybrid,default.qubit,4,2,500,2569,1,second_grad,8,0.039064800
batch_sweep,b500,hybrid,default.qubit,4,2,500,2569,1,second_grad_quantum,8,0.026634500
batch_sweep,b500,hybrid,default.qubit,4,2,500,2569,1,second_grad_classical,8,0.012430300
batch_sweep,b500,hybrid,default.qubit,4,2,500,2569,1,param_grad,8,0.072923500
batch_sweep,b500,hybrid,default.qubit,4,2,500,2569,1,param_grad_quantum,8,0.034160400
batch_sweep,b500,hybrid,default.qubit,4,2,500,2569,1,param_grad_classical,8,0.038763100
batch_sweep,b2540,hybrid,default.qubit,4,2,2540,2569,1,forward,8,0.016282300
batch_sweep,b2540,hybrid,default.qubit,4,2,2540,2569,1,forward_quantum,8,0.015441400
batch_sweep,b2540,hybrid,default.qubit,4,2,2540,2569,1,forward_classical,8,0.000840900
batch_sweep,b2540,hybrid,default.qubit,4,2,2540,2569,1,first_grad,8,0.035396100
batch_sweep,b2540,hybrid,default.qubit,4,2,2540,2569,1,first_grad_quantum,8,0.032702600
batch_sweep,b2540,hybrid,default.qubit,4,2,2540,2569,1,first_grad_classical,8,0.002693500
batch_sweep,b2540,hybrid,default.qubit,4,2,2540,2569,1,second_grad,8,0.066984900
batch_sweep,b2540,hybrid,default.qubit,4,2,2540,2569,1,second_grad_quantum,8,0.042692500
batch_sweep,b2540,hybrid,default.qubit,4,2,2540,2569,1,second_grad_classical,8,0.024292400
batch_sweep,b2540,hybrid,default.qubit,4,2,2540,2569,1,param_grad,8,0.139942200
batch_sweep,b2540,hybrid,default.qubit,4,2,2540,2569,1,param_grad_quantum,8,0.060229500
batch_sweep,b2540,hybrid,default.qubit,4,2,2540,2569,1,param_grad_classical,8,0.079712700
batch_sweep,b100,hybrid,default.qubit,4,2,100,2569,0,forward,8,0.011258100
batch_sweep,b100,hybrid,default.qubit,4,2,100,2569,0,forward_quantum,8,0.009938900
batch_sweep,b100,hybrid,default.qubit,4,2,100,2569,0,forward_classical,8,0.001319200
batch_sweep,b100,hybrid,default.qubit,4,2,100,2569,0,first_grad,8,0.015812800
batch_sweep,b100,hybrid,default.qubit,4,2,100,2569,0,first_grad_quantum,8,0.014222000
batch_sweep,b100,hybrid,default.qubit,4,2,100,2569,0,first_grad_classical,8,0.001590800
batch_sweep,b100,hybrid,default.qubit,4,2,100,2569,0,second_grad,8,0.024231800
batch_sweep,b100,hybrid,default.qubit,4,2,100,2569,0,second_grad_quantum,8,0.017434000
batch_sweep,b100,hybrid,default.qubit,4,2,100,2569,0,second_grad_classical,8,0.006797800
batch_sweep,b100,hybrid,default.qubit,4,2,100,2569,0,param_grad,8,0.056221300
batch_sweep,b100,hybrid,default.qubit,4,2,100,2569,0,param_grad_quantum,8,0.029059400
batch_sweep,b100,hybrid,default.qubit,4,2,100,2569,0,param_grad_classical,8,0.027161900
batch_sweep,b2540,hybrid,default.qubit,4,2,2540,2569,2,forward,8,0.017254100
batch_sweep,b2540,hybrid,default.qubit,4,2,2540,2569,2,forward_quantum,8,0.016422500
batch_sweep,b2540,hybrid,default.qubit,4,2,2540,2569,2,forward_classical,8,0.000831600
batch_sweep,b2540,hybrid,default.qubit,4,2,2540,2569,2,first_grad,8,0.038841500
batch_sweep,b2540,hybrid,default.qubit,4,2,2540,2569,2,first_grad_quantum,8,0.034487300
batch_sweep,b2540,hybrid,default.qubit,4,2,2540,2569,2,first_grad_classical,8,0.004354200
batch_sweep,b2540,hybrid,default.qubit,4,2,2540,2569,2,second_grad,8,0.064267600
batch_sweep,b2540,hybrid,default.qubit,4,2,2540,2569,2,second_grad_quantum,8,0.041533500
batch_sweep,b2540,hybrid,default.qubit,4,2,2540,2569,2,second_grad_classical,8,0.022734100
batch_sweep,b2540,hybrid,default.qubit,4,2,2540,2569,2,param_grad,8,0.131002700
batch_sweep,b2540,hybrid,default.qubit,4,2,2540,2569,2,param_grad_quantum,8,0.055355000
batch_sweep,b2540,hybrid,default.qubit,4,2,2540,2569,2,param_grad_classical,8,0.075647700
batch_sweep,b1000,hybrid,default.qubit,4,2,1000,2569,0,forward,8,0.016310900
batch_sweep,b1000,hybrid,default.qubit,4,2,1000,2569,0,forward_quantum,8,0.015675600
batch_sweep,b1000,hybrid,default.qubit,4,2,1000,2569,0,forward_classical,8,0.000635300
batch_sweep,b1000,hybrid,default.qubit,4,2,1000,2569,0,first_grad,8,0.022650200
batch_sweep,b1000,hybrid,default.qubit,4,2,1000,2569,0,first_grad_quantum,8,0.020803900
batch_sweep,b1000,hybrid,default.qubit,4,2,1000,2569,0,first_grad_classical,8,0.001846300
batch_sweep,b1000,hybrid,default.qubit,4,2,1000,2569,0,second_grad,8,0.048058700
batch_sweep,b1000,hybrid,default.qubit,4,2,1000,2569,0,second_grad_quantum,8,0.026251800
batch_sweep,b1000,hybrid,default.qubit,4,2,1000,2569,0,second_grad_classical,8,0.021806900
batch_sweep,b1000,hybrid,default.qubit,4,2,1000,2569,0,param_grad,8,0.094009900
batch_sweep,b1000,hybrid,default.qubit,4,2,1000,2569,0,param_grad_quantum,8,0.043638900
batch_sweep,b1000,hybrid,default.qubit,4,2,1000,2569,0,param_grad_classical,8,0.050371000
batch_sweep,b5000,hybrid,default.qubit,4,2,5000,2569,0,forward,8,0.018235800
batch_sweep,b5000,hybrid,default.qubit,4,2,5000,2569,0,forward_quantum,8,0.017313200
batch_sweep,b5000,hybrid,default.qubit,4,2,5000,2569,0,forward_classical,8,0.000922600
batch_sweep,b5000,hybrid,default.qubit,4,2,5000,2569,0,first_grad,8,0.041922100
batch_sweep,b5000,hybrid,default.qubit,4,2,5000,2569,0,first_grad_quantum,8,0.038817100
batch_sweep,b5000,hybrid,default.qubit,4,2,5000,2569,0,first_grad_classical,8,0.003105000
batch_sweep,b5000,hybrid,default.qubit,4,2,5000,2569,0,second_grad,8,0.087959300
batch_sweep,b5000,hybrid,default.qubit,4,2,5000,2569,0,second_grad_quantum,8,0.056606300
batch_sweep,b5000,hybrid,default.qubit,4,2,5000,2569,0,second_grad_classical,8,0.031353000
batch_sweep,b5000,hybrid,default.qubit,4,2,5000,2569,0,param_grad,8,0.187138300
batch_sweep,b5000,hybrid,default.qubit,4,2,5000,2569,0,param_grad_quantum,8,0.080587700
batch_sweep,b5000,hybrid,default.qubit,4,2,5000,2569,0,param_grad_classical,8,0.106550600
batch_sweep,b2540,hybrid,default.qubit,4,2,2540,2569,0,forward,8,0.015854900
batch_sweep,b2540,hybrid,default.qubit,4,2,2540,2569,0,forward_quantum,8,0.015161500
batch_sweep,b2540,hybrid,default.qubit,4,2,2540,2569,0,forward_classical,8,0.000693400
batch_sweep,b2540,hybrid,default.qubit,4,2,2540,2569,0,first_grad,8,0.031236800
batch_sweep,b2540,hybrid,default.qubit,4,2,2540,2569,0,first_grad_quantum,8,0.028582400
batch_sweep,b2540,hybrid,default.qubit,4,2,2540,2569,0,first_grad_classical,8,0.002654400
batch_sweep,b2540,hybrid,default.qubit,4,2,2540,2569,0,second_grad,8,0.069700300
batch_sweep,b2540,hybrid,default.qubit,4,2,2540,2569,0,second_grad_quantum,8,0.045248100
batch_sweep,b2540,hybrid,default.qubit,4,2,2540,2569,0,second_grad_classical,8,0.024452200
batch_sweep,b2540,hybrid,default.qubit,4,2,2540,2569,0,param_grad,8,0.134805700
batch_sweep,b2540,hybrid,default.qubit,4,2,2540,2569,0,param_grad_quantum,8,0.061116100
batch_sweep,b2540,hybrid,default.qubit,4,2,2540,2569,0,param_grad_classical,8,0.073689600
batch_sweep,b5000,hybrid,default.qubit,4,2,5000,2569,1,forward,8,0.020213100
batch_sweep,b5000,hybrid,default.qubit,4,2,5000,2569,1,forward_quantum,8,0.019191400
batch_sweep,b5000,hybrid,default.qubit,4,2,5000,2569,1,forward_classical,8,0.001021700
batch_sweep,b5000,hybrid,default.qubit,4,2,5000,2569,1,first_grad,8,0.040584700
batch_sweep,b5000,hybrid,default.qubit,4,2,5000,2569,1,first_grad_quantum,8,0.037592200
batch_sweep,b5000,hybrid,default.qubit,4,2,5000,2569,1,first_grad_classical,8,0.002992500
batch_sweep,b5000,hybrid,default.qubit,4,2,5000,2569,1,second_grad,8,0.082010600
batch_sweep,b5000,hybrid,default.qubit,4,2,5000,2569,1,second_grad_quantum,8,0.057450200
batch_sweep,b5000,hybrid,default.qubit,4,2,5000,2569,1,second_grad_classical,8,0.024560400
batch_sweep,b5000,hybrid,default.qubit,4,2,5000,2569,1,param_grad,8,0.190078600
batch_sweep,b5000,hybrid,default.qubit,4,2,5000,2569,1,param_grad_quantum,8,0.080784100
batch_sweep,b5000,hybrid,default.qubit,4,2,5000,2569,1,param_grad_classical,8,0.109294500
batch_sweep,b500,hybrid,default.qubit,4,2,500,2569,2,forward,8,0.018506300
batch_sweep,b500,hybrid,default.qubit,4,2,500,2569,2,forward_quantum,8,0.017389200
batch_sweep,b500,hybrid,default.qubit,4,2,500,2569,2,forward_classical,8,0.001117100
batch_sweep,b500,hybrid,default.qubit,4,2,500,2569,2,first_grad,8,0.024283100
batch_sweep,b500,hybrid,default.qubit,4,2,500,2569,2,first_grad_quantum,8,0.022169200
batch_sweep,b500,hybrid,default.qubit,4,2,500,2569,2,first_grad_classical,8,0.002113900
batch_sweep,b500,hybrid,default.qubit,4,2,500,2569,2,second_grad,8,0.039436300
batch_sweep,b500,hybrid,default.qubit,4,2,500,2569,2,second_grad_quantum,8,0.027504100
batch_sweep,b500,hybrid,default.qubit,4,2,500,2569,2,second_grad_classical,8,0.011932200
batch_sweep,b500,hybrid,default.qubit,4,2,500,2569,2,param_grad,8,0.071122200
batch_sweep,b500,hybrid,default.qubit,4,2,500,2569,2,param_grad_quantum,8,0.034239300
batch_sweep,b500,hybrid,default.qubit,4,2,500,2569,2,param_grad_classical,8,0.036882900
batch_sweep,b500,hybrid,default.qubit,4,2,500,2569,0,forward,8,0.011775100
batch_sweep,b500,hybrid,default.qubit,4,2,500,2569,0,forward_quantum,8,0.011026500
batch_sweep,b500,hybrid,default.qubit,4,2,500,2569,0,forward_classical,8,0.000748600
batch_sweep,b500,hybrid,default.qubit,4,2,500,2569,0,first_grad,8,0.020780400
batch_sweep,b500,hybrid,default.qubit,4,2,500,2569,0,first_grad_quantum,8,0.018564300
batch_sweep,b500,hybrid,default.qubit,4,2,500,2569,0,first_grad_classical,8,0.002216100
batch_sweep,b500,hybrid,default.qubit,4,2,500,2569,0,second_grad,8,0.036892700
batch_sweep,b500,hybrid,default.qubit,4,2,500,2569,0,second_grad_quantum,8,0.025660400
batch_sweep,b500,hybrid,default.qubit,4,2,500,2569,0,second_grad_classical,8,0.011232300
batch_sweep,b500,hybrid,default.qubit,4,2,500,2569,0,param_grad,8,0.075738600
batch_sweep,b500,hybrid,default.qubit,4,2,500,2569,0,param_grad_quantum,8,0.036757000
batch_sweep,b500,hybrid,default.qubit,4,2,500,2569,0,param_grad_classical,8,0.038981600
batch_sweep,b100,hybrid,default.qubit,4,2,100,2569,1,forward,8,0.010473600
batch_sweep,b100,hybrid,default.qubit,4,2,100,2569,1,forward_quantum,8,0.009828100
batch_sweep,b100,hybrid,default.qubit,4,2,100,2569,1,forward_classical,8,0.000645500
batch_sweep,b100,hybrid,default.qubit,4,2,100,2569,1,first_grad,8,0.017226300
batch_sweep,b100,hybrid,default.qubit,4,2,100,2569,1,first_grad_quantum,8,0.015465300
batch_sweep,b100,hybrid,default.qubit,4,2,100,2569,1,first_grad_classical,8,0.001761000
batch_sweep,b100,hybrid,default.qubit,4,2,100,2569,1,second_grad,8,0.028933800
batch_sweep,b100,hybrid,default.qubit,4,2,100,2569,1,second_grad_quantum,8,0.019399200
batch_sweep,b100,hybrid,default.qubit,4,2,100,2569,1,second_grad_classical,8,0.009534600
batch_sweep,b100,hybrid,default.qubit,4,2,100,2569,1,param_grad,8,0.054608700
batch_sweep,b100,hybrid,default.qubit,4,2,100,2569,1,param_grad_quantum,8,0.028059600
batch_sweep,b100,hybrid,default.qubit,4,2,100,2569,1,param_grad_classical,8,0.026549100
batch_sweep,b1000,hybrid,default.qubit,4,2,1000,2569,2,forward,8,0.013446100
batch_sweep,b1000,hybrid,default.qubit,4,2,1000,2569,2,forward_quantum,8,0.012540000
batch_sweep,b1000,hybrid,default.qubit,4,2,1000,2569,2,forward_classical,8,0.000906100
batch_sweep,b1000,hybrid,default.qubit,4,2,1000,2569,2,first_grad,8,0.024949800
batch_sweep,b1000,hybrid,default.qubit,4,2,1000,2569,2,first_grad_quantum,8,0.023046000
batch_sweep,b1000,hybrid,default.qubit,4,2,1000,2569,2,first_grad_classical,8,0.001903800
batch_sweep,b1000,hybrid,default.qubit,4,2,1000,2569,2,second_grad,8,0.048714000
batch_sweep,b1000,hybrid,default.qubit,4,2,1000,2569,2,second_grad_quantum,8,0.031014800
batch_sweep,b1000,hybrid,default.qubit,4,2,1000,2569,2,second_grad_classical,8,0.017699200
batch_sweep,b1000,hybrid,default.qubit,4,2,1000,2569,2,param_grad,8,0.095570600
batch_sweep,b1000,hybrid,default.qubit,4,2,1000,2569,2,param_grad_quantum,8,0.043643500
batch_sweep,b1000,hybrid,default.qubit,4,2,1000,2569,2,param_grad_classical,8,0.051927100
batch_sweep,b100,hybrid,default.qubit,4,2,100,2569,2,forward,8,0.010969200
batch_sweep,b100,hybrid,default.qubit,4,2,100,2569,2,forward_quantum,8,0.010347300
batch_sweep,b100,hybrid,default.qubit,4,2,100,2569,2,forward_classical,8,0.000621900
batch_sweep,b100,hybrid,default.qubit,4,2,100,2569,2,first_grad,8,0.017329700
batch_sweep,b100,hybrid,default.qubit,4,2,100,2569,2,first_grad_quantum,8,0.015543900
batch_sweep,b100,hybrid,default.qubit,4,2,100,2569,2,first_grad_classical,8,0.001785800
batch_sweep,b100,hybrid,default.qubit,4,2,100,2569,2,second_grad,8,0.029291000
batch_sweep,b100,hybrid,default.qubit,4,2,100,2569,2,second_grad_quantum,8,0.019184600
batch_sweep,b100,hybrid,default.qubit,4,2,100,2569,2,second_grad_classical,8,0.010106400
batch_sweep,b100,hybrid,default.qubit,4,2,100,2569,2,param_grad,8,0.051113200
batch_sweep,b100,hybrid,default.qubit,4,2,100,2569,2,param_grad_quantum,8,0.026648300
batch_sweep,b100,hybrid,default.qubit,4,2,100,2569,2,param_grad_classical,8,0.024464900
batch_sweep,b5000,hybrid,default.qubit,4,2,5000,2569,2,forward,8,0.020741400
batch_sweep,b5000,hybrid,default.qubit,4,2,5000,2569,2,forward_quantum,8,0.019610000
batch_sweep,b5000,hybrid,default.qubit,4,2,5000,2569,2,forward_classical,8,0.001131400
batch_sweep,b5000,hybrid,default.qubit,4,2,5000,2569,2,first_grad,8,0.047432800
batch_sweep,b5000,hybrid,default.qubit,4,2,5000,2569,2,first_grad_quantum,8,0.044125400
batch_sweep,b5000,hybrid,default.qubit,4,2,5000,2569,2,first_grad_classical,8,0.003307400
batch_sweep,b5000,hybrid,default.qubit,4,2,5000,2569,2,second_grad,8,0.083061800
batch_sweep,b5000,hybrid,default.qubit,4,2,5000,2569,2,second_grad_quantum,8,0.052113500
batch_sweep,b5000,hybrid,default.qubit,4,2,5000,2569,2,second_grad_classical,8,0.030948300
batch_sweep,b5000,hybrid,default.qubit,4,2,5000,2569,2,param_grad,8,0.193258600
batch_sweep,b5000,hybrid,default.qubit,4,2,5000,2569,2,param_grad_quantum,8,0.084684100
batch_sweep,b5000,hybrid,default.qubit,4,2,5000,2569,2,param_grad_classical,8,0.108574500
batch_sweep,b1000,hybrid,default.qubit,4,2,1000,2569,1,forward,8,0.014682800
batch_sweep,b1000,hybrid,default.qubit,4,2,1000,2569,1,forward_quantum,8,0.014050500
batch_sweep,b1000,hybrid,default.qubit,4,2,1000,2569,1,forward_classical,8,0.000632300
batch_sweep,b1000,hybrid,default.qubit,4,2,1000,2569,1,first_grad,8,0.025001500
batch_sweep,b1000,hybrid,default.qubit,4,2,1000,2569,1,first_grad_quantum,8,0.022757500
batch_sweep,b1000,hybrid,default.qubit,4,2,1000,2569,1,first_grad_classical,8,0.002244000
batch_sweep,b1000,hybrid,default.qubit,4,2,1000,2569,1,second_grad,8,0.050583300
batch_sweep,b1000,hybrid,default.qubit,4,2,1000,2569,1,second_grad_quantum,8,0.034009100
batch_sweep,b1000,hybrid,default.qubit,4,2,1000,2569,1,second_grad_classical,8,0.016574200
batch_sweep,b1000,hybrid,default.qubit,4,2,1000,2569,1,param_grad,8,0.090614800
batch_sweep,b1000,hybrid,default.qubit,4,2,1000,2569,1,param_grad_quantum,8,0.041273800
batch_sweep,b1000,hybrid,default.qubit,4,2,1000,2569,1,param_grad_classical,8,0.049341000
batch_sweep,b500,hybrid,default.qubit,4,2,500,2569,1,forward,9,0.011695300
batch_sweep,b500,hybrid,default.qubit,4,2,500,2569,1,forward_quantum,9,0.010831700
batch_sweep,b500,hybrid,default.qubit,4,2,500,2569,1,forward_classical,9,0.000863600
batch_sweep,b500,hybrid,default.qubit,4,2,500,2569,1,first_grad,9,0.019446300
batch_sweep,b500,hybrid,default.qubit,4,2,500,2569,1,first_grad_quantum,9,0.017705300
batch_sweep,b500,hybrid,default.qubit,4,2,500,2569,1,first_grad_classical,9,0.001741000
batch_sweep,b500,hybrid,default.qubit,4,2,500,2569,1,second_grad,9,0.036011800
batch_sweep,b500,hybrid,default.qubit,4,2,500,2569,1,second_grad_quantum,9,0.024642000
batch_sweep,b500,hybrid,default.qubit,4,2,500,2569,1,second_grad_classical,9,0.011369800
batch_sweep,b500,hybrid,default.qubit,4,2,500,2569,1,param_grad,9,0.067085300
batch_sweep,b500,hybrid,default.qubit,4,2,500,2569,1,param_grad_quantum,9,0.034145300
batch_sweep,b500,hybrid,default.qubit,4,2,500,2569,1,param_grad_classical,9,0.032940000
batch_sweep,b2540,hybrid,default.qubit,4,2,2540,2569,2,forward,9,0.016925000
batch_sweep,b2540,hybrid,default.qubit,4,2,2540,2569,2,forward_quantum,9,0.016152300
batch_sweep,b2540,hybrid,default.qubit,4,2,2540,2569,2,forward_classical,9,0.000772700
batch_sweep,b2540,hybrid,default.qubit,4,2,2540,2569,2,first_grad,9,0.035731900
batch_sweep,b2540,hybrid,default.qubit,4,2,2540,2569,2,first_grad_quantum,9,0.032976300
batch_sweep,b2540,hybrid,default.qubit,4,2,2540,2569,2,first_grad_classical,9,0.002755600
batch_sweep,b2540,hybrid,default.qubit,4,2,2540,2569,2,second_grad,9,0.068475600
batch_sweep,b2540,hybrid,default.qubit,4,2,2540,2569,2,second_grad_quantum,9,0.045893500
batch_sweep,b2540,hybrid,default.qubit,4,2,2540,2569,2,second_grad_classical,9,0.022582100
batch_sweep,b2540,hybrid,default.qubit,4,2,2540,2569,2,param_grad,9,0.139048200
batch_sweep,b2540,hybrid,default.qubit,4,2,2540,2569,2,param_grad_quantum,9,0.058036700
batch_sweep,b2540,hybrid,default.qubit,4,2,2540,2569,2,param_grad_classical,9,0.081011500
batch_sweep,b2540,hybrid,default.qubit,4,2,2540,2569,1,forward,9,0.016947400
batch_sweep,b2540,hybrid,default.qubit,4,2,2540,2569,1,forward_quantum,9,0.016161800
batch_sweep,b2540,hybrid,default.qubit,4,2,2540,2569,1,forward_classical,9,0.000785600
batch_sweep,b2540,hybrid,default.qubit,4,2,2540,2569,1,first_grad,9,0.030741400
batch_sweep,b2540,hybrid,default.qubit,4,2,2540,2569,1,first_grad_quantum,9,0.028125200
batch_sweep,b2540,hybrid,default.qubit,4,2,2540,2569,1,first_grad_classical,9,0.002616200
batch_sweep,b2540,hybrid,default.qubit,4,2,2540,2569,1,second_grad,9,0.062059800
batch_sweep,b2540,hybrid,default.qubit,4,2,2540,2569,1,second_grad_quantum,9,0.042592400
batch_sweep,b2540,hybrid,default.qubit,4,2,2540,2569,1,second_grad_classical,9,0.019467400
batch_sweep,b2540,hybrid,default.qubit,4,2,2540,2569,1,param_grad,9,0.134339800
batch_sweep,b2540,hybrid,default.qubit,4,2,2540,2569,1,param_grad_quantum,9,0.061988500
batch_sweep,b2540,hybrid,default.qubit,4,2,2540,2569,1,param_grad_classical,9,0.072351300
batch_sweep,b1000,hybrid,default.qubit,4,2,1000,2569,2,forward,9,0.017544800
batch_sweep,b1000,hybrid,default.qubit,4,2,1000,2569,2,forward_quantum,9,0.016739800
batch_sweep,b1000,hybrid,default.qubit,4,2,1000,2569,2,forward_classical,9,0.000805000
batch_sweep,b1000,hybrid,default.qubit,4,2,1000,2569,2,first_grad,9,0.025671000
batch_sweep,b1000,hybrid,default.qubit,4,2,1000,2569,2,first_grad_quantum,9,0.023397000
batch_sweep,b1000,hybrid,default.qubit,4,2,1000,2569,2,first_grad_classical,9,0.002274000
batch_sweep,b1000,hybrid,default.qubit,4,2,1000,2569,2,second_grad,9,0.055741900
batch_sweep,b1000,hybrid,default.qubit,4,2,1000,2569,2,second_grad_quantum,9,0.035346300
batch_sweep,b1000,hybrid,default.qubit,4,2,1000,2569,2,second_grad_classical,9,0.020395600
batch_sweep,b1000,hybrid,default.qubit,4,2,1000,2569,2,param_grad,9,0.092632700
batch_sweep,b1000,hybrid,default.qubit,4,2,1000,2569,2,param_grad_quantum,9,0.043331300
batch_sweep,b1000,hybrid,default.qubit,4,2,1000,2569,2,param_grad_classical,9,0.049301400
batch_sweep,b1000,hybrid,default.qubit,4,2,1000,2569,1,forward,9,0.014663000
batch_sweep,b1000,hybrid,default.qubit,4,2,1000,2569,1,forward_quantum,9,0.014006400
batch_sweep,b1000,hybrid,default.qubit,4,2,1000,2569,1,forward_classical,9,0.000656600
batch_sweep,b1000,hybrid,default.qubit,4,2,1000,2569,1,first_grad,9,0.024525400
batch_sweep,b1000,hybrid,default.qubit,4,2,1000,2569,1,first_grad_quantum,9,0.022508600
batch_sweep,b1000,hybrid,default.qubit,4,2,1000,2569,1,first_grad_classical,9,0.002016800
batch_sweep,b1000,hybrid,default.qubit,4,2,1000,2569,1,second_grad,9,0.045334300
batch_sweep,b1000,hybrid,default.qubit,4,2,1000,2569,1,second_grad_quantum,9,0.031327300
batch_sweep,b1000,hybrid,default.qubit,4,2,1000,2569,1,second_grad_classical,9,0.014007000
batch_sweep,b1000,hybrid,default.qubit,4,2,1000,2569,1,param_grad,9,0.097008900
batch_sweep,b1000,hybrid,default.qubit,4,2,1000,2569,1,param_grad_quantum,9,0.043858700
batch_sweep,b1000,hybrid,default.qubit,4,2,1000,2569,1,param_grad_classical,9,0.053150200
batch_sweep,b100,hybrid,default.qubit,4,2,100,2569,0,forward,9,0.011505000
batch_sweep,b100,hybrid,default.qubit,4,2,100,2569,0,forward_quantum,9,0.010953100
batch_sweep,b100,hybrid,default.qubit,4,2,100,2569,0,forward_classical,9,0.000551900
batch_sweep,b100,hybrid,default.qubit,4,2,100,2569,0,first_grad,9,0.016708400
batch_sweep,b100,hybrid,default.qubit,4,2,100,2569,0,first_grad_quantum,9,0.014790200
batch_sweep,b100,hybrid,default.qubit,4,2,100,2569,0,first_grad_classical,9,0.001918200
batch_sweep,b100,hybrid,default.qubit,4,2,100,2569,0,second_grad,9,0.028276200
batch_sweep,b100,hybrid,default.qubit,4,2,100,2569,0,second_grad_quantum,9,0.020766300
batch_sweep,b100,hybrid,default.qubit,4,2,100,2569,0,second_grad_classical,9,0.007509900
batch_sweep,b100,hybrid,default.qubit,4,2,100,2569,0,param_grad,9,0.052465800
batch_sweep,b100,hybrid,default.qubit,4,2,100,2569,0,param_grad_quantum,9,0.028986700
batch_sweep,b100,hybrid,default.qubit,4,2,100,2569,0,param_grad_classical,9,0.023479100
batch_sweep,b100,hybrid,default.qubit,4,2,100,2569,2,forward,9,0.011539900
batch_sweep,b100,hybrid,default.qubit,4,2,100,2569,2,forward_quantum,9,0.011002300
batch_sweep,b100,hybrid,default.qubit,4,2,100,2569,2,forward_classical,9,0.000537600
batch_sweep,b100,hybrid,default.qubit,4,2,100,2569,2,first_grad,9,0.015731000
batch_sweep,b100,hybrid,default.qubit,4,2,100,2569,2,first_grad_quantum,9,0.013972400
batch_sweep,b100,hybrid,default.qubit,4,2,100,2569,2,first_grad_classical,9,0.001758600
batch_sweep,b100,hybrid,default.qubit,4,2,100,2569,2,second_grad,9,0.029014100
batch_sweep,b100,hybrid,default.qubit,4,2,100,2569,2,second_grad_quantum,9,0.020305900
batch_sweep,b100,hybrid,default.qubit,4,2,100,2569,2,second_grad_classical,9,0.008708200
batch_sweep,b100,hybrid,default.qubit,4,2,100,2569,2,param_grad,9,0.053366100
batch_sweep,b100,hybrid,default.qubit,4,2,100,2569,2,param_grad_quantum,9,0.027098800
batch_sweep,b100,hybrid,default.qubit,4,2,100,2569,2,param_grad_classical,9,0.026267300
batch_sweep,b5000,hybrid,default.qubit,4,2,5000,2569,1,forward,9,0.020572200
batch_sweep,b5000,hybrid,default.qubit,4,2,5000,2569,1,forward_quantum,9,0.019406900
batch_sweep,b5000,hybrid,default.qubit,4,2,5000,2569,1,forward_classical,9,0.001165300
batch_sweep,b5000,hybrid,default.qubit,4,2,5000,2569,1,first_grad,9,0.051351400
batch_sweep,b5000,hybrid,default.qubit,4,2,5000,2569,1,first_grad_quantum,9,0.047889600
batch_sweep,b5000,hybrid,default.qubit,4,2,5000,2569,1,first_grad_classical,9,0.003461800
batch_sweep,b5000,hybrid,default.qubit,4,2,5000,2569,1,second_grad,9,0.089313600
batch_sweep,b5000,hybrid,default.qubit,4,2,5000,2569,1,second_grad_quantum,9,0.060262000
batch_sweep,b5000,hybrid,default.qubit,4,2,5000,2569,1,second_grad_classical,9,0.029051600
batch_sweep,b5000,hybrid,default.qubit,4,2,5000,2569,1,param_grad,9,0.194856600
batch_sweep,b5000,hybrid,default.qubit,4,2,5000,2569,1,param_grad_quantum,9,0.079734100
batch_sweep,b5000,hybrid,default.qubit,4,2,5000,2569,1,param_grad_classical,9,0.115122500
batch_sweep,b1000,hybrid,default.qubit,4,2,1000,2569,0,forward,9,0.015130800
batch_sweep,b1000,hybrid,default.qubit,4,2,1000,2569,0,forward_quantum,9,0.014479700
batch_sweep,b1000,hybrid,default.qubit,4,2,1000,2569,0,forward_classical,9,0.000651100
batch_sweep,b1000,hybrid,default.qubit,4,2,1000,2569,0,first_grad,9,0.027231900
batch_sweep,b1000,hybrid,default.qubit,4,2,1000,2569,0,first_grad_quantum,9,0.022868300
batch_sweep,b1000,hybrid,default.qubit,4,2,1000,2569,0,first_grad_classical,9,0.004363600
batch_sweep,b1000,hybrid,default.qubit,4,2,1000,2569,0,second_grad,9,0.043458300
batch_sweep,b1000,hybrid,default.qubit,4,2,1000,2569,0,second_grad_quantum,9,0.029887200
batch_sweep,b1000,hybrid,default.qubit,4,2,1000,2569,0,second_grad_classical,9,0.013571100
batch_sweep,b1000,hybrid,default.qubit,4,2,1000,2569,0,param_grad,9,0.095260700
batch_sweep,b1000,hybrid,default.qubit,4,2,1000,2569,0,param_grad_quantum,9,0.042194600
batch_sweep,b1000,hybrid,default.qubit,4,2,1000,2569,0,param_grad_classical,9,0.053066100
batch_sweep,b100,hybrid,default.qubit,4,2,100,2569,1,forward,9,0.013773200
batch_sweep,b100,hybrid,default.qubit,4,2,100,2569,1,forward_quantum,9,0.012791200
batch_sweep,b100,hybrid,default.qubit,4,2,100,2569,1,forward_classical,9,0.000982000
batch_sweep,b100,hybrid,default.qubit,4,2,100,2569,1,first_grad,9,0.017175000
batch_sweep,b100,hybrid,default.qubit,4,2,100,2569,1,first_grad_quantum,9,0.015417100
batch_sweep,b100,hybrid,default.qubit,4,2,100,2569,1,first_grad_classical,9,0.001757900
batch_sweep,b100,hybrid,default.qubit,4,2,100,2569,1,second_grad,9,0.028172900
batch_sweep,b100,hybrid,default.qubit,4,2,100,2569,1,second_grad_quantum,9,0.019722300
batch_sweep,b100,hybrid,default.qubit,4,2,100,2569,1,second_grad_classical,9,0.008450600
batch_sweep,b100,hybrid,default.qubit,4,2,100,2569,1,param_grad,9,0.053470800
batch_sweep,b100,hybrid,default.qubit,4,2,100,2569,1,param_grad_quantum,9,0.027284500
batch_sweep,b100,hybrid,default.qubit,4,2,100,2569,1,param_grad_classical,9,0.026186300
batch_sweep,b2540,hybrid,default.qubit,4,2,2540,2569,0,forward,9,0.018070100
batch_sweep,b2540,hybrid,default.qubit,4,2,2540,2569,0,forward_quantum,9,0.017159700
batch_sweep,b2540,hybrid,default.qubit,4,2,2540,2569,0,forward_classical,9,0.000910400
batch_sweep,b2540,hybrid,default.qubit,4,2,2540,2569,0,first_grad,9,0.031885200
batch_sweep,b2540,hybrid,default.qubit,4,2,2540,2569,0,first_grad_quantum,9,0.029243000
batch_sweep,b2540,hybrid,default.qubit,4,2,2540,2569,0,first_grad_classical,9,0.002642200
batch_sweep,b2540,hybrid,default.qubit,4,2,2540,2569,0,second_grad,9,0.064922800
batch_sweep,b2540,hybrid,default.qubit,4,2,2540,2569,0,second_grad_quantum,9,0.041719900
batch_sweep,b2540,hybrid,default.qubit,4,2,2540,2569,0,second_grad_classical,9,0.023202900
batch_sweep,b2540,hybrid,default.qubit,4,2,2540,2569,0,param_grad,9,0.131321000
batch_sweep,b2540,hybrid,default.qubit,4,2,2540,2569,0,param_grad_quantum,9,0.061463100
batch_sweep,b2540,hybrid,default.qubit,4,2,2540,2569,0,param_grad_classical,9,0.069857900
batch_sweep,b5000,hybrid,default.qubit,4,2,5000,2569,2,forward,9,0.019767900
batch_sweep,b5000,hybrid,default.qubit,4,2,5000,2569,2,forward_quantum,9,0.018719700
batch_sweep,b5000,hybrid,default.qubit,4,2,5000,2569,2,forward_classical,9,0.001048200
batch_sweep,b5000,hybrid,default.qubit,4,2,5000,2569,2,first_grad,9,0.043713400
batch_sweep,b5000,hybrid,default.qubit,4,2,5000,2569,2,first_grad_quantum,9,0.040692500
batch_sweep,b5000,hybrid,default.qubit,4,2,5000,2569,2,first_grad_classical,9,0.003020900
batch_sweep,b5000,hybrid,default.qubit,4,2,5000,2569,2,second_grad,9,0.083103800
batch_sweep,b5000,hybrid,default.qubit,4,2,5000,2569,2,second_grad_quantum,9,0.057294800
batch_sweep,b5000,hybrid,default.qubit,4,2,5000,2569,2,second_grad_classical,9,0.025809000
batch_sweep,b5000,hybrid,default.qubit,4,2,5000,2569,2,param_grad,9,0.191137100
batch_sweep,b5000,hybrid,default.qubit,4,2,5000,2569,2,param_grad_quantum,9,0.079304400
batch_sweep,b5000,hybrid,default.qubit,4,2,5000,2569,2,param_grad_classical,9,0.111832700
batch_sweep,b500,hybrid,default.qubit,4,2,500,2569,0,forward,9,0.021047400
batch_sweep,b500,hybrid,default.qubit,4,2,500,2569,0,forward_quantum,9,0.016764800
batch_sweep,b500,hybrid,default.qubit,4,2,500,2569,0,forward_classical,9,0.004282600
batch_sweep,b500,hybrid,default.qubit,4,2,500,2569,0,first_grad,9,0.021506900
batch_sweep,b500,hybrid,default.qubit,4,2,500,2569,0,first_grad_quantum,9,0.019487100
batch_sweep,b500,hybrid,default.qubit,4,2,500,2569,0,first_grad_classical,9,0.002019800
batch_sweep,b500,hybrid,default.qubit,4,2,500,2569,0,second_grad,9,0.042088100
batch_sweep,b500,hybrid,default.qubit,4,2,500,2569,0,second_grad_quantum,9,0.026987300
batch_sweep,b500,hybrid,default.qubit,4,2,500,2569,0,second_grad_classical,9,0.015100800
batch_sweep,b500,hybrid,default.qubit,4,2,500,2569,0,param_grad,9,0.078225800
batch_sweep,b500,hybrid,default.qubit,4,2,500,2569,0,param_grad_quantum,9,0.037538900
batch_sweep,b500,hybrid,default.qubit,4,2,500,2569,0,param_grad_classical,9,0.040686900
batch_sweep,b5000,hybrid,default.qubit,4,2,5000,2569,0,forward,9,0.020460700
batch_sweep,b5000,hybrid,default.qubit,4,2,5000,2569,0,forward_quantum,9,0.019530000
batch_sweep,b5000,hybrid,default.qubit,4,2,5000,2569,0,forward_classical,9,0.000930700
batch_sweep,b5000,hybrid,default.qubit,4,2,5000,2569,0,first_grad,9,0.048375300
batch_sweep,b5000,hybrid,default.qubit,4,2,5000,2569,0,first_grad_quantum,9,0.045477600
batch_sweep,b5000,hybrid,default.qubit,4,2,5000,2569,0,first_grad_classical,9,0.002897700
batch_sweep,b5000,hybrid,default.qubit,4,2,5000,2569,0,second_grad,9,0.078989400
batch_sweep,b5000,hybrid,default.qubit,4,2,5000,2569,0,second_grad_quantum,9,0.053016700
batch_sweep,b5000,hybrid,default.qubit,4,2,5000,2569,0,second_grad_classical,9,0.025972700
batch_sweep,b5000,hybrid,default.qubit,4,2,5000,2569,0,param_grad,9,0.202789300
batch_sweep,b5000,hybrid,default.qubit,4,2,5000,2569,0,param_grad_quantum,9,0.084802700
batch_sweep,b5000,hybrid,default.qubit,4,2,5000,2569,0,param_grad_classical,9,0.117986600
batch_sweep,b500,hybrid,default.qubit,4,2,500,2569,2,forward,9,0.013857300
batch_sweep,b500,hybrid,default.qubit,4,2,500,2569,2,forward_quantum,9,0.013033200
batch_sweep,b500,hybrid,default.qubit,4,2,500,2569,2,forward_classical,9,0.000824100
batch_sweep,b500,hybrid,default.qubit,4,2,500,2569,2,first_grad,9,0.022212000
batch_sweep,b500,hybrid,default.qubit,4,2,500,2569,2,first_grad_quantum,9,0.020292500
batch_sweep,b500,hybrid,default.qubit,4,2,500,2569,2,first_grad_classical,9,0.001919500
batch_sweep,b500,hybrid,default.qubit,4,2,500,2569,2,second_grad,9,0.042976200
batch_sweep,b500,hybrid,default.qubit,4,2,500,2569,2,second_grad_quantum,9,0.027797200
batch_sweep,b500,hybrid,default.qubit,4,2,500,2569,2,second_grad_classical,9,0.015179000
batch_sweep,b500,hybrid,default.qubit,4,2,500,2569,2,param_grad,9,0.073470100
batch_sweep,b500,hybrid,default.qubit,4,2,500,2569,2,param_grad_quantum,9,0.034209000
batch_sweep,b500,hybrid,default.qubit,4,2,500,2569,2,param_grad_classical,9,0.039261100
batch_sweep,b1000,hybrid,default.qubit,4,2,1000,2569,0,forward,10,0.013594400
batch_sweep,b1000,hybrid,default.qubit,4,2,1000,2569,0,forward_quantum,10,0.012881400
batch_sweep,b1000,hybrid,default.qubit,4,2,1000,2569,0,forward_classical,10,0.000713000
batch_sweep,b1000,hybrid,default.qubit,4,2,1000,2569,0,first_grad,10,0.024820100
batch_sweep,b1000,hybrid,default.qubit,4,2,1000,2569,0,first_grad_quantum,10,0.022824700
batch_sweep,b1000,hybrid,default.qubit,4,2,1000,2569,0,first_grad_classical,10,0.001995400
batch_sweep,b1000,hybrid,default.qubit,4,2,1000,2569,0,second_grad,10,0.047080800
batch_sweep,b1000,hybrid,default.qubit,4,2,1000,2569,0,second_grad_quantum,10,0.032056300
batch_sweep,b1000,hybrid,default.qubit,4,2,1000,2569,0,second_grad_classical,10,0.015024500
batch_sweep,b1000,hybrid,default.qubit,4,2,1000,2569,0,param_grad,10,0.099875700
batch_sweep,b1000,hybrid,default.qubit,4,2,1000,2569,0,param_grad_quantum,10,0.045021800
batch_sweep,b1000,hybrid,default.qubit,4,2,1000,2569,0,param_grad_classical,10,0.054853900
batch_sweep,b2540,hybrid,default.qubit,4,2,2540,2569,0,forward,10,0.017246800
batch_sweep,b2540,hybrid,default.qubit,4,2,2540,2569,0,forward_quantum,10,0.016487700
batch_sweep,b2540,hybrid,default.qubit,4,2,2540,2569,0,forward_classical,10,0.000759100
batch_sweep,b2540,hybrid,default.qubit,4,2,2540,2569,0,first_grad,10,0.032103400
batch_sweep,b2540,hybrid,default.qubit,4,2,2540,2569,0,first_grad_quantum,10,0.029612400
batch_sweep,b2540,hybrid,default.qubit,4,2,2540,2569,0,first_grad_classical,10,0.002491000
batch_sweep,b2540,hybrid,default.qubit,4,2,2540,2569,0,second_grad,10,0.066986800
batch_sweep,b2540,hybrid,default.qubit,4,2,2540,2569,0,second_grad_quantum,10,0.042781000
batch_sweep,b2540,hybrid,default.qubit,4,2,2540,2569,0,second_grad_classical,10,0.024205800
batch_sweep,b2540,hybrid,default.qubit,4,2,2540,2569,0,param_grad,10,0.124837000
batch_sweep,b2540,hybrid,default.qubit,4,2,2540,2569,0,param_grad_quantum,10,0.057007700
batch_sweep,b2540,hybrid,default.qubit,4,2,2540,2569,0,param_grad_classical,10,0.067829300
batch_sweep,b5000,hybrid,default.qubit,4,2,5000,2569,0,forward,10,0.022029400
batch_sweep,b5000,hybrid,default.qubit,4,2,5000,2569,0,forward_quantum,10,0.021050500
batch_sweep,b5000,hybrid,default.qubit,4,2,5000,2569,0,forward_classical,10,0.000978900
batch_sweep,b5000,hybrid,default.qubit,4,2,5000,2569,0,first_grad,10,0.043810300
batch_sweep,b5000,hybrid,default.qubit,4,2,5000,2569,0,first_grad_quantum,10,0.038819500
batch_sweep,b5000,hybrid,default.qubit,4,2,5000,2569,0,first_grad_classical,10,0.004990800
batch_sweep,b5000,hybrid,default.qubit,4,2,5000,2569,0,second_grad,10,0.080184900
batch_sweep,b5000,hybrid,default.qubit,4,2,5000,2569,0,second_grad_quantum,10,0.051853300
batch_sweep,b5000,hybrid,default.qubit,4,2,5000,2569,0,second_grad_classical,10,0.028331600
batch_sweep,b5000,hybrid,default.qubit,4,2,5000,2569,0,param_grad,10,0.189792100
batch_sweep,b5000,hybrid,default.qubit,4,2,5000,2569,0,param_grad_quantum,10,0.079444500
batch_sweep,b5000,hybrid,default.qubit,4,2,5000,2569,0,param_grad_classical,10,0.110347600
batch_sweep,b500,hybrid,default.qubit,4,2,500,2569,1,forward,10,0.015463900
batch_sweep,b500,hybrid,default.qubit,4,2,500,2569,1,forward_quantum,10,0.014584000
batch_sweep,b500,hybrid,default.qubit,4,2,500,2569,1,forward_classical,10,0.000879900
batch_sweep,b500,hybrid,default.qubit,4,2,500,2569,1,first_grad,10,0.022442400
batch_sweep,b500,hybrid,default.qubit,4,2,500,2569,1,first_grad_quantum,10,0.018255600
batch_sweep,b500,hybrid,default.qubit,4,2,500,2569,1,first_grad_classical,10,0.004186800
batch_sweep,b500,hybrid,default.qubit,4,2,500,2569,1,second_grad,10,0.040407200
batch_sweep,b500,hybrid,default.qubit,4,2,500,2569,1,second_grad_quantum,10,0.027352800
batch_sweep,b500,hybrid,default.qubit,4,2,500,2569,1,second_grad_classical,10,0.013054400
batch_sweep,b500,hybrid,default.qubit,4,2,500,2569,1,param_grad,10,0.066615300
batch_sweep,b500,hybrid,default.qubit,4,2,500,2569,1,param_grad_quantum,10,0.032983900
batch_sweep,b500,hybrid,default.qubit,4,2,500,2569,1,param_grad_classical,10,0.033631400
batch_sweep,b500,hybrid,default.qubit,4,2,500,2569,2,forward,10,0.013285200
batch_sweep,b500,hybrid,default.qubit,4,2,500,2569,2,forward_quantum,10,0.012673000
batch_sweep,b500,hybrid,default.qubit,4,2,500,2569,2,forward_classical,10,0.000612200
batch_sweep,b500,hybrid,default.qubit,4,2,500,2569,2,first_grad,10,0.022061400
batch_sweep,b500,hybrid,default.qubit,4,2,500,2569,2,first_grad_quantum,10,0.019829400
batch_sweep,b500,hybrid,default.qubit,4,2,500,2569,2,first_grad_classical,10,0.002232000
batch_sweep,b500,hybrid,default.qubit,4,2,500,2569,2,second_grad,10,0.040385900
batch_sweep,b500,hybrid,default.qubit,4,2,500,2569,2,second_grad_quantum,10,0.028643300
batch_sweep,b500,hybrid,default.qubit,4,2,500,2569,2,second_grad_classical,10,0.011742600
batch_sweep,b500,hybrid,default.qubit,4,2,500,2569,2,param_grad,10,0.075682300
batch_sweep,b500,hybrid,default.qubit,4,2,500,2569,2,param_grad_quantum,10,0.038142100
batch_sweep,b500,hybrid,default.qubit,4,2,500,2569,2,param_grad_classical,10,0.037540200
batch_sweep,b100,hybrid,default.qubit,4,2,100,2569,1,forward,10,0.011495500
batch_sweep,b100,hybrid,default.qubit,4,2,100,2569,1,forward_quantum,10,0.010992600
batch_sweep,b100,hybrid,default.qubit,4,2,100,2569,1,forward_classical,10,0.000502900
batch_sweep,b100,hybrid,default.qubit,4,2,100,2569,1,first_grad,10,0.016298300
batch_sweep,b100,hybrid,default.qubit,4,2,100,2569,1,first_grad_quantum,10,0.014557400
batch_sweep,b100,hybrid,default.qubit,4,2,100,2569,1,first_grad_classical,10,0.001740900
batch_sweep,b100,hybrid,default.qubit,4,2,100,2569,1,second_grad,10,0.026555100
batch_sweep,b100,hybrid,default.qubit,4,2,100,2569,1,second_grad_quantum,10,0.017969800
batch_sweep,b100,hybrid,default.qubit,4,2,100,2569,1,second_grad_classical,10,0.008585300
batch_sweep,b100,hybrid,default.qubit,4,2,100,2569,1,param_grad,10,0.049385400
batch_sweep,b100,hybrid,default.qubit,4,2,100,2569,1,param_grad_quantum,10,0.025004500
batch_sweep,b100,hybrid,default.qubit,4,2,100,2569,1,param_grad_classical,10,0.024380900
batch_sweep,b1000,hybrid,default.qubit,4,2,1000,2569,1,forward,10,0.014092300
batch_sweep,b1000,hybrid,default.qubit,4,2,1000,2569,1,forward_quantum,10,0.013459000
batch_sweep,b1000,hybrid,default.qubit,4,2,1000,2569,1,forward_classical,10,0.000633300
batch_sweep,b1000,hybrid,default.qubit,4,2,1000,2569,1,first_grad,10,0.025150800
batch_sweep,b1000,hybrid,default.qubit,4,2,1000,2569,1,first_grad_quantum,10,0.023240100
batch_sweep,b1000,hybrid,default.qubit,4,2,1000,2569,1,first_grad_classical,10,0.001910700
batch_sweep,b1000,hybrid,default.qubit,4,2,1000,2569,1,second_grad,10,0.051416200
batch_sweep,b1000,hybrid,default.qubit,4,2,1000,2569,1,second_grad_quantum,10,0.032560200
batch_sweep,b1000,hybrid,default.qubit,4,2,1000,2569,1,second_grad_classical,10,0.018856000
batch_sweep,b1000,hybrid,default.qubit,4,2,1000,2569,1,param_grad,10,0.098047200
batch_sweep,b1000,hybrid,default.qubit,4,2,1000,2569,1,param_grad_quantum,10,0.045051200
batch_sweep,b1000,hybrid,default.qubit,4,2,1000,2569,1,param_grad_classical,10,0.052996000
batch_sweep,b5000,hybrid,default.qubit,4,2,5000,2569,2,forward,10,0.021704900
batch_sweep,b5000,hybrid,default.qubit,4,2,5000,2569,2,forward_quantum,10,0.020328600
batch_sweep,b5000,hybrid,default.qubit,4,2,5000,2569,2,forward_classical,10,0.001376300
batch_sweep,b5000,hybrid,default.qubit,4,2,5000,2569,2,first_grad,10,0.049164100
batch_sweep,b5000,hybrid,default.qubit,4,2,5000,2569,2,first_grad_quantum,10,0.045885700
batch_sweep,b5000,hybrid,default.qubit,4,2,5000,2569,2,first_grad_classical,10,0.003278400
batch_sweep,b5000,hybrid,default.qubit,4,2,5000,2569,2,second_grad,10,0.091944000
batch_sweep,b5000,hybrid,default.qubit,4,2,5000,2569,2,second_grad_quantum,10,0.060804800
batch_sweep,b5000,hybrid,default.qubit,4,2,5000,2569,2,second_grad_classical,10,0.031139200
batch_sweep,b5000,hybrid,default.qubit,4,2,5000,2569,2,param_grad,10,0.205409700
batch_sweep,b5000,hybrid,default.qubit,4,2,5000,2569,2,param_grad_quantum,10,0.087656100
batch_sweep,b5000,hybrid,default.qubit,4,2,5000,2569,2,param_grad_classical,10,0.117753600
batch_sweep,b500,hybrid,default.qubit,4,2,500,2569,0,forward,10,0.013967400
batch_sweep,b500,hybrid,default.qubit,4,2,500,2569,0,forward_quantum,10,0.012994000
batch_sweep,b500,hybrid,default.qubit,4,2,500,2569,0,forward_classical,10,0.000973400
batch_sweep,b500,hybrid,default.qubit,4,2,500,2569,0,first_grad,10,0.025551800
batch_sweep,b500,hybrid,default.qubit,4,2,500,2569,0,first_grad_quantum,10,0.020580000
batch_sweep,b500,hybrid,default.qubit,4,2,500,2569,0,first_grad_classical,10,0.004971800
batch_sweep,b500,hybrid,default.qubit,4,2,500,2569,0,second_grad,10,0.041237400
batch_sweep,b500,hybrid,default.qubit,4,2,500,2569,0,second_grad_quantum,10,0.026484200
batch_sweep,b500,hybrid,default.qubit,4,2,500,2569,0,second_grad_classical,10,0.014753200
batch_sweep,b500,hybrid,default.qubit,4,2,500,2569,0,param_grad,10,0.072448500
batch_sweep,b500,hybrid,default.qubit,4,2,500,2569,0,param_grad_quantum,10,0.037486800
batch_sweep,b500,hybrid,default.qubit,4,2,500,2569,0,param_grad_classical,10,0.034961700
batch_sweep,b1000,hybrid,default.qubit,4,2,1000,2569,2,forward,10,0.014351000
batch_sweep,b1000,hybrid,default.qubit,4,2,1000,2569,2,forward_quantum,10,0.013700600
batch_sweep,b1000,hybrid,default.qubit,4,2,1000,2569,2,forward_classical,10,0.000650400
batch_sweep,b1000,hybrid,default.qubit,4,2,1000,2569,2,first_grad,10,0.024620700
batch_sweep,b1000,hybrid,default.qubit,4,2,1000,2569,2,first_grad_quantum,10,0.022624900
batch_sweep,b1000,hybrid,default.qubit,4,2,1000,2569,2,first_grad_classical,10,0.001995800
batch_sweep,b1000,hybrid,default.qubit,4,2,1000,2569,2,second_grad,10,0.049524300
batch_sweep,b1000,hybrid,default.qubit,4,2,1000,2569,2,second_grad_quantum,10,0.032038500
batch_sweep,b1000,hybrid,default.qubit,4,2,1000,2569,2,second_grad_classical,10,0.017485800
batch_sweep,b1000,hybrid,default.qubit,4,2,1000,2569,2,param_grad,10,0.097638800
batch_sweep,b1000,hybrid,default.qubit,4,2,1000,2569,2,param_grad_quantum,10,0.042759800
batch_sweep,b1000,hybrid,default.qubit,4,2,1000,2569,2,param_grad_classical,10,0.054879000
batch_sweep,b2540,hybrid,default.qubit,4,2,2540,2569,1,forward,10,0.019224400
batch_sweep,b2540,hybrid,default.qubit,4,2,2540,2569,1,forward_quantum,10,0.018394400
batch_sweep,b2540,hybrid,default.qubit,4,2,2540,2569,1,forward_classical,10,0.000830000
batch_sweep,b2540,hybrid,default.qubit,4,2,2540,2569,1,first_grad,10,0.033602200
batch_sweep,b2540,hybrid,default.qubit,4,2,2540,2569,1,first_grad_quantum,10,0.031055400
batch_sweep,b2540,hybrid,default.qubit,4,2,2540,2569,1,first_grad_classical,10,0.002546800
batch_sweep,b2540,hybrid,default.qubit,4,2,2540,2569,1,second_grad,10,0.067673400
batch_sweep,b2540,hybrid,default.qubit,4,2,2540,2569,1,second_grad_quantum,10,0.043282700
batch_sweep,b2540,hybrid,default.qubit,4,2,2540,2569,1,second_grad_classical,10,0.024390700
batch_sweep,b2540,hybrid,default.qubit,4,2,2540,2569,1,param_grad,10,0.128049600
batch_sweep,b2540,hybrid,default.qubit,4,2,2540,2569,1,param_grad_quantum,10,0.057033800
batch_sweep,b2540,hybrid,default.qubit,4,2,2540,2569,1,param_grad_classical,10,0.071015800
batch_sweep,b100,hybrid,default.qubit,4,2,100,2569,2,forward,10,0.010929500
batch_sweep,b100,hybrid,default.qubit,4,2,100,2569,2,forward_quantum,10,0.010386200
batch_sweep,b100,hybrid,default.qubit,4,2,100,2569,2,forward_classical,10,0.000543300
batch_sweep,b100,hybrid,default.qubit,4,2,100,2569,2,first_grad,10,0.017376700
batch_sweep,b100,hybrid,default.qubit,4,2,100,2569,2,first_grad_quantum,10,0.015648700
batch_sweep,b100,hybrid,default.qubit,4,2,100,2569,2,first_grad_classical,10,0.001728000
batch_sweep,b100,hybrid,default.qubit,4,2,100,2569,2,second_grad,10,0.028926000
batch_sweep,b100,hybrid,default.qubit,4,2,100,2569,2,second_grad_quantum,10,0.018785700
batch_sweep,b100,hybrid,default.qubit,4,2,100,2569,2,second_grad_classical,10,0.010140300
batch_sweep,b100,hybrid,default.qubit,4,2,100,2569,2,param_grad,10,0.051504200
batch_sweep,b100,hybrid,default.qubit,4,2,100,2569,2,param_grad_quantum,10,0.027445500
batch_sweep,b100,hybrid,default.qubit,4,2,100,2569,2,param_grad_classical,10,0.024058700
batch_sweep,b5000,hybrid,default.qubit,4,2,5000,2569,1,forward,10,0.018641600
batch_sweep,b5000,hybrid,default.qubit,4,2,5000,2569,1,forward_quantum,10,0.017484600
batch_sweep,b5000,hybrid,default.qubit,4,2,5000,2569,1,forward_classical,10,0.001157000
batch_sweep,b5000,hybrid,default.qubit,4,2,5000,2569,1,first_grad,10,0.043649900
batch_sweep,b5000,hybrid,default.qubit,4,2,5000,2569,1,first_grad_quantum,10,0.040243900
batch_sweep,b5000,hybrid,default.qubit,4,2,5000,2569,1,first_grad_classical,10,0.003406000
batch_sweep,b5000,hybrid,default.qubit,4,2,5000,2569,1,second_grad,10,0.089497800
batch_sweep,b5000,hybrid,default.qubit,4,2,5000,2569,1,second_grad_quantum,10,0.057508200
batch_sweep,b5000,hybrid,default.qubit,4,2,5000,2569,1,second_grad_classical,10,0.031989600
batch_sweep,b5000,hybrid,default.qubit,4,2,5000,2569,1,param_grad,10,0.185627600
batch_sweep,b5000,hybrid,default.qubit,4,2,5000,2569,1,param_grad_quantum,10,0.077712400
batch_sweep,b5000,hybrid,default.qubit,4,2,5000,2569,1,param_grad_classical,10,0.107915200
batch_sweep,b2540,hybrid,default.qubit,4,2,2540,2569,2,forward,10,0.015072300
batch_sweep,b2540,hybrid,default.qubit,4,2,2540,2569,2,forward_quantum,10,0.014351900
batch_sweep,b2540,hybrid,default.qubit,4,2,2540,2569,2,forward_classical,10,0.000720400
batch_sweep,b2540,hybrid,default.qubit,4,2,2540,2569,2,first_grad,10,0.035754700
batch_sweep,b2540,hybrid,default.qubit,4,2,2540,2569,2,first_grad_quantum,10,0.029261200
batch_sweep,b2540,hybrid,default.qubit,4,2,2540,2569,2,first_grad_classical,10,0.006493500
batch_sweep,b2540,hybrid,default.qubit,4,2,2540,2569,2,second_grad,10,0.070330600
batch_sweep,b2540,hybrid,default.qubit,4,2,2540,2569,2,second_grad_quantum,10,0.046133300
batch_sweep,b2540,hybrid,default.qubit,4,2,2540,2569,2,second_grad_classical,10,0.024197300
batch_sweep,b2540,hybrid,default.qubit,4,2,2540,2569,2,param_grad,10,0.134506100
batch_sweep,b2540,hybrid,default.qubit,4,2,2540,2569,2,param_grad_quantum,10,0.061024900
batch_sweep,b2540,hybrid,default.qubit,4,2,2540,2569,2,param_grad_classical,10,0.073481200
batch_sweep,b100,hybrid,default.qubit,4,2,100,2569,0,forward,10,0.012644000
batch_sweep,b100,hybrid,default.qubit,4,2,100,2569,0,forward_quantum,10,0.009447600
batch_sweep,b100,hybrid,default.qubit,4,2,100,2569,0,forward_classical,10,0.003196400
batch_sweep,b100,hybrid,default.qubit,4,2,100,2569,0,first_grad,10,0.014444700
batch_sweep,b100,hybrid,default.qubit,4,2,100,2569,0,first_grad_quantum,10,0.013019600
batch_sweep,b100,hybrid,default.qubit,4,2,100,2569,0,first_grad_classical,10,0.001425100
batch_sweep,b100,hybrid,default.qubit,4,2,100,2569,0,second_grad,10,0.029339800
batch_sweep,b100,hybrid,default.qubit,4,2,100,2569,0,second_grad_quantum,10,0.018848900
batch_sweep,b100,hybrid,default.qubit,4,2,100,2569,0,second_grad_classical,10,0.010490900
batch_sweep,b100,hybrid,default.qubit,4,2,100,2569,0,param_grad,10,0.047444700
batch_sweep,b100,hybrid,default.qubit,4,2,100,2569,0,param_grad_quantum,10,0.024574300
batch_sweep,b100,hybrid,default.qubit,4,2,100,2569,0,param_grad_classical,10,0.022870400
batch_sweep,b5000,hybrid,default.qubit,4,2,5000,2569,0,forward,11,0.020247500
batch_sweep,b5000,hybrid,default.qubit,4,2,5000,2569,0,forward_quantum,11,0.019177900
batch_sweep,b5000,hybrid,default.qubit,4,2,5000,2569,0,forward_classical,11,0.001069600
batch_sweep,b5000,hybrid,default.qubit,4,2,5000,2569,0,first_grad,11,0.048848500
batch_sweep,b5000,hybrid,default.qubit,4,2,5000,2569,0,first_grad_quantum,11,0.045725400
batch_sweep,b5000,hybrid,default.qubit,4,2,5000,2569,0,first_grad_classical,11,0.003123100
batch_sweep,b5000,hybrid,default.qubit,4,2,5000,2569,0,second_grad,11,0.080544500
batch_sweep,b5000,hybrid,default.qubit,4,2,5000,2569,0,second_grad_quantum,11,0.055924900
batch_sweep,b5000,hybrid,default.qubit,4,2,5000,2569,0,second_grad_classical,11,0.024619600
batch_sweep,b5000,hybrid,default.qubit,4,2,5000,2569,0,param_grad,11,0.207609200
batch_sweep,b5000,hybrid,default.qubit,4,2,5000,2569,0,param_grad_quantum,11,0.083906500
batch_sweep,b5000,hybrid,default.qubit,4,2,5000,2569,0,param_grad_classical,11,0.123702700
batch_sweep,b500,hybrid,default.qubit,4,2,500,2569,1,forward,11,0.012245800
batch_sweep,b500,hybrid,default.qubit,4,2,500,2569,1,forward_quantum,11,0.011212800
batch_sweep,b500,hybrid,default.qubit,4,2,500,2569,1,forward_classical,11,0.001033000
batch_sweep,b500,hybrid,default.qubit,4,2,500,2569,1,first_grad,11,0.024819800
batch_sweep,b500,hybrid,default.qubit,4,2,500,2569,1,first_grad_quantum,11,0.020047900
batch_sweep,b500,hybrid,default.qubit,4,2,500,2569,1,first_grad_classical,11,0.004771900
batch_sweep,b500,hybrid,default.qubit,4,2,500,2569,1,second_grad,11,0.036590000
batch_sweep,b500,hybrid,default.qubit,4,2,500,2569,1,second_grad_quantum,11,0.025634600
batch_sweep,b500,hybrid,default.qubit,4,2,500,2569,1,second_grad_classical,11,0.010955400
batch_sweep,b500,hybrid,default.qubit,4,2,500,2569,1,param_grad,11,0.071669200
batch_sweep,b500,hybrid,default.qubit,4,2,500,2569,1,param_grad_quantum,11,0.034474800
batch_sweep,b500,hybrid,default.qubit,4,2,500,2569,1,param_grad_classical,11,0.037194400
batch_sweep,b1000,hybrid,default.qubit,4,2,1000,2569,1,forward,11,0.015777300
batch_sweep,b1000,hybrid,default.qubit,4,2,1000,2569,1,forward_quantum,11,0.015106200
batch_sweep,b1000,hybrid,default.qubit,4,2,1000,2569,1,forward_classical,11,0.000671100
batch_sweep,b1000,hybrid,default.qubit,4,2,1000,2569,1,first_grad,11,0.026500700
batch_sweep,b1000,hybrid,default.qubit,4,2,1000,2569,1,first_grad_quantum,11,0.024202100
batch_sweep,b1000,hybrid,default.qubit,4,2,1000,2569,1,first_grad_classical,11,0.002298600
batch_sweep,b1000,hybrid,default.qubit,4,2,1000,2569,1,second_grad,11,0.048435500
batch_sweep,b1000,hybrid,default.qubit,4,2,1000,2569,1,second_grad_quantum,11,0.032796200
batch_sweep,b1000,hybrid,default.qubit,4,2,1000,2569,1,second_grad_classical,11,0.015639300
batch_sweep,b1000,hybrid,default.qubit,4,2,1000,2569,1,param_grad,11,0.098982600
batch_sweep,b1000,hybrid,default.qubit,4,2,1000,2569,1,param_grad_quantum,11,0.045252100
batch_sweep,b1000,hybrid,default.qubit,4,2,1000,2569,1,param_grad_classical,11,0.053730500
batch_sweep,b1000,hybrid,default.qubit,4,2,1000,2569,2,forward,11,0.015058500
batch_sweep,b1000,hybrid,default.qubit,4,2,1000,2569,2,forward_quantum,11,0.014348500
batch_sweep,b1000,hybrid,default.qubit,4,2,1000,2569,2,forward_classical,11,0.000710000
batch_sweep,b1000,hybrid,default.qubit,4,2,1000,2569,2,first_grad,11,0.024882400
batch_sweep,b1000,hybrid,default.qubit,4,2,1000,2569,2,first_grad_quantum,11,0.022713000
batch_sweep,b1000,hybrid,default.qubit,4,2,1000,2569,2,first_grad_classical,11,0.002169400
batch_sweep,b1000,hybrid,default.qubit,4,2,1000,2569,2,second_grad,11,0.045988500
batch_sweep,b1000,hybrid,default.qubit,4,2,1000,2569,2,second_grad_quantum,11,0.031779000
batch_sweep,b1000,hybrid,default.qubit,4,2,1000,2569,2,second_grad_classical,11,0.014209500
batch_sweep,b1000,hybrid,default.qubit,4,2,1000,2569,2,param_grad,11,0.095979100
batch_sweep,b1000,hybrid,default.qubit,4,2,1000,2569,2,param_grad_quantum,11,0.045458000
batch_sweep,b1000,hybrid,default.qubit,4,2,1000,2569,2,param_grad_classical,11,0.050521100
batch_sweep,b2540,hybrid,default.qubit,4,2,2540,2569,1,forward,11,0.016732600
batch_sweep,b2540,hybrid,default.qubit,4,2,2540,2569,1,forward_quantum,11,0.015698100
batch_sweep,b2540,hybrid,default.qubit,4,2,2540,2569,1,forward_classical,11,0.001034500
batch_sweep,b2540,hybrid,default.qubit,4,2,2540,2569,1,first_grad,11,0.034583500
batch_sweep,b2540,hybrid,default.qubit,4,2,2540,2569,1,first_grad_quantum,11,0.031465100
batch_sweep,b2540,hybrid,default.qubit,4,2,2540,2569,1,first_grad_classical,11,0.003118400
batch_sweep,b2540,hybrid,default.qubit,4,2,2540,2569,1,second_grad,11,0.068991700
batch_sweep,b2540,hybrid,default.qubit,4,2,2540,2569,1,second_grad_quantum,11,0.044664300
batch_sweep,b2540,hybrid,default.qubit,4,2,2540,2569,1,second_grad_classical,11,0.024327400
batch_sweep,b2540,hybrid,default.qubit,4,2,2540,2569,1,param_grad,11,0.132460700
batch_sweep,b2540,hybrid,default.qubit,4,2,2540,2569,1,param_grad_quantum,11,0.055944000
batch_sweep,b2540,hybrid,default.qubit,4,2,2540,2569,1,param_grad_classical,11,0.076516700
batch_sweep,b100,hybrid,default.qubit,4,2,100,2569,2,forward,11,0.012720600
batch_sweep,b100,hybrid,default.qubit,4,2,100,2569,2,forward_quantum,11,0.008862200
batch_sweep,b100,hybrid,default.qubit,4,2,100,2569,2,forward_classical,11,0.003858400
batch_sweep,b100,hybrid,default.qubit,4,2,100,2569,2,first_grad,11,0.015162500
batch_sweep,b100,hybrid,default.qubit,4,2,100,2569,2,first_grad_quantum,11,0.013517000
batch_sweep,b100,hybrid,default.qubit,4,2,100,2569,2,first_grad_classical,11,0.001645500
batch_sweep,b100,hybrid,default.qubit,4,2,100,2569,2,second_grad,11,0.028864700
batch_sweep,b100,hybrid,default.qubit,4,2,100,2569,2,second_grad_quantum,11,0.018069200
batch_sweep,b100,hybrid,default.qubit,4,2,100,2569,2,second_grad_classical,11,0.010795500
batch_sweep,b100,hybrid,default.qubit,4,2,100,2569,2,param_grad,11,0.050643900
batch_sweep,b100,hybrid,default.qubit,4,2,100,2569,2,param_grad_quantum,11,0.027728500
batch_sweep,b100,hybrid,default.qubit,4,2,100,2569,2,param_grad_classical,11,0.022915400
batch_sweep,b5000,hybrid,default.qubit,4,2,5000,2569,2,forward,11,0.020566900
batch_sweep,b5000,hybrid,default.qubit,4,2,5000,2569,2,forward_quantum,11,0.018838500
batch_sweep,b5000,hybrid,default.qubit,4,2,5000,2569,2,forward_classical,11,0.001728400
batch_sweep,b5000,hybrid,default.qubit,4,2,5000,2569,2,first_grad,11,0.044503700
batch_sweep,b5000,hybrid,default.qubit,4,2,5000,2569,2,first_grad_quantum,11,0.041100700
batch_sweep,b5000,hybrid,default.qubit,4,2,5000,2569,2,first_grad_classical,11,0.003403000
batch_sweep,b5000,hybrid,default.qubit,4,2,5000,2569,2,second_grad,11,0.085980200
batch_sweep,b5000,hybrid,default.qubit,4,2,5000,2569,2,second_grad_quantum,11,0.053720000
batch_sweep,b5000,hybrid,default.qubit,4,2,5000,2569,2,second_grad_classical,11,0.032260200
batch_sweep,b5000,hybrid,default.qubit,4,2,5000,2569,2,param_grad,11,0.191739400
batch_sweep,b5000,hybrid,default.qubit,4,2,5000,2569,2,param_grad_quantum,11,0.078855000
batch_sweep,b5000,hybrid,default.qubit,4,2,5000,2569,2,param_grad_classical,11,0.112884400
batch_sweep,b1000,hybrid,default.qubit,4,2,1000,2569,0,forward,11,0.014741500
batch_sweep,b1000,hybrid,default.qubit,4,2,1000,2569,0,forward_quantum,11,0.014115900
batch_sweep,b1000,hybrid,default.qubit,4,2,1000,2569,0,forward_classical,11,0.000625600
batch_sweep,b1000,hybrid,default.qubit,4,2,1000,2569,0,first_grad,11,0.027852700
batch_sweep,b1000,hybrid,default.qubit,4,2,1000,2569,0,first_grad_quantum,11,0.023123000
batch_sweep,b1000,hybrid,default.qubit,4,2,1000,2569,0,first_grad_classical,11,0.004729700
batch_sweep,b1000,hybrid,default.qubit,4,2,1000,2569,0,second_grad,11,0.047009600
batch_sweep,b1000,hybrid,default.qubit,4,2,1000,2569,0,second_grad_quantum,11,0.029520300
batch_sweep,b1000,hybrid,default.qubit,4,2,1000,2569,0,second_grad_classical,11,0.017489300
batch_sweep,b1000,hybrid,default.qubit,4,2,1000,2569,0,param_grad,11,0.089543700
batch_sweep,b1000,hybrid,default.qubit,4,2,1000,2569,0,param_grad_quantum,11,0.040721200
batch_sweep,b1000,hybrid,default.qubit,4,2,1000,2569,0,param_grad_classical,11,0.048822500
batch_sweep,b2540,hybrid,default.qubit,4,2,2540,2569,0,forward,11,0.016664200
batch_sweep,b2540,hybrid,default.qubit,4,2,2540,2569,0,forward_quantum,11,0.015879000
batch_sweep,b2540,hybrid,default.qubit,4,2,2540,2569,0,forward_classical,11,0.000785200
batch_sweep,b2540,hybrid,default.qubit,4,2,2540,2569,0,first_grad,11,0.033350000
batch_sweep,b2540,hybrid,default.qubit,4,2,2540,2569,0,first_grad_quantum,11,0.030657300
batch_sweep,b2540,hybrid,default.qubit,4,2,2540,2569,0,first_grad_classical,11,0.002692700
batch_sweep,b2540,hybrid,default.qubit,4,2,2540,2569,0,second_grad,11,0.069751300
batch_sweep,b2540,hybrid,default.qubit,4,2,2540,2569,0,second_grad_quantum,11,0.043535300
batch_sweep,b2540,hybrid,default.qubit,4,2,2540,2569,0,second_grad_classical,11,0.026216000
batch_sweep,b2540,hybrid,default.qubit,4,2,2540,2569,0,param_grad,11,0.133511500
batch_sweep,b2540,hybrid,default.qubit,4,2,2540,2569,0,param_grad_quantum,11,0.058882300
batch_sweep,b2540,hybrid,default.qubit,4,2,2540,2569,0,param_grad_classical,11,0.074629200
batch_sweep,b500,hybrid,default.qubit,4,2,500,2569,2,forward,11,0.015905000
batch_sweep,b500,hybrid,default.qubit,4,2,500,2569,2,forward_quantum,11,0.012356900
batch_sweep,b500,hybrid,default.qubit,4,2,500,2569,2,forward_classical,11,0.003548100
batch_sweep,b500,hybrid,default.qubit,4,2,500,2569,2,first_grad,11,0.023286200
batch_sweep,b500,hybrid,default.qubit,4,2,500,2569,2,first_grad_quantum,11,0.019063100
batch_sweep,b500,hybrid,default.qubit,4,2,500,2569,2,first_grad_classical,11,0.004223100
batch_sweep,b500,hybrid,default.qubit,4,2,500,2569,2,second_grad,11,0.044000800
batch_sweep,b500,hybrid,default.qubit,4,2,500,2569,2,second_grad_quantum,11,0.030214900
batch_sweep,b500,hybrid,default.qubit,4,2,500,2569,2,second_grad_classical,11,0.013785900
batch_sweep,b500,hybrid,default.qubit,4,2,500,2569,2,param_grad,11,0.076597900
batch_sweep,b500,hybrid,default.qubit,4,2,500,2569,2,param_grad_quantum,11,0.037137100
batch_sweep,b500,hybrid,default.qubit,4,2,500,2569,2,param_grad_classical,11,0.039460800
batch_sweep,b5000,hybrid,default.qubit,4,2,5000,2569,1,forward,11,0.020608900
batch_sweep,b5000,hybrid,default.qubit,4,2,5000,2569,1,forward_quantum,11,0.019592100
batch_sweep,b5000,hybrid,default.qubit,4,2,5000,2569,1,forward_classical,11,0.001016800
batch_sweep,b5000,hybrid,default.qubit,4,2,5000,2569,1,first_grad,11,0.050855100
batch_sweep,b5000,hybrid,default.qubit,4,2,5000,2569,1,first_grad_quantum,11,0.046962800
batch_sweep,b5000,hybrid,default.qubit,4,2,5000,2569,1,first_grad_classical,11,0.003892300
batch_sweep,b5000,hybrid,default.qubit,4,2,5000,2569,1,second_grad,11,0.091757700
batch_sweep,b5000,hybrid,default.qubit,4,2,5000,2569,1,second_grad_quantum,11,0.060041600
batch_sweep,b5000,hybrid,default.qubit,4,2,5000,2569,1,second_grad_classical,11,0.031716100
batch_sweep,b5000,hybrid,default.qubit,4,2,5000,2569,1,param_grad,11,0.195299300
batch_sweep,b5000,hybrid,default.qubit,4,2,5000,2569,1,param_grad_quantum,11,0.077590500
batch_sweep,b5000,hybrid,default.qubit,4,2,5000,2569,1,param_grad_classical,11,0.117708800
batch_sweep,b100,hybrid,default.qubit,4,2,100,2569,0,forward,11,0.013358500
batch_sweep,b100,hybrid,default.qubit,4,2,100,2569,0,forward_quantum,11,0.010314100
batch_sweep,b100,hybrid,default.qubit,4,2,100,2569,0,forward_classical,11,0.003044400
batch_sweep,b100,hybrid,default.qubit,4,2,100,2569,0,first_grad,11,0.015466400
batch_sweep,b100,hybrid,default.qubit,4,2,100,2569,0,first_grad_quantum,11,0.013954500
batch_sweep,b100,hybrid,default.qubit,4,2,100,2569,0,first_grad_classical,11,0.001511900
batch_sweep,b100,hybrid,default.qubit,4,2,100,2569,0,second_grad,11,0.028029200
batch_sweep,b100,hybrid,default.qubit,4,2,100,2569,0,second_grad_quantum,11,0.019631600
batch_sweep,b100,hybrid,default.qubit,4,2,100,2569,0,second_grad_classical,11,0.008397600
batch_sweep,b100,hybrid,default.qubit,4,2,100,2569,0,param_grad,11,0.051250700
batch_sweep,b100,hybrid,default.qubit,4,2,100,2569,0,param_grad_quantum,11,0.026773900
batch_sweep,b100,hybrid,default.qubit,4,2,100,2569,0,param_grad_classical,11,0.024476800
batch_sweep,b500,hybrid,default.qubit,4,2,500,2569,0,forward,11,0.012328700
batch_sweep,b500,hybrid,default.qubit,4,2,500,2569,0,forward_quantum,11,0.011808100
batch_sweep,b500,hybrid,default.qubit,4,2,500,2569,0,forward_classical,11,0.000520600
batch_sweep,b500,hybrid,default.qubit,4,2,500,2569,0,first_grad,11,0.021722900
batch_sweep,b500,hybrid,default.qubit,4,2,500,2569,0,first_grad_quantum,11,0.019999800
batch_sweep,b500,hybrid,default.qubit,4,2,500,2569,0,first_grad_classical,11,0.001723100
batch_sweep,b500,hybrid,default.qubit,4,2,500,2569,0,second_grad,11,0.035480100
batch_sweep,b500,hybrid,default.qubit,4,2,500,2569,0,second_grad_quantum,11,0.024255000
batch_sweep,b500,hybrid,default.qubit,4,2,500,2569,0,second_grad_classical,11,0.011225100
batch_sweep,b500,hybrid,default.qubit,4,2,500,2569,0,param_grad,11,0.071769300
batch_sweep,b500,hybrid,default.qubit,4,2,500,2569,0,param_grad_quantum,11,0.036228100
batch_sweep,b500,hybrid,default.qubit,4,2,500,2569,0,param_grad_classical,11,0.035541200
batch_sweep,b2540,hybrid,default.qubit,4,2,2540,2569,2,forward,11,0.017839800
batch_sweep,b2540,hybrid,default.qubit,4,2,2540,2569,2,forward_quantum,11,0.017096900
batch_sweep,b2540,hybrid,default.qubit,4,2,2540,2569,2,forward_classical,11,0.000742900
batch_sweep,b2540,hybrid,default.qubit,4,2,2540,2569,2,first_grad,11,0.034818600
batch_sweep,b2540,hybrid,default.qubit,4,2,2540,2569,2,first_grad_quantum,11,0.030097600
batch_sweep,b2540,hybrid,default.qubit,4,2,2540,2569,2,first_grad_classical,11,0.004721000
batch_sweep,b2540,hybrid,default.qubit,4,2,2540,2569,2,second_grad,11,0.067755600
batch_sweep,b2540,hybrid,default.qubit,4,2,2540,2569,2,second_grad_quantum,11,0.045880400
batch_sweep,b2540,hybrid,default.qubit,4,2,2540,2569,2,second_grad_classical,11,0.021875200
batch_sweep,b2540,hybrid,default.qubit,4,2,2540,2569,2,param_grad,11,0.135086100
batch_sweep,b2540,hybrid,default.qubit,4,2,2540,2569,2,param_grad_quantum,11,0.059669800
batch_sweep,b2540,hybrid,default.qubit,4,2,2540,2569,2,param_grad_classical,11,0.075416300
batch_sweep,b100,hybrid,default.qubit,4,2,100,2569,1,forward,11,0.012706500
batch_sweep,b100,hybrid,default.qubit,4,2,100,2569,1,forward_quantum,11,0.009463400
batch_sweep,b100,hybrid,default.qubit,4,2,100,2569,1,forward_classical,11,0.003243100
batch_sweep,b100,hybrid,default.qubit,4,2,100,2569,1,first_grad,11,0.017399200
batch_sweep,b100,hybrid,default.qubit,4,2,100,2569,1,first_grad_quantum,11,0.015646800
batch_sweep,b100,hybrid,default.qubit,4,2,100,2569,1,first_grad_classical,11,0.001752400
batch_sweep,b100,hybrid,default.qubit,4,2,100,2569,1,second_grad,11,0.027564700
batch_sweep,b100,hybrid,default.qubit,4,2,100,2569,1,second_grad_quantum,11,0.019315600
batch_sweep,b100,hybrid,default.qubit,4,2,100,2569,1,second_grad_classical,11,0.008249100
batch_sweep,b100,hybrid,default.qubit,4,2,100,2569,1,param_grad,11,0.046424100
batch_sweep,b100,hybrid,default.qubit,4,2,100,2569,1,param_grad_quantum,11,0.024416900
batch_sweep,b100,hybrid,default.qubit,4,2,100,2569,1,param_grad_classical,11,0.022007200
batch_sweep,b1000,hybrid,default.qubit,4,2,1000,2569,1,forward,12,0.017903900
batch_sweep,b1000,hybrid,default.qubit,4,2,1000,2569,1,forward_quantum,12,0.013924500
batch_sweep,b1000,hybrid,default.qubit,4,2,1000,2569,1,forward_classical,12,0.003979400
batch_sweep,b1000,hybrid,default.qubit,4,2,1000,2569,1,first_grad,12,0.026753400
batch_sweep,b1000,hybrid,default.qubit,4,2,1000,2569,1,first_grad_quantum,12,0.024740300
batch_sweep,b1000,hybrid,default.qubit,4,2,1000,2569,1,first_grad_classical,12,0.002013100
batch_sweep,b1000,hybrid,default.qubit,4,2,1000,2569,1,second_grad,12,0.049006300
batch_sweep,b1000,hybrid,default.qubit,4,2,1000,2569,1,second_grad_quantum,12,0.030718900
batch_sweep,b1000,hybrid,default.qubit,4,2,1000,2569,1,second_grad_classical,12,0.018287400
batch_sweep,b1000,hybrid,default.qubit,4,2,1000,2569,1,param_grad,12,0.093800100
batch_sweep,b1000,hybrid,default.qubit,4,2,1000,2569,1,param_grad_quantum,12,0.042983300
batch_sweep,b1000,hybrid,default.qubit,4,2,1000,2569,1,param_grad_classical,12,0.050816800
batch_sweep,b2540,hybrid,default.qubit,4,2,2540,2569,0,forward,12,0.016174300
batch_sweep,b2540,hybrid,default.qubit,4,2,2540,2569,0,forward_quantum,12,0.015413200
batch_sweep,b2540,hybrid,default.qubit,4,2,2540,2569,0,forward_classical,12,0.000761100
batch_sweep,b2540,hybrid,default.qubit,4,2,2540,2569,0,first_grad,12,0.030766300
batch_sweep,b2540,hybrid,default.qubit,4,2,2540,2569,0,first_grad_quantum,12,0.028518200
batch_sweep,b2540,hybrid,default.qubit,4,2,2540,2569,0,first_grad_classical,12,0.002248100
batch_sweep,b2540,hybrid,default.qubit,4,2,2540,2569,0,second_grad,12,0.060966800
batch_sweep,b2540,hybrid,default.qubit,4,2,2540,2569,0,second_grad_quantum,12,0.038287800
batch_sweep,b2540,hybrid,default.qubit,4,2,2540,2569,0,second_grad_classical,12,0.022679000
batch_sweep,b2540,hybrid,default.qubit,4,2,2540,2569,0,param_grad,12,0.127254900
batch_sweep,b2540,hybrid,default.qubit,4,2,2540,2569,0,param_grad_quantum,12,0.054226500
batch_sweep,b2540,hybrid,default.qubit,4,2,2540,2569,0,param_grad_classical,12,0.073028400
batch_sweep,b100,hybrid,default.qubit,4,2,100,2569,1,forward,12,0.013002800
batch_sweep,b100,hybrid,default.qubit,4,2,100,2569,1,forward_quantum,12,0.009969000
batch_sweep,b100,hybrid,default.qubit,4,2,100,2569,1,forward_classical,12,0.003033800
batch_sweep,b100,hybrid,default.qubit,4,2,100,2569,1,first_grad,12,0.018400100
batch_sweep,b100,hybrid,default.qubit,4,2,100,2569,1,first_grad_quantum,12,0.016586900
batch_sweep,b100,hybrid,default.qubit,4,2,100,2569,1,first_grad_classical,12,0.001813200
batch_sweep,b100,hybrid,default.qubit,4,2,100,2569,1,second_grad,12,0.023859400
batch_sweep,b100,hybrid,default.qubit,4,2,100,2569,1,second_grad_quantum,12,0.016824000
batch_sweep,b100,hybrid,default.qubit,4,2,100,2569,1,second_grad_classical,12,0.007035400
batch_sweep,b100,hybrid,default.qubit,4,2,100,2569,1,param_grad,12,0.051755000
batch_sweep,b100,hybrid,default.qubit,4,2,100,2569,1,param_grad_quantum,12,0.027485300
batch_sweep,b100,hybrid,default.qubit,4,2,100,2569,1,param_grad_classical,12,0.024269700
batch_sweep,b1000,hybrid,default.qubit,4,2,1000,2569,0,forward,12,0.014137300
batch_sweep,b1000,hybrid,default.qubit,4,2,1000,2569,0,forward_quantum,12,0.013250900
batch_sweep,b1000,hybrid,default.qubit,4,2,1000,2569,0,forward_classical,12,0.000886400
batch_sweep,b1000,hybrid,default.qubit,4,2,1000,2569,0,first_grad,12,0.025257600
batch_sweep,b1000,hybrid,default.qubit,4,2,1000,2569,0,first_grad_quantum,12,0.023411400
batch_sweep,b1000,hybrid,default.qubit,4,2,1000,2569,0,first_grad_classical,12,0.001846200
batch_sweep,b1000,hybrid,default.qubit,4,2,1000,2569,0,second_grad,12,0.047492500
batch_sweep,b1000,hybrid,default.qubit,4,2,1000,2569,0,second_grad_quantum,12,0.029879600
batch_sweep,b1000,hybrid,default.qubit,4,2,1000,2569,0,second_grad_classical,12,0.017612900
batch_sweep,b1000,hybrid,default.qubit,4,2,1000,2569,0,param_grad,12,0.099758400
batch_sweep,b1000,hybrid,default.qubit,4,2,1000,2569,0,param_grad_quantum,12,0.043159200
batch_sweep,b1000,hybrid,default.qubit,4,2,1000,2569,0,param_grad_classical,12,0.056599200
batch_sweep,b2540,hybrid,default.qubit,4,2,2540,2569,2,forward,12,0.016864000
batch_sweep,b2540,hybrid,default.qubit,4,2,2540,2569,2,forward_quantum,12,0.016048300
batch_sweep,b2540,hybrid,default.qubit,4,2,2540,2569,2,forward_classical,12,0.000815700
batch_sweep,b2540,hybrid,default.qubit,4,2,2540,2569,2,first_grad,12,0.033725400
batch_sweep,b2540,hybrid,default.qubit,4,2,2540,2569,2,first_grad_quantum,12,0.031050500
batch_sweep,b2540,hybrid,default.qubit,4,2,2540,2569,2,first_grad_classical,12,0.002674900
batch_sweep,b2540,hybrid,default.qubit,4,2,2540,2569,2,second_grad,12,0.068506400
batch_sweep,b2540,hybrid,default.qubit,4,2,2540,2569,2,second_grad_quantum,12,0.044957500
batch_sweep,b2540,hybrid,default.qubit,4,2,2540,2569,2,second_grad_classical,12,0.023548900
batch_sweep,b2540,hybrid,default.qubit,4,2,2540,2569,2,param_grad,12,0.130331600
batch_sweep,b2540,hybrid,default.qubit,4,2,2540,2569,2,param_grad_quantum,12,0.056618700
batch_sweep,b2540,hybrid,default.qubit,4,2,2540,2569,2,param_grad_classical,12,0.073712900
batch_sweep,b500,hybrid,default.qubit,4,2,500,2569,2,forward,12,0.015748100
batch_sweep,b500,hybrid,default.qubit,4,2,500,2569,2,forward_quantum,12,0.012460800
batch_sweep,b500,hybrid,default.qubit,4,2,500,2569,2,forward_classical,12,0.003287300
batch_sweep,b500,hybrid,default.qubit,4,2,500,2569,2,first_grad,12,0.021956900
batch_sweep,b500,hybrid,default.qubit,4,2,500,2569,2,first_grad_quantum,12,0.019906900
batch_sweep,b500,hybrid,default.qubit,4,2,500,2569,2,first_grad_classical,12,0.002050000
batch_sweep,b500,hybrid,default.qubit,4,2,500,2569,2,second_grad,12,0.042937600
batch_sweep,b500,hybrid,default.qubit,4,2,500,2569,2,second_grad_quantum,12,0.028728900
batch_sweep,b500,hybrid,default.qubit,4,2,500,2569,2,second_grad_classical,12,0.014208700
batch_sweep,b500,hybrid,default.qubit,4,2,500,2569,2,param_grad,12,0.071876900
batch_sweep,b500,hybrid,default.qubit,4,2,500,2569,2,param_grad_quantum,12,0.033320400
batch_sweep,b500,hybrid,default.qubit,4,2,500,2569,2,param_grad_classical,12,0.038556500
batch_sweep,b1000,hybrid,default.qubit,4,2,1000,2569,2,forward,12,0.014304700
batch_sweep,b1000,hybrid,default.qubit,4,2,1000,2569,2,forward_quantum,12,0.013710600
batch_sweep,b1000,hybrid,default.qubit,4,2,1000,2569,2,forward_classical,12,0.000594100
batch_sweep,b1000,hybrid,default.qubit,4,2,1000,2569,2,first_grad,12,0.025516700
batch_sweep,b1000,hybrid,default.qubit,4,2,1000,2569,2,first_grad_quantum,12,0.023076700
batch_sweep,b1000,hybrid,default.qubit,4,2,1000,2569,2,first_grad_classical,12,0.002440000
batch_sweep,b1000,hybrid,default.qubit,4,2,1000,2569,2,second_grad,12,0.049679400
batch_sweep,b1000,hybrid,default.qubit,4,2,1000,2569,2,second_grad_quantum,12,0.029667600
batch_sweep,b1000,hybrid,default.qubit,4,2,1000,2569,2,second_grad_classical,12,0.020011800
batch_sweep,b1000,hybrid,default.qubit,4,2,1000,2569,2,param_grad,12,0.096338800
batch_sweep,b1000,hybrid,default.qubit,4,2,1000,2569,2,param_grad_quantum,12,0.041978200
batch_sweep,b1000,hybrid,default.qubit,4,2,1000,2569,2,param_grad_classical,12,0.054360600
batch_sweep,b5000,hybrid,default.qubit,4,2,5000,2569,0,forward,12,0.020682500
batch_sweep,b5000,hybrid,default.qubit,4,2,5000,2569,0,forward_quantum,12,0.019653800
batch_sweep,b5000,hybrid,default.qubit,4,2,5000,2569,0,forward_classical,12,0.001028700
batch_sweep,b5000,hybrid,default.qubit,4,2,5000,2569,0,first_grad,12,0.049157000
batch_sweep,b5000,hybrid,default.qubit,4,2,5000,2569,0,first_grad_quantum,12,0.045280400
batch_sweep,b5000,hybrid,default.qubit,4,2,5000,2569,0,first_grad_classical,12,0.003876600
batch_sweep,b5000,hybrid,default.qubit,4,2,5000,2569,0,second_grad,12,0.090721600
batch_sweep,b5000,hybrid,default.qubit,4,2,5000,2569,0,second_grad_quantum,12,0.056240700
batch_sweep,b5000,hybrid,default.qubit,4,2,5000,2569,0,second_grad_classical,12,0.034480900
batch_sweep,b5000,hybrid,default.qubit,4,2,5000,2569,0,param_grad,12,0.189612200
batch_sweep,b5000,hybrid,default.qubit,4,2,5000,2569,0,param_grad_quantum,12,0.081498300
batch_sweep,b5000,hybrid,default.qubit,4,2,5000,2569,0,param_grad_classical,12,0.108113900
batch_sweep,b500,hybrid,default.qubit,4,2,500,2569,0,forward,12,0.013146400
batch_sweep,b500,hybrid,default.qubit,4,2,500,2569,0,forward_quantum,12,0.012527300
batch_sweep,b500,hybrid,default.qubit,4,2,500,2569,0,forward_classical,12,0.000619100
batch_sweep,b500,hybrid,default.qubit,4,2,500,2569,0,first_grad,12,0.020782500
batch_sweep,b500,hybrid,default.qubit,4,2,500,2569,0,first_grad_quantum,12,0.019028900
batch_sweep,b500,hybrid,default.qubit,4,2,500,2569,0,first_grad_classical,12,0.001753600
batch_sweep,b500,hybrid,default.qubit,4,2,500,2569,0,second_grad,12,0.041559300
batch_sweep,b500,hybrid,default.qubit,4,2,500,2569,0,second_grad_quantum,12,0.027541000
batch_sweep,b500,hybrid,default.qubit,4,2,500,2569,0,second_grad_classical,12,0.014018300
batch_sweep,b500,hybrid,default.qubit,4,2,500,2569,0,param_grad,12,0.074517900
batch_sweep,b500,hybrid,default.qubit,4,2,500,2569,0,param_grad_quantum,12,0.036494400
batch_sweep,b500,hybrid,default.qubit,4,2,500,2569,0,param_grad_classical,12,0.038023500
batch_sweep,b5000,hybrid,default.qubit,4,2,5000,2569,1,forward,12,0.022293400
batch_sweep,b5000,hybrid,default.qubit,4,2,5000,2569,1,forward_quantum,12,0.021352900
batch_sweep,b5000,hybrid,default.qubit,4,2,5000,2569,1,forward_classical,12,0.000940500
batch_sweep,b5000,hybrid,default.qubit,4,2,5000,2569,1,first_grad,12,0.046132400
batch_sweep,b5000,hybrid,default.qubit,4,2,5000,2569,1,first_grad_quantum,12,0.042847000
batch_sweep,b5000,hybrid,default.qubit,4,2,5000,2569,1,first_grad_classical,12,0.003285400
batch_sweep,b5000,hybrid,default.qubit,4,2,5000,2569,1,second_grad,12,0.079232900
batch_sweep,b5000,hybrid,default.qubit,4,2,5000,2569,1,second_grad_quantum,12,0.052475300
batch_sweep,b5000,hybrid,default.qubit,4,2,5000,2569,1,second_grad_classical,12,0.026757600
batch_sweep,b5000,hybrid,default.qubit,4,2,5000,2569,1,param_grad,12,0.192247100
batch_sweep,b5000,hybrid,default.qubit,4,2,5000,2569,1,param_grad_quantum,12,0.084260100
batch_sweep,b5000,hybrid,default.qubit,4,2,5000,2569,1,param_grad_classical,12,0.107987000
batch_sweep,b500,hybrid,default.qubit,4,2,500,2569,1,forward,12,0.012511200
batch_sweep,b500,hybrid,default.qubit,4,2,500,2569,1,forward_quantum,12,0.011984200
batch_sweep,b500,hybrid,default.qubit,4,2,500,2569,1,forward_classical,12,0.000527000
batch_sweep,b500,hybrid,default.qubit,4,2,500,2569,1,first_grad,12,0.022410600
batch_sweep,b500,hybrid,default.qubit,4,2,500,2569,1,first_grad_quantum,12,0.020018700
batch_sweep,b500,hybrid,default.qubit,4,2,500,2569,1,first_grad_classical,12,0.002391900
batch_sweep,b500,hybrid,default.qubit,4,2,500,2569,1,second_grad,12,0.037226000
batch_sweep,b500,hybrid,default.qubit,4,2,500,2569,1,second_grad_quantum,12,0.023832400
batch_sweep,b500,hybrid,default.qubit,4,2,500,2569,1,second_grad_classical,12,0.013393600
batch_sweep,b500,hybrid,default.qubit,4,2,500,2569,1,param_grad,12,0.069004500
batch_sweep,b500,hybrid,default.qubit,4,2,500,2569,1,param_grad_quantum,12,0.032720600
batch_sweep,b500,hybrid,default.qubit,4,2,500,2569,1,param_grad_classical,12,0.036283900
batch_sweep,b2540,hybrid,default.qubit,4,2,2540,2569,1,forward,12,0.014742100
batch_sweep,b2540,hybrid,default.qubit,4,2,2540,2569,1,forward_quantum,12,0.013857200
batch_sweep,b2540,hybrid,default.qubit,4,2,2540,2569,1,forward_classical,12,0.000884900
batch_sweep,b2540,hybrid,default.qubit,4,2,2540,2569,1,first_grad,12,0.030505500
batch_sweep,b2540,hybrid,default.qubit,4,2,2540,2569,1,first_grad_quantum,12,0.027984600
batch_sweep,b2540,hybrid,default.qubit,4,2,2540,2569,1,first_grad_classical,12,0.002520900
batch_sweep,b2540,hybrid,default.qubit,4,2,2540,2569,1,second_grad,12,0.074314900
batch_sweep,b2540,hybrid,default.qubit,4,2,2540,2569,1,second_grad_quantum,12,0.047940500
batch_sweep,b2540,hybrid,default.qubit,4,2,2540,2569,1,second_grad_classical,12,0.026374400
batch_sweep,b2540,hybrid,default.qubit,4,2,2540,2569,1,param_grad,12,0.141498000
batch_sweep,b2540,hybrid,default.qubit,4,2,2540,2569,1,param_grad_quantum,12,0.064237400
batch_sweep,b2540,hybrid,default.qubit,4,2,2540,2569,1,param_grad_classical,12,0.077260600
batch_sweep,b100,hybrid,default.qubit,4,2,100,2569,0,forward,12,0.015397800
batch_sweep,b100,hybrid,default.qubit,4,2,100,2569,0,forward_quantum,12,0.009885600
batch_sweep,b100,hybrid,default.qubit,4,2,100,2569,0,forward_classical,12,0.005512200
batch_sweep,b100,hybrid,default.qubit,4,2,100,2569,0,first_grad,12,0.018083500
batch_sweep,b100,hybrid,default.qubit,4,2,100,2569,0,first_grad_quantum,12,0.016192300
batch_sweep,b100,hybrid,default.qubit,4,2,100,2569,0,first_grad_classical,12,0.001891200
batch_sweep,b100,hybrid,default.qubit,4,2,100,2569,0,second_grad,12,0.029197100
batch_sweep,b100,hybrid,default.qubit,4,2,100,2569,0,second_grad_quantum,12,0.020670100
batch_sweep,b100,hybrid,default.qubit,4,2,100,2569,0,second_grad_classical,12,0.008527000
batch_sweep,b100,hybrid,default.qubit,4,2,100,2569,0,param_grad,12,0.054449900
batch_sweep,b100,hybrid,default.qubit,4,2,100,2569,0,param_grad_quantum,12,0.028935600
batch_sweep,b100,hybrid,default.qubit,4,2,100,2569,0,param_grad_classical,12,0.025514300
batch_sweep,b100,hybrid,default.qubit,4,2,100,2569,2,forward,12,0.009808900
batch_sweep,b100,hybrid,default.qubit,4,2,100,2569,2,forward_quantum,12,0.009247100
batch_sweep,b100,hybrid,default.qubit,4,2,100,2569,2,forward_classical,12,0.000561800
batch_sweep,b100,hybrid,default.qubit,4,2,100,2569,2,first_grad,12,0.017798000
batch_sweep,b100,hybrid,default.qubit,4,2,100,2569,2,first_grad_quantum,12,0.016006000
batch_sweep,b100,hybrid,default.qubit,4,2,100,2569,2,first_grad_classical,12,0.001792000
batch_sweep,b100,hybrid,default.qubit,4,2,100,2569,2,second_grad,12,0.028211800
batch_sweep,b100,hybrid,default.qubit,4,2,100,2569,2,second_grad_quantum,12,0.019996300
batch_sweep,b100,hybrid,default.qubit,4,2,100,2569,2,second_grad_classical,12,0.008215500
batch_sweep,b100,hybrid,default.qubit,4,2,100,2569,2,param_grad,12,0.050609600
batch_sweep,b100,hybrid,default.qubit,4,2,100,2569,2,param_grad_quantum,12,0.025710400
batch_sweep,b100,hybrid,default.qubit,4,2,100,2569,2,param_grad_classical,12,0.024899200
batch_sweep,b5000,hybrid,default.qubit,4,2,5000,2569,2,forward,12,0.021087900
batch_sweep,b5000,hybrid,default.qubit,4,2,5000,2569,2,forward_quantum,12,0.019819100
batch_sweep,b5000,hybrid,default.qubit,4,2,5000,2569,2,forward_classical,12,0.001268800
batch_sweep,b5000,hybrid,default.qubit,4,2,5000,2569,2,first_grad,12,0.053515700
batch_sweep,b5000,hybrid,default.qubit,4,2,5000,2569,2,first_grad_quantum,12,0.050318100
batch_sweep,b5000,hybrid,default.qubit,4,2,5000,2569,2,first_grad_classical,12,0.003197600
batch_sweep,b5000,hybrid,default.qubit,4,2,5000,2569,2,second_grad,12,0.084246700
batch_sweep,b5000,hybrid,default.qubit,4,2,5000,2569,2,second_grad_quantum,12,0.054522000
batch_sweep,b5000,hybrid,default.qubit,4,2,5000,2569,2,second_grad_classical,12,0.029724700
batch_sweep,b5000,hybrid,default.qubit,4,2,5000,2569,2,param_grad,12,0.193017200
batch_sweep,b5000,hybrid,default.qubit,4,2,5000,2569,2,param_grad_quantum,12,0.083333400
batch_sweep,b5000,hybrid,default.qubit,4,2,5000,2569,2,param_grad_classical,12,0.109683800
batch_sweep,b500,hybrid,default.qubit,4,2,500,2569,2,forward,13,0.018594000
batch_sweep,b500,hybrid,default.qubit,4,2,500,2569,2,forward_quantum,13,0.015432700
batch_sweep,b500,hybrid,default.qubit,4,2,500,2569,2,forward_classical,13,0.003161300
batch_sweep,b500,hybrid,default.qubit,4,2,500,2569,2,first_grad,13,0.023517700
batch_sweep,b500,hybrid,default.qubit,4,2,500,2569,2,first_grad_quantum,13,0.021320600
batch_sweep,b500,hybrid,default.qubit,4,2,500,2569,2,first_grad_classical,13,0.002197100
batch_sweep,b500,hybrid,default.qubit,4,2,500,2569,2,second_grad,13,0.041271300
batch_sweep,b500,hybrid,default.qubit,4,2,500,2569,2,second_grad_quantum,13,0.027660600
batch_sweep,b500,hybrid,default.qubit,4,2,500,2569,2,second_grad_classical,13,0.013610700
batch_sweep,b500,hybrid,default.qubit,4,2,500,2569,2,param_grad,13,0.074472200
batch_sweep,b500,hybrid,default.qubit,4,2,500,2569,2,param_grad_quantum,13,0.037521400
batch_sweep,b500,hybrid,default.qubit,4,2,500,2569,2,param_grad_classical,13,0.036950800
batch_sweep,b100,hybrid,default.qubit,4,2,100,2569,2,forward,13,0.011589500
batch_sweep,b100,hybrid,default.qubit,4,2,100,2569,2,forward_quantum,13,0.011006100
batch_sweep,b100,hybrid,default.qubit,4,2,100,2569,2,forward_classical,13,0.000583400
batch_sweep,b100,hybrid,default.qubit,4,2,100,2569,2,first_grad,13,0.017523300
batch_sweep,b100,hybrid,default.qubit,4,2,100,2569,2,first_grad_quantum,13,0.015639100
batch_sweep,b100,hybrid,default.qubit,4,2,100,2569,2,first_grad_classical,13,0.001884200
batch_sweep,b100,hybrid,default.qubit,4,2,100,2569,2,second_grad,13,0.028540000
batch_sweep,b100,hybrid,default.qubit,4,2,100,2569,2,second_grad_quantum,13,0.020392400
batch_sweep,b100,hybrid,default.qubit,4,2,100,2569,2,second_grad_classical,13,0.008147600
batch_sweep,b100,hybrid,default.qubit,4,2,100,2569,2,param_grad,13,0.056339500
batch_sweep,b100,hybrid,default.qubit,4,2,100,2569,2,param_grad_quantum,13,0.029543900
batch_sweep,b100,hybrid,default.qubit,4,2,100,2569,2,param_grad_classical,13,0.026795600
batch_sweep,b5000,hybrid,default.qubit,4,2,5000,2569,0,forward,13,0.020444200
batch_sweep,b5000,hybrid,default.qubit,4,2,5000,2569,0,forward_quantum,13,0.019088100
batch_sweep,b5000,hybrid,default.qubit,4,2,5000,2569,0,forward_classical,13,0.001356100
batch_sweep,b5000,hybrid,default.qubit,4,2,5000,2569,0,first_grad,13,0.048115500
batch_sweep,b5000,hybrid,default.qubit,4,2,5000,2569,0,first_grad_quantum,13,0.044771200
batch_sweep,b5000,hybrid,default.qubit,4,2,5000,2569,0,first_grad_classical,13,0.003344300
batch_sweep,b5000,hybrid,default.qubit,4,2,5000,2569,0,second_grad,13,0.086843900
batch_sweep,b5000,hybrid,default.qubit,4,2,5000,2569,0,second_grad_quantum,13,0.056880100
batch_sweep,b5000,hybrid,default.qubit,4,2,5000,2569,0,second_grad_classical,13,0.029963800
batch_sweep,b5000,hybrid,default.qubit,4,2,5000,2569,0,param_grad,13,0.196681200
batch_sweep,b5000,hybrid,default.qubit,4,2,5000,2569,0,param_grad_quantum,13,0.088815300
batch_sweep,b5000,hybrid,default.qubit,4,2,5000,2569,0,param_grad_classical,13,0.107865900
batch_sweep,b2540,hybrid,default.qubit,4,2,2540,2569,0,forward,13,0.016586600
batch_sweep,b2540,hybrid,default.qubit,4,2,2540,2569,0,forward_quantum,13,0.015825100
batch_sweep,b2540,hybrid,default.qubit,4,2,2540,2569,0,forward_classical,13,0.000761500
batch_sweep,b2540,hybrid,default.qubit,4,2,2540,2569,0,first_grad,13,0.034757500
batch_sweep,b2540,hybrid,default.qubit,4,2,2540,2569,0,first_grad_quantum,13,0.030005100
batch_sweep,b2540,hybrid,default.qubit,4,2,2540,2569,0,first_grad_classical,13,0.004752400
batch_sweep,b2540,hybrid,default.qubit,4,2,2540,2569,0,second_grad,13,0.065022800
batch_sweep,b2540,hybrid,default.qubit,4,2,2540,2569,0,second_grad_quantum,13,0.042160200
batch_sweep,b2540,hybrid,default.qubit,4,2,2540,2569,0,second_grad_classical,13,0.022862600
batch_sweep,b2540,hybrid,default.qubit,4,2,2540,2569,0,param_grad,13,0.127576700
batch_sweep,b2540,hybrid,default.qubit,4,2,2540,2569,0,param_grad_quantum,13,0.058954800
batch_sweep,b2540,hybrid,default.qubit,4,2,2540,2569,0,param_grad_classical,13,0.068621900
batch_sweep,b100,hybrid,default.qubit,4,2,100,2569,1,forward,13,0.009633400
batch_sweep,b100,hybrid,default.qubit,4,2,100,2569,1,forward_quantum,13,0.009126300
batch_sweep,b100,hybrid,default.qubit,4,2,100,2569,1,forward_classical,13,0.000507100
batch_sweep,b100,hybrid,default.qubit,4,2,100,2569,1,first_grad,13,0.018005200
batch_sweep,b100,hybrid,default.qubit,4,2,100,2569,1,first_grad_quantum,13,0.016228400
batch_sweep,b100,hybrid,default.qubit,4,2,100,2569,1,first_grad_classical,13,0.001776800
batch_sweep,b100,hybrid,default.qubit,4,2,100,2569,1,second_grad,13,0.026911100
batch_sweep,b100,hybrid,default.qubit,4,2,100,2569,1,second_grad_quantum,13,0.017285000
batch_sweep,b100,hybrid,default.qubit,4,2,100,2569,1,second_grad_classical,13,0.009626100
batch_sweep,b100,hybrid,default.qubit,4,2,100,2569,1,param_grad,13,0.057111500
batch_sweep,b100,hybrid,default.qubit,4,2,100,2569,1,param_grad_quantum,13,0.027979500
batch_sweep,b100,hybrid,default.qubit,4,2,100,2569,1,param_grad_classical,13,0.029132000
batch_sweep,b5000,hybrid,default.qubit,4,2,5000,2569,2,forward,13,0.018890400
batch_sweep,b5000,hybrid,default.qubit,4,2,5000,2569,2,forward_quantum,13,0.017699000
batch_sweep,b5000,hybrid,default.qubit,4,2,5000,2569,2,forward_classical,13,0.001191400
batch_sweep,b5000,hybrid,default.qubit,4,2,5000,2569,2,first_grad,13,0.046926000
batch_sweep,b5000,hybrid,default.qubit,4,2,5000,2569,2,first_grad_quantum,13,0.043724600
batch_sweep,b5000,hybrid,default.qubit,4,2,5000,2569,2,first_grad_classical,13,0.003201400
batch_sweep,b5000,hybrid,default.qubit,4,2,5000,2569,2,second_grad,13,0.084194000
batch_sweep,b5000,hybrid,default.qubit,4,2,5000,2569,2,second_grad_quantum,13,0.053713800
batch_sweep,b5000,hybrid,default.qubit,4,2,5000,2569,2,second_grad_classical,13,0.030480200
batch_sweep,b5000,hybrid,default.qubit,4,2,5000,2569,2,param_grad,13,0.191273400
batch_sweep,b5000,hybrid,default.qubit,4,2,5000,2569,2,param_grad_quantum,13,0.081169500
batch_sweep,b5000,hybrid,default.qubit,4,2,5000,2569,2,param_grad_classical,13,0.110103900
batch_sweep,b1000,hybrid,default.qubit,4,2,1000,2569,2,forward,13,0.014762500
batch_sweep,b1000,hybrid,default.qubit,4,2,1000,2569,2,forward_quantum,13,0.014151500
batch_sweep,b1000,hybrid,default.qubit,4,2,1000,2569,2,forward_classical,13,0.000611000
batch_sweep,b1000,hybrid,default.qubit,4,2,1000,2569,2,first_grad,13,0.026289300
batch_sweep,b1000,hybrid,default.qubit,4,2,1000,2569,2,first_grad_quantum,13,0.023975200
batch_sweep,b1000,hybrid,default.qubit,4,2,1000,2569,2,first_grad_classical,13,0.002314100
batch_sweep,b1000,hybrid,default.qubit,4,2,1000,2569,2,second_grad,13,0.046745400
batch_sweep,b1000,hybrid,default.qubit,4,2,1000,2569,2,second_grad_quantum,13,0.032216800
batch_sweep,b1000,hybrid,default.qubit,4,2,1000,2569,2,second_grad_classical,13,0.014528600
batch_sweep,b1000,hybrid,default.qubit,4,2,1000,2569,2,param_grad,13,0.100613200
batch_sweep,b1000,hybrid,default.qubit,4,2,1000,2569,2,param_grad_quantum,13,0.046134400
batch_sweep,b1000,hybrid,default.qubit,4,2,1000,2569,2,param_grad_classical,13,0.054478800
batch_sweep,b500,hybrid,default.qubit,4,2,500,2569,1,forward,13,0.015844700
batch_sweep,b500,hybrid,default.qubit,4,2,500,2569,1,forward_quantum,13,0.012394500
batch_sweep,b500,hybrid,default.qubit,4,2,500,2569,1,forward_classical,13,0.003450200
batch_sweep,b500,hybrid,default.qubit,4,2,500,2569,1,first_grad,13,0.020996700
batch_sweep,b500,hybrid,default.qubit,4,2,500,2569,1,first_grad_quantum,13,0.018572100
batch_sweep,b500,hybrid,default.qubit,4,2,500,2569,1,first_grad_classical,13,0.002424600
batch_sweep,b500,hybrid,default.qubit,4,2,500,2569,1,second_grad,13,0.039326600
batch_sweep,b500,hybrid,default.qubit,4,2,500,2569,1,second_grad_quantum,13,0.026671300
batch_sweep,b500,hybrid,default.qubit,4,2,500,2569,1,second_grad_classical,13,0.012655300
batch_sweep,b500,hybrid,default.qubit,4,2,500,2569,1,param_grad,13,0.073708900
batch_sweep,b500,hybrid,default.qubit,4,2,500,2569,1,param_grad_quantum,13,0.035773400
batch_sweep,b500,hybrid,default.qubit,4,2,500,2569,1,param_grad_classical,13,0.037935500
batch_sweep,b500,hybrid,default.qubit,4,2,500,2569,0,forward,13,0.013719400
batch_sweep,b500,hybrid,default.qubit,4,2,500,2569,0,forward_quantum,13,0.013120400
batch_sweep,b500,hybrid,default.qubit,4,2,500,2569,0,forward_classical,13,0.000599000
batch_sweep,b500,hybrid,default.qubit,4,2,500,2569,0,first_grad,13,0.021729900
batch_sweep,b500,hybrid,default.qubit,4,2,500,2569,0,first_grad_quantum,13,0.019626000
batch_sweep,b500,hybrid,default.qubit,4,2,500,2569,0,first_grad_classical,13,0.002103900
batch_sweep,b500,hybrid,default.qubit,4,2,500,2569,0,second_grad,13,0.037490200
batch_sweep,b500,hybrid,default.qubit,4,2,500,2569,0,second_grad_quantum,13,0.025260200
batch_sweep,b500,hybrid,default.qubit,4,2,500,2569,0,second_grad_classical,13,0.012230000
batch_sweep,b500,hybrid,default.qubit,4,2,500,2569,0,param_grad,13,0.070250200
batch_sweep,b500,hybrid,default.qubit,4,2,500,2569,0,param_grad_quantum,13,0.035458000
batch_sweep,b500,hybrid,default.qubit,4,2,500,2569,0,param_grad_classical,13,0.034792200
batch_sweep,b5000,hybrid,default.qubit,4,2,5000,2569,1,forward,13,0.019219000
batch_sweep,b5000,hybrid,default.qubit,4,2,5000,2569,1,forward_quantum,13,0.018196600
batch_sweep,b5000,hybrid,default.qubit,4,2,5000,2569,1,forward_classical,13,0.001022400
batch_sweep,b5000,hybrid,default.qubit,4,2,5000,2569,1,first_grad,13,0.046949400
batch_sweep,b5000,hybrid,default.qubit,4,2,5000,2569,1,first_grad_quantum,13,0.043746300
batch_sweep,b5000,hybrid,default.qubit,4,2,5000,2569,1,first_grad_classical,13,0.003203100
batch_sweep,b5000,hybrid,default.qubit,4,2,5000,2569,1,second_grad,13,0.084318900
batch_sweep,b5000,hybrid,default.qubit,4,2,5000,2569,1,second_grad_quantum,13,0.052921700
batch_sweep,b5000,hybrid,default.qubit,4,2,5000,2569,1,second_grad_classical,13,0.031397200
batch_sweep,b5000,hybrid,default.qubit,4,2,5000,2569,1,param_grad,13,0.196340200
batch_sweep,b5000,hybrid,default.qubit,4,2,5000,2569,1,param_grad_quantum,13,0.081407600
batch_sweep,b5000,hybrid,default.qubit,4,2,5000,2569,1,param_grad_classical,13,0.114932600
batch_sweep,b2540,hybrid,default.qubit,4,2,2540,2569,2,forward,13,0.017017300
batch_sweep,b2540,hybrid,default.qubit,4,2,2540,2569,2,forward_quantum,13,0.016235100
batch_sweep,b2540,hybrid,default.qubit,4,2,2540,2569,2,forward_classical,13,0.000782200
batch_sweep,b2540,hybrid,default.qubit,4,2,2540,2569,2,first_grad,13,0.031718400
batch_sweep,b2540,hybrid,default.qubit,4,2,2540,2569,2,first_grad_quantum,13,0.028940000
batch_sweep,b2540,hybrid,default.qubit,4,2,2540,2569,2,first_grad_classical,13,0.002778400
batch_sweep,b2540,hybrid,default.qubit,4,2,2540,2569,2,second_grad,13,0.071366400
batch_sweep,b2540,hybrid,default.qubit,4,2,2540,2569,2,second_grad_quantum,13,0.046306100
batch_sweep,b2540,hybrid,default.qubit,4,2,2540,2569,2,second_grad_classical,13,0.025060300
batch_sweep,b2540,hybrid,default.qubit,4,2,2540,2569,2,param_grad,13,0.136620700
batch_sweep,b2540,hybrid,default.qubit,4,2,2540,2569,2,param_grad_quantum,13,0.057121300
batch_sweep,b2540,hybrid,default.qubit,4,2,2540,2569,2,param_grad_classical,13,0.079499400
batch_sweep,b1000,hybrid,default.qubit,4,2,1000,2569,1,forward,13,0.014640200
batch_sweep,b1000,hybrid,default.qubit,4,2,1000,2569,1,forward_quantum,13,0.013958600
batch_sweep,b1000,hybrid,default.qubit,4,2,1000,2569,1,forward_classical,13,0.000681600
batch_sweep,b1000,hybrid,default.qubit,4,2,1000,2569,1,first_grad,13,0.028432900
batch_sweep,b1000,hybrid,default.qubit,4,2,1000,2569,1,first_grad_quantum,13,0.023739900
batch_sweep,b1000,hybrid,default.qubit,4,2,1000,2569,1,first_grad_classical,13,0.004693000
batch_sweep,b1000,hybrid,default.qubit,4,2,1000,2569,1,second_grad,13,0.054677500
batch_sweep,b1000,hybrid,default.qubit,4,2,1000,2569,1,second_grad_quantum,13,0.032444800
batch_sweep,b1000,hybrid,default.qubit,4,2,1000,2569,1,second_grad_classical,13,0.022232700
batch_sweep,b1000,hybrid,default.qubit,4,2,1000,2569,1,param_grad,13,0.101599600
batch_sweep,b1000,hybrid,default.qubit,4,2,1000,2569,1,param_grad_quantum,13,0.045299900
batch_sweep,b1000,hybrid,default.qubit,4,2,1000,2569,1,param_grad_classical,13,0.056299700
batch_sweep,b2540,hybrid,default.qubit,4,2,2540,2569,1,forward,13,0.015226600
batch_sweep,b2540,hybrid,default.qubit,4,2,2540,2569,1,forward_quantum,13,0.014467800
batch_sweep,b2540,hybrid,default.qubit,4,2,2540,2569,1,forward_classical,13,0.000758800
batch_sweep,b2540,hybrid,default.qubit,4,2,2540,2569,1,first_grad,13,0.029486900
batch_sweep,b2540,hybrid,default.qubit,4,2,2540,2569,1,first_grad_quantum,13,0.027003800
batch_sweep,b2540,hybrid,default.qubit,4,2,2540,2569,1,first_grad_classical,13,0.002483100
batch_sweep,b2540,hybrid,default.qubit,4,2,2540,2569,1,second_grad,13,0.061672900
batch_sweep,b2540,hybrid,default.qubit,4,2,2540,2569,1,second_grad_quantum,13,0.039635200
batch_sweep,b2540,hybrid,default.qubit,4,2,2540,2569,1,second_grad_classical,13,0.022037700
batch_sweep,b2540,hybrid,default.qubit,4,2,2540,2569,1,param_grad,13,0.126276600
batch_sweep,b2540,hybrid,default.qubit,4,2,2540,2569,1,param_grad_quantum,13,0.057581500
batch_sweep,b2540,hybrid,default.qubit,4,2,2540,2569,1,param_grad_classical,13,0.068695100
batch_sweep,b100,hybrid,default.qubit,4,2,100,2569,0,forward,13,0.015687500
batch_sweep,b100,hybrid,default.qubit,4,2,100,2569,0,forward_quantum,13,0.012585700
batch_sweep,b100,hybrid,default.qubit,4,2,100,2569,0,forward_classical,13,0.003101800
batch_sweep,b100,hybrid,default.qubit,4,2,100,2569,0,first_grad,13,0.017074400
batch_sweep,b100,hybrid,default.qubit,4,2,100,2569,0,first_grad_quantum,13,0.015359200
batch_sweep,b100,hybrid,default.qubit,4,2,100,2569,0,first_grad_classical,13,0.001715200
batch_sweep,b100,hybrid,default.qubit,4,2,100,2569,0,second_grad,13,0.024970400
batch_sweep,b100,hybrid,default.qubit,4,2,100,2569,0,second_grad_quantum,13,0.017997500
batch_sweep,b100,hybrid,default.qubit,4,2,100,2569,0,second_grad_classical,13,0.006972900
batch_sweep,b100,hybrid,default.qubit,4,2,100,2569,0,param_grad,13,0.056427300
batch_sweep,b100,hybrid,default.qubit,4,2,100,2569,0,param_grad_quantum,13,0.028918500
batch_sweep,b100,hybrid,default.qubit,4,2,100,2569,0,param_grad_classical,13,0.027508800
batch_sweep,b1000,hybrid,default.qubit,4,2,1000,2569,0,forward,13,0.013933200
batch_sweep,b1000,hybrid,default.qubit,4,2,1000,2569,0,forward_quantum,13,0.013110800
batch_sweep,b1000,hybrid,default.qubit,4,2,1000,2569,0,forward_classical,13,0.000822400
batch_sweep,b1000,hybrid,default.qubit,4,2,1000,2569,0,first_grad,13,0.026372800
batch_sweep,b1000,hybrid,default.qubit,4,2,1000,2569,0,first_grad_quantum,13,0.024225900
batch_sweep,b1000,hybrid,default.qubit,4,2,1000,2569,0,first_grad_classical,13,0.002146900
batch_sweep,b1000,hybrid,default.qubit,4,2,1000,2569,0,second_grad,13,0.050220800
batch_sweep,b1000,hybrid,default.qubit,4,2,1000,2569,0,second_grad_quantum,13,0.030040900
batch_sweep,b1000,hybrid,default.qubit,4,2,1000,2569,0,second_grad_classical,13,0.020179900
batch_sweep,b1000,hybrid,default.qubit,4,2,1000,2569,0,param_grad,13,0.095519700
batch_sweep,b1000,hybrid,default.qubit,4,2,1000,2569,0,param_grad_quantum,13,0.042382400
batch_sweep,b1000,hybrid,default.qubit,4,2,1000,2569,0,param_grad_classical,13,0.053137300
batch_sweep,b500,hybrid,default.qubit,4,2,500,2569,0,forward,14,0.013015900
batch_sweep,b500,hybrid,default.qubit,4,2,500,2569,0,forward_quantum,14,0.012409900
batch_sweep,b500,hybrid,default.qubit,4,2,500,2569,0,forward_classical,14,0.000606000
batch_sweep,b500,hybrid,default.qubit,4,2,500,2569,0,first_grad,14,0.021929800
batch_sweep,b500,hybrid,default.qubit,4,2,500,2569,0,first_grad_quantum,14,0.019846600
batch_sweep,b500,hybrid,default.qubit,4,2,500,2569,0,first_grad_classical,14,0.002083200
batch_sweep,b500,hybrid,default.qubit,4,2,500,2569,0,second_grad,14,0.040831400
batch_sweep,b500,hybrid,default.qubit,4,2,500,2569,0,second_grad_quantum,14,0.029096700
batch_sweep,b500,hybrid,default.qubit,4,2,500,2569,0,second_grad_classical,14,0.011734700
batch_sweep,b500,hybrid,default.qubit,4,2,500,2569,0,param_grad,14,0.076884600
batch_sweep,b500,hybrid,default.qubit,4,2,500,2569,0,param_grad_quantum,14,0.037881900
batch_sweep,b500,hybrid,default.qubit,4,2,500,2569,0,param_grad_classical,14,0.039002700
batch_sweep,b500,hybrid,default.qubit,4,2,500,2569,1,forward,14,0.013160500
batch_sweep,b500,hybrid,default.qubit,4,2,500,2569,1,forward_quantum,14,0.012526500
batch_sweep,b500,hybrid,default.qubit,4,2,500,2569,1,forward_classical,14,0.000634000
batch_sweep,b500,hybrid,default.qubit,4,2,500,2569,1,first_grad,14,0.022458000
batch_sweep,b500,hybrid,default.qubit,4,2,500,2569,1,first_grad_quantum,14,0.020359700
batch_sweep,b500,hybrid,default.qubit,4,2,500,2569,1,first_grad_classical,14,0.002098300
batch_sweep,b500,hybrid,default.qubit,4,2,500,2569,1,second_grad,14,0.039155800
batch_sweep,b500,hybrid,default.qubit,4,2,500,2569,1,second_grad_quantum,14,0.027556000
batch_sweep,b500,hybrid,default.qubit,4,2,500,2569,1,second_grad_classical,14,0.011599800
batch_sweep,b500,hybrid,default.qubit,4,2,500,2569,1,param_grad,14,0.073838500
batch_sweep,b500,hybrid,default.qubit,4,2,500,2569,1,param_grad_quantum,14,0.034246600
batch_sweep,b500,hybrid,default.qubit,4,2,500,2569,1,param_grad_classical,14,0.039591900
batch_sweep,b1000,hybrid,default.qubit,4,2,1000,2569,1,forward,14,0.015509900
batch_sweep,b1000,hybrid,default.qubit,4,2,1000,2569,1,forward_quantum,14,0.014396100
batch_sweep,b1000,hybrid,default.qubit,4,2,1000,2569,1,forward_classical,14,0.001113800
batch_sweep,b1000,hybrid,default.qubit,4,2,1000,2569,1,first_grad,14,0.026126300
batch_sweep,b1000,hybrid,default.qubit,4,2,1000,2569,1,first_grad_quantum,14,0.023927400
batch_sweep,b1000,hybrid,default.qubit,4,2,1000,2569,1,first_grad_classical,14,0.002198900
batch_sweep,b1000,hybrid,default.qubit,4,2,1000,2569,1,second_grad,14,0.046190300
batch_sweep,b1000,hybrid,default.qubit,4,2,1000,2569,1,second_grad_quantum,14,0.032638100
batch_sweep,b1000,hybrid,default.qubit,4,2,1000,2569,1,second_grad_classical,14,0.013552200
batch_sweep,b1000,hybrid,default.qubit,4,2,1000,2569,1,param_grad,14,0.095653500
batch_sweep,b1000,hybrid,default.qubit,4,2,1000,2569,1,param_grad_quantum,14,0.043546900
batch_sweep,b1000,hybrid,default.qubit,4,2,1000,2569,1,param_grad_classical,14,0.052106600
batch_sweep,b1000,hybrid,default.qubit,4,2,1000,2569,2,forward,14,0.014570400
batch_sweep,b1000,hybrid,default.qubit,4,2,1000,2569,2,forward_quantum,14,0.013789700
batch_sweep,b1000,hybrid,default.qubit,4,2,1000,2569,2,forward_classical,14,0.000780700
batch_sweep,b1000,hybrid,default.qubit,4,2,1000,2569,2,first_grad,14,0.025473200
batch_sweep,b1000,hybrid,default.qubit,4,2,1000,2569,2,first_grad_quantum,14,0.022910900
batch_sweep,b1000,hybrid,default.qubit,4,2,1000,2569,2,first_grad_classical,14,0.002562300
batch_sweep,b1000,hybrid,default.qubit,4,2,1000,2569,2,second_grad,14,0.043149900
batch_sweep,b1000,hybrid,default.qubit,4,2,1000,2569,2,second_grad_quantum,14,0.029161200
batch_sweep,b1000,hybrid,default.qubit,4,2,1000,2569,2,second_grad_classical,14,0.013988700
batch_sweep,b1000,hybrid,default.qubit,4,2,1000,2569,2,param_grad,14,0.094893000
batch_sweep,b1000,hybrid,default.qubit,4,2,1000,2569,2,param_grad_quantum,14,0.043838000
batch_sweep,b1000,hybrid,default.qubit,4,2,1000,2569,2,param_grad_classical,14,0.051055000
batch_sweep,b5000,hybrid,default.qubit,4,2,5000,2569,2,forward,14,0.018874500
batch_sweep,b5000,hybrid,default.qubit,4,2,5000,2569,2,forward_quantum,14,0.017942400
batch_sweep,b5000,hybrid,default.qubit,4,2,5000,2569,2,forward_classical,14,0.000932100
batch_sweep,b5000,hybrid,default.qubit,4,2,5000,2569,2,first_grad,14,0.047562700
batch_sweep,b5000,hybrid,default.qubit,4,2,5000,2569,2,first_grad_quantum,14,0.044306100
batch_sweep,b5000,hybrid,default.qubit,4,2,5000,2569,2,first_grad_classical,14,0.003256600
batch_sweep,b5000,hybrid,default.qubit,4,2,5000,2569,2,second_grad,14,0.086827700
batch_sweep,b5000,hybrid,default.qubit,4,2,5000,2569,2,second_grad_quantum,14,0.056089600
batch_sweep,b5000,hybrid,default.qubit,4,2,5000,2569,2,second_grad_classical,14,0.030738100
batch_sweep,b5000,hybrid,default.qubit,4,2,5000,2569,2,param_grad,14,0.194878000
batch_sweep,b5000,hybrid,default.qubit,4,2,5000,2569,2,param_grad_quantum,14,0.085191100
batch_sweep,b5000,hybrid,default.qubit,4,2,5000,2569,2,param_grad_classical,14,0.109686900
batch_sweep,b2540,hybrid,default.qubit,4,2,2540,2569,1,forward,14,0.016238700
batch_sweep,b2540,hybrid,default.qubit,4,2,2540,2569,1,forward_quantum,14,0.015478000
batch_sweep,b2540,hybrid,default.qubit,4,2,2540,2569,1,forward_classical,14,0.000760700
batch_sweep,b2540,hybrid,default.qubit,4,2,2540,2569,1,first_grad,14,0.032929700
batch_sweep,b2540,hybrid,default.qubit,4,2,2540,2569,1,first_grad_quantum,14,0.028337500
batch_sweep,b2540,hybrid,default.qubit,4,2,2540,2569,1,first_grad_classical,14,0.004592200
batch_sweep,b2540,hybrid,default.qubit,4,2,2540,2569,1,second_grad,14,0.071130400
batch_sweep,b2540,hybrid,default.qubit,4,2,2540,2569,1,second_grad_quantum,14,0.045528700
batch_sweep,b2540,hybrid,default.qubit,4,2,2540,2569,1,second_grad_classical,14,0.025601700
batch_sweep,b2540,hybrid,default.qubit,4,2,2540,2569,1,param_grad,14,0.132513200
batch_sweep,b2540,hybrid,default.qubit,4,2,2540,2569,1,param_grad_quantum,14,0.061009000
batch_sweep,b2540,hybrid,default.qubit,4,2,2540,2569,1,param_grad_classical,14,0.071504200
batch_sweep,b5000,hybrid,default.qubit,4,2,5000,2569,0,forward,14,0.020181800
batch_sweep,b5000,hybrid,default.qubit,4,2,5000,2569,0,forward_quantum,14,0.019044400
batch_sweep,b5000,hybrid,default.qubit,4,2,5000,2569,0,forward_classical,14,0.001137400
batch_sweep,b5000,hybrid,default.qubit,4,2,5000,2569,0,first_grad,14,0.045113300
batch_sweep,b5000,hybrid,default.qubit,4,2,5000,2569,0,first_grad_quantum,14,0.039886300
batch_sweep,b5000,hybrid,default.qubit,4,2,5000,2569,0,first_grad_classical,14,0.005227000
batch_sweep,b5000,hybrid,default.qubit,4,2,5000,2569,0,second_grad,14,0.080759400
batch_sweep,b5000,hybrid,default.qubit,4,2,5000,2569,0,second_grad_quantum,14,0.052407500
batch_sweep,b5000,hybrid,default.qubit,4,2,5000,2569,0,second_grad_classical,14,0.028351900
batch_sweep,b5000,hybrid,default.qubit,4,2,5000,2569,0,param_grad,14,0.191390000
batch_sweep,b5000,hybrid,default.qubit,4,2,5000,2569,0,param_grad_quantum,14,0.088178900
batch_sweep,b5000,hybrid,default.qubit,4,2,5000,2569,0,param_grad_classical,14,0.103211100
batch_sweep,b100,hybrid,default.qubit,4,2,100,2569,1,forward,14,0.013519600
batch_sweep,b100,hybrid,default.qubit,4,2,100,2569,1,forward_quantum,14,0.010237400
batch_sweep,b100,hybrid,default.qubit,4,2,100,2569,1,forward_classical,14,0.003282200
batch_sweep,b100,hybrid,default.qubit,4,2,100,2569,1,first_grad,14,0.018264800
batch_sweep,b100,hybrid,default.qubit,4,2,100,2569,1,first_grad_quantum,14,0.016541700
batch_sweep,b100,hybrid,default.qubit,4,2,100,2569,1,first_grad_classical,14,0.001723100
batch_sweep,b100,hybrid,default.qubit,4,2,100,2569,1,second_grad,14,0.027227900
batch_sweep,b100,hybrid,default.qubit,4,2,100,2569,1,second_grad_quantum,14,0.019353300
batch_sweep,b100,hybrid,default.qubit,4,2,100,2569,1,second_grad_classical,14,0.007874600
batch_sweep,b100,hybrid,default.qubit,4,2,100,2569,1,param_grad,14,0.052477000
batch_sweep,b100,hybrid,default.qubit,4,2,100,2569,1,param_grad_quantum,14,0.026862500
batch_sweep,b100,hybrid,default.qubit,4,2,100,2569,1,param_grad_classical,14,0.025614500
batch_sweep,b5000,hybrid,default.qubit,4,2,5000,2569,1,forward,14,0.019931500
batch_sweep,b5000,hybrid,default.qubit,4,2,5000,2569,1,forward_quantum,14,0.018738500
batch_sweep,b5000,hybrid,default.qubit,4,2,5000,2569,1,forward_classical,14,0.001193000
batch_sweep,b5000,hybrid,default.qubit,4,2,5000,2569,1,first_grad,14,0.047621300
batch_sweep,b5000,hybrid,default.qubit,4,2,5000,2569,1,first_grad_quantum,14,0.044469800
batch_sweep,b5000,hybrid,default.qubit,4,2,5000,2569,1,first_grad_classical,14,0.003151500
batch_sweep,b5000,hybrid,default.qubit,4,2,5000,2569,1,second_grad,14,0.083227300
batch_sweep,b5000,hybrid,default.qubit,4,2,5000,2569,1,second_grad_quantum,14,0.054875100
batch_sweep,b5000,hybrid,default.qubit,4,2,5000,2569,1,second_grad_classical,14,0.028352200
batch_sweep,b5000,hybrid,default.qubit,4,2,5000,2569,1,param_grad,14,0.191372000
batch_sweep,b5000,hybrid,default.qubit,4,2,5000,2569,1,param_grad_quantum,14,0.083558400
batch_sweep,b5000,hybrid,default.qubit,4,2,5000,2569,1,param_grad_classical,14,0.107813600
batch_sweep,b1000,hybrid,default.qubit,4,2,1000,2569,0,forward,14,0.014429000
batch_sweep,b1000,hybrid,default.qubit,4,2,1000,2569,0,forward_quantum,14,0.013787700
batch_sweep,b1000,hybrid,default.qubit,4,2,1000,2569,0,forward_classical,14,0.000641300
batch_sweep,b1000,hybrid,default.qubit,4,2,1000,2569,0,first_grad,14,0.027046500
batch_sweep,b1000,hybrid,default.qubit,4,2,1000,2569,0,first_grad_quantum,14,0.022339600
batch_sweep,b1000,hybrid,default.qubit,4,2,1000,2569,0,first_grad_classical,14,0.004706900
batch_sweep,b1000,hybrid,default.qubit,4,2,1000,2569,0,second_grad,14,0.044826300
batch_sweep,b1000,hybrid,default.qubit,4,2,1000,2569,0,second_grad_quantum,14,0.030004400
batch_sweep,b1000,hybrid,default.qubit,4,2,1000,2569,0,second_grad_classical,14,0.014821900
batch_sweep,b1000,hybrid,default.qubit,4,2,1000,2569,0,param_grad,14,0.097372800
batch_sweep,b1000,hybrid,default.qubit,4,2,1000,2569,0,param_grad_quantum,14,0.044753200
batch_sweep,b1000,hybrid,default.qubit,4,2,1000,2569,0,param_grad_classical,14,0.052619600
batch_sweep,b2540,hybrid,default.qubit,4,2,2540,2569,2,forward,14,0.016100400
batch_sweep,b2540,hybrid,default.qubit,4,2,2540,2569,2,forward_quantum,14,0.015334000
batch_sweep,b2540,hybrid,default.qubit,4,2,2540,2569,2,forward_classical,14,0.000766400
batch_sweep,b2540,hybrid,default.qubit,4,2,2540,2569,2,first_grad,14,0.032174800
batch_sweep,b2540,hybrid,default.qubit,4,2,2540,2569,2,first_grad_quantum,14,0.029656400
batch_sweep,b2540,hybrid,default.qubit,4,2,2540,2569,2,first_grad_classical,14,0.002518400
batch_sweep,b2540,hybrid,default.qubit,4,2,2540,2569,2,second_grad,14,0.070184600
batch_sweep,b2540,hybrid,default.qubit,4,2,2540,2569,2,second_grad_quantum,14,0.046258900
batch_sweep,b2540,hybrid,default.qubit,4,2,2540,2569,2,second_grad_classical,14,0.023925700
batch_sweep,b2540,hybrid,default.qubit,4,2,2540,2569,2,param_grad,14,0.134033000
batch_sweep,b2540,hybrid,default.qubit,4,2,2540,2569,2,param_grad_quantum,14,0.059139900
batch_sweep,b2540,hybrid,default.qubit,4,2,2540,2569,2,param_grad_classical,14,0.074893100
batch_sweep,b100,hybrid,default.qubit,4,2,100,2569,0,forward,14,0.016704400
batch_sweep,b100,hybrid,default.qubit,4,2,100,2569,0,forward_quantum,14,0.011018100
batch_sweep,b100,hybrid,default.qubit,4,2,100,2569,0,forward_classical,14,0.005686300
batch_sweep,b100,hybrid,default.qubit,4,2,100,2569,0,first_grad,14,0.017679800
batch_sweep,b100,hybrid,default.qubit,4,2,100,2569,0,first_grad_quantum,14,0.015791600
batch_sweep,b100,hybrid,default.qubit,4,2,100,2569,0,first_grad_classical,14,0.001888200
batch_sweep,b100,hybrid,default.qubit,4,2,100,2569,0,second_grad,14,0.028571800
batch_sweep,b100,hybrid,default.qubit,4,2,100,2569,0,second_grad_quantum,14,0.020265800
batch_sweep,b100,hybrid,default.qubit,4,2,100,2569,0,second_grad_classical,14,0.008306000
batch_sweep,b100,hybrid,default.qubit,4,2,100,2569,0,param_grad,14,0.054845800
batch_sweep,b100,hybrid,default.qubit,4,2,100,2569,0,param_grad_quantum,14,0.028593100
batch_sweep,b100,hybrid,default.qubit,4,2,100,2569,0,param_grad_classical,14,0.026252700
batch_sweep,b2540,hybrid,default.qubit,4,2,2540,2569,0,forward,14,0.021717700
batch_sweep,b2540,hybrid,default.qubit,4,2,2540,2569,0,forward_quantum,14,0.020593100
batch_sweep,b2540,hybrid,default.qubit,4,2,2540,2569,0,forward_classical,14,0.001124600
batch_sweep,b2540,hybrid,default.qubit,4,2,2540,2569,0,first_grad,14,0.044763100
batch_sweep,b2540,hybrid,default.qubit,4,2,2540,2569,0,first_grad_quantum,14,0.040004700
batch_sweep,b2540,hybrid,default.qubit,4,2,2540,2569,0,first_grad_classical,14,0.004758400
batch_sweep,b2540,hybrid,default.qubit,4,2,2540,2569,0,second_grad,14,0.069033100
batch_sweep,b2540,hybrid,default.qubit,4,2,2540,2569,0,second_grad_quantum,14,0.045185800
batch_sweep,b2540,hybrid,default.qubit,4,2,2540,2569,0,second_grad_classical,14,0.023847300
batch_sweep,b2540,hybrid,default.qubit,4,2,2540,2569,0,param_grad,14,0.133478400
batch_sweep,b2540,hybrid,default.qubit,4,2,2540,2569,0,param_grad_quantum,14,0.057468400
batch_sweep,b2540,hybrid,default.qubit,4,2,2540,2569,0,param_grad_classical,14,0.076010000
batch_sweep,b100,hybrid,default.qubit,4,2,100,2569,2,forward,14,0.010735900
batch_sweep,b100,hybrid,default.qubit,4,2,100,2569,2,forward_quantum,14,0.010254200
batch_sweep,b100,hybrid,default.qubit,4,2,100,2569,2,forward_classical,14,0.000481700
batch_sweep,b100,hybrid,default.qubit,4,2,100,2569,2,first_grad,14,0.016063300
batch_sweep,b100,hybrid,default.qubit,4,2,100,2569,2,first_grad_quantum,14,0.014480600
batch_sweep,b100,hybrid,default.qubit,4,2,100,2569,2,first_grad_classical,14,0.001582700
batch_sweep,b100,hybrid,default.qubit,4,2,100,2569,2,second_grad,14,0.025346700
batch_sweep,b100,hybrid,default.qubit,4,2,100,2569,2,second_grad_quantum,14,0.018643400
batch_sweep,b100,hybrid,default.qubit,4,2,100,2569,2,second_grad_classical,14,0.006703300
batch_sweep,b100,hybrid,default.qubit,4,2,100,2569,2,param_grad,14,0.055782000
batch_sweep,b100,hybrid,default.qubit,4,2,100,2569,2,param_grad_quantum,14,0.028275800
batch_sweep,b100,hybrid,default.qubit,4,2,100,2569,2,param_grad_classical,14,0.027506200
batch_sweep,b500,hybrid,default.qubit,4,2,500,2569,2,forward,14,0.012462000
batch_sweep,b500,hybrid,default.qubit,4,2,500,2569,2,forward_quantum,14,0.011536300
batch_sweep,b500,hybrid,default.qubit,4,2,500,2569,2,forward_classical,14,0.000925700
batch_sweep,b500,hybrid,default.qubit,4,2,500,2569,2,first_grad,14,0.023181800
batch_sweep,b500,hybrid,default.qubit,4,2,500,2569,2,first_grad_quantum,14,0.021168900
batch_sweep,b500,hybrid,default.qubit,4,2,500,2569,2,first_grad_classical,14,0.002012900
batch_sweep,b500,hybrid,default.qubit,4,2,500,2569,2,second_grad,14,0.040349700
batch_sweep,b500,hybrid,default.qubit,4,2,500,2569,2,second_grad_quantum,14,0.028581100
batch_sweep,b500,hybrid,default.qubit,4,2,500,2569,2,second_grad_classical,14,0.011768600
batch_sweep,b500,hybrid,default.qubit,4,2,500,2569,2,param_grad,14,0.081849200
batch_sweep,b500,hybrid,default.qubit,4,2,500,2569,2,param_grad_quantum,14,0.040717100
batch_sweep,b500,hybrid,default.qubit,4,2,500,2569,2,param_grad_classical,14,0.041132100
batch_sweep,b500,hybrid,default.qubit,4,2,500,2569,2,forward,15,0.013354200
batch_sweep,b500,hybrid,default.qubit,4,2,500,2569,2,forward_quantum,15,0.012747100
batch_sweep,b500,hybrid,default.qubit,4,2,500,2569,2,forward_classical,15,0.000607100
batch_sweep,b500,hybrid,default.qubit,4,2,500,2569,2,first_grad,15,0.022445400
batch_sweep,b500,hybrid,default.qubit,4,2,500,2569,2,first_grad_quantum,15,0.020367600
batch_sweep,b500,hybrid,default.qubit,4,2,500,2569,2,first_grad_classical,15,0.002077800
batch_sweep,b500,hybrid,default.qubit,4,2,500,2569,2,second_grad,15,0.037708400
batch_sweep,b500,hybrid,default.qubit,4,2,500,2569,2,second_grad_quantum,15,0.026206000
batch_sweep,b500,hybrid,default.qubit,4,2,500,2569,2,second_grad_classical,15,0.011502400
batch_sweep,b500,hybrid,default.qubit,4,2,500,2569,2,param_grad,15,0.077351000
batch_sweep,b500,hybrid,default.qubit,4,2,500,2569,2,param_grad_quantum,15,0.037045800
batch_sweep,b500,hybrid,default.qubit,4,2,500,2569,2,param_grad_classical,15,0.040305200
batch_sweep,b5000,hybrid,default.qubit,4,2,5000,2569,2,forward,15,0.019281200
batch_sweep,b5000,hybrid,default.qubit,4,2,5000,2569,2,forward_quantum,15,0.018167900
batch_sweep,b5000,hybrid,default.qubit,4,2,5000,2569,2,forward_classical,15,0.001113300
batch_sweep,b5000,hybrid,default.qubit,4,2,5000,2569,2,first_grad,15,0.047284300
batch_sweep,b5000,hybrid,default.qubit,4,2,5000,2569,2,first_grad_quantum,15,0.044298800
batch_sweep,b5000,hybrid,default.qubit,4,2,5000,2569,2,first_grad_classical,15,0.002985500
batch_sweep,b5000,hybrid,default.qubit,4,2,5000,2569,2,second_grad,15,0.080441400
batch_sweep,b5000,hybrid,default.qubit,4,2,5000,2569,2,second_grad_quantum,15,0.051166600
batch_sweep,b5000,hybrid,default.qubit,4,2,5000,2569,2,second_grad_classical,15,0.029274800
batch_sweep,b5000,hybrid,default.qubit,4,2,5000,2569,2,param_grad,15,0.190921000
batch_sweep,b5000,hybrid,default.qubit,4,2,5000,2569,2,param_grad_quantum,15,0.081151900
batch_sweep,b5000,hybrid,default.qubit,4,2,5000,2569,2,param_grad_classical,15,0.109769100
batch_sweep,b1000,hybrid,default.qubit,4,2,1000,2569,2,forward,15,0.012461700
batch_sweep,b1000,hybrid,default.qubit,4,2,1000,2569,2,forward_quantum,15,0.011812100
batch_sweep,b1000,hybrid,default.qubit,4,2,1000,2569,2,forward_classical,15,0.000649600
batch_sweep,b1000,hybrid,default.qubit,4,2,1000,2569,2,first_grad,15,0.024137200
batch_sweep,b1000,hybrid,default.qubit,4,2,1000,2569,2,first_grad_quantum,15,0.022105500
batch_sweep,b1000,hybrid,default.qubit,4,2,1000,2569,2,first_grad_classical,15,0.002031700
batch_sweep,b1000,hybrid,default.qubit,4,2,1000,2569,2,second_grad,15,0.044514400
batch_sweep,b1000,hybrid,default.qubit,4,2,1000,2569,2,second_grad_quantum,15,0.030245400
batch_sweep,b1000,hybrid,default.qubit,4,2,1000,2569,2,second_grad_classical,15,0.014269000
batch_sweep,b1000,hybrid,default.qubit,4,2,1000,2569,2,param_grad,15,0.095527100
batch_sweep,b1000,hybrid,default.qubit,4,2,1000,2569,2,param_grad_quantum,15,0.043441000
batch_sweep,b1000,hybrid,default.qubit,4,2,1000,2569,2,param_grad_classical,15,0.052086100
batch_sweep,b500,hybrid,default.qubit,4,2,500,2569,0,forward,15,0.015850100
batch_sweep,b500,hybrid,default.qubit,4,2,500,2569,0,forward_quantum,15,0.012806200
batch_sweep,b500,hybrid,default.qubit,4,2,500,2569,0,forward_classical,15,0.003043900
batch_sweep,b500,hybrid,default.qubit,4,2,500,2569,0,first_grad,15,0.020317600
batch_sweep,b500,hybrid,default.qubit,4,2,500,2569,0,first_grad_quantum,15,0.017817700
batch_sweep,b500,hybrid,default.qubit,4,2,500,2569,0,first_grad_classical,15,0.002499900
batch_sweep,b500,hybrid,default.qubit,4,2,500,2569,0,second_grad,15,0.038762400
batch_sweep,b500,hybrid,default.qubit,4,2,500,2569,0,second_grad_quantum,15,0.026413800
batch_sweep,b500,hybrid,default.qubit,4,2,500,2569,0,second_grad_classical,15,0.012348600
batch_sweep,b500,hybrid,default.qubit,4,2,500,2569,0,param_grad,15,0.075449800
batch_sweep,b500,hybrid,default.qubit,4,2,500,2569,0,param_grad_quantum,15,0.036389100
batch_sweep,b500,hybrid,default.qubit,4,2,500,2569,0,param_grad_classical,15,0.039060700
batch_sweep,b1000,hybrid,default.qubit,4,2,1000,2569,0,forward,15,0.015328600
batch_sweep,b1000,hybrid,default.qubit,4,2,1000,2569,0,forward_quantum,15,0.014671700
batch_sweep,b1000,hybrid,default.qubit,4,2,1000,2569,0,forward_classical,15,0.000656900
batch_sweep,b1000,hybrid,default.qubit,4,2,1000,2569,0,first_grad,15,0.025837700
batch_sweep,b1000,hybrid,default.qubit,4,2,1000,2569,0,first_grad_quantum,15,0.023807900
batch_sweep,b1000,hybrid,default.qubit,4,2,1000,2569,0,first_grad_classical,15,0.002029800
batch_sweep,b1000,hybrid,default.qubit,4,2,1000,2569,0,second_grad,15,0.043936300
batch_sweep,b1000,hybrid,default.qubit,4,2,1000,2569,0,second_grad_quantum,15,0.029623800
batch_sweep,b1000,hybrid,default.qubit,4,2,1000,2569,0,second_grad_classical,15,0.014312500
batch_sweep,b1000,hybrid,default.qubit,4,2,1000,2569,0,param_grad,15,0.094887300
batch_sweep,b1000,hybrid,default.qubit,4,2,1000,2569,0,param_grad_quantum,15,0.043832700
batch_sweep,b1000,hybrid,default.qubit,4,2,1000,2569,0,param_grad_classical,15,0.051054600
batch_sweep,b2540,hybrid,default.qubit,4,2,2540,2569,2,forward,15,0.016261000
batch_sweep,b2540,hybrid,default.qubit,4,2,2540,2569,2,forward_quantum,15,0.015470700
batch_sweep,b2540,hybrid,default.qubit,4,2,2540,2569,2,forward_classical,15,0.000790300
batch_sweep,b2540,hybrid,default.qubit,4,2,2540,2569,2,first_grad,15,0.033599000
batch_sweep,b2540,hybrid,default.qubit,4,2,2540,2569,2,first_grad_quantum,15,0.030989100
batch_sweep,b2540,hybrid,default.qubit,4,2,2540,2569,2,first_grad_classical,15,0.002609900
batch_sweep,b2540,hybrid,default.qubit,4,2,2540,2569,2,second_grad,15,0.070468500
batch_sweep,b2540,hybrid,default.qubit,4,2,2540,2569,2,second_grad_quantum,15,0.045298700
batch_sweep,b2540,hybrid,default.qubit,4,2,2540,2569,2,second_grad_classical,15,0.025169800
batch_sweep,b2540,hybrid,default.qubit,4,2,2540,2569,2,param_grad,15,0.135293900
batch_sweep,b2540,hybrid,default.qubit,4,2,2540,2569,2,param_grad_quantum,15,0.060885600
batch_sweep,b2540,hybrid,default.qubit,4,2,2540,2569,2,param_grad_classical,15,0.074408300
batch_sweep,b2540,hybrid,default.qubit,4,2,2540,2569,0,forward,15,0.015351300
batch_sweep,b2540,hybrid,default.qubit,4,2,2540,2569,0,forward_quantum,15,0.014494700
batch_sweep,b2540,hybrid,default.qubit,4,2,2540,2569,0,forward_classical,15,0.000856600
batch_sweep,b2540,hybrid,default.qubit,4,2,2540,2569,0,first_grad,15,0.033816000
batch_sweep,b2540,hybrid,default.qubit,4,2,2540,2569,0,first_grad_quantum,15,0.029498200
batch_sweep,b2540,hybrid,default.qubit,4,2,2540,2569,0,first_grad_classical,15,0.004317800
batch_sweep,b2540,hybrid,default.qubit,4,2,2540,2569,0,second_grad,15,0.066986300
batch_sweep,b2540,hybrid,default.qubit,4,2,2540,2569,0,second_grad_quantum,15,0.044764800
batch_sweep,b2540,hybrid,default.qubit,4,2,2540,2569,0,second_grad_classical,15,0.022221500
batch_sweep,b2540,hybrid,default.qubit,4,2,2540,2569,0,param_grad,15,0.135572900
batch_sweep,b2540,hybrid,default.qubit,4,2,2540,2569,0,param_grad_quantum,15,0.060775900
batch_sweep,b2540,hybrid,default.qubit,4,2,2540,2569,0,param_grad_classical,15,0.074797000
batch_sweep,b100,hybrid,default.qubit,4,2,100,2569,1,forward,15,0.013441300
batch_sweep,b100,hybrid,default.qubit,4,2,100,2569,1,forward_quantum,15,0.010666600
batch_sweep,b100,hybrid,default.qubit,4,2,100,2569,1,forward_classical,15,0.002774700
batch_sweep,b100,hybrid,default.qubit,4,2,100,2569,1,first_grad,15,0.017156200
batch_sweep,b100,hybrid,default.qubit,4,2,100,2569,1,first_grad_quantum,15,0.015441100
batch_sweep,b100,hybrid,default.qubit,4,2,100,2569,1,first_grad_classical,15,0.001715100
batch_sweep,b100,hybrid,default.qubit,4,2,100,2569,1,second_grad,15,0.032685000
batch_sweep,b100,hybrid,default.qubit,4,2,100,2569,1,second_grad_quantum,15,0.021711500
batch_sweep,b100,hybrid,default.qubit,4,2,100,2569,1,second_grad_classical,15,0.010973500
batch_sweep,b100,hybrid,default.qubit,4,2,100,2569,1,param_grad,15,0.054162700
batch_sweep,b100,hybrid,default.qubit,4,2,100,2569,1,param_grad_quantum,15,0.026998500
batch_sweep,b100,hybrid,default.qubit,4,2,100,2569,1,param_grad_classical,15,0.027164200
batch_sweep,b5000,hybrid,default.qubit,4,2,5000,2569,0,forward,15,0.020092000
batch_sweep,b5000,hybrid,default.qubit,4,2,5000,2569,0,forward_quantum,15,0.018823200
batch_sweep,b5000,hybrid,default.qubit,4,2,5000,2569,0,forward_classical,15,0.001268800
batch_sweep,b5000,hybrid,default.qubit,4,2,5000,2569,0,first_grad,15,0.046116800
batch_sweep,b5000,hybrid,default.qubit,4,2,5000,2569,0,first_grad_quantum,15,0.042951000
batch_sweep,b5000,hybrid,default.qubit,4,2,5000,2569,0,first_grad_classical,15,0.003165800
batch_sweep,b5000,hybrid,default.qubit,4,2,5000,2569,0,second_grad,15,0.083025000
batch_sweep,b5000,hybrid,default.qubit,4,2,5000,2569,0,second_grad_quantum,15,0.054222900
batch_sweep,b5000,hybrid,default.qubit,4,2,5000,2569,0,second_grad_classical,15,0.028802100
batch_sweep,b5000,hybrid,default.qubit,4,2,5000,2569,0,param_grad,15,0.201897900
batch_sweep,b5000,hybrid,default.qubit,4,2,5000,2569,0,param_grad_quantum,15,0.088320100
batch_sweep,b5000,hybrid,default.qubit,4,2,5000,2569,0,param_grad_classical,15,0.113577800
batch_sweep,b2540,hybrid,default.qubit,4,2,2540,2569,1,forward,15,0.017635000
batch_sweep,b2540,hybrid,default.qubit,4,2,2540,2569,1,forward_quantum,15,0.016832100
batch_sweep,b2540,hybrid,default.qubit,4,2,2540,2569,1,forward_classical,15,0.000802900
batch_sweep,b2540,hybrid,default.qubit,4,2,2540,2569,1,first_grad,15,0.030422700
batch_sweep,b2540,hybrid,default.qubit,4,2,2540,2569,1,first_grad_quantum,15,0.027976000
batch_sweep,b2540,hybrid,default.qubit,4,2,2540,2569,1,first_grad_classical,15,0.002446700
batch_sweep,b2540,hybrid,default.qubit,4,2,2540,2569,1,second_grad,15,0.067716300
batch_sweep,b2540,hybrid,default.qubit,4,2,2540,2569,1,second_grad_quantum,15,0.043784600
batch_sweep,b2540,hybrid,default.qubit,4,2,2540,2569,1,second_grad_classical,15,0.023931700
batch_sweep,b2540,hybrid,default.qubit,4,2,2540,2569,1,param_grad,15,0.129958800
batch_sweep,b2540,hybrid,default.qubit,4,2,2540,2569,1,param_grad_quantum,15,0.059013100
batch_sweep,b2540,hybrid,default.qubit,4,2,2540,2569,1,param_grad_classical,15,0.070945700
batch_sweep,b5000,hybrid,default.qubit,4,2,5000,2569,1,forward,15,0.027695000
batch_sweep,b5000,hybrid,default.qubit,4,2,5000,2569,1,forward_quantum,15,0.019560600
batch_sweep,b5000,hybrid,default.qubit,4,2,5000,2569,1,forward_classical,15,0.008134400
batch_sweep,b5000,hybrid,default.qubit,4,2,5000,2569,1,first_grad,15,0.048310200
batch_sweep,b5000,hybrid,default.qubit,4,2,5000,2569,1,first_grad_quantum,15,0.044558700
batch_sweep,b5000,hybrid,default.qubit,4,2,5000,2569,1,first_grad_classical,15,0.003751500
batch_sweep,b5000,hybrid,default.qubit,4,2,5000,2569,1,second_grad,15,0.085667500
batch_sweep,b5000,hybrid,default.qubit,4,2,5000,2569,1,second_grad_quantum,15,0.057804400
batch_sweep,b5000,hybrid,default.qubit,4,2,5000,2569,1,second_grad_classical,15,0.027863100
batch_sweep,b5000,hybrid,default.qubit,4,2,5000,2569,1,param_grad,15,0.197374200
batch_sweep,b5000,hybrid,default.qubit,4,2,5000,2569,1,param_grad_quantum,15,0.083014500
batch_sweep,b5000,hybrid,default.qubit,4,2,5000,2569,1,param_grad_classical,15,0.114359700
batch_sweep,b500,hybrid,default.qubit,4,2,500,2569,1,forward,15,0.012711200
batch_sweep,b500,hybrid,default.qubit,4,2,500,2569,1,forward_quantum,15,0.012135600
batch_sweep,b500,hybrid,default.qubit,4,2,500,2569,1,forward_classical,15,0.000575600
batch_sweep,b500,hybrid,default.qubit,4,2,500,2569,1,first_grad,15,0.023903800
batch_sweep,b500,hybrid,default.qubit,4,2,500,2569,1,first_grad_quantum,15,0.019441000
batch_sweep,b500,hybrid,default.qubit,4,2,500,2569,1,first_grad_classical,15,0.004462800
batch_sweep,b500,hybrid,default.qubit,4,2,500,2569,1,second_grad,15,0.035054400
batch_sweep,b500,hybrid,default.qubit,4,2,500,2569,1,second_grad_quantum,15,0.024885900
batch_sweep,b500,hybrid,default.qubit,4,2,500,2569,1,second_grad_classical,15,0.010168500
batch_sweep,b500,hybrid,default.qubit,4,2,500,2569,1,param_grad,15,0.072931200
batch_sweep,b500,hybrid,default.qubit,4,2,500,2569,1,param_grad_quantum,15,0.036810400
batch_sweep,b500,hybrid,default.qubit,4,2,500,2569,1,param_grad_classical,15,0.036120800
batch_sweep,b100,hybrid,default.qubit,4,2,100,2569,2,forward,15,0.010821200
batch_sweep,b100,hybrid,default.qubit,4,2,100,2569,2,forward_quantum,15,0.010290300
batch_sweep,b100,hybrid,default.qubit,4,2,100,2569,2,forward_classical,15,0.000530900
batch_sweep,b100,hybrid,default.qubit,4,2,100,2569,2,first_grad,15,0.017086700
batch_sweep,b100,hybrid,default.qubit,4,2,100,2569,2,first_grad_quantum,15,0.015311600
batch_sweep,b100,hybrid,default.qubit,4,2,100,2569,2,first_grad_classical,15,0.001775100
batch_sweep,b100,hybrid,default.qubit,4,2,100,2569,2,second_grad,15,0.027616900
batch_sweep,b100,hybrid,default.qubit,4,2,100,2569,2,second_grad_quantum,15,0.019450400
batch_sweep,b100,hybrid,default.qubit,4,2,100,2569,2,second_grad_classical,15,0.008166500
batch_sweep,b100,hybrid,default.qubit,4,2,100,2569,2,param_grad,15,0.055473600
batch_sweep,b100,hybrid,default.qubit,4,2,100,2569,2,param_grad_quantum,15,0.026682900
batch_sweep,b100,hybrid,default.qubit,4,2,100,2569,2,param_grad_classical,15,0.028790700
batch_sweep,b1000,hybrid,default.qubit,4,2,1000,2569,1,forward,15,0.015536800
batch_sweep,b1000,hybrid,default.qubit,4,2,1000,2569,1,forward_quantum,15,0.014896000
batch_sweep,b1000,hybrid,default.qubit,4,2,1000,2569,1,forward_classical,15,0.000640800
batch_sweep,b1000,hybrid,default.qubit,4,2,1000,2569,1,first_grad,15,0.026846800
batch_sweep,b1000,hybrid,default.qubit,4,2,1000,2569,1,first_grad_quantum,15,0.024705300
batch_sweep,b1000,hybrid,default.qubit,4,2,1000,2569,1,first_grad_classical,15,0.002141500
batch_sweep,b1000,hybrid,default.qubit,4,2,1000,2569,1,second_grad,15,0.049306400
batch_sweep,b1000,hybrid,default.qubit,4,2,1000,2569,1,second_grad_quantum,15,0.033457200
batch_sweep,b1000,hybrid,default.qubit,4,2,1000,2569,1,second_grad_classical,15,0.015849200
batch_sweep,b1000,hybrid,default.qubit,4,2,1000,2569,1,param_grad,15,0.097834300
batch_sweep,b1000,hybrid,default.qubit,4,2,1000,2569,1,param_grad_quantum,15,0.045733200
batch_sweep,b1000,hybrid,default.qubit,4,2,1000,2569,1,param_grad_classical,15,0.052101100
batch_sweep,b100,hybrid,default.qubit,4,2,100,2569,0,forward,15,0.010590100
batch_sweep,b100,hybrid,default.qubit,4,2,100,2569,0,forward_quantum,15,0.010048200
batch_sweep,b100,hybrid,default.qubit,4,2,100,2569,0,forward_classical,15,0.000541900
batch_sweep,b100,hybrid,default.qubit,4,2,100,2569,0,first_grad,15,0.018066000
batch_sweep,b100,hybrid,default.qubit,4,2,100,2569,0,first_grad_quantum,15,0.016039800
batch_sweep,b100,hybrid,default.qubit,4,2,100,2569,0,first_grad_classical,15,0.002026200
batch_sweep,b100,hybrid,default.qubit,4,2,100,2569,0,second_grad,15,0.025122300
batch_sweep,b100,hybrid,default.qubit,4,2,100,2569,0,second_grad_quantum,15,0.017068200
batch_sweep,b100,hybrid,default.qubit,4,2,100,2569,0,second_grad_classical,15,0.008054100
batch_sweep,b100,hybrid,default.qubit,4,2,100,2569,0,param_grad,15,0.053507200
batch_sweep,b100,hybrid,default.qubit,4,2,100,2569,0,param_grad_quantum,15,0.028194500
batch_sweep,b100,hybrid,default.qubit,4,2,100,2569,0,param_grad_classical,15,0.025312700
batch_sweep,b100,hybrid,default.qubit,4,2,100,2569,2,forward,16,0.011019600
batch_sweep,b100,hybrid,default.qubit,4,2,100,2569,2,forward_quantum,16,0.010480400
batch_sweep,b100,hybrid,default.qubit,4,2,100,2569,2,forward_classical,16,0.000539200
batch_sweep,b100,hybrid,default.qubit,4,2,100,2569,2,first_grad,16,0.017718300
batch_sweep,b100,hybrid,default.qubit,4,2,100,2569,2,first_grad_quantum,16,0.015898300
batch_sweep,b100,hybrid,default.qubit,4,2,100,2569,2,first_grad_classical,16,0.001820000
batch_sweep,b100,hybrid,default.qubit,4,2,100,2569,2,second_grad,16,0.027204100
batch_sweep,b100,hybrid,default.qubit,4,2,100,2569,2,second_grad_quantum,16,0.019303600
batch_sweep,b100,hybrid,default.qubit,4,2,100,2569,2,second_grad_classical,16,0.007900500
batch_sweep,b100,hybrid,default.qubit,4,2,100,2569,2,param_grad,16,0.053279800
batch_sweep,b100,hybrid,default.qubit,4,2,100,2569,2,param_grad_quantum,16,0.027485700
batch_sweep,b100,hybrid,default.qubit,4,2,100,2569,2,param_grad_classical,16,0.025794100
batch_sweep,b500,hybrid,default.qubit,4,2,500,2569,1,forward,16,0.014547300
batch_sweep,b500,hybrid,default.qubit,4,2,500,2569,1,forward_quantum,16,0.013105300
batch_sweep,b500,hybrid,default.qubit,4,2,500,2569,1,forward_classical,16,0.001442000
batch_sweep,b500,hybrid,default.qubit,4,2,500,2569,1,first_grad,16,0.024032100
batch_sweep,b500,hybrid,default.qubit,4,2,500,2569,1,first_grad_quantum,16,0.021890500
batch_sweep,b500,hybrid,default.qubit,4,2,500,2569,1,first_grad_classical,16,0.002141600
batch_sweep,b500,hybrid,default.qubit,4,2,500,2569,1,second_grad,16,0.038634800
batch_sweep,b500,hybrid,default.qubit,4,2,500,2569,1,second_grad_quantum,16,0.026934100
batch_sweep,b500,hybrid,default.qubit,4,2,500,2569,1,second_grad_classical,16,0.011700700
batch_sweep,b500,hybrid,default.qubit,4,2,500,2569,1,param_grad,16,0.074190000
batch_sweep,b500,hybrid,default.qubit,4,2,500,2569,1,param_grad_quantum,16,0.036295400
batch_sweep,b500,hybrid,default.qubit,4,2,500,2569,1,param_grad_classical,16,0.037894600
batch_sweep,b2540,hybrid,default.qubit,4,2,2540,2569,2,forward,16,0.016807800
batch_sweep,b2540,hybrid,default.qubit,4,2,2540,2569,2,forward_quantum,16,0.016012500
batch_sweep,b2540,hybrid,default.qubit,4,2,2540,2569,2,forward_classical,16,0.000795300
batch_sweep,b2540,hybrid,default.qubit,4,2,2540,2569,2,first_grad,16,0.037307600
batch_sweep,b2540,hybrid,default.qubit,4,2,2540,2569,2,first_grad_quantum,16,0.034546300
batch_sweep,b2540,hybrid,default.qubit,4,2,2540,2569,2,first_grad_classical,16,0.002761300
batch_sweep,b2540,hybrid,default.qubit,4,2,2540,2569,2,second_grad,16,0.070002900
batch_sweep,b2540,hybrid,default.qubit,4,2,2540,2569,2,second_grad_quantum,16,0.045919800
batch_sweep,b2540,hybrid,default.qubit,4,2,2540,2569,2,second_grad_classical,16,0.024083100
batch_sweep,b2540,hybrid,default.qubit,4,2,2540,2569,2,param_grad,16,0.133708000
batch_sweep,b2540,hybrid,default.qubit,4,2,2540,2569,2,param_grad_quantum,16,0.057875100
batch_sweep,b2540,hybrid,default.qubit,4,2,2540,2569,2,param_grad_classical,16,0.075832900
batch_sweep,b5000,hybrid,default.qubit,4,2,5000,2569,1,forward,16,0.020664700
batch_sweep,b5000,hybrid,default.qubit,4,2,5000,2569,1,forward_quantum,16,0.019615700
batch_sweep,b5000,hybrid,default.qubit,4,2,5000,2569,1,forward_classical,16,0.001049000
batch_sweep,b5000,hybrid,default.qubit,4,2,5000,2569,1,first_grad,16,0.040167700
batch_sweep,b5000,hybrid,default.qubit,4,2,5000,2569,1,first_grad_quantum,16,0.037031800
batch_sweep,b5000,hybrid,default.qubit,4,2,5000,2569,1,first_grad_classical,16,0.003135900
batch_sweep,b5000,hybrid,default.qubit,4,2,5000,2569,1,second_grad,16,0.083951000
batch_sweep,b5000,hybrid,default.qubit,4,2,5000,2569,1,second_grad_quantum,16,0.055418100
batch_sweep,b5000,hybrid,default.qubit,4,2,5000,2569,1,second_grad_classical,16,0.028532900
batch_sweep,b5000,hybrid,default.qubit,4,2,5000,2569,1,param_grad,16,0.204810000
batch_sweep,b5000,hybrid,default.qubit,4,2,5000,2569,1,param_grad_quantum,16,0.084726900
batch_sweep,b5000,hybrid,default.qubit,4,2,5000,2569,1,param_grad_classical,16,0.120083100
batch_sweep,b5000,hybrid,default.qubit,4,2,5000,2569,2,forward,16,0.020181000
batch_sweep,b5000,hybrid,default.qubit,4,2,5000,2569,2,forward_quantum,16,0.019232600
batch_sweep,b5000,hybrid,default.qubit,4,2,5000,2569,2,forward_classical,16,0.000948400
batch_sweep,b5000,hybrid,default.qubit,4,2,5000,2569,2,first_grad,16,0.049195700
batch_sweep,b5000,hybrid,default.qubit,4,2,5000,2569,2,first_grad_quantum,16,0.045908800
batch_sweep,b5000,hybrid,default.qubit,4,2,5000,2569,2,first_grad_classical,16,0.003286900
batch_sweep,b5000,hybrid,default.qubit,4,2,5000,2569,2,second_grad,16,0.088385200
batch_sweep,b5000,hybrid,default.qubit,4,2,5000,2569,2,second_grad_quantum,16,0.055850100
batch_sweep,b5000,hybrid,default.qubit,4,2,5000,2569,2,second_grad_classical,16,0.032535100
batch_sweep,b5000,hybrid,default.qubit,4,2,5000,2569,2,param_grad,16,0.186701700
batch_sweep,b5000,hybrid,default.qubit,4,2,5000,2569,2,param_grad_quantum,16,0.078899300
batch_sweep,b5000,hybrid,default.qubit,4,2,5000,2569,2,param_grad_classical,16,0.107802400
batch_sweep,b2540,hybrid,default.qubit,4,2,2540,2569,0,forward,16,0.016841300
batch_sweep,b2540,hybrid,default.qubit,4,2,2540,2569,0,forward_quantum,16,0.015901300
batch_sweep,b2540,hybrid,default.qubit,4,2,2540,2569,0,forward_classical,16,0.000940000
batch_sweep,b2540,hybrid,default.qubit,4,2,2540,2569,0,first_grad,16,0.035138400
batch_sweep,b2540,hybrid,default.qubit,4,2,2540,2569,0,first_grad_quantum,16,0.030197400
batch_sweep,b2540,hybrid,default.qubit,4,2,2540,2569,0,first_grad_classical,16,0.004941000
batch_sweep,b2540,hybrid,default.qubit,4,2,2540,2569,0,second_grad,16,0.066028000
batch_sweep,b2540,hybrid,default.qubit,4,2,2540,2569,0,second_grad_quantum,16,0.044944200
batch_sweep,b2540,hybrid,default.qubit,4,2,2540,2569,0,second_grad_classical,16,0.021083800
batch_sweep,b2540,hybrid,default.qubit,4,2,2540,2569,0,param_grad,16,0.132234000
batch_sweep,b2540,hybrid,default.qubit,4,2,2540,2569,0,param_grad_quantum,16,0.060663600
batch_sweep,b2540,hybrid,default.qubit,4,2,2540,2569,0,param_grad_classical,16,0.071570400
batch_sweep,b1000,hybrid,default.qubit,4,2,1000,2569,2,forward,16,0.014501800
batch_sweep,b1000,hybrid,default.qubit,4,2,1000,2569,2,forward_quantum,16,0.013790200
batch_sweep,b1000,hybrid,default.qubit,4,2,1000,2569,2,forward_classical,16,0.000711600
batch_sweep,b1000,hybrid,default.qubit,4,2,1000,2569,2,first_grad,16,0.021792900
batch_sweep,b1000,hybrid,default.qubit,4,2,1000,2569,2,first_grad_quantum,16,0.019742800
batch_sweep,b1000,hybrid,default.qubit,4,2,1000,2569,2,first_grad_classical,16,0.002050100
batch_sweep,b1000,hybrid,default.qubit,4,2,1000,2569,2,second_grad,16,0.050361300
batch_sweep,b1000,hybrid,default.qubit,4,2,1000,2569,2,second_grad_quantum,16,0.032225100
batch_sweep,b1000,hybrid,default.qubit,4,2,1000,2569,2,second_grad_classical,16,0.018136200
batch_sweep,b1000,hybrid,default.qubit,4,2,1000,2569,2,param_grad,16,0.093837400
batch_sweep,b1000,hybrid,default.qubit,4,2,1000,2569,2,param_grad_quantum,16,0.042064100
batch_sweep,b1000,hybrid,default.qubit,4,2,1000,2569,2,param_grad_classical,16,0.051773300
batch_sweep,b1000,hybrid,default.qubit,4,2,1000,2569,0,forward,16,0.014983100
batch_sweep,b1000,hybrid,default.qubit,4,2,1000,2569,0,forward_quantum,16,0.014343800
batch_sweep,b1000,hybrid,default.qubit,4,2,1000,2569,0,forward_classical,16,0.000639300
batch_sweep,b1000,hybrid,default.qubit,4,2,1000,2569,0,first_grad,16,0.023468800
batch_sweep,b1000,hybrid,default.qubit,4,2,1000,2569,0,first_grad_quantum,16,0.021246500
batch_sweep,b1000,hybrid,default.qubit,4,2,1000,2569,0,first_grad_classical,16,0.002222300
batch_sweep,b1000,hybrid,default.qubit,4,2,1000,2569,0,second_grad,16,0.044129600
batch_sweep,b1000,hybrid,default.qubit,4,2,1000,2569,0,second_grad_quantum,16,0.030757900
batch_sweep,b1000,hybrid,default.qubit,4,2,1000,2569,0,second_grad_classical,16,0.013371700
batch_sweep,b1000,hybrid,default.qubit,4,2,1000,2569,0,param_grad,16,0.093281100
batch_sweep,b1000,hybrid,default.qubit,4,2,1000,2569,0,param_grad_quantum,16,0.042261600
batch_sweep,b1000,hybrid,default.qubit,4,2,1000,2569,0,param_grad_classical,16,0.051019500
batch_sweep,b5000,hybrid,default.qubit,4,2,5000,2569,0,forward,16,0.019764100
batch_sweep,b5000,hybrid,default.qubit,4,2,5000,2569,0,forward_quantum,16,0.018789900
batch_sweep,b5000,hybrid,default.qubit,4,2,5000,2569,0,forward_classical,16,0.000974200
batch_sweep,b5000,hybrid,default.qubit,4,2,5000,2569,0,first_grad,16,0.043839400
batch_sweep,b5000,hybrid,default.qubit,4,2,5000,2569,0,first_grad_quantum,16,0.040194000
batch_sweep,b5000,hybrid,default.qubit,4,2,5000,2569,0,first_grad_classical,16,0.003645400
batch_sweep,b5000,hybrid,default.qubit,4,2,5000,2569,0,second_grad,16,0.092368200
batch_sweep,b5000,hybrid,default.qubit,4,2,5000,2569,0,second_grad_quantum,16,0.060512500
batch_sweep,b5000,hybrid,default.qubit,4,2,5000,2569,0,second_grad_classical,16,0.031855700
batch_sweep,b5000,hybrid,default.qubit,4,2,5000,2569,0,param_grad,16,0.202926000
batch_sweep,b5000,hybrid,default.qubit,4,2,5000,2569,0,param_grad_quantum,16,0.083011700
batch_sweep,b5000,hybrid,default.qubit,4,2,5000,2569,0,param_grad_classical,16,0.119914300
batch_sweep,b2540,hybrid,default.qubit,4,2,2540,2569,1,forward,16,0.017466100
batch_sweep,b2540,hybrid,default.qubit,4,2,2540,2569,1,forward_quantum,16,0.016686700
batch_sweep,b2540,hybrid,default.qubit,4,2,2540,2569,1,forward_classical,16,0.000779400
batch_sweep,b2540,hybrid,default.qubit,4,2,2540,2569,1,first_grad,16,0.031976900
batch_sweep,b2540,hybrid,default.qubit,4,2,2540,2569,1,first_grad_quantum,16,0.029086600
batch_sweep,b2540,hybrid,default.qubit,4,2,2540,2569,1,first_grad_classical,16,0.002890300
batch_sweep,b2540,hybrid,default.qubit,4,2,2540,2569,1,second_grad,16,0.063562800
batch_sweep,b2540,hybrid,default.qubit,4,2,2540,2569,1,second_grad_quantum,16,0.042351200
batch_sweep,b2540,hybrid,default.qubit,4,2,2540,2569,1,second_grad_classical,16,0.021211600
batch_sweep,b2540,hybrid,default.qubit,4,2,2540,2569,1,param_grad,16,0.133812100
batch_sweep,b2540,hybrid,default.qubit,4,2,2540,2569,1,param_grad_quantum,16,0.057710100
batch_sweep,b2540,hybrid,default.qubit,4,2,2540,2569,1,param_grad_classical,16,0.076102000
batch_sweep,b100,hybrid,default.qubit,4,2,100,2569,0,forward,16,0.014359700
batch_sweep,b100,hybrid,default.qubit,4,2,100,2569,0,forward_quantum,16,0.010971900
batch_sweep,b100,hybrid,default.qubit,4,2,100,2569,0,forward_classical,16,0.003387800
batch_sweep,b100,hybrid,default.qubit,4,2,100,2569,0,first_grad,16,0.018447700
batch_sweep,b100,hybrid,default.qubit,4,2,100,2569,0,first_grad_quantum,16,0.016582500
batch_sweep,b100,hybrid,default.qubit,4,2,100,2569,0,first_grad_classical,16,0.001865200
batch_sweep,b100,hybrid,default.qubit,4,2,100,2569,0,second_grad,16,0.025865200
batch_sweep,b100,hybrid,default.qubit,4,2,100,2569,0,second_grad_quantum,16,0.019062900
batch_sweep,b100,hybrid,default.qubit,4,2,100,2569,0,second_grad_classical,16,0.006802300
batch_sweep,b100,hybrid,default.qubit,4,2,100,2569,0,param_grad,16,0.057058600
batch_sweep,b100,hybrid,default.qubit,4,2,100,2569,0,param_grad_quantum,16,0.026727700
batch_sweep,b100,hybrid,default.qubit,4,2,100,2569,0,param_grad_classical,16,0.030330900
batch_sweep,b100,hybrid,default.qubit,4,2,100,2569,1,forward,16,0.011113000
batch_sweep,b100,hybrid,default.qubit,4,2,100,2569,1,forward_quantum,16,0.010587600
batch_sweep,b100,hybrid,default.qubit,4,2,100,2569,1,forward_classical,16,0.000525400
batch_sweep,b100,hybrid,default.qubit,4,2,100,2569,1,first_grad,16,0.015923800
batch_sweep,b100,hybrid,default.qubit,4,2,100,2569,1,first_grad_quantum,16,0.014319500
batch_sweep,b100,hybrid,default.qubit,4,2,100,2569,1,first_grad_classical,16,0.001604300
batch_sweep,b100,hybrid,default.qubit,4,2,100,2569,1,second_grad,16,0.028111400
batch_sweep,b100,hybrid,default.qubit,4,2,100,2569,1,second_grad_quantum,16,0.019675400
batch_sweep,b100,hybrid,default.qubit,4,2,100,2569,1,second_grad_classical,16,0.008436000
batch_sweep,b100,hybrid,default.qubit,4,2,100,2569,1,param_grad,16,0.054182600
batch_sweep,b100,hybrid,default.qubit,4,2,100,2569,1,param_grad_quantum,16,0.028684000
batch_sweep,b100,hybrid,default.qubit,4,2,100,2569,1,param_grad_classical,16,0.025498600
batch_sweep,b500,hybrid,default.qubit,4,2,500,2569,0,forward,16,0.012253900
batch_sweep,b500,hybrid,default.qubit,4,2,500,2569,0,forward_quantum,16,0.011669300
batch_sweep,b500,hybrid,default.qubit,4,2,500,2569,0,forward_classical,16,0.000584600
batch_sweep,b500,hybrid,default.qubit,4,2,500,2569,0,first_grad,16,0.023771000
batch_sweep,b500,hybrid,default.qubit,4,2,500,2569,0,first_grad_quantum,16,0.019506500
batch_sweep,b500,hybrid,default.qubit,4,2,500,2569,0,first_grad_classical,16,0.004264500
batch_sweep,b500,hybrid,default.qubit,4,2,500,2569,0,second_grad,16,0.040455900
batch_sweep,b500,hybrid,default.qubit,4,2,500,2569,0,second_grad_quantum,16,0.028129500
batch_sweep,b500,hybrid,default.qubit,4,2,500,2569,0,second_grad_classical,16,0.012326400
batch_sweep,b500,hybrid,default.qubit,4,2,500,2569,0,param_grad,16,0.072622200
batch_sweep,b500,hybrid,default.qubit,4,2,500,2569,0,param_grad_quantum,16,0.035440100
batch_sweep,b500,hybrid,default.qubit,4,2,500,2569,0,param_grad_classical,16,0.037182100
batch_sweep,b500,hybrid,default.qubit,4,2,500,2569,2,forward,16,0.012267100
batch_sweep,b500,hybrid,default.qubit,4,2,500,2569,2,forward_quantum,16,0.011765800
batch_sweep,b500,hybrid,default.qubit,4,2,500,2569,2,forward_classical,16,0.000501300
batch_sweep,b500,hybrid,default.qubit,4,2,500,2569,2,first_grad,16,0.017222700
batch_sweep,b500,hybrid,default.qubit,4,2,500,2569,2,first_grad_quantum,16,0.015723500
batch_sweep,b500,hybrid,default.qubit,4,2,500,2569,2,first_grad_classical,16,0.001499200
batch_sweep,b500,hybrid,default.qubit,4,2,500,2569,2,second_grad,16,0.038563100
batch_sweep,b500,hybrid,default.qubit,4,2,500,2569,2,second_grad_quantum,16,0.026034900
batch_sweep,b500,hybrid,default.qubit,4,2,500,2569,2,second_grad_classical,16,0.012528200
batch_sweep,b500,hybrid,default.qubit,4,2,500,2569,2,param_grad,16,0.080483600
batch_sweep,b500,hybrid,default.qubit,4,2,500,2569,2,param_grad_quantum,16,0.039100800
batch_sweep,b500,hybrid,default.qubit,4,2,500,2569,2,param_grad_classical,16,0.041382800
batch_sweep,b1000,hybrid,default.qubit,4,2,1000,2569,1,forward,16,0.014509400
batch_sweep,b1000,hybrid,default.qubit,4,2,1000,2569,1,forward_quantum,16,0.013886600
batch_sweep,b1000,hybrid,default.qubit,4,2,1000,2569,1,forward_classical,16,0.000622800
batch_sweep,b1000,hybrid,default.qubit,4,2,1000,2569,1,first_grad,16,0.023847600
batch_sweep,b1000,hybrid,default.qubit,4,2,1000,2569,1,first_grad_quantum,16,0.021799700
batch_sweep,b1000,hybrid,default.qubit,4,2,1000,2569,1,first_grad_classical,16,0.002047900
batch_sweep,b1000,hybrid,default.qubit,4,2,1000,2569,1,second_grad,16,0.051272500
batch_sweep,b1000,hybrid,default.qubit,4,2,1000,2569,1,second_grad_quantum,16,0.032779500
batch_sweep,b1000,hybrid,default.qubit,4,2,1000,2569,1,second_grad_classical,16,0.018493000
batch_sweep,b1000,hybrid,default.qubit,4,2,1000,2569,1,param_grad,16,0.094631800
batch_sweep,b1000,hybrid,default.qubit,4,2,1000,2569,1,param_grad_quantum,16,0.042418200
batch_sweep,b1000,hybrid,default.qubit,4,2,1000,2569,1,param_grad_classical,16,0.052213600
batch_sweep,b100,hybrid,default.qubit,4,2,100,2569,1,forward,17,0.009856900
batch_sweep,b100,hybrid,default.qubit,4,2,100,2569,1,forward_quantum,17,0.009346000
batch_sweep,b100,hybrid,default.qubit,4,2,100,2569,1,forward_classical,17,0.000510900
batch_sweep,b100,hybrid,default.qubit,4,2,100,2569,1,first_grad,17,0.017084500
batch_sweep,b100,hybrid,default.qubit,4,2,100,2569,1,first_grad_quantum,17,0.015389600
batch_sweep,b100,hybrid,default.qubit,4,2,100,2569,1,first_grad_classical,17,0.001694900
batch_sweep,b100,hybrid,default.qubit,4,2,100,2569,1,second_grad,17,0.027612500
batch_sweep,b100,hybrid,default.qubit,4,2,100,2569,1,second_grad_quantum,17,0.019336200
batch_sweep,b100,hybrid,default.qubit,4,2,100,2569,1,second_grad_classical,17,0.008276300
batch_sweep,b100,hybrid,default.qubit,4,2,100,2569,1,param_grad,17,0.048135800
batch_sweep,b100,hybrid,default.qubit,4,2,100,2569,1,param_grad_quantum,17,0.025248300
batch_sweep,b100,hybrid,default.qubit,4,2,100,2569,1,param_grad_classical,17,0.022887500
batch_sweep,b2540,hybrid,default.qubit,4,2,2540,2569,0,forward,17,0.016867600
batch_sweep,b2540,hybrid,default.qubit,4,2,2540,2569,0,forward_quantum,17,0.015999900
batch_sweep,b2540,hybrid,default.qubit,4,2,2540,2569,0,forward_classical,17,0.000867700
batch_sweep,b2540,hybrid,default.qubit,4,2,2540,2569,0,first_grad,17,0.032290100
batch_sweep,b2540,hybrid,default.qubit,4,2,2540,2569,0,first_grad_quantum,17,0.029943900
batch_sweep,b2540,hybrid,default.qubit,4,2,2540,2569,0,first_grad_classical,17,0.002346200
batch_sweep,b2540,hybrid,default.qubit,4,2,2540,2569,0,second_grad,17,0.066599100
batch_sweep,b2540,hybrid,default.qubit,4,2,2540,2569,0,second_grad_quantum,17,0.043674700
batch_sweep,b2540,hybrid,default.qubit,4,2,2540,2569,0,second_grad_classical,17,0.022924400
batch_sweep,b2540,hybrid,default.qubit,4,2,2540,2569,0,param_grad,17,0.135964200
batch_sweep,b2540,hybrid,default.qubit,4,2,2540,2569,0,param_grad_quantum,17,0.062436600
batch_sweep,b2540,hybrid,default.qubit,4,2,2540,2569,0,param_grad_classical,17,0.073527600
batch_sweep,b2540,hybrid,default.qubit,4,2,2540,2569,1,forward,17,0.015840300
batch_sweep,b2540,hybrid,default.qubit,4,2,2540,2569,1,forward_quantum,17,0.015094800
batch_sweep,b2540,hybrid,default.qubit,4,2,2540,2569,1,forward_classical,17,0.000745500
batch_sweep,b2540,hybrid,default.qubit,4,2,2540,2569,1,first_grad,17,0.033988800
batch_sweep,b2540,hybrid,default.qubit,4,2,2540,2569,1,first_grad_quantum,17,0.029314700
batch_sweep,b2540,hybrid,default.qubit,4,2,2540,2569,1,first_grad_classical,17,0.004674100
batch_sweep,b2540,hybrid,default.qubit,4,2,2540,2569,1,second_grad,17,0.067000500
batch_sweep,b2540,hybrid,default.qubit,4,2,2540,2569,1,second_grad_quantum,17,0.044976200
batch_sweep,b2540,hybrid,default.qubit,4,2,2540,2569,1,second_grad_classical,17,0.022024300
batch_sweep,b2540,hybrid,default.qubit,4,2,2540,2569,1,param_grad,17,0.132428900
batch_sweep,b2540,hybrid,default.qubit,4,2,2540,2569,1,param_grad_quantum,17,0.057683400
batch_sweep,b2540,hybrid,default.qubit,4,2,2540,2569,1,param_grad_classical,17,0.074745500
batch_sweep,b500,hybrid,default.qubit,4,2,500,2569,2,forward,17,0.015333500
batch_sweep,b500,hybrid,default.qubit,4,2,500,2569,2,forward_quantum,17,0.011652000
batch_sweep,b500,hybrid,default.qubit,4,2,500,2569,2,forward_classical,17,0.003681500
batch_sweep,b500,hybrid,default.qubit,4,2,500,2569,2,first_grad,17,0.022067600
batch_sweep,b500,hybrid,default.qubit,4,2,500,2569,2,first_grad_quantum,17,0.019584700
batch_sweep,b500,hybrid,default.qubit,4,2,500,2569,2,first_grad_classical,17,0.002482900
batch_sweep,b500,hybrid,default.qubit,4,2,500,2569,2,second_grad,17,0.040819200
batch_sweep,b500,hybrid,default.qubit,4,2,500,2569,2,second_grad_quantum,17,0.027465000
batch_sweep,b500,hybrid,default.qubit,4,2,500,2569,2,second_grad_classical,17,0.013354200
batch_sweep,b500,hybrid,default.qubit,4,2,500,2569,2,param_grad,17,0.075615300
batch_sweep,b500,hybrid,default.qubit,4,2,500,2569,2,param_grad_quantum,17,0.037866200
batch_sweep,b500,hybrid,default.qubit,4,2,500,2569,2,param_grad_classical,17,0.037749100
batch_sweep,b1000,hybrid,default.qubit,4,2,1000,2569,1,forward,17,0.015548600
batch_sweep,b1000,hybrid,default.qubit,4,2,1000,2569,1,forward_quantum,17,0.014773700
batch_sweep,b1000,hybrid,default.qubit,4,2,1000,2569,1,forward_classical,17,0.000774900
batch_sweep,b1000,hybrid,default.qubit,4,2,1000,2569,1,first_grad,17,0.026986700
batch_sweep,b1000,hybrid,default.qubit,4,2,1000,2569,1,first_grad_quantum,17,0.022524000
batch_sweep,b1000,hybrid,default.qubit,4,2,1000,2569,1,first_grad_classical,17,0.004462700
batch_sweep,b1000,hybrid,default.qubit,4,2,1000,2569,1,second_grad,17,0.050916500
batch_sweep,b1000,hybrid,default.qubit,4,2,1000,2569,1,second_grad_quantum,17,0.032280500
batch_sweep,b1000,hybrid,default.qubit,4,2,1000,2569,1,second_grad_classical,17,0.018636000
batch_sweep,b1000,hybrid,default.qubit,4,2,1000,2569,1,param_grad,17,0.095626900
batch_sweep,b1000,hybrid,default.qubit,4,2,1000,2569,1,param_grad_quantum,17,0.043411600
batch_sweep,b1000,hybrid,default.qubit,4,2,1000,2569,1,param_grad_classical,17,0.052215300
batch_sweep,b2540,hybrid,default.qubit,4,2,2540,2569,2,forward,17,0.016804400
batch_sweep,b2540,hybrid,default.qubit,4,2,2540,2569,2,forward_quantum,17,0.016028300
batch_sweep,b2540,hybrid,default.qubit,4,2,2540,2569,2,forward_classical,17,0.000776100
batch_sweep,b2540,hybrid,default.qubit,4,2,2540,2569,2,first_grad,17,0.033351300
batch_sweep,b2540,hybrid,default.qubit,4,2,2540,2569,2,first_grad_quantum,17,0.030716700
batch_sweep,b2540,hybrid,default.qubit,4,2,2540,2569,2,first_grad_classical,17,0.002634600
batch_sweep,b2540,hybrid,default.qubit,4,2,2540,2569,2,second_grad,17,0.072146700
batch_sweep,b2540,hybrid,default.qubit,4,2,2540,2569,2,second_grad_quantum,17,0.047065900
batch_sweep,b2540,hybrid,default.qubit,4,2,2540,2569,2,second_grad_classical,17,0.025080800
batch_sweep,b2540,hybrid,default.qubit,4,2,2540,2569,2,param_grad,17,0.136517700
batch_sweep,b2540,hybrid,default.qubit,4,2,2540,2569,2,param_grad_quantum,17,0.062614200
batch_sweep,b2540,hybrid,default.qubit,4,2,2540,2569,2,param_grad_classical,17,0.073903500
batch_sweep,b100,hybrid,default.qubit,4,2,100,2569,0,forward,17,0.012892600
batch_sweep,b100,hybrid,default.qubit,4,2,100,2569,0,forward_quantum,17,0.010007200
batch_sweep,b100,hybrid,default.qubit,4,2,100,2569,0,forward_classical,17,0.002885400
batch_sweep,b100,hybrid,default.qubit,4,2,100,2569,0,first_grad,17,0.017555600
batch_sweep,b100,hybrid,default.qubit,4,2,100,2569,0,first_grad_quantum,17,0.015741800
batch_sweep,b100,hybrid,default.qubit,4,2,100,2569,0,first_grad_classical,17,0.001813800
batch_sweep,b100,hybrid,default.qubit,4,2,100,2569,0,second_grad,17,0.027901800
batch_sweep,b100,hybrid,default.qubit,4,2,100,2569,0,second_grad_quantum,17,0.019635300
batch_sweep,b100,hybrid,default.qubit,4,2,100,2569,0,second_grad_classical,17,0.008266500
batch_sweep,b100,hybrid,default.qubit,4,2,100,2569,0,param_grad,17,0.055373700
batch_sweep,b100,hybrid,default.qubit,4,2,100,2569,0,param_grad_quantum,17,0.027080900
batch_sweep,b100,hybrid,default.qubit,4,2,100,2569,0,param_grad_classical,17,0.028292800
batch_sweep,b500,hybrid,default.qubit,4,2,500,2569,0,forward,17,0.012883200
batch_sweep,b500,hybrid,default.qubit,4,2,500,2569,0,forward_quantum,17,0.012241200
batch_sweep,b500,hybrid,default.qubit,4,2,500,2569,0,forward_classical,17,0.000642000
batch_sweep,b500,hybrid,default.qubit,4,2,500,2569,0,first_grad,17,0.024782200
batch_sweep,b500,hybrid,default.qubit,4,2,500,2569,0,first_grad_quantum,17,0.020652900
batch_sweep,b500,hybrid,default.qubit,4,2,500,2569,0,first_grad_classical,17,0.004129300
batch_sweep,b500,hybrid,default.qubit,4,2,500,2569,0,second_grad,17,0.041098300
batch_sweep,b500,hybrid,default.qubit,4,2,500,2569,0,second_grad_quantum,17,0.028404400
batch_sweep,b500,hybrid,default.qubit,4,2,500,2569,0,second_grad_classical,17,0.012693900
batch_sweep,b500,hybrid,default.qubit,4,2,500,2569,0,param_grad,17,0.078981300
batch_sweep,b500,hybrid,default.qubit,4,2,500,2569,0,param_grad_quantum,17,0.038612800
batch_sweep,b500,hybrid,default.qubit,4,2,500,2569,0,param_grad_classical,17,0.040368500
batch_sweep,b1000,hybrid,default.qubit,4,2,1000,2569,2,forward,17,0.015439800
batch_sweep,b1000,hybrid,default.qubit,4,2,1000,2569,2,forward_quantum,17,0.014717400
batch_sweep,b1000,hybrid,default.qubit,4,2,1000,2569,2,forward_classical,17,0.000722400
batch_sweep,b1000,hybrid,default.qubit,4,2,1000,2569,2,first_grad,17,0.028333300
batch_sweep,b1000,hybrid,default.qubit,4,2,1000,2569,2,first_grad_quantum,17,0.026096600
batch_sweep,b1000,hybrid,default.qubit,4,2,1000,2569,2,first_grad_classical,17,0.002236700
batch_sweep,b1000,hybrid,default.qubit,4,2,1000,2569,2,second_grad,17,0.048422300
batch_sweep,b1000,hybrid,default.qubit,4,2,1000,2569,2,second_grad_quantum,17,0.032799700
batch_sweep,b1000,hybrid,default.qubit,4,2,1000,2569,2,second_grad_classical,17,0.015622600
batch_sweep,b1000,hybrid,default.qubit,4,2,1000,2569,2,param_grad,17,0.092933000
batch_sweep,b1000,hybrid,default.qubit,4,2,1000,2569,2,param_grad_quantum,17,0.041131800
batch_sweep,b1000,hybrid,default.qubit,4,2,1000,2569,2,param_grad_classical,17,0.051801200
batch_sweep,b500,hybrid,default.qubit,4,2,500,2569,1,forward,17,0.013473400
batch_sweep,b500,hybrid,default.qubit,4,2,500,2569,1,forward_quantum,17,0.011801100
batch_sweep,b500,hybrid,default.qubit,4,2,500,2569,1,forward_classical,17,0.001672300
batch_sweep,b500,hybrid,default.qubit,4,2,500,2569,1,first_grad,17,0.018701300
batch_sweep,b500,hybrid,default.qubit,4,2,500,2569,1,first_grad_quantum,17,0.017205000
batch_sweep,b500,hybrid,default.qubit,4,2,500,2569,1,first_grad_classical,17,0.001496300
batch_sweep,b500,hybrid,default.qubit,4,2,500,2569,1,second_grad,17,0.037899100
batch_sweep,b500,hybrid,default.qubit,4,2,500,2569,1,second_grad_quantum,17,0.025572800
batch_sweep,b500,hybrid,default.qubit,4,2,500,2569,1,second_grad_classical,17,0.012326300
batch_sweep,b500,hybrid,default.qubit,4,2,500,2569,1,param_grad,17,0.070397300
batch_sweep,b500,hybrid,default.qubit,4,2,500,2569,1,param_grad_quantum,17,0.033380100
batch_sweep,b500,hybrid,default.qubit,4,2,500,2569,1,param_grad_classical,17,0.037017200
batch_sweep,b5000,hybrid,default.qubit,4,2,5000,2569,0,forward,17,0.017719700
batch_sweep,b5000,hybrid,default.qubit,4,2,5000,2569,0,forward_quantum,17,0.016784500
batch_sweep,b5000,hybrid,default.qubit,4,2,5000,2569,0,forward_classical,17,0.000935200
batch_sweep,b5000,hybrid,default.qubit,4,2,5000,2569,0,first_grad,17,0.045863400
batch_sweep,b5000,hybrid,default.qubit,4,2,5000,2569,0,first_grad_quantum,17,0.042962600
batch_sweep,b5000,hybrid,default.qubit,4,2,5000,2569,0,first_grad_classical,17,0.002900800
batch_sweep,b5000,hybrid,default.qubit,4,2,5000,2569,0,second_grad,17,0.086455600
batch_sweep,b5000,hybrid,default.qubit,4,2,5000,2569,0,second_grad_quantum,17,0.055845500
batch_sweep,b5000,hybrid,default.qubit,4,2,5000,2569,0,second_grad_classical,17,0.030610100
batch_sweep,b5000,hybrid,default.qubit,4,2,5000,2569,0,param_grad,17,0.185688500
batch_sweep,b5000,hybrid,default.qubit,4,2,5000,2569,0,param_grad_quantum,17,0.079521100
batch_sweep,b5000,hybrid,default.qubit,4,2,5000,2569,0,param_grad_classical,17,0.106167400
batch_sweep,b1000,hybrid,default.qubit,4,2,1000,2569,0,forward,17,0.014480300
batch_sweep,b1000,hybrid,default.qubit,4,2,1000,2569,0,forward_quantum,17,0.013828100
batch_sweep,b1000,hybrid,default.qubit,4,2,1000,2569,0,forward_classical,17,0.000652200
batch_sweep,b1000,hybrid,default.qubit,4,2,1000,2569,0,first_grad,17,0.026902500
batch_sweep,b1000,hybrid,default.qubit,4,2,1000,2569,0,first_grad_quantum,17,0.022721600
batch_sweep,b1000,hybrid,default.qubit,4,2,1000,2569,0,first_grad_classical,17,0.004180900
batch_sweep,b1000,hybrid,default.qubit,4,2,1000,2569,0,second_grad,17,0.045413400
batch_sweep,b1000,hybrid,default.qubit,4,2,1000,2569,0,second_grad_quantum,17,0.030765800
batch_sweep,b1000,hybrid,default.qubit,4,2,1000,2569,0,second_grad_classical,17,0.014647600
batch_sweep,b1000,hybrid,default.qubit,4,2,1000,2569,0,param_grad,17,0.093918800
batch_sweep,b1000,hybrid,default.qubit,4,2,1000,2569,0,param_grad_quantum,17,0.044906000
batch_sweep,b1000,hybrid,default.qubit,4,2,1000,2569,0,param_grad_classical,17,0.049012800
batch_sweep,b5000,hybrid,default.qubit,4,2,5000,2569,2,forward,17,0.025834700
batch_sweep,b5000,hybrid,default.qubit,4,2,5000,2569,2,forward_quantum,17,0.024694800
batch_sweep,b5000,hybrid,default.qubit,4,2,5000,2569,2,forward_classical,17,0.001139900
batch_sweep,b5000,hybrid,default.qubit,4,2,5000,2569,2,first_grad,17,0.047472400
batch_sweep,b5000,hybrid,default.qubit,4,2,5000,2569,2,first_grad_quantum,17,0.044392500
batch_sweep,b5000,hybrid,default.qubit,4,2,5000,2569,2,first_grad_classical,17,0.003079900
batch_sweep,b5000,hybrid,default.qubit,4,2,5000,2569,2,second_grad,17,0.089143600
batch_sweep,b5000,hybrid,default.qubit,4,2,5000,2569,2,second_grad_quantum,17,0.056025600
batch_sweep,b5000,hybrid,default.qubit,4,2,5000,2569,2,second_grad_classical,17,0.033118000
batch_sweep,b5000,hybrid,default.qubit,4,2,5000,2569,2,param_grad,17,0.196773000
batch_sweep,b5000,hybrid,default.qubit,4,2,5000,2569,2,param_grad_quantum,17,0.086823600
batch_sweep,b5000,hybrid,default.qubit,4,2,5000,2569,2,param_grad_classical,17,0.109949400
batch_sweep,b100,hybrid,default.qubit,4,2,100,2569,2,forward,17,0.012082500
batch_sweep,b100,hybrid,default.qubit,4,2,100,2569,2,forward_quantum,17,0.010374700
batch_sweep,b100,hybrid,default.qubit,4,2,100,2569,2,forward_classical,17,0.001707800
batch_sweep,b100,hybrid,default.qubit,4,2,100,2569,2,first_grad,17,0.017900100
batch_sweep,b100,hybrid,default.qubit,4,2,100,2569,2,first_grad_quantum,17,0.016175100
batch_sweep,b100,hybrid,default.qubit,4,2,100,2569,2,first_grad_classical,17,0.001725000
batch_sweep,b100,hybrid,default.qubit,4,2,100,2569,2,second_grad,17,0.028510400
batch_sweep,b100,hybrid,default.qubit,4,2,100,2569,2,second_grad_quantum,17,0.020064200
batch_sweep,b100,hybrid,default.qubit,4,2,100,2569,2,second_grad_classical,17,0.008446200
batch_sweep,b100,hybrid,default.qubit,4,2,100,2569,2,param_grad,17,0.055867800
batch_sweep,b100,hybrid,default.qubit,4,2,100,2569,2,param_grad_quantum,17,0.027313600
batch_sweep,b100,hybrid,default.qubit,4,2,100,2569,2,param_grad_classical,17,0.028554200
batch_sweep,b5000,hybrid,default.qubit,4,2,5000,2569,1,forward,17,0.022569100
batch_sweep,b5000,hybrid,default.qubit,4,2,5000,2569,1,forward_quantum,17,0.021214600
batch_sweep,b5000,hybrid,default.qubit,4,2,5000,2569,1,forward_classical,17,0.001354500
batch_sweep,b5000,hybrid,default.qubit,4,2,5000,2569,1,first_grad,17,0.046849200
batch_sweep,b5000,hybrid,default.qubit,4,2,5000,2569,1,first_grad_quantum,17,0.043718800
batch_sweep,b5000,hybrid,default.qubit,4,2,5000,2569,1,first_grad_classical,17,0.003130400
batch_sweep,b5000,hybrid,default.qubit,4,2,5000,2569,1,second_grad,17,0.085438800
batch_sweep,b5000,hybrid,default.qubit,4,2,5000,2569,1,second_grad_quantum,17,0.055055100
batch_sweep,b5000,hybrid,default.qubit,4,2,5000,2569,1,second_grad_classical,17,0.030383700
batch_sweep,b5000,hybrid,default.qubit,4,2,5000,2569,1,param_grad,17,0.192016400
batch_sweep,b5000,hybrid,default.qubit,4,2,5000,2569,1,param_grad_quantum,17,0.080688300
batch_sweep,b5000,hybrid,default.qubit,4,2,5000,2569,1,param_grad_classical,17,0.111328100
batch_sweep,b500,hybrid,default.qubit,4,2,500,2569,0,forward,18,0.013834800
batch_sweep,b500,hybrid,default.qubit,4,2,500,2569,0,forward_quantum,18,0.013255600
batch_sweep,b500,hybrid,default.qubit,4,2,500,2569,0,forward_classical,18,0.000579200
batch_sweep,b500,hybrid,default.qubit,4,2,500,2569,0,first_grad,18,0.021801300
batch_sweep,b500,hybrid,default.qubit,4,2,500,2569,0,first_grad_quantum,18,0.019989000
batch_sweep,b500,hybrid,default.qubit,4,2,500,2569,0,first_grad_classical,18,0.001812300
batch_sweep,b500,hybrid,default.qubit,4,2,500,2569,0,second_grad,18,0.043024600
batch_sweep,b500,hybrid,default.qubit,4,2,500,2569,0,second_grad_quantum,18,0.028600400
batch_sweep,b500,hybrid,default.qubit,4,2,500,2569,0,second_grad_classical,18,0.014424200
batch_sweep,b500,hybrid,default.qubit,4,2,500,2569,0,param_grad,18,0.072316800
batch_sweep,b500,hybrid,default.qubit,4,2,500,2569,0,param_grad_quantum,18,0.036503400
batch_sweep,b500,hybrid,default.qubit,4,2,500,2569,0,param_grad_classical,18,0.035813400
batch_sweep,b1000,hybrid,default.qubit,4,2,1000,2569,2,forward,18,0.015040300
batch_sweep,b1000,hybrid,default.qubit,4,2,1000,2569,2,forward_quantum,18,0.014399000
batch_sweep,b1000,hybrid,default.qubit,4,2,1000,2569,2,forward_classical,18,0.000641300
batch_sweep,b1000,hybrid,default.qubit,4,2,1000,2569,2,first_grad,18,0.026308900
batch_sweep,b1000,hybrid,default.qubit,4,2,1000,2569,2,first_grad_quantum,18,0.024096800
batch_sweep,b1000,hybrid,default.qubit,4,2,1000,2569,2,first_grad_classical,18,0.002212100
batch_sweep,b1000,hybrid,default.qubit,4,2,1000,2569,2,second_grad,18,0.046335300
batch_sweep,b1000,hybrid,default.qubit,4,2,1000,2569,2,second_grad_quantum,18,0.031770700
batch_sweep,b1000,hybrid,default.qubit,4,2,1000,2569,2,second_grad_classical,18,0.014564600
batch_sweep,b1000,hybrid,default.qubit,4,2,1000,2569,2,param_grad,18,0.099777900
batch_sweep,b1000,hybrid,default.qubit,4,2,1000,2569,2,param_grad_quantum,18,0.044788800
batch_sweep,b1000,hybrid,default.qubit,4,2,1000,2569,2,param_grad_classical,18,0.054989100
batch_sweep,b1000,hybrid,default.qubit,4,2,1000,2569,0,forward,18,0.013622300
batch_sweep,b1000,hybrid,default.qubit,4,2,1000,2569,0,forward_quantum,18,0.012979600
batch_sweep,b1000,hybrid,default.qubit,4,2,1000,2569,0,forward_classical,18,0.000642700
batch_sweep,b1000,hybrid,default.qubit,4,2,1000,2569,0,first_grad,18,0.025402000
batch_sweep,b1000,hybrid,default.qubit,4,2,1000,2569,0,first_grad_quantum,18,0.023381500
batch_sweep,b1000,hybrid,default.qubit,4,2,1000,2569,0,first_grad_classical,18,0.002020500
batch_sweep,b1000,hybrid,default.qubit,4,2,1000,2569,0,second_grad,18,0.040472300
batch_sweep,b1000,hybrid,default.qubit,4,2,1000,2569,0,second_grad_quantum,18,0.028327700
batch_sweep,b1000,hybrid,default.qubit,4,2,1000,2569,0,second_grad_classical,18,0.012144600
batch_sweep,b1000,hybrid,default.qubit,4,2,1000,2569,0,param_grad,18,0.092604900
batch_sweep,b1000,hybrid,default.qubit,4,2,1000,2569,0,param_grad_quantum,18,0.044202300
batch_sweep,b1000,hybrid,default.qubit,4,2,1000,2569,0,param_grad_classical,18,0.048402600
batch_sweep,b2540,hybrid,default.qubit,4,2,2540,2569,1,forward,18,0.017887500
batch_sweep,b2540,hybrid,default.qubit,4,2,2540,2569,1,forward_quantum,18,0.017125000
batch_sweep,b2540,hybrid,default.qubit,4,2,2540,2569,1,forward_classical,18,0.000762500
batch_sweep,b2540,hybrid,default.qubit,4,2,2540,2569,1,first_grad,18,0.030392300
batch_sweep,b2540,hybrid,default.qubit,4,2,2540,2569,1,first_grad_quantum,18,0.027941800
batch_sweep,b2540,hybrid,default.qubit,4,2,2540,2569,1,first_grad_classical,18,0.002450500
batch_sweep,b2540,hybrid,default.qubit,4,2,2540,2569,1,second_grad,18,0.067498100
batch_sweep,b2540,hybrid,default.qubit,4,2,2540,2569,1,second_grad_quantum,18,0.044713400
batch_sweep,b2540,hybrid,default.qubit,4,2,2540,2569,1,second_grad_classical,18,0.022784700
batch_sweep,b2540,hybrid,default.qubit,4,2,2540,2569,1,param_grad,18,0.122971400
batch_sweep,b2540,hybrid,default.qubit,4,2,2540,2569,1,param_grad_quantum,18,0.056530100
batch_sweep,b2540,hybrid,default.qubit,4,2,2540,2569,1,param_grad_classical,18,0.066441300
batch_sweep,b5000,hybrid,default.qubit,4,2,5000,2569,0,forward,18,0.017329000
batch_sweep,b5000,hybrid,default.qubit,4,2,5000,2569,0,forward_quantum,18,0.016189200
batch_sweep,b5000,hybrid,default.qubit,4,2,5000,2569,0,forward_classical,18,0.001139800
batch_sweep,b5000,hybrid,default.qubit,4,2,5000,2569,0,first_grad,18,0.037674100
batch_sweep,b5000,hybrid,default.qubit,4,2,5000,2569,0,first_grad_quantum,18,0.032324900
batch_sweep,b5000,hybrid,default.qubit,4,2,5000,2569,0,first_grad_classical,18,0.005349200
batch_sweep,b5000,hybrid,default.qubit,4,2,5000,2569,0,second_grad,18,0.082362300
batch_sweep,b5000,hybrid,default.qubit,4,2,5000,2569,0,second_grad_quantum,18,0.055095500
batch_sweep,b5000,hybrid,default.qubit,4,2,5000,2569,0,second_grad_classical,18,0.027266800
batch_sweep,b5000,hybrid,default.qubit,4,2,5000,2569,0,param_grad,18,0.192497800
batch_sweep,b5000,hybrid,default.qubit,4,2,5000,2569,0,param_grad_quantum,18,0.080471300
batch_sweep,b5000,hybrid,default.qubit,4,2,5000,2569,0,param_grad_classical,18,0.112026500
batch_sweep,b100,hybrid,default.qubit,4,2,100,2569,1,forward,18,0.017584400
batch_sweep,b100,hybrid,default.qubit,4,2,100,2569,1,forward_quantum,18,0.014093300
batch_sweep,b100,hybrid,default.qubit,4,2,100,2569,1,forward_classical,18,0.003491100
batch_sweep,b100,hybrid,default.qubit,4,2,100,2569,1,first_grad,18,0.017904300
batch_sweep,b100,hybrid,default.qubit,4,2,100,2569,1,first_grad_quantum,18,0.016366300
batch_sweep,b100,hybrid,default.qubit,4,2,100,2569,1,first_grad_classical,18,0.001538000
batch_sweep,b100,hybrid,default.qubit,4,2,100,2569,1,second_grad,18,0.027812000
batch_sweep,b100,hybrid,default.qubit,4,2,100,2569,1,second_grad_quantum,18,0.019482500
batch_sweep,b100,hybrid,default.qubit,4,2,100,2569,1,second_grad_classical,18,0.008329500
batch_sweep,b100,hybrid,default.qubit,4,2,100,2569,1,param_grad,18,0.054899500
batch_sweep,b100,hybrid,default.qubit,4,2,100,2569,1,param_grad_quantum,18,0.027548100
batch_sweep,b100,hybrid,default.qubit,4,2,100,2569,1,param_grad_classical,18,0.027351400
batch_sweep,b5000,hybrid,default.qubit,4,2,5000,2569,2,forward,18,0.020687700
batch_sweep,b5000,hybrid,default.qubit,4,2,5000,2569,2,forward_quantum,18,0.019337100
batch_sweep,b5000,hybrid,default.qubit,4,2,5000,2569,2,forward_classical,18,0.001350600
batch_sweep,b5000,hybrid,default.qubit,4,2,5000,2569,2,first_grad,18,0.044870800
batch_sweep,b5000,hybrid,default.qubit,4,2,5000,2569,2,first_grad_quantum,18,0.041376600
batch_sweep,b5000,hybrid,default.qubit,4,2,5000,2569,2,first_grad_classical,18,0.003494200
batch_sweep,b5000,hybrid,default.qubit,4,2,5000,2569,2,second_grad,18,0.091325300
batch_sweep,b5000,hybrid,default.qubit,4,2,5000,2569,2,second_grad_quantum,18,0.058891000
batch_sweep,b5000,hybrid,default.qubit,4,2,5000,2569,2,second_grad_classical,18,0.032434300
batch_sweep,b5000,hybrid,default.qubit,4,2,5000,2569,2,param_grad,18,0.203126700
batch_sweep,b5000,hybrid,default.qubit,4,2,5000,2569,2,param_grad_quantum,18,0.084700200
batch_sweep,b5000,hybrid,default.qubit,4,2,5000,2569,2,param_grad_classical,18,0.118426500
batch_sweep,b100,hybrid,default.qubit,4,2,100,2569,0,forward,18,0.013298300
batch_sweep,b100,hybrid,default.qubit,4,2,100,2569,0,forward_quantum,18,0.010859000
batch_sweep,b100,hybrid,default.qubit,4,2,100,2569,0,forward_classical,18,0.002439300
batch_sweep,b100,hybrid,default.qubit,4,2,100,2569,0,first_grad,18,0.016230300
batch_sweep,b100,hybrid,default.qubit,4,2,100,2569,0,first_grad_quantum,18,0.014554600
batch_sweep,b100,hybrid,default.qubit,4,2,100,2569,0,first_grad_classical,18,0.001675700
batch_sweep,b100,hybrid,default.qubit,4,2,100,2569,0,second_grad,18,0.028362900
batch_sweep,b100,hybrid,default.qubit,4,2,100,2569,0,second_grad_quantum,18,0.019683200
batch_sweep,b100,hybrid,default.qubit,4,2,100,2569,0,second_grad_classical,18,0.008679700
batch_sweep,b100,hybrid,default.qubit,4,2,100,2569,0,param_grad,18,0.054090600
batch_sweep,b100,hybrid,default.qubit,4,2,100,2569,0,param_grad_quantum,18,0.026902400
batch_sweep,b100,hybrid,default.qubit,4,2,100,2569,0,param_grad_classical,18,0.027188200
batch_sweep,b500,hybrid,default.qubit,4,2,500,2569,2,forward,18,0.013588100
batch_sweep,b500,hybrid,default.qubit,4,2,500,2569,2,forward_quantum,18,0.012855900
batch_sweep,b500,hybrid,default.qubit,4,2,500,2569,2,forward_classical,18,0.000732200
batch_sweep,b500,hybrid,default.qubit,4,2,500,2569,2,first_grad,18,0.023159400
batch_sweep,b500,hybrid,default.qubit,4,2,500,2569,2,first_grad_quantum,18,0.021171600
batch_sweep,b500,hybrid,default.qubit,4,2,500,2569,2,first_grad_classical,18,0.001987800
batch_sweep,b500,hybrid,default.qubit,4,2,500,2569,2,second_grad,18,0.037875300
batch_sweep,b500,hybrid,default.qubit,4,2,500,2569,2,second_grad_quantum,18,0.026632900
batch_sweep,b500,hybrid,default.qubit,4,2,500,2569,2,second_grad_classical,18,0.011242400
batch_sweep,b500,hybrid,default.qubit,4,2,500,2569,2,param_grad,18,0.076431600
batch_sweep,b500,hybrid,default.qubit,4,2,500,2569,2,param_grad_quantum,18,0.037612100
batch_sweep,b500,hybrid,default.qubit,4,2,500,2569,2,param_grad_classical,18,0.038819500
batch_sweep,b5000,hybrid,default.qubit,4,2,5000,2569,1,forward,18,0.021586700
batch_sweep,b5000,hybrid,default.qubit,4,2,5000,2569,1,forward_quantum,18,0.020568600
batch_sweep,b5000,hybrid,default.qubit,4,2,5000,2569,1,forward_classical,18,0.001018100
batch_sweep,b5000,hybrid,default.qubit,4,2,5000,2569,1,first_grad,18,0.051333500
batch_sweep,b5000,hybrid,default.qubit,4,2,5000,2569,1,first_grad_quantum,18,0.048085900
batch_sweep,b5000,hybrid,default.qubit,4,2,5000,2569,1,first_grad_classical,18,0.003247600
batch_sweep,b5000,hybrid,default.qubit,4,2,5000,2569,1,second_grad,18,0.089722100
batch_sweep,b5000,hybrid,default.qubit,4,2,5000,2569,1,second_grad_quantum,18,0.056822700
batch_sweep,b5000,hybrid,default.qubit,4,2,5000,2569,1,second_grad_classical,18,0.032899400
batch_sweep,b5000,hybrid,default.qubit,4,2,5000,2569,1,param_grad,18,0.195704500
batch_sweep,b5000,hybrid,default.qubit,4,2,5000,2569,1,param_grad_quantum,18,0.083960600
batch_sweep,b5000,hybrid,default.qubit,4,2,5000,2569,1,param_grad_classical,18,0.111743900
batch_sweep,b2540,hybrid,default.qubit,4,2,2540,2569,2,forward,18,0.017167400
batch_sweep,b2540,hybrid,default.qubit,4,2,2540,2569,2,forward_quantum,18,0.016350500
batch_sweep,b2540,hybrid,default.qubit,4,2,2540,2569,2,forward_classical,18,0.000816900
batch_sweep,b2540,hybrid,default.qubit,4,2,2540,2569,2,first_grad,18,0.032749000
batch_sweep,b2540,hybrid,default.qubit,4,2,2540,2569,2,first_grad_quantum,18,0.029891000
batch_sweep,b2540,hybrid,default.qubit,4,2,2540,2569,2,first_grad_classical,18,0.002858000
batch_sweep,b2540,hybrid,default.qubit,4,2,2540,2569,2,second_grad,18,0.065558300
batch_sweep,b2540,hybrid,default.qubit,4,2,2540,2569,2,second_grad_quantum,18,0.042166400
batch_sweep,b2540,hybrid,default.qubit,4,2,2540,2569,2,second_grad_classical,18,0.023391900
batch_sweep,b2540,hybrid,default.qubit,4,2,2540,2569,2,param_grad,18,0.128625900
batch_sweep,b2540,hybrid,default.qubit,4,2,2540,2569,2,param_grad_quantum,18,0.056395600
batch_sweep,b2540,hybrid,default.qubit,4,2,2540,2569,2,param_grad_classical,18,0.072230300
batch_sweep,b500,hybrid,default.qubit,4,2,500,2569,1,forward,18,0.013968400
batch_sweep,b500,hybrid,default.qubit,4,2,500,2569,1,forward_quantum,18,0.011213400
batch_sweep,b500,hybrid,default.qubit,4,2,500,2569,1,forward_classical,18,0.002755000
batch_sweep,b500,hybrid,default.qubit,4,2,500,2569,1,first_grad,18,0.020544100
batch_sweep,b500,hybrid,default.qubit,4,2,500,2569,1,first_grad_quantum,18,0.018684200
batch_sweep,b500,hybrid,default.qubit,4,2,500,2569,1,first_grad_classical,18,0.001859900
batch_sweep,b500,hybrid,default.qubit,4,2,500,2569,1,second_grad,18,0.047421900
batch_sweep,b500,hybrid,default.qubit,4,2,500,2569,1,second_grad_quantum,18,0.029725500
batch_sweep,b500,hybrid,default.qubit,4,2,500,2569,1,second_grad_classical,18,0.017696400
batch_sweep,b500,hybrid,default.qubit,4,2,500,2569,1,param_grad,18,0.073201100
batch_sweep,b500,hybrid,default.qubit,4,2,500,2569,1,param_grad_quantum,18,0.035967800
batch_sweep,b500,hybrid,default.qubit,4,2,500,2569,1,param_grad_classical,18,0.037233300
batch_sweep,b1000,hybrid,default.qubit,4,2,1000,2569,1,forward,18,0.015631600
batch_sweep,b1000,hybrid,default.qubit,4,2,1000,2569,1,forward_quantum,18,0.014963000
batch_sweep,b1000,hybrid,default.qubit,4,2,1000,2569,1,forward_classical,18,0.000668600
batch_sweep,b1000,hybrid,default.qubit,4,2,1000,2569,1,first_grad,18,0.025267900
batch_sweep,b1000,hybrid,default.qubit,4,2,1000,2569,1,first_grad_quantum,18,0.023205600
batch_sweep,b1000,hybrid,default.qubit,4,2,1000,2569,1,first_grad_classical,18,0.002062300
batch_sweep,b1000,hybrid,default.qubit,4,2,1000,2569,1,second_grad,18,0.049837900
batch_sweep,b1000,hybrid,default.qubit,4,2,1000,2569,1,second_grad_quantum,18,0.033357800
batch_sweep,b1000,hybrid,default.qubit,4,2,1000,2569,1,second_grad_classical,18,0.016480100
batch_sweep,b1000,hybrid,default.qubit,4,2,1000,2569,1,param_grad,18,0.094557200
batch_sweep,b1000,hybrid,default.qubit,4,2,1000,2569,1,param_grad_quantum,18,0.043261100
batch_sweep,b1000,hybrid,default.qubit,4,2,1000,2569,1,param_grad_classical,18,0.051296100
batch_sweep,b100,hybrid,default.qubit,4,2,100,2569,2,forward,18,0.010179000
batch_sweep,b100,hybrid,default.qubit,4,2,100,2569,2,forward_quantum,18,0.009675500
batch_sweep,b100,hybrid,default.qubit,4,2,100,2569,2,forward_classical,18,0.000503500
batch_sweep,b100,hybrid,default.qubit,4,2,100,2569,2,first_grad,18,0.015663900
batch_sweep,b100,hybrid,default.qubit,4,2,100,2569,2,first_grad_quantum,18,0.014139800
batch_sweep,b100,hybrid,default.qubit,4,2,100,2569,2,first_grad_classical,18,0.001524100
batch_sweep,b100,hybrid,default.qubit,4,2,100,2569,2,second_grad,18,0.024860000
batch_sweep,b100,hybrid,default.qubit,4,2,100,2569,2,second_grad_quantum,18,0.018086000
batch_sweep,b100,hybrid,default.qubit,4,2,100,2569,2,second_grad_classical,18,0.006774000
batch_sweep,b100,hybrid,default.qubit,4,2,100,2569,2,param_grad,18,0.046291600
batch_sweep,b100,hybrid,default.qubit,4,2,100,2569,2,param_grad_quantum,18,0.023839700
batch_sweep,b100,hybrid,default.qubit,4,2,100,2569,2,param_grad_classical,18,0.022451900
batch_sweep,b2540,hybrid,default.qubit,4,2,2540,2569,0,forward,18,0.017507900
batch_sweep,b2540,hybrid,default.qubit,4,2,2540,2569,0,forward_quantum,18,0.016539000
batch_sweep,b2540,hybrid,default.qubit,4,2,2540,2569,0,forward_classical,18,0.000968900
batch_sweep,b2540,hybrid,default.qubit,4,2,2540,2569,0,first_grad,18,0.039126900
batch_sweep,b2540,hybrid,default.qubit,4,2,2540,2569,0,first_grad_quantum,18,0.036399900
batch_sweep,b2540,hybrid,default.qubit,4,2,2540,2569,0,first_grad_classical,18,0.002727000
batch_sweep,b2540,hybrid,default.qubit,4,2,2540,2569,0,second_grad,18,0.068551300
batch_sweep,b2540,hybrid,default.qubit,4,2,2540,2569,0,second_grad_quantum,18,0.045065800
batch_sweep,b2540,hybrid,default.qubit,4,2,2540,2569,0,second_grad_classical,18,0.023485500
batch_sweep,b2540,hybrid,default.qubit,4,2,2540,2569,0,param_grad,18,0.133375700
batch_sweep,b2540,hybrid,default.qubit,4,2,2540,2569,0,param_grad_quantum,18,0.058291700
batch_sweep,b2540,hybrid,default.qubit,4,2,2540,2569,0,param_grad_classical,18,0.075084000
batch_sweep,b2540,hybrid,default.qubit,4,2,2540,2569,0,forward,19,0.017042700
batch_sweep,b2540,hybrid,default.qubit,4,2,2540,2569,0,forward_quantum,19,0.016213200
batch_sweep,b2540,hybrid,default.qubit,4,2,2540,2569,0,forward_classical,19,0.000829500
batch_sweep,b2540,hybrid,default.qubit,4,2,2540,2569,0,first_grad,19,0.035497300
batch_sweep,b2540,hybrid,default.qubit,4,2,2540,2569,0,first_grad_quantum,19,0.029562700
batch_sweep,b2540,hybrid,default.qubit,4,2,2540,2569,0,first_grad_classical,19,0.005934600
batch_sweep,b2540,hybrid,default.qubit,4,2,2540,2569,0,second_grad,19,0.069238000
batch_sweep,b2540,hybrid,default.qubit,4,2,2540,2569,0,second_grad_quantum,19,0.048012800
batch_sweep,b2540,hybrid,default.qubit,4,2,2540,2569,0,second_grad_classical,19,0.021225200
batch_sweep,b2540,hybrid,default.qubit,4,2,2540,2569,0,param_grad,19,0.137357800
batch_sweep,b2540,hybrid,default.qubit,4,2,2540,2569,0,param_grad_quantum,19,0.061643200
batch_sweep,b2540,hybrid,default.qubit,4,2,2540,2569,0,param_grad_classical,19,0.075714600
batch_sweep,b100,hybrid,default.qubit,4,2,100,2569,2,forward,19,0.017006900
batch_sweep,b100,hybrid,default.qubit,4,2,100,2569,2,forward_quantum,19,0.015595200
batch_sweep,b100,hybrid,default.qubit,4,2,100,2569,2,forward_classical,19,0.001411700
batch_sweep,b100,hybrid,default.qubit,4,2,100,2569,2,first_grad,19,0.017217000
batch_sweep,b100,hybrid,default.qubit,4,2,100,2569,2,first_grad_quantum,19,0.015353000
batch_sweep,b100,hybrid,default.qubit,4,2,100,2569,2,first_grad_classical,19,0.001864000
batch_sweep,b100,hybrid,default.qubit,4,2,100,2569,2,second_grad,19,0.025519400
batch_sweep,b100,hybrid,default.qubit,4,2,100,2569,2,second_grad_quantum,19,0.018005100
batch_sweep,b100,hybrid,default.qubit,4,2,100,2569,2,second_grad_classical,19,0.007514300
batch_sweep,b100,hybrid,default.qubit,4,2,100,2569,2,param_grad,19,0.055356500
batch_sweep,b100,hybrid,default.qubit,4,2,100,2569,2,param_grad_quantum,19,0.026660700
batch_sweep,b100,hybrid,default.qubit,4,2,100,2569,2,param_grad_classical,19,0.028695800
batch_sweep,b1000,hybrid,default.qubit,4,2,1000,2569,2,forward,19,0.015975200
batch_sweep,b1000,hybrid,default.qubit,4,2,1000,2569,2,forward_quantum,19,0.014910200
batch_sweep,b1000,hybrid,default.qubit,4,2,1000,2569,2,forward_classical,19,0.001065000
batch_sweep,b1000,hybrid,default.qubit,4,2,1000,2569,2,first_grad,19,0.028395500
batch_sweep,b1000,hybrid,default.qubit,4,2,1000,2569,2,first_grad_quantum,19,0.026056200
batch_sweep,b1000,hybrid,default.qubit,4,2,1000,2569,2,first_grad_classical,19,0.002339300
batch_sweep,b1000,hybrid,default.qubit,4,2,1000,2569,2,second_grad,19,0.046746600
batch_sweep,b1000,hybrid,default.qubit,4,2,1000,2569,2,second_grad_quantum,19,0.031095000
batch_sweep,b1000,hybrid,default.qubit,4,2,1000,2569,2,second_grad_classical,19,0.015651600
batch_sweep,b1000,hybrid,default.qubit,4,2,1000,2569,2,param_grad,19,0.098697800
batch_sweep,b1000,hybrid,default.qubit,4,2,1000,2569,2,param_grad_quantum,19,0.045455900
batch_sweep,b1000,hybrid,default.qubit,4,2,1000,2569,2,param_grad_classical,19,0.053241900
batch_sweep,b100,hybrid,default.qubit,4,2,100,2569,1,forward,19,0.010816100
batch_sweep,b100,hybrid,default.qubit,4,2,100,2569,1,forward_quantum,19,0.010307400
batch_sweep,b100,hybrid,default.qubit,4,2,100,2569,1,forward_classical,19,0.000508700
batch_sweep,b100,hybrid,default.qubit,4,2,100,2569,1,first_grad,19,0.019668300
batch_sweep,b100,hybrid,default.qubit,4,2,100,2569,1,first_grad_quantum,19,0.017955300
batch_sweep,b100,hybrid,default.qubit,4,2,100,2569,1,first_grad_classical,19,0.001713000
batch_sweep,b100,hybrid,default.qubit,4,2,100,2569,1,second_grad,19,0.028196200
batch_sweep,b100,hybrid,default.qubit,4,2,100,2569,1,second_grad_quantum,19,0.019854900
batch_sweep,b100,hybrid,default.qubit,4,2,100,2569,1,second_grad_classical,19,0.008341300
batch_sweep,b100,hybrid,default.qubit,4,2,100,2569,1,param_grad,19,0.054422100
batch_sweep,b100,hybrid,default.qubit,4,2,100,2569,1,param_grad_quantum,19,0.028846700
batch_sweep,b100,hybrid,default.qubit,4,2,100,2569,1,param_grad_classical,19,0.025575400
batch_sweep,b100,hybrid,default.qubit,4,2,100,2569,0,forward,19,0.009580200
batch_sweep,b100,hybrid,default.qubit,4,2,100,2569,0,forward_quantum,19,0.009108000
batch_sweep,b100,hybrid,default.qubit,4,2,100,2569,0,forward_classical,19,0.000472200
batch_sweep,b100,hybrid,default.qubit,4,2,100,2569,0,first_grad,19,0.017667000
batch_sweep,b100,hybrid,default.qubit,4,2,100,2569,0,first_grad_quantum,19,0.015630600
batch_sweep,b100,hybrid,default.qubit,4,2,100,2569,0,first_grad_classical,19,0.002036400
batch_sweep,b100,hybrid,default.qubit,4,2,100,2569,0,second_grad,19,0.026406800
batch_sweep,b100,hybrid,default.qubit,4,2,100,2569,0,second_grad_quantum,19,0.018823800
batch_sweep,b100,hybrid,default.qubit,4,2,100,2569,0,second_grad_classical,19,0.007583000
batch_sweep,b100,hybrid,default.qubit,4,2,100,2569,0,param_grad,19,0.052531500
batch_sweep,b100,hybrid,default.qubit,4,2,100,2569,0,param_grad_quantum,19,0.026296900
batch_sweep,b100,hybrid,default.qubit,4,2,100,2569,0,param_grad_classical,19,0.026234600
batch_sweep,b500,hybrid,default.qubit,4,2,500,2569,1,forward,19,0.012660700
batch_sweep,b500,hybrid,default.qubit,4,2,500,2569,1,forward_quantum,19,0.012013000
batch_sweep,b500,hybrid,default.qubit,4,2,500,2569,1,forward_classical,19,0.000647700
batch_sweep,b500,hybrid,default.qubit,4,2,500,2569,1,first_grad,19,0.023168400
batch_sweep,b500,hybrid,default.qubit,4,2,500,2569,1,first_grad_quantum,19,0.021206300
batch_sweep,b500,hybrid,default.qubit,4,2,500,2569,1,first_grad_classical,19,0.001962100
batch_sweep,b500,hybrid,default.qubit,4,2,500,2569,1,second_grad,19,0.037765100
batch_sweep,b500,hybrid,default.qubit,4,2,500,2569,1,second_grad_quantum,19,0.026271400
batch_sweep,b500,hybrid,default.qubit,4,2,500,2569,1,second_grad_classical,19,0.011493700
batch_sweep,b500,hybrid,default.qubit,4,2,500,2569,1,param_grad,19,0.074099200
batch_sweep,b500,hybrid,default.qubit,4,2,500,2569,1,param_grad_quantum,19,0.037818300
batch_sweep,b500,hybrid,default.qubit,4,2,500,2569,1,param_grad_classical,19,0.036280900
batch_sweep,b500,hybrid,default.qubit,4,2,500,2569,2,forward,19,0.013173200
batch_sweep,b500,hybrid,default.qubit,4,2,500,2569,2,forward_quantum,19,0.012557000
batch_sweep,b500,hybrid,default.qubit,4,2,500,2569,2,forward_classical,19,0.000616200
batch_sweep,b500,hybrid,default.qubit,4,2,500,2569,2,first_grad,19,0.022245500
batch_sweep,b500,hybrid,default.qubit,4,2,500,2569,2,first_grad_quantum,19,0.020011700
batch_sweep,b500,hybrid,default.qubit,4,2,500,2569,2,first_grad_classical,19,0.002233800
batch_sweep,b500,hybrid,default.qubit,4,2,500,2569,2,second_grad,19,0.040245000
batch_sweep,b500,hybrid,default.qubit,4,2,500,2569,2,second_grad_quantum,19,0.028471300
batch_sweep,b500,hybrid,default.qubit,4,2,500,2569,2,second_grad_classical,19,0.011773700
batch_sweep,b500,hybrid,default.qubit,4,2,500,2569,2,param_grad,19,0.065890100
batch_sweep,b500,hybrid,default.qubit,4,2,500,2569,2,param_grad_quantum,19,0.034780700
batch_sweep,b500,hybrid,default.qubit,4,2,500,2569,2,param_grad_classical,19,0.031109400
batch_sweep,b5000,hybrid,default.qubit,4,2,5000,2569,1,forward,19,0.017954000
batch_sweep,b5000,hybrid,default.qubit,4,2,5000,2569,1,forward_quantum,19,0.017038900
batch_sweep,b5000,hybrid,default.qubit,4,2,5000,2569,1,forward_classical,19,0.000915100
batch_sweep,b5000,hybrid,default.qubit,4,2,5000,2569,1,first_grad,19,0.047041700
batch_sweep,b5000,hybrid,default.qubit,4,2,5000,2569,1,first_grad_quantum,19,0.044217200
batch_sweep,b5000,hybrid,default.qubit,4,2,5000,2569,1,first_grad_classical,19,0.002824500
batch_sweep,b5000,hybrid,default.qubit,4,2,5000,2569,1,second_grad,19,0.088534000
batch_sweep,b5000,hybrid,default.qubit,4,2,5000,2569,1,second_grad_quantum,19,0.058087300
batch_sweep,b5000,hybrid,default.qubit,4,2,5000,2569,1,second_grad_classical,19,0.030446700
batch_sweep,b5000,hybrid,default.qubit,4,2,5000,2569,1,param_grad,19,0.197108500
batch_sweep,b5000,hybrid,default.qubit,4,2,5000,2569,1,param_grad_quantum,19,0.083193300
batch_sweep,b5000,hybrid,default.qubit,4,2,5000,2569,1,param_grad_classical,19,0.113915200
batch_sweep,b2540,hybrid,default.qubit,4,2,2540,2569,1,forward,19,0.016662600
batch_sweep,b2540,hybrid,default.qubit,4,2,2540,2569,1,forward_quantum,19,0.015896800
batch_sweep,b2540,hybrid,default.qubit,4,2,2540,2569,1,forward_classical,19,0.000765800
batch_sweep,b2540,hybrid,default.qubit,4,2,2540,2569,1,first_grad,19,0.034854200
batch_sweep,b2540,hybrid,default.qubit,4,2,2540,2569,1,first_grad_quantum,19,0.029901600
batch_sweep,b2540,hybrid,default.qubit,4,2,2540,2569,1,first_grad_classical,19,0.004952600
batch_sweep,b2540,hybrid,default.qubit,4,2,2540,2569,1,second_grad,19,0.067472800
batch_sweep,b2540,hybrid,default.qubit,4,2,2540,2569,1,second_grad_quantum,19,0.044705000
batch_sweep,b2540,hybrid,default.qubit,4,2,2540,2569,1,second_grad_classical,19,0.022767800
batch_sweep,b2540,hybrid,default.qubit,4,2,2540,2569,1,param_grad,19,0.125150400
batch_sweep,b2540,hybrid,default.qubit,4,2,2540,2569,1,param_grad_quantum,19,0.055738600
batch_sweep,b2540,hybrid,default.qubit,4,2,2540,2569,1,param_grad_classical,19,0.069411800
batch_sweep,b2540,hybrid,default.qubit,4,2,2540,2569,2,forward,19,0.016756400
batch_sweep,b2540,hybrid,default.qubit,4,2,2540,2569,2,forward_quantum,19,0.016038700
batch_sweep,b2540,hybrid,default.qubit,4,2,2540,2569,2,forward_classical,19,0.000717700
batch_sweep,b2540,hybrid,default.qubit,4,2,2540,2569,2,first_grad,19,0.034405100
batch_sweep,b2540,hybrid,default.qubit,4,2,2540,2569,2,first_grad_quantum,19,0.029059300
batch_sweep,b2540,hybrid,default.qubit,4,2,2540,2569,2,first_grad_classical,19,0.005345800
batch_sweep,b2540,hybrid,default.qubit,4,2,2540,2569,2,second_grad,19,0.063181500
batch_sweep,b2540,hybrid,default.qubit,4,2,2540,2569,2,second_grad_quantum,19,0.040553800
batch_sweep,b2540,hybrid,default.qubit,4,2,2540,2569,2,second_grad_classical,19,0.022627700
batch_sweep,b2540,hybrid,default.qubit,4,2,2540,2569,2,param_grad,19,0.136815500
batch_sweep,b2540,hybrid,default.qubit,4,2,2540,2569,2,param_grad_quantum,19,0.061624400
batch_sweep,b2540,hybrid,default.qubit,4,2,2540,2569,2,param_grad_classical,19,0.075191100
batch_sweep,b5000,hybrid,default.qubit,4,2,5000,2569,2,forward,19,0.021053500
batch_sweep,b5000,hybrid,default.qubit,4,2,5000,2569,2,forward_quantum,19,0.020036600
batch_sweep,b5000,hybrid,default.qubit,4,2,5000,2569,2,forward_classical,19,0.001016900
batch_sweep,b5000,hybrid,default.qubit,4,2,5000,2569,2,first_grad,19,0.049070300
batch_sweep,b5000,hybrid,default.qubit,4,2,5000,2569,2,first_grad_quantum,19,0.046064400
batch_sweep,b5000,hybrid,default.qubit,4,2,5000,2569,2,first_grad_classical,19,0.003005900
batch_sweep,b5000,hybrid,default.qubit,4,2,5000,2569,2,second_grad,19,0.090345700
batch_sweep,b5000,hybrid,default.qubit,4,2,5000,2569,2,second_grad_quantum,19,0.057685900
batch_sweep,b5000,hybrid,default.qubit,4,2,5000,2569,2,second_grad_classical,19,0.032659800
batch_sweep,b5000,hybrid,default.qubit,4,2,5000,2569,2,param_grad,19,0.201381500
batch_sweep,b5000,hybrid,default.qubit,4,2,5000,2569,2,param_grad_quantum,19,0.085808000
batch_sweep,b5000,hybrid,default.qubit,4,2,5000,2569,2,param_grad_classical,19,0.115573500
batch_sweep,b5000,hybrid,default.qubit,4,2,5000,2569,0,forward,19,0.019562100
batch_sweep,b5000,hybrid,default.qubit,4,2,5000,2569,0,forward_quantum,19,0.018497000
batch_sweep,b5000,hybrid,default.qubit,4,2,5000,2569,0,forward_classical,19,0.001065100
batch_sweep,b5000,hybrid,default.qubit,4,2,5000,2569,0,first_grad,19,0.044831800
batch_sweep,b5000,hybrid,default.qubit,4,2,5000,2569,0,first_grad_quantum,19,0.041860200
batch_sweep,b5000,hybrid,default.qubit,4,2,5000,2569,0,first_grad_classical,19,0.002971600
batch_sweep,b5000,hybrid,default.qubit,4,2,5000,2569,0,second_grad,19,0.095366400
batch_sweep,b5000,hybrid,default.qubit,4,2,5000,2569,0,second_grad_quantum,19,0.061383700
batch_sweep,b5000,hybrid,default.qubit,4,2,5000,2569,0,second_grad_classical,19,0.033982700
batch_sweep,b5000,hybrid,default.qubit,4,2,5000,2569,0,param_grad,19,0.199262500
batch_sweep,b5000,hybrid,default.qubit,4,2,5000,2569,0,param_grad_quantum,19,0.083267000
batch_sweep,b5000,hybrid,default.qubit,4,2,5000,2569,0,param_grad_classical,19,0.115995500
batch_sweep,b500,hybrid,default.qubit,4,2,500,2569,0,forward,19,0.019119000
batch_sweep,b500,hybrid,default.qubit,4,2,500,2569,0,forward_quantum,19,0.015690000
batch_sweep,b500,hybrid,default.qubit,4,2,500,2569,0,forward_classical,19,0.003429000
batch_sweep,b500,hybrid,default.qubit,4,2,500,2569,0,first_grad,19,0.023015000
batch_sweep,b500,hybrid,default.qubit,4,2,500,2569,0,first_grad_quantum,19,0.020873400
batch_sweep,b500,hybrid,default.qubit,4,2,500,2569,0,first_grad_classical,19,0.002141600
batch_sweep,b500,hybrid,default.qubit,4,2,500,2569,0,second_grad,19,0.042522000
batch_sweep,b500,hybrid,default.qubit,4,2,500,2569,0,second_grad_quantum,19,0.027890700
batch_sweep,b500,hybrid,default.qubit,4,2,500,2569,0,second_grad_classical,19,0.014631300
batch_sweep,b500,hybrid,default.qubit,4,2,500,2569,0,param_grad,19,0.075289200
batch_sweep,b500,hybrid,default.qubit,4,2,500,2569,0,param_grad_quantum,19,0.036721600
batch_sweep,b500,hybrid,default.qubit,4,2,500,2569,0,param_grad_classical,19,0.038567600
batch_sweep,b1000,hybrid,default.qubit,4,2,1000,2569,1,forward,19,0.014527900
batch_sweep,b1000,hybrid,default.qubit,4,2,1000,2569,1,forward_quantum,19,0.013843000
batch_sweep,b1000,hybrid,default.qubit,4,2,1000,2569,1,forward_classical,19,0.000684900
batch_sweep,b1000,hybrid,default.qubit,4,2,1000,2569,1,first_grad,19,0.023850700
batch_sweep,b1000,hybrid,default.qubit,4,2,1000,2569,1,first_grad_quantum,19,0.021748900
batch_sweep,b1000,hybrid,default.qubit,4,2,1000,2569,1,first_grad_classical,19,0.002101800
batch_sweep,b1000,hybrid,default.qubit,4,2,1000,2569,1,second_grad,19,0.050301800
batch_sweep,b1000,hybrid,default.qubit,4,2,1000,2569,1,second_grad_quantum,19,0.033757900
batch_sweep,b1000,hybrid,default.qubit,4,2,1000,2569,1,second_grad_classical,19,0.016543900
batch_sweep,b1000,hybrid,default.qubit,4,2,1000,2569,1,param_grad,19,0.093322000
batch_sweep,b1000,hybrid,default.qubit,4,2,1000,2569,1,param_grad_quantum,19,0.042253200
batch_sweep,b1000,hybrid,default.qubit,4,2,1000,2569,1,param_grad_classical,19,0.051068800
batch_sweep,b1000,hybrid,default.qubit,4,2,1000,2569,0,forward,19,0.014061700
batch_sweep,b1000,hybrid,default.qubit,4,2,1000,2569,0,forward_quantum,19,0.013441200
batch_sweep,b1000,hybrid,default.qubit,4,2,1000,2569,0,forward_classical,19,0.000620500
batch_sweep,b1000,hybrid,default.qubit,4,2,1000,2569,0,first_grad,19,0.026515600
batch_sweep,b1000,hybrid,default.qubit,4,2,1000,2569,0,first_grad_quantum,19,0.024119900
batch_sweep,b1000,hybrid,default.qubit,4,2,1000,2569,0,first_grad_classical,19,0.002395700
batch_sweep,b1000,hybrid,default.qubit,4,2,1000,2569,0,second_grad,19,0.046706500
batch_sweep,b1000,hybrid,default.qubit,4,2,1000,2569,0,second_grad_quantum,19,0.031947600
batch_sweep,b1000,hybrid,default.qubit,4,2,1000,2569,0,second_grad_classical,19,0.014758900
batch_sweep,b1000,hybrid,default.qubit,4,2,1000,2569,0,param_grad,19,0.095131100
batch_sweep,b1000,hybrid,default.qubit,4,2,1000,2569,0,param_grad_quantum,19,0.042610600
batch_sweep,b1000,hybrid,default.qubit,4,2,1000,2569,0,param_grad_classical,19,0.052520500
