section,case,kind,backend,n_qubits,n_layers,batch,n_params,seed,stage,rep,seconds
main,ctrl_n4,control,default.qubit,4,0,2540,2537,1,forward,0,0.000615600
main,ctrl_n4,control,default.qubit,4,0,2540,2537,1,first_grad,0,0.000887000
main,ctrl_n4,control,default.qubit,4,0,2540,2537,1,second_grad,0,0.001635100
main,ctrl_n4,control,default.qubit,4,0,2540,2537,1,param_grad,0,0.003908200
main,classical,classical,default.qubit,,,2540,4353,0,forward,0,0.000510100
main,classical,classical,default.qubit,,,2540,4353,0,first_grad,0,0.000759800
main,classical,classical,default.qubit,,,2540,4353,0,second_grad,0,0.001495200
main,classical,classical,default.qubit,,,2540,4353,0,param_grad,0,0.003947900
main,narrow,hybrid,default.qubit,2,2,2540,2421,2,forward,0,0.008018300
main,narrow,hybrid,default.qubit,2,2,2540,2421,2,forward_quantum,0,0.007252800
main,narrow,hybrid,default.qubit,2,2,2540,2421,2,forward_classical,0,0.000765500
main,narrow,hybrid,default.qubit,2,2,2540,2421,2,first_grad,0,0.011460600
main,narrow,hybrid,default.qubit,2,2,2540,2421,2,first_grad_quantum,0,0.009941000
main,narrow,hybrid,default.qubit,2,2,2540,2421,2,first_grad_classical,0,0.001519600
main,narrow,hybrid,default.qubit,2,2,2540,2421,2,second_grad,0,0.023036100
main,narrow,hybrid,default.qubit,2,2,2540,2421,2,second_grad_quantum,0,0.013297000
main,narrow,hybrid,default.qubit,2,2,2540,2421,2,second_grad_classical,0,0.009739100
main,narrow,hybrid,default.qubit,2,2,2540,2421,2,param_grad,0,0.043813100
main,narrow,hybrid,default.qubit,2,2,2540,2421,2,param_grad_quantum,0,0.018591800
main,narrow,hybrid,default.qubit,2,2,2540,2421,2,param_grad_classical,0,0.025221300
main,ctrl_n6,control,default.qubit,6,0,2540,2669,0,forward,0,0.000945300
main,ctrl_n6,control,default.qubit,6,0,2540,2669,0,first_grad,0,0.001209200
main,ctrl_n6,control,default.qubit,6,0,2540,2669,0,second_grad,0,0.002054300
main,ctrl_n6,control,default.qubit,6,0,2540,2669,0,param_grad,0,0.006334800
main,ctrl_n4,control,default.qubit,4,0,2540,2537,0,forward,0,0.000635600
main,ctrl_n4,control,default.qubit,4,0,2540,2537,0,first_grad,0,0.000952600
main,ctrl_n4,control,default.qubit,4,0,2540,2537,0,second_grad,0,0.002502900
main,ctrl_n4,control,default.qubit,4,0,2540,2537,0,param_grad,0,0.005311900
main,wide,hybrid,default.qubit,6,2,2540,2717,1,forward,0,0.031389100
main,wide,hybrid,default.qubit,6,2,2540,2717,1,forward_quantum,0,0.030576200
main,wide,hybrid,default.qubit,6,2,2540,2717,1,forward_classical,0,0.000812900
main,wide,hybrid,default.qubit,6,2,2540,2717,1,first_grad,0,0.085732700
main,wide,hybrid,default.qubit,6,2,2540,2717,1,first_grad_quantum,0,0.081806400
main,wide,hybrid,default.qubit,6,2,2540,2717,1,first_grad_classical,0,0.003926300
main,wide,hybrid,default.qubit,6,2,2540,2717,1,second_grad,0,0.168713000
main,wide,hybrid,default.qubit,6,2,2540,2717,1,second_grad_quantum,0,0.115560300
main,wide,hybrid,default.qubit,6,2,2540,2717,1,second_grad_classical,0,0.053152700
main,wide,hybrid,default.qubit,6,2,2540,2717,1,param_grad,0,0.422895000
main,wide,hybrid,default.qubit,6,2,2540,2717,1,param_grad_quantum,0,0.174853300
main,wide,hybrid,default.qubit,6,2,2540,2717,1,param_grad_classical,0,0.248041700
main,ctrl_n4,control,default.qubit,4,0,2540,2537,2,forward,0,0.000739300
main,ctrl_n4,control,default.qubit,4,0,2540,2537,2,first_grad,0,0.001405700
main,ctrl_n4,control,default.qubit,4,0,2540,2537,2,second_grad,0,0.002041700
main,ctrl_n4,control,default.qubit,4,0,2540,2537,2,param_grad,0,0.005003800
main,ctrl_n2,control,default.qubit,2,0,2540,2405,2,forward,0,0.000648200
main,ctrl_n2,control,default.qubit,2,0,2540,2405,2,first_grad,0,0.000973500
main,ctrl_n2,control,default.qubit,2,0,2540,2405,2,second_grad,0,0.002598300
main,ctrl_n2,control,default.qubit,2,0,2540,2405,2,param_grad,0,0.005185100
main,baseline,hybrid,default.qubit,4,2,2540,2569,1,forward,0,0.016959900
main,baseline,hybrid,default.qubit,4,2,2540,2569,1,forward_quantum,0,0.016112700
main,baseline,hybrid,default.qubit,4,2,2540,2569,1,forward_classical,0,0.000847200
main,baseline,hybrid,default.qubit,4,2,2540,2569,1,first_grad,0,0.035431500
main,baseline,hybrid,default.qubit,4,2,2540,2569,1,first_grad_quantum,0,0.030675200
main,baseline,hybrid,default.qubit,4,2,2540,2569,1,first_grad_classical,0,0.004756300
main,baseline,hybrid,default.qubit,4,2,2540,2569,1,second_grad,0,0.060724300
main,baseline,hybrid,default.qubit,4,2,2540,2569,1,second_grad_quantum,0,0.039770200
main,baseline,hybrid,default.qubit,4,2,2540,2569,1,second_grad_classical,0,0.020954100
main,baseline,hybrid,default.qubit,4,2,2540,2569,1,param_grad,0,0.138283300
main,baseline,hybrid,default.qubit,4,2,2540,2569,1,param_grad_quantum,0,0.063358300
main,baseline,hybrid,default.qubit,4,2,2540,2569,1,param_grad_classical,0,0.074925000
main,deep,hybrid,default.qubit,4,4,2540,2601,0,forward,0,0.024527100
main,deep,hybrid,default.qubit,4,4,2540,2601,0,forward_quantum,0,0.023820900
main,deep,hybrid,default.qubit,4,4,2540,2601,0,forward_classical,0,0.000706200
main,deep,hybrid,default.qubit,4,4,2540,2601,0,first_grad,0,0.057452600
main,deep,hybrid,default.qubit,4,4,2540,2601,0,first_grad_quantum,0,0.053947400
main,deep,hybrid,default.qubit,4,4,2540,2601,0,first_grad_classical,0,0.003505200
main,deep,hybrid,default.qubit,4,4,2540,2601,0,second_grad,0,0.107410900
main,deep,hybrid,default.qubit,4,4,2540,2601,0,second_grad_quantum,0,0.071089500
main,deep,hybrid,default.qubit,4,4,2540,2601,0,second_grad_classical,0,0.036321400
main,deep,hybrid,default.qubit,4,4,2540,2601,0,param_grad,0,0.220236100
main,deep,hybrid,default.qubit,4,4,2540,2601,0,param_grad_quantum,0,0.096875200
main,deep,hybrid,default.qubit,4,4,2540,2601,0,param_grad_classical,0,0.123360900
main,baseline,hybrid,default.qubit,4,2,2540,2569,0,forward,0,0.016551200
main,baseline,hybrid,default.qubit,4,2,2540,2569,0,forward_quantum,0,0.015564800
main,baseline,hybrid,default.qubit,4,2,2540,2569,0,forward_classical,0,0.000986400
main,baseline,hybrid,default.qubit,4,2,2540,2569,0,first_grad,0,0.031036900
main,baseline,hybrid,default.qubit,4,2,2540,2569,0,first_grad_quantum,0,0.028114100
main,baseline,hybrid,default.qubit,4,2,2540,2569,0,first_grad_classical,0,0.002922800
main,baseline,hybrid,default.qubit,4,2,2540,2569,0,second_grad,0,0.062220300
main,baseline,hybrid,default.qubit,4,2,2540,2569,0,second_grad_quantum,0,0.043029500
main,baseline,hybrid,default.qubit,4,2,2540,2569,0,second_grad_classical,0,0.019190800
main,baseline,hybrid,default.qubit,4,2,2540,2569,0,param_grad,0,0.132967900
main,baseline,hybrid,default.qubit,4,2,2540,2569,0,param_grad_quantum,0,0.058061400
main,baseline,hybrid,default.qubit,4,2,2540,2569,0,param_grad_classical,0,0.074906500
main,deep,hybrid,default.qubit,4,4,2540,2601,2,forward,0,0.024913600
main,deep,hybrid,default.qubit,4,4,2540,2601,2,forward_quantum,0,0.024225300
main,deep,hybrid,default.qubit,4,4,2540,2601,2,forward_classical,0,0.000688300
main,deep,hybrid,default.qubit,4,4,2540,2601,2,first_grad,0,0.049573600
main,deep,hybrid,default.qubit,4,4,2540,2601,2,first_grad_quantum,0,0.046294100
main,deep,hybrid,default.qubit,4,4,2540,2601,2,first_grad_classical,0,0.003279500
main,deep,hybrid,default.qubit,4,4,2540,2601,2,second_grad,0,0.100492700
main,deep,hybrid,default.qubit,4,4,2540,2601,2,second_grad_quantum,0,0.069585000
main,deep,hybrid,default.qubit,4,4,2540,2601,2,second_grad_classical,0,0.030907700
main,deep,hybrid,default.qubit,4,4,2540,2601,2,param_grad,0,0.205005800
main,deep,hybrid,default.qubit,4,4,2540,2601,2,param_grad_quantum,0,0.090097400
main,deep,hybrid,default.qubit,4,4,2540,2601,2,param_grad_classical,0,0.114908400
main,wide,hybrid,default.qubit,6,2,2540,2717,0,forward,0,0.032948400
main,wide,hybrid,default.qubit,6,2,2540,2717,0,forward_quantum,0,0.032166100
main,wide,hybrid,default.qubit,6,2,2540,2717,0,forward_classical,0,0.000782300
main,wide,hybrid,default.qubit,6,2,2540,2717,0,first_grad,0,0.081541200
main,wide,hybrid,default.qubit,6,2,2540,2717,0,first_grad_quantum,0,0.077385300
main,wide,hybrid,default.qubit,6,2,2540,2717,0,first_grad_classical,0,0.004155900
main,wide,hybrid,default.qubit,6,2,2540,2717,0,second_grad,0,0.157383800
main,wide,hybrid,default.qubit,6,2,2540,2717,0,second_grad_quantum,0,0.106348900
main,wide,hybrid,default.qubit,6,2,2540,2717,0,second_grad_classical,0,0.051034900
main,wide,hybrid,default.qubit,6,2,2540,2717,0,param_grad,0,0.422923400
main,wide,hybrid,default.qubit,6,2,2540,2717,0,param_grad_quantum,0,0.166446400
main,wide,hybrid,default.qubit,6,2,2540,2717,0,param_grad_classical,0,0.256477000
main,wide,hybrid,default.qubit,6,2,2540,2717,2,forward,0,0.032287800
main,wide,hybrid,default.qubit,6,2,2540,2717,2,forward_quantum,0,0.031408700
main,wide,hybrid,default.qubit,6,2,2540,2717,2,forward_classical,0,0.000879100
main,wide,hybrid,default.qubit,6,2,2540,2717,2,first_grad,0,0.087004700
main,wide,hybrid,default.qubit,6,2,2540,2717,2,first_grad_quantum,0,0.081486200
main,wide,hybrid,default.qubit,6,2,2540,2717,2,first_grad_classical,0,0.005518500
main,wide,hybrid,default.qubit,6,2,2540,2717,2,second_grad,0,0.167276700
main,wide,hybrid,default.qubit,6,2,2540,2717,2,second_grad_quantum,0,0.113948600
main,wide,hybrid,default.qubit,6,2,2540,2717,2,second_grad_classical,0,0.053328100
main,wide,hybrid,default.qubit,6,2,2540,2717,2,param_grad,0,0.419419400
main,wide,hybrid,default.qubit,6,2,2540,2717,2,param_grad_quantum,0,0.173182600
main,wide,hybrid,default.qubit,6,2,2540,2717,2,param_grad_classical,0,0.246236800
main,ctrl_n2,control,default.qubit,2,0,2540,2405,0,forward,0,0.000713500
main,ctrl_n2,control,default.qubit,2,0,2540,2405,0,first_grad,0,0.001546400
main,ctrl_n2,control,default.qubit,2,0,2540,2405,0,second_grad,0,0.002055000
main,ctrl_n2,control,default.qubit,2,0,2540,2405,0,param_grad,0,0.004738300
main,baseline,hybrid,default.qubit,4,2,2540,2569,2,forward,0,0.016837400
main,baseline,hybrid,default.qubit,4,2,2540,2569,2,forward_quantum,0,0.015968100
main,baseline,hybrid,default.qubit,4,2,2540,2569,2,forward_classical,0,0.000869300
main,baseline,hybrid,default.qubit,4,2,2540,2569,2,first_grad,0,0.033187500
main,baseline,hybrid,default.qubit,4,2,2540,2569,2,first_grad_quantum,0,0.030505700
main,baseline,hybrid,default.qubit,4,2,2540,2569,2,first_grad_classical,0,0.002681800
main,baseline,hybrid,default.qubit,4,2,2540,2569,2,second_grad,0,0.067303400
main,baseline,hybrid,default.qubit,4,2,2540,2569,2,second_grad_quantum,0,0.042708400
main,baseline,hybrid,default.qubit,4,2,2540,2569,2,second_grad_classical,0,0.024595000
main,baseline,hybrid,default.qubit,4,2,2540,2569,2,param_grad,0,0.136915300
main,baseline,hybrid,default.qubit,4,2,2540,2569,2,param_grad_quantum,0,0.062427200
main,baseline,hybrid,default.qubit,4,2,2540,2569,2,param_grad_classical,0,0.074488100
main,narrow,hybrid,default.qubit,2,2,2540,2421,1,forward,0,0.008016100
main,narrow,hybrid,default.qubit,2,2,2540,2421,1,forward_quantum,0,0.007147300
main,narrow,hybrid,default.qubit,2,2,2540,2421,1,forward_classical,0,0.000868800
main,narrow,hybrid,default.qubit,2,2,2540,2421,1,first_grad,0,0.011876900
main,narrow,hybrid,default.qubit,2,2,2540,2421,1,first_grad_quantum,0,0.010314700
main,narrow,hybrid,default.qubit,2,2,2540,2421,1,first_grad_classical,0,0.001562200
main,narrow,hybrid,default.qubit,2,2,2540,2421,1,second_grad,0,0.025858600
main,narrow,hybrid,default.qubit,2,2,2540,2421,1,second_grad_quantum,0,0.014706700
main,narrow,hybrid,default.qubit,2,2,2540,2421,1,second_grad_classical,0,0.011151900
main,narrow,hybrid,default.qubit,2,2,2540,2421,1,param_grad,0,0.046615500
main,narrow,hybrid,default.qubit,2,2,2540,2421,1,param_grad_quantum,0,0.019510000
main,narrow,hybrid,default.qubit,2,2,2540,2421,1,param_grad_classical,0,0.027105500
main,ctrl_n6,control,default.qubit,6,0,2540,2669,2,forward,0,0.000943700
main,ctrl_n6,control,default.qubit,6,0,2540,2669,2,first_grad,0,0.001441100
main,ctrl_n6,control,default.qubit,6,0,2540,2669,2,second_grad,0,0.002238600
main,ctrl_n6,control,default.qubit,6,0,2540,2669,2,param_grad,0,0.005580900
main,ctrl_n6,control,default.qubit,6,0,2540,2669,1,forward,0,0.000662300
main,ctrl_n6,control,default.qubit,6,0,2540,2669,1,first_grad,0,0.000945300
main,ctrl_n6,control,default.qubit,6,0,2540,2669,1,second_grad,0,0.001684100
main,ctrl_n6,control,default.qubit,6,0,2540,2669,1,param_grad,0,0.005380300
main,classical,classical,default.qubit,,,2540,4353,2,forward,0,0.000724900
main,classical,classical,default.qubit,,,2540,4353,2,first_grad,0,0.001003500
main,classical,classical,default.qubit,,,2540,4353,2,second_grad,0,0.001701300
main,classical,classical,default.qubit,,,2540,4353,2,param_grad,0,0.004222600
main,classical,classical,default.qubit,,,2540,4353,1,forward,0,0.000513500
main,classical,classical,default.qubit,,,2540,4353,1,first_grad,0,0.000950300
main,classical,classical,default.qubit,,,2540,4353,1,second_grad,0,0.001622800
main,classical,classical,default.qubit,,,2540,4353,1,param_grad,0,0.004910900
main,narrow,hybrid,default.qubit,2,2,2540,2421,0,forward,0,0.007791300
main,narrow,hybrid,default.qubit,2,2,2540,2421,0,forward_quantum,0,0.007039200
main,narrow,hybrid,default.qubit,2,2,2540,2421,0,forward_classical,0,0.000752100
main,narrow,hybrid,default.qubit,2,2,2540,2421,0,first_grad,0,0.012022600
main,narrow,hybrid,default.qubit,2,2,2540,2421,0,first_grad_quantum,0,0.010196100
main,narrow,hybrid,default.qubit,2,2,2540,2421,0,first_grad_classical,0,0.001826500
main,narrow,hybrid,default.qubit,2,2,2540,2421,0,second_grad,0,0.022499900
main,narrow,hybrid,default.qubit,2,2,2540,2421,0,second_grad_quantum,0,0.015313000
main,narrow,hybrid,default.qubit,2,2,2540,2421,0,second_grad_classical,0,0.007186900
main,narrow,hybrid,default.qubit,2,2,2540,2421,0,param_grad,0,0.041345500
main,narrow,hybrid,default.qubit,2,2,2540,2421,0,param_grad_quantum,0,0.017817400
main,narrow,hybrid,default.qubit,2,2,2540,2421,0,param_grad_classical,0,0.023528100
main,ctrl_n2,control,default.qubit,2,0,2540,2405,1,forward,0,0.000736300
main,ctrl_n2,control,default.qubit,2,0,2540,2405,1,first_grad,0,0.001150000
main,ctrl_n2,control,default.qubit,2,0,2540,2405,1,second_grad,0,0.002028100
main,ctrl_n2,control,default.qubit,2,0,2540,2405,1,param_grad,0,0.005466300
main,deep,hybrid,default.qubit,4,4,2540,2601,1,forward,0,0.027029200
main,deep,hybrid,default.qubit,4,4,2540,2601,1,forward_quantum,0,0.026292400
main,deep,hybrid,default.qubit,4,4,2540,2601,1,forward_classical,0,0.000736800
main,deep,hybrid,default.qubit,4,4,2540,2601,1,first_grad,0,0.053933000
main,deep,hybrid,default.qubit,4,4,2540,2601,1,first_grad_quantum,0,0.050962400
main,deep,hybrid,default.qubit,4,4,2540,2601,1,first_grad_classical,0,0.002970600
main,deep,hybrid,default.qubit,4,4,2540,2601,1,second_grad,0,0.099436000
main,deep,hybrid,default.qubit,4,4,2540,2601,1,second_grad_quantum,0,0.067783900
main,deep,hybrid,default.qubit,4,4,2540,2601,1,second_grad_classical,0,0.031652100
main,deep,hybrid,default.qubit,4,4,2540,2601,1,param_grad,0,0.226471000
main,deep,hybrid,default.qubit,4,4,2540,2601,1,param_grad_quantum,0,0.102757300
main,deep,hybrid,default.qubit,4,4,2540,2601,1,param_grad_classical,0,0.123713700
main,classical,classical,default.qubit,,,2540,4353,2,forward,1,0.000651300
main,classical,classical,default.qubit,,,2540,4353,2,first_grad,1,0.000852900
main,classical,classical,default.qubit,,,2540,4353,2,second_grad,1,0.001815300
main,classical,classical,default.qubit,,,2540,4353,2,param_grad,1,0.005170800
main,narrow,hybrid,default.qubit,2,2,2540,2421,0,forward,1,0.007758200
main,narrow,hybrid,default.qubit,2,2,2540,2421,0,forward_quantum,1,0.007053900
main,narrow,hybrid,default.qubit,2,2,2540,2421,0,forward_classical,1,0.000704300
main,narrow,hybrid,default.qubit,2,2,2540,2421,0,first_grad,1,0.012398300
main,narrow,hybrid,default.qubit,2,2,2540,2421,0,first_grad_quantum,1,0.010565400
main,narrow,hybrid,default.qubit,2,2,2540,2421,0,first_grad_classical,1,0.001832900
main,narrow,hybrid,default.qubit,2,2,2540,2421,0,second_grad,1,0.022654800
main,narrow,hybrid,default.qubit,2,2,2540,2421,0,second_grad_quantum,1,0.014349000
main,narrow,hybrid,default.qubit,2,2,2540,2421,0,second_grad_classical,1,0.008305800
main,narrow,hybrid,default.qubit,2,2,2540,2421,0,param_grad,1,0.045314000
main,narrow,hybrid,default.qubit,2,2,2540,2421,0,param_grad_quantum,1,0.018834600
main,narrow,hybrid,default.qubit,2,2,2540,2421,0,param_grad_classical,1,0.026479400
main,ctrl_n4,control,default.qubit,4,0,2540,2537,2,forward,1,0.000897500
main,ctrl_n4,control,default.qubit,4,0,2540,2537,2,first_grad,1,0.001068200
main,ctrl_n4,control,default.qubit,4,0,2540,2537,2,second_grad,1,0.001879500
main,ctrl_n4,control,default.qubit,4,0,2540,2537,2,param_grad,1,0.005053500
main,ctrl_n4,control,default.qubit,4,0,2540,2537,1,forward,1,0.000693800
main,ctrl_n4,control,default.qubit,4,0,2540,2537,1,first_grad,1,0.001050700
main,ctrl_n4,control,default.qubit,4,0,2540,2537,1,second_grad,1,0.002163200
main,ctrl_n4,control,default.qubit,4,0,2540,2537,1,param_grad,1,0.005150400
main,ctrl_n4,control,default.qubit,4,0,2540,2537,0,forward,1,0.000993200
main,ctrl_n4,control,default.qubit,4,0,2540,2537,0,first_grad,1,0.001150200
main,ctrl_n4,control,default.qubit,4,0,2540,2537,0,second_grad,1,0.001884600
main,ctrl_n4,control,default.qubit,4,0,2540,2537,0,param_grad,1,0.005296000
main,deep,hybrid,default.qubit,4,4,2540,2601,1,forward,1,0.028509800
main,deep,hybrid,default.qubit,4,4,2540,2601,1,forward_quantum,1,0.027728400
main,deep,hybrid,default.qubit,4,4,2540,2601,1,forward_classical,1,0.000781400
main,deep,hybrid,default.qubit,4,4,2540,2601,1,first_grad,1,0.060190500
main,deep,hybrid,default.qubit,4,4,2540,2601,1,first_grad_quantum,1,0.056138900
main,deep,hybrid,default.qubit,4,4,2540,2601,1,first_grad_classical,1,0.004051600
main,deep,hybrid,default.qubit,4,4,2540,2601,1,second_grad,1,0.105763800
main,deep,hybrid,default.qubit,4,4,2540,2601,1,second_grad_quantum,1,0.072989800
main,deep,hybrid,default.qubit,4,4,2540,2601,1,second_grad_classical,1,0.032774000
main,deep,hybrid,default.qubit,4,4,2540,2601,1,param_grad,1,0.225290500
main,deep,hybrid,default.qubit,4,4,2540,2601,1,param_grad_quantum,1,0.098022800
main,deep,hybrid,default.qubit,4,4,2540,2601,1,param_grad_classical,1,0.127267700
main,classical,classical,default.qubit,,,2540,4353,0,forward,1,0.000511100
main,classical,classical,default.qubit,,,2540,4353,0,first_grad,1,0.001001700
main,classical,classical,default.qubit,,,2540,4353,0,second_grad,1,0.001743000
main,classical,classical,default.qubit,,,2540,4353,0,param_grad,1,0.006382900
main,deep,hybrid,default.qubit,4,4,2540,2601,0,forward,1,0.027447300
main,deep,hybrid,default.qubit,4,4,2540,2601,0,forward_quantum,1,0.026699600
main,deep,hybrid,default.qubit,4,4,2540,2601,0,forward_classical,1,0.000747700
main,deep,hybrid,default.qubit,4,4,2540,2601,0,first_grad,1,0.055251200
main,deep,hybrid,default.qubit,4,4,2540,2601,0,first_grad_quantum,1,0.051442500
main,deep,hybrid,default.qubit,4,4,2540,2601,0,first_grad_classical,1,0.003808700
main,deep,hybrid,default.qubit,4,4,2540,2601,0,second_grad,1,0.104923100
main,deep,hybrid,default.qubit,4,4,2540,2601,0,second_grad_quantum,1,0.071455700
main,deep,hybrid,default.qubit,4,4,2540,2601,0,second_grad_classical,1,0.033467400
main,deep,hybrid,default.qubit,4,4,2540,2601,0,param_grad,1,0.220303500
main,deep,hybrid,default.qubit,4,4,2540,2601,0,param_grad_quantum,1,0.100915300
main,deep,hybrid,default.qubit,4,4,2540,2601,0,param_grad_classical,1,0.119388200
main,wide,hybrid,default.qubit,6,2,2540,2717,2,forward,1,0.033573100
main,wide,hybrid,default.qubit,6,2,2540,2717,2,forward_quantum,1,0.032741700
main,wide,hybrid,default.qubit,6,2,2540,2717,2,forward_classical,1,0.000831400
main,wide,hybrid,default.qubit,6,2,2540,2717,2,first_grad,1,0.081334500
main,wide,hybrid,default.qubit,6,2,2540,2717,2,first_grad_quantum,1,0.077228900
main,wide,hybrid,default.qubit,6,2,2540,2717,2,first_grad_classical,1,0.004105600
main,wide,hybrid,default.qubit,6,2,2540,2717,2,second_grad,1,0.155663700
main,wide,hybrid,default.qubit,6,2,2540,2717,2,second_grad_quantum,1,0.103317600
main,wide,hybrid,default.qubit,6,2,2540,2717,2,second_grad_classical,1,0.052346100
main,wide,hybrid,default.qubit,6,2,2540,2717,2,param_grad,1,0.403858600
main,wide,hybrid,default.qubit,6,2,2540,2717,2,param_grad_quantum,1,0.164773400
main,wide,hybrid,default.qubit,6,2,2540,2717,2,param_grad_classical,1,0.239085200
main,ctrl_n6,control,default.qubit,6,0,2540,2669,0,forward,1,0.000630800
main,ctrl_n6,control,default.qubit,6,0,2540,2669,0,first_grad,1,0.001282200
main,ctrl_n6,control,default.qubit,6,0,2540,2669,0,second_grad,1,0.001820400
main,ctrl_n6,control,default.qubit,6,0,2540,2669,0,param_grad,1,0.004602100
main,classical,classical,default.qubit,,,2540,4353,1,forward,1,0.000545500
main,classical,classical,default.qubit,,,2540,4353,1,first_grad,1,0.000866400
main,classical,classical,default.qubit,,,2540,4353,1,second_grad,1,0.001819800
main,classical,classical,default.qubit,,,2540,4353,1,param_grad,1,0.005824000
main,baseline,hybrid,default.qubit,4,2,2540,2569,2,forward,1,0.016465800
main,baseline,hybrid,default.qubit,4,2,2540,2569,2,forward_quantum,1,0.015677600
main,baseline,hybrid,default.qubit,4,2,2540,2569,2,forward_classical,1,0.000788200
main,baseline,hybrid,default.qubit,4,2,2540,2569,2,first_grad,1,0.033888200
main,baseline,hybrid,default.qubit,4,2,2540,2569,2,first_grad_quantum,1,0.031095700
main,baseline,hybrid,default.qubit,4,2,2540,2569,2,first_grad_classical,1,0.002792500
main,baseline,hybrid,default.qubit,4,2,2540,2569,2,second_grad,1,0.066872600
main,baseline,hybrid,default.qubit,4,2,2540,2569,2,second_grad_quantum,1,0.043447200
main,baseline,hybrid,default.qubit,4,2,2540,2569,2,second_grad_classical,1,0.023425400
main,baseline,hybrid,default.qubit,4,2,2540,2569,2,param_grad,1,0.134139500
main,baseline,hybrid,default.qubit,4,2,2540,2569,2,param_grad_quantum,1,0.060666300
main,baseline,hybrid,default.qubit,4,2,2540,2569,2,param_grad_classical,1,0.073473200
main,deep,hybrid,default.qubit,4,4,2540,2601,2,forward,1,0.027528300
main,deep,hybrid,default.qubit,4,4,2540,2601,2,forward_quantum,1,0.026767000
main,deep,hybrid,default.qubit,4,4,2540,2601,2,forward_classical,1,0.000761300
main,deep,hybrid,default.qubit,4,4,2540,2601,2,first_grad,1,0.054935900
main,deep,hybrid,default.qubit,4,4,2540,2601,2,first_grad_quantum,1,0.051510600
main,deep,hybrid,default.qubit,4,4,2540,2601,2,first_grad_classical,1,0.003425300
main,deep,hybrid,default.qubit,4,4,2540,2601,2,second_grad,1,0.103618000
main,deep,hybrid,default.qubit,4,4,2540,2601,2,second_grad_quantum,1,0.071016000
main,deep,hybrid,default.qubit,4,4,2540,2601,2,second_grad_classical,1,0.032602000
main,deep,hybrid,default.qubit,4,4,2540,2601,2,param_grad,1,0.218496100
main,deep,hybrid,default.qubit,4,4,2540,2601,2,param_grad_quantum,1,0.096117000
main,deep,hybrid,default.qubit,4,4,2540,2601,2,param_grad_classical,1,0.122379100
main,narrow,hybrid,default.qubit,2,2,2540,2421,1,forward,1,0.008050300
main,narrow,hybrid,default.qubit,2,2,2540,2421,1,forward_quantum,1,0.007280400
main,narrow,hybrid,default.qubit,2,2,2540,2421,1,forward_classical,1,0.000769900
main,narrow,hybrid,default.qubit,2,2,2540,2421,1,first_grad,1,0.012100000
main,narrow,hybrid,default.qubit,2,2,2540,2421,1,first_grad_quantum,1,0.010426900
main,narrow,hybrid,default.qubit,2,2,2540,2421,1,first_grad_classical,1,0.001673100
main,narrow,hybrid,default.qubit,2,2,2540,2421,1,second_grad,1,0.021279400
main,narrow,hybrid,default.qubit,2,2,2540,2421,1,second_grad_quantum,1,0.013561200
main,narrow,hybrid,default.qubit,2,2,2540,2421,1,second_grad_classical,1,0.007718200
main,narrow,hybrid,default.qubit,2,2,2540,2421,1,param_grad,1,0.046018500
main,narrow,hybrid,default.qubit,2,2,2540,2421,1,param_grad_quantum,1,0.019150200
main,narrow,hybrid,default.qubit,2,2,2540,2421,1,param_grad_classical,1,0.026868300
main,ctrl_n2,control,default.qubit,2,0,2540,2405,0,forward,1,0.000705000
main,ctrl_n2,control,default.qubit,2,0,2540,2405,0,first_grad,1,0.000931800
main,ctrl_n2,control,default.qubit,2,0,2540,2405,0,second_grad,1,0.001821700
main,ctrl_n2,control,default.qubit,2,0,2540,2405,0,param_grad,1,0.004286800
main,ctrl_n2,control,default.qubit,2,0,2540,2405,1,forward,1,0.000820200
main,ctrl_n2,control,default.qubit,2,0,2540,2405,1,first_grad,1,0.001155200
main,ctrl_n2,control,default.qubit,2,0,2540,2405,1,second_grad,1,0.001998400
main,ctrl_n2,control,default.qubit,2,0,2540,2405,1,param_grad,1,0.005058100
main,wide,hybrid,default.qubit,6,2,2540,2717,1,forward,1,0.033913100
main,wide,hybrid,default.qubit,6,2,2540,2717,1,forward_quantum,1,0.033111000
main,wide,hybrid,default.qubit,6,2,2540,2717,1,forward_classical,1,0.000802100
main,wide,hybrid,default.qubit,6,2,2540,2717,1,first_grad,1,0.084777300
main,wide,hybrid,default.qubit,6,2,2540,2717,1,first_grad_quantum,1,0.080418100
main,wide,hybrid,default.qubit,6,2,2540,2717,1,first_grad_classical,1,0.004359200
main,wide,hybrid,default.qubit,6,2,2540,2717,1,second_grad,1,0.166611600
main,wide,hybrid,default.qubit,6,2,2540,2717,1,second_grad_quantum,1,0.112546400
main,wide,hybrid,default.qubit,6,2,2540,2717,1,second_grad_classical,1,0.054065200
main,wide,hybrid,default.qubit,6,2,2540,2717,1,param_grad,1,0.410482200
main,wide,hybrid,default.qubit,6,2,2540,2717,1,param_grad_quantum,1,0.163738300
main,wide,hybrid,default.qubit,6,2,2540,2717,1,param_grad_classical,1,0.246743900
main,wide,hybrid,default.qubit,6,2,2540,2717,0,forward,1,0.034189200
main,wide,hybrid,default.qubit,6,2,2540,2717,0,forward_quantum,1,0.033285600
main,wide,hybrid,default.qubit,6,2,2540,2717,0,forward_classical,1,0.000903600
main,wide,hybrid,default.qubit,6,2,2540,2717,0,first_grad,1,0.076759200
main,wide,hybrid,default.qubit,6,2,2540,2717,0,first_grad_quantum,1,0.072754100
main,wide,hybrid,default.qubit,6,2,2540,2717,0,first_grad_classical,1,0.004005100
main,wide,hybrid,default.qubit,6,2,2540,2717,0,second_grad,1,0.152029500
main,wide,hybrid,default.qubit,6,2,2540,2717,0,second_grad_quantum,1,0.102025700
main,wide,hybrid,default.qubit,6,2,2540,2717,0,second_grad_classical,1,0.050003800
main,wide,hybrid,default.qubit,6,2,2540,2717,0,param_grad,1,0.398293300
main,wide,hybrid,default.qubit,6,2,2540,2717,0,param_grad_quantum,1,0.156651700
main,wide,hybrid,default.qubit,6,2,2540,2717,0,param_grad_classical,1,0.241641600
main,narrow,hybrid,default.qubit,2,2,2540,2421,2,forward,1,0.007306100
main,narrow,hybrid,default.qubit,2,2,2540,2421,2,forward_quantum,1,0.006541800
main,narrow,hybrid,default.qubit,2,2,2540,2421,2,forward_classical,1,0.000764300
main,narrow,hybrid,default.qubit,2,2,2540,2421,2,first_grad,1,0.011642800
main,narrow,hybrid,default.qubit,2,2,2540,2421,2,first_grad_quantum,1,0.010085500
main,narrow,hybrid,default.qubit,2,2,2540,2421,2,first_grad_classical,1,0.001557300
main,narrow,hybrid,default.qubit,2,2,2540,2421,2,second_grad,1,0.023595800
main,narrow,hybrid,default.qubit,2,2,2540,2421,2,second_grad_quantum,1,0.013704400
main,narrow,hybrid,default.qubit,2,2,2540,2421,2,second_grad_classical,1,0.009891400
main,narrow,hybrid,default.qubit,2,2,2540,2421,2,param_grad,1,0.046537600
main,narrow,hybrid,default.qubit,2,2,2540,2421,2,param_grad_quantum,1,0.019984300
main,narrow,hybrid,default.qubit,2,2,2540,2421,2,param_grad_classical,1,0.026553300
main,ctrl_n6,control,default.qubit,6,0,2540,2669,1,forward,1,0.000772500
main,ctrl_n6,control,default.qubit,6,0,2540,2669,1,first_grad,1,0.001276900
main,ctrl_n6,control,default.qubit,6,0,2540,2669,1,second_grad,1,0.001821400
main,ctrl_n6,control,default.qubit,6,0,2540,2669,1,param_grad,1,0.005924100
main,baseline,hybrid,default.qubit,4,2,2540,2569,1,forward,1,0.016078000
main,baseline,hybrid,default.qubit,4,2,2540,2569,1,forward_quantum,1,0.015361200
main,baseline,hybrid,default.qubit,4,2,2540,2569,1,forward_classical,1,0.000716800
main,baseline,hybrid,default.qubit,4,2,2540,2569,1,first_grad,1,0.033940400
main,baseline,hybrid,default.qubit,4,2,2540,2569,1,first_grad_quantum,1,0.031591000
main,baseline,hybrid,default.qubit,4,2,2540,2569,1,first_grad_classical,1,0.002349400
main,baseline,hybrid,default.qubit,4,2,2540,2569,1,second_grad,1,0.068357400
main,baseline,hybrid,default.qubit,4,2,2540,2569,1,second_grad_quantum,1,0.044363900
main,baseline,hybrid,default.qubit,4,2,2540,2569,1,second_grad_classical,1,0.023993500
main,baseline,hybrid,default.qubit,4,2,2540,2569,1,param_grad,1,0.134069400
main,baseline,hybrid,default.qubit,4,2,2540,2569,1,param_grad_quantum,1,0.060085400
main,baseline,hybrid,default.qubit,4,2,2540,2569,1,param_grad_classical,1,0.073984000
main,ctrl_n2,control,default.qubit,2,0,2540,2405,2,forward,1,0.000845800
main,ctrl_n2,control,default.qubit,2,0,2540,2405,2,first_grad,1,0.001101800
main,ctrl_n2,control,default.qubit,2,0,2540,2405,2,second_grad,1,0.001781900
main,ctrl_n2,control,default.qubit,2,0,2540,2405,2,param_grad,1,0.004813200
main,baseline,hybrid,default.qubit,4,2,2540,2569,0,forward,1,0.017050200
main,baseline,hybrid,default.qubit,4,2,2540,2569,0,forward_quantum,1,0.016291600
main,baseline,hybrid,default.qubit,4,2,2540,2569,0,forward_classical,1,0.000758600
main,baseline,hybrid,default.qubit,4,2,2540,2569,0,first_grad,1,0.031369100
main,baseline,hybrid,default.qubit,4,2,2540,2569,0,first_grad_quantum,1,0.028611500
main,baseline,hybrid,default.qubit,4,2,2540,2569,0,first_grad_classical,1,0.002757600
main,baseline,hybrid,default.qubit,4,2,2540,2569,0,second_grad,1,0.064747900
main,baseline,hybrid,default.qubit,4,2,2540,2569,0,second_grad_quantum,1,0.044392700
main,baseline,hybrid,default.qubit,4,2,2540,2569,0,second_grad_classical,1,0.020355200
main,baseline,hybrid,default.qubit,4,2,2540,2569,0,param_grad,1,0.143333100
main,baseline,hybrid,default.qubit,4,2,2540,2569,0,param_grad_quantum,1,0.066616800
main,baseline,hybrid,default.qubit,4,2,2540,2569,0,param_grad_classical,1,0.076716300
main,ctrl_n6,control,default.qubit,6,0,2540,2669,2,forward,1,0.000724000
main,ctrl_n6,control,default.qubit,6,0,2540,2669,2,first_grad,1,0.001078100
main,ctrl_n6,control,default.qubit,6,0,2540,2669,2,second_grad,1,0.001932000
main,ctrl_n6,control,default.qubit,6,0,2540,2669,2,param_grad,1,0.005429900
main,classical,classical,default.qubit,,,2540,4353,2,forward,2,0.000481300
main,classical,classical,default.qubit,,,2540,4353,2,first_grad,2,0.000683800
main,classical,classical,default.qubit,,,2540,4353,2,second_grad,2,0.001586500
main,classical,classical,default.qubit,,,2540,4353,2,param_grad,2,0.003643800
main,deep,hybrid,default.qubit,4,4,2540,2601,1,forward,2,0.027744200
main,deep,hybrid,default.qubit,4,4,2540,2601,1,forward_quantum,2,0.026970000
main,deep,hybrid,default.qubit,4,4,2540,2601,1,forward_classical,2,0.000774200
main,deep,hybrid,default.qubit,4,4,2540,2601,1,first_grad,2,0.059112000
main,deep,hybrid,default.qubit,4,4,2540,2601,1,first_grad_quantum,2,0.055411800
main,deep,hybrid,default.qubit,4,4,2540,2601,1,first_grad_classical,2,0.003700200
main,deep,hybrid,default.qubit,4,4,2540,2601,1,second_grad,2,0.110790000
main,deep,hybrid,default.qubit,4,4,2540,2601,1,second_grad_quantum,2,0.073292100
main,deep,hybrid,default.qubit,4,4,2540,2601,1,second_grad_classical,2,0.037497900
main,deep,hybrid,default.qubit,4,4,2540,2601,1,param_grad,2,0.225349000
main,deep,hybrid,default.qubit,4,4,2540,2601,1,param_grad_quantum,2,0.102778400
main,deep,hybrid,default.qubit,4,4,2540,2601,1,param_grad_classical,2,0.122570600
main,ctrl_n2,control,default.qubit,2,0,2540,2405,0,forward,2,0.000787200
main,ctrl_n2,control,default.qubit,2,0,2540,2405,0,first_grad,2,0.001134400
main,ctrl_n2,control,default.qubit,2,0,2540,2405,0,second_grad,2,0.002047700
main,ctrl_n2,control,default.qubit,2,0,2540,2405,0,param_grad,2,0.005108100
main,ctrl_n6,control,default.qubit,6,0,2540,2669,2,forward,2,0.000713300
main,ctrl_n6,control,default.qubit,6,0,2540,2669,2,first_grad,2,0.001252600
main,ctrl_n6,control,default.qubit,6,0,2540,2669,2,second_grad,2,0.002277900
main,ctrl_n6,control,default.qubit,6,0,2540,2669,2,param_grad,2,0.006219800
main,classical,classical,default.qubit,,,2540,4353,1,forward,2,0.000522500
main,classical,classical,default.qubit,,,2540,4353,1,first_grad,2,0.000766600
main,classical,classical,default.qubit,,,2540,4353,1,second_grad,2,0.002072700
main,classical,classical,default.qubit,,,2540,4353,1,param_grad,2,0.004772900
main,deep,hybrid,default.qubit,4,4,2540,2601,0,forward,2,0.027614300
main,deep,hybrid,default.qubit,4,4,2540,2601,0,forward_quantum,2,0.026926300
main,deep,hybrid,default.qubit,4,4,2540,2601,0,forward_classical,2,0.000688000
main,deep,hybrid,default.qubit,4,4,2540,2601,0,first_grad,2,0.056092300
main,deep,hybrid,default.qubit,4,4,2540,2601,0,first_grad_quantum,2,0.052671500
main,deep,hybrid,default.qubit,4,4,2540,2601,0,first_grad_classical,2,0.003420800
main,deep,hybrid,default.qubit,4,4,2540,2601,0,second_grad,2,0.102515000
main,deep,hybrid,default.qubit,4,4,2540,2601,0,second_grad_quantum,2,0.069786100
main,deep,hybrid,default.qubit,4,4,2540,2601,0,second_grad_classical,2,0.032728900
main,deep,hybrid,default.qubit,4,4,2540,2601,0,param_grad,2,0.216790200
main,deep,hybrid,default.qubit,4,4,2540,2601,0,param_grad_quantum,2,0.096860500
main,deep,hybrid,default.qubit,4,4,2540,2601,0,param_grad_classical,2,0.119929700
main,ctrl_n4,control,default.qubit,4,0,2540,2537,0,forward,2,0.000718500
main,ctrl_n4,control,default.qubit,4,0,2540,2537,0,first_grad,2,0.001068600
main,ctrl_n4,control,default.qubit,4,0,2540,2537,0,second_grad,2,0.002041700
main,ctrl_n4,control,default.qubit,4,0,2540,2537,0,param_grad,2,0.005082900
main,baseline,hybrid,default.qubit,4,2,2540,2569,0,forward,2,0.016426000
main,baseline,hybrid,default.qubit,4,2,2540,2569,0,forward_quantum,2,0.015680400
main,baseline,hybrid,default.qubit,4,2,2540,2569,0,forward_classical,2,0.000745600
main,baseline,hybrid,default.qubit,4,2,2540,2569,0,first_grad,2,0.032961500
main,baseline,hybrid,default.qubit,4,2,2540,2569,0,first_grad_quantum,2,0.030117200
main,baseline,hybrid,default.qubit,4,2,2540,2569,0,first_grad_classical,2,0.002844300
main,baseline,hybrid,default.qubit,4,2,2540,2569,0,second_grad,2,0.064533900
main,baseline,hybrid,default.qubit,4,2,2540,2569,0,second_grad_quantum,2,0.042294800
main,baseline,hybrid,default.qubit,4,2,2540,2569,0,second_grad_classical,2,0.022239100
main,baseline,hybrid,default.qubit,4,2,2540,2569,0,param_grad,2,0.139978800
main,baseline,hybrid,default.qubit,4,2,2540,2569,0,param_grad_quantum,2,0.060911200
main,baseline,hybrid,default.qubit,4,2,2540,2569,0,param_grad_classical,2,0.079067600
main,baseline,hybrid,default.qubit,4,2,2540,2569,2,forward,2,0.016818000
main,baseline,hybrid,default.qubit,4,2,2540,2569,2,forward_quantum,2,0.016071900
main,baseline,hybrid,default.qubit,4,2,2540,2569,2,forward_classical,2,0.000746100
main,baseline,hybrid,default.qubit,4,2,2540,2569,2,first_grad,2,0.030191800
main,baseline,hybrid,default.qubit,4,2,2540,2569,2,first_grad_quantum,2,0.027783900
main,baseline,hybrid,default.qubit,4,2,2540,2569,2,first_grad_classical,2,0.002407900
main,baseline,hybrid,default.qubit,4,2,2540,2569,2,second_grad,2,0.065474300
main,baseline,hybrid,default.qubit,4,2,2540,2569,2,second_grad_quantum,2,0.043442800
main,baseline,hybrid,default.qubit,4,2,2540,2569,2,second_grad_classical,2,0.022031500
main,baseline,hybrid,default.qubit,4,2,2540,2569,2,param_grad,2,0.139834900
main,baseline,hybrid,default.qubit,4,2,2540,2569,2,param_grad_quantum,2,0.064909200
main,baseline,hybrid,default.qubit,4,2,2540,2569,2,param_grad_classical,2,0.074925700
main,ctrl_n4,control,default.qubit,4,0,2540,2537,1,forward,2,0.000695200
main,ctrl_n4,control,default.qubit,4,0,2540,2537,1,first_grad,2,0.001048200
main,ctrl_n4,control,default.qubit,4,0,2540,2537,1,second_grad,2,0.002297400
main,ctrl_n4,control,default.qubit,4,0,2540,2537,1,param_grad,2,0.005091200
main,narrow,hybrid,default.qubit,2,2,2540,2421,1,forward,2,0.007902600
main,narrow,hybrid,default.qubit,2,2,2540,2421,1,forward_quantum,2,0.007103200
main,narrow,hybrid,default.qubit,2,2,2540,2421,1,forward_classical,2,0.000799400
main,narrow,hybrid,default.qubit,2,2,2540,2421,1,first_grad,2,0.012630700
main,narrow,hybrid,default.qubit,2,2,2540,2421,1,first_grad_quantum,2,0.010976500
main,narrow,hybrid,default.qubit,2,2,2540,2421,1,first_grad_classical,2,0.001654200
main,narrow,hybrid,default.qubit,2,2,2540,2421,1,second_grad,2,0.021721400
main,narrow,hybrid,default.qubit,2,2,2540,2421,1,second_grad_quantum,2,0.014181100
main,narrow,hybrid,default.qubit,2,2,2540,2421,1,second_grad_classical,2,0.007540300
main,narrow,hybrid,default.qubit,2,2,2540,2421,1,param_grad,2,0.044411900
main,narrow,hybrid,default.qubit,2,2,2540,2421,1,param_grad_quantum,2,0.018092100
main,narrow,hybrid,default.qubit,2,2,2540,2421,1,param_grad_classical,2,0.026319800
main,wide,hybrid,default.qubit,6,2,2540,2717,0,forward,2,0.033157100
main,wide,hybrid,default.qubit,6,2,2540,2717,0,forward_quantum,2,0.032225500
main,wide,hybrid,default.qubit,6,2,2540,2717,0,forward_classical,2,0.000931600
main,wide,hybrid,default.qubit,6,2,2540,2717,0,first_grad,2,0.088312700
main,wide,hybrid,default.qubit,6,2,2540,2717,0,first_grad_quantum,2,0.083839400
main,wide,hybrid,default.qubit,6,2,2540,2717,0,first_grad_classical,2,0.004473300
main,wide,hybrid,default.qubit,6,2,2540,2717,0,second_grad,2,0.158482700
main,wide,hybrid,default.qubit,6,2,2540,2717,0,second_grad_quantum,2,0.105454000
main,wide,hybrid,default.qubit,6,2,2540,2717,0,second_grad_classical,2,0.053028700
main,wide,hybrid,default.qubit,6,2,2540,2717,0,param_grad,2,0.421646700
main,wide,hybrid,default.qubit,6,2,2540,2717,0,param_grad_quantum,2,0.170250800
main,wide,hybrid,default.qubit,6,2,2540,2717,0,param_grad_classical,2,0.251395900
main,narrow,hybrid,default.qubit,2,2,2540,2421,0,forward,2,0.008298100
main,narrow,hybrid,default.qubit,2,2,2540,2421,0,forward_quantum,2,0.007482600
main,narrow,hybrid,default.qubit,2,2,2540,2421,0,forward_classical,2,0.000815500
main,narrow,hybrid,default.qubit,2,2,2540,2421,0,first_grad,2,0.012516100
main,narrow,hybrid,default.qubit,2,2,2540,2421,0,first_grad_quantum,2,0.010781800
main,narrow,hybrid,default.qubit,2,2,2540,2421,0,first_grad_classical,2,0.001734300
main,narrow,hybrid,default.qubit,2,2,2540,2421,0,second_grad,2,0.024492700
main,narrow,hybrid,default.qubit,2,2,2540,2421,0,second_grad_quantum,2,0.014282600
main,narrow,hybrid,default.qubit,2,2,2540,2421,0,second_grad_classical,2,0.010210100
main,narrow,hybrid,default.qubit,2,2,2540,2421,0,param_grad,2,0.044809000
main,narrow,hybrid,default.qubit,2,2,2540,2421,0,param_grad_quantum,2,0.019043700
main,narrow,hybrid,default.qubit,2,2,2540,2421,0,param_grad_classical,2,0.025765300
main,ctrl_n2,control,default.qubit,2,0,2540,2405,1,forward,2,0.000683100
main,ctrl_n2,control,default.qubit,2,0,2540,2405,1,first_grad,2,0.001382500
main,ctrl_n2,control,default.qubit,2,0,2540,2405,1,second_grad,2,0.002514800
main,ctrl_n2,control,default.qubit,2,0,2540,2405,1,param_grad,2,0.005426300
main,wide,hybrid,default.qubit,6,2,2540,2717,1,forward,2,0.032859800
main,wide,hybrid,default.qubit,6,2,2540,2717,1,forward_quantum,2,0.032079000
main,wide,hybrid,default.qubit,6,2,2540,2717,1,forward_classical,2,0.000780800
main,wide,hybrid,default.qubit,6,2,2540,2717,1,first_grad,2,0.091283600
main,wide,hybrid,default.qubit,6,2,2540,2717,1,first_grad_quantum,2,0.087141900
main,wide,hybrid,default.qubit,6,2,2540,2717,1,first_grad_classical,2,0.004141700
main,wide,hybrid,default.qubit,6,2,2540,2717,1,second_grad,2,0.154669800
main,wide,hybrid,default.qubit,6,2,2540,2717,1,second_grad_quantum,2,0.104614600
main,wide,hybrid,default.qubit,6,2,2540,2717,1,second_grad_classical,2,0.050055200
main,wide,hybrid,default.qubit,6,2,2540,2717,1,param_grad,2,0.409822300
main,wide,hybrid,default.qubit,6,2,2540,2717,1,param_grad_quantum,2,0.167053500
main,wide,hybrid,default.qubit,6,2,2540,2717,1,param_grad_classical,2,0.242768800
main,narrow,hybrid,default.qubit,2,2,2540,2421,2,forward,2,0.007717600
main,narrow,hybrid,default.qubit,2,2,2540,2421,2,forward_quantum,2,0.006969600
main,narrow,hybrid,default.qubit,2,2,2540,2421,2,forward_classical,2,0.000748000
main,narrow,hybrid,default.qubit,2,2,2540,2421,2,first_grad,2,0.012561700
main,narrow,hybrid,default.qubit,2,2,2540,2421,2,first_grad_quantum,2,0.010661300
main,narrow,hybrid,default.qubit,2,2,2540,2421,2,first_grad_classical,2,0.001900400
main,narrow,hybrid,default.qubit,2,2,2540,2421,2,second_grad,2,0.023088100
main,narrow,hybrid,default.qubit,2,2,2540,2421,2,second_grad_quantum,2,0.013665400
main,narrow,hybrid,default.qubit,2,2,2540,2421,2,second_grad_classical,2,0.009422700
main,narrow,hybrid,default.qubit,2,2,2540,2421,2,param_grad,2,0.038361400
main,narrow,hybrid,default.qubit,2,2,2540,2421,2,param_grad_quantum,2,0.018052400
main,narrow,hybrid,default.qubit,2,2,2540,2421,2,param_grad_classical,2,0.020309000
main,ctrl_n6,control,default.qubit,6,0,2540,2669,0,forward,2,0.000827800
main,ctrl_n6,control,default.qubit,6,0,2540,2669,0,first_grad,2,0.001245900
main,ctrl_n6,control,default.qubit,6,0,2540,2669,0,second_grad,2,0.002369400
main,ctrl_n6,control,default.qubit,6,0,2540,2669,0,param_grad,2,0.005489300
main,baseline,hybrid,default.qubit,4,2,2540,2569,1,forward,2,0.017501500
main,baseline,hybrid,default.qubit,4,2,2540,2569,1,forward_quantum,2,0.016718400
main,baseline,hybrid,default.qubit,4,2,2540,2569,1,forward_classical,2,0.000783100
main,baseline,hybrid,default.qubit,4,2,2540,2569,1,first_grad,2,0.034481500
main,baseline,hybrid,default.qubit,4,2,2540,2569,1,first_grad_quantum,2,0.031819900
main,baseline,hybrid,default.qubit,4,2,2540,2569,1,first_grad_classical,2,0.002661600
main,baseline,hybrid,default.qubit,4,2,2540,2569,1,second_grad,2,0.067257000
main,baseline,hybrid,default.qubit,4,2,2540,2569,1,second_grad_quantum,2,0.043225000
main,baseline,hybrid,default.qubit,4,2,2540,2569,1,second_grad_classical,2,0.024032000
main,baseline,hybrid,default.qubit,4,2,2540,2569,1,param_grad,2,0.137084600
main,baseline,hybrid,default.qubit,4,2,2540,2569,1,param_grad_quantum,2,0.062145100
main,baseline,hybrid,default.qubit,4,2,2540,2569,1,param_grad_classical,2,0.074939500
main,ctrl_n6,control,default.qubit,6,0,2540,2669,1,forward,2,0.000689400
main,ctrl_n6,control,default.qubit,6,0,2540,2669,1,first_grad,2,0.001158900
main,ctrl_n6,control,default.qubit,6,0,2540,2669,1,second_grad,2,0.001947800
main,ctrl_n6,control,default.qubit,6,0,2540,2669,1,param_grad,2,0.005182500
main,wide,hybrid,default.qubit,6,2,2540,2717,2,forward,2,0.033691700
main,wide,hybrid,default.qubit,6,2,2540,2717,2,forward_quantum,2,0.032881400
main,wide,hybrid,default.qubit,6,2,2540,2717,2,forward_classical,2,0.000810300
main,wide,hybrid,default.qubit,6,2,2540,2717,2,first_grad,2,0.089464600
main,wide,hybrid,default.qubit,6,2,2540,2717,2,first_grad_quantum,2,0.085332000
main,wide,hybrid,default.qubit,6,2,2540,2717,2,first_grad_classical,2,0.004132600
main,wide,hybrid,default.qubit,6,2,2540,2717,2,second_grad,2,0.168312100
main,wide,hybrid,default.qubit,6,2,2540,2717,2,second_grad_quantum,2,0.115728900
main,wide,hybrid,default.qubit,6,2,2540,2717,2,second_grad_classical,2,0.052583200
main,wide,hybrid,default.qubit,6,2,2540,2717,2,param_grad,2,0.414080600
main,wide,hybrid,default.qubit,6,2,2540,2717,2,param_grad_quantum,2,0.169025700
main,wide,hybrid,default.qubit,6,2,2540,2717,2,param_grad_classical,2,0.245054900
main,classical,classical,default.qubit,,,2540,4353,0,forward,2,0.000679800
main,classical,classical,default.qubit,,,2540,4353,0,first_grad,2,0.001297400
main,classical,classical,default.qubit,,,2540,4353,0,second_grad,2,0.001963900
main,classical,classical,default.qubit,,,2540,4353,0,param_grad,2,0.004863200
main,deep,hybrid,default.qubit,4,4,2540,2601,2,forward,2,0.027769400
main,deep,hybrid,default.qubit,4,4,2540,2601,2,forward_quantum,2,0.027055100
main,deep,hybrid,default.qubit,4,4,2540,2601,2,forward_classical,2,0.000714300
main,deep,hybrid,default.qubit,4,4,2540,2601,2,first_grad,2,0.055660100
main,deep,hybrid,default.qubit,4,4,2540,2601,2,first_grad_quantum,2,0.052268900
main,deep,hybrid,default.qubit,4,4,2540,2601,2,first_grad_classical,2,0.003391200
main,deep,hybrid,default.qubit,4,4,2540,2601,2,second_grad,2,0.100984700
main,deep,hybrid,default.qubit,4,4,2540,2601,2,second_grad_quantum,2,0.072069900
main,deep,hybrid,default.qubit,4,4,2540,2601,2,second_grad_classical,2,0.028914800
main,deep,hybrid,default.qubit,4,4,2540,2601,2,param_grad,2,0.227296700
main,deep,hybrid,default.qubit,4,4,2540,2601,2,param_grad_quantum,2,0.105128300
main,deep,hybrid,default.qubit,4,4,2540,2601,2,param_grad_classical,2,0.122168400
main,ctrl_n2,control,default.qubit,2,0,2540,2405,2,forward,2,0.000712600
main,ctrl_n2,control,default.qubit,2,0,2540,2405,2,first_grad,2,0.001054300
main,ctrl_n2,control,default.qubit,2,0,2540,2405,2,second_grad,2,0.001856500
main,ctrl_n2,control,default.qubit,2,0,2540,2405,2,param_grad,2,0.004713300
main,ctrl_n4,control,default.qubit,4,0,2540,2537,2,forward,2,0.000876500
main,ctrl_n4,control,default.qubit,4,0,2540,2537,2,first_grad,2,0.001087000
main,ctrl_n4,control,default.qubit,4,0,2540,2537,2,second_grad,2,0.002245200
main,ctrl_n4,control,default.qubit,4,0,2540,2537,2,param_grad,2,0.004134400
main,ctrl_n2,control,default.qubit,2,0,2540,2405,0,forward,3,0.000696700
main,ctrl_n2,control,default.qubit,2,0,2540,2405,0,first_grad,3,0.001035800
main,ctrl_n2,control,default.qubit,2,0,2540,2405,0,second_grad,3,0.001855300
main,ctrl_n2,control,default.qubit,2,0,2540,2405,0,param_grad,3,0.004381200
main,wide,hybrid,default.qubit,6,2,2540,2717,2,forward,3,0.030587800
main,wide,hybrid,default.qubit,6,2,2540,2717,2,forward_quantum,3,0.029791500
main,wide,hybrid,default.qubit,6,2,2540,2717,2,forward_classical,3,0.000796300
main,wide,hybrid,default.qubit,6,2,2540,2717,2,first_grad,3,0.085016500
main,wide,hybrid,default.qubit,6,2,2540,2717,2,first_grad_quantum,3,0.080370100
main,wide,hybrid,default.qubit,6,2,2540,2717,2,first_grad_classical,3,0.004646400
main,wide,hybrid,default.qubit,6,2,2540,2717,2,second_grad,3,0.161567600
main,wide,hybrid,default.qubit,6,2,2540,2717,2,second_grad_quantum,3,0.106443600
main,wide,hybrid,default.qubit,6,2,2540,2717,2,second_grad_classical,3,0.055124000
main,wide,hybrid,default.qubit,6,2,2540,2717,2,param_grad,3,0.391280100
main,wide,hybrid,default.qubit,6,2,2540,2717,2,param_grad_quantum,3,0.161730900
main,wide,hybrid,default.qubit,6,2,2540,2717,2,param_grad_classical,3,0.229549200
main,classical,classical,default.qubit,,,2540,4353,0,forward,3,0.000537400
main,classical,classical,default.qubit,,,2540,4353,0,first_grad,3,0.001075400
main,classical,classical,default.qubit,,,2540,4353,0,second_grad,3,0.001636400
main,classical,classical,default.qubit,,,2540,4353,0,param_grad,3,0.004942700
main,wide,hybrid,default.qubit,6,2,2540,2717,1,forward,3,0.032687400
main,wide,hybrid,default.qubit,6,2,2540,2717,1,forward_quantum,3,0.031772400
main,wide,hybrid,default.qubit,6,2,2540,2717,1,forward_classical,3,0.000915000
main,wide,hybrid,default.qubit,6,2,2540,2717,1,first_grad,3,0.082007000
main,wide,hybrid,default.qubit,6,2,2540,2717,1,first_grad_quantum,3,0.077837800
main,wide,hybrid,default.qubit,6,2,2540,2717,1,first_grad_classical,3,0.004169200
main,wide,hybrid,default.qubit,6,2,2540,2717,1,second_grad,3,0.162524900
main,wide,hybrid,default.qubit,6,2,2540,2717,1,second_grad_quantum,3,0.108305600
main,wide,hybrid,default.qubit,6,2,2540,2717,1,second_grad_classical,3,0.054219300
main,wide,hybrid,default.qubit,6,2,2540,2717,1,param_grad,3,0.419005300
main,wide,hybrid,default.qubit,6,2,2540,2717,1,param_grad_quantum,3,0.167466900
main,wide,hybrid,default.qubit,6,2,2540,2717,1,param_grad_classical,3,0.251538400
main,ctrl_n4,control,default.qubit,4,0,2540,2537,1,forward,3,0.000987900
main,ctrl_n4,control,default.qubit,4,0,2540,2537,1,first_grad,3,0.001286500
main,ctrl_n4,control,default.qubit,4,0,2540,2537,1,second_grad,3,0.001941300
main,ctrl_n4,control,default.qubit,4,0,2540,2537,1,param_grad,3,0.004693400
main,ctrl_n6,control,default.qubit,6,0,2540,2669,2,forward,3,0.000681300
main,ctrl_n6,control,default.qubit,6,0,2540,2669,2,first_grad,3,0.001032700
main,ctrl_n6,control,default.qubit,6,0,2540,2669,2,second_grad,3,0.001954600
main,ctrl_n6,control,default.qubit,6,0,2540,2669,2,param_grad,3,0.005603000
main,baseline,hybrid,default.qubit,4,2,2540,2569,0,forward,3,0.015618700
main,baseline,hybrid,default.qubit,4,2,2540,2569,0,forward_quantum,3,0.014765300
main,baseline,hybrid,default.qubit,4,2,2540,2569,0,forward_classical,3,0.000853400
main,baseline,hybrid,default.qubit,4,2,2540,2569,0,first_grad,3,0.034413300
main,baseline,hybrid,default.qubit,4,2,2540,2569,0,first_grad_quantum,3,0.029934800
main,baseline,hybrid,default.qubit,4,2,2540,2569,0,first_grad_classical,3,0.004478500
main,baseline,hybrid,default.qubit,4,2,2540,2569,0,second_grad,3,0.061660700
main,baseline,hybrid,default.qubit,4,2,2540,2569,0,second_grad_quantum,3,0.039653200
main,baseline,hybrid,default.qubit,4,2,2540,2569,0,second_grad_classical,3,0.022007500
main,baseline,hybrid,default.qubit,4,2,2540,2569,0,param_grad,3,0.132157000
main,baseline,hybrid,default.qubit,4,2,2540,2569,0,param_grad_quantum,3,0.059226800
main,baseline,hybrid,default.qubit,4,2,2540,2569,0,param_grad_classical,3,0.072930200
main,ctrl_n4,control,default.qubit,4,0,2540,2537,2,forward,3,0.000697000
main,ctrl_n4,control,default.qubit,4,0,2540,2537,2,first_grad,3,0.001060500
main,ctrl_n4,control,default.qubit,4,0,2540,2537,2,second_grad,3,0.002111300
main,ctrl_n4,control,default.qubit,4,0,2540,2537,2,param_grad,3,0.004967000
main,narrow,hybrid,default.qubit,2,2,2540,2421,0,forward,3,0.008572800
main,narrow,hybrid,default.qubit,2,2,2540,2421,0,forward_quantum,3,0.007757400
main,narrow,hybrid,default.qubit,2,2,2540,2421,0,forward_classical,3,0.000815400
main,narrow,hybrid,default.qubit,2,2,2540,2421,0,first_grad,3,0.011406900
main,narrow,hybrid,default.qubit,2,2,2540,2421,0,first_grad_quantum,3,0.009919100
main,narrow,hybrid,default.qubit,2,2,2540,2421,0,first_grad_classical,3,0.001487800
main,narrow,hybrid,default.qubit,2,2,2540,2421,0,second_grad,3,0.020669700
main,narrow,hybrid,default.qubit,2,2,2540,2421,0,second_grad_quantum,3,0.013514900
main,narrow,hybrid,default.qubit,2,2,2540,2421,0,second_grad_classical,3,0.007154800
main,narrow,hybrid,default.qubit,2,2,2540,2421,0,param_grad,3,0.044675200
main,narrow,hybrid,default.qubit,2,2,2540,2421,0,param_grad_quantum,3,0.019210200
main,narrow,hybrid,default.qubit,2,2,2540,2421,0,param_grad_classical,3,0.025465000
main,ctrl_n6,control,default.qubit,6,0,2540,2669,0,forward,3,0.000704700
main,ctrl_n6,control,default.qubit,6,0,2540,2669,0,first_grad,3,0.001073900
main,ctrl_n6,control,default.qubit,6,0,2540,2669,0,second_grad,3,0.002522400
main,ctrl_n6,control,default.qubit,6,0,2540,2669,0,param_grad,3,0.005256200
main,deep,hybrid,default.qubit,4,4,2540,2601,0,forward,3,0.028029200
main,deep,hybrid,default.qubit,4,4,2540,2601,0,forward_quantum,3,0.027213300
main,deep,hybrid,default.qubit,4,4,2540,2601,0,forward_classical,3,0.000815900
main,deep,hybrid,default.qubit,4,4,2540,2601,0,first_grad,3,0.055786600
main,deep,hybrid,default.qubit,4,4,2540,2601,0,first_grad_quantum,3,0.052361800
main,deep,hybrid,default.qubit,4,4,2540,2601,0,first_grad_classical,3,0.003424800
main,deep,hybrid,default.qubit,4,4,2540,2601,0,second_grad,3,0.104616900
main,deep,hybrid,default.qubit,4,4,2540,2601,0,second_grad_quantum,3,0.071011900
main,deep,hybrid,default.qubit,4,4,2540,2601,0,second_grad_classical,3,0.033605000
main,deep,hybrid,default.qubit,4,4,2540,2601,0,param_grad,3,0.213270800
main,deep,hybrid,default.qubit,4,4,2540,2601,0,param_grad_quantum,3,0.093280500
main,deep,hybrid,default.qubit,4,4,2540,2601,0,param_grad_classical,3,0.119990300
main,ctrl_n2,control,default.qubit,2,0,2540,2405,1,forward,3,0.000701900
main,ctrl_n2,control,default.qubit,2,0,2540,2405,1,first_grad,3,0.001076900
main,ctrl_n2,control,default.qubit,2,0,2540,2405,1,second_grad,3,0.001987400
main,ctrl_n2,control,default.qubit,2,0,2540,2405,1,param_grad,3,0.004342500
main,classical,classical,default.qubit,,,2540,4353,1,forward,3,0.000492300
main,classical,classical,default.qubit,,,2540,4353,1,first_grad,3,0.000863200
main,classical,classical,default.qubit,,,2540,4353,1,second_grad,3,0.001577300
main,classical,classical,default.qubit,,,2540,4353,1,param_grad,3,0.004302700
main,baseline,hybrid,default.qubit,4,2,2540,2569,2,forward,3,0.015892700
main,baseline,hybrid,default.qubit,4,2,2540,2569,2,forward_quantum,3,0.015142000
main,baseline,hybrid,default.qubit,4,2,2540,2569,2,forward_classical,3,0.000750700
main,baseline,hybrid,default.qubit,4,2,2540,2569,2,first_grad,3,0.032216700
main,baseline,hybrid,default.qubit,4,2,2540,2569,2,first_grad_quantum,3,0.029553900
main,baseline,hybrid,default.qubit,4,2,2540,2569,2,first_grad_classical,3,0.002662800
main,baseline,hybrid,default.qubit,4,2,2540,2569,2,second_grad,3,0.061075600
main,baseline,hybrid,default.qubit,4,2,2540,2569,2,second_grad_quantum,3,0.039729500
main,baseline,hybrid,default.qubit,4,2,2540,2569,2,second_grad_classical,3,0.021346100
main,baseline,hybrid,default.qubit,4,2,2540,2569,2,param_grad,3,0.131054100
main,baseline,hybrid,default.qubit,4,2,2540,2569,2,param_grad_quantum,3,0.057689900
main,baseline,hybrid,default.qubit,4,2,2540,2569,2,param_grad_classical,3,0.073364200
main,deep,hybrid,default.qubit,4,4,2540,2601,1,forward,3,0.029273800
main,deep,hybrid,default.qubit,4,4,2540,2601,1,forward_quantum,3,0.028480800
main,deep,hybrid,default.qubit,4,4,2540,2601,1,forward_classical,3,0.000793000
main,deep,hybrid,default.qubit,4,4,2540,2601,1,first_grad,3,0.052587800
main,deep,hybrid,default.qubit,4,4,2540,2601,1,first_grad_quantum,3,0.049223600
main,deep,hybrid,default.qubit,4,4,2540,2601,1,first_grad_classical,3,0.003364200
main,deep,hybrid,default.qubit,4,4,2540,2601,1,second_grad,3,0.101988400
main,deep,hybrid,default.qubit,4,4,2540,2601,1,second_grad_quantum,3,0.069468700
main,deep,hybrid,default.qubit,4,4,2540,2601,1,second_grad_classical,3,0.032519700
main,deep,hybrid,default.qubit,4,4,2540,2601,1,param_grad,3,0.220865200
main,deep,hybrid,default.qubit,4,4,2540,2601,1,param_grad_quantum,3,0.096784200
main,deep,hybrid,default.qubit,4,4,2540,2601,1,param_grad_classical,3,0.124081000
main,ctrl_n4,control,default.qubit,4,0,2540,2537,0,forward,3,0.000722400
main,ctrl_n4,control,default.qubit,4,0,2540,2537,0,first_grad,3,0.001066700
main,ctrl_n4,control,default.qubit,4,0,2540,2537,0,second_grad,3,0.002156200
main,ctrl_n4,control,default.qubit,4,0,2540,2537,0,param_grad,3,0.004911900
main,baseline,hybrid,default.qubit,4,2,2540,2569,1,forward,3,0.016366900
main,baseline,hybrid,default.qubit,4,2,2540,2569,1,forward_quantum,3,0.015441200
main,baseline,hybrid,default.qubit,4,2,2540,2569,1,forward_classical,3,0.000925700
main,baseline,hybrid,default.qubit,4,2,2540,2569,1,first_grad,3,0.031218900
main,baseline,hybrid,default.qubit,4,2,2540,2569,1,first_grad_quantum,3,0.028590500
main,baseline,hybrid,default.qubit,4,2,2540,2569,1,first_grad_classical,3,0.002628400
main,baseline,hybrid,default.qubit,4,2,2540,2569,1,second_grad,3,0.063753500
main,baseline,hybrid,default.qubit,4,2,2540,2569,1,second_grad_quantum,3,0.043343700
main,baseline,hybrid,default.qubit,4,2,2540,2569,1,second_grad_classical,3,0.020409800
main,baseline,hybrid,default.qubit,4,2,2540,2569,1,param_grad,3,0.133880100
main,baseline,hybrid,default.qubit,4,2,2540,2569,1,param_grad_quantum,3,0.062223700
main,baseline,hybrid,default.qubit,4,2,2540,2569,1,param_grad_classical,3,0.071656400
main,ctrl_n2,control,default.qubit,2,0,2540,2405,2,forward,3,0.000820600
main,ctrl_n2,control,default.qubit,2,0,2540,2405,2,first_grad,3,0.001342500
main,ctrl_n2,control,default.qubit,2,0,2540,2405,2,second_grad,3,0.001868800
main,ctrl_n2,control,default.qubit,2,0,2540,2405,2,param_grad,3,0.004801300
main,deep,hybrid,default.qubit,4,4,2540,2601,2,forward,3,0.027919900
main,deep,hybrid,default.qubit,4,4,2540,2601,2,forward_quantum,3,0.027148700
main,deep,hybrid,default.qubit,4,4,2540,2601,2,forward_classical,3,0.000771200
main,deep,hybrid,default.qubit,4,4,2540,2601,2,first_grad,3,0.057338000
main,deep,hybrid,default.qubit,4,4,2540,2601,2,first_grad_quantum,3,0.053863900
main,deep,hybrid,default.qubit,4,4,2540,2601,2,first_grad_classical,3,0.003474100
main,deep,hybrid,default.qubit,4,4,2540,2601,2,second_grad,3,0.101935800
main,deep,hybrid,default.qubit,4,4,2540,2601,2,second_grad_quantum,3,0.069382900
main,deep,hybrid,default.qubit,4,4,2540,2601,2,second_grad_classical,3,0.032552900
main,deep,hybrid,default.qubit,4,4,2540,2601,2,param_grad,3,0.213047300
main,deep,hybrid,default.qubit,4,4,2540,2601,2,param_grad_quantum,3,0.097891600
main,deep,hybrid,default.qubit,4,4,2540,2601,2,param_grad_classical,3,0.115155700
main,narrow,hybrid,default.qubit,2,2,2540,2421,2,forward,3,0.008275100
main,narrow,hybrid,default.qubit,2,2,2540,2421,2,forward_quantum,3,0.007437700
main,narrow,hybrid,default.qubit,2,2,2540,2421,2,forward_classical,3,0.000837400
main,narrow,hybrid,default.qubit,2,2,2540,2421,2,first_grad,3,0.011093100
main,narrow,hybrid,default.qubit,2,2,2540,2421,2,first_grad_quantum,3,0.009492000
main,narrow,hybrid,default.qubit,2,2,2540,2421,2,first_grad_classical,3,0.001601100
main,narrow,hybrid,default.qubit,2,2,2540,2421,2,second_grad,3,0.023162200
main,narrow,hybrid,default.qubit,2,2,2540,2421,2,second_grad_quantum,3,0.013669000
main,narrow,hybrid,default.qubit,2,2,2540,2421,2,second_grad_classical,3,0.009493200
main,narrow,hybrid,default.qubit,2,2,2540,2421,2,param_grad,3,0.047636800
main,narrow,hybrid,default.qubit,2,2,2540,2421,2,param_grad_quantum,3,0.018640100
main,narrow,hybrid,default.qubit,2,2,2540,2421,2,param_grad_classical,3,0.028996700
main,narrow,hybrid,default.qubit,2,2,2540,2421,1,forward,3,0.008617100
main,narrow,hybrid,default.qubit,2,2,2540,2421,1,forward_quantum,3,0.007802400
main,narrow,hybrid,default.qubit,2,2,2540,2421,1,forward_classical,3,0.000814700
main,narrow,hybrid,default.qubit,2,2,2540,2421,1,first_grad,3,0.013212900
main,narrow,hybrid,default.qubit,2,2,2540,2421,1,first_grad_quantum,3,0.011143800
main,narrow,hybrid,default.qubit,2,2,2540,2421,1,first_grad_classical,3,0.002069100
main,narrow,hybrid,default.qubit,2,2,2540,2421,1,second_grad,3,0.021530100
main,narrow,hybrid,default.qubit,2,2,2540,2421,1,second_grad_quantum,3,0.014113900
main,narrow,hybrid,default.qubit,2,2,2540,2421,1,second_grad_classical,3,0.007416200
main,narrow,hybrid,default.qubit,2,2,2540,2421,1,param_grad,3,0.043844800
main,narrow,hybrid,default.qubit,2,2,2540,2421,1,param_grad_quantum,3,0.018146500
main,narrow,hybrid,default.qubit,2,2,2540,2421,1,param_grad_classical,3,0.025698300
main,wide,hybrid,default.qubit,6,2,2540,2717,0,forward,3,0.032059400
main,wide,hybrid,default.qubit,6,2,2540,2717,0,forward_quantum,3,0.031307900
main,wide,hybrid,default.qubit,6,2,2540,2717,0,forward_classical,3,0.000751500
main,wide,hybrid,default.qubit,6,2,2540,2717,0,first_grad,3,0.079148200
main,wide,hybrid,default.qubit,6,2,2540,2717,0,first_grad_quantum,3,0.074886000
main,wide,hybrid,default.qubit,6,2,2540,2717,0,first_grad_classical,3,0.004262200
main,wide,hybrid,default.qubit,6,2,2540,2717,0,second_grad,3,0.156205300
main,wide,hybrid,default.qubit,6,2,2540,2717,0,second_grad_quantum,3,0.104961400
main,wide,hybrid,default.qubit,6,2,2540,2717,0,second_grad_classical,3,0.051243900
main,wide,hybrid,default.qubit,6,2,2540,2717,0,param_grad,3,0.406289100
main,wide,hybrid,default.qubit,6,2,2540,2717,0,param_grad_quantum,3,0.168544000
main,wide,hybrid,default.qubit,6,2,2540,2717,0,param_grad_classical,3,0.237745100
main,ctrl_n6,control,default.qubit,6,0,2540,2669,1,forward,3,0.000714900
main,ctrl_n6,control,default.qubit,6,0,2540,2669,1,first_grad,3,0.001107500
main,ctrl_n6,control,default.qubit,6,0,2540,2669,1,second_grad,3,0.001943500
main,ctrl_n6,control,default.qubit,6,0,2540,2669,1,param_grad,3,0.005460500
main,classical,classical,default.qubit,,,2540,4353,2,forward,3,0.000609300
main,classical,classical,default.qubit,,,2540,4353,2,first_grad,3,0.000835400
main,classical,classical,default.qubit,,,2540,4353,2,second_grad,3,0.001791100
main,classical,classical,default.qubit,,,2540,4353,2,param_grad,3,0.006781000
main,ctrl_n2,control,default.qubit,2,0,2540,2405,1,forward,4,0.000663800
main,ctrl_n2,control,default.qubit,2,0,2540,2405,1,first_grad,4,0.000951100
main,ctrl_n2,control,default.qubit,2,0,2540,2405,1,second_grad,4,0.001930800
main,ctrl_n2,control,default.qubit,2,0,2540,2405,1,param_grad,4,0.004905100
main,narrow,hybrid,default.qubit,2,2,2540,2421,1,forward,4,0.007357700
main,narrow,hybrid,default.qubit,2,2,2540,2421,1,forward_quantum,4,0.006535800
main,narrow,hybrid,default.qubit,2,2,2540,2421,1,forward_classical,4,0.000821900
main,narrow,hybrid,default.qubit,2,2,2540,2421,1,first_grad,4,0.015449300
main,narrow,hybrid,default.qubit,2,2,2540,2421,1,first_grad_quantum,4,0.013651600
main,narrow,hybrid,default.qubit,2,2,2540,2421,1,first_grad_classical,4,0.001797700
main,narrow,hybrid,default.qubit,2,2,2540,2421,1,second_grad,4,0.022525900
main,narrow,hybrid,default.qubit,2,2,2540,2421,1,second_grad_quantum,4,0.014121500
main,narrow,hybrid,default.qubit,2,2,2540,2421,1,second_grad_classical,4,0.008404400
main,narrow,hybrid,default.qubit,2,2,2540,2421,1,param_grad,4,0.044238200
main,narrow,hybrid,default.qubit,2,2,2540,2421,1,param_grad_quantum,4,0.018916100
main,narrow,hybrid,default.qubit,2,2,2540,2421,1,param_grad_classical,4,0.025322100
main,narrow,hybrid,default.qubit,2,2,2540,2421,2,forward,4,0.007685600
main,narrow,hybrid,default.qubit,2,2,2540,2421,2,forward_quantum,4,0.006988100
main,narrow,hybrid,default.qubit,2,2,2540,2421,2,forward_classical,4,0.000697500
main,narrow,hybrid,default.qubit,2,2,2540,2421,2,first_grad,4,0.012341800
main,narrow,hybrid,default.qubit,2,2,2540,2421,2,first_grad_quantum,4,0.010569200
main,narrow,hybrid,default.qubit,2,2,2540,2421,2,first_grad_classical,4,0.001772600
main,narrow,hybrid,default.qubit,2,2,2540,2421,2,second_grad,4,0.023307900
main,narrow,hybrid,default.qubit,2,2,2540,2421,2,second_grad_quantum,4,0.014982000
main,narrow,hybrid,default.qubit,2,2,2540,2421,2,second_grad_classical,4,0.008325900
main,narrow,hybrid,default.qubit,2,2,2540,2421,2,param_grad,4,0.046511500
main,narrow,hybrid,default.qubit,2,2,2540,2421,2,param_grad_quantum,4,0.021022700
main,narrow,hybrid,default.qubit,2,2,2540,2421,2,param_grad_classical,4,0.025488800
main,wide,hybrid,default.qubit,6,2,2540,2717,0,forward,4,0.033868700
main,wide,hybrid,default.qubit,6,2,2540,2717,0,forward_quantum,4,0.032987300
main,wide,hybrid,default.qubit,6,2,2540,2717,0,forward_classical,4,0.000881400
main,wide,hybrid,default.qubit,6,2,2540,2717,0,first_grad,4,0.095832900
main,wide,hybrid,default.qubit,6,2,2540,2717,0,first_grad_quantum,4,0.091465800
main,wide,hybrid,default.qubit,6,2,2540,2717,0,first_grad_classical,4,0.004367100
main,wide,hybrid,default.qubit,6,2,2540,2717,0,second_grad,4,0.158611100
main,wide,hybrid,default.qubit,6,2,2540,2717,0,second_grad_quantum,4,0.104841100
main,wide,hybrid,default.qubit,6,2,2540,2717,0,second_grad_classical,4,0.053770000
main,wide,hybrid,default.qubit,6,2,2540,2717,0,param_grad,4,0.425390200
main,wide,hybrid,default.qubit,6,2,2540,2717,0,param_grad_quantum,4,0.174977000
main,wide,hybrid,default.qubit,6,2,2540,2717,0,param_grad_classical,4,0.250413200
main,ctrl_n6,control,default.qubit,6,0,2540,2669,2,forward,4,0.000913800
main,ctrl_n6,control,default.qubit,6,0,2540,2669,2,first_grad,4,0.001097700
main,ctrl_n6,control,default.qubit,6,0,2540,2669,2,second_grad,4,0.001822800
main,ctrl_n6,control,default.qubit,6,0,2540,2669,2,param_grad,4,0.004936900
main,deep,hybrid,default.qubit,4,4,2540,2601,1,forward,4,0.028412200
main,deep,hybrid,default.qubit,4,4,2540,2601,1,forward_quantum,4,0.027631500
main,deep,hybrid,default.qubit,4,4,2540,2601,1,forward_classical,4,0.000780700
main,deep,hybrid,default.qubit,4,4,2540,2601,1,first_grad,4,0.068010800
main,deep,hybrid,default.qubit,4,4,2540,2601,1,first_grad_quantum,4,0.064127600
main,deep,hybrid,default.qubit,4,4,2540,2601,1,first_grad_classical,4,0.003883200
main,deep,hybrid,default.qubit,4,4,2540,2601,1,second_grad,4,0.110365400
main,deep,hybrid,default.qubit,4,4,2540,2601,1,second_grad_quantum,4,0.074273900
main,deep,hybrid,default.qubit,4,4,2540,2601,1,second_grad_classical,4,0.036091500
main,deep,hybrid,default.qubit,4,4,2540,2601,1,param_grad,4,0.217593000
main,deep,hybrid,default.qubit,4,4,2540,2601,1,param_grad_quantum,4,0.099584000
main,deep,hybrid,default.qubit,4,4,2540,2601,1,param_grad_classical,4,0.118009000
main,ctrl_n6,control,default.qubit,6,0,2540,2669,0,forward,4,0.000632100
main,ctrl_n6,control,default.qubit,6,0,2540,2669,0,first_grad,4,0.001022700
main,ctrl_n6,control,default.qubit,6,0,2540,2669,0,second_grad,4,0.001997600
main,ctrl_n6,control,default.qubit,6,0,2540,2669,0,param_grad,4,0.004192100
main,ctrl_n2,control,default.qubit,2,0,2540,2405,2,forward,4,0.000670500
main,ctrl_n2,control,default.qubit,2,0,2540,2405,2,first_grad,4,0.000966400
main,ctrl_n2,control,default.qubit,2,0,2540,2405,2,second_grad,4,0.001831200
main,ctrl_n2,control,default.qubit,2,0,2540,2405,2,param_grad,4,0.004426400
main,baseline,hybrid,default.qubit,4,2,2540,2569,1,forward,4,0.015830200
main,baseline,hybrid,default.qubit,4,2,2540,2569,1,forward_quantum,4,0.015135500
main,baseline,hybrid,default.qubit,4,2,2540,2569,1,forward_classical,4,0.000694700
main,baseline,hybrid,default.qubit,4,2,2540,2569,1,first_grad,4,0.032020300
main,baseline,hybrid,default.qubit,4,2,2540,2569,1,first_grad_quantum,4,0.029435100
main,baseline,hybrid,default.qubit,4,2,2540,2569,1,first_grad_classical,4,0.002585200
main,baseline,hybrid,default.qubit,4,2,2540,2569,1,second_grad,4,0.065339000
main,baseline,hybrid,default.qubit,4,2,2540,2569,1,second_grad_quantum,4,0.042551100
main,baseline,hybrid,default.qubit,4,2,2540,2569,1,second_grad_classical,4,0.022787900
main,baseline,hybrid,default.qubit,4,2,2540,2569,1,param_grad,4,0.130634100
main,baseline,hybrid,default.qubit,4,2,2540,2569,1,param_grad_quantum,4,0.057630800
main,baseline,hybrid,default.qubit,4,2,2540,2569,1,param_grad_classical,4,0.073003300
main,ctrl_n4,control,default.qubit,4,0,2540,2537,0,forward,4,0.000718600
main,ctrl_n4,control,default.qubit,4,0,2540,2537,0,first_grad,4,0.001106900
main,ctrl_n4,control,default.qubit,4,0,2540,2537,0,second_grad,4,0.001875200
main,ctrl_n4,control,default.qubit,4,0,2540,2537,0,param_grad,4,0.004457000
main,deep,hybrid,default.qubit,4,4,2540,2601,2,forward,4,0.026471200
main,deep,hybrid,default.qubit,4,4,2540,2601,2,forward_quantum,4,0.025729500
main,deep,hybrid,default.qubit,4,4,2540,2601,2,forward_classical,4,0.000741700
main,deep,hybrid,default.qubit,4,4,2540,2601,2,first_grad,4,0.051195600
main,deep,hybrid,default.qubit,4,4,2540,2601,2,first_grad_quantum,4,0.047686500
main,deep,hybrid,default.qubit,4,4,2540,2601,2,first_grad_classical,4,0.003509100
main,deep,hybrid,default.qubit,4,4,2540,2601,2,second_grad,4,0.094400600
main,deep,hybrid,default.qubit,4,4,2540,2601,2,second_grad_quantum,4,0.066067200
main,deep,hybrid,default.qubit,4,4,2540,2601,2,second_grad_classical,4,0.028333400
main,deep,hybrid,default.qubit,4,4,2540,2601,2,param_grad,4,0.216673000
main,deep,hybrid,default.qubit,4,4,2540,2601,2,param_grad_quantum,4,0.097347100
main,deep,hybrid,default.qubit,4,4,2540,2601,2,param_grad_classical,4,0.119325900
main,wide,hybrid,default.qubit,6,2,2540,2717,1,forward,4,0.033417500
main,wide,hybrid,default.qubit,6,2,2540,2717,1,forward_quantum,4,0.032634900
main,wide,hybrid,default.qubit,6,2,2540,2717,1,forward_classical,4,0.000782600
main,wide,hybrid,default.qubit,6,2,2540,2717,1,first_grad,4,0.087583300
main,wide,hybrid,default.qubit,6,2,2540,2717,1,first_grad_quantum,4,0.083783600
main,wide,hybrid,default.qubit,6,2,2540,2717,1,first_grad_classical,4,0.003799700
main,wide,hybrid,default.qubit,6,2,2540,2717,1,second_grad,4,0.163068600
main,wide,hybrid,default.qubit,6,2,2540,2717,1,second_grad_quantum,4,0.111430800
main,wide,hybrid,default.qubit,6,2,2540,2717,1,second_grad_classical,4,0.051637800
main,wide,hybrid,default.qubit,6,2,2540,2717,1,param_grad,4,0.427252200
main,wide,hybrid,default.qubit,6,2,2540,2717,1,param_grad_quantum,4,0.173195000
main,wide,hybrid,default.qubit,6,2,2540,2717,1,param_grad_classical,4,0.254057200
main,ctrl_n4,control,default.qubit,4,0,2540,2537,2,forward,4,0.000719500
main,ctrl_n4,control,default.qubit,4,0,2540,2537,2,first_grad,4,0.001376200
main,ctrl_n4,control,default.qubit,4,0,2540,2537,2,second_grad,4,0.001745800
main,ctrl_n4,control,default.qubit,4,0,2540,2537,2,param_grad,4,0.004423800
main,classical,classical,default.qubit,,,2540,4353,0,forward,4,0.000518800
main,classical,classical,default.qubit,,,2540,4353,0,first_grad,4,0.000761000
main,classical,classical,default.qubit,,,2540,4353,0,second_grad,4,0.001954700
main,classical,classical,default.qubit,,,2540,4353,0,param_grad,4,0.004230700
main,ctrl_n4,control,default.qubit,4,0,2540,2537,1,forward,4,0.000878000
main,ctrl_n4,control,default.qubit,4,0,2540,2537,1,first_grad,4,0.001184000
main,ctrl_n4,control,default.qubit,4,0,2540,2537,1,second_grad,4,0.002148400
main,ctrl_n4,control,default.qubit,4,0,2540,2537,1,param_grad,4,0.005547500
main,classical,classical,default.qubit,,,2540,4353,2,forward,4,0.000668900
main,classical,classical,default.qubit,,,2540,4353,2,first_grad,4,0.000808200
main,classical,classical,default.qubit,,,2540,4353,2,second_grad,4,0.001914600
main,classical,classical,default.qubit,,,2540,4353,2,param_grad,4,0.004494700
main,deep,hybrid,default.qubit,4,4,2540,2601,0,forward,4,0.026488900
main,deep,hybrid,default.qubit,4,4,2540,2601,0,forward_quantum,4,0.025554100
main,deep,hybrid,default.qubit,4,4,2540,2601,0,forward_classical,4,0.000934800
main,deep,hybrid,default.qubit,4,4,2540,2601,0,first_grad,4,0.060409600
main,deep,hybrid,default.qubit,4,4,2540,2601,0,first_grad_quantum,4,0.056793800
main,deep,hybrid,default.qubit,4,4,2540,2601,0,first_grad_classical,4,0.003615800
main,deep,hybrid,default.qubit,4,4,2540,2601,0,second_grad,4,0.107895900
main,deep,hybrid,default.qubit,4,4,2540,2601,0,second_grad_quantum,4,0.074300800
main,deep,hybrid,default.qubit,4,4,2540,2601,0,second_grad_classical,4,0.033595100
main,deep,hybrid,default.qubit,4,4,2540,2601,0,param_grad,4,0.224143200
main,deep,hybrid,default.qubit,4,4,2540,2601,0,param_grad_quantum,4,0.098651900
main,deep,hybrid,default.qubit,4,4,2540,2601,0,param_grad_classical,4,0.125491300
main,baseline,hybrid,default.qubit,4,2,2540,2569,2,forward,4,0.015174400
main,baseline,hybrid,default.qubit,4,2,2540,2569,2,forward_quantum,4,0.014375900
main,baseline,hybrid,default.qubit,4,2,2540,2569,2,forward_classical,4,0.000798500
main,baseline,hybrid,default.qubit,4,2,2540,2569,2,first_grad,4,0.027975200
main,baseline,hybrid,default.qubit,4,2,2540,2569,2,first_grad_quantum,4,0.025527600
main,baseline,hybrid,default.qubit,4,2,2540,2569,2,first_grad_classical,4,0.002447600
main,baseline,hybrid,default.qubit,4,2,2540,2569,2,second_grad,4,0.066196400
main,baseline,hybrid,default.qubit,4,2,2540,2569,2,second_grad_quantum,4,0.043248300
main,baseline,hybrid,default.qubit,4,2,2540,2569,2,second_grad_classical,4,0.022948100
main,baseline,hybrid,default.qubit,4,2,2540,2569,2,param_grad,4,0.133950500
main,baseline,hybrid,default.qubit,4,2,2540,2569,2,param_grad_quantum,4,0.060370800
main,baseline,hybrid,default.qubit,4,2,2540,2569,2,param_grad_classical,4,0.073579700
main,baseline,hybrid,default.qubit,4,2,2540,2569,0,forward,4,0.017186300
main,baseline,hybrid,default.qubit,4,2,2540,2569,0,forward_quantum,4,0.016430100
main,baseline,hybrid,default.qubit,4,2,2540,2569,0,forward_classical,4,0.000756200
main,baseline,hybrid,default.qubit,4,2,2540,2569,0,first_grad,4,0.031978000
main,baseline,hybrid,default.qubit,4,2,2540,2569,0,first_grad_quantum,4,0.029349400
main,baseline,hybrid,default.qubit,4,2,2540,2569,0,first_grad_classical,4,0.002628600
main,baseline,hybrid,default.qubit,4,2,2540,2569,0,second_grad,4,0.064175600
main,baseline,hybrid,default.qubit,4,2,2540,2569,0,second_grad_quantum,4,0.040449400
main,baseline,hybrid,default.qubit,4,2,2540,2569,0,second_grad_classical,4,0.023726200
main,baseline,hybrid,default.qubit,4,2,2540,2569,0,param_grad,4,0.130304300
main,baseline,hybrid,default.qubit,4,2,2540,2569,0,param_grad_quantum,4,0.058599100
main,baseline,hybrid,default.qubit,4,2,2540,2569,0,param_grad_classical,4,0.071705200
main,ctrl_n6,control,default.qubit,6,0,2540,2669,1,forward,4,0.000716100
main,ctrl_n6,control,default.qubit,6,0,2540,2669,1,first_grad,4,0.001296200
main,ctrl_n6,control,default.qubit,6,0,2540,2669,1,second_grad,4,0.001926000
main,ctrl_n6,control,default.qubit,6,0,2540,2669,1,param_grad,4,0.004673300
main,classical,classical,default.qubit,,,2540,4353,1,forward,4,0.000545100
main,classical,classical,default.qubit,,,2540,4353,1,first_grad,4,0.000760300
main,classical,classical,default.qubit,,,2540,4353,1,second_grad,4,0.001491500
main,classical,classical,default.qubit,,,2540,4353,1,param_grad,4,0.004183600
main,wide,hybrid,default.qubit,6,2,2540,2717,2,forward,4,0.033577800
main,wide,hybrid,default.qubit,6,2,2540,2717,2,forward_quantum,4,0.032862300
main,wide,hybrid,default.qubit,6,2,2540,2717,2,forward_classical,4,0.000715500
main,wide,hybrid,default.qubit,6,2,2540,2717,2,first_grad,4,0.083742000
main,wide,hybrid,default.qubit,6,2,2540,2717,2,first_grad_quantum,4,0.079674600
main,wide,hybrid,default.qubit,6,2,2540,2717,2,first_grad_classical,4,0.004067400
main,wide,hybrid,default.qubit,6,2,2540,2717,2,second_grad,4,0.159344200
main,wide,hybrid,default.qubit,6,2,2540,2717,2,second_grad_quantum,4,0.104664300
main,wide,hybrid,default.qubit,6,2,2540,2717,2,second_grad_classical,4,0.054679900
main,wide,hybrid,default.qubit,6,2,2540,2717,2,param_grad,4,0.419197900
main,wide,hybrid,default.qubit,6,2,2540,2717,2,param_grad_quantum,4,0.169691900
main,wide,hybrid,default.qubit,6,2,2540,2717,2,param_grad_classical,4,0.249506000
main,narrow,hybrid,default.qubit,2,2,2540,2421,0,forward,4,0.008020700
main,narrow,hybrid,default.qubit,2,2,2540,2421,0,forward_quantum,4,0.007262900
main,narrow,hybrid,default.qubit,2,2,2540,2421,0,forward_classical,4,0.000757800
main,narrow,hybrid,default.qubit,2,2,2540,2421,0,first_grad,4,0.012883900
main,narrow,hybrid,default.qubit,2,2,2540,2421,0,first_grad_quantum,4,0.010888500
main,narrow,hybrid,default.qubit,2,2,2540,2421,0,first_grad_classical,4,0.001995400
main,narrow,hybrid,default.qubit,2,2,2540,2421,0,second_grad,4,0.022417900
main,narrow,hybrid,default.qubit,2,2,2540,2421,0,second_grad_quantum,4,0.014735400
main,narrow,hybrid,default.qubit,2,2,2540,2421,0,second_grad_classical,4,0.007682500
main,narrow,hybrid,default.qubit,2,2,2540,2421,0,param_grad,4,0.045133100
main,narrow,hybrid,default.qubit,2,2,2540,2421,0,param_grad_quantum,4,0.019905300
main,narrow,hybrid,default.qubit,2,2,2540,2421,0,param_grad_classical,4,0.025227800
main,ctrl_n2,control,default.qubit,2,0,2540,2405,0,forward,4,0.000732300
main,ctrl_n2,control,default.qubit,2,0,2540,2405,0,first_grad,4,0.001400500
main,ctrl_n2,control,default.qubit,2,0,2540,2405,0,second_grad,4,0.001909600
main,ctrl_n2,control,default.qubit,2,0,2540,2405,0,param_grad,4,0.004847900
main,ctrl_n6,control,default.qubit,6,0,2540,2669,2,forward,5,0.000631500
main,ctrl_n6,control,default.qubit,6,0,2540,2669,2,first_grad,5,0.001435400
main,ctrl_n6,control,default.qubit,6,0,2540,2669,2,second_grad,5,0.002415000
main,ctrl_n6,control,default.qubit,6,0,2540,2669,2,param_grad,5,0.005672200
main,classical,classical,default.qubit,,,2540,4353,1,forward,5,0.000635800
main,classical,classical,default.qubit,,,2540,4353,1,first_grad,5,0.000821200
main,classical,classical,default.qubit,,,2540,4353,1,second_grad,5,0.001618800
main,classical,classical,default.qubit,,,2540,4353,1,param_grad,5,0.003930800
main,ctrl_n2,control,default.qubit,2,0,2540,2405,1,forward,5,0.000637100
main,ctrl_n2,control,default.qubit,2,0,2540,2405,1,first_grad,5,0.000888900
main,ctrl_n2,control,default.qubit,2,0,2540,2405,1,second_grad,5,0.002107000
main,ctrl_n2,control,default.qubit,2,0,2540,2405,1,param_grad,5,0.006438900
main,ctrl_n4,control,default.qubit,4,0,2540,2537,0,forward,5,0.000681600
main,ctrl_n4,control,default.qubit,4,0,2540,2537,0,first_grad,5,0.001056100
main,ctrl_n4,control,default.qubit,4,0,2540,2537,0,second_grad,5,0.002172200
main,ctrl_n4,control,default.qubit,4,0,2540,2537,0,param_grad,5,0.006185400
main,baseline,hybrid,default.qubit,4,2,2540,2569,2,forward,5,0.018076000
main,baseline,hybrid,default.qubit,4,2,2540,2569,2,forward_quantum,5,0.017310600
main,baseline,hybrid,default.qubit,4,2,2540,2569,2,forward_classical,5,0.000765400
main,baseline,hybrid,default.qubit,4,2,2540,2569,2,first_grad,5,0.034030300
main,baseline,hybrid,default.qubit,4,2,2540,2569,2,first_grad_quantum,5,0.031561400
main,baseline,hybrid,default.qubit,4,2,2540,2569,2,first_grad_classical,5,0.002468900
main,baseline,hybrid,default.qubit,4,2,2540,2569,2,second_grad,5,0.065386300
main,baseline,hybrid,default.qubit,4,2,2540,2569,2,second_grad_quantum,5,0.044458200
main,baseline,hybrid,default.qubit,4,2,2540,2569,2,second_grad_classical,5,0.020928100
main,baseline,hybrid,default.qubit,4,2,2540,2569,2,param_grad,5,0.134847500
main,baseline,hybrid,default.qubit,4,2,2540,2569,2,param_grad_quantum,5,0.059717300
main,baseline,hybrid,default.qubit,4,2,2540,2569,2,param_grad_classical,5,0.075130200
main,ctrl_n6,control,default.qubit,6,0,2540,2669,0,forward,5,0.000669300
main,ctrl_n6,control,default.qubit,6,0,2540,2669,0,first_grad,5,0.001073800
main,ctrl_n6,control,default.qubit,6,0,2540,2669,0,second_grad,5,0.002064200
main,ctrl_n6,control,default.qubit,6,0,2540,2669,0,param_grad,5,0.005885900
main,deep,hybrid,default.qubit,4,4,2540,2601,1,forward,5,0.027186500
main,deep,hybrid,default.qubit,4,4,2540,2601,1,forward_quantum,5,0.026445800
main,deep,hybrid,default.qubit,4,4,2540,2601,1,forward_classical,5,0.000740700
main,deep,hybrid,default.qubit,4,4,2540,2601,1,first_grad,5,0.053071000
main,deep,hybrid,default.qubit,4,4,2540,2601,1,first_grad_quantum,5,0.049542900
main,deep,hybrid,default.qubit,4,4,2540,2601,1,first_grad_classical,5,0.003528100
main,deep,hybrid,default.qubit,4,4,2540,2601,1,second_grad,5,0.100647000
main,deep,hybrid,default.qubit,4,4,2540,2601,1,second_grad_quantum,5,0.068543600
main,deep,hybrid,default.qubit,4,4,2540,2601,1,second_grad_classical,5,0.032103400
main,deep,hybrid,default.qubit,4,4,2540,2601,1,param_grad,5,0.209367900
main,deep,hybrid,default.qubit,4,4,2540,2601,1,param_grad_quantum,5,0.094946600
main,deep,hybrid,default.qubit,4,4,2540,2601,1,param_grad_classical,5,0.114421300
main,narrow,hybrid,default.qubit,2,2,2540,2421,0,forward,5,0.008361600
main,narrow,hybrid,default.qubit,2,2,2540,2421,0,forward_quantum,5,0.007581000
main,narrow,hybrid,default.qubit,2,2,2540,2421,0,forward_classical,5,0.000780600
main,narrow,hybrid,default.qubit,2,2,2540,2421,0,first_grad,5,0.012150600
main,narrow,hybrid,default.qubit,2,2,2540,2421,0,first_grad_quantum,5,0.010474300
main,narrow,hybrid,default.qubit,2,2,2540,2421,0,first_grad_classical,5,0.001676300
main,narrow,hybrid,default.qubit,2,2,2540,2421,0,second_grad,5,0.021233300
main,narrow,hybrid,default.qubit,2,2,2540,2421,0,second_grad_quantum,5,0.013865700
main,narrow,hybrid,default.qubit,2,2,2540,2421,0,second_grad_classical,5,0.007367600
main,narrow,hybrid,default.qubit,2,2,2540,2421,0,param_grad,5,0.045937600
main,narrow,hybrid,default.qubit,2,2,2540,2421,0,param_grad_quantum,5,0.019966100
main,narrow,hybrid,default.qubit,2,2,2540,2421,0,param_grad_classical,5,0.025971500
main,deep,hybrid,default.qubit,4,4,2540,2601,0,forward,5,0.026626500
main,deep,hybrid,default.qubit,4,4,2540,2601,0,forward_quantum,5,0.025891100
main,deep,hybrid,default.qubit,4,4,2540,2601,0,forward_classical,5,0.000735400
main,deep,hybrid,default.qubit,4,4,2540,2601,0,first_grad,5,0.054573400
main,deep,hybrid,default.qubit,4,4,2540,2601,0,first_grad_quantum,5,0.051080200
main,deep,hybrid,default.qubit,4,4,2540,2601,0,first_grad_classical,5,0.003493200
main,deep,hybrid,default.qubit,4,4,2540,2601,0,second_grad,5,0.095460000
main,deep,hybrid,default.qubit,4,4,2540,2601,0,second_grad_quantum,5,0.061667400
main,deep,hybrid,default.qubit,4,4,2540,2601,0,second_grad_classical,5,0.033792600
main,deep,hybrid,default.qubit,4,4,2540,2601,0,param_grad,5,0.214683900
main,deep,hybrid,default.qubit,4,4,2540,2601,0,param_grad_quantum,5,0.096534900
main,deep,hybrid,default.qubit,4,4,2540,2601,0,param_grad_classical,5,0.118149000
main,classical,classical,default.qubit,,,2540,4353,0,forward,5,0.000572200
main,classical,classical,default.qubit,,,2540,4353,0,first_grad,5,0.000878500
main,classical,classical,default.qubit,,,2540,4353,0,second_grad,5,0.001698500
main,classical,classical,default.qubit,,,2540,4353,0,param_grad,5,0.005631100
main,wide,hybrid,default.qubit,6,2,2540,2717,2,forward,5,0.031979400
main,wide,hybrid,default.qubit,6,2,2540,2717,2,forward_quantum,5,0.031182700
main,wide,hybrid,default.qubit,6,2,2540,2717,2,forward_classical,5,0.000796700
main,wide,hybrid,default.qubit,6,2,2540,2717,2,first_grad,5,0.079776200
main,wide,hybrid,default.qubit,6,2,2540,2717,2,first_grad_quantum,5,0.075441200
main,wide,hybrid,default.qubit,6,2,2540,2717,2,first_grad_classical,5,0.004335000
main,wide,hybrid,default.qubit,6,2,2540,2717,2,second_grad,5,0.160732300
main,wide,hybrid,default.qubit,6,2,2540,2717,2,second_grad_quantum,5,0.107281100
main,wide,hybrid,default.qubit,6,2,2540,2717,2,second_grad_classical,5,0.053451200
main,wide,hybrid,default.qubit,6,2,2540,2717,2,param_grad,5,0.413885200
main,wide,hybrid,default.qubit,6,2,2540,2717,2,param_grad_quantum,5,0.168006100
main,wide,hybrid,default.qubit,6,2,2540,2717,2,param_grad_classical,5,0.245879100
main,classical,classical,default.qubit,,,2540,4353,2,forward,5,0.000532600
main,classical,classical,default.qubit,,,2540,4353,2,first_grad,5,0.000808700
main,classical,classical,default.qubit,,,2540,4353,2,second_grad,5,0.001520500
main,classical,classical,default.qubit,,,2540,4353,2,param_grad,5,0.004830200
main,ctrl_n2,control,default.qubit,2,0,2540,2405,0,forward,5,0.000704700
main,ctrl_n2,control,default.qubit,2,0,2540,2405,0,first_grad,5,0.001082600
main,ctrl_n2,control,default.qubit,2,0,2540,2405,0,second_grad,5,0.002299400
main,ctrl_n2,control,default.qubit,2,0,2540,2405,0,param_grad,5,0.004786200
main,narrow,hybrid,default.qubit,2,2,2540,2421,2,forward,5,0.007664700
main,narrow,hybrid,default.qubit,2,2,2540,2421,2,forward_quantum,5,0.006949200
main,narrow,hybrid,default.qubit,2,2,2540,2421,2,forward_classical,5,0.000715500
main,narrow,hybrid,default.qubit,2,2,2540,2421,2,first_grad,5,0.011371700
main,narrow,hybrid,default.qubit,2,2,2540,2421,2,first_grad_quantum,5,0.009719300
main,narrow,hybrid,default.qubit,2,2,2540,2421,2,first_grad_classical,5,0.001652400
main,narrow,hybrid,default.qubit,2,2,2540,2421,2,second_grad,5,0.021341600
main,narrow,hybrid,default.qubit,2,2,2540,2421,2,second_grad_quantum,5,0.013231500
main,narrow,hybrid,default.qubit,2,2,2540,2421,2,second_grad_classical,5,0.008110100
main,narrow,hybrid,default.qubit,2,2,2540,2421,2,param_grad,5,0.050221700
main,narrow,hybrid,default.qubit,2,2,2540,2421,2,param_grad_quantum,5,0.019653000
main,narrow,hybrid,default.qubit,2,2,2540,2421,2,param_grad_classical,5,0.030568700
main,narrow,hybrid,default.qubit,2,2,2540,2421,1,forward,5,0.008591700
main,narrow,hybrid,default.qubit,2,2,2540,2421,1,forward_quantum,5,0.007794900
main,narrow,hybrid,default.qubit,2,2,2540,2421,1,forward_classical,5,0.000796800
main,narrow,hybrid,default.qubit,2,2,2540,2421,1,first_grad,5,0.012724200
main,narrow,hybrid,default.qubit,2,2,2540,2421,1,first_grad_quantum,5,0.010876700
main,narrow,hybrid,default.qubit,2,2,2540,2421,1,first_grad_classical,5,0.001847500
main,narrow,hybrid,default.qubit,2,2,2540,2421,1,second_grad,5,0.019987000
main,narrow,hybrid,default.qubit,2,2,2540,2421,1,second_grad_quantum,5,0.012856000
main,narrow,hybrid,default.qubit,2,2,2540,2421,1,second_grad_classical,5,0.007131000
main,narrow,hybrid,default.qubit,2,2,2540,2421,1,param_grad,5,0.042829300
main,narrow,hybrid,default.qubit,2,2,2540,2421,1,param_grad_quantum,5,0.018418800
main,narrow,hybrid,default.qubit,2,2,2540,2421,1,param_grad_classical,5,0.024410500
main,ctrl_n4,control,default.qubit,4,0,2540,2537,2,forward,5,0.000699600
main,ctrl_n4,control,default.qubit,4,0,2540,2537,2,first_grad,5,0.001124300
main,ctrl_n4,control,default.qubit,4,0,2540,2537,2,second_grad,5,0.002074200
main,ctrl_n4,control,default.qubit,4,0,2540,2537,2,param_grad,5,0.005455300
main,wide,hybrid,default.qubit,6,2,2540,2717,0,forward,5,0.030079400
main,wide,hybrid,default.qubit,6,2,2540,2717,0,forward_quantum,5,0.029309000
main,wide,hybrid,default.qubit,6,2,2540,2717,0,forward_classical,5,0.000770400
main,wide,hybrid,default.qubit,6,2,2540,2717,0,first_grad,5,0.088349700
main,wide,hybrid,default.qubit,6,2,2540,2717,0,first_grad_quantum,5,0.084409100
main,wide,hybrid,default.qubit,6,2,2540,2717,0,first_grad_classical,5,0.003940600
main,wide,hybrid,default.qubit,6,2,2540,2717,0,second_grad,5,0.162537600
main,wide,hybrid,default.qubit,6,2,2540,2717,0,second_grad_quantum,5,0.107188400
main,wide,hybrid,default.qubit,6,2,2540,2717,0,second_grad_classical,5,0.055349200
main,wide,hybrid,default.qubit,6,2,2540,2717,0,param_grad,5,0.387412500
main,wide,hybrid,default.qubit,6,2,2540,2717,0,param_grad_quantum,5,0.156467600
main,wide,hybrid,default.qubit,6,2,2540,2717,0,param_grad_classical,5,0.230944900
main,baseline,hybrid,default.qubit,4,2,2540,2569,1,forward,5,0.016884700
main,baseline,hybrid,default.qubit,4,2,2540,2569,1,forward_quantum,5,0.016120500
main,baseline,hybrid,default.qubit,4,2,2540,2569,1,forward_classical,5,0.000764200
main,baseline,hybrid,default.qubit,4,2,2540,2569,1,first_grad,5,0.032531100
main,baseline,hybrid,default.qubit,4,2,2540,2569,1,first_grad_quantum,5,0.030212300
main,baseline,hybrid,default.qubit,4,2,2540,2569,1,first_grad_classical,5,0.002318800
main,baseline,hybrid,default.qubit,4,2,2540,2569,1,second_grad,5,0.060775800
main,baseline,hybrid,default.qubit,4,2,2540,2569,1,second_grad_quantum,5,0.040508900
main,baseline,hybrid,default.qubit,4,2,2540,2569,1,second_grad_classical,5,0.020266900
main,baseline,hybrid,default.qubit,4,2,2540,2569,1,param_grad,5,0.131796700
main,baseline,hybrid,default.qubit,4,2,2540,2569,1,param_grad_quantum,5,0.058577800
main,baseline,hybrid,default.qubit,4,2,2540,2569,1,param_grad_classical,5,0.073218900
main,baseline,hybrid,default.qubit,4,2,2540,2569,0,forward,5,0.015954100
main,baseline,hybrid,default.qubit,4,2,2540,2569,0,forward_quantum,5,0.015201000
main,baseline,hybrid,default.qubit,4,2,2540,2569,0,forward_classical,5,0.000753100
main,baseline,hybrid,default.qubit,4,2,2540,2569,0,first_grad,5,0.030028400
main,baseline,hybrid,default.qubit,4,2,2540,2569,0,first_grad_quantum,5,0.027856100
main,baseline,hybrid,default.qubit,4,2,2540,2569,0,first_grad_classical,5,0.002172300
main,baseline,hybrid,default.qubit,4,2,2540,2569,0,second_grad,5,0.061505900
main,baseline,hybrid,default.qubit,4,2,2540,2569,0,second_grad_quantum,5,0.040431600
main,baseline,hybrid,default.qubit,4,2,2540,2569,0,second_grad_classical,5,0.021074300
main,baseline,hybrid,default.qubit,4,2,2540,2569,0,param_grad,5,0.136784900
main,baseline,hybrid,default.qubit,4,2,2540,2569,0,param_grad_quantum,5,0.063103000
main,baseline,hybrid,default.qubit,4,2,2540,2569,0,param_grad_classical,5,0.073681900
main,wide,hybrid,default.qubit,6,2,2540,2717,1,forward,5,0.033674900
main,wide,hybrid,default.qubit,6,2,2540,2717,1,forward_quantum,5,0.032904100
main,wide,hybrid,default.qubit,6,2,2540,2717,1,forward_classical,5,0.000770800
main,wide,hybrid,default.qubit,6,2,2540,2717,1,first_grad,5,0.087497600
main,wide,hybrid,default.qubit,6,2,2540,2717,1,first_grad_quantum,5,0.083377700
main,wide,hybrid,default.qubit,6,2,2540,2717,1,first_grad_classical,5,0.004119900
main,wide,hybrid,default.qubit,6,2,2540,2717,1,second_grad,5,0.158816200
main,wide,hybrid,default.qubit,6,2,2540,2717,1,second_grad_quantum,5,0.106835600
main,wide,hybrid,default.qubit,6,2,2540,2717,1,second_grad_classical,5,0.051980600
main,wide,hybrid,default.qubit,6,2,2540,2717,1,param_grad,5,0.424972700
main,wide,hybrid,default.qubit,6,2,2540,2717,1,param_grad_quantum,5,0.174772100
main,wide,hybrid,default.qubit,6,2,2540,2717,1,param_grad_classical,5,0.250200600
main,deep,hybrid,default.qubit,4,4,2540,2601,2,forward,5,0.028909400
main,deep,hybrid,default.qubit,4,4,2540,2601,2,forward_quantum,5,0.028108900
main,deep,hybrid,default.qubit,4,4,2540,2601,2,forward_classical,5,0.000800500
main,deep,hybrid,default.qubit,4,4,2540,2601,2,first_grad,5,0.058664900
main,deep,hybrid,default.qubit,4,4,2540,2601,2,first_grad_quantum,5,0.055316500
main,deep,hybrid,default.qubit,4,4,2540,2601,2,first_grad_classical,5,0.003348400
main,deep,hybrid,default.qubit,4,4,2540,2601,2,second_grad,5,0.108355400
main,deep,hybrid,default.qubit,4,4,2540,2601,2,second_grad_quantum,5,0.073167800
main,deep,hybrid,default.qubit,4,4,2540,2601,2,second_grad_classical,5,0.035187600
main,deep,hybrid,default.qubit,4,4,2540,2601,2,param_grad,5,0.219414600
main,deep,hybrid,default.qubit,4,4,2540,2601,2,param_grad_quantum,5,0.098401800
main,deep,hybrid,default.qubit,4,4,2540,2601,2,param_grad_classical,5,0.121012800
main,ctrl_n2,control,default.qubit,2,0,2540,2405,2,forward,5,0.000714500
main,ctrl_n2,control,default.qubit,2,0,2540,2405,2,first_grad,5,0.001115900
main,ctrl_n2,control,default.qubit,2,0,2540,2405,2,second_grad,5,0.002229000
main,ctrl_n2,control,default.qubit,2,0,2540,2405,2,param_grad,5,0.005777000
main,ctrl_n6,control,default.qubit,6,0,2540,2669,1,forward,5,0.000709700
main,ctrl_n6,control,default.qubit,6,0,2540,2669,1,first_grad,5,0.001121700
main,ctrl_n6,control,default.qubit,6,0,2540,2669,1,second_grad,5,0.002085300
main,ctrl_n6,control,default.qubit,6,0,2540,2669,1,param_grad,5,0.005327000
main,ctrl_n4,control,default.qubit,4,0,2540,2537,1,forward,5,0.000691300
main,ctrl_n4,control,default.qubit,4,0,2540,2537,1,first_grad,5,0.001136900
main,ctrl_n4,control,default.qubit,4,0,2540,2537,1,second_grad,5,0.002057900
main,ctrl_n4,control,default.qubit,4,0,2540,2537,1,param_grad,5,0.004912500
main,deep,hybrid,default.qubit,4,4,2540,2601,2,forward,6,0.028213400
main,deep,hybrid,default.qubit,4,4,2540,2601,2,forward_quantum,6,0.027475300
main,deep,hybrid,default.qubit,4,4,2540,2601,2,forward_classical,6,0.000738100
main,deep,hybrid,default.qubit,4,4,2540,2601,2,first_grad,6,0.047034800
main,deep,hybrid,default.qubit,4,4,2540,2601,2,first_grad_quantum,6,0.043840000
main,deep,hybrid,default.qubit,4,4,2540,2601,2,first_grad_classical,6,0.003194800
main,deep,hybrid,default.qubit,4,4,2540,2601,2,second_grad,6,0.093125600
main,deep,hybrid,default.qubit,4,4,2540,2601,2,second_grad_quantum,6,0.065742100
main,deep,hybrid,default.qubit,4,4,2540,2601,2,second_grad_classical,6,0.027383500
main,deep,hybrid,default.qubit,4,4,2540,2601,2,param_grad,6,0.205857500
main,deep,hybrid,default.qubit,4,4,2540,2601,2,param_grad_quantum,6,0.094904500
main,deep,hybrid,default.qubit,4,4,2540,2601,2,param_grad_classical,6,0.110953000
main,classical,classical,default.qubit,,,2540,4353,1,forward,6,0.000507300
main,classical,classical,default.qubit,,,2540,4353,1,first_grad,6,0.001008400
main,classical,classical,default.qubit,,,2540,4353,1,second_grad,6,0.001462500
main,classical,classical,default.qubit,,,2540,4353,1,param_grad,6,0.003353500
main,deep,hybrid,default.qubit,4,4,2540,2601,1,forward,6,0.027434600
main,deep,hybrid,default.qubit,4,4,2540,2601,1,forward_quantum,6,0.026638000
main,deep,hybrid,default.qubit,4,4,2540,2601,1,forward_classical,6,0.000796600
main,deep,hybrid,default.qubit,4,4,2540,2601,1,first_grad,6,0.054081400
main,deep,hybrid,default.qubit,4,4,2540,2601,1,first_grad_quantum,6,0.050539400
main,deep,hybrid,default.qubit,4,4,2540,2601,1,first_grad_classical,6,0.003542000
main,deep,hybrid,default.qubit,4,4,2540,2601,1,second_grad,6,0.097275800
main,deep,hybrid,default.qubit,4,4,2540,2601,1,second_grad_quantum,6,0.065374600
main,deep,hybrid,default.qubit,4,4,2540,2601,1,second_grad_classical,6,0.031901200
main,deep,hybrid,default.qubit,4,4,2540,2601,1,param_grad,6,0.216121000
main,deep,hybrid,default.qubit,4,4,2540,2601,1,param_grad_quantum,6,0.097386800
main,deep,hybrid,default.qubit,4,4,2540,2601,1,param_grad_classical,6,0.118734200
main,ctrl_n2,control,default.qubit,2,0,2540,2405,2,forward,6,0.000775200
main,ctrl_n2,control,default.qubit,2,0,2540,2405,2,first_grad,6,0.001127200
main,ctrl_n2,control,default.qubit,2,0,2540,2405,2,second_grad,6,0.002041700
main,ctrl_n2,control,default.qubit,2,0,2540,2405,2,param_grad,6,0.005056200
main,ctrl_n2,control,default.qubit,2,0,2540,2405,0,forward,6,0.000698700
main,ctrl_n2,control,default.qubit,2,0,2540,2405,0,first_grad,6,0.001155700
main,ctrl_n2,control,default.qubit,2,0,2540,2405,0,second_grad,6,0.002259700
main,ctrl_n2,control,default.qubit,2,0,2540,2405,0,param_grad,6,0.006131800
main,ctrl_n6,control,default.qubit,6,0,2540,2669,1,forward,6,0.000635800
main,ctrl_n6,control,default.qubit,6,0,2540,2669,1,first_grad,6,0.001053800
main,ctrl_n6,control,default.qubit,6,0,2540,2669,1,second_grad,6,0.001809800
main,ctrl_n6,control,default.qubit,6,0,2540,2669,1,param_grad,6,0.004977100
main,classical,classical,default.qubit,,,2540,4353,2,forward,6,0.000552300
main,classical,classical,default.qubit,,,2540,4353,2,first_grad,6,0.001086900
main,classical,classical,default.qubit,,,2540,4353,2,second_grad,6,0.001869700
main,classical,classical,default.qubit,,,2540,4353,2,param_grad,6,0.004428800
main,ctrl_n2,control,default.qubit,2,0,2540,2405,1,forward,6,0.000629500
main,ctrl_n2,control,default.qubit,2,0,2540,2405,1,first_grad,6,0.001014700
main,ctrl_n2,control,default.qubit,2,0,2540,2405,1,second_grad,6,0.001607700
main,ctrl_n2,control,default.qubit,2,0,2540,2405,1,param_grad,6,0.004710000
main,ctrl_n4,control,default.qubit,4,0,2540,2537,0,forward,6,0.001105500
main,ctrl_n4,control,default.qubit,4,0,2540,2537,0,first_grad,6,0.001006500
main,ctrl_n4,control,default.qubit,4,0,2540,2537,0,second_grad,6,0.001721500
main,ctrl_n4,control,default.qubit,4,0,2540,2537,0,param_grad,6,0.004896600
main,ctrl_n4,control,default.qubit,4,0,2540,2537,1,forward,6,0.000699800
main,ctrl_n4,control,default.qubit,4,0,2540,2537,1,first_grad,6,0.001045400
main,ctrl_n4,control,default.qubit,4,0,2540,2537,1,second_grad,6,0.001912000
main,ctrl_n4,control,default.qubit,4,0,2540,2537,1,param_grad,6,0.005010400
main,wide,hybrid,default.qubit,6,2,2540,2717,1,forward,6,0.032289600
main,wide,hybrid,default.qubit,6,2,2540,2717,1,forward_quantum,6,0.031443000
main,wide,hybrid,default.qubit,6,2,2540,2717,1,forward_classical,6,0.000846600
main,wide,hybrid,default.qubit,6,2,2540,2717,1,first_grad,6,0.080691600
main,wide,hybrid,default.qubit,6,2,2540,2717,1,first_grad_quantum,6,0.076442700
main,wide,hybrid,default.qubit,6,2,2540,2717,1,first_grad_classical,6,0.004248900
main,wide,hybrid,default.qubit,6,2,2540,2717,1,second_grad,6,0.167214200
main,wide,hybrid,default.qubit,6,2,2540,2717,1,second_grad_quantum,6,0.111473600
main,wide,hybrid,default.qubit,6,2,2540,2717,1,second_grad_classical,6,0.055740600
main,wide,hybrid,default.qubit,6,2,2540,2717,1,param_grad,6,0.429598500
main,wide,hybrid,default.qubit,6,2,2540,2717,1,param_grad_quantum,6,0.177649700
main,wide,hybrid,default.qubit,6,2,2540,2717,1,param_grad_classical,6,0.251948800
main,narrow,hybrid,default.qubit,2,2,2540,2421,1,forward,6,0.008225300
main,narrow,hybrid,default.qubit,2,2,2540,2421,1,forward_quantum,6,0.007433300
main,narrow,hybrid,default.qubit,2,2,2540,2421,1,forward_classical,6,0.000792000
main,narrow,hybrid,default.qubit,2,2,2540,2421,1,first_grad,6,0.012389800
main,narrow,hybrid,default.qubit,2,2,2540,2421,1,first_grad_quantum,6,0.010688800
main,narrow,hybrid,default.qubit,2,2,2540,2421,1,first_grad_classical,6,0.001701000
main,narrow,hybrid,default.qubit,2,2,2540,2421,1,second_grad,6,0.023038600
main,narrow,hybrid,default.qubit,2,2,2540,2421,1,second_grad_quantum,6,0.014466900
main,narrow,hybrid,default.qubit,2,2,2540,2421,1,second_grad_classical,6,0.008571700
main,narrow,hybrid,default.qubit,2,2,2540,2421,1,param_grad,6,0.047715900
main,narrow,hybrid,default.qubit,2,2,2540,2421,1,param_grad_quantum,6,0.019512900
main,narrow,hybrid,default.qubit,2,2,2540,2421,1,param_grad_classical,6,0.028203000
main,ctrl_n4,control,default.qubit,4,0,2540,2537,2,forward,6,0.000704400
main,ctrl_n4,control,default.qubit,4,0,2540,2537,2,first_grad,6,0.001114400
main,ctrl_n4,control,default.qubit,4,0,2540,2537,2,second_grad,6,0.002325400
main,ctrl_n4,control,default.qubit,4,0,2540,2537,2,param_grad,6,0.005293400
main,baseline,hybrid,default.qubit,4,2,2540,2569,1,forward,6,0.016337200
main,baseline,hybrid,default.qubit,4,2,2540,2569,1,forward_quantum,6,0.015631400
main,baseline,hybrid,default.qubit,4,2,2540,2569,1,forward_classical,6,0.000705800
main,baseline,hybrid,default.qubit,4,2,2540,2569,1,first_grad,6,0.032534900
main,baseline,hybrid,default.qubit,4,2,2540,2569,1,first_grad_quantum,6,0.030349900
main,baseline,hybrid,default.qubit,4,2,2540,2569,1,first_grad_classical,6,0.002185000
main,baseline,hybrid,default.qubit,4,2,2540,2569,1,second_grad,6,0.058068000
main,baseline,hybrid,default.qubit,4,2,2540,2569,1,second_grad_quantum,6,0.038920400
main,baseline,hybrid,default.qubit,4,2,2540,2569,1,second_grad_classical,6,0.019147600
main,baseline,hybrid,default.qubit,4,2,2540,2569,1,param_grad,6,0.126130600
main,baseline,hybrid,default.qubit,4,2,2540,2569,1,param_grad_quantum,6,0.055275500
main,baseline,hybrid,default.qubit,4,2,2540,2569,1,param_grad_classical,6,0.070855100
main,wide,hybrid,default.qubit,6,2,2540,2717,2,forward,6,0.034146800
main,wide,hybrid,default.qubit,6,2,2540,2717,2,forward_quantum,6,0.033339500
main,wide,hybrid,default.qubit,6,2,2540,2717,2,forward_classical,6,0.000807300
main,wide,hybrid,default.qubit,6,2,2540,2717,2,first_grad,6,0.084920300
main,wide,hybrid,default.qubit,6,2,2540,2717,2,first_grad_quantum,6,0.080889100
main,wide,hybrid,default.qubit,6,2,2540,2717,2,first_grad_classical,6,0.004031200
main,wide,hybrid,default.qubit,6,2,2540,2717,2,second_grad,6,0.155350500
main,wide,hybrid,default.qubit,6,2,2540,2717,2,second_grad_quantum,6,0.104009900
main,wide,hybrid,default.qubit,6,2,2540,2717,2,second_grad_classical,6,0.051340600
main,wide,hybrid,default.qubit,6,2,2540,2717,2,param_grad,6,0.415956500
main,wide,hybrid,default.qubit,6,2,2540,2717,2,param_grad_quantum,6,0.169340600
main,wide,hybrid,default.qubit,6,2,2540,2717,2,param_grad_classical,6,0.246615900
main,classical,classical,default.qubit,,,2540,4353,0,forward,6,0.000494400
main,classical,classical,default.qubit,,,2540,4353,0,first_grad,6,0.000792400
main,classical,classical,default.qubit,,,2540,4353,0,second_grad,6,0.001731400
main,classical,classical,default.qubit,,,2540,4353,0,param_grad,6,0.003864000
main,baseline,hybrid,default.qubit,4,2,2540,2569,0,forward,6,0.017303300
main,baseline,hybrid,default.qubit,4,2,2540,2569,0,forward_quantum,6,0.016347200
main,baseline,hybrid,default.qubit,4,2,2540,2569,0,forward_classical,6,0.000956100
main,baseline,hybrid,default.qubit,4,2,2540,2569,0,first_grad,6,0.033914100
main,baseline,hybrid,default.qubit,4,2,2540,2569,0,first_grad_quantum,6,0.031588600
main,baseline,hybrid,default.qubit,4,2,2540,2569,0,first_grad_classical,6,0.002325500
main,baseline,hybrid,default.qubit,4,2,2540,2569,0,second_grad,6,0.065916000
main,baseline,hybrid,default.qubit,4,2,2540,2569,0,second_grad_quantum,6,0.042383200
main,baseline,hybrid,default.qubit,4,2,2540,2569,0,second_grad_classical,6,0.023532800
main,baseline,hybrid,default.qubit,4,2,2540,2569,0,param_grad,6,0.134746900
main,baseline,hybrid,default.qubit,4,2,2540,2569,0,param_grad_quantum,6,0.058083300
main,baseline,hybrid,default.qubit,4,2,2540,2569,0,param_grad_classical,6,0.076663600
main,narrow,hybrid,default.qubit,2,2,2540,2421,2,forward,6,0.008419800
main,narrow,hybrid,default.qubit,2,2,2540,2421,2,forward_quantum,6,0.007661700
main,narrow,hybrid,default.qubit,2,2,2540,2421,2,forward_classical,6,0.000758100
main,narrow,hybrid,default.qubit,2,2,2540,2421,2,first_grad,6,0.012797000
main,narrow,hybrid,default.qubit,2,2,2540,2421,2,first_grad_quantum,6,0.010967200
main,narrow,hybrid,default.qubit,2,2,2540,2421,2,first_grad_classical,6,0.001829800
main,narrow,hybrid,default.qubit,2,2,2540,2421,2,second_grad,6,0.020719600
main,narrow,hybrid,default.qubit,2,2,2540,2421,2,second_grad_quantum,6,0.012376300
main,narrow,hybrid,default.qubit,2,2,2540,2421,2,second_grad_classical,6,0.008343300
main,narrow,hybrid,default.qubit,2,2,2540,2421,2,param_grad,6,0.046737500
main,narrow,hybrid,default.qubit,2,2,2540,2421,2,param_grad_quantum,6,0.019978500
main,narrow,hybrid,default.qubit,2,2,2540,2421,2,param_grad_classical,6,0.026759000
main,baseline,hybrid,default.qubit,4,2,2540,2569,2,forward,6,0.016724000
main,baseline,hybrid,default.qubit,4,2,2540,2569,2,forward_quantum,6,0.015971600
main,baseline,hybrid,default.qubit,4,2,2540,2569,2,forward_classical,6,0.000752400
main,baseline,hybrid,default.qubit,4,2,2540,2569,2,first_grad,6,0.035348000
main,baseline,hybrid,default.qubit,4,2,2540,2569,2,first_grad_quantum,6,0.032487800
main,baseline,hybrid,default.qubit,4,2,2540,2569,2,first_grad_classical,6,0.002860200
main,baseline,hybrid,default.qubit,4,2,2540,2569,2,second_grad,6,0.063003100
main,baseline,hybrid,default.qubit,4,2,2540,2569,2,second_grad_quantum,6,0.040869800
main,baseline,hybrid,default.qubit,4,2,2540,2569,2,second_grad_classical,6,0.022133300
main,baseline,hybrid,default.qubit,4,2,2540,2569,2,param_grad,6,0.141609400
main,baseline,hybrid,default.qubit,4,2,2540,2569,2,param_grad_quantum,6,0.062681300
main,baseline,hybrid,default.qubit,4,2,2540,2569,2,param_grad_classical,6,0.078928100
main,ctrl_n6,control,default.qubit,6,0,2540,2669,2,forward,6,0.000823400
main,ctrl_n6,control,default.qubit,6,0,2540,2669,2,first_grad,6,0.001190300
main,ctrl_n6,control,default.qubit,6,0,2540,2669,2,second_grad,6,0.002263900
main,ctrl_n6,control,default.qubit,6,0,2540,2669,2,param_grad,6,0.004686900
main,ctrl_n6,control,default.qubit,6,0,2540,2669,0,forward,6,0.000716600
main,ctrl_n6,control,default.qubit,6,0,2540,2669,0,first_grad,6,0.001184100
main,ctrl_n6,control,default.qubit,6,0,2540,2669,0,second_grad,6,0.002011100
main,ctrl_n6,control,default.qubit,6,0,2540,2669,0,param_grad,6,0.005537200
main,deep,hybrid,default.qubit,4,4,2540,2601,0,forward,6,0.028243400
main,deep,hybrid,default.qubit,4,4,2540,2601,0,forward_quantum,6,0.027463100
main,deep,hybrid,default.qubit,4,4,2540,2601,0,forward_classical,6,0.000780300
main,deep,hybrid,default.qubit,4,4,2540,2601,0,first_grad,6,0.053021300
main,deep,hybrid,default.qubit,4,4,2540,2601,0,first_grad_quantum,6,0.049484500
main,deep,hybrid,default.qubit,4,4,2540,2601,0,first_grad_classical,6,0.003536800
main,deep,hybrid,default.qubit,4,4,2540,2601,0,second_grad,6,0.104973800
main,deep,hybrid,default.qubit,4,4,2540,2601,0,second_grad_quantum,6,0.073194700
main,deep,hybrid,default.qubit,4,4,2540,2601,0,second_grad_classical,6,0.031779100
main,deep,hybrid,default.qubit,4,4,2540,2601,0,param_grad,6,0.216405500
main,deep,hybrid,default.qubit,4,4,2540,2601,0,param_grad_quantum,6,0.097697100
main,deep,hybrid,default.qubit,4,4,2540,2601,0,param_grad_classical,6,0.118708400
main,wide,hybrid,default.qubit,6,2,2540,2717,0,forward,6,0.027862100
main,wide,hybrid,default.qubit,6,2,2540,2717,0,forward_quantum,6,0.027129600
main,wide,hybrid,default.qubit,6,2,2540,2717,0,forward_classical,6,0.000732500
main,wide,hybrid,default.qubit,6,2,2540,2717,0,first_grad,6,0.076448100
main,wide,hybrid,default.qubit,6,2,2540,2717,0,first_grad_quantum,6,0.072226600
main,wide,hybrid,default.qubit,6,2,2540,2717,0,first_grad_classical,6,0.004221500
main,wide,hybrid,default.qubit,6,2,2540,2717,0,second_grad,6,0.149596100
main,wide,hybrid,default.qubit,6,2,2540,2717,0,second_grad_quantum,6,0.099494500
main,wide,hybrid,default.qubit,6,2,2540,2717,0,second_grad_classical,6,0.050101600
main,wide,hybrid,default.qubit,6,2,2540,2717,0,param_grad,6,0.417143100
main,wide,hybrid,default.qubit,6,2,2540,2717,0,param_grad_quantum,6,0.169628100
main,wide,hybrid,default.qubit,6,2,2540,2717,0,param_grad_classical,6,0.247515000
main,narrow,hybrid,default.qubit,2,2,2540,2421,0,forward,6,0.007355800
main,narrow,hybrid,default.qubit,2,2,2540,2421,0,forward_quantum,6,0.006602900
main,narrow,hybrid,default.qubit,2,2,2540,2421,0,forward_classical,6,0.000752900
main,narrow,hybrid,default.qubit,2,2,2540,2421,0,first_grad,6,0.011820300
main,narrow,hybrid,default.qubit,2,2,2540,2421,0,first_grad_quantum,6,0.010178400
main,narrow,hybrid,default.qubit,2,2,2540,2421,0,first_grad_classical,6,0.001641900
main,narrow,hybrid,default.qubit,2,2,2540,2421,0,second_grad,6,0.020818500
main,narrow,hybrid,default.qubit,2,2,2540,2421,0,second_grad_quantum,6,0.013182000
main,narrow,hybrid,default.qubit,2,2,2540,2421,0,second_grad_classical,6,0.007636500
main,narrow,hybrid,default.qubit,2,2,2540,2421,0,param_grad,6,0.047308900
main,narrow,hybrid,default.qubit,2,2,2540,2421,0,param_grad_quantum,6,0.019722100
main,narrow,hybrid,default.qubit,2,2,2540,2421,0,param_grad_classical,6,0.027586800
main,ctrl_n6,control,default.qubit,6,0,2540,2669,0,forward,7,0.000729800
main,ctrl_n6,control,default.qubit,6,0,2540,2669,0,first_grad,7,0.001195200
main,ctrl_n6,control,default.qubit,6,0,2540,2669,0,second_grad,7,0.002462900
main,ctrl_n6,control,default.qubit,6,0,2540,2669,0,param_grad,7,0.004333700
main,baseline,hybrid,default.qubit,4,2,2540,2569,0,forward,7,0.017340500
main,baseline,hybrid,default.qubit,4,2,2540,2569,0,forward_quantum,7,0.016513200
main,baseline,hybrid,default.qubit,4,2,2540,2569,0,forward_classical,7,0.000827300
main,baseline,hybrid,default.qubit,4,2,2540,2569,0,first_grad,7,0.035972100
main,baseline,hybrid,default.qubit,4,2,2540,2569,0,first_grad_quantum,7,0.033650900
main,baseline,hybrid,default.qubit,4,2,2540,2569,0,first_grad_classical,7,0.002321200
main,baseline,hybrid,default.qubit,4,2,2540,2569,0,second_grad,7,0.068192200
main,baseline,hybrid,default.qubit,4,2,2540,2569,0,second_grad_quantum,7,0.045151800
main,baseline,hybrid,default.qubit,4,2,2540,2569,0,second_grad_classical,7,0.023040400
main,baseline,hybrid,default.qubit,4,2,2540,2569,0,param_grad,7,0.139726100
main,baseline,hybrid,default.qubit,4,2,2540,2569,0,param_grad_quantum,7,0.063682500
main,baseline,hybrid,default.qubit,4,2,2540,2569,0,param_grad_classical,7,0.076043600
main,classical,classical,default.qubit,,,2540,4353,1,forward,7,0.000493300
main,classical,classical,default.qubit,,,2540,4353,1,first_grad,7,0.000841700
main,classical,classical,default.qubit,,,2540,4353,1,second_grad,7,0.001862500
main,classical,classical,default.qubit,,,2540,4353,1,param_grad,7,0.003766200
main,wide,hybrid,default.qubit,6,2,2540,2717,1,forward,7,0.029536000
main,wide,hybrid,default.qubit,6,2,2540,2717,1,forward_quantum,7,0.028760000
main,wide,hybrid,default.qubit,6,2,2540,2717,1,forward_classical,7,0.000776000
main,wide,hybrid,default.qubit,6,2,2540,2717,1,first_grad,7,0.092588000
main,wide,hybrid,default.qubit,6,2,2540,2717,1,first_grad_quantum,7,0.087890700
main,wide,hybrid,default.qubit,6,2,2540,2717,1,first_grad_classical,7,0.004697300
main,wide,hybrid,default.qubit,6,2,2540,2717,1,second_grad,7,0.161387300
main,wide,hybrid,default.qubit,6,2,2540,2717,1,second_grad_quantum,7,0.108244700
main,wide,hybrid,default.qubit,6,2,2540,2717,1,second_grad_classical,7,0.053142600
main,wide,hybrid,default.qubit,6,2,2540,2717,1,param_grad,7,0.420826900
main,wide,hybrid,default.qubit,6,2,2540,2717,1,param_grad_quantum,7,0.166812800
main,wide,hybrid,default.qubit,6,2,2540,2717,1,param_grad_classical,7,0.254014100
main,narrow,hybrid,default.qubit,2,2,2540,2421,1,forward,7,0.008063300
main,narrow,hybrid,default.qubit,2,2,2540,2421,1,forward_quantum,7,0.007272400
main,narrow,hybrid,default.qubit,2,2,2540,2421,1,forward_classical,7,0.000790900
main,narrow,hybrid,default.qubit,2,2,2540,2421,1,first_grad,7,0.012130000
main,narrow,hybrid,default.qubit,2,2,2540,2421,1,first_grad_quantum,7,0.010438200
main,narrow,hybrid,default.qubit,2,2,2540,2421,1,first_grad_classical,7,0.001691800
main,narrow,hybrid,default.qubit,2,2,2540,2421,1,second_grad,7,0.020298900
main,narrow,hybrid,default.qubit,2,2,2540,2421,1,second_grad_quantum,7,0.013271000
main,narrow,hybrid,default.qubit,2,2,2540,2421,1,second_grad_classical,7,0.007027900
main,narrow,hybrid,default.qubit,2,2,2540,2421,1,param_grad,7,0.043614900
main,narrow,hybrid,default.qubit,2,2,2540,2421,1,param_grad_quantum,7,0.018161500
main,narrow,hybrid,default.qubit,2,2,2540,2421,1,param_grad_classical,7,0.025453400
main,baseline,hybrid,default.qubit,4,2,2540,2569,2,forward,7,0.016123000
main,baseline,hybrid,default.qubit,4,2,2540,2569,2,forward_quantum,7,0.015397900
main,baseline,hybrid,default.qubit,4,2,2540,2569,2,forward_classical,7,0.000725100
main,baseline,hybrid,default.qubit,4,2,2540,2569,2,first_grad,7,0.034461900
main,baseline,hybrid,default.qubit,4,2,2540,2569,2,first_grad_quantum,7,0.032208300
main,baseline,hybrid,default.qubit,4,2,2540,2569,2,first_grad_classical,7,0.002253600
main,baseline,hybrid,default.qubit,4,2,2540,2569,2,second_grad,7,0.067624300
main,baseline,hybrid,default.qubit,4,2,2540,2569,2,second_grad_quantum,7,0.042037100
main,baseline,hybrid,default.qubit,4,2,2540,2569,2,second_grad_classical,7,0.025587200
main,baseline,hybrid,default.qubit,4,2,2540,2569,2,param_grad,7,0.134115200
main,baseline,hybrid,default.qubit,4,2,2540,2569,2,param_grad_quantum,7,0.059690700
main,baseline,hybrid,default.qubit,4,2,2540,2569,2,param_grad_classical,7,0.074424500
main,baseline,hybrid,default.qubit,4,2,2540,2569,1,forward,7,0.015657700
main,baseline,hybrid,default.qubit,4,2,2540,2569,1,forward_quantum,7,0.014952000
main,baseline,hybrid,default.qubit,4,2,2540,2569,1,forward_classical,7,0.000705700
main,baseline,hybrid,default.qubit,4,2,2540,2569,1,first_grad,7,0.027369800
main,baseline,hybrid,default.qubit,4,2,2540,2569,1,first_grad_quantum,7,0.025219200
main,baseline,hybrid,default.qubit,4,2,2540,2569,1,first_grad_classical,7,0.002150600
main,baseline,hybrid,default.qubit,4,2,2540,2569,1,second_grad,7,0.061706700
main,baseline,hybrid,default.qubit,4,2,2540,2569,1,second_grad_quantum,7,0.042333500
main,baseline,hybrid,default.qubit,4,2,2540,2569,1,second_grad_classical,7,0.019373200
main,baseline,hybrid,default.qubit,4,2,2540,2569,1,param_grad,7,0.130178500
main,baseline,hybrid,default.qubit,4,2,2540,2569,1,param_grad_quantum,7,0.062200900
main,baseline,hybrid,default.qubit,4,2,2540,2569,1,param_grad_classical,7,0.067977600
main,deep,hybrid,default.qubit,4,4,2540,2601,2,forward,7,0.026372700
main,deep,hybrid,default.qubit,4,4,2540,2601,2,forward_quantum,7,0.025611400
main,deep,hybrid,default.qubit,4,4,2540,2601,2,forward_classical,7,0.000761300
main,deep,hybrid,default.qubit,4,4,2540,2601,2,first_grad,7,0.053562400
main,deep,hybrid,default.qubit,4,4,2540,2601,2,first_grad_quantum,7,0.050201300
main,deep,hybrid,default.qubit,4,4,2540,2601,2,first_grad_classical,7,0.003361100
main,deep,hybrid,default.qubit,4,4,2540,2601,2,second_grad,7,0.105391600
main,deep,hybrid,default.qubit,4,4,2540,2601,2,second_grad_quantum,7,0.070557700
main,deep,hybrid,default.qubit,4,4,2540,2601,2,second_grad_classical,7,0.034833900
main,deep,hybrid,default.qubit,4,4,2540,2601,2,param_grad,7,0.205846800
main,deep,hybrid,default.qubit,4,4,2540,2601,2,param_grad_quantum,7,0.097125900
main,deep,hybrid,default.qubit,4,4,2540,2601,2,param_grad_classical,7,0.108720900
main,ctrl_n2,control,default.qubit,2,0,2540,2405,0,forward,7,0.000724000
main,ctrl_n2,control,default.qubit,2,0,2540,2405,0,first_grad,7,0.001104700
main,ctrl_n2,control,default.qubit,2,0,2540,2405,0,second_grad,7,0.001975600
main,ctrl_n2,control,default.qubit,2,0,2540,2405,0,param_grad,7,0.004381700
main,ctrl_n4,control,default.qubit,4,0,2540,2537,1,forward,7,0.000697500
main,ctrl_n4,control,default.qubit,4,0,2540,2537,1,first_grad,7,0.001092600
main,ctrl_n4,control,default.qubit,4,0,2540,2537,1,second_grad,7,0.002336500
main,ctrl_n4,control,default.qubit,4,0,2540,2537,1,param_grad,7,0.004999200
main,deep,hybrid,default.qubit,4,4,2540,2601,1,forward,7,0.027419400
main,deep,hybrid,default.qubit,4,4,2540,2601,1,forward_quantum,7,0.026585500
main,deep,hybrid,default.qubit,4,4,2540,2601,1,forward_classical,7,0.000833900
main,deep,hybrid,default.qubit,4,4,2540,2601,1,first_grad,7,0.051971000
main,deep,hybrid,default.qubit,4,4,2540,2601,1,first_grad_quantum,7,0.048430900
main,deep,hybrid,default.qubit,4,4,2540,2601,1,first_grad_classical,7,0.003540100
main,deep,hybrid,default.qubit,4,4,2540,2601,1,second_grad,7,0.097651900
main,deep,hybrid,default.qubit,4,4,2540,2601,1,second_grad_quantum,7,0.068230000
main,deep,hybrid,default.qubit,4,4,2540,2601,1,second_grad_classical,7,0.029421900
main,deep,hybrid,default.qubit,4,4,2540,2601,1,param_grad,7,0.223356300
main,deep,hybrid,default.qubit,4,4,2540,2601,1,param_grad_quantum,7,0.099949700
main,deep,hybrid,default.qubit,4,4,2540,2601,1,param_grad_classical,7,0.123406600
main,ctrl_n2,control,default.qubit,2,0,2540,2405,2,forward,7,0.000693000
main,ctrl_n2,control,default.qubit,2,0,2540,2405,2,first_grad,7,0.001115100
main,ctrl_n2,control,default.qubit,2,0,2540,2405,2,second_grad,7,0.002079200
main,ctrl_n2,control,default.qubit,2,0,2540,2405,2,param_grad,7,0.005283400
main,wide,hybrid,default.qubit,6,2,2540,2717,2,forward,7,0.033062300
main,wide,hybrid,default.qubit,6,2,2540,2717,2,forward_quantum,7,0.032338000
main,wide,hybrid,default.qubit,6,2,2540,2717,2,forward_classical,7,0.000724300
main,wide,hybrid,default.qubit,6,2,2540,2717,2,first_grad,7,0.083722700
main,wide,hybrid,default.qubit,6,2,2540,2717,2,first_grad_quantum,7,0.080046500
main,wide,hybrid,default.qubit,6,2,2540,2717,2,first_grad_classical,7,0.003676200
main,wide,hybrid,default.qubit,6,2,2540,2717,2,second_grad,7,0.159463400
main,wide,hybrid,default.qubit,6,2,2540,2717,2,second_grad_quantum,7,0.105897500
main,wide,hybrid,default.qubit,6,2,2540,2717,2,second_grad_classical,7,0.053565900
main,wide,hybrid,default.qubit,6,2,2540,2717,2,param_grad,7,0.408188100
main,wide,hybrid,default.qubit,6,2,2540,2717,2,param_grad_quantum,7,0.167138400
main,wide,hybrid,default.qubit,6,2,2540,2717,2,param_grad_classical,7,0.241049700
main,deep,hybrid,default.qubit,4,4,2540,2601,0,forward,7,0.028144300
main,deep,hybrid,default.qubit,4,4,2540,2601,0,forward_quantum,7,0.027385500
main,deep,hybrid,default.qubit,4,4,2540,2601,0,forward_classical,7,0.000758800
main,deep,hybrid,default.qubit,4,4,2540,2601,0,first_grad,7,0.058211500
main,deep,hybrid,default.qubit,4,4,2540,2601,0,first_grad_quantum,7,0.054420800
main,deep,hybrid,default.qubit,4,4,2540,2601,0,first_grad_classical,7,0.003790700
main,deep,hybrid,default.qubit,4,4,2540,2601,0,second_grad,7,0.109599900
main,deep,hybrid,default.qubit,4,4,2540,2601,0,second_grad_quantum,7,0.072679200
main,deep,hybrid,default.qubit,4,4,2540,2601,0,second_grad_classical,7,0.036920700
main,deep,hybrid,default.qubit,4,4,2540,2601,0,param_grad,7,0.225011300
main,deep,hybrid,default.qubit,4,4,2540,2601,0,param_grad_quantum,7,0.101945800
main,deep,hybrid,default.qubit,4,4,2540,2601,0,param_grad_classical,7,0.123065500
main,classical,classical,default.qubit,,,2540,4353,2,forward,7,0.000539200
main,classical,classical,default.qubit,,,2540,4353,2,first_grad,7,0.000927600
main,classical,classical,default.qubit,,,2540,4353,2,second_grad,7,0.002074200
main,classical,classical,default.qubit,,,2540,4353,2,param_grad,7,0.006182000
main,ctrl_n6,control,default.qubit,6,0,2540,2669,2,forward,7,0.000729200
main,ctrl_n6,control,default.qubit,6,0,2540,2669,2,first_grad,7,0.001087100
main,ctrl_n6,control,default.qubit,6,0,2540,2669,2,second_grad,7,0.002110700
main,ctrl_n6,control,default.qubit,6,0,2540,2669,2,param_grad,7,0.005186200
main,ctrl_n2,control,default.qubit,2,0,2540,2405,1,forward,7,0.000738300
main,ctrl_n2,control,default.qubit,2,0,2540,2405,1,first_grad,7,0.001171400
main,ctrl_n2,control,default.qubit,2,0,2540,2405,1,second_grad,7,0.002148900
main,ctrl_n2,control,default.qubit,2,0,2540,2405,1,param_grad,7,0.005405200
main,narrow,hybrid,default.qubit,2,2,2540,2421,2,forward,7,0.008135600
main,narrow,hybrid,default.qubit,2,2,2540,2421,2,forward_quantum,7,0.007335100
main,narrow,hybrid,default.qubit,2,2,2540,2421,2,forward_classical,7,0.000800500
main,narrow,hybrid,default.qubit,2,2,2540,2421,2,first_grad,7,0.012102000
main,narrow,hybrid,default.qubit,2,2,2540,2421,2,first_grad_quantum,7,0.010486200
main,narrow,hybrid,default.qubit,2,2,2540,2421,2,first_grad_classical,7,0.001615800
main,narrow,hybrid,default.qubit,2,2,2540,2421,2,second_grad,7,0.019875100
main,narrow,hybrid,default.qubit,2,2,2540,2421,2,second_grad_quantum,7,0.012885600
main,narrow,hybrid,default.qubit,2,2,2540,2421,2,second_grad_classical,7,0.006989500
main,narrow,hybrid,default.qubit,2,2,2540,2421,2,param_grad,7,0.047257300
main,narrow,hybrid,default.qubit,2,2,2540,2421,2,param_grad_quantum,7,0.019828300
main,narrow,hybrid,default.qubit,2,2,2540,2421,2,param_grad_classical,7,0.027429000
main,classical,classical,default.qubit,,,2540,4353,0,forward,7,0.000532700
main,classical,classical,default.qubit,,,2540,4353,0,first_grad,7,0.000855200
main,classical,classical,default.qubit,,,2540,4353,0,second_grad,7,0.002112700
main,classical,classical,default.qubit,,,2540,4353,0,param_grad,7,0.005394700
main,narrow,hybrid,default.qubit,2,2,2540,2421,0,forward,7,0.006909500
main,narrow,hybrid,default.qubit,2,2,2540,2421,0,forward_quantum,7,0.006225700
main,narrow,hybrid,default.qubit,2,2,2540,2421,0,forward_classical,7,0.000683800
main,narrow,hybrid,default.qubit,2,2,2540,2421,0,first_grad,7,0.009795300
main,narrow,hybrid,default.qubit,2,2,2540,2421,0,first_grad_quantum,7,0.008399100
main,narrow,hybrid,default.qubit,2,2,2540,2421,0,first_grad_classical,7,0.001396200
main,narrow,hybrid,default.qubit,2,2,2540,2421,0,second_grad,7,0.018812800
main,narrow,hybrid,default.qubit,2,2,2540,2421,0,second_grad_quantum,7,0.011691300
main,narrow,hybrid,default.qubit,2,2,2540,2421,0,second_grad_classical,7,0.007121500
main,narrow,hybrid,default.qubit,2,2,2540,2421,0,param_grad,7,0.041698500
main,narrow,hybrid,default.qubit,2,2,2540,2421,0,param_grad_quantum,7,0.018428500
main,narrow,hybrid,default.qubit,2,2,2540,2421,0,param_grad_classical,7,0.023270000
main,ctrl_n4,control,default.qubit,4,0,2540,2537,0,forward,7,0.000707400
main,ctrl_n4,control,default.qubit,4,0,2540,2537,0,first_grad,7,0.001108400
main,ctrl_n4,control,default.qubit,4,0,2540,2537,0,second_grad,7,0.002432400
main,ctrl_n4,control,default.qubit,4,0,2540,2537,0,param_grad,7,0.005513300
main,ctrl_n6,control,default.qubit,6,0,2540,2669,1,forward,7,0.000797600
main,ctrl_n6,control,default.qubit,6,0,2540,2669,1,first_grad,7,0.001088400
main,ctrl_n6,control,default.qubit,6,0,2540,2669,1,second_grad,7,0.002107900
main,ctrl_n6,control,default.qubit,6,0,2540,2669,1,param_grad,7,0.004800400
main,wide,hybrid,default.qubit,6,2,2540,2717,0,forward,7,0.033072000
main,wide,hybrid,default.qubit,6,2,2540,2717,0,forward_quantum,7,0.032269200
main,wide,hybrid,default.qubit,6,2,2540,2717,0,forward_classical,7,0.000802800
main,wide,hybrid,default.qubit,6,2,2540,2717,0,first_grad,7,0.087136300
main,wide,hybrid,default.qubit,6,2,2540,2717,0,first_grad_quantum,7,0.083060000
main,wide,hybrid,default.qubit,6,2,2540,2717,0,first_grad_classical,7,0.004076300
main,wide,hybrid,default.qubit,6,2,2540,2717,0,second_grad,7,0.166497700
main,wide,hybrid,default.qubit,6,2,2540,2717,0,second_grad_quantum,7,0.110633900
main,wide,hybrid,default.qubit,6,2,2540,2717,0,second_grad_classical,7,0.055863800
main,wide,hybrid,default.qubit,6,2,2540,2717,0,param_grad,7,0.421411900
main,wide,hybrid,default.qubit,6,2,2540,2717,0,param_grad_quantum,7,0.173851600
main,wide,hybrid,default.qubit,6,2,2540,2717,0,param_grad_classical,7,0.247560300
main,ctrl_n4,control,default.qubit,4,0,2540,2537,2,forward,7,0.000664400
main,ctrl_n4,control,default.qubit,4,0,2540,2537,2,first_grad,7,0.000988800
main,ctrl_n4,control,default.qubit,4,0,2540,2537,2,second_grad,7,0.001828200
main,ctrl_n4,control,default.qubit,4,0,2540,2537,2,param_grad,7,0.004318100
main,ctrl_n2,control,default.qubit,2,0,2540,2405,1,forward,8,0.000730800
main,ctrl_n2,control,default.qubit,2,0,2540,2405,1,first_grad,8,0.001101400
main,ctrl_n2,control,default.qubit,2,0,2540,2405,1,second_grad,8,0.002051400
main,ctrl_n2,control,default.qubit,2,0,2540,2405,1,param_grad,8,0.005026800
main,wide,hybrid,default.qubit,6,2,2540,2717,2,forward,8,0.031898900
main,wide,hybrid,default.qubit,6,2,2540,2717,2,forward_quantum,8,0.031082400
main,wide,hybrid,default.qubit,6,2,2540,2717,2,forward_classical,8,0.000816500
main,wide,hybrid,default.qubit,6,2,2540,2717,2,first_grad,8,0.094992800
main,wide,hybrid,default.qubit,6,2,2540,2717,2,first_grad_quantum,8,0.090531300
main,wide,hybrid,default.qubit,6,2,2540,2717,2,first_grad_classical,8,0.004461500
main,wide,hybrid,default.qubit,6,2,2540,2717,2,second_grad,8,0.167816700
main,wide,hybrid,default.qubit,6,2,2540,2717,2,second_grad_quantum,8,0.114170300
main,wide,hybrid,default.qubit,6,2,2540,2717,2,second_grad_classical,8,0.053646400
main,wide,hybrid,default.qubit,6,2,2540,2717,2,param_grad,8,0.413899600
main,wide,hybrid,default.qubit,6,2,2540,2717,2,param_grad_quantum,8,0.169721100
main,wide,hybrid,default.qubit,6,2,2540,2717,2,param_grad_classical,8,0.244178500
main,classical,classical,default.qubit,,,2540,4353,2,forward,8,0.000507600
main,classical,classical,default.qubit,,,2540,4353,2,first_grad,8,0.000762300
main,classical,classical,default.qubit,,,2540,4353,2,second_grad,8,0.001855400
main,classical,classical,default.qubit,,,2540,4353,2,param_grad,8,0.004575600
main,classical,classical,default.qubit,,,2540,4353,0,forward,8,0.000682000
main,classical,classical,default.qubit,,,2540,4353,0,first_grad,8,0.000769200
main,classical,classical,default.qubit,,,2540,4353,0,second_grad,8,0.001498000
main,classical,classical,default.qubit,,,2540,4353,0,param_grad,8,0.003924700
main,ctrl_n6,control,default.qubit,6,0,2540,2669,0,forward,8,0.000671600
main,ctrl_n6,control,default.qubit,6,0,2540,2669,0,first_grad,8,0.001103600
main,ctrl_n6,control,default.qubit,6,0,2540,2669,0,second_grad,8,0.002365800
main,ctrl_n6,control,default.qubit,6,0,2540,2669,0,param_grad,8,0.006303700
main,wide,hybrid,default.qubit,6,2,2540,2717,0,forward,8,0.030771400
main,wide,hybrid,default.qubit,6,2,2540,2717,0,forward_quantum,8,0.029983200
main,wide,hybrid,default.qubit,6,2,2540,2717,0,forward_classical,8,0.000788200
main,wide,hybrid,default.qubit,6,2,2540,2717,0,first_grad,8,0.089118300
main,wide,hybrid,default.qubit,6,2,2540,2717,0,first_grad_quantum,8,0.084807800
main,wide,hybrid,default.qubit,6,2,2540,2717,0,first_grad_classical,8,0.004310500
main,wide,hybrid,default.qubit,6,2,2540,2717,0,second_grad,8,0.162613100
main,wide,hybrid,default.qubit,6,2,2540,2717,0,second_grad_quantum,8,0.108937000
main,wide,hybrid,default.qubit,6,2,2540,2717,0,second_grad_classical,8,0.053676100
main,wide,hybrid,default.qubit,6,2,2540,2717,0,param_grad,8,0.396692900
main,wide,hybrid,default.qubit,6,2,2540,2717,0,param_grad_quantum,8,0.166484200
main,wide,hybrid,default.qubit,6,2,2540,2717,0,param_grad_classical,8,0.230208700
main,narrow,hybrid,default.qubit,2,2,2540,2421,1,forward,8,0.008749700
main,narrow,hybrid,default.qubit,2,2,2540,2421,1,forward_quantum,8,0.007978100
main,narrow,hybrid,default.qubit,2,2,2540,2421,1,forward_classical,8,0.000771600
main,narrow,hybrid,default.qubit,2,2,2540,2421,1,first_grad,8,0.012739400
main,narrow,hybrid,default.qubit,2,2,2540,2421,1,first_grad_quantum,8,0.011033000
main,narrow,hybrid,default.qubit,2,2,2540,2421,1,first_grad_classical,8,0.001706400
main,narrow,hybrid,default.qubit,2,2,2540,2421,1,second_grad,8,0.022038300
main,narrow,hybrid,default.qubit,2,2,2540,2421,1,second_grad_quantum,8,0.013428100
main,narrow,hybrid,default.qubit,2,2,2540,2421,1,second_grad_classical,8,0.008610200
main,narrow,hybrid,default.qubit,2,2,2540,2421,1,param_grad,8,0.047956100
main,narrow,hybrid,default.qubit,2,2,2540,2421,1,param_grad_quantum,8,0.019923900
main,narrow,hybrid,default.qubit,2,2,2540,2421,1,param_grad_classical,8,0.028032200
main,baseline,hybrid,default.qubit,4,2,2540,2569,2,forward,8,0.017024500
main,baseline,hybrid,default.qubit,4,2,2540,2569,2,forward_quantum,8,0.016239400
main,baseline,hybrid,default.qubit,4,2,2540,2569,2,forward_classical,8,0.000785100
main,baseline,hybrid,default.qubit,4,2,2540,2569,2,first_grad,8,0.037263500
main,baseline,hybrid,default.qubit,4,2,2540,2569,2,first_grad_quantum,8,0.034692700
main,baseline,hybrid,default.qubit,4,2,2540,2569,2,first_grad_classical,8,0.002570800
main,baseline,hybrid,default.qubit,4,2,2540,2569,2,second_grad,8,0.063285000
main,baseline,hybrid,default.qubit,4,2,2540,2569,2,second_grad_quantum,8,0.041071600
main,baseline,hybrid,default.qubit,4,2,2540,2569,2,second_grad_classical,8,0.022213400
main,baseline,hybrid,default.qubit,4,2,2540,2569,2,param_grad,8,0.131641300
main,baseline,hybrid,default.qubit,4,2,2540,2569,2,param_grad_quantum,8,0.059102800
main,baseline,hybrid,default.qubit,4,2,2540,2569,2,param_grad_classical,8,0.072538500
main,deep,hybrid,default.qubit,4,4,2540,2601,0,forward,8,0.028580800
main,deep,hybrid,default.qubit,4,4,2540,2601,0,forward_quantum,8,0.027809500
main,deep,hybrid,default.qubit,4,4,2540,2601,0,forward_classical,8,0.000771300
main,deep,hybrid,default.qubit,4,4,2540,2601,0,first_grad,8,0.056509400
main,deep,hybrid,default.qubit,4,4,2540,2601,0,first_grad_quantum,8,0.053151700
main,deep,hybrid,default.qubit,4,4,2540,2601,0,first_grad_classical,8,0.003357700
main,deep,hybrid,default.qubit,4,4,2540,2601,0,second_grad,8,0.112072700
main,deep,hybrid,default.qubit,4,4,2540,2601,0,second_grad_quantum,8,0.077298300
main,deep,hybrid,default.qubit,4,4,2540,2601,0,second_grad_classical,8,0.034774400
main,deep,hybrid,default.qubit,4,4,2540,2601,0,param_grad,8,0.208589500
main,deep,hybrid,default.qubit,4,4,2540,2601,0,param_grad_quantum,8,0.094337500
main,deep,hybrid,default.qubit,4,4,2540,2601,0,param_grad_classical,8,0.114252000
main,deep,hybrid,default.qubit,4,4,2540,2601,2,forward,8,0.027005300
main,deep,hybrid,default.qubit,4,4,2540,2601,2,forward_quantum,8,0.026122300
main,deep,hybrid,default.qubit,4,4,2540,2601,2,forward_classical,8,0.000883000
main,deep,hybrid,default.qubit,4,4,2540,2601,2,first_grad,8,0.053259900
main,deep,hybrid,default.qubit,4,4,2540,2601,2,first_grad_quantum,8,0.049820000
main,deep,hybrid,default.qubit,4,4,2540,2601,2,first_grad_classical,8,0.003439900
main,deep,hybrid,default.qubit,4,4,2540,2601,2,second_grad,8,0.095679900
main,deep,hybrid,default.qubit,4,4,2540,2601,2,second_grad_quantum,8,0.068193400
main,deep,hybrid,default.qubit,4,4,2540,2601,2,second_grad_classical,8,0.027486500
main,deep,hybrid,default.qubit,4,4,2540,2601,2,param_grad,8,0.221749500
main,deep,hybrid,default.qubit,4,4,2540,2601,2,param_grad_quantum,8,0.101269900
main,deep,hybrid,default.qubit,4,4,2540,2601,2,param_grad_classical,8,0.120479600
main,narrow,hybrid,default.qubit,2,2,2540,2421,2,forward,8,0.007996100
main,narrow,hybrid,default.qubit,2,2,2540,2421,2,forward_quantum,8,0.007217400
main,narrow,hybrid,default.qubit,2,2,2540,2421,2,forward_classical,8,0.000778700
main,narrow,hybrid,default.qubit,2,2,2540,2421,2,first_grad,8,0.012594300
main,narrow,hybrid,default.qubit,2,2,2540,2421,2,first_grad_quantum,8,0.010785700
main,narrow,hybrid,default.qubit,2,2,2540,2421,2,first_grad_classical,8,0.001808600
main,narrow,hybrid,default.qubit,2,2,2540,2421,2,second_grad,8,0.019775500
main,narrow,hybrid,default.qubit,2,2,2540,2421,2,second_grad_quantum,8,0.012704000
main,narrow,hybrid,default.qubit,2,2,2540,2421,2,second_grad_classical,8,0.007071500
main,narrow,hybrid,default.qubit,2,2,2540,2421,2,param_grad,8,0.045582400
main,narrow,hybrid,default.qubit,2,2,2540,2421,2,param_grad_quantum,8,0.018641200
main,narrow,hybrid,default.qubit,2,2,2540,2421,2,param_grad_classical,8,0.026941200
main,ctrl_n4,control,default.qubit,4,0,2540,2537,1,forward,8,0.000727600
main,ctrl_n4,control,default.qubit,4,0,2540,2537,1,first_grad,8,0.001238700
main,ctrl_n4,control,default.qubit,4,0,2540,2537,1,second_grad,8,0.002430500
main,ctrl_n4,control,default.qubit,4,0,2540,2537,1,param_grad,8,0.005191700
main,baseline,hybrid,default.qubit,4,2,2540,2569,0,forward,8,0.016472600
main,baseline,hybrid,default.qubit,4,2,2540,2569,0,forward_quantum,8,0.015701600
main,baseline,hybrid,default.qubit,4,2,2540,2569,0,forward_classical,8,0.000771000
main,baseline,hybrid,default.qubit,4,2,2540,2569,0,first_grad,8,0.030949900
main,baseline,hybrid,default.qubit,4,2,2540,2569,0,first_grad_quantum,8,0.028629300
main,baseline,hybrid,default.qubit,4,2,2540,2569,0,first_grad_classical,8,0.002320600
main,baseline,hybrid,default.qubit,4,2,2540,2569,0,second_grad,8,0.066681300
main,baseline,hybrid,default.qubit,4,2,2540,2569,0,second_grad_quantum,8,0.043274100
main,baseline,hybrid,default.qubit,4,2,2540,2569,0,second_grad_classical,8,0.023407200
main,baseline,hybrid,default.qubit,4,2,2540,2569,0,param_grad,8,0.123865100
main,baseline,hybrid,default.qubit,4,2,2540,2569,0,param_grad_quantum,8,0.055551800
main,baseline,hybrid,default.qubit,4,2,2540,2569,0,param_grad_classical,8,0.068313300
main,baseline,hybrid,default.qubit,4,2,2540,2569,1,forward,8,0.016539800
main,baseline,hybrid,default.qubit,4,2,2540,2569,1,forward_quantum,8,0.015757900
main,baseline,hybrid,default.qubit,4,2,2540,2569,1,forward_classical,8,0.000781900
main,baseline,hybrid,default.qubit,4,2,2540,2569,1,first_grad,8,0.028219200
main,baseline,hybrid,default.qubit,4,2,2540,2569,1,first_grad_quantum,8,0.026201500
main,baseline,hybrid,default.qubit,4,2,2540,2569,1,first_grad_classical,8,0.002017700
main,baseline,hybrid,default.qubit,4,2,2540,2569,1,second_grad,8,0.055346700
main,baseline,hybrid,default.qubit,4,2,2540,2569,1,second_grad_quantum,8,0.035962200
main,baseline,hybrid,default.qubit,4,2,2540,2569,1,second_grad_classical,8,0.019384500
main,baseline,hybrid,default.qubit,4,2,2540,2569,1,param_grad,8,0.129044200
main,baseline,hybrid,default.qubit,4,2,2540,2569,1,param_grad_quantum,8,0.057975600
main,baseline,hybrid,default.qubit,4,2,2540,2569,1,param_grad_classical,8,0.071068600
main,ctrl_n6,control,default.qubit,6,0,2540,2669,2,forward,8,0.000720100
main,ctrl_n6,control,default.qubit,6,0,2540,2669,2,first_grad,8,0.001248800
main,ctrl_n6,control,default.qubit,6,0,2540,2669,2,second_grad,8,0.002210900
main,ctrl_n6,control,default.qubit,6,0,2540,2669,2,param_grad,8,0.005024600
main,narrow,hybrid,default.qubit,2,2,2540,2421,0,forward,8,0.007757000
main,narrow,hybrid,default.qubit,2,2,2540,2421,0,forward_quantum,8,0.007029600
main,narrow,hybrid,default.qubit,2,2,2540,2421,0,forward_classical,8,0.000727400
main,narrow,hybrid,default.qubit,2,2,2540,2421,0,first_grad,8,0.011800800
main,narrow,hybrid,default.qubit,2,2,2540,2421,0,first_grad_quantum,8,0.010153200
main,narrow,hybrid,default.qubit,2,2,2540,2421,0,first_grad_classical,8,0.001647600
main,narrow,hybrid,default.qubit,2,2,2540,2421,0,second_grad,8,0.021553500
main,narrow,hybrid,default.qubit,2,2,2540,2421,0,second_grad_quantum,8,0.013605700
main,narrow,hybrid,default.qubit,2,2,2540,2421,0,second_grad_classical,8,0.007947800
main,narrow,hybrid,default.qubit,2,2,2540,2421,0,param_grad,8,0.044971500
main,narrow,hybrid,default.qubit,2,2,2540,2421,0,param_grad_quantum,8,0.018371200
main,narrow,hybrid,default.qubit,2,2,2540,2421,0,param_grad_classical,8,0.026600300
main,ctrl_n2,control,default.qubit,2,0,2540,2405,2,forward,8,0.000740700
main,ctrl_n2,control,default.qubit,2,0,2540,2405,2,first_grad,8,0.001074500
main,ctrl_n2,control,default.qubit,2,0,2540,2405,2,second_grad,8,0.001890600
main,ctrl_n2,control,default.qubit,2,0,2540,2405,2,param_grad,8,0.004685500
main,ctrl_n2,control,default.qubit,2,0,2540,2405,0,forward,8,0.000733700
main,ctrl_n2,control,default.qubit,2,0,2540,2405,0,first_grad,8,0.001048400
main,ctrl_n2,control,default.qubit,2,0,2540,2405,0,second_grad,8,0.002148600
main,ctrl_n2,control,default.qubit,2,0,2540,2405,0,param_grad,8,0.005839000
main,ctrl_n6,control,default.qubit,6,0,2540,2669,1,forward,8,0.000928100
main,ctrl_n6,control,default.qubit,6,0,2540,2669,1,first_grad,8,0.001162800
main,ctrl_n6,control,default.qubit,6,0,2540,2669,1,second_grad,8,0.002217600
main,ctrl_n6,control,default.qubit,6,0,2540,2669,1,param_grad,8,0.005811400
main,wide,hybrid,default.qubit,6,2,2540,2717,1,forward,8,0.032082800
main,wide,hybrid,default.qubit,6,2,2540,2717,1,forward_quantum,8,0.031160100
main,wide,hybrid,default.qubit,6,2,2540,2717,1,forward_classical,8,0.000922700
main,wide,hybrid,default.qubit,6,2,2540,2717,1,first_grad,8,0.088463700
main,wide,hybrid,default.qubit,6,2,2540,2717,1,first_grad_quantum,8,0.084709700
main,wide,hybrid,default.qubit,6,2,2540,2717,1,first_grad_classical,8,0.003754000
main,wide,hybrid,default.qubit,6,2,2540,2717,1,second_grad,8,0.165305900
main,wide,hybrid,default.qubit,6,2,2540,2717,1,second_grad_quantum,8,0.110073100
main,wide,hybrid,default.qubit,6,2,2540,2717,1,second_grad_classical,8,0.055232800
main,wide,hybrid,default.qubit,6,2,2540,2717,1,param_grad,8,0.418097900
main,wide,hybrid,default.qubit,6,2,2540,2717,1,param_grad_quantum,8,0.162799800
main,wide,hybrid,default.qubit,6,2,2540,2717,1,param_grad_classical,8,0.255298100
main,classical,classical,default.qubit,,,2540,4353,1,forward,8,0.000635400
main,classical,classical,default.qubit,,,2540,4353,1,first_grad,8,0.000856200
main,classical,classical,default.qubit,,,2540,4353,1,second_grad,8,0.001960700
main,classical,classical,default.qubit,,,2540,4353,1,param_grad,8,0.004004300
main,ctrl_n4,control,default.qubit,4,0,2540,2537,0,forward,8,0.000978300
main,ctrl_n4,control,default.qubit,4,0,2540,2537,0,first_grad,8,0.001231600
main,ctrl_n4,control,default.qubit,4,0,2540,2537,0,second_grad,8,0.001941900
main,ctrl_n4,control,default.qubit,4,0,2540,2537,0,param_grad,8,0.005397200
main,deep,hybrid,default.qubit,4,4,2540,2601,1,forward,8,0.027387200
main,deep,hybrid,default.qubit,4,4,2540,2601,1,forward_quantum,8,0.026601300
main,deep,hybrid,default.qubit,4,4,2540,2601,1,forward_classical,8,0.000785900
main,deep,hybrid,default.qubit,4,4,2540,2601,1,first_grad,8,0.059983100
main,deep,hybrid,default.qubit,4,4,2540,2601,1,first_grad_quantum,8,0.056472100
main,deep,hybrid,default.qubit,4,4,2540,2601,1,first_grad_classical,8,0.003511000
main,deep,hybrid,default.qubit,4,4,2540,2601,1,second_grad,8,0.108430000
main,deep,hybrid,default.qubit,4,4,2540,2601,1,second_grad_quantum,8,0.072033800
main,deep,hybrid,default.qubit,4,4,2540,2601,1,second_grad_classical,8,0.036396200
main,deep,hybrid,default.qubit,4,4,2540,2601,1,param_grad,8,0.212534100
main,deep,hybrid,default.qubit,4,4,2540,2601,1,param_grad_quantum,8,0.099699200
main,deep,hybrid,default.qubit,4,4,2540,2601,1,param_grad_classical,8,0.112834900
main,ctrl_n4,control,default.qubit,4,0,2540,2537,2,forward,8,0.000862500
main,ctrl_n4,control,default.qubit,4,0,2540,2537,2,first_grad,8,0.001185700
main,ctrl_n4,control,default.qubit,4,0,2540,2537,2,second_grad,8,0.002519700
main,ctrl_n4,control,default.qubit,4,0,2540,2537,2,param_grad,8,0.005933000
main,baseline,hybrid,default.qubit,4,2,2540,2569,1,forward,9,0.015798500
main,baseline,hybrid,default.qubit,4,2,2540,2569,1,forward_quantum,9,0.015052000
main,baseline,hybrid,default.qubit,4,2,2540,2569,1,forward_classical,9,0.000746500
main,baseline,hybrid,default.qubit,4,2,2540,2569,1,first_grad,9,0.028317000
main,baseline,hybrid,default.qubit,4,2,2540,2569,1,first_grad_quantum,9,0.025747200
main,baseline,hybrid,default.qubit,4,2,2540,2569,1,first_grad_classical,9,0.002569800
main,baseline,hybrid,default.qubit,4,2,2540,2569,1,second_grad,9,0.058746800
main,baseline,hybrid,default.qubit,4,2,2540,2569,1,second_grad_quantum,9,0.040952700
main,baseline,hybrid,default.qubit,4,2,2540,2569,1,second_grad_classical,9,0.017794100
main,baseline,hybrid,default.qubit,4,2,2540,2569,1,param_grad,9,0.126646300
main,baseline,hybrid,default.qubit,4,2,2540,2569,1,param_grad_quantum,9,0.052956400
main,baseline,hybrid,default.qubit,4,2,2540,2569,1,param_grad_classical,9,0.073689900
main,ctrl_n4,control,default.qubit,4,0,2540,2537,0,forward,9,0.000732700
main,ctrl_n4,control,default.qubit,4,0,2540,2537,0,first_grad,9,0.001353300
main,ctrl_n4,control,default.qubit,4,0,2540,2537,0,second_grad,9,0.002085400
main,ctrl_n4,control,default.qubit,4,0,2540,2537,0,param_grad,9,0.005113300
main,ctrl_n2,control,default.qubit,2,0,2540,2405,1,forward,9,0.000717900
main,ctrl_n2,control,default.qubit,2,0,2540,2405,1,first_grad,9,0.001102600
main,ctrl_n2,control,default.qubit,2,0,2540,2405,1,second_grad,9,0.002163100
main,ctrl_n2,control,default.qubit,2,0,2540,2405,1,param_grad,9,0.005454900
main,ctrl_n2,control,default.qubit,2,0,2540,2405,2,forward,9,0.000788700
main,ctrl_n2,control,default.qubit,2,0,2540,2405,2,first_grad,9,0.000973400
main,ctrl_n2,control,default.qubit,2,0,2540,2405,2,second_grad,9,0.002003000
main,ctrl_n2,control,default.qubit,2,0,2540,2405,2,param_grad,9,0.004047000
main,ctrl_n4,control,default.qubit,4,0,2540,2537,1,forward,9,0.000712000
main,ctrl_n4,control,default.qubit,4,0,2540,2537,1,first_grad,9,0.001096100
main,ctrl_n4,control,default.qubit,4,0,2540,2537,1,second_grad,9,0.001944100
main,ctrl_n4,control,default.qubit,4,0,2540,2537,1,param_grad,9,0.004620800
main,wide,hybrid,default.qubit,6,2,2540,2717,0,forward,9,0.028802900
main,wide,hybrid,default.qubit,6,2,2540,2717,0,forward_quantum,9,0.028029200
main,wide,hybrid,default.qubit,6,2,2540,2717,0,forward_classical,9,0.000773700
main,wide,hybrid,default.qubit,6,2,2540,2717,0,first_grad,9,0.075097500
main,wide,hybrid,default.qubit,6,2,2540,2717,0,first_grad_quantum,9,0.071085000
main,wide,hybrid,default.qubit,6,2,2540,2717,0,first_grad_classical,9,0.004012500
main,wide,hybrid,default.qubit,6,2,2540,2717,0,second_grad,9,0.166668300
main,wide,hybrid,default.qubit,6,2,2540,2717,0,second_grad_quantum,9,0.112675800
main,wide,hybrid,default.qubit,6,2,2540,2717,0,second_grad_classical,9,0.053992500
main,wide,hybrid,default.qubit,6,2,2540,2717,0,param_grad,9,0.421949500
main,wide,hybrid,default.qubit,6,2,2540,2717,0,param_grad_quantum,9,0.173576600
main,wide,hybrid,default.qubit,6,2,2540,2717,0,param_grad_classical,9,0.248372900
main,ctrl_n6,control,default.qubit,6,0,2540,2669,2,forward,9,0.000712000
main,ctrl_n6,control,default.qubit,6,0,2540,2669,2,first_grad,9,0.001104500
main,ctrl_n6,control,default.qubit,6,0,2540,2669,2,second_grad,9,0.002257800
main,ctrl_n6,control,default.qubit,6,0,2540,2669,2,param_grad,9,0.005606800
main,baseline,hybrid,default.qubit,4,2,2540,2569,0,forward,9,0.016784400
main,baseline,hybrid,default.qubit,4,2,2540,2569,0,forward_quantum,9,0.015972900
main,baseline,hybrid,default.qubit,4,2,2540,2569,0,forward_classical,9,0.000811500
main,baseline,hybrid,default.qubit,4,2,2540,2569,0,first_grad,9,0.036584600
main,baseline,hybrid,default.qubit,4,2,2540,2569,0,first_grad_quantum,9,0.033844200
main,baseline,hybrid,default.qubit,4,2,2540,2569,0,first_grad_classical,9,0.002740400
main,baseline,hybrid,default.qubit,4,2,2540,2569,0,second_grad,9,0.062060400
main,baseline,hybrid,default.qubit,4,2,2540,2569,0,second_grad_quantum,9,0.041848800
main,baseline,hybrid,default.qubit,4,2,2540,2569,0,second_grad_classical,9,0.020211600
main,baseline,hybrid,default.qubit,4,2,2540,2569,0,param_grad,9,0.131091000
main,baseline,hybrid,default.qubit,4,2,2540,2569,0,param_grad_quantum,9,0.058527200
main,baseline,hybrid,default.qubit,4,2,2540,2569,0,param_grad_classical,9,0.072563800
main,ctrl_n4,control,default.qubit,4,0,2540,2537,2,forward,9,0.000703600
main,ctrl_n4,control,default.qubit,4,0,2540,2537,2,first_grad,9,0.001289200
main,ctrl_n4,control,default.qubit,4,0,2540,2537,2,second_grad,9,0.002230300
main,ctrl_n4,control,default.qubit,4,0,2540,2537,2,param_grad,9,0.005288100
main,narrow,hybrid,default.qubit,2,2,2540,2421,2,forward,9,0.008263200
main,narrow,hybrid,default.qubit,2,2,2540,2421,2,forward_quantum,9,0.007418000
main,narrow,hybrid,default.qubit,2,2,2540,2421,2,forward_classical,9,0.000845200
main,narrow,hybrid,default.qubit,2,2,2540,2421,2,first_grad,9,0.012524400
main,narrow,hybrid,default.qubit,2,2,2540,2421,2,first_grad_quantum,9,0.010698000
main,narrow,hybrid,default.qubit,2,2,2540,2421,2,first_grad_classical,9,0.001826400
main,narrow,hybrid,default.qubit,2,2,2540,2421,2,second_grad,9,0.022775200
main,narrow,hybrid,default.qubit,2,2,2540,2421,2,second_grad_quantum,9,0.014482500
main,narrow,hybrid,default.qubit,2,2,2540,2421,2,second_grad_classical,9,0.008292700
main,narrow,hybrid,default.qubit,2,2,2540,2421,2,param_grad,9,0.048447000
main,narrow,hybrid,default.qubit,2,2,2540,2421,2,param_grad_quantum,9,0.019890100
main,narrow,hybrid,default.qubit,2,2,2540,2421,2,param_grad_classical,9,0.028556900
main,ctrl_n6,control,default.qubit,6,0,2540,2669,1,forward,9,0.000653600
main,ctrl_n6,control,default.qubit,6,0,2540,2669,1,first_grad,9,0.001126800
main,ctrl_n6,control,default.qubit,6,0,2540,2669,1,second_grad,9,0.001722800
main,ctrl_n6,control,default.qubit,6,0,2540,2669,1,param_grad,9,0.005288900
main,ctrl_n2,control,default.qubit,2,0,2540,2405,0,forward,9,0.000701600
main,ctrl_n2,control,default.qubit,2,0,2540,2405,0,first_grad,9,0.001064400
main,ctrl_n2,control,default.qubit,2,0,2540,2405,0,second_grad,9,0.002683500
main,ctrl_n2,control,default.qubit,2,0,2540,2405,0,param_grad,9,0.005283400
main,narrow,hybrid,default.qubit,2,2,2540,2421,0,forward,9,0.008665100
main,narrow,hybrid,default.qubit,2,2,2540,2421,0,forward_quantum,9,0.007902600
main,narrow,hybrid,default.qubit,2,2,2540,2421,0,forward_classical,9,0.000762500
main,narrow,hybrid,default.qubit,2,2,2540,2421,0,first_grad,9,0.012196800
main,narrow,hybrid,default.qubit,2,2,2540,2421,0,first_grad_quantum,9,0.010508700
main,narrow,hybrid,default.qubit,2,2,2540,2421,0,first_grad_classical,9,0.001688100
main,narrow,hybrid,default.qubit,2,2,2540,2421,0,second_grad,9,0.018826700
main,narrow,hybrid,default.qubit,2,2,2540,2421,0,second_grad_quantum,9,0.012100100
main,narrow,hybrid,default.qubit,2,2,2540,2421,0,second_grad_classical,9,0.006726600
main,narrow,hybrid,default.qubit,2,2,2540,2421,0,param_grad,9,0.041478700
main,narrow,hybrid,default.qubit,2,2,2540,2421,0,param_grad_quantum,9,0.018800300
main,narrow,hybrid,default.qubit,2,2,2540,2421,0,param_grad_classical,9,0.022678400
main,wide,hybrid,default.qubit,6,2,2540,2717,2,forward,9,0.032658800
main,wide,hybrid,default.qubit,6,2,2540,2717,2,forward_quantum,9,0.031854400
main,wide,hybrid,default.qubit,6,2,2540,2717,2,forward_classical,9,0.000804400
main,wide,hybrid,default.qubit,6,2,2540,2717,2,first_grad,9,0.088363200
main,wide,hybrid,default.qubit,6,2,2540,2717,2,first_grad_quantum,9,0.083986400
main,wide,hybrid,default.qubit,6,2,2540,2717,2,first_grad_classical,9,0.004376800
main,wide,hybrid,default.qubit,6,2,2540,2717,2,second_grad,9,0.156342900
main,wide,hybrid,default.qubit,6,2,2540,2717,2,second_grad_quantum,9,0.106443000
main,wide,hybrid,default.qubit,6,2,2540,2717,2,second_grad_classical,9,0.049899900
main,wide,hybrid,default.qubit,6,2,2540,2717,2,param_grad,9,0.414892100
main,wide,hybrid,default.qubit,6,2,2540,2717,2,param_grad_quantum,9,0.172493800
main,wide,hybrid,default.qubit,6,2,2540,2717,2,param_grad_classical,9,0.242398300
main,ctrl_n6,control,default.qubit,6,0,2540,2669,0,forward,9,0.000769600
main,ctrl_n6,control,default.qubit,6,0,2540,2669,0,first_grad,9,0.001140000
main,ctrl_n6,control,default.qubit,6,0,2540,2669,0,second_grad,9,0.002193100
main,ctrl_n6,control,default.qubit,6,0,2540,2669,0,param_grad,9,0.004712200
main,classical,classical,default.qubit,,,2540,4353,0,forward,9,0.000503200
main,classical,classical,default.qubit,,,2540,4353,0,first_grad,9,0.000730500
main,classical,classical,default.qubit,,,2540,4353,0,second_grad,9,0.001652700
main,classical,classical,default.qubit,,,2540,4353,0,param_grad,9,0.004068000
main,deep,hybrid,default.qubit,4,4,2540,2601,0,forward,9,0.023165100
main,deep,hybrid,default.qubit,4,4,2540,2601,0,forward_quantum,9,0.022479100
main,deep,hybrid,default.qubit,4,4,2540,2601,0,forward_classical,9,0.000686000
main,deep,hybrid,default.qubit,4,4,2540,2601,0,first_grad,9,0.056770300
main,deep,hybrid,default.qubit,4,4,2540,2601,0,first_grad_quantum,9,0.053574900
main,deep,hybrid,default.qubit,4,4,2540,2601,0,first_grad_classical,9,0.003195400
main,deep,hybrid,default.qubit,4,4,2540,2601,0,second_grad,9,0.108121800
main,deep,hybrid,default.qubit,4,4,2540,2601,0,second_grad_quantum,9,0.072101400
main,deep,hybrid,default.qubit,4,4,2540,2601,0,second_grad_classical,9,0.036020400
main,deep,hybrid,default.qubit,4,4,2540,2601,0,param_grad,9,0.212883900
main,deep,hybrid,default.qubit,4,4,2540,2601,0,param_grad_quantum,9,0.096150900
main,deep,hybrid,default.qubit,4,4,2540,2601,0,param_grad_classical,9,0.116733000
main,classical,classical,default.qubit,,,2540,4353,1,forward,9,0.000518800
main,classical,classical,default.qubit,,,2540,4353,1,first_grad,9,0.000848400
main,classical,classical,default.qubit,,,2540,4353,1,second_grad,9,0.001650400
main,classical,classical,default.qubit,,,2540,4353,1,param_grad,9,0.004683300
main,deep,hybrid,default.qubit,4,4,2540,2601,1,forward,9,0.026984500
main,deep,hybrid,default.qubit,4,4,2540,2601,1,forward_quantum,9,0.026118400
main,deep,hybrid,default.qubit,4,4,2540,2601,1,forward_classical,9,0.000866100
main,deep,hybrid,default.qubit,4,4,2540,2601,1,first_grad,9,0.054747700
main,deep,hybrid,default.qubit,4,4,2540,2601,1,first_grad_quantum,9,0.051219100
main,deep,hybrid,default.qubit,4,4,2540,2601,1,first_grad_classical,9,0.003528600
main,deep,hybrid,default.qubit,4,4,2540,2601,1,second_grad,9,0.100065900
main,deep,hybrid,default.qubit,4,4,2540,2601,1,second_grad_quantum,9,0.067358100
main,deep,hybrid,default.qubit,4,4,2540,2601,1,second_grad_classical,9,0.032707800
main,deep,hybrid,default.qubit,4,4,2540,2601,1,param_grad,9,0.213790100
main,deep,hybrid,default.qubit,4,4,2540,2601,1,param_grad_quantum,9,0.095697800
main,deep,hybrid,default.qubit,4,4,2540,2601,1,param_grad_classical,9,0.118092300
main,wide,hybrid,default.qubit,6,2,2540,2717,1,forward,9,0.032303100
main,wide,hybrid,default.qubit,6,2,2540,2717,1,forward_quantum,9,0.031503000
main,wide,hybrid,default.qubit,6,2,2540,2717,1,forward_classical,9,0.000800100
main,wide,hybrid,default.qubit,6,2,2540,2717,1,first_grad,9,0.083291200
main,wide,hybrid,default.qubit,6,2,2540,2717,1,first_grad_quantum,9,0.079416900
main,wide,hybrid,default.qubit,6,2,2540,2717,1,first_grad_classical,9,0.003874300
main,wide,hybrid,default.qubit,6,2,2540,2717,1,second_grad,9,0.169911500
main,wide,hybrid,default.qubit,6,2,2540,2717,1,second_grad_quantum,9,0.115537100
main,wide,hybrid,default.qubit,6,2,2540,2717,1,second_grad_classical,9,0.054374400
main,wide,hybrid,default.qubit,6,2,2540,2717,1,param_grad,9,0.431998000
main,wide,hybrid,default.qubit,6,2,2540,2717,1,param_grad_quantum,9,0.179019000
main,wide,hybrid,default.qubit,6,2,2540,2717,1,param_grad_classical,9,0.252979000
main,deep,hybrid,default.qubit,4,4,2540,2601,2,forward,9,0.028114400
main,deep,hybrid,default.qubit,4,4,2540,2601,2,forward_quantum,9,0.027305200
main,deep,hybrid,default.qubit,4,4,2540,2601,2,forward_classical,9,0.000809200
main,deep,hybrid,default.qubit,4,4,2540,2601,2,first_grad,9,0.059693400
main,deep,hybrid,default.qubit,4,4,2540,2601,2,first_grad_quantum,9,0.056145300
main,deep,hybrid,default.qubit,4,4,2540,2601,2,first_grad_classical,9,0.003548100
main,deep,hybrid,default.qubit,4,4,2540,2601,2,second_grad,9,0.112331600
main,deep,hybrid,default.qubit,4,4,2540,2601,2,second_grad_quantum,9,0.077824400
main,deep,hybrid,default.qubit,4,4,2540,2601,2,second_grad_classical,9,0.034507200
main,deep,hybrid,default.qubit,4,4,2540,2601,2,param_grad,9,0.207525100
main,deep,hybrid,default.qubit,4,4,2540,2601,2,param_grad_quantum,9,0.095519300
main,deep,hybrid,default.qubit,4,4,2540,2601,2,param_grad_classical,9,0.112005800
main,narrow,hybrid,default.qubit,2,2,2540,2421,1,forward,9,0.007293100
main,narrow,hybrid,default.qubit,2,2,2540,2421,1,forward_quantum,9,0.006496800
main,narrow,hybrid,default.qubit,2,2,2540,2421,1,forward_classical,9,0.000796300
main,narrow,hybrid,default.qubit,2,2,2540,2421,1,first_grad,9,0.011796800
main,narrow,hybrid,default.qubit,2,2,2540,2421,1,first_grad_quantum,9,0.010222600
main,narrow,hybrid,default.qubit,2,2,2540,2421,1,first_grad_classical,9,0.001574200
main,narrow,hybrid,default.qubit,2,2,2540,2421,1,second_grad,9,0.022017100
main,narrow,hybrid,default.qubit,2,2,2540,2421,1,second_grad_quantum,9,0.013814100
main,narrow,hybrid,default.qubit,2,2,2540,2421,1,second_grad_classical,9,0.008203000
main,narrow,hybrid,default.qubit,2,2,2540,2421,1,param_grad,9,0.041452800
main,narrow,hybrid,default.qubit,2,2,2540,2421,1,param_grad_quantum,9,0.019236100
main,narrow,hybrid,default.qubit,2,2,2540,2421,1,param_grad_classical,9,0.022216700
main,classical,classical,default.qubit,,,2540,4353,2,forward,9,0.000535500
main,classical,classical,default.qubit,,,2540,4353,2,first_grad,9,0.000831300
main,classical,classical,default.qubit,,,2540,4353,2,second_grad,9,0.001760100
main,classical,classical,default.qubit,,,2540,4353,2,param_grad,9,0.004588400
main,baseline,hybrid,default.qubit,4,2,2540,2569,2,forward,9,0.016336900
main,baseline,hybrid,default.qubit,4,2,2540,2569,2,forward_quantum,9,0.015565200
main,baseline,hybrid,default.qubit,4,2,2540,2569,2,forward_classical,9,0.000771700
main,baseline,hybrid,default.qubit,4,2,2540,2569,2,first_grad,9,0.031436700
main,baseline,hybrid,default.qubit,4,2,2540,2569,2,first_grad_quantum,9,0.028978500
main,baseline,hybrid,default.qubit,4,2,2540,2569,2,first_grad_classical,9,0.002458200
main,baseline,hybrid,default.qubit,4,2,2540,2569,2,second_grad,9,0.057416500
main,baseline,hybrid,default.qubit,4,2,2540,2569,2,second_grad_quantum,9,0.036503800
main,baseline,hybrid,default.qubit,4,2,2540,2569,2,second_grad_classical,9,0.020912700
main,baseline,hybrid,default.qubit,4,2,2540,2569,2,param_grad,9,0.127171200
main,baseline,hybrid,default.qubit,4,2,2540,2569,2,param_grad_quantum,9,0.058874500
main,baseline,hybrid,default.qubit,4,2,2540,2569,2,param_grad_classical,9,0.068296700
main,baseline,hybrid,default.qubit,4,2,2540,2569,1,forward,10,0.016578500
main,baseline,hybrid,default.qubit,4,2,2540,2569,1,forward_quantum,10,0.015572100
main,baseline,hybrid,default.qubit,4,2,2540,2569,1,forward_classical,10,0.001006400
main,baseline,hybrid,default.qubit,4,2,2540,2569,1,first_grad,10,0.031757100
main,baseline,hybrid,default.qubit,4,2,2540,2569,1,first_grad_quantum,10,0.029474000
main,baseline,hybrid,default.qubit,4,2,2540,2569,1,first_grad_classical,10,0.002283100
main,baseline,hybrid,default.qubit,4,2,2540,2569,1,second_grad,10,0.065112700
main,baseline,hybrid,default.qubit,4,2,2540,2569,1,second_grad_quantum,10,0.042335600
main,baseline,hybrid,default.qubit,4,2,2540,2569,1,second_grad_classical,10,0.022777100
main,baseline,hybrid,default.qubit,4,2,2540,2569,1,param_grad,10,0.137509700
main,baseline,hybrid,default.qubit,4,2,2540,2569,1,param_grad_quantum,10,0.063109500
main,baseline,hybrid,default.qubit,4,2,2540,2569,1,param_grad_classical,10,0.074400200
main,narrow,hybrid,default.qubit,2,2,2540,2421,0,forward,10,0.008217100
main,narrow,hybrid,default.qubit,2,2,2540,2421,0,forward_quantum,10,0.007435400
main,narrow,hybrid,default.qubit,2,2,2540,2421,0,forward_classical,10,0.000781700
main,narrow,hybrid,default.qubit,2,2,2540,2421,0,first_grad,10,0.012551900
main,narrow,hybrid,default.qubit,2,2,2540,2421,0,first_grad_quantum,10,0.010799500
main,narrow,hybrid,default.qubit,2,2,2540,2421,0,first_grad_classical,10,0.001752400
main,narrow,hybrid,default.qubit,2,2,2540,2421,0,second_grad,10,0.021692700
main,narrow,hybrid,default.qubit,2,2,2540,2421,0,second_grad_quantum,10,0.013742600
main,narrow,hybrid,default.qubit,2,2,2540,2421,0,second_grad_classical,10,0.007950100
main,narrow,hybrid,default.qubit,2,2,2540,2421,0,param_grad,10,0.048177100
main,narrow,hybrid,default.qubit,2,2,2540,2421,0,param_grad_quantum,10,0.020115100
main,narrow,hybrid,default.qubit,2,2,2540,2421,0,param_grad_classical,10,0.028062000
main,ctrl_n6,control,default.qubit,6,0,2540,2669,1,forward,10,0.000969000
main,ctrl_n6,control,default.qubit,6,0,2540,2669,1,first_grad,10,0.001215700
main,ctrl_n6,control,default.qubit,6,0,2540,2669,1,second_grad,10,0.001888300
main,ctrl_n6,control,default.qubit,6,0,2540,2669,1,param_grad,10,0.005683000
main,ctrl_n4,control,default.qubit,4,0,2540,2537,0,forward,10,0.000717300
main,ctrl_n4,control,default.qubit,4,0,2540,2537,0,first_grad,10,0.000968000
main,ctrl_n4,control,default.qubit,4,0,2540,2537,0,second_grad,10,0.001822600
main,ctrl_n4,control,default.qubit,4,0,2540,2537,0,param_grad,10,0.004139500
main,ctrl_n4,control,default.qubit,4,0,2540,2537,2,forward,10,0.000739700
main,ctrl_n4,control,default.qubit,4,0,2540,2537,2,first_grad,10,0.001130100
main,ctrl_n4,control,default.qubit,4,0,2540,2537,2,second_grad,10,0.002252400
main,ctrl_n4,control,default.qubit,4,0,2540,2537,2,param_grad,10,0.005088100
main,ctrl_n6,control,default.qubit,6,0,2540,2669,2,forward,10,0.000655300
main,ctrl_n6,control,default.qubit,6,0,2540,2669,2,first_grad,10,0.000928700
main,ctrl_n6,control,default.qubit,6,0,2540,2669,2,second_grad,10,0.001888400
main,ctrl_n6,control,default.qubit,6,0,2540,2669,2,param_grad,10,0.005230500
main,classical,classical,default.qubit,,,2540,4353,1,forward,10,0.000521000
main,classical,classical,default.qubit,,,2540,4353,1,first_grad,10,0.000815400
main,classical,classical,default.qubit,,,2540,4353,1,second_grad,10,0.001861700
main,classical,classical,default.qubit,,,2540,4353,1,param_grad,10,0.004899700
main,ctrl_n6,control,default.qubit,6,0,2540,2669,0,forward,10,0.000877300
main,ctrl_n6,control,default.qubit,6,0,2540,2669,0,first_grad,10,0.001044100
main,ctrl_n6,control,default.qubit,6,0,2540,2669,0,second_grad,10,0.001783700
main,ctrl_n6,control,default.qubit,6,0,2540,2669,0,param_grad,10,0.005192900
main,ctrl_n4,control,default.qubit,4,0,2540,2537,1,forward,10,0.000731300
main,ctrl_n4,control,default.qubit,4,0,2540,2537,1,first_grad,10,0.001111400
main,ctrl_n4,control,default.qubit,4,0,2540,2537,1,second_grad,10,0.001978900
main,ctrl_n4,control,default.qubit,4,0,2540,2537,1,param_grad,10,0.004773700
main,narrow,hybrid,default.qubit,2,2,2540,2421,2,forward,10,0.007958200
main,narrow,hybrid,default.qubit,2,2,2540,2421,2,forward_quantum,10,0.007155300
main,narrow,hybrid,default.qubit,2,2,2540,2421,2,forward_classical,10,0.000802900
main,narrow,hybrid,default.qubit,2,2,2540,2421,2,first_grad,10,0.012298600
main,narrow,hybrid,default.qubit,2,2,2540,2421,2,first_grad_quantum,10,0.010476200
main,narrow,hybrid,default.qubit,2,2,2540,2421,2,first_grad_classical,10,0.001822400
main,narrow,hybrid,default.qubit,2,2,2540,2421,2,second_grad,10,0.021389200
main,narrow,hybrid,default.qubit,2,2,2540,2421,2,second_grad_quantum,10,0.013780900
main,narrow,hybrid,default.qubit,2,2,2540,2421,2,second_grad_classical,10,0.007608300
main,narrow,hybrid,default.qubit,2,2,2540,2421,2,param_grad,10,0.043663100
main,narrow,hybrid,default.qubit,2,2,2540,2421,2,param_grad_quantum,10,0.019322900
main,narrow,hybrid,default.qubit,2,2,2540,2421,2,param_grad_classical,10,0.024340200
main,classical,classical,default.qubit,,,2540,4353,2,forward,10,0.000506000
main,classical,classical,default.qubit,,,2540,4353,2,first_grad,10,0.000753700
main,classical,classical,default.qubit,,,2540,4353,2,second_grad,10,0.002002400
main,classical,classical,default.qubit,,,2540,4353,2,param_grad,10,0.005226700
main,ctrl_n2,control,default.qubit,2,0,2540,2405,0,forward,10,0.000832100
main,ctrl_n2,control,default.qubit,2,0,2540,2405,0,first_grad,10,0.001113600
main,ctrl_n2,control,default.qubit,2,0,2540,2405,0,second_grad,10,0.001992700
main,ctrl_n2,control,default.qubit,2,0,2540,2405,0,param_grad,10,0.005202400
main,wide,hybrid,default.qubit,6,2,2540,2717,1,forward,10,0.032731700
main,wide,hybrid,default.qubit,6,2,2540,2717,1,forward_quantum,10,0.031928000
main,wide,hybrid,default.qubit,6,2,2540,2717,1,forward_classical,10,0.000803700
main,wide,hybrid,default.qubit,6,2,2540,2717,1,first_grad,10,0.084094600
main,wide,hybrid,default.qubit,6,2,2540,2717,1,first_grad_quantum,10,0.079630400
main,wide,hybrid,default.qubit,6,2,2540,2717,1,first_grad_classical,10,0.004464200
main,wide,hybrid,default.qubit,6,2,2540,2717,1,second_grad,10,0.157459700
main,wide,hybrid,default.qubit,6,2,2540,2717,1,second_grad_quantum,10,0.106276800
main,wide,hybrid,default.qubit,6,2,2540,2717,1,second_grad_classical,10,0.051182900
main,wide,hybrid,default.qubit,6,2,2540,2717,1,param_grad,10,0.385862200
main,wide,hybrid,default.qubit,6,2,2540,2717,1,param_grad_quantum,10,0.164301800
main,wide,hybrid,default.qubit,6,2,2540,2717,1,param_grad_classical,10,0.221560400
main,wide,hybrid,default.qubit,6,2,2540,2717,0,forward,10,0.032514200
main,wide,hybrid,default.qubit,6,2,2540,2717,0,forward_quantum,10,0.031781100
main,wide,hybrid,default.qubit,6,2,2540,2717,0,forward_classical,10,0.000733100
main,wide,hybrid,default.qubit,6,2,2540,2717,0,first_grad,10,0.081992400
main,wide,hybrid,default.qubit,6,2,2540,2717,0,first_grad_quantum,10,0.077913200
main,wide,hybrid,default.qubit,6,2,2540,2717,0,first_grad_classical,10,0.004079200
main,wide,hybrid,default.qubit,6,2,2540,2717,0,second_grad,10,0.155037500
main,wide,hybrid,default.qubit,6,2,2540,2717,0,second_grad_quantum,10,0.103551000
main,wide,hybrid,default.qubit,6,2,2540,2717,0,second_grad_classical,10,0.051486500
main,wide,hybrid,default.qubit,6,2,2540,2717,0,param_grad,10,0.421922600
main,wide,hybrid,default.qubit,6,2,2540,2717,0,param_grad_quantum,10,0.165789700
main,wide,hybrid,default.qubit,6,2,2540,2717,0,param_grad_classical,10,0.256132900
main,ctrl_n2,control,default.qubit,2,0,2540,2405,2,forward,10,0.000651100
main,ctrl_n2,control,default.qubit,2,0,2540,2405,2,first_grad,10,0.001344400
main,ctrl_n2,control,default.qubit,2,0,2540,2405,2,second_grad,10,0.002252400
main,ctrl_n2,control,default.qubit,2,0,2540,2405,2,param_grad,10,0.005290000
main,classical,classical,default.qubit,,,2540,4353,0,forward,10,0.000489200
main,classical,classical,default.qubit,,,2540,4353,0,first_grad,10,0.000747400
main,classical,classical,default.qubit,,,2540,4353,0,second_grad,10,0.001511400
main,classical,classical,default.qubit,,,2540,4353,0,param_grad,10,0.003616200
main,baseline,hybrid,default.qubit,4,2,2540,2569,0,forward,10,0.017301700
main,baseline,hybrid,default.qubit,4,2,2540,2569,0,forward_quantum,10,0.016599200
main,baseline,hybrid,default.qubit,4,2,2540,2569,0,forward_classical,10,0.000702500
main,baseline,hybrid,default.qubit,4,2,2540,2569,0,first_grad,10,0.033619500
main,baseline,hybrid,default.qubit,4,2,2540,2569,0,first_grad_quantum,10,0.031042900
main,baseline,hybrid,default.qubit,4,2,2540,2569,0,first_grad_classical,10,0.002576600
main,baseline,hybrid,default.qubit,4,2,2540,2569,0,second_grad,10,0.068450100
main,baseline,hybrid,default.qubit,4,2,2540,2569,0,second_grad_quantum,10,0.045111100
main,baseline,hybrid,default.qubit,4,2,2540,2569,0,second_grad_classical,10,0.023339000
main,baseline,hybrid,default.qubit,4,2,2540,2569,0,param_grad,10,0.127720800
main,baseline,hybrid,default.qubit,4,2,2540,2569,0,param_grad_quantum,10,0.056022900
main,baseline,hybrid,default.qubit,4,2,2540,2569,0,param_grad_classical,10,0.071697900
main,ctrl_n2,control,default.qubit,2,0,2540,2405,1,forward,10,0.000704400
main,ctrl_n2,control,default.qubit,2,0,2540,2405,1,first_grad,10,0.001388200
main,ctrl_n2,control,default.qubit,2,0,2540,2405,1,second_grad,10,0.002031700
main,ctrl_n2,control,default.qubit,2,0,2540,2405,1,param_grad,10,0.004618600
main,deep,hybrid,default.qubit,4,4,2540,2601,1,forward,10,0.027776200
main,deep,hybrid,default.qubit,4,4,2540,2601,1,forward_quantum,10,0.026996200
main,deep,hybrid,default.qubit,4,4,2540,2601,1,forward_classical,10,0.000780000
main,deep,hybrid,default.qubit,4,4,2540,2601,1,first_grad,10,0.050192100
main,deep,hybrid,default.qubit,4,4,2540,2601,1,first_grad_quantum,10,0.046759300
main,deep,hybrid,default.qubit,4,4,2540,2601,1,first_grad_classical,10,0.003432800
main,deep,hybrid,default.qubit,4,4,2540,2601,1,second_grad,10,0.101232400
main,deep,hybrid,default.qubit,4,4,2540,2601,1,second_grad_quantum,10,0.070564500
main,deep,hybrid,default.qubit,4,4,2540,2601,1,second_grad_classical,10,0.030667900
main,deep,hybrid,default.qubit,4,4,2540,2601,1,param_grad,10,0.221934500
main,deep,hybrid,default.qubit,4,4,2540,2601,1,param_grad_quantum,10,0.100547900
main,deep,hybrid,default.qubit,4,4,2540,2601,1,param_grad_classical,10,0.121386600
main,narrow,hybrid,default.qubit,2,2,2540,2421,1,forward,10,0.007999000
main,narrow,hybrid,default.qubit,2,2,2540,2421,1,forward_quantum,10,0.007195000
main,narrow,hybrid,default.qubit,2,2,2540,2421,1,forward_classical,10,0.000804000
main,narrow,hybrid,default.qubit,2,2,2540,2421,1,first_grad,10,0.012842600
main,narrow,hybrid,default.qubit,2,2,2540,2421,1,first_grad_quantum,10,0.011112600
main,narrow,hybrid,default.qubit,2,2,2540,2421,1,first_grad_classical,10,0.001730000
main,narrow,hybrid,default.qubit,2,2,2540,2421,1,second_grad,10,0.019208600
main,narrow,hybrid,default.qubit,2,2,2540,2421,1,second_grad_quantum,10,0.012552200
main,narrow,hybrid,default.qubit,2,2,2540,2421,1,second_grad_classical,10,0.006656400
main,narrow,hybrid,default.qubit,2,2,2540,2421,1,param_grad,10,0.046268800
main,narrow,hybrid,default.qubit,2,2,2540,2421,1,param_grad_quantum,10,0.019182300
main,narrow,hybrid,default.qubit,2,2,2540,2421,1,param_grad_classical,10,0.027086500
main,deep,hybrid,default.qubit,4,4,2540,2601,0,forward,10,0.028350600
main,deep,hybrid,default.qubit,4,4,2540,2601,0,forward_quantum,10,0.027565200
main,deep,hybrid,default.qubit,4,4,2540,2601,0,forward_classical,10,0.000785400
main,deep,hybrid,default.qubit,4,4,2540,2601,0,first_grad,10,0.058853700
main,deep,hybrid,default.qubit,4,4,2540,2601,0,first_grad_quantum,10,0.055104100
main,deep,hybrid,default.qubit,4,4,2540,2601,0,first_grad_classical,10,0.003749600
main,deep,hybrid,default.qubit,4,4,2540,2601,0,second_grad,10,0.100298400
main,deep,hybrid,default.qubit,4,4,2540,2601,0,second_grad_quantum,10,0.065797200
main,deep,hybrid,default.qubit,4,4,2540,2601,0,second_grad_classical,10,0.034501200
main,deep,hybrid,default.qubit,4,4,2540,2601,0,param_grad,10,0.201861000
main,deep,hybrid,default.qubit,4,4,2540,2601,0,param_grad_quantum,10,0.089629300
main,deep,hybrid,default.qubit,4,4,2540,2601,0,param_grad_classical,10,0.112231700
main,wide,hybrid,default.qubit,6,2,2540,2717,2,forward,10,0.031964400
main,wide,hybrid,default.qubit,6,2,2540,2717,2,forward_quantum,10,0.031230000
main,wide,hybrid,default.qubit,6,2,2540,2717,2,forward_classical,10,0.000734400
main,wide,hybrid,default.qubit,6,2,2540,2717,2,first_grad,10,0.080317800
main,wide,hybrid,default.qubit,6,2,2540,2717,2,first_grad_quantum,10,0.075984900
main,wide,hybrid,default.qubit,6,2,2540,2717,2,first_grad_classical,10,0.004332900
main,wide,hybrid,default.qubit,6,2,2540,2717,2,second_grad,10,0.155712100
main,wide,hybrid,default.qubit,6,2,2540,2717,2,second_grad_quantum,10,0.102645300
main,wide,hybrid,default.qubit,6,2,2540,2717,2,second_grad_classical,10,0.053066800
main,wide,hybrid,default.qubit,6,2,2540,2717,2,param_grad,10,0.396468600
main,wide,hybrid,default.qubit,6,2,2540,2717,2,param_grad_quantum,10,0.161005700
main,wide,hybrid,default.qubit,6,2,2540,2717,2,param_grad_classical,10,0.235462900
main,deep,hybrid,default.qubit,4,4,2540,2601,2,forward,10,0.027871500
main,deep,hybrid,default.qubit,4,4,2540,2601,2,forward_quantum,10,0.027089000
main,deep,hybrid,default.qubit,4,4,2540,2601,2,forward_classical,10,0.000782500
main,deep,hybrid,default.qubit,4,4,2540,2601,2,first_grad,10,0.064369100
main,deep,hybrid,default.qubit,4,4,2540,2601,2,first_grad_quantum,10,0.060963300
main,deep,hybrid,default.qubit,4,4,2540,2601,2,first_grad_classical,10,0.003405800
main,deep,hybrid,default.qubit,4,4,2540,2601,2,second_grad,10,0.102530700
main,deep,hybrid,default.qubit,4,4,2540,2601,2,second_grad_quantum,10,0.068759400
main,deep,hybrid,default.qubit,4,4,2540,2601,2,second_grad_classical,10,0.033771300
main,deep,hybrid,default.qubit,4,4,2540,2601,2,param_grad,10,0.213164500
main,deep,hybrid,default.qubit,4,4,2540,2601,2,param_grad_quantum,10,0.094813900
main,deep,hybrid,default.qubit,4,4,2540,2601,2,param_grad_classical,10,0.118350600
main,baseline,hybrid,default.qubit,4,2,2540,2569,2,forward,10,0.017532300
main,baseline,hybrid,default.qubit,4,2,2540,2569,2,forward_quantum,10,0.016768500
main,baseline,hybrid,default.qubit,4,2,2540,2569,2,forward_classical,10,0.000763800
main,baseline,hybrid,default.qubit,4,2,2540,2569,2,first_grad,10,0.031314600
main,baseline,hybrid,default.qubit,4,2,2540,2569,2,first_grad_quantum,10,0.028647900
main,baseline,hybrid,default.qubit,4,2,2540,2569,2,first_grad_classical,10,0.002666700
main,baseline,hybrid,default.qubit,4,2,2540,2569,2,second_grad,10,0.068946100
main,baseline,hybrid,default.qubit,4,2,2540,2569,2,second_grad_quantum,10,0.045434500
main,baseline,hybrid,default.qubit,4,2,2540,2569,2,second_grad_classical,10,0.023511600
main,baseline,hybrid,default.qubit,4,2,2540,2569,2,param_grad,10,0.136787200
main,baseline,hybrid,default.qubit,4,2,2540,2569,2,param_grad_quantum,10,0.059413200
main,baseline,hybrid,default.qubit,4,2,2540,2569,2,param_grad_classical,10,0.077374000
main,ctrl_n6,control,default.qubit,6,0,2540,2669,1,forward,11,0.000760000
main,ctrl_n6,control,default.qubit,6,0,2540,2669,1,first_grad,11,0.001364700
main,ctrl_n6,control,default.qubit,6,0,2540,2669,1,second_grad,11,0.002454300
main,ctrl_n6,control,default.qubit,6,0,2540,2669,1,param_grad,11,0.005822200
main,deep,hybrid,default.qubit,4,4,2540,2601,0,forward,11,0.027859000
main,deep,hybrid,default.qubit,4,4,2540,2601,0,forward_quantum,11,0.027157800
main,deep,hybrid,default.qubit,4,4,2540,2601,0,forward_classical,11,0.000701200
main,deep,hybrid,default.qubit,4,4,2540,2601,0,first_grad,11,0.053496800
main,deep,hybrid,default.qubit,4,4,2540,2601,0,first_grad_quantum,11,0.050220600
main,deep,hybrid,default.qubit,4,4,2540,2601,0,first_grad_classical,11,0.003276200
main,deep,hybrid,default.qubit,4,4,2540,2601,0,second_grad,11,0.096382300
main,deep,hybrid,default.qubit,4,4,2540,2601,0,second_grad_quantum,11,0.067284000
main,deep,hybrid,default.qubit,4,4,2540,2601,0,second_grad_classical,11,0.029098300
main,deep,hybrid,default.qubit,4,4,2540,2601,0,param_grad,11,0.217962200
main,deep,hybrid,default.qubit,4,4,2540,2601,0,param_grad_quantum,11,0.101163300
main,deep,hybrid,default.qubit,4,4,2540,2601,0,param_grad_classical,11,0.116798900
main,deep,hybrid,default.qubit,4,4,2540,2601,2,forward,11,0.028790300
main,deep,hybrid,default.qubit,4,4,2540,2601,2,forward_quantum,11,0.028038500
main,deep,hybrid,default.qubit,4,4,2540,2601,2,forward_classical,11,0.000751800
main,deep,hybrid,default.qubit,4,4,2540,2601,2,first_grad,11,0.053963300
main,deep,hybrid,default.qubit,4,4,2540,2601,2,first_grad_quantum,11,0.050337800
main,deep,hybrid,default.qubit,4,4,2540,2601,2,first_grad_classical,11,0.003625500
main,deep,hybrid,default.qubit,4,4,2540,2601,2,second_grad,11,0.100489700
main,deep,hybrid,default.qubit,4,4,2540,2601,2,second_grad_quantum,11,0.068768600
main,deep,hybrid,default.qubit,4,4,2540,2601,2,second_grad_classical,11,0.031721100
main,deep,hybrid,default.qubit,4,4,2540,2601,2,param_grad,11,0.212639800
main,deep,hybrid,default.qubit,4,4,2540,2601,2,param_grad_quantum,11,0.092793100
main,deep,hybrid,default.qubit,4,4,2540,2601,2,param_grad_classical,11,0.119846700
main,wide,hybrid,default.qubit,6,2,2540,2717,1,forward,11,0.033039400
main,wide,hybrid,default.qubit,6,2,2540,2717,1,forward_quantum,11,0.032237300
main,wide,hybrid,default.qubit,6,2,2540,2717,1,forward_classical,11,0.000802100
main,wide,hybrid,default.qubit,6,2,2540,2717,1,first_grad,11,0.077752400
main,wide,hybrid,default.qubit,6,2,2540,2717,1,first_grad_quantum,11,0.074245700
main,wide,hybrid,default.qubit,6,2,2540,2717,1,first_grad_classical,11,0.003506700
main,wide,hybrid,default.qubit,6,2,2540,2717,1,second_grad,11,0.151355600
main,wide,hybrid,default.qubit,6,2,2540,2717,1,second_grad_quantum,11,0.100162500
main,wide,hybrid,default.qubit,6,2,2540,2717,1,second_grad_classical,11,0.051193100
main,wide,hybrid,default.qubit,6,2,2540,2717,1,param_grad,11,0.415767400
main,wide,hybrid,default.qubit,6,2,2540,2717,1,param_grad_quantum,11,0.170623100
main,wide,hybrid,default.qubit,6,2,2540,2717,1,param_grad_classical,11,0.245144300
main,wide,hybrid,default.qubit,6,2,2540,2717,0,forward,11,0.031696900
main,wide,hybrid,default.qubit,6,2,2540,2717,0,forward_quantum,11,0.030983100
main,wide,hybrid,default.qubit,6,2,2540,2717,0,forward_classical,11,0.000713800
main,wide,hybrid,default.qubit,6,2,2540,2717,0,first_grad,11,0.090918000
main,wide,hybrid,default.qubit,6,2,2540,2717,0,first_grad_quantum,11,0.086431100
main,wide,hybrid,default.qubit,6,2,2540,2717,0,first_grad_classical,11,0.004486900
main,wide,hybrid,default.qubit,6,2,2540,2717,0,second_grad,11,0.172551000
main,wide,hybrid,default.qubit,6,2,2540,2717,0,second_grad_quantum,11,0.114594500
main,wide,hybrid,default.qubit,6,2,2540,2717,0,second_grad_classical,11,0.057956500
main,wide,hybrid,default.qubit,6,2,2540,2717,0,param_grad,11,0.440065000
main,wide,hybrid,default.qubit,6,2,2540,2717,0,param_grad_quantum,11,0.184850000
main,wide,hybrid,default.qubit,6,2,2540,2717,0,param_grad_classical,11,0.255215000
main,ctrl_n4,control,default.qubit,4,0,2540,2537,0,forward,11,0.000951500
main,ctrl_n4,control,default.qubit,4,0,2540,2537,0,first_grad,11,0.001109600
main,ctrl_n4,control,default.qubit,4,0,2540,2537,0,second_grad,11,0.001715400
main,ctrl_n4,control,default.qubit,4,0,2540,2537,0,param_grad,11,0.004231200
main,narrow,hybrid,default.qubit,2,2,2540,2421,2,forward,11,0.007985000
main,narrow,hybrid,default.qubit,2,2,2540,2421,2,forward_quantum,11,0.007052400
main,narrow,hybrid,default.qubit,2,2,2540,2421,2,forward_classical,11,0.000932600
main,narrow,hybrid,default.qubit,2,2,2540,2421,2,first_grad,11,0.012732500
main,narrow,hybrid,default.qubit,2,2,2540,2421,2,first_grad_quantum,11,0.010900600
main,narrow,hybrid,default.qubit,2,2,2540,2421,2,first_grad_classical,11,0.001831900
main,narrow,hybrid,default.qubit,2,2,2540,2421,2,second_grad,11,0.023251600
main,narrow,hybrid,default.qubit,2,2,2540,2421,2,second_grad_quantum,11,0.014373500
main,narrow,hybrid,default.qubit,2,2,2540,2421,2,second_grad_classical,11,0.008878100
main,narrow,hybrid,default.qubit,2,2,2540,2421,2,param_grad,11,0.042150700
main,narrow,hybrid,default.qubit,2,2,2540,2421,2,param_grad_quantum,11,0.018765600
main,narrow,hybrid,default.qubit,2,2,2540,2421,2,param_grad_classical,11,0.023385100
main,deep,hybrid,default.qubit,4,4,2540,2601,1,forward,11,0.029306700
main,deep,hybrid,default.qubit,4,4,2540,2601,1,forward_quantum,11,0.028340400
main,deep,hybrid,default.qubit,4,4,2540,2601,1,forward_classical,11,0.000966300
main,deep,hybrid,default.qubit,4,4,2540,2601,1,first_grad,11,0.057819100
main,deep,hybrid,default.qubit,4,4,2540,2601,1,first_grad_quantum,11,0.054434200
main,deep,hybrid,default.qubit,4,4,2540,2601,1,first_grad_classical,11,0.003384900
main,deep,hybrid,default.qubit,4,4,2540,2601,1,second_grad,11,0.108872100
main,deep,hybrid,default.qubit,4,4,2540,2601,1,second_grad_quantum,11,0.075207000
main,deep,hybrid,default.qubit,4,4,2540,2601,1,second_grad_classical,11,0.033665100
main,deep,hybrid,default.qubit,4,4,2540,2601,1,param_grad,11,0.223419200
main,deep,hybrid,default.qubit,4,4,2540,2601,1,param_grad_quantum,11,0.096504900
main,deep,hybrid,default.qubit,4,4,2540,2601,1,param_grad_classical,11,0.126914300
main,baseline,hybrid,default.qubit,4,2,2540,2569,1,forward,11,0.018135400
main,baseline,hybrid,default.qubit,4,2,2540,2569,1,forward_quantum,11,0.017234900
main,baseline,hybrid,default.qubit,4,2,2540,2569,1,forward_classical,11,0.000900500
main,baseline,hybrid,default.qubit,4,2,2540,2569,1,first_grad,11,0.030011800
main,baseline,hybrid,default.qubit,4,2,2540,2569,1,first_grad_quantum,11,0.027781300
main,baseline,hybrid,default.qubit,4,2,2540,2569,1,first_grad_classical,11,0.002230500
main,baseline,hybrid,default.qubit,4,2,2540,2569,1,second_grad,11,0.066677500
main,baseline,hybrid,default.qubit,4,2,2540,2569,1,second_grad_quantum,11,0.044309100
main,baseline,hybrid,default.qubit,4,2,2540,2569,1,second_grad_classical,11,0.022368400
main,baseline,hybrid,default.qubit,4,2,2540,2569,1,param_grad,11,0.131367500
main,baseline,hybrid,default.qubit,4,2,2540,2569,1,param_grad_quantum,11,0.056196100
main,baseline,hybrid,default.qubit,4,2,2540,2569,1,param_grad_classical,11,0.075171400
main,classical,classical,default.qubit,,,2540,4353,0,forward,11,0.000543100
main,classical,classical,default.qubit,,,2540,4353,0,first_grad,11,0.000869900
main,classical,classical,default.qubit,,,2540,4353,0,second_grad,11,0.001593900
main,classical,classical,default.qubit,,,2540,4353,0,param_grad,11,0.005315700
main,narrow,hybrid,default.qubit,2,2,2540,2421,1,forward,11,0.007617100
main,narrow,hybrid,default.qubit,2,2,2540,2421,1,forward_quantum,11,0.006855900
main,narrow,hybrid,default.qubit,2,2,2540,2421,1,forward_classical,11,0.000761200
main,narrow,hybrid,default.qubit,2,2,2540,2421,1,first_grad,11,0.012283300
main,narrow,hybrid,default.qubit,2,2,2540,2421,1,first_grad_quantum,11,0.010567800
main,narrow,hybrid,default.qubit,2,2,2540,2421,1,first_grad_classical,11,0.001715500
main,narrow,hybrid,default.qubit,2,2,2540,2421,1,second_grad,11,0.020999500
main,narrow,hybrid,default.qubit,2,2,2540,2421,1,second_grad_quantum,11,0.013704100
main,narrow,hybrid,default.qubit,2,2,2540,2421,1,second_grad_classical,11,0.007295400
main,narrow,hybrid,default.qubit,2,2,2540,2421,1,param_grad,11,0.045973800
main,narrow,hybrid,default.qubit,2,2,2540,2421,1,param_grad_quantum,11,0.018300300
main,narrow,hybrid,default.qubit,2,2,2540,2421,1,param_grad_classical,11,0.027673500
main,ctrl_n2,control,default.qubit,2,0,2540,2405,2,forward,11,0.000699700
main,ctrl_n2,control,default.qubit,2,0,2540,2405,2,first_grad,11,0.001063100
main,ctrl_n2,control,default.qubit,2,0,2540,2405,2,second_grad,11,0.002629900
main,ctrl_n2,control,default.qubit,2,0,2540,2405,2,param_grad,11,0.007087600
main,ctrl_n6,control,default.qubit,6,0,2540,2669,2,forward,11,0.000731700
main,ctrl_n6,control,default.qubit,6,0,2540,2669,2,first_grad,11,0.001072300
main,ctrl_n6,control,default.qubit,6,0,2540,2669,2,second_grad,11,0.002038500
main,ctrl_n6,control,default.qubit,6,0,2540,2669,2,param_grad,11,0.005157300
main,classical,classical,default.qubit,,,2540,4353,2,forward,11,0.000520600
main,classical,classical,default.qubit,,,2540,4353,2,first_grad,11,0.000780800
main,classical,classical,default.qubit,,,2540,4353,2,second_grad,11,0.001575700
main,classical,classical,default.qubit,,,2540,4353,2,param_grad,11,0.003984200
main,ctrl_n6,control,default.qubit,6,0,2540,2669,0,forward,11,0.000701500
main,ctrl_n6,control,default.qubit,6,0,2540,2669,0,first_grad,11,0.001073300
main,ctrl_n6,control,default.qubit,6,0,2540,2669,0,second_grad,11,0.002015200
main,ctrl_n6,control,default.qubit,6,0,2540,2669,0,param_grad,11,0.004645900
main,wide,hybrid,default.qubit,6,2,2540,2717,2,forward,11,0.029660000
main,wide,hybrid,default.qubit,6,2,2540,2717,2,forward_quantum,11,0.028933700
main,wide,hybrid,default.qubit,6,2,2540,2717,2,forward_classical,11,0.000726300
main,wide,hybrid,default.qubit,6,2,2540,2717,2,first_grad,11,0.083337200
main,wide,hybrid,default.qubit,6,2,2540,2717,2,first_grad_quantum,11,0.079518600
main,wide,hybrid,default.qubit,6,2,2540,2717,2,first_grad_classical,11,0.003818600
main,wide,hybrid,default.qubit,6,2,2540,2717,2,second_grad,11,0.156453000
main,wide,hybrid,default.qubit,6,2,2540,2717,2,second_grad_quantum,11,0.104869500
main,wide,hybrid,default.qubit,6,2,2540,2717,2,second_grad_classical,11,0.051583500
main,wide,hybrid,default.qubit,6,2,2540,2717,2,param_grad,11,0.416257400
main,wide,hybrid,default.qubit,6,2,2540,2717,2,param_grad_quantum,11,0.166900400
main,wide,hybrid,default.qubit,6,2,2540,2717,2,param_grad_classical,11,0.249357000
main,classical,classical,default.qubit,,,2540,4353,1,forward,11,0.000496900
main,classical,classical,default.qubit,,,2540,4353,1,first_grad,11,0.000877700
main,classical,classical,default.qubit,,,2540,4353,1,second_grad,11,0.001644000
main,classical,classical,default.qubit,,,2540,4353,1,param_grad,11,0.004343400
main,baseline,hybrid,default.qubit,4,2,2540,2569,0,forward,11,0.016256700
main,baseline,hybrid,default.qubit,4,2,2540,2569,0,forward_quantum,11,0.015476700
main,baseline,hybrid,default.qubit,4,2,2540,2569,0,forward_classical,11,0.000780000
main,baseline,hybrid,default.qubit,4,2,2540,2569,0,first_grad,11,0.033811000
main,baseline,hybrid,default.qubit,4,2,2540,2569,0,first_grad_quantum,11,0.031162800
main,baseline,hybrid,default.qubit,4,2,2540,2569,0,first_grad_classical,11,0.002648200
main,baseline,hybrid,default.qubit,4,2,2540,2569,0,second_grad,11,0.066742500
main,baseline,hybrid,default.qubit,4,2,2540,2569,0,second_grad_quantum,11,0.044238100
main,baseline,hybrid,default.qubit,4,2,2540,2569,0,second_grad_classical,11,0.022504400
main,baseline,hybrid,default.qubit,4,2,2540,2569,0,param_grad,11,0.136536800
main,baseline,hybrid,default.qubit,4,2,2540,2569,0,param_grad_quantum,11,0.060919800
main,baseline,hybrid,default.qubit,4,2,2540,2569,0,param_grad_classical,11,0.075617000
main,ctrl_n4,control,default.qubit,4,0,2540,2537,1,forward,11,0.000718700
main,ctrl_n4,control,default.qubit,4,0,2540,2537,1,first_grad,11,0.001166300
main,ctrl_n4,control,default.qubit,4,0,2540,2537,1,second_grad,11,0.002381500
main,ctrl_n4,control,default.qubit,4,0,2540,2537,1,param_grad,11,0.005924300
main,ctrl_n2,control,default.qubit,2,0,2540,2405,0,forward,11,0.000726800
main,ctrl_n2,control,default.qubit,2,0,2540,2405,0,first_grad,11,0.001023700
main,ctrl_n2,control,default.qubit,2,0,2540,2405,0,second_grad,11,0.001933000
main,ctrl_n2,control,default.qubit,2,0,2540,2405,0,param_grad,11,0.005407100
main,narrow,hybrid,default.qubit,2,2,2540,2421,0,forward,11,0.007029900
main,narrow,hybrid,default.qubit,2,2,2540,2421,0,forward_quantum,11,0.006350900
main,narrow,hybrid,default.qubit,2,2,2540,2421,0,forward_classical,11,0.000679000
main,narrow,hybrid,default.qubit,2,2,2540,2421,0,first_grad,11,0.012350300
main,narrow,hybrid,default.qubit,2,2,2540,2421,0,first_grad_quantum,11,0.010622600
main,narrow,hybrid,default.qubit,2,2,2540,2421,0,first_grad_classical,11,0.001727700
main,narrow,hybrid,default.qubit,2,2,2540,2421,0,second_grad,11,0.022904000
main,narrow,hybrid,default.qubit,2,2,2540,2421,0,second_grad_quantum,11,0.014464900
main,narrow,hybrid,default.qubit,2,2,2540,2421,0,second_grad_classical,11,0.008439100
main,narrow,hybrid,default.qubit,2,2,2540,2421,0,param_grad,11,0.047632200
main,narrow,hybrid,default.qubit,2,2,2540,2421,0,param_grad_quantum,11,0.019615200
main,narrow,hybrid,default.qubit,2,2,2540,2421,0,param_grad_classical,11,0.028017000
main,ctrl_n2,control,default.qubit,2,0,2540,2405,1,forward,11,0.000791900
main,ctrl_n2,control,default.qubit,2,0,2540,2405,1,first_grad,11,0.001311300
main,ctrl_n2,control,default.qubit,2,0,2540,2405,1,second_grad,11,0.002101300
main,ctrl_n2,control,default.qubit,2,0,2540,2405,1,param_grad,11,0.005458600
main,baseline,hybrid,default.qubit,4,2,2540,2569,2,forward,11,0.017359400
main,baseline,hybrid,default.qubit,4,2,2540,2569,2,forward_quantum,11,0.016601200
main,baseline,hybrid,default.qubit,4,2,2540,2569,2,forward_classical,11,0.000758200
main,baseline,hybrid,default.qubit,4,2,2540,2569,2,first_grad,11,0.033230100
main,baseline,hybrid,default.qubit,4,2,2540,2569,2,first_grad_quantum,11,0.030877700
main,baseline,hybrid,default.qubit,4,2,2540,2569,2,first_grad_classical,11,0.002352400
main,baseline,hybrid,default.qubit,4,2,2540,2569,2,second_grad,11,0.063946200
main,baseline,hybrid,default.qubit,4,2,2540,2569,2,second_grad_quantum,11,0.041117400
main,baseline,hybrid,default.qubit,4,2,2540,2569,2,second_grad_classical,11,0.022828800
main,baseline,hybrid,default.qubit,4,2,2540,2569,2,param_grad,11,0.132518600
main,baseline,hybrid,default.qubit,4,2,2540,2569,2,param_grad_quantum,11,0.057556400
main,baseline,hybrid,default.qubit,4,2,2540,2569,2,param_grad_classical,11,0.074962200
main,ctrl_n4,control,default.qubit,4,0,2540,2537,2,forward,11,0.000761400
main,ctrl_n4,control,default.qubit,4,0,2540,2537,2,first_grad,11,0.001299400
main,ctrl_n4,control,default.qubit,4,0,2540,2537,2,second_grad,11,0.002249700
main,ctrl_n4,control,default.qubit,4,0,2540,2537,2,param_grad,11,0.005446200
main,ctrl_n6,control,default.qubit,6,0,2540,2669,0,forward,12,0.000761200
main,ctrl_n6,control,default.qubit,6,0,2540,2669,0,first_grad,12,0.001105100
main,ctrl_n6,control,default.qubit,6,0,2540,2669,0,second_grad,12,0.002360900
main,ctrl_n6,control,default.qubit,6,0,2540,2669,0,param_grad,12,0.005029300
main,ctrl_n4,control,default.qubit,4,0,2540,2537,0,forward,12,0.000767800
main,ctrl_n4,control,default.qubit,4,0,2540,2537,0,first_grad,12,0.001073900
main,ctrl_n4,control,default.qubit,4,0,2540,2537,0,second_grad,12,0.002008500
main,ctrl_n4,control,default.qubit,4,0,2540,2537,0,param_grad,12,0.005114800
main,ctrl_n2,control,default.qubit,2,0,2540,2405,0,forward,12,0.000727200
main,ctrl_n2,control,default.qubit,2,0,2540,2405,0,first_grad,12,0.001143000
main,ctrl_n2,control,default.qubit,2,0,2540,2405,0,second_grad,12,0.002055400
main,ctrl_n2,control,default.qubit,2,0,2540,2405,0,param_grad,12,0.005145600
main,ctrl_n2,control,default.qubit,2,0,2540,2405,2,forward,12,0.000686500
main,ctrl_n2,control,default.qubit,2,0,2540,2405,2,first_grad,12,0.001012400
main,ctrl_n2,control,default.qubit,2,0,2540,2405,2,second_grad,12,0.002139200
main,ctrl_n2,control,default.qubit,2,0,2540,2405,2,param_grad,12,0.004987800
main,narrow,hybrid,default.qubit,2,2,2540,2421,1,forward,12,0.008077200
main,narrow,hybrid,default.qubit,2,2,2540,2421,1,forward_quantum,12,0.007341500
main,narrow,hybrid,default.qubit,2,2,2540,2421,1,forward_classical,12,0.000735700
main,narrow,hybrid,default.qubit,2,2,2540,2421,1,first_grad,12,0.011564900
main,narrow,hybrid,default.qubit,2,2,2540,2421,1,first_grad_quantum,12,0.010039500
main,narrow,hybrid,default.qubit,2,2,2540,2421,1,first_grad_classical,12,0.001525400
main,narrow,hybrid,default.qubit,2,2,2540,2421,1,second_grad,12,0.021712800
main,narrow,hybrid,default.qubit,2,2,2540,2421,1,second_grad_quantum,12,0.014438500
main,narrow,hybrid,default.qubit,2,2,2540,2421,1,second_grad_classical,12,0.007274300
main,narrow,hybrid,default.qubit,2,2,2540,2421,1,param_grad,12,0.043266900
main,narrow,hybrid,default.qubit,2,2,2540,2421,1,param_grad_quantum,12,0.018866200
main,narrow,hybrid,default.qubit,2,2,2540,2421,1,param_grad_classical,12,0.024400700
main,ctrl_n4,control,default.qubit,4,0,2540,2537,2,forward,12,0.000645300
main,ctrl_n4,control,default.qubit,4,0,2540,2537,2,first_grad,12,0.001004100
main,ctrl_n4,control,default.qubit,4,0,2540,2537,2,second_grad,12,0.001701500
main,ctrl_n4,control,default.qubit,4,0,2540,2537,2,param_grad,12,0.003983700
main,baseline,hybrid,default.qubit,4,2,2540,2569,2,forward,12,0.015587800
main,baseline,hybrid,default.qubit,4,2,2540,2569,2,forward_quantum,12,0.014884100
main,baseline,hybrid,default.qubit,4,2,2540,2569,2,forward_classical,12,0.000703700
main,baseline,hybrid,default.qubit,4,2,2540,2569,2,first_grad,12,0.027897000
main,baseline,hybrid,default.qubit,4,2,2540,2569,2,first_grad_quantum,12,0.025123700
main,baseline,hybrid,default.qubit,4,2,2540,2569,2,first_grad_classical,12,0.002773300
main,baseline,hybrid,default.qubit,4,2,2540,2569,2,second_grad,12,0.060431600
main,baseline,hybrid,default.qubit,4,2,2540,2569,2,second_grad_quantum,12,0.038713000
main,baseline,hybrid,default.qubit,4,2,2540,2569,2,second_grad_classical,12,0.021718600
main,baseline,hybrid,default.qubit,4,2,2540,2569,2,param_grad,12,0.144332000
main,baseline,hybrid,default.qubit,4,2,2540,2569,2,param_grad_quantum,12,0.060349000
main,baseline,hybrid,default.qubit,4,2,2540,2569,2,param_grad_classical,12,0.083983000
main,ctrl_n4,control,default.qubit,4,0,2540,2537,1,forward,12,0.000693300
main,ctrl_n4,control,default.qubit,4,0,2540,2537,1,first_grad,12,0.001398300
main,ctrl_n4,control,default.qubit,4,0,2540,2537,1,second_grad,12,0.002158000
main,ctrl_n4,control,default.qubit,4,0,2540,2537,1,param_grad,12,0.004998300
main,narrow,hybrid,default.qubit,2,2,2540,2421,0,forward,12,0.008014600
main,narrow,hybrid,default.qubit,2,2,2540,2421,0,forward_quantum,12,0.007151100
main,narrow,hybrid,default.qubit,2,2,2540,2421,0,forward_classical,12,0.000863500
main,narrow,hybrid,default.qubit,2,2,2540,2421,0,first_grad,12,0.012669800
main,narrow,hybrid,default.qubit,2,2,2540,2421,0,first_grad_quantum,12,0.010834800
main,narrow,hybrid,default.qubit,2,2,2540,2421,0,first_grad_classical,12,0.001835000
main,narrow,hybrid,default.qubit,2,2,2540,2421,0,second_grad,12,0.021587700
main,narrow,hybrid,default.qubit,2,2,2540,2421,0,second_grad_quantum,12,0.013687900
main,narrow,hybrid,default.qubit,2,2,2540,2421,0,second_grad_classical,12,0.007899800
main,narrow,hybrid,default.qubit,2,2,2540,2421,0,param_grad,12,0.044723800
main,narrow,hybrid,default.qubit,2,2,2540,2421,0,param_grad_quantum,12,0.018999600
main,narrow,hybrid,default.qubit,2,2,2540,2421,0,param_grad_classical,12,0.025724200
main,classical,classical,default.qubit,,,2540,4353,1,forward,12,0.000569700
main,classical,classical,default.qubit,,,2540,4353,1,first_grad,12,0.000903900
main,classical,classical,default.qubit,,,2540,4353,1,second_grad,12,0.001752900
main,classical,classical,default.qubit,,,2540,4353,1,param_grad,12,0.005027000
main,classical,classical,default.qubit,,,2540,4353,2,forward,12,0.000504500
main,classical,classical,default.qubit,,,2540,4353,2,first_grad,12,0.000776500
main,classical,classical,default.qubit,,,2540,4353,2,second_grad,12,0.001853400
main,classical,classical,default.qubit,,,2540,4353,2,param_grad,12,0.003752100
main,ctrl_n6,control,default.qubit,6,0,2540,2669,2,forward,12,0.000780400
main,ctrl_n6,control,default.qubit,6,0,2540,2669,2,first_grad,12,0.001138200
main,ctrl_n6,control,default.qubit,6,0,2540,2669,2,second_grad,12,0.002171400
main,ctrl_n6,control,default.qubit,6,0,2540,2669,2,param_grad,12,0.005783600
main,wide,hybrid,default.qubit,6,2,2540,2717,1,forward,12,0.032883300
main,wide,hybrid,default.qubit,6,2,2540,2717,1,forward_quantum,12,0.032096800
main,wide,hybrid,default.qubit,6,2,2540,2717,1,forward_classical,12,0.000786500
main,wide,hybrid,default.qubit,6,2,2540,2717,1,first_grad,12,0.089119600
main,wide,hybrid,default.qubit,6,2,2540,2717,1,first_grad_quantum,12,0.085121000
main,wide,hybrid,default.qubit,6,2,2540,2717,1,first_grad_classical,12,0.003998600
main,wide,hybrid,default.qubit,6,2,2540,2717,1,second_grad,12,0.165190700
main,wide,hybrid,default.qubit,6,2,2540,2717,1,second_grad_quantum,12,0.110294300
main,wide,hybrid,default.qubit,6,2,2540,2717,1,second_grad_classical,12,0.054896400
main,wide,hybrid,default.qubit,6,2,2540,2717,1,param_grad,12,0.428039800
main,wide,hybrid,default.qubit,6,2,2540,2717,1,param_grad_quantum,12,0.180209200
main,wide,hybrid,default.qubit,6,2,2540,2717,1,param_grad_classical,12,0.247830600
main,ctrl_n6,control,default.qubit,6,0,2540,2669,1,forward,12,0.000711300
main,ctrl_n6,control,default.qubit,6,0,2540,2669,1,first_grad,12,0.001221100
main,ctrl_n6,control,default.qubit,6,0,2540,2669,1,second_grad,12,0.002077200
main,ctrl_n6,control,default.qubit,6,0,2540,2669,1,param_grad,12,0.005392700
main,wide,hybrid,default.qubit,6,2,2540,2717,0,forward,12,0.030929600
main,wide,hybrid,default.qubit,6,2,2540,2717,0,forward_quantum,12,0.030185500
main,wide,hybrid,default.qubit,6,2,2540,2717,0,forward_classical,12,0.000744100
main,wide,hybrid,default.qubit,6,2,2540,2717,0,first_grad,12,0.096518200
main,wide,hybrid,default.qubit,6,2,2540,2717,0,first_grad_quantum,12,0.092597500
main,wide,hybrid,default.qubit,6,2,2540,2717,0,first_grad_classical,12,0.003920700
main,wide,hybrid,default.qubit,6,2,2540,2717,0,second_grad,12,0.160356800
main,wide,hybrid,default.qubit,6,2,2540,2717,0,second_grad_quantum,12,0.107475100
main,wide,hybrid,default.qubit,6,2,2540,2717,0,second_grad_classical,12,0.052881700
main,wide,hybrid,default.qubit,6,2,2540,2717,0,param_grad,12,0.398111000
main,wide,hybrid,default.qubit,6,2,2540,2717,0,param_grad_quantum,12,0.170773400
main,wide,hybrid,default.qubit,6,2,2540,2717,0,param_grad_classical,12,0.227337600
main,wide,hybrid,default.qubit,6,2,2540,2717,2,forward,12,0.030299700
main,wide,hybrid,default.qubit,6,2,2540,2717,2,forward_quantum,12,0.029574200
main,wide,hybrid,default.qubit,6,2,2540,2717,2,forward_classical,12,0.000725500
main,wide,hybrid,default.qubit,6,2,2540,2717,2,first_grad,12,0.085822000
main,wide,hybrid,default.qubit,6,2,2540,2717,2,first_grad_quantum,12,0.081442900
main,wide,hybrid,default.qubit,6,2,2540,2717,2,first_grad_classical,12,0.004379100
main,wide,hybrid,default.qubit,6,2,2540,2717,2,second_grad,12,0.152352500
main,wide,hybrid,default.qubit,6,2,2540,2717,2,second_grad_quantum,12,0.101126400
main,wide,hybrid,default.qubit,6,2,2540,2717,2,second_grad_classical,12,0.051226100
main,wide,hybrid,default.qubit,6,2,2540,2717,2,param_grad,12,0.403316900
main,wide,hybrid,default.qubit,6,2,2540,2717,2,param_grad_quantum,12,0.164137600
main,wide,hybrid,default.qubit,6,2,2540,2717,2,param_grad_classical,12,0.239179300
main,baseline,hybrid,default.qubit,4,2,2540,2569,1,forward,12,0.016366900
main,baseline,hybrid,default.qubit,4,2,2540,2569,1,forward_quantum,12,0.015608600
main,baseline,hybrid,default.qubit,4,2,2540,2569,1,forward_classical,12,0.000758300
main,baseline,hybrid,default.qubit,4,2,2540,2569,1,first_grad,12,0.035048800
main,baseline,hybrid,default.qubit,4,2,2540,2569,1,first_grad_quantum,12,0.032343400
main,baseline,hybrid,default.qubit,4,2,2540,2569,1,first_grad_classical,12,0.002705400
main,baseline,hybrid,default.qubit,4,2,2540,2569,1,second_grad,12,0.064017300
main,baseline,hybrid,default.qubit,4,2,2540,2569,1,second_grad_quantum,12,0.042142900
main,baseline,hybrid,default.qubit,4,2,2540,2569,1,second_grad_classical,12,0.021874400
main,baseline,hybrid,default.qubit,4,2,2540,2569,1,param_grad,12,0.132432900
main,baseline,hybrid,default.qubit,4,2,2540,2569,1,param_grad_quantum,12,0.061194700
main,baseline,hybrid,default.qubit,4,2,2540,2569,1,param_grad_classical,12,0.071238200
main,ctrl_n2,control,default.qubit,2,0,2540,2405,1,forward,12,0.000871200
main,ctrl_n2,control,default.qubit,2,0,2540,2405,1,first_grad,12,0.001188500
main,ctrl_n2,control,default.qubit,2,0,2540,2405,1,second_grad,12,0.001884000
main,ctrl_n2,control,default.qubit,2,0,2540,2405,1,param_grad,12,0.004319700
main,deep,hybrid,default.qubit,4,4,2540,2601,1,forward,12,0.027987400
main,deep,hybrid,default.qubit,4,4,2540,2601,1,forward_quantum,12,0.027212200
main,deep,hybrid,default.qubit,4,4,2540,2601,1,forward_classical,12,0.000775200
main,deep,hybrid,default.qubit,4,4,2540,2601,1,first_grad,12,0.053459400
main,deep,hybrid,default.qubit,4,4,2540,2601,1,first_grad_quantum,12,0.049851500
main,deep,hybrid,default.qubit,4,4,2540,2601,1,first_grad_classical,12,0.003607900
main,deep,hybrid,default.qubit,4,4,2540,2601,1,second_grad,12,0.104996100
main,deep,hybrid,default.qubit,4,4,2540,2601,1,second_grad_quantum,12,0.073126400
main,deep,hybrid,default.qubit,4,4,2540,2601,1,second_grad_classical,12,0.031869700
main,deep,hybrid,default.qubit,4,4,2540,2601,1,param_grad,12,0.206674400
main,deep,hybrid,default.qubit,4,4,2540,2601,1,param_grad_quantum,12,0.093375300
main,deep,hybrid,default.qubit,4,4,2540,2601,1,param_grad_classical,12,0.113299100
main,classical,classical,default.qubit,,,2540,4353,0,forward,12,0.000486700
main,classical,classical,default.qubit,,,2540,4353,0,first_grad,12,0.000702900
main,classical,classical,default.qubit,,,2540,4353,0,second_grad,12,0.001365100
main,classical,classical,default.qubit,,,2540,4353,0,param_grad,12,0.004812500
main,deep,hybrid,default.qubit,4,4,2540,2601,0,forward,12,0.030353100
main,deep,hybrid,default.qubit,4,4,2540,2601,0,forward_quantum,12,0.029461700
main,deep,hybrid,default.qubit,4,4,2540,2601,0,forward_classical,12,0.000891400
main,deep,hybrid,default.qubit,4,4,2540,2601,0,first_grad,12,0.053687100
main,deep,hybrid,default.qubit,4,4,2540,2601,0,first_grad_quantum,12,0.050450300
main,deep,hybrid,default.qubit,4,4,2540,2601,0,first_grad_classical,12,0.003236800
main,deep,hybrid,default.qubit,4,4,2540,2601,0,second_grad,12,0.094933500
main,deep,hybrid,default.qubit,4,4,2540,2601,0,second_grad_quantum,12,0.066226800
main,deep,hybrid,default.qubit,4,4,2540,2601,0,second_grad_classical,12,0.028706700
main,deep,hybrid,default.qubit,4,4,2540,2601,0,param_grad,12,0.212045500
main,deep,hybrid,default.qubit,4,4,2540,2601,0,param_grad_quantum,12,0.100028400
main,deep,hybrid,default.qubit,4,4,2540,2601,0,param_grad_classical,12,0.112017100
main,baseline,hybrid,default.qubit,4,2,2540,2569,0,forward,12,0.016102200
main,baseline,hybrid,default.qubit,4,2,2540,2569,0,forward_quantum,12,0.015375600
main,baseline,hybrid,default.qubit,4,2,2540,2569,0,forward_classical,12,0.000726600
main,baseline,hybrid,default.qubit,4,2,2540,2569,0,first_grad,12,0.030432000
main,baseline,hybrid,default.qubit,4,2,2540,2569,0,first_grad_quantum,12,0.027777500
main,baseline,hybrid,default.qubit,4,2,2540,2569,0,first_grad_classical,12,0.002654500
main,baseline,hybrid,default.qubit,4,2,2540,2569,0,second_grad,12,0.065747900
main,baseline,hybrid,default.qubit,4,2,2540,2569,0,second_grad_quantum,12,0.044027700
main,baseline,hybrid,default.qubit,4,2,2540,2569,0,second_grad_classical,12,0.021720200
main,baseline,hybrid,default.qubit,4,2,2540,2569,0,param_grad,12,0.127957600
main,baseline,hybrid,default.qubit,4,2,2540,2569,0,param_grad_quantum,12,0.058487900
main,baseline,hybrid,default.qubit,4,2,2540,2569,0,param_grad_classical,12,0.069469700
main,deep,hybrid,default.qubit,4,4,2540,2601,2,forward,12,0.027442000
main,deep,hybrid,default.qubit,4,4,2540,2601,2,forward_quantum,12,0.026693600
main,deep,hybrid,default.qubit,4,4,2540,2601,2,forward_classical,12,0.000748400
main,deep,hybrid,default.qubit,4,4,2540,2601,2,first_grad,12,0.052955600
main,deep,hybrid,default.qubit,4,4,2540,2601,2,first_grad_quantum,12,0.049595800
main,deep,hybrid,default.qubit,4,4,2540,2601,2,first_grad_classical,12,0.003359800
main,deep,hybrid,default.qubit,4,4,2540,2601,2,second_grad,12,0.087602400
main,deep,hybrid,default.qubit,4,4,2540,2601,2,second_grad_quantum,12,0.059364800
main,deep,hybrid,default.qubit,4,4,2540,2601,2,second_grad_classical,12,0.028237600
main,deep,hybrid,default.qubit,4,4,2540,2601,2,param_grad,12,0.200920300
main,deep,hybrid,default.qubit,4,4,2540,2601,2,param_grad_quantum,12,0.087618600
main,deep,hybrid,default.qubit,4,4,2540,2601,2,param_grad_classical,12,0.113301700
main,narrow,hybrid,default.qubit,2,2,2540,2421,2,forward,12,0.008092300
main,narrow,hybrid,default.qubit,2,2,2540,2421,2,forward_quantum,12,0.007376600
main,narrow,hybrid,default.qubit,2,2,2540,2421,2,forward_classical,12,0.000715700
main,narrow,hybrid,default.qubit,2,2,2540,2421,2,first_grad,12,0.010138200
main,narrow,hybrid,default.qubit,2,2,2540,2421,2,first_grad_quantum,12,0.008699800
main,narrow,hybrid,default.qubit,2,2,2540,2421,2,first_grad_classical,12,0.001438400
main,narrow,hybrid,default.qubit,2,2,2540,2421,2,second_grad,12,0.020024800
main,narrow,hybrid,default.qubit,2,2,2540,2421,2,second_grad_quantum,12,0.012298300
main,narrow,hybrid,default.qubit,2,2,2540,2421,2,second_grad_classical,12,0.007726500
main,narrow,hybrid,default.qubit,2,2,2540,2421,2,param_grad,12,0.037744200
main,narrow,hybrid,default.qubit,2,2,2540,2421,2,param_grad_quantum,12,0.016869100
main,narrow,hybrid,default.qubit,2,2,2540,2421,2,param_grad_classical,12,0.020875100
main,ctrl_n4,control,default.qubit,4,0,2540,2537,0,forward,13,0.000693300
main,ctrl_n4,control,default.qubit,4,0,2540,2537,0,first_grad,13,0.001123800
main,ctrl_n4,control,default.qubit,4,0,2540,2537,0,second_grad,13,0.001947900
main,ctrl_n4,control,default.qubit,4,0,2540,2537,0,param_grad,13,0.004459100
main,wide,hybrid,default.qubit,6,2,2540,2717,1,forward,13,0.031459200
main,wide,hybrid,default.qubit,6,2,2540,2717,1,forward_quantum,13,0.030666600
main,wide,hybrid,default.qubit,6,2,2540,2717,1,forward_classical,13,0.000792600
main,wide,hybrid,default.qubit,6,2,2540,2717,1,first_grad,13,0.085327000
main,wide,hybrid,default.qubit,6,2,2540,2717,1,first_grad_quantum,13,0.081436500
main,wide,hybrid,default.qubit,6,2,2540,2717,1,first_grad_classical,13,0.003890500
main,wide,hybrid,default.qubit,6,2,2540,2717,1,second_grad,13,0.159515400
main,wide,hybrid,default.qubit,6,2,2540,2717,1,second_grad_quantum,13,0.106472400
main,wide,hybrid,default.qubit,6,2,2540,2717,1,second_grad_classical,13,0.053043000
main,wide,hybrid,default.qubit,6,2,2540,2717,1,param_grad,13,0.417850100
main,wide,hybrid,default.qubit,6,2,2540,2717,1,param_grad_quantum,13,0.170645400
main,wide,hybrid,default.qubit,6,2,2540,2717,1,param_grad_classical,13,0.247204700
main,ctrl_n4,control,default.qubit,4,0,2540,2537,2,forward,13,0.000684000
main,ctrl_n4,control,default.qubit,4,0,2540,2537,2,first_grad,13,0.001072700
main,ctrl_n4,control,default.qubit,4,0,2540,2537,2,second_grad,13,0.002143500
main,ctrl_n4,control,default.qubit,4,0,2540,2537,2,param_grad,13,0.004514300
main,classical,classical,default.qubit,,,2540,4353,2,forward,13,0.000526600
main,classical,classical,default.qubit,,,2540,4353,2,first_grad,13,0.000772100
main,classical,classical,default.qubit,,,2540,4353,2,second_grad,13,0.001743400
main,classical,classical,default.qubit,,,2540,4353,2,param_grad,13,0.004987800
main,narrow,hybrid,default.qubit,2,2,2540,2421,1,forward,13,0.008187400
main,narrow,hybrid,default.qubit,2,2,2540,2421,1,forward_quantum,13,0.007393200
main,narrow,hybrid,default.qubit,2,2,2540,2421,1,forward_classical,13,0.000794200
main,narrow,hybrid,default.qubit,2,2,2540,2421,1,first_grad,13,0.012427800
main,narrow,hybrid,default.qubit,2,2,2540,2421,1,first_grad_quantum,13,0.010688700
main,narrow,hybrid,default.qubit,2,2,2540,2421,1,first_grad_classical,13,0.001739100
main,narrow,hybrid,default.qubit,2,2,2540,2421,1,second_grad,13,0.019431000
main,narrow,hybrid,default.qubit,2,2,2540,2421,1,second_grad_quantum,13,0.012892000
main,narrow,hybrid,default.qubit,2,2,2540,2421,1,second_grad_classical,13,0.006539000
main,narrow,hybrid,default.qubit,2,2,2540,2421,1,param_grad,13,0.044396800
main,narrow,hybrid,default.qubit,2,2,2540,2421,1,param_grad_quantum,13,0.019359900
main,narrow,hybrid,default.qubit,2,2,2540,2421,1,param_grad_classical,13,0.025036900
main,baseline,hybrid,default.qubit,4,2,2540,2569,2,forward,13,0.017323700
main,baseline,hybrid,default.qubit,4,2,2540,2569,2,forward_quantum,13,0.016549800
main,baseline,hybrid,default.qubit,4,2,2540,2569,2,forward_classical,13,0.000773900
main,baseline,hybrid,default.qubit,4,2,2540,2569,2,first_grad,13,0.034400200
main,baseline,hybrid,default.qubit,4,2,2540,2569,2,first_grad_quantum,13,0.031901700
main,baseline,hybrid,default.qubit,4,2,2540,2569,2,first_grad_classical,13,0.002498500
main,baseline,hybrid,default.qubit,4,2,2540,2569,2,second_grad,13,0.064819200
main,baseline,hybrid,default.qubit,4,2,2540,2569,2,second_grad_quantum,13,0.042581600
main,baseline,hybrid,default.qubit,4,2,2540,2569,2,second_grad_classical,13,0.022237600
main,baseline,hybrid,default.qubit,4,2,2540,2569,2,param_grad,13,0.128379000
main,baseline,hybrid,default.qubit,4,2,2540,2569,2,param_grad_quantum,13,0.056237600
main,baseline,hybrid,default.qubit,4,2,2540,2569,2,param_grad_classical,13,0.072141400
main,ctrl_n6,control,default.qubit,6,0,2540,2669,0,forward,13,0.000707500
main,ctrl_n6,control,default.qubit,6,0,2540,2669,0,first_grad,13,0.001303900
main,ctrl_n6,control,default.qubit,6,0,2540,2669,0,second_grad,13,0.002161600
main,ctrl_n6,control,default.qubit,6,0,2540,2669,0,param_grad,13,0.005450500
main,ctrl_n2,control,default.qubit,2,0,2540,2405,2,forward,13,0.000710100
main,ctrl_n2,control,default.qubit,2,0,2540,2405,2,first_grad,13,0.001089900
main,ctrl_n2,control,default.qubit,2,0,2540,2405,2,second_grad,13,0.002275500
main,ctrl_n2,control,default.qubit,2,0,2540,2405,2,param_grad,13,0.005568100
main,narrow,hybrid,default.qubit,2,2,2540,2421,0,forward,13,0.008017600
main,narrow,hybrid,default.qubit,2,2,2540,2421,0,forward_quantum,13,0.007229100
main,narrow,hybrid,default.qubit,2,2,2540,2421,0,forward_classical,13,0.000788500
main,narrow,hybrid,default.qubit,2,2,2540,2421,0,first_grad,13,0.012149700
main,narrow,hybrid,default.qubit,2,2,2540,2421,0,first_grad_quantum,13,0.010450300
main,narrow,hybrid,default.qubit,2,2,2540,2421,0,first_grad_classical,13,0.001699400
main,narrow,hybrid,default.qubit,2,2,2540,2421,0,second_grad,13,0.021673600
main,narrow,hybrid,default.qubit,2,2,2540,2421,0,second_grad_quantum,13,0.014119600
main,narrow,hybrid,default.qubit,2,2,2540,2421,0,second_grad_classical,13,0.007554000
main,narrow,hybrid,default.qubit,2,2,2540,2421,0,param_grad,13,0.047954300
main,narrow,hybrid,default.qubit,2,2,2540,2421,0,param_grad_quantum,13,0.019853600
main,narrow,hybrid,default.qubit,2,2,2540,2421,0,param_grad_classical,13,0.028100700
main,ctrl_n2,control,default.qubit,2,0,2540,2405,0,forward,13,0.000721200
main,ctrl_n2,control,default.qubit,2,0,2540,2405,0,first_grad,13,0.001246500
main,ctrl_n2,control,default.qubit,2,0,2540,2405,0,second_grad,13,0.001996600
main,ctrl_n2,control,default.qubit,2,0,2540,2405,0,param_grad,13,0.005313400
main,narrow,hybrid,default.qubit,2,2,2540,2421,2,forward,13,0.006662400
main,narrow,hybrid,default.qubit,2,2,2540,2421,2,forward_quantum,13,0.006008700
main,narrow,hybrid,default.qubit,2,2,2540,2421,2,forward_classical,13,0.000653700
main,narrow,hybrid,default.qubit,2,2,2540,2421,2,first_grad,13,0.009755600
main,narrow,hybrid,default.qubit,2,2,2540,2421,2,first_grad_quantum,13,0.008390900
main,narrow,hybrid,default.qubit,2,2,2540,2421,2,first_grad_classical,13,0.001364700
main,narrow,hybrid,default.qubit,2,2,2540,2421,2,second_grad,13,0.020720700
main,narrow,hybrid,default.qubit,2,2,2540,2421,2,second_grad_quantum,13,0.013444100
main,narrow,hybrid,default.qubit,2,2,2540,2421,2,second_grad_classical,13,0.007276600
main,narrow,hybrid,default.qubit,2,2,2540,2421,2,param_grad,13,0.037233300
main,narrow,hybrid,default.qubit,2,2,2540,2421,2,param_grad_quantum,13,0.016596000
main,narrow,hybrid,default.qubit,2,2,2540,2421,2,param_grad_classical,13,0.020637300
main,baseline,hybrid,default.qubit,4,2,2540,2569,1,forward,13,0.016499800
main,baseline,hybrid,default.qubit,4,2,2540,2569,1,forward_quantum,13,0.015760500
main,baseline,hybrid,default.qubit,4,2,2540,2569,1,forward_classical,13,0.000739300
main,baseline,hybrid,default.qubit,4,2,2540,2569,1,first_grad,13,0.028053900
main,baseline,hybrid,default.qubit,4,2,2540,2569,1,first_grad_quantum,13,0.025957200
main,baseline,hybrid,default.qubit,4,2,2540,2569,1,first_grad_classical,13,0.002096700
main,baseline,hybrid,default.qubit,4,2,2540,2569,1,second_grad,13,0.058100800
main,baseline,hybrid,default.qubit,4,2,2540,2569,1,second_grad_quantum,13,0.037664000
main,baseline,hybrid,default.qubit,4,2,2540,2569,1,second_grad_classical,13,0.020436800
main,baseline,hybrid,default.qubit,4,2,2540,2569,1,param_grad,13,0.129074000
main,baseline,hybrid,default.qubit,4,2,2540,2569,1,param_grad_quantum,13,0.059869000
main,baseline,hybrid,default.qubit,4,2,2540,2569,1,param_grad_classical,13,0.069205000
main,wide,hybrid,default.qubit,6,2,2540,2717,2,forward,13,0.030980200
main,wide,hybrid,default.qubit,6,2,2540,2717,2,forward_quantum,13,0.030210700
main,wide,hybrid,default.qubit,6,2,2540,2717,2,forward_classical,13,0.000769500
main,wide,hybrid,default.qubit,6,2,2540,2717,2,first_grad,13,0.083050500
main,wide,hybrid,default.qubit,6,2,2540,2717,2,first_grad_quantum,13,0.079031200
main,wide,hybrid,default.qubit,6,2,2540,2717,2,first_grad_classical,13,0.004019300
main,wide,hybrid,default.qubit,6,2,2540,2717,2,second_grad,13,0.156958900
main,wide,hybrid,default.qubit,6,2,2540,2717,2,second_grad_quantum,13,0.104976600
main,wide,hybrid,default.qubit,6,2,2540,2717,2,second_grad_classical,13,0.051982300
main,wide,hybrid,default.qubit,6,2,2540,2717,2,param_grad,13,0.418044300
main,wide,hybrid,default.qubit,6,2,2540,2717,2,param_grad_quantum,13,0.166058200
main,wide,hybrid,default.qubit,6,2,2540,2717,2,param_grad_classical,13,0.251986100
main,deep,hybrid,default.qubit,4,4,2540,2601,0,forward,13,0.027412100
main,deep,hybrid,default.qubit,4,4,2540,2601,0,forward_quantum,13,0.026589000
main,deep,hybrid,default.qubit,4,4,2540,2601,0,forward_classical,13,0.000823100
main,deep,hybrid,default.qubit,4,4,2540,2601,0,first_grad,13,0.060240300
main,deep,hybrid,default.qubit,4,4,2540,2601,0,first_grad_quantum,13,0.056688800
main,deep,hybrid,default.qubit,4,4,2540,2601,0,first_grad_classical,13,0.003551500
main,deep,hybrid,default.qubit,4,4,2540,2601,0,second_grad,13,0.100233300
main,deep,hybrid,default.qubit,4,4,2540,2601,0,second_grad_quantum,13,0.070639100
main,deep,hybrid,default.qubit,4,4,2540,2601,0,second_grad_classical,13,0.029594200
main,deep,hybrid,default.qubit,4,4,2540,2601,0,param_grad,13,0.213075800
main,deep,hybrid,default.qubit,4,4,2540,2601,0,param_grad_quantum,13,0.096925900
main,deep,hybrid,default.qubit,4,4,2540,2601,0,param_grad_classical,13,0.116149900
main,ctrl_n2,control,default.qubit,2,0,2540,2405,1,forward,13,0.000729500
main,ctrl_n2,control,default.qubit,2,0,2540,2405,1,first_grad,13,0.001166100
main,ctrl_n2,control,default.qubit,2,0,2540,2405,1,second_grad,13,0.001988200
main,ctrl_n2,control,default.qubit,2,0,2540,2405,1,param_grad,13,0.005698900
main,ctrl_n6,control,default.qubit,6,0,2540,2669,2,forward,13,0.000749800
main,ctrl_n6,control,default.qubit,6,0,2540,2669,2,first_grad,13,0.001110800
main,ctrl_n6,control,default.qubit,6,0,2540,2669,2,second_grad,13,0.002219200
main,ctrl_n6,control,default.qubit,6,0,2540,2669,2,param_grad,13,0.005000900
main,ctrl_n4,control,default.qubit,4,0,2540,2537,1,forward,13,0.000727400
main,ctrl_n4,control,default.qubit,4,0,2540,2537,1,first_grad,13,0.001194000
main,ctrl_n4,control,default.qubit,4,0,2540,2537,1,second_grad,13,0.002214500
main,ctrl_n4,control,default.qubit,4,0,2540,2537,1,param_grad,13,0.005980600
main,classical,classical,default.qubit,,,2540,4353,1,forward,13,0.000544300
main,classical,classical,default.qubit,,,2540,4353,1,first_grad,13,0.000932000
main,classical,classical,default.qubit,,,2540,4353,1,second_grad,13,0.001710500
main,classical,classical,default.qubit,,,2540,4353,1,param_grad,13,0.005255900
main,classical,classical,default.qubit,,,2540,4353,0,forward,13,0.000528000
main,classical,classical,default.qubit,,,2540,4353,0,first_grad,13,0.000806900
main,classical,classical,default.qubit,,,2540,4353,0,second_grad,13,0.001836600
main,classical,classical,default.qubit,,,2540,4353,0,param_grad,13,0.005124500
main,baseline,hybrid,default.qubit,4,2,2540,2569,0,forward,13,0.017818000
main,baseline,hybrid,default.qubit,4,2,2540,2569,0,forward_quantum,13,0.016886200
main,baseline,hybrid,default.qubit,4,2,2540,2569,0,forward_classical,13,0.000931800
main,baseline,hybrid,default.qubit,4,2,2540,2569,0,first_grad,13,0.031056800
main,baseline,hybrid,default.qubit,4,2,2540,2569,0,first_grad_quantum,13,0.028331000
main,baseline,hybrid,default.qubit,4,2,2540,2569,0,first_grad_classical,13,0.002725800
main,baseline,hybrid,default.qubit,4,2,2540,2569,0,second_grad,13,0.063814700
main,baseline,hybrid,default.qubit,4,2,2540,2569,0,second_grad_quantum,13,0.045235400
main,baseline,hybrid,default.qubit,4,2,2540,2569,0,second_grad_classical,13,0.018579300
main,baseline,hybrid,default.qubit,4,2,2540,2569,0,param_grad,13,0.137007400
main,baseline,hybrid,default.qubit,4,2,2540,2569,0,param_grad_quantum,13,0.059896600
main,baseline,hybrid,default.qubit,4,2,2540,2569,0,param_grad_classical,13,0.077110800
main,deep,hybrid,default.qubit,4,4,2540,2601,2,forward,13,0.028577600
main,deep,hybrid,default.qubit,4,4,2540,2601,2,forward_quantum,13,0.027800500
main,deep,hybrid,default.qubit,4,4,2540,2601,2,forward_classical,13,0.000777100
main,deep,hybrid,default.qubit,4,4,2540,2601,2,first_grad,13,0.055144600
main,deep,hybrid,default.qubit,4,4,2540,2601,2,first_grad_quantum,13,0.051764700
main,deep,hybrid,default.qubit,4,4,2540,2601,2,first_grad_classical,13,0.003379900
main,deep,hybrid,default.qubit,4,4,2540,2601,2,second_grad,13,0.099291300
main,deep,hybrid,default.qubit,4,4,2540,2601,2,second_grad_quantum,13,0.068993700
main,deep,hybrid,default.qubit,4,4,2540,2601,2,second_grad_classical,13,0.030297600
main,deep,hybrid,default.qubit,4,4,2540,2601,2,param_grad,13,0.205064500
main,deep,hybrid,default.qubit,4,4,2540,2601,2,param_grad_quantum,13,0.093924300
main,deep,hybrid,default.qubit,4,4,2540,2601,2,param_grad_classical,13,0.111140200
main,deep,hybrid,default.qubit,4,4,2540,2601,1,forward,13,0.027005700
main,deep,hybrid,default.qubit,4,4,2540,2601,1,forward_quantum,13,0.026077200
main,deep,hybrid,default.qubit,4,4,2540,2601,1,forward_classical,13,0.000928500
main,deep,hybrid,default.qubit,4,4,2540,2601,1,first_grad,13,0.050349600
main,deep,hybrid,default.qubit,4,4,2540,2601,1,first_grad_quantum,13,0.047109700
main,deep,hybrid,default.qubit,4,4,2540,2601,1,first_grad_classical,13,0.003239900
main,deep,hybrid,default.qubit,4,4,2540,2601,1,second_grad,13,0.097994000
main,deep,hybrid,default.qubit,4,4,2540,2601,1,second_grad_quantum,13,0.068250600
main,deep,hybrid,default.qubit,4,4,2540,2601,1,second_grad_classical,13,0.029743400
main,deep,hybrid,default.qubit,4,4,2540,2601,1,param_grad,13,0.212601700
main,deep,hybrid,default.qubit,4,4,2540,2601,1,param_grad_quantum,13,0.097161800
main,deep,hybrid,default.qubit,4,4,2540,2601,1,param_grad_classical,13,0.115439900
main,ctrl_n6,control,default.qubit,6,0,2540,2669,1,forward,13,0.000693400
main,ctrl_n6,control,default.qubit,6,0,2540,2669,1,first_grad,13,0.001155200
main,ctrl_n6,control,default.qubit,6,0,2540,2669,1,second_grad,13,0.002073900
main,ctrl_n6,control,default.qubit,6,0,2540,2669,1,param_grad,13,0.004990600
main,wide,hybrid,default.qubit,6,2,2540,2717,0,forward,13,0.032350100
main,wide,hybrid,default.qubit,6,2,2540,2717,0,forward_quantum,13,0.031573800
main,wide,hybrid,default.qubit,6,2,2540,2717,0,forward_classical,13,0.000776300
main,wide,hybrid,default.qubit,6,2,2540,2717,0,first_grad,13,0.082743500
main,wide,hybrid,default.qubit,6,2,2540,2717,0,first_grad_quantum,13,0.078989400
main,wide,hybrid,default.qubit,6,2,2540,2717,0,first_grad_classical,13,0.003754100
main,wide,hybrid,default.qubit,6,2,2540,2717,0,second_grad,13,0.160721600
main,wide,hybrid,default.qubit,6,2,2540,2717,0,second_grad_quantum,13,0.106694800
main,wide,hybrid,default.qubit,6,2,2540,2717,0,second_grad_classical,13,0.054026800
main,wide,hybrid,default.qubit,6,2,2540,2717,0,param_grad,13,0.436899000
main,wide,hybrid,default.qubit,6,2,2540,2717,0,param_grad_quantum,13,0.170977700
main,wide,hybrid,default.qubit,6,2,2540,2717,0,param_grad_classical,13,0.265921300
main,ctrl_n6,control,default.qubit,6,0,2540,2669,0,forward,14,0.000714000
main,ctrl_n6,control,default.qubit,6,0,2540,2669,0,first_grad,14,0.001244000
main,ctrl_n6,control,default.qubit,6,0,2540,2669,0,second_grad,14,0.002610500
main,ctrl_n6,control,default.qubit,6,0,2540,2669,0,param_grad,14,0.004310700
main,deep,hybrid,default.qubit,4,4,2540,2601,2,forward,14,0.025539100
main,deep,hybrid,default.qubit,4,4,2540,2601,2,forward_quantum,14,0.024845500
main,deep,hybrid,default.qubit,4,4,2540,2601,2,forward_classical,14,0.000693600
main,deep,hybrid,default.qubit,4,4,2540,2601,2,first_grad,14,0.063788100
main,deep,hybrid,default.qubit,4,4,2540,2601,2,first_grad_quantum,14,0.060310900
main,deep,hybrid,default.qubit,4,4,2540,2601,2,first_grad_classical,14,0.003477200
main,deep,hybrid,default.qubit,4,4,2540,2601,2,second_grad,14,0.110942000
main,deep,hybrid,default.qubit,4,4,2540,2601,2,second_grad_quantum,14,0.075948800
main,deep,hybrid,default.qubit,4,4,2540,2601,2,second_grad_classical,14,0.034993200
main,deep,hybrid,default.qubit,4,4,2540,2601,2,param_grad,14,0.210621600
main,deep,hybrid,default.qubit,4,4,2540,2601,2,param_grad_quantum,14,0.095357600
main,deep,hybrid,default.qubit,4,4,2540,2601,2,param_grad_classical,14,0.115264000
main,ctrl_n2,control,default.qubit,2,0,2540,2405,0,forward,14,0.000696900
main,ctrl_n2,control,default.qubit,2,0,2540,2405,0,first_grad,14,0.001159500
main,ctrl_n2,control,default.qubit,2,0,2540,2405,0,second_grad,14,0.001964500
main,ctrl_n2,control,default.qubit,2,0,2540,2405,0,param_grad,14,0.004720800
main,ctrl_n6,control,default.qubit,6,0,2540,2669,2,forward,14,0.000718400
main,ctrl_n6,control,default.qubit,6,0,2540,2669,2,first_grad,14,0.001118600
main,ctrl_n6,control,default.qubit,6,0,2540,2669,2,second_grad,14,0.002336000
main,ctrl_n6,control,default.qubit,6,0,2540,2669,2,param_grad,14,0.005720500
main,deep,hybrid,default.qubit,4,4,2540,2601,1,forward,14,0.027695600
main,deep,hybrid,default.qubit,4,4,2540,2601,1,forward_quantum,14,0.026904700
main,deep,hybrid,default.qubit,4,4,2540,2601,1,forward_classical,14,0.000790900
main,deep,hybrid,default.qubit,4,4,2540,2601,1,first_grad,14,0.048142800
main,deep,hybrid,default.qubit,4,4,2540,2601,1,first_grad_quantum,14,0.044863200
main,deep,hybrid,default.qubit,4,4,2540,2601,1,first_grad_classical,14,0.003279600
main,deep,hybrid,default.qubit,4,4,2540,2601,1,second_grad,14,0.099693700
main,deep,hybrid,default.qubit,4,4,2540,2601,1,second_grad_quantum,14,0.068322400
main,deep,hybrid,default.qubit,4,4,2540,2601,1,second_grad_classical,14,0.031371300
main,deep,hybrid,default.qubit,4,4,2540,2601,1,param_grad,14,0.215861100
main,deep,hybrid,default.qubit,4,4,2540,2601,1,param_grad_quantum,14,0.099074100
main,deep,hybrid,default.qubit,4,4,2540,2601,1,param_grad_classical,14,0.116787000
main,ctrl_n4,control,default.qubit,4,0,2540,2537,2,forward,14,0.000650100
main,ctrl_n4,control,default.qubit,4,0,2540,2537,2,first_grad,14,0.001055300
main,ctrl_n4,control,default.qubit,4,0,2540,2537,2,second_grad,14,0.001996400
main,ctrl_n4,control,default.qubit,4,0,2540,2537,2,param_grad,14,0.004349400
main,wide,hybrid,default.qubit,6,2,2540,2717,2,forward,14,0.033183200
main,wide,hybrid,default.qubit,6,2,2540,2717,2,forward_quantum,14,0.032360500
main,wide,hybrid,default.qubit,6,2,2540,2717,2,forward_classical,14,0.000822700
main,wide,hybrid,default.qubit,6,2,2540,2717,2,first_grad,14,0.083615800
main,wide,hybrid,default.qubit,6,2,2540,2717,2,first_grad_quantum,14,0.079616000
main,wide,hybrid,default.qubit,6,2,2540,2717,2,first_grad_classical,14,0.003999800
main,wide,hybrid,default.qubit,6,2,2540,2717,2,second_grad,14,0.157166200
main,wide,hybrid,default.qubit,6,2,2540,2717,2,second_grad_quantum,14,0.103513600
main,wide,hybrid,default.qubit,6,2,2540,2717,2,second_grad_classical,14,0.053652600
main,wide,hybrid,default.qubit,6,2,2540,2717,2,param_grad,14,0.405979800
main,wide,hybrid,default.qubit,6,2,2540,2717,2,param_grad_quantum,14,0.169727800
main,wide,hybrid,default.qubit,6,2,2540,2717,2,param_grad_classical,14,0.236252000
main,classical,classical,default.qubit,,,2540,4353,0,forward,14,0.000534000
main,classical,classical,default.qubit,,,2540,4353,0,first_grad,14,0.000841300
main,classical,classical,default.qubit,,,2540,4353,0,second_grad,14,0.001839500
main,classical,classical,default.qubit,,,2540,4353,0,param_grad,14,0.005258800
main,deep,hybrid,default.qubit,4,4,2540,2601,0,forward,14,0.027069600
main,deep,hybrid,default.qubit,4,4,2540,2601,0,forward_quantum,14,0.026205200
main,deep,hybrid,default.qubit,4,4,2540,2601,0,forward_classical,14,0.000864400
main,deep,hybrid,default.qubit,4,4,2540,2601,0,first_grad,14,0.058214200
main,deep,hybrid,default.qubit,4,4,2540,2601,0,first_grad_quantum,14,0.054916700
main,deep,hybrid,default.qubit,4,4,2540,2601,0,first_grad_classical,14,0.003297500
main,deep,hybrid,default.qubit,4,4,2540,2601,0,second_grad,14,0.102155600
main,deep,hybrid,default.qubit,4,4,2540,2601,0,second_grad_quantum,14,0.069121800
main,deep,hybrid,default.qubit,4,4,2540,2601,0,second_grad_classical,14,0.033033800
main,deep,hybrid,default.qubit,4,4,2540,2601,0,param_grad,14,0.219816400
main,deep,hybrid,default.qubit,4,4,2540,2601,0,param_grad_quantum,14,0.099988300
main,deep,hybrid,default.qubit,4,4,2540,2601,0,param_grad_classical,14,0.119828100
main,narrow,hybrid,default.qubit,2,2,2540,2421,1,forward,14,0.007761500
main,narrow,hybrid,default.qubit,2,2,2540,2421,1,forward_quantum,14,0.007067400
main,narrow,hybrid,default.qubit,2,2,2540,2421,1,forward_classical,14,0.000694100
main,narrow,hybrid,default.qubit,2,2,2540,2421,1,first_grad,14,0.012174500
main,narrow,hybrid,default.qubit,2,2,2540,2421,1,first_grad_quantum,14,0.010508800
main,narrow,hybrid,default.qubit,2,2,2540,2421,1,first_grad_classical,14,0.001665700
main,narrow,hybrid,default.qubit,2,2,2540,2421,1,second_grad,14,0.022646700
main,narrow,hybrid,default.qubit,2,2,2540,2421,1,second_grad_quantum,14,0.014089500
main,narrow,hybrid,default.qubit,2,2,2540,2421,1,second_grad_classical,14,0.008557200
main,narrow,hybrid,default.qubit,2,2,2540,2421,1,param_grad,14,0.042872300
main,narrow,hybrid,default.qubit,2,2,2540,2421,1,param_grad_quantum,14,0.018658000
main,narrow,hybrid,default.qubit,2,2,2540,2421,1,param_grad_classical,14,0.024214300
main,ctrl_n4,control,default.qubit,4,0,2540,2537,0,forward,14,0.000927400
main,ctrl_n4,control,default.qubit,4,0,2540,2537,0,first_grad,14,0.001173700
main,ctrl_n4,control,default.qubit,4,0,2540,2537,0,second_grad,14,0.002112300
main,ctrl_n4,control,default.qubit,4,0,2540,2537,0,param_grad,14,0.005266100
main,wide,hybrid,default.qubit,6,2,2540,2717,0,forward,14,0.032794600
main,wide,hybrid,default.qubit,6,2,2540,2717,0,forward_quantum,14,0.031960300
main,wide,hybrid,default.qubit,6,2,2540,2717,0,forward_classical,14,0.000834300
main,wide,hybrid,default.qubit,6,2,2540,2717,0,first_grad,14,0.085426300
main,wide,hybrid,default.qubit,6,2,2540,2717,0,first_grad_quantum,14,0.081423300
main,wide,hybrid,default.qubit,6,2,2540,2717,0,first_grad_classical,14,0.004003000
main,wide,hybrid,default.qubit,6,2,2540,2717,0,second_grad,14,0.158507900
main,wide,hybrid,default.qubit,6,2,2540,2717,0,second_grad_quantum,14,0.105200400
main,wide,hybrid,default.qubit,6,2,2540,2717,0,second_grad_classical,14,0.053307500
main,wide,hybrid,default.qubit,6,2,2540,2717,0,param_grad,14,0.425296000
main,wide,hybrid,default.qubit,6,2,2540,2717,0,param_grad_quantum,14,0.175588300
main,wide,hybrid,default.qubit,6,2,2540,2717,0,param_grad_classical,14,0.249707700
main,baseline,hybrid,default.qubit,4,2,2540,2569,0,forward,14,0.016795800
main,baseline,hybrid,default.qubit,4,2,2540,2569,0,forward_quantum,14,0.015969200
main,baseline,hybrid,default.qubit,4,2,2540,2569,0,forward_classical,14,0.000826600
main,baseline,hybrid,default.qubit,4,2,2540,2569,0,first_grad,14,0.035300700
main,baseline,hybrid,default.qubit,4,2,2540,2569,0,first_grad_quantum,14,0.032765200
main,baseline,hybrid,default.qubit,4,2,2540,2569,0,first_grad_classical,14,0.002535500
main,baseline,hybrid,default.qubit,4,2,2540,2569,0,second_grad,14,0.062333400
main,baseline,hybrid,default.qubit,4,2,2540,2569,0,second_grad_quantum,14,0.041841100
main,baseline,hybrid,default.qubit,4,2,2540,2569,0,second_grad_classical,14,0.020492300
main,baseline,hybrid,default.qubit,4,2,2540,2569,0,param_grad,14,0.129470300
main,baseline,hybrid,default.qubit,4,2,2540,2569,0,param_grad_quantum,14,0.058410800
main,baseline,hybrid,default.qubit,4,2,2540,2569,0,param_grad_classical,14,0.071059500
main,classical,classical,default.qubit,,,2540,4353,1,forward,14,0.000473600
main,classical,classical,default.qubit,,,2540,4353,1,first_grad,14,0.000847700
main,classical,classical,default.qubit,,,2540,4353,1,second_grad,14,0.001324300
main,classical,classical,default.qubit,,,2540,4353,1,param_grad,14,0.004248300
main,classical,classical,default.qubit,,,2540,4353,2,forward,14,0.000495200
main,classical,classical,default.qubit,,,2540,4353,2,first_grad,14,0.000813200
main,classical,classical,default.qubit,,,2540,4353,2,second_grad,14,0.001749800
main,classical,classical,default.qubit,,,2540,4353,2,param_grad,14,0.005709600
main,ctrl_n2,control,default.qubit,2,0,2540,2405,2,forward,14,0.000635200
main,ctrl_n2,control,default.qubit,2,0,2540,2405,2,first_grad,14,0.000944400
main,ctrl_n2,control,default.qubit,2,0,2540,2405,2,second_grad,14,0.001823400
main,ctrl_n2,control,default.qubit,2,0,2540,2405,2,param_grad,14,0.004687000
main,ctrl_n2,control,default.qubit,2,0,2540,2405,1,forward,14,0.000685700
main,ctrl_n2,control,default.qubit,2,0,2540,2405,1,first_grad,14,0.000999600
main,ctrl_n2,control,default.qubit,2,0,2540,2405,1,second_grad,14,0.001829300
main,ctrl_n2,control,default.qubit,2,0,2540,2405,1,param_grad,14,0.004643000
main,ctrl_n4,control,default.qubit,4,0,2540,2537,1,forward,14,0.000745900
main,ctrl_n4,control,default.qubit,4,0,2540,2537,1,first_grad,14,0.001094700
main,ctrl_n4,control,default.qubit,4,0,2540,2537,1,second_grad,14,0.001993300
main,ctrl_n4,control,default.qubit,4,0,2540,2537,1,param_grad,14,0.004928600
main,ctrl_n6,control,default.qubit,6,0,2540,2669,1,forward,14,0.000777500
main,ctrl_n6,control,default.qubit,6,0,2540,2669,1,first_grad,14,0.000936300
main,ctrl_n6,control,default.qubit,6,0,2540,2669,1,second_grad,14,0.001685300
main,ctrl_n6,control,default.qubit,6,0,2540,2669,1,param_grad,14,0.004023700
main,narrow,hybrid,default.qubit,2,2,2540,2421,0,forward,14,0.008001200
main,narrow,hybrid,default.qubit,2,2,2540,2421,0,forward_quantum,14,0.007154300
main,narrow,hybrid,default.qubit,2,2,2540,2421,0,forward_classical,14,0.000846900
main,narrow,hybrid,default.qubit,2,2,2540,2421,0,first_grad,14,0.012252500
main,narrow,hybrid,default.qubit,2,2,2540,2421,0,first_grad_quantum,14,0.010549400
main,narrow,hybrid,default.qubit,2,2,2540,2421,0,first_grad_classical,14,0.001703100
main,narrow,hybrid,default.qubit,2,2,2540,2421,0,second_grad,14,0.020312600
main,narrow,hybrid,default.qubit,2,2,2540,2421,0,second_grad_quantum,14,0.013108500
main,narrow,hybrid,default.qubit,2,2,2540,2421,0,second_grad_classical,14,0.007204100
main,narrow,hybrid,default.qubit,2,2,2540,2421,0,param_grad,14,0.041938400
main,narrow,hybrid,default.qubit,2,2,2540,2421,0,param_grad_quantum,14,0.018572500
main,narrow,hybrid,default.qubit,2,2,2540,2421,0,param_grad_classical,14,0.023365900
main,baseline,hybrid,default.qubit,4,2,2540,2569,2,forward,14,0.016288400
main,baseline,hybrid,default.qubit,4,2,2540,2569,2,forward_quantum,14,0.015559300
main,baseline,hybrid,default.qubit,4,2,2540,2569,2,forward_classical,14,0.000729100
main,baseline,hybrid,default.qubit,4,2,2540,2569,2,first_grad,14,0.029659500
main,baseline,hybrid,default.qubit,4,2,2540,2569,2,first_grad_quantum,14,0.027330100
main,baseline,hybrid,default.qubit,4,2,2540,2569,2,first_grad_classical,14,0.002329400
main,baseline,hybrid,default.qubit,4,2,2540,2569,2,second_grad,14,0.059170900
main,baseline,hybrid,default.qubit,4,2,2540,2569,2,second_grad_quantum,14,0.038660900
main,baseline,hybrid,default.qubit,4,2,2540,2569,2,second_grad_classical,14,0.020510000
main,baseline,hybrid,default.qubit,4,2,2540,2569,2,param_grad,14,0.129644500
main,baseline,hybrid,default.qubit,4,2,2540,2569,2,param_grad_quantum,14,0.057021400
main,baseline,hybrid,default.qubit,4,2,2540,2569,2,param_grad_classical,14,0.072623100
main,wide,hybrid,default.qubit,6,2,2540,2717,1,forward,14,0.034185200
main,wide,hybrid,default.qubit,6,2,2540,2717,1,forward_quantum,14,0.033385900
main,wide,hybrid,default.qubit,6,2,2540,2717,1,forward_classical,14,0.000799300
main,wide,hybrid,default.qubit,6,2,2540,2717,1,first_grad,14,0.084400500
main,wide,hybrid,default.qubit,6,2,2540,2717,1,first_grad_quantum,14,0.080234000
main,wide,hybrid,default.qubit,6,2,2540,2717,1,first_grad_classical,14,0.004166500
main,wide,hybrid,default.qubit,6,2,2540,2717,1,second_grad,14,0.161836500
main,wide,hybrid,default.qubit,6,2,2540,2717,1,second_grad_quantum,14,0.107723400
main,wide,hybrid,default.qubit,6,2,2540,2717,1,second_grad_classical,14,0.054113100
main,wide,hybrid,default.qubit,6,2,2540,2717,1,param_grad,14,0.422421500
main,wide,hybrid,default.qubit,6,2,2540,2717,1,param_grad_quantum,14,0.175906700
main,wide,hybrid,default.qubit,6,2,2540,2717,1,param_grad_classical,14,0.246514800
main,baseline,hybrid,default.qubit,4,2,2540,2569,1,forward,14,0.015842400
main,baseline,hybrid,default.qubit,4,2,2540,2569,1,forward_quantum,14,0.015130500
main,baseline,hybrid,default.qubit,4,2,2540,2569,1,forward_classical,14,0.000711900
main,baseline,hybrid,default.qubit,4,2,2540,2569,1,first_grad,14,0.041136200
main,baseline,hybrid,default.qubit,4,2,2540,2569,1,first_grad_quantum,14,0.038421300
main,baseline,hybrid,default.qubit,4,2,2540,2569,1,first_grad_classical,14,0.002714900
main,baseline,hybrid,default.qubit,4,2,2540,2569,1,second_grad,14,0.067862500
main,baseline,hybrid,default.qubit,4,2,2540,2569,1,second_grad_quantum,14,0.045469000
main,baseline,hybrid,default.qubit,4,2,2540,2569,1,second_grad_classical,14,0.022393500
main,baseline,hybrid,default.qubit,4,2,2540,2569,1,param_grad,14,0.134605400
main,baseline,hybrid,default.qubit,4,2,2540,2569,1,param_grad_quantum,14,0.060709500
main,baseline,hybrid,default.qubit,4,2,2540,2569,1,param_grad_classical,14,0.073895900
main,narrow,hybrid,default.qubit,2,2,2540,2421,2,forward,14,0.007503600
main,narrow,hybrid,default.qubit,2,2,2540,2421,2,forward_quantum,14,0.006588100
main,narrow,hybrid,default.qubit,2,2,2540,2421,2,forward_classical,14,0.000915500
main,narrow,hybrid,default.qubit,2,2,2540,2421,2,first_grad,14,0.012844700
main,narrow,hybrid,default.qubit,2,2,2540,2421,2,first_grad_quantum,14,0.010907300
main,narrow,hybrid,default.qubit,2,2,2540,2421,2,first_grad_classical,14,0.001937400
main,narrow,hybrid,default.qubit,2,2,2540,2421,2,second_grad,14,0.022598900
main,narrow,hybrid,default.qubit,2,2,2540,2421,2,second_grad_quantum,14,0.014300200
main,narrow,hybrid,default.qubit,2,2,2540,2421,2,second_grad_classical,14,0.008298700
main,narrow,hybrid,default.qubit,2,2,2540,2421,2,param_grad,14,0.047842900
main,narrow,hybrid,default.qubit,2,2,2540,2421,2,param_grad_quantum,14,0.019990900
main,narrow,hybrid,default.qubit,2,2,2540,2421,2,param_grad_classical,14,0.027852000
main,ctrl_n4,control,default.qubit,4,0,2540,2537,1,forward,15,0.000637700
main,ctrl_n4,control,default.qubit,4,0,2540,2537,1,first_grad,15,0.000941500
main,ctrl_n4,control,default.qubit,4,0,2540,2537,1,second_grad,15,0.001994100
main,ctrl_n4,control,default.qubit,4,0,2540,2537,1,param_grad,15,0.004484900
main,wide,hybrid,default.qubit,6,2,2540,2717,1,forward,15,0.032906300
main,wide,hybrid,default.qubit,6,2,2540,2717,1,forward_quantum,15,0.032112800
main,wide,hybrid,default.qubit,6,2,2540,2717,1,forward_classical,15,0.000793500
main,wide,hybrid,default.qubit,6,2,2540,2717,1,first_grad,15,0.093515400
main,wide,hybrid,default.qubit,6,2,2540,2717,1,first_grad_quantum,15,0.089571600
main,wide,hybrid,default.qubit,6,2,2540,2717,1,first_grad_classical,15,0.003943800
main,wide,hybrid,default.qubit,6,2,2540,2717,1,second_grad,15,0.161516400
main,wide,hybrid,default.qubit,6,2,2540,2717,1,second_grad_quantum,15,0.109394800
main,wide,hybrid,default.qubit,6,2,2540,2717,1,second_grad_classical,15,0.052121600
main,wide,hybrid,default.qubit,6,2,2540,2717,1,param_grad,15,0.399323500
main,wide,hybrid,default.qubit,6,2,2540,2717,1,param_grad_quantum,15,0.158566900
main,wide,hybrid,default.qubit,6,2,2540,2717,1,param_grad_classical,15,0.240756600
main,ctrl_n2,control,default.qubit,2,0,2540,2405,2,forward,15,0.000631900
main,ctrl_n2,control,default.qubit,2,0,2540,2405,2,first_grad,15,0.000919100
main,ctrl_n2,control,default.qubit,2,0,2540,2405,2,second_grad,15,0.001977800
main,ctrl_n2,control,default.qubit,2,0,2540,2405,2,param_grad,15,0.004477800
main,classical,classical,default.qubit,,,2540,4353,0,forward,15,0.000533100
main,classical,classical,default.qubit,,,2540,4353,0,first_grad,15,0.000851100
main,classical,classical,default.qubit,,,2540,4353,0,second_grad,15,0.001896700
main,classical,classical,default.qubit,,,2540,4353,0,param_grad,15,0.004688800
main,ctrl_n6,control,default.qubit,6,0,2540,2669,0,forward,15,0.000726500
main,ctrl_n6,control,default.qubit,6,0,2540,2669,0,first_grad,15,0.001189300
main,ctrl_n6,control,default.qubit,6,0,2540,2669,0,second_grad,15,0.002026900
main,ctrl_n6,control,default.qubit,6,0,2540,2669,0,param_grad,15,0.004630000
main,deep,hybrid,default.qubit,4,4,2540,2601,1,forward,15,0.027742500
main,deep,hybrid,default.qubit,4,4,2540,2601,1,forward_quantum,15,0.026954600
main,deep,hybrid,default.qubit,4,4,2540,2601,1,forward_classical,15,0.000787900
main,deep,hybrid,default.qubit,4,4,2540,2601,1,first_grad,15,0.058474700
main,deep,hybrid,default.qubit,4,4,2540,2601,1,first_grad_quantum,15,0.054966100
main,deep,hybrid,default.qubit,4,4,2540,2601,1,first_grad_classical,15,0.003508600
main,deep,hybrid,default.qubit,4,4,2540,2601,1,second_grad,15,0.116702900
main,deep,hybrid,default.qubit,4,4,2540,2601,1,second_grad_quantum,15,0.083567000
main,deep,hybrid,default.qubit,4,4,2540,2601,1,second_grad_classical,15,0.033135900
main,deep,hybrid,default.qubit,4,4,2540,2601,1,param_grad,15,0.211654600
main,deep,hybrid,default.qubit,4,4,2540,2601,1,param_grad_quantum,15,0.098953700
main,deep,hybrid,default.qubit,4,4,2540,2601,1,param_grad_classical,15,0.112700900
main,wide,hybrid,default.qubit,6,2,2540,2717,0,forward,15,0.032301200
main,wide,hybrid,default.qubit,6,2,2540,2717,0,forward_quantum,15,0.031476200
main,wide,hybrid,default.qubit,6,2,2540,2717,0,forward_classical,15,0.000825000
main,wide,hybrid,default.qubit,6,2,2540,2717,0,first_grad,15,0.081968500
main,wide,hybrid,default.qubit,6,2,2540,2717,0,first_grad_quantum,15,0.078014100
main,wide,hybrid,default.qubit,6,2,2540,2717,0,first_grad_classical,15,0.003954400
main,wide,hybrid,default.qubit,6,2,2540,2717,0,second_grad,15,0.163307500
main,wide,hybrid,default.qubit,6,2,2540,2717,0,second_grad_quantum,15,0.109405700
main,wide,hybrid,default.qubit,6,2,2540,2717,0,second_grad_classical,15,0.053901800
main,wide,hybrid,default.qubit,6,2,2540,2717,0,param_grad,15,0.442643600
main,wide,hybrid,default.qubit,6,2,2540,2717,0,param_grad_quantum,15,0.190577800
main,wide,hybrid,default.qubit,6,2,2540,2717,0,param_grad_classical,15,0.252065800
main,baseline,hybrid,default.qubit,4,2,2540,2569,2,forward,15,0.016849200
main,baseline,hybrid,default.qubit,4,2,2540,2569,2,forward_quantum,15,0.015983800
main,baseline,hybrid,default.qubit,4,2,2540,2569,2,forward_classical,15,0.000865400
main,baseline,hybrid,default.qubit,4,2,2540,2569,2,first_grad,15,0.035538600
main,baseline,hybrid,default.qubit,4,2,2540,2569,2,first_grad_quantum,15,0.032850400
main,baseline,hybrid,default.qubit,4,2,2540,2569,2,first_grad_classical,15,0.002688200
main,baseline,hybrid,default.qubit,4,2,2540,2569,2,second_grad,15,0.066728000
main,baseline,hybrid,default.qubit,4,2,2540,2569,2,second_grad_quantum,15,0.044679500
main,baseline,hybrid,default.qubit,4,2,2540,2569,2,second_grad_classical,15,0.022048500
main,baseline,hybrid,default.qubit,4,2,2540,2569,2,param_grad,15,0.134800900
main,baseline,hybrid,default.qubit,4,2,2540,2569,2,param_grad_quantum,15,0.060251200
main,baseline,hybrid,default.qubit,4,2,2540,2569,2,param_grad_classical,15,0.074549700
main,ctrl_n2,control,default.qubit,2,0,2540,2405,1,forward,15,0.000765800
main,ctrl_n2,control,default.qubit,2,0,2540,2405,1,first_grad,15,0.001406100
main,ctrl_n2,control,default.qubit,2,0,2540,2405,1,second_grad,15,0.001959900
main,ctrl_n2,control,default.qubit,2,0,2540,2405,1,param_grad,15,0.005057300
main,ctrl_n6,control,default.qubit,6,0,2540,2669,2,forward,15,0.000737700
main,ctrl_n6,control,default.qubit,6,0,2540,2669,2,first_grad,15,0.001145400
main,ctrl_n6,control,default.qubit,6,0,2540,2669,2,second_grad,15,0.002375300
main,ctrl_n6,control,default.qubit,6,0,2540,2669,2,param_grad,15,0.005249700
main,narrow,hybrid,default.qubit,2,2,2540,2421,2,forward,15,0.007731800
main,narrow,hybrid,default.qubit,2,2,2540,2421,2,forward_quantum,15,0.006968600
main,narrow,hybrid,default.qubit,2,2,2540,2421,2,forward_classical,15,0.000763200
main,narrow,hybrid,default.qubit,2,2,2540,2421,2,first_grad,15,0.012352100
main,narrow,hybrid,default.qubit,2,2,2540,2421,2,first_grad_quantum,15,0.010543300
main,narrow,hybrid,default.qubit,2,2,2540,2421,2,first_grad_classical,15,0.001808800
main,narrow,hybrid,default.qubit,2,2,2540,2421,2,second_grad,15,0.022684300
main,narrow,hybrid,default.qubit,2,2,2540,2421,2,second_grad_quantum,15,0.014816700
main,narrow,hybrid,default.qubit,2,2,2540,2421,2,second_grad_classical,15,0.007867600
main,narrow,hybrid,default.qubit,2,2,2540,2421,2,param_grad,15,0.045406100
main,narrow,hybrid,default.qubit,2,2,2540,2421,2,param_grad_quantum,15,0.020049500
main,narrow,hybrid,default.qubit,2,2,2540,2421,2,param_grad_classical,15,0.025356600
main,ctrl_n4,control,default.qubit,4,0,2540,2537,0,forward,15,0.000650500
main,ctrl_n4,control,default.qubit,4,0,2540,2537,0,first_grad,15,0.000989300
main,ctrl_n4,control,default.qubit,4,0,2540,2537,0,second_grad,15,0.001693700
main,ctrl_n4,control,default.qubit,4,0,2540,2537,0,param_grad,15,0.005278700
main,classical,classical,default.qubit,,,2540,4353,2,forward,15,0.000521000
main,classical,classical,default.qubit,,,2540,4353,2,first_grad,15,0.000808000
main,classical,classical,default.qubit,,,2540,4353,2,second_grad,15,0.001645300
main,classical,classical,default.qubit,,,2540,4353,2,param_grad,15,0.005101200
main,ctrl_n6,control,default.qubit,6,0,2540,2669,1,forward,15,0.000670200
main,ctrl_n6,control,default.qubit,6,0,2540,2669,1,first_grad,15,0.000947900
main,ctrl_n6,control,default.qubit,6,0,2540,2669,1,second_grad,15,0.001849100
main,ctrl_n6,control,default.qubit,6,0,2540,2669,1,param_grad,15,0.003989500
main,narrow,hybrid,default.qubit,2,2,2540,2421,1,forward,15,0.007978200
main,narrow,hybrid,default.qubit,2,2,2540,2421,1,forward_quantum,15,0.007227400
main,narrow,hybrid,default.qubit,2,2,2540,2421,1,forward_classical,15,0.000750800
main,narrow,hybrid,default.qubit,2,2,2540,2421,1,first_grad,15,0.012370900
main,narrow,hybrid,default.qubit,2,2,2540,2421,1,first_grad_quantum,15,0.010617200
main,narrow,hybrid,default.qubit,2,2,2540,2421,1,first_grad_classical,15,0.001753700
main,narrow,hybrid,default.qubit,2,2,2540,2421,1,second_grad,15,0.019195100
main,narrow,hybrid,default.qubit,2,2,2540,2421,1,second_grad_quantum,15,0.012555600
main,narrow,hybrid,default.qubit,2,2,2540,2421,1,second_grad_classical,15,0.006639500
main,narrow,hybrid,default.qubit,2,2,2540,2421,1,param_grad,15,0.044982500
main,narrow,hybrid,default.qubit,2,2,2540,2421,1,param_grad_quantum,15,0.018645200
main,narrow,hybrid,default.qubit,2,2,2540,2421,1,param_grad_classical,15,0.026337300
main,deep,hybrid,default.qubit,4,4,2540,2601,0,forward,15,0.026988000
main,deep,hybrid,default.qubit,4,4,2540,2601,0,forward_quantum,15,0.026258300
main,deep,hybrid,default.qubit,4,4,2540,2601,0,forward_classical,15,0.000729700
main,deep,hybrid,default.qubit,4,4,2540,2601,0,first_grad,15,0.054749000
main,deep,hybrid,default.qubit,4,4,2540,2601,0,first_grad_quantum,15,0.051438900
main,deep,hybrid,default.qubit,4,4,2540,2601,0,first_grad_classical,15,0.003310100
main,deep,hybrid,default.qubit,4,4,2540,2601,0,second_grad,15,0.099424800
main,deep,hybrid,default.qubit,4,4,2540,2601,0,second_grad_quantum,15,0.068797900
main,deep,hybrid,default.qubit,4,4,2540,2601,0,second_grad_classical,15,0.030626900
main,deep,hybrid,default.qubit,4,4,2540,2601,0,param_grad,15,0.214315600
main,deep,hybrid,default.qubit,4,4,2540,2601,0,param_grad_quantum,15,0.095938100
main,deep,hybrid,default.qubit,4,4,2540,2601,0,param_grad_classical,15,0.118377500
main,ctrl_n2,control,default.qubit,2,0,2540,2405,0,forward,15,0.000786100
main,ctrl_n2,control,default.qubit,2,0,2540,2405,0,first_grad,15,0.001097000
main,ctrl_n2,control,default.qubit,2,0,2540,2405,0,second_grad,15,0.001760100
main,ctrl_n2,control,default.qubit,2,0,2540,2405,0,param_grad,15,0.005476100
main,classical,classical,default.qubit,,,2540,4353,1,forward,15,0.000525700
main,classical,classical,default.qubit,,,2540,4353,1,first_grad,15,0.000837000
main,classical,classical,default.qubit,,,2540,4353,1,second_grad,15,0.001596800
main,classical,classical,default.qubit,,,2540,4353,1,param_grad,15,0.004393400
main,deep,hybrid,default.qubit,4,4,2540,2601,2,forward,15,0.028546700
main,deep,hybrid,default.qubit,4,4,2540,2601,2,forward_quantum,15,0.027750100
main,deep,hybrid,default.qubit,4,4,2540,2601,2,forward_classical,15,0.000796600
main,deep,hybrid,default.qubit,4,4,2540,2601,2,first_grad,15,0.056361700
main,deep,hybrid,default.qubit,4,4,2540,2601,2,first_grad_quantum,15,0.052858800
main,deep,hybrid,default.qubit,4,4,2540,2601,2,first_grad_classical,15,0.003502900
main,deep,hybrid,default.qubit,4,4,2540,2601,2,second_grad,15,0.101454200
main,deep,hybrid,default.qubit,4,4,2540,2601,2,second_grad_quantum,15,0.066726300
main,deep,hybrid,default.qubit,4,4,2540,2601,2,second_grad_classical,15,0.034727900
main,deep,hybrid,default.qubit,4,4,2540,2601,2,param_grad,15,0.224036800
main,deep,hybrid,default.qubit,4,4,2540,2601,2,param_grad_quantum,15,0.101493300
main,deep,hybrid,default.qubit,4,4,2540,2601,2,param_grad_classical,15,0.122543500
main,narrow,hybrid,default.qubit,2,2,2540,2421,0,forward,15,0.008903100
main,narrow,hybrid,default.qubit,2,2,2540,2421,0,forward_quantum,15,0.008009300
main,narrow,hybrid,default.qubit,2,2,2540,2421,0,forward_classical,15,0.000893800
main,narrow,hybrid,default.qubit,2,2,2540,2421,0,first_grad,15,0.012471200
main,narrow,hybrid,default.qubit,2,2,2540,2421,0,first_grad_quantum,15,0.010691100
main,narrow,hybrid,default.qubit,2,2,2540,2421,0,first_grad_classical,15,0.001780100
main,narrow,hybrid,default.qubit,2,2,2540,2421,0,second_grad,15,0.023315700
main,narrow,hybrid,default.qubit,2,2,2540,2421,0,second_grad_quantum,15,0.014286300
main,narrow,hybrid,default.qubit,2,2,2540,2421,0,second_grad_classical,15,0.009029400
main,narrow,hybrid,default.qubit,2,2,2540,2421,0,param_grad,15,0.047442200
main,narrow,hybrid,default.qubit,2,2,2540,2421,0,param_grad_quantum,15,0.018786400
main,narrow,hybrid,default.qubit,2,2,2540,2421,0,param_grad_classical,15,0.028655800
main,wide,hybrid,default.qubit,6,2,2540,2717,2,forward,15,0.031957400
main,wide,hybrid,default.qubit,6,2,2540,2717,2,forward_quantum,15,0.031164000
main,wide,hybrid,default.qubit,6,2,2540,2717,2,forward_classical,15,0.000793400
main,wide,hybrid,default.qubit,6,2,2540,2717,2,first_grad,15,0.082685500
main,wide,hybrid,default.qubit,6,2,2540,2717,2,first_grad_quantum,15,0.078340100
main,wide,hybrid,default.qubit,6,2,2540,2717,2,first_grad_classical,15,0.004345400
main,wide,hybrid,default.qubit,6,2,2540,2717,2,second_grad,15,0.164175500
main,wide,hybrid,default.qubit,6,2,2540,2717,2,second_grad_quantum,15,0.105630800
main,wide,hybrid,default.qubit,6,2,2540,2717,2,second_grad_classical,15,0.058544700
main,wide,hybrid,default.qubit,6,2,2540,2717,2,param_grad,15,0.421784400
main,wide,hybrid,default.qubit,6,2,2540,2717,2,param_grad_quantum,15,0.170794900
main,wide,hybrid,default.qubit,6,2,2540,2717,2,param_grad_classical,15,0.250989500
main,baseline,hybrid,default.qubit,4,2,2540,2569,1,forward,15,0.016487500
main,baseline,hybrid,default.qubit,4,2,2540,2569,1,forward_quantum,15,0.015677900
main,baseline,hybrid,default.qubit,4,2,2540,2569,1,forward_classical,15,0.000809600
main,baseline,hybrid,default.qubit,4,2,2540,2569,1,first_grad,15,0.033868600
main,baseline,hybrid,default.qubit,4,2,2540,2569,1,first_grad_quantum,15,0.031235700
main,baseline,hybrid,default.qubit,4,2,2540,2569,1,first_grad_classical,15,0.002632900
main,baseline,hybrid,default.qubit,4,2,2540,2569,1,second_grad,15,0.063622700
main,baseline,hybrid,default.qubit,4,2,2540,2569,1,second_grad_quantum,15,0.041810000
main,baseline,hybrid,default.qubit,4,2,2540,2569,1,second_grad_classical,15,0.021812700
main,baseline,hybrid,default.qubit,4,2,2540,2569,1,param_grad,15,0.126765900
main,baseline,hybrid,default.qubit,4,2,2540,2569,1,param_grad_quantum,15,0.059228700
main,baseline,hybrid,default.qubit,4,2,2540,2569,1,param_grad_classical,15,0.067537200
main,baseline,hybrid,default.qubit,4,2,2540,2569,0,forward,15,0.016013900
main,baseline,hybrid,default.qubit,4,2,2540,2569,0,forward_quantum,15,0.015309100
main,baseline,hybrid,default.qubit,4,2,2540,2569,0,forward_classical,15,0.000704800
main,baseline,hybrid,default.qubit,4,2,2540,2569,0,first_grad,15,0.030095500
main,baseline,hybrid,default.qubit,4,2,2540,2569,0,first_grad_quantum,15,0.027769300
main,baseline,hybrid,default.qubit,4,2,2540,2569,0,first_grad_classical,15,0.002326200
main,baseline,hybrid,default.qubit,4,2,2540,2569,0,second_grad,15,0.062372700
main,baseline,hybrid,default.qubit,4,2,2540,2569,0,second_grad_quantum,15,0.041076600
main,baseline,hybrid,default.qubit,4,2,2540,2569,0,second_grad_classical,15,0.021296100
main,baseline,hybrid,default.qubit,4,2,2540,2569,0,param_grad,15,0.123829400
main,baseline,hybrid,default.qubit,4,2,2540,2569,0,param_grad_quantum,15,0.056386500
main,baseline,hybrid,default.qubit,4,2,2540,2569,0,param_grad_classical,15,0.067442900
main,ctrl_n4,control,default.qubit,4,0,2540,2537,2,forward,15,0.000634400
main,ctrl_n4,control,default.qubit,4,0,2540,2537,2,first_grad,15,0.000992700
main,ctrl_n4,control,default.qubit,4,0,2540,2537,2,second_grad,15,0.001789200
main,ctrl_n4,control,default.qubit,4,0,2540,2537,2,param_grad,15,0.003769600
main,deep,hybrid,default.qubit,4,4,2540,2601,0,forward,16,0.026870100
main,deep,hybrid,default.qubit,4,4,2540,2601,0,forward_quantum,16,0.026127400
main,deep,hybrid,default.qubit,4,4,2540,2601,0,forward_classical,16,0.000742700
main,deep,hybrid,default.qubit,4,4,2540,2601,0,first_grad,16,0.051751800
main,deep,hybrid,default.qubit,4,4,2540,2601,0,first_grad_quantum,16,0.048513700
main,deep,hybrid,default.qubit,4,4,2540,2601,0,first_grad_classical,16,0.003238100
main,deep,hybrid,default.qubit,4,4,2540,2601,0,second_grad,16,0.096572200
main,deep,hybrid,default.qubit,4,4,2540,2601,0,second_grad_quantum,16,0.066261800
main,deep,hybrid,default.qubit,4,4,2540,2601,0,second_grad_classical,16,0.030310400
main,deep,hybrid,default.qubit,4,4,2540,2601,0,param_grad,16,0.210151400
main,deep,hybrid,default.qubit,4,4,2540,2601,0,param_grad_quantum,16,0.095005200
main,deep,hybrid,default.qubit,4,4,2540,2601,0,param_grad_classical,16,0.115146200
main,ctrl_n4,control,default.qubit,4,0,2540,2537,2,forward,16,0.000867600
main,ctrl_n4,control,default.qubit,4,0,2540,2537,2,first_grad,16,0.001150000
main,ctrl_n4,control,default.qubit,4,0,2540,2537,2,second_grad,16,0.002109000
main,ctrl_n4,control,default.qubit,4,0,2540,2537,2,param_grad,16,0.005027600
main,ctrl_n4,control,default.qubit,4,0,2540,2537,1,forward,16,0.000721500
main,ctrl_n4,control,default.qubit,4,0,2540,2537,1,first_grad,16,0.001059900
main,ctrl_n4,control,default.qubit,4,0,2540,2537,1,second_grad,16,0.001923500
main,ctrl_n4,control,default.qubit,4,0,2540,2537,1,param_grad,16,0.005676500
main,classical,classical,default.qubit,,,2540,4353,0,forward,16,0.000672400
main,classical,classical,default.qubit,,,2540,4353,0,first_grad,16,0.000815900
main,classical,classical,default.qubit,,,2540,4353,0,second_grad,16,0.001820500
main,classical,classical,default.qubit,,,2540,4353,0,param_grad,16,0.004533400
main,ctrl_n4,control,default.qubit,4,0,2540,2537,0,forward,16,0.000622200
main,ctrl_n4,control,default.qubit,4,0,2540,2537,0,first_grad,16,0.000897200
main,ctrl_n4,control,default.qubit,4,0,2540,2537,0,second_grad,16,0.002318400
main,ctrl_n4,control,default.qubit,4,0,2540,2537,0,param_grad,16,0.005542900
main,ctrl_n6,control,default.qubit,6,0,2540,2669,1,forward,16,0.000755100
main,ctrl_n6,control,default.qubit,6,0,2540,2669,1,first_grad,16,0.001298600
main,ctrl_n6,control,default.qubit,6,0,2540,2669,1,second_grad,16,0.002078400
main,ctrl_n6,control,default.qubit,6,0,2540,2669,1,param_grad,16,0.005210200
main,wide,hybrid,default.qubit,6,2,2540,2717,2,forward,16,0.031964800
main,wide,hybrid,default.qubit,6,2,2540,2717,2,forward_quantum,16,0.031204200
main,wide,hybrid,default.qubit,6,2,2540,2717,2,forward_classical,16,0.000760600
main,wide,hybrid,default.qubit,6,2,2540,2717,2,first_grad,16,0.085740600
main,wide,hybrid,default.qubit,6,2,2540,2717,2,first_grad_quantum,16,0.082110000
main,wide,hybrid,default.qubit,6,2,2540,2717,2,first_grad_classical,16,0.003630600
main,wide,hybrid,default.qubit,6,2,2540,2717,2,second_grad,16,0.162159600
main,wide,hybrid,default.qubit,6,2,2540,2717,2,second_grad_quantum,16,0.107540100
main,wide,hybrid,default.qubit,6,2,2540,2717,2,second_grad_classical,16,0.054619500
main,wide,hybrid,default.qubit,6,2,2540,2717,2,param_grad,16,0.422543600
main,wide,hybrid,default.qubit,6,2,2540,2717,2,param_grad_quantum,16,0.172049000
main,wide,hybrid,default.qubit,6,2,2540,2717,2,param_grad_classical,16,0.250494600
main,baseline,hybrid,default.qubit,4,2,2540,2569,2,forward,16,0.016086400
main,baseline,hybrid,default.qubit,4,2,2540,2569,2,forward_quantum,16,0.015285100
main,baseline,hybrid,default.qubit,4,2,2540,2569,2,forward_classical,16,0.000801300
main,baseline,hybrid,default.qubit,4,2,2540,2569,2,first_grad,16,0.035102600
main,baseline,hybrid,default.qubit,4,2,2540,2569,2,first_grad_quantum,16,0.032545700
main,baseline,hybrid,default.qubit,4,2,2540,2569,2,first_grad_classical,16,0.002556900
main,baseline,hybrid,default.qubit,4,2,2540,2569,2,second_grad,16,0.064242600
main,baseline,hybrid,default.qubit,4,2,2540,2569,2,second_grad_quantum,16,0.041980300
main,baseline,hybrid,default.qubit,4,2,2540,2569,2,second_grad_classical,16,0.022262300
main,baseline,hybrid,default.qubit,4,2,2540,2569,2,param_grad,16,0.132481500
main,baseline,hybrid,default.qubit,4,2,2540,2569,2,param_grad_quantum,16,0.057455900
main,baseline,hybrid,default.qubit,4,2,2540,2569,2,param_grad_classical,16,0.075025600
main,deep,hybrid,default.qubit,4,4,2540,2601,2,forward,16,0.026815500
main,deep,hybrid,default.qubit,4,4,2540,2601,2,forward_quantum,16,0.026047900
main,deep,hybrid,default.qubit,4,4,2540,2601,2,forward_classical,16,0.000767600
main,deep,hybrid,default.qubit,4,4,2540,2601,2,first_grad,16,0.056203800
main,deep,hybrid,default.qubit,4,4,2540,2601,2,first_grad_quantum,16,0.052543800
main,deep,hybrid,default.qubit,4,4,2540,2601,2,first_grad_classical,16,0.003660000
main,deep,hybrid,default.qubit,4,4,2540,2601,2,second_grad,16,0.095043200
main,deep,hybrid,default.qubit,4,4,2540,2601,2,second_grad_quantum,16,0.065728900
main,deep,hybrid,default.qubit,4,4,2540,2601,2,second_grad_classical,16,0.029314300
main,deep,hybrid,default.qubit,4,4,2540,2601,2,param_grad,16,0.215745800
main,deep,hybrid,default.qubit,4,4,2540,2601,2,param_grad_quantum,16,0.096390300
main,deep,hybrid,default.qubit,4,4,2540,2601,2,param_grad_classical,16,0.119355500
main,narrow,hybrid,default.qubit,2,2,2540,2421,0,forward,16,0.008132200
main,narrow,hybrid,default.qubit,2,2,2540,2421,0,forward_quantum,16,0.007369800
main,narrow,hybrid,default.qubit,2,2,2540,2421,0,forward_classical,16,0.000762400
main,narrow,hybrid,default.qubit,2,2,2540,2421,0,first_grad,16,0.011881900
main,narrow,hybrid,default.qubit,2,2,2540,2421,0,first_grad_quantum,16,0.010236600
main,narrow,hybrid,default.qubit,2,2,2540,2421,0,first_grad_classical,16,0.001645300
main,narrow,hybrid,default.qubit,2,2,2540,2421,0,second_grad,16,0.021707900
main,narrow,hybrid,default.qubit,2,2,2540,2421,0,second_grad_quantum,16,0.014386100
main,narrow,hybrid,default.qubit,2,2,2540,2421,0,second_grad_classical,16,0.007321800
main,narrow,hybrid,default.qubit,2,2,2540,2421,0,param_grad,16,0.038774100
main,narrow,hybrid,default.qubit,2,2,2540,2421,0,param_grad_quantum,16,0.018137800
main,narrow,hybrid,default.qubit,2,2,2540,2421,0,param_grad_classical,16,0.020636300
main,wide,hybrid,default.qubit,6,2,2540,2717,1,forward,16,0.029010600
main,wide,hybrid,default.qubit,6,2,2540,2717,1,forward_quantum,16,0.028214500
main,wide,hybrid,default.qubit,6,2,2540,2717,1,forward_classical,16,0.000796100
main,wide,hybrid,default.qubit,6,2,2540,2717,1,first_grad,16,0.080279100
main,wide,hybrid,default.qubit,6,2,2540,2717,1,first_grad_quantum,16,0.076522300
main,wide,hybrid,default.qubit,6,2,2540,2717,1,first_grad_classical,16,0.003756800
main,wide,hybrid,default.qubit,6,2,2540,2717,1,second_grad,16,0.156149200
main,wide,hybrid,default.qubit,6,2,2540,2717,1,second_grad_quantum,16,0.104647300
main,wide,hybrid,default.qubit,6,2,2540,2717,1,second_grad_classical,16,0.051501900
main,wide,hybrid,default.qubit,6,2,2540,2717,1,param_grad,16,0.413489300
main,wide,hybrid,default.qubit,6,2,2540,2717,1,param_grad_quantum,16,0.166308900
main,wide,hybrid,default.qubit,6,2,2540,2717,1,param_grad_classical,16,0.247180400
main,ctrl_n2,control,default.qubit,2,0,2540,2405,0,forward,16,0.000691600
main,ctrl_n2,control,default.qubit,2,0,2540,2405,0,first_grad,16,0.001125200
main,ctrl_n2,control,default.qubit,2,0,2540,2405,0,second_grad,16,0.002117700
main,ctrl_n2,control,default.qubit,2,0,2540,2405,0,param_grad,16,0.005339900
main,narrow,hybrid,default.qubit,2,2,2540,2421,2,forward,16,0.007919600
main,narrow,hybrid,default.qubit,2,2,2540,2421,2,forward_quantum,16,0.007160700
main,narrow,hybrid,default.qubit,2,2,2540,2421,2,forward_classical,16,0.000758900
main,narrow,hybrid,default.qubit,2,2,2540,2421,2,first_grad,16,0.012005500
main,narrow,hybrid,default.qubit,2,2,2540,2421,2,first_grad_quantum,16,0.010367800
main,narrow,hybrid,default.qubit,2,2,2540,2421,2,first_grad_classical,16,0.001637700
main,narrow,hybrid,default.qubit,2,2,2540,2421,2,second_grad,16,0.022849300
main,narrow,hybrid,default.qubit,2,2,2540,2421,2,second_grad_quantum,16,0.015199200
main,narrow,hybrid,default.qubit,2,2,2540,2421,2,second_grad_classical,16,0.007650100
main,narrow,hybrid,default.qubit,2,2,2540,2421,2,param_grad,16,0.044817900
main,narrow,hybrid,default.qubit,2,2,2540,2421,2,param_grad_quantum,16,0.019647700
main,narrow,hybrid,default.qubit,2,2,2540,2421,2,param_grad_classical,16,0.025170200
main,ctrl_n6,control,default.qubit,6,0,2540,2669,0,forward,16,0.000656500
main,ctrl_n6,control,default.qubit,6,0,2540,2669,0,first_grad,16,0.000925900
main,ctrl_n6,control,default.qubit,6,0,2540,2669,0,second_grad,16,0.001689700
main,ctrl_n6,control,default.qubit,6,0,2540,2669,0,param_grad,16,0.005862100
main,classical,classical,default.qubit,,,2540,4353,1,forward,16,0.000505600
main,classical,classical,default.qubit,,,2540,4353,1,first_grad,16,0.000742500
main,classical,classical,default.qubit,,,2540,4353,1,second_grad,16,0.001990900
main,classical,classical,default.qubit,,,2540,4353,1,param_grad,16,0.005815400
main,ctrl_n6,control,default.qubit,6,0,2540,2669,2,forward,16,0.000860100
main,ctrl_n6,control,default.qubit,6,0,2540,2669,2,first_grad,16,0.001123200
main,ctrl_n6,control,default.qubit,6,0,2540,2669,2,second_grad,16,0.002532300
main,ctrl_n6,control,default.qubit,6,0,2540,2669,2,param_grad,16,0.005324600
main,wide,hybrid,default.qubit,6,2,2540,2717,0,forward,16,0.032069400
main,wide,hybrid,default.qubit,6,2,2540,2717,0,forward_quantum,16,0.031230800
main,wide,hybrid,default.qubit,6,2,2540,2717,0,forward_classical,16,0.000838600
main,wide,hybrid,default.qubit,6,2,2540,2717,0,first_grad,16,0.091424300
main,wide,hybrid,default.qubit,6,2,2540,2717,0,first_grad_quantum,16,0.087446200
main,wide,hybrid,default.qubit,6,2,2540,2717,0,first_grad_classical,16,0.003978100
main,wide,hybrid,default.qubit,6,2,2540,2717,0,second_grad,16,0.161263400
main,wide,hybrid,default.qubit,6,2,2540,2717,0,second_grad_quantum,16,0.107305300
main,wide,hybrid,default.qubit,6,2,2540,2717,0,second_grad_classical,16,0.053958100
main,wide,hybrid,default.qubit,6,2,2540,2717,0,param_grad,16,0.428854000
main,wide,hybrid,default.qubit,6,2,2540,2717,0,param_grad_quantum,16,0.174537200
main,wide,hybrid,default.qubit,6,2,2540,2717,0,param_grad_classical,16,0.254316800
main,ctrl_n2,control,default.qubit,2,0,2540,2405,1,forward,16,0.000730100
main,ctrl_n2,control,default.qubit,2,0,2540,2405,1,first_grad,16,0.001280700
main,ctrl_n2,control,default.qubit,2,0,2540,2405,1,second_grad,16,0.002365100
main,ctrl_n2,control,default.qubit,2,0,2540,2405,1,param_grad,16,0.005111100
main,ctrl_n2,control,default.qubit,2,0,2540,2405,2,forward,16,0.000689500
main,ctrl_n2,control,default.qubit,2,0,2540,2405,2,first_grad,16,0.001045300
main,ctrl_n2,control,default.qubit,2,0,2540,2405,2,second_grad,16,0.001882600
main,ctrl_n2,control,default.qubit,2,0,2540,2405,2,param_grad,16,0.004337300
main,baseline,hybrid,default.qubit,4,2,2540,2569,1,forward,16,0.014604600
main,baseline,hybrid,default.qubit,4,2,2540,2569,1,forward_quantum,16,0.013837000
main,baseline,hybrid,default.qubit,4,2,2540,2569,1,forward_classical,16,0.000767600
main,baseline,hybrid,default.qubit,4,2,2540,2569,1,first_grad,16,0.030958100
main,baseline,hybrid,default.qubit,4,2,2540,2569,1,first_grad_quantum,16,0.028841600
main,baseline,hybrid,default.qubit,4,2,2540,2569,1,first_grad_classical,16,0.002116500
main,baseline,hybrid,default.qubit,4,2,2540,2569,1,second_grad,16,0.062186900
main,baseline,hybrid,default.qubit,4,2,2540,2569,1,second_grad_quantum,16,0.039488100
main,baseline,hybrid,default.qubit,4,2,2540,2569,1,second_grad_classical,16,0.022698800
main,baseline,hybrid,default.qubit,4,2,2540,2569,1,param_grad,16,0.126992300
main,baseline,hybrid,default.qubit,4,2,2540,2569,1,param_grad_quantum,16,0.057673600
main,baseline,hybrid,default.qubit,4,2,2540,2569,1,param_grad_classical,16,0.069318700
main,deep,hybrid,default.qubit,4,4,2540,2601,1,forward,16,0.023974600
main,deep,hybrid,default.qubit,4,4,2540,2601,1,forward_quantum,16,0.023157800
main,deep,hybrid,default.qubit,4,4,2540,2601,1,forward_classical,16,0.000816800
main,deep,hybrid,default.qubit,4,4,2540,2601,1,first_grad,16,0.053242400
main,deep,hybrid,default.qubit,4,4,2540,2601,1,first_grad_quantum,16,0.049749300
main,deep,hybrid,default.qubit,4,4,2540,2601,1,first_grad_classical,16,0.003493100
main,deep,hybrid,default.qubit,4,4,2540,2601,1,second_grad,16,0.100892200
main,deep,hybrid,default.qubit,4,4,2540,2601,1,second_grad_quantum,16,0.069279100
main,deep,hybrid,default.qubit,4,4,2540,2601,1,second_grad_classical,16,0.031613100
main,deep,hybrid,default.qubit,4,4,2540,2601,1,param_grad,16,0.206315100
main,deep,hybrid,default.qubit,4,4,2540,2601,1,param_grad_quantum,16,0.092692800
main,deep,hybrid,default.qubit,4,4,2540,2601,1,param_grad_classical,16,0.113622300
main,narrow,hybrid,default.qubit,2,2,2540,2421,1,forward,16,0.007945600
main,narrow,hybrid,default.qubit,2,2,2540,2421,1,forward_quantum,16,0.007167500
main,narrow,hybrid,default.qubit,2,2,2540,2421,1,forward_classical,16,0.000778100
main,narrow,hybrid,default.qubit,2,2,2540,2421,1,first_grad,16,0.012595400
main,narrow,hybrid,default.qubit,2,2,2540,2421,1,first_grad_quantum,16,0.010841900
main,narrow,hybrid,default.qubit,2,2,2540,2421,1,first_grad_classical,16,0.001753500
main,narrow,hybrid,default.qubit,2,2,2540,2421,1,second_grad,16,0.021191800
main,narrow,hybrid,default.qubit,2,2,2540,2421,1,second_grad_quantum,16,0.013685000
main,narrow,hybrid,default.qubit,2,2,2540,2421,1,second_grad_classical,16,0.007506800
main,narrow,hybrid,default.qubit,2,2,2540,2421,1,param_grad,16,0.047538100
main,narrow,hybrid,default.qubit,2,2,2540,2421,1,param_grad_quantum,16,0.020409300
main,narrow,hybrid,default.qubit,2,2,2540,2421,1,param_grad_classical,16,0.027128800
main,baseline,hybrid,default.qubit,4,2,2540,2569,0,forward,16,0.017099100
main,baseline,hybrid,default.qubit,4,2,2540,2569,0,forward_quantum,16,0.016202700
main,baseline,hybrid,default.qubit,4,2,2540,2569,0,forward_classical,16,0.000896400
main,baseline,hybrid,default.qubit,4,2,2540,2569,0,first_grad,16,0.032954800
main,baseline,hybrid,default.qubit,4,2,2540,2569,0,first_grad_quantum,16,0.030508700
main,baseline,hybrid,default.qubit,4,2,2540,2569,0,first_grad_classical,16,0.002446100
main,baseline,hybrid,default.qubit,4,2,2540,2569,0,second_grad,16,0.064338400
main,baseline,hybrid,default.qubit,4,2,2540,2569,0,second_grad_quantum,16,0.042545800
main,baseline,hybrid,default.qubit,4,2,2540,2569,0,second_grad_classical,16,0.021792600
main,baseline,hybrid,default.qubit,4,2,2540,2569,0,param_grad,16,0.130249500
main,baseline,hybrid,default.qubit,4,2,2540,2569,0,param_grad_quantum,16,0.056894500
main,baseline,hybrid,default.qubit,4,2,2540,2569,0,param_grad_classical,16,0.073355000
main,classical,classical,default.qubit,,,2540,4353,2,forward,16,0.000638200
main,classical,classical,default.qubit,,,2540,4353,2,first_grad,16,0.001071100
main,classical,classical,default.qubit,,,2540,4353,2,second_grad,16,0.001635900
main,classical,classical,default.qubit,,,2540,4353,2,param_grad,16,0.004104700
main,deep,hybrid,default.qubit,4,4,2540,2601,2,forward,17,0.025542200
main,deep,hybrid,default.qubit,4,4,2540,2601,2,forward_quantum,17,0.024690500
main,deep,hybrid,default.qubit,4,4,2540,2601,2,forward_classical,17,0.000851700
main,deep,hybrid,default.qubit,4,4,2540,2601,2,first_grad,17,0.053646200
main,deep,hybrid,default.qubit,4,4,2540,2601,2,first_grad_quantum,17,0.050157600
main,deep,hybrid,default.qubit,4,4,2540,2601,2,first_grad_classical,17,0.003488600
main,deep,hybrid,default.qubit,4,4,2540,2601,2,second_grad,17,0.096599300
main,deep,hybrid,default.qubit,4,4,2540,2601,2,second_grad_quantum,17,0.066918400
main,deep,hybrid,default.qubit,4,4,2540,2601,2,second_grad_classical,17,0.029680900
main,deep,hybrid,default.qubit,4,4,2540,2601,2,param_grad,17,0.214020000
main,deep,hybrid,default.qubit,4,4,2540,2601,2,param_grad_quantum,17,0.097667000
main,deep,hybrid,default.qubit,4,4,2540,2601,2,param_grad_classical,17,0.116353000
main,narrow,hybrid,default.qubit,2,2,2540,2421,1,forward,17,0.007927300
main,narrow,hybrid,default.qubit,2,2,2540,2421,1,forward_quantum,17,0.007150300
main,narrow,hybrid,default.qubit,2,2,2540,2421,1,forward_classical,17,0.000777000
main,narrow,hybrid,default.qubit,2,2,2540,2421,1,first_grad,17,0.012488900
main,narrow,hybrid,default.qubit,2,2,2540,2421,1,first_grad_quantum,17,0.010754700
main,narrow,hybrid,default.qubit,2,2,2540,2421,1,first_grad_classical,17,0.001734200
main,narrow,hybrid,default.qubit,2,2,2540,2421,1,second_grad,17,0.020972800
main,narrow,hybrid,default.qubit,2,2,2540,2421,1,second_grad_quantum,17,0.013558000
main,narrow,hybrid,default.qubit,2,2,2540,2421,1,second_grad_classical,17,0.007414800
main,narrow,hybrid,default.qubit,2,2,2540,2421,1,param_grad,17,0.041019200
main,narrow,hybrid,default.qubit,2,2,2540,2421,1,param_grad_quantum,17,0.017992500
main,narrow,hybrid,default.qubit,2,2,2540,2421,1,param_grad_classical,17,0.023026700
main,classical,classical,default.qubit,,,2540,4353,1,forward,17,0.000524700
main,classical,classical,default.qubit,,,2540,4353,1,first_grad,17,0.000787000
main,classical,classical,default.qubit,,,2540,4353,1,second_grad,17,0.002091200
main,classical,classical,default.qubit,,,2540,4353,1,param_grad,17,0.005749400
main,wide,hybrid,default.qubit,6,2,2540,2717,2,forward,17,0.030096300
main,wide,hybrid,default.qubit,6,2,2540,2717,2,forward_quantum,17,0.029348500
main,wide,hybrid,default.qubit,6,2,2540,2717,2,forward_classical,17,0.000747800
main,wide,hybrid,default.qubit,6,2,2540,2717,2,first_grad,17,0.084529300
main,wide,hybrid,default.qubit,6,2,2540,2717,2,first_grad_quantum,17,0.079750700
main,wide,hybrid,default.qubit,6,2,2540,2717,2,first_grad_classical,17,0.004778600
main,wide,hybrid,default.qubit,6,2,2540,2717,2,second_grad,17,0.169209900
main,wide,hybrid,default.qubit,6,2,2540,2717,2,second_grad_quantum,17,0.111142200
main,wide,hybrid,default.qubit,6,2,2540,2717,2,second_grad_classical,17,0.058067700
main,wide,hybrid,default.qubit,6,2,2540,2717,2,param_grad,17,0.421243200
main,wide,hybrid,default.qubit,6,2,2540,2717,2,param_grad_quantum,17,0.174318200
main,wide,hybrid,default.qubit,6,2,2540,2717,2,param_grad_classical,17,0.246925000
main,ctrl_n6,control,default.qubit,6,0,2540,2669,1,forward,17,0.000756300
main,ctrl_n6,control,default.qubit,6,0,2540,2669,1,first_grad,17,0.001126100
main,ctrl_n6,control,default.qubit,6,0,2540,2669,1,second_grad,17,0.002088700
main,ctrl_n6,control,default.qubit,6,0,2540,2669,1,param_grad,17,0.005559900
main,ctrl_n6,control,default.qubit,6,0,2540,2669,0,forward,17,0.000693900
main,ctrl_n6,control,default.qubit,6,0,2540,2669,0,first_grad,17,0.001046700
main,ctrl_n6,control,default.qubit,6,0,2540,2669,0,second_grad,17,0.002058900
main,ctrl_n6,control,default.qubit,6,0,2540,2669,0,param_grad,17,0.005039500
main,ctrl_n4,control,default.qubit,4,0,2540,2537,2,forward,17,0.000819400
main,ctrl_n4,control,default.qubit,4,0,2540,2537,2,first_grad,17,0.001184400
main,ctrl_n4,control,default.qubit,4,0,2540,2537,2,second_grad,17,0.001946300
main,ctrl_n4,control,default.qubit,4,0,2540,2537,2,param_grad,17,0.005397800
main,baseline,hybrid,default.qubit,4,2,2540,2569,1,forward,17,0.017083200
main,baseline,hybrid,default.qubit,4,2,2540,2569,1,forward_quantum,17,0.016338100
main,baseline,hybrid,default.qubit,4,2,2540,2569,1,forward_classical,17,0.000745100
main,baseline,hybrid,default.qubit,4,2,2540,2569,1,first_grad,17,0.030810800
main,baseline,hybrid,default.qubit,4,2,2540,2569,1,first_grad_quantum,17,0.028551800
main,baseline,hybrid,default.qubit,4,2,2540,2569,1,first_grad_classical,17,0.002259000
main,baseline,hybrid,default.qubit,4,2,2540,2569,1,second_grad,17,0.063220800
main,baseline,hybrid,default.qubit,4,2,2540,2569,1,second_grad_quantum,17,0.041491000
main,baseline,hybrid,default.qubit,4,2,2540,2569,1,second_grad_classical,17,0.021729800
main,baseline,hybrid,default.qubit,4,2,2540,2569,1,param_grad,17,0.130103300
main,baseline,hybrid,default.qubit,4,2,2540,2569,1,param_grad_quantum,17,0.056489100
main,baseline,hybrid,default.qubit,4,2,2540,2569,1,param_grad_classical,17,0.073614200
main,narrow,hybrid,default.qubit,2,2,2540,2421,0,forward,17,0.007181800
main,narrow,hybrid,default.qubit,2,2,2540,2421,0,forward_quantum,17,0.006430400
main,narrow,hybrid,default.qubit,2,2,2540,2421,0,forward_classical,17,0.000751400
main,narrow,hybrid,default.qubit,2,2,2540,2421,0,first_grad,17,0.012423000
main,narrow,hybrid,default.qubit,2,2,2540,2421,0,first_grad_quantum,17,0.010646300
main,narrow,hybrid,default.qubit,2,2,2540,2421,0,first_grad_classical,17,0.001776700
main,narrow,hybrid,default.qubit,2,2,2540,2421,0,second_grad,17,0.020191000
main,narrow,hybrid,default.qubit,2,2,2540,2421,0,second_grad_quantum,17,0.013121200
main,narrow,hybrid,default.qubit,2,2,2540,2421,0,second_grad_classical,17,0.007069800
main,narrow,hybrid,default.qubit,2,2,2540,2421,0,param_grad,17,0.040592300
main,narrow,hybrid,default.qubit,2,2,2540,2421,0,param_grad_quantum,17,0.018627500
main,narrow,hybrid,default.qubit,2,2,2540,2421,0,param_grad_classical,17,0.021964800
main,ctrl_n2,control,default.qubit,2,0,2540,2405,1,forward,17,0.000719600
main,ctrl_n2,control,default.qubit,2,0,2540,2405,1,first_grad,17,0.001088700
main,ctrl_n2,control,default.qubit,2,0,2540,2405,1,second_grad,17,0.002160500
main,ctrl_n2,control,default.qubit,2,0,2540,2405,1,param_grad,17,0.005422500
main,ctrl_n4,control,default.qubit,4,0,2540,2537,0,forward,17,0.000887400
main,ctrl_n4,control,default.qubit,4,0,2540,2537,0,first_grad,17,0.001005600
main,ctrl_n4,control,default.qubit,4,0,2540,2537,0,second_grad,17,0.001746300
main,ctrl_n4,control,default.qubit,4,0,2540,2537,0,param_grad,17,0.004224800
main,classical,classical,default.qubit,,,2540,4353,0,forward,17,0.000523700
main,classical,classical,default.qubit,,,2540,4353,0,first_grad,17,0.000769600
main,classical,classical,default.qubit,,,2540,4353,0,second_grad,17,0.001503800
main,classical,classical,default.qubit,,,2540,4353,0,param_grad,17,0.004344500
main,ctrl_n4,control,default.qubit,4,0,2540,2537,1,forward,17,0.000762500
main,ctrl_n4,control,default.qubit,4,0,2540,2537,1,first_grad,17,0.001211300
main,ctrl_n4,control,default.qubit,4,0,2540,2537,1,second_grad,17,0.001947000
main,ctrl_n4,control,default.qubit,4,0,2540,2537,1,param_grad,17,0.005108700
main,wide,hybrid,default.qubit,6,2,2540,2717,1,forward,17,0.030535300
main,wide,hybrid,default.qubit,6,2,2540,2717,1,forward_quantum,17,0.029778000
main,wide,hybrid,default.qubit,6,2,2540,2717,1,forward_classical,17,0.000757300
main,wide,hybrid,default.qubit,6,2,2540,2717,1,first_grad,17,0.085704700
main,wide,hybrid,default.qubit,6,2,2540,2717,1,first_grad_quantum,17,0.081555800
main,wide,hybrid,default.qubit,6,2,2540,2717,1,first_grad_classical,17,0.004148900
main,wide,hybrid,default.qubit,6,2,2540,2717,1,second_grad,17,0.163215600
main,wide,hybrid,default.qubit,6,2,2540,2717,1,second_grad_quantum,17,0.109104800
main,wide,hybrid,default.qubit,6,2,2540,2717,1,second_grad_classical,17,0.054110800
main,wide,hybrid,default.qubit,6,2,2540,2717,1,param_grad,17,0.418886000
main,wide,hybrid,default.qubit,6,2,2540,2717,1,param_grad_quantum,17,0.170804800
main,wide,hybrid,default.qubit,6,2,2540,2717,1,param_grad_classical,17,0.248081200
main,wide,hybrid,default.qubit,6,2,2540,2717,0,forward,17,0.033455400
main,wide,hybrid,default.qubit,6,2,2540,2717,0,forward_quantum,17,0.032638500
main,wide,hybrid,default.qubit,6,2,2540,2717,0,forward_classical,17,0.000816900
main,wide,hybrid,default.qubit,6,2,2540,2717,0,first_grad,17,0.092997500
main,wide,hybrid,default.qubit,6,2,2540,2717,0,first_grad_quantum,17,0.088224400
main,wide,hybrid,default.qubit,6,2,2540,2717,0,first_grad_classical,17,0.004773100
main,wide,hybrid,default.qubit,6,2,2540,2717,0,second_grad,17,0.159382600
main,wide,hybrid,default.qubit,6,2,2540,2717,0,second_grad_quantum,17,0.106381700
main,wide,hybrid,default.qubit,6,2,2540,2717,0,second_grad_classical,17,0.053000900
main,wide,hybrid,default.qubit,6,2,2540,2717,0,param_grad,17,0.417832400
main,wide,hybrid,default.qubit,6,2,2540,2717,0,param_grad_quantum,17,0.170782100
main,wide,hybrid,default.qubit,6,2,2540,2717,0,param_grad_classical,17,0.247050300
main,classical,classical,default.qubit,,,2540,4353,2,forward,17,0.000530400
main,classical,classical,default.qubit,,,2540,4353,2,first_grad,17,0.000793100
main,classical,classical,default.qubit,,,2540,4353,2,second_grad,17,0.001552300
main,classical,classical,default.qubit,,,2540,4353,2,param_grad,17,0.004053400
main,narrow,hybrid,default.qubit,2,2,2540,2421,2,forward,17,0.007838400
main,narrow,hybrid,default.qubit,2,2,2540,2421,2,forward_quantum,17,0.007073700
main,narrow,hybrid,default.qubit,2,2,2540,2421,2,forward_classical,17,0.000764700
main,narrow,hybrid,default.qubit,2,2,2540,2421,2,first_grad,17,0.011865400
main,narrow,hybrid,default.qubit,2,2,2540,2421,2,first_grad_quantum,17,0.010236400
main,narrow,hybrid,default.qubit,2,2,2540,2421,2,first_grad_classical,17,0.001629000
main,narrow,hybrid,default.qubit,2,2,2540,2421,2,second_grad,17,0.022539400
main,narrow,hybrid,default.qubit,2,2,2540,2421,2,second_grad_quantum,17,0.014050600
main,narrow,hybrid,default.qubit,2,2,2540,2421,2,second_grad_classical,17,0.008488800
main,narrow,hybrid,default.qubit,2,2,2540,2421,2,param_grad,17,0.041410300
main,narrow,hybrid,default.qubit,2,2,2540,2421,2,param_grad_quantum,17,0.017479800
main,narrow,hybrid,default.qubit,2,2,2540,2421,2,param_grad_classical,17,0.023930500
main,baseline,hybrid,default.qubit,4,2,2540,2569,0,forward,17,0.016492700
main,baseline,hybrid,default.qubit,4,2,2540,2569,0,forward_quantum,17,0.015722700
main,baseline,hybrid,default.qubit,4,2,2540,2569,0,forward_classical,17,0.000770000
main,baseline,hybrid,default.qubit,4,2,2540,2569,0,first_grad,17,0.032847800
main,baseline,hybrid,default.qubit,4,2,2540,2569,0,first_grad_quantum,17,0.030434200
main,baseline,hybrid,default.qubit,4,2,2540,2569,0,first_grad_classical,17,0.002413600
main,baseline,hybrid,default.qubit,4,2,2540,2569,0,second_grad,17,0.061722100
main,baseline,hybrid,default.qubit,4,2,2540,2569,0,second_grad_quantum,17,0.042168500
main,baseline,hybrid,default.qubit,4,2,2540,2569,0,second_grad_classical,17,0.019553600
main,baseline,hybrid,default.qubit,4,2,2540,2569,0,param_grad,17,0.124092200
main,baseline,hybrid,default.qubit,4,2,2540,2569,0,param_grad_quantum,17,0.055008400
main,baseline,hybrid,default.qubit,4,2,2540,2569,0,param_grad_classical,17,0.069083800
main,deep,hybrid,default.qubit,4,4,2540,2601,1,forward,17,0.027389900
main,deep,hybrid,default.qubit,4,4,2540,2601,1,forward_quantum,17,0.026670400
main,deep,hybrid,default.qubit,4,4,2540,2601,1,forward_classical,17,0.000719500
main,deep,hybrid,default.qubit,4,4,2540,2601,1,first_grad,17,0.049851000
main,deep,hybrid,default.qubit,4,4,2540,2601,1,first_grad_quantum,17,0.046590000
main,deep,hybrid,default.qubit,4,4,2540,2601,1,first_grad_classical,17,0.003261000
main,deep,hybrid,default.qubit,4,4,2540,2601,1,second_grad,17,0.105663600
main,deep,hybrid,default.qubit,4,4,2540,2601,1,second_grad_quantum,17,0.072115400
main,deep,hybrid,default.qubit,4,4,2540,2601,1,second_grad_classical,17,0.033548200
main,deep,hybrid,default.qubit,4,4,2540,2601,1,param_grad,17,0.212335400
main,deep,hybrid,default.qubit,4,4,2540,2601,1,param_grad_quantum,17,0.097078700
main,deep,hybrid,default.qubit,4,4,2540,2601,1,param_grad_classical,17,0.115256700
main,baseline,hybrid,default.qubit,4,2,2540,2569,2,forward,17,0.017061300
main,baseline,hybrid,default.qubit,4,2,2540,2569,2,forward_quantum,17,0.016240300
main,baseline,hybrid,default.qubit,4,2,2540,2569,2,forward_classical,17,0.000821000
main,baseline,hybrid,default.qubit,4,2,2540,2569,2,first_grad,17,0.034135700
main,baseline,hybrid,default.qubit,4,2,2540,2569,2,first_grad_quantum,17,0.029957700
main,baseline,hybrid,default.qubit,4,2,2540,2569,2,first_grad_classical,17,0.004178000
main,baseline,hybrid,default.qubit,4,2,2540,2569,2,second_grad,17,0.061855400
main,baseline,hybrid,default.qubit,4,2,2540,2569,2,second_grad_quantum,17,0.041788900
main,baseline,hybrid,default.qubit,4,2,2540,2569,2,second_grad_classical,17,0.020066500
main,baseline,hybrid,default.qubit,4,2,2540,2569,2,param_grad,17,0.132072700
main,baseline,hybrid,default.qubit,4,2,2540,2569,2,param_grad_quantum,17,0.058694800
main,baseline,hybrid,default.qubit,4,2,2540,2569,2,param_grad_classical,17,0.073377900
main,ctrl_n2,control,default.qubit,2,0,2540,2405,0,forward,17,0.000729600
main,ctrl_n2,control,default.qubit,2,0,2540,2405,0,first_grad,17,0.001228000
main,ctrl_n2,control,default.qubit,2,0,2540,2405,0,second_grad,17,0.001921300
main,ctrl_n2,control,default.qubit,2,0,2540,2405,0,param_grad,17,0.005142300
main,deep,hybrid,default.qubit,4,4,2540,2601,0,forward,17,0.028039500
main,deep,hybrid,default.qubit,4,4,2540,2601,0,forward_quantum,17,0.027243100
main,deep,hybrid,default.qubit,4,4,2540,2601,0,forward_classical,17,0.000796400
main,deep,hybrid,default.qubit,4,4,2540,2601,0,first_grad,17,0.053646500
main,deep,hybrid,default.qubit,4,4,2540,2601,0,first_grad_quantum,17,0.050494600
main,deep,hybrid,default.qubit,4,4,2540,2601,0,first_grad_classical,17,0.003151900
main,deep,hybrid,default.qubit,4,4,2540,2601,0,second_grad,17,0.097019500
main,deep,hybrid,default.qubit,4,4,2540,2601,0,second_grad_quantum,17,0.066502900
main,deep,hybrid,default.qubit,4,4,2540,2601,0,second_grad_classical,17,0.030516600
main,deep,hybrid,default.qubit,4,4,2540,2601,0,param_grad,17,0.208844100
main,deep,hybrid,default.qubit,4,4,2540,2601,0,param_grad_quantum,17,0.096268000
main,deep,hybrid,default.qubit,4,4,2540,2601,0,param_grad_classical,17,0.112576100
main,ctrl_n2,control,default.qubit,2,0,2540,2405,2,forward,17,0.000721300
main,ctrl_n2,control,default.qubit,2,0,2540,2405,2,first_grad,17,0.001312500
main,ctrl_n2,control,default.qubit,2,0,2540,2405,2,second_grad,17,0.002118400
main,ctrl_n2,control,default.qubit,2,0,2540,2405,2,param_grad,17,0.004839200
main,ctrl_n6,control,default.qubit,6,0,2540,2669,2,forward,17,0.000710200
main,ctrl_n6,control,default.qubit,6,0,2540,2669,2,first_grad,17,0.001117100
main,ctrl_n6,control,default.qubit,6,0,2540,2669,2,second_grad,17,0.002107900
main,ctrl_n6,control,default.qubit,6,0,2540,2669,2,param_grad,17,0.005286400
main,deep,hybrid,default.qubit,4,4,2540,2601,1,forward,18,0.028067600
main,deep,hybrid,default.qubit,4,4,2540,2601,1,forward_quantum,18,0.027306700
main,deep,hybrid,default.qubit,4,4,2540,2601,1,forward_classical,18,0.000760900
main,deep,hybrid,default.qubit,4,4,2540,2601,1,first_grad,18,0.053178100
main,deep,hybrid,default.qubit,4,4,2540,2601,1,first_grad_quantum,18,0.049411600
main,deep,hybrid,default.qubit,4,4,2540,2601,1,first_grad_classical,18,0.003766500
main,deep,hybrid,default.qubit,4,4,2540,2601,1,second_grad,18,0.099156100
main,deep,hybrid,default.qubit,4,4,2540,2601,1,second_grad_quantum,18,0.069541200
main,deep,hybrid,default.qubit,4,4,2540,2601,1,second_grad_classical,18,0.029614900
main,deep,hybrid,default.qubit,4,4,2540,2601,1,param_grad,18,0.219892400
main,deep,hybrid,default.qubit,4,4,2540,2601,1,param_grad_quantum,18,0.098796700
main,deep,hybrid,default.qubit,4,4,2540,2601,1,param_grad_classical,18,0.121095700
main,deep,hybrid,default.qubit,4,4,2540,2601,0,forward,18,0.027982900
main,deep,hybrid,default.qubit,4,4,2540,2601,0,forward_quantum,18,0.027236100
main,deep,hybrid,default.qubit,4,4,2540,2601,0,forward_classical,18,0.000746800
main,deep,hybrid,default.qubit,4,4,2540,2601,0,first_grad,18,0.052139200
main,deep,hybrid,default.qubit,4,4,2540,2601,0,first_grad_quantum,18,0.048910100
main,deep,hybrid,default.qubit,4,4,2540,2601,0,first_grad_classical,18,0.003229100
main,deep,hybrid,default.qubit,4,4,2540,2601,0,second_grad,18,0.094953200
main,deep,hybrid,default.qubit,4,4,2540,2601,0,second_grad_quantum,18,0.063434400
main,deep,hybrid,default.qubit,4,4,2540,2601,0,second_grad_classical,18,0.031518800
main,deep,hybrid,default.qubit,4,4,2540,2601,0,param_grad,18,0.205361300
main,deep,hybrid,default.qubit,4,4,2540,2601,0,param_grad_quantum,18,0.093878500
main,deep,hybrid,default.qubit,4,4,2540,2601,0,param_grad_classical,18,0.111482800
main,ctrl_n6,control,default.qubit,6,0,2540,2669,1,forward,18,0.000738800
main,ctrl_n6,control,default.qubit,6,0,2540,2669,1,first_grad,18,0.001168000
main,ctrl_n6,control,default.qubit,6,0,2540,2669,1,second_grad,18,0.002036000
main,ctrl_n6,control,default.qubit,6,0,2540,2669,1,param_grad,18,0.004538500
main,ctrl_n4,control,default.qubit,4,0,2540,2537,2,forward,18,0.000701500
main,ctrl_n4,control,default.qubit,4,0,2540,2537,2,first_grad,18,0.001069100
main,ctrl_n4,control,default.qubit,4,0,2540,2537,2,second_grad,18,0.002014000
main,ctrl_n4,control,default.qubit,4,0,2540,2537,2,param_grad,18,0.004453500
main,ctrl_n4,control,default.qubit,4,0,2540,2537,1,forward,18,0.000738400
main,ctrl_n4,control,default.qubit,4,0,2540,2537,1,first_grad,18,0.001119400
main,ctrl_n4,control,default.qubit,4,0,2540,2537,1,second_grad,18,0.002146500
main,ctrl_n4,control,default.qubit,4,0,2540,2537,1,param_grad,18,0.005141300
main,narrow,hybrid,default.qubit,2,2,2540,2421,1,forward,18,0.007083300
main,narrow,hybrid,default.qubit,2,2,2540,2421,1,forward_quantum,18,0.006253000
main,narrow,hybrid,default.qubit,2,2,2540,2421,1,forward_classical,18,0.000830300
main,narrow,hybrid,default.qubit,2,2,2540,2421,1,first_grad,18,0.010353000
main,narrow,hybrid,default.qubit,2,2,2540,2421,1,first_grad_quantum,18,0.008902900
main,narrow,hybrid,default.qubit,2,2,2540,2421,1,first_grad_classical,18,0.001450100
main,narrow,hybrid,default.qubit,2,2,2540,2421,1,second_grad,18,0.021534600
main,narrow,hybrid,default.qubit,2,2,2540,2421,1,second_grad_quantum,18,0.012937600
main,narrow,hybrid,default.qubit,2,2,2540,2421,1,second_grad_classical,18,0.008597000
main,narrow,hybrid,default.qubit,2,2,2540,2421,1,param_grad,18,0.048019000
main,narrow,hybrid,default.qubit,2,2,2540,2421,1,param_grad_quantum,18,0.019850400
main,narrow,hybrid,default.qubit,2,2,2540,2421,1,param_grad_classical,18,0.028168600
main,baseline,hybrid,default.qubit,4,2,2540,2569,1,forward,18,0.016420000
main,baseline,hybrid,default.qubit,4,2,2540,2569,1,forward_quantum,18,0.015639000
main,baseline,hybrid,default.qubit,4,2,2540,2569,1,forward_classical,18,0.000781000
main,baseline,hybrid,default.qubit,4,2,2540,2569,1,first_grad,18,0.031718000
main,baseline,hybrid,default.qubit,4,2,2540,2569,1,first_grad_quantum,18,0.029316900
main,baseline,hybrid,default.qubit,4,2,2540,2569,1,first_grad_classical,18,0.002401100
main,baseline,hybrid,default.qubit,4,2,2540,2569,1,second_grad,18,0.064417600
main,baseline,hybrid,default.qubit,4,2,2540,2569,1,second_grad_quantum,18,0.041907500
main,baseline,hybrid,default.qubit,4,2,2540,2569,1,second_grad_classical,18,0.022510100
main,baseline,hybrid,default.qubit,4,2,2540,2569,1,param_grad,18,0.137440200
main,baseline,hybrid,default.qubit,4,2,2540,2569,1,param_grad_quantum,18,0.062215500
main,baseline,hybrid,default.qubit,4,2,2540,2569,1,param_grad_classical,18,0.075224700
main,wide,hybrid,default.qubit,6,2,2540,2717,0,forward,18,0.031214800
main,wide,hybrid,default.qubit,6,2,2540,2717,0,forward_quantum,18,0.030390600
main,wide,hybrid,default.qubit,6,2,2540,2717,0,forward_classical,18,0.000824200
main,wide,hybrid,default.qubit,6,2,2540,2717,0,first_grad,18,0.080834900
main,wide,hybrid,default.qubit,6,2,2540,2717,0,first_grad_quantum,18,0.076661600
main,wide,hybrid,default.qubit,6,2,2540,2717,0,first_grad_classical,18,0.004173300
main,wide,hybrid,default.qubit,6,2,2540,2717,0,second_grad,18,0.160078300
main,wide,hybrid,default.qubit,6,2,2540,2717,0,second_grad_quantum,18,0.106263100
main,wide,hybrid,default.qubit,6,2,2540,2717,0,second_grad_classical,18,0.053815200
main,wide,hybrid,default.qubit,6,2,2540,2717,0,param_grad,18,0.430217000
main,wide,hybrid,default.qubit,6,2,2540,2717,0,param_grad_quantum,18,0.174452700
main,wide,hybrid,default.qubit,6,2,2540,2717,0,param_grad_classical,18,0.255764300
main,deep,hybrid,default.qubit,4,4,2540,2601,2,forward,18,0.025627600
main,deep,hybrid,default.qubit,4,4,2540,2601,2,forward_quantum,18,0.024871100
main,deep,hybrid,default.qubit,4,4,2540,2601,2,forward_classical,18,0.000756500
main,deep,hybrid,default.qubit,4,4,2540,2601,2,first_grad,18,0.055306200
main,deep,hybrid,default.qubit,4,4,2540,2601,2,first_grad_quantum,18,0.051872200
main,deep,hybrid,default.qubit,4,4,2540,2601,2,first_grad_classical,18,0.003434000
main,deep,hybrid,default.qubit,4,4,2540,2601,2,second_grad,18,0.107490200
main,deep,hybrid,default.qubit,4,4,2540,2601,2,second_grad_quantum,18,0.071599100
main,deep,hybrid,default.qubit,4,4,2540,2601,2,second_grad_classical,18,0.035891100
main,deep,hybrid,default.qubit,4,4,2540,2601,2,param_grad,18,0.210913500
main,deep,hybrid,default.qubit,4,4,2540,2601,2,param_grad_quantum,18,0.094697700
main,deep,hybrid,default.qubit,4,4,2540,2601,2,param_grad_classical,18,0.116215800
main,wide,hybrid,default.qubit,6,2,2540,2717,2,forward,18,0.032234600
main,wide,hybrid,default.qubit,6,2,2540,2717,2,forward_quantum,18,0.031457200
main,wide,hybrid,default.qubit,6,2,2540,2717,2,forward_classical,18,0.000777400
main,wide,hybrid,default.qubit,6,2,2540,2717,2,first_grad,18,0.083473900
main,wide,hybrid,default.qubit,6,2,2540,2717,2,first_grad_quantum,18,0.078818000
main,wide,hybrid,default.qubit,6,2,2540,2717,2,first_grad_classical,18,0.004655900
main,wide,hybrid,default.qubit,6,2,2540,2717,2,second_grad,18,0.163562200
main,wide,hybrid,default.qubit,6,2,2540,2717,2,second_grad_quantum,18,0.109355900
main,wide,hybrid,default.qubit,6,2,2540,2717,2,second_grad_classical,18,0.054206300
main,wide,hybrid,default.qubit,6,2,2540,2717,2,param_grad,18,0.393581700
main,wide,hybrid,default.qubit,6,2,2540,2717,2,param_grad_quantum,18,0.162680700
main,wide,hybrid,default.qubit,6,2,2540,2717,2,param_grad_classical,18,0.230901000
main,classical,classical,default.qubit,,,2540,4353,0,forward,18,0.000489600
main,classical,classical,default.qubit,,,2540,4353,0,first_grad,18,0.000762300
main,classical,classical,default.qubit,,,2540,4353,0,second_grad,18,0.001736500
main,classical,classical,default.qubit,,,2540,4353,0,param_grad,18,0.005248500
main,ctrl_n2,control,default.qubit,2,0,2540,2405,2,forward,18,0.000706700
main,ctrl_n2,control,default.qubit,2,0,2540,2405,2,first_grad,18,0.001026900
main,ctrl_n2,control,default.qubit,2,0,2540,2405,2,second_grad,18,0.001852300
main,ctrl_n2,control,default.qubit,2,0,2540,2405,2,param_grad,18,0.004985200
main,classical,classical,default.qubit,,,2540,4353,2,forward,18,0.000514100
main,classical,classical,default.qubit,,,2540,4353,2,first_grad,18,0.000770900
main,classical,classical,default.qubit,,,2540,4353,2,second_grad,18,0.001614600
main,classical,classical,default.qubit,,,2540,4353,2,param_grad,18,0.003758400
main,narrow,hybrid,default.qubit,2,2,2540,2421,0,forward,18,0.008207500
main,narrow,hybrid,default.qubit,2,2,2540,2421,0,forward_quantum,18,0.007440200
main,narrow,hybrid,default.qubit,2,2,2540,2421,0,forward_classical,18,0.000767300
main,narrow,hybrid,default.qubit,2,2,2540,2421,0,first_grad,18,0.011900300
main,narrow,hybrid,default.qubit,2,2,2540,2421,0,first_grad_quantum,18,0.009831800
main,narrow,hybrid,default.qubit,2,2,2540,2421,0,first_grad_classical,18,0.002068500
main,narrow,hybrid,default.qubit,2,2,2540,2421,0,second_grad,18,0.021584900
main,narrow,hybrid,default.qubit,2,2,2540,2421,0,second_grad_quantum,18,0.013931000
main,narrow,hybrid,default.qubit,2,2,2540,2421,0,second_grad_classical,18,0.007653900
main,narrow,hybrid,default.qubit,2,2,2540,2421,0,param_grad,18,0.048565100
main,narrow,hybrid,default.qubit,2,2,2540,2421,0,param_grad_quantum,18,0.019475500
main,narrow,hybrid,default.qubit,2,2,2540,2421,0,param_grad_classical,18,0.029089600
main,narrow,hybrid,default.qubit,2,2,2540,2421,2,forward,18,0.007224400
main,narrow,hybrid,default.qubit,2,2,2540,2421,2,forward_quantum,18,0.006310700
main,narrow,hybrid,default.qubit,2,2,2540,2421,2,forward_classical,18,0.000913700
main,narrow,hybrid,default.qubit,2,2,2540,2421,2,first_grad,18,0.012204100
main,narrow,hybrid,default.qubit,2,2,2540,2421,2,first_grad_quantum,18,0.010489400
main,narrow,hybrid,default.qubit,2,2,2540,2421,2,first_grad_classical,18,0.001714700
main,narrow,hybrid,default.qubit,2,2,2540,2421,2,second_grad,18,0.021812400
main,narrow,hybrid,default.qubit,2,2,2540,2421,2,second_grad_quantum,18,0.013895400
main,narrow,hybrid,default.qubit,2,2,2540,2421,2,second_grad_classical,18,0.007917000
main,narrow,hybrid,default.qubit,2,2,2540,2421,2,param_grad,18,0.044470000
main,narrow,hybrid,default.qubit,2,2,2540,2421,2,param_grad_quantum,18,0.019419800
main,narrow,hybrid,default.qubit,2,2,2540,2421,2,param_grad_classical,18,0.025050200
main,ctrl_n4,control,default.qubit,4,0,2540,2537,0,forward,18,0.000739300
main,ctrl_n4,control,default.qubit,4,0,2540,2537,0,first_grad,18,0.001182600
main,ctrl_n4,control,default.qubit,4,0,2540,2537,0,second_grad,18,0.002440100
main,ctrl_n4,control,default.qubit,4,0,2540,2537,0,param_grad,18,0.004997900
main,ctrl_n6,control,default.qubit,6,0,2540,2669,2,forward,18,0.000773600
main,ctrl_n6,control,default.qubit,6,0,2540,2669,2,first_grad,18,0.001122500
main,ctrl_n6,control,default.qubit,6,0,2540,2669,2,second_grad,18,0.002105700
main,ctrl_n6,control,default.qubit,6,0,2540,2669,2,param_grad,18,0.005632900
main,ctrl_n2,control,default.qubit,2,0,2540,2405,0,forward,18,0.000688100
main,ctrl_n2,control,default.qubit,2,0,2540,2405,0,first_grad,18,0.001037700
main,ctrl_n2,control,default.qubit,2,0,2540,2405,0,second_grad,18,0.002155200
main,ctrl_n2,control,default.qubit,2,0,2540,2405,0,param_grad,18,0.004980700
main,baseline,hybrid,default.qubit,4,2,2540,2569,2,forward,18,0.016845200
main,baseline,hybrid,default.qubit,4,2,2540,2569,2,forward_quantum,18,0.016068500
main,baseline,hybrid,default.qubit,4,2,2540,2569,2,forward_classical,18,0.000776700
main,baseline,hybrid,default.qubit,4,2,2540,2569,2,first_grad,18,0.033059800
main,baseline,hybrid,default.qubit,4,2,2540,2569,2,first_grad_quantum,18,0.030711400
main,baseline,hybrid,default.qubit,4,2,2540,2569,2,first_grad_classical,18,0.002348400
main,baseline,hybrid,default.qubit,4,2,2540,2569,2,second_grad,18,0.064427700
main,baseline,hybrid,default.qubit,4,2,2540,2569,2,second_grad_quantum,18,0.042234300
main,baseline,hybrid,default.qubit,4,2,2540,2569,2,second_grad_classical,18,0.022193400
main,baseline,hybrid,default.qubit,4,2,2540,2569,2,param_grad,18,0.129302500
main,baseline,hybrid,default.qubit,4,2,2540,2569,2,param_grad_quantum,18,0.057150600
main,baseline,hybrid,default.qubit,4,2,2540,2569,2,param_grad_classical,18,0.072151900
main,classical,classical,default.qubit,,,2540,4353,1,forward,18,0.000531700
main,classical,classical,default.qubit,,,2540,4353,1,first_grad,18,0.000819100
main,classical,classical,default.qubit,,,2540,4353,1,second_grad,18,0.002176500
main,classical,classical,default.qubit,,,2540,4353,1,param_grad,18,0.004547700
main,ctrl_n6,control,default.qubit,6,0,2540,2669,0,forward,18,0.000907100
main,ctrl_n6,control,default.qubit,6,0,2540,2669,0,first_grad,18,0.001101700
main,ctrl_n6,control,default.qubit,6,0,2540,2669,0,second_grad,18,0.002042700
main,ctrl_n6,control,default.qubit,6,0,2540,2669,0,param_grad,18,0.004778600
main,wide,hybrid,default.qubit,6,2,2540,2717,1,forward,18,0.031459400
main,wide,hybrid,default.qubit,6,2,2540,2717,1,forward_quantum,18,0.030700600
main,wide,hybrid,default.qubit,6,2,2540,2717,1,forward_classical,18,0.000758800
main,wide,hybrid,default.qubit,6,2,2540,2717,1,first_grad,18,0.085878900
main,wide,hybrid,default.qubit,6,2,2540,2717,1,first_grad_quantum,18,0.081711500
main,wide,hybrid,default.qubit,6,2,2540,2717,1,first_grad_classical,18,0.004167400
main,wide,hybrid,default.qubit,6,2,2540,2717,1,second_grad,18,0.158338500
main,wide,hybrid,default.qubit,6,2,2540,2717,1,second_grad_quantum,18,0.108197300
main,wide,hybrid,default.qubit,6,2,2540,2717,1,second_grad_classical,18,0.050141200
main,wide,hybrid,default.qubit,6,2,2540,2717,1,param_grad,18,0.400918800
main,wide,hybrid,default.qubit,6,2,2540,2717,1,param_grad_quantum,18,0.159234800
main,wide,hybrid,default.qubit,6,2,2540,2717,1,param_grad_classical,18,0.241684000
main,baseline,hybrid,default.qubit,4,2,2540,2569,0,forward,18,0.018669600
main,baseline,hybrid,default.qubit,4,2,2540,2569,0,forward_quantum,18,0.017865700
main,baseline,hybrid,default.qubit,4,2,2540,2569,0,forward_classical,18,0.000803900
main,baseline,hybrid,default.qubit,4,2,2540,2569,0,first_grad,18,0.035242600
main,baseline,hybrid,default.qubit,4,2,2540,2569,0,first_grad_quantum,18,0.032793800
main,baseline,hybrid,default.qubit,4,2,2540,2569,0,first_grad_classical,18,0.002448800
main,baseline,hybrid,default.qubit,4,2,2540,2569,0,second_grad,18,0.063009600
main,baseline,hybrid,default.qubit,4,2,2540,2569,0,second_grad_quantum,18,0.042206200
main,baseline,hybrid,default.qubit,4,2,2540,2569,0,second_grad_classical,18,0.020803400
main,baseline,hybrid,default.qubit,4,2,2540,2569,0,param_grad,18,0.126944000
main,baseline,hybrid,default.qubit,4,2,2540,2569,0,param_grad_quantum,18,0.054689000
main,baseline,hybrid,default.qubit,4,2,2540,2569,0,param_grad_classical,18,0.072255000
main,ctrl_n2,control,default.qubit,2,0,2540,2405,1,forward,18,0.000630100
main,ctrl_n2,control,default.qubit,2,0,2540,2405,1,first_grad,18,0.000995200
main,ctrl_n2,control,default.qubit,2,0,2540,2405,1,second_grad,18,0.001847700
main,ctrl_n2,control,default.qubit,2,0,2540,2405,1,param_grad,18,0.003771300
main,baseline,hybrid,default.qubit,4,2,2540,2569,2,forward,19,0.016727600
main,baseline,hybrid,default.qubit,4,2,2540,2569,2,forward_quantum,19,0.015982500
main,baseline,hybrid,default.qubit,4,2,2540,2569,2,forward_classical,19,0.000745100
main,baseline,hybrid,default.qubit,4,2,2540,2569,2,first_grad,19,0.029587800
main,baseline,hybrid,default.qubit,4,2,2540,2569,2,first_grad_quantum,19,0.027280500
main,baseline,hybrid,default.qubit,4,2,2540,2569,2,first_grad_classical,19,0.002307300
main,baseline,hybrid,default.qubit,4,2,2540,2569,2,second_grad,19,0.057881400
main,baseline,hybrid,default.qubit,4,2,2540,2569,2,second_grad_quantum,19,0.037760400
main,baseline,hybrid,default.qubit,4,2,2540,2569,2,second_grad_classical,19,0.020121000
main,baseline,hybrid,default.qubit,4,2,2540,2569,2,param_grad,19,0.128467100
main,baseline,hybrid,default.qubit,4,2,2540,2569,2,param_grad_quantum,19,0.056726400
main,baseline,hybrid,default.qubit,4,2,2540,2569,2,param_grad_classical,19,0.071740700
main,classical,classical,default.qubit,,,2540,4353,0,forward,19,0.000503000
main,classical,classical,default.qubit,,,2540,4353,0,first_grad,19,0.000867800
main,classical,classical,default.qubit,,,2540,4353,0,second_grad,19,0.001687500
main,classical,classical,default.qubit,,,2540,4353,0,param_grad,19,0.004059300
main,classical,classical,default.qubit,,,2540,4353,1,forward,19,0.000515400
main,classical,classical,default.qubit,,,2540,4353,1,first_grad,19,0.000740600
main,classical,classical,default.qubit,,,2540,4353,1,second_grad,19,0.001424900
main,classical,classical,default.qubit,,,2540,4353,1,param_grad,19,0.003653600
main,ctrl_n6,control,default.qubit,6,0,2540,2669,1,forward,19,0.000846500
main,ctrl_n6,control,default.qubit,6,0,2540,2669,1,first_grad,19,0.001158800
main,ctrl_n6,control,default.qubit,6,0,2540,2669,1,second_grad,19,0.002138700
main,ctrl_n6,control,default.qubit,6,0,2540,2669,1,param_grad,19,0.005229000
main,deep,hybrid,default.qubit,4,4,2540,2601,2,forward,19,0.029176600
main,deep,hybrid,default.qubit,4,4,2540,2601,2,forward_quantum,19,0.028370000
main,deep,hybrid,default.qubit,4,4,2540,2601,2,forward_classical,19,0.000806600
main,deep,hybrid,default.qubit,4,4,2540,2601,2,first_grad,19,0.055116100
main,deep,hybrid,default.qubit,4,4,2540,2601,2,first_grad_quantum,19,0.051648800
main,deep,hybrid,default.qubit,4,4,2540,2601,2,first_grad_classical,19,0.003467300
main,deep,hybrid,default.qubit,4,4,2540,2601,2,second_grad,19,0.101937800
main,deep,hybrid,default.qubit,4,4,2540,2601,2,second_grad_quantum,19,0.070335000
main,deep,hybrid,default.qubit,4,4,2540,2601,2,second_grad_classical,19,0.031602800
main,deep,hybrid,default.qubit,4,4,2540,2601,2,param_grad,19,0.207978900
main,deep,hybrid,default.qubit,4,4,2540,2601,2,param_grad_quantum,19,0.095552800
main,deep,hybrid,default.qubit,4,4,2540,2601,2,param_grad_classical,19,0.112426100
main,classical,classical,default.qubit,,,2540,4353,2,forward,19,0.000507300
main,classical,classical,default.qubit,,,2540,4353,2,first_grad,19,0.000909100
main,classical,classical,default.qubit,,,2540,4353,2,second_grad,19,0.001587200
main,classical,classical,default.qubit,,,2540,4353,2,param_grad,19,0.004532000
main,ctrl_n2,control,default.qubit,2,0,2540,2405,0,forward,19,0.000779100
main,ctrl_n2,control,default.qubit,2,0,2540,2405,0,first_grad,19,0.001142900
main,ctrl_n2,control,default.qubit,2,0,2540,2405,0,second_grad,19,0.002061500
main,ctrl_n2,control,default.qubit,2,0,2540,2405,0,param_grad,19,0.004807300
main,narrow,hybrid,default.qubit,2,2,2540,2421,2,forward,19,0.007467500
main,narrow,hybrid,default.qubit,2,2,2540,2421,2,forward_quantum,19,0.006727100
main,narrow,hybrid,default.qubit,2,2,2540,2421,2,forward_classical,19,0.000740400
main,narrow,hybrid,default.qubit,2,2,2540,2421,2,first_grad,19,0.010744200
main,narrow,hybrid,default.qubit,2,2,2540,2421,2,first_grad_quantum,19,0.009143600
main,narrow,hybrid,default.qubit,2,2,2540,2421,2,first_grad_classical,19,0.001600600
main,narrow,hybrid,default.qubit,2,2,2540,2421,2,second_grad,19,0.023217500
main,narrow,hybrid,default.qubit,2,2,2540,2421,2,second_grad_quantum,19,0.014068400
main,narrow,hybrid,default.qubit,2,2,2540,2421,2,second_grad_classical,19,0.009149100
main,narrow,hybrid,default.qubit,2,2,2540,2421,2,param_grad,19,0.042915800
main,narrow,hybrid,default.qubit,2,2,2540,2421,2,param_grad_quantum,19,0.018965900
main,narrow,hybrid,default.qubit,2,2,2540,2421,2,param_grad_classical,19,0.023949900
main,baseline,hybrid,default.qubit,4,2,2540,2569,1,forward,19,0.014993000
main,baseline,hybrid,default.qubit,4,2,2540,2569,1,forward_quantum,19,0.014241500
main,baseline,hybrid,default.qubit,4,2,2540,2569,1,forward_classical,19,0.000751500
main,baseline,hybrid,default.qubit,4,2,2540,2569,1,first_grad,19,0.030457600
main,baseline,hybrid,default.qubit,4,2,2540,2569,1,first_grad_quantum,19,0.028015200
main,baseline,hybrid,default.qubit,4,2,2540,2569,1,first_grad_classical,19,0.002442400
main,baseline,hybrid,default.qubit,4,2,2540,2569,1,second_grad,19,0.062221700
main,baseline,hybrid,default.qubit,4,2,2540,2569,1,second_grad_quantum,19,0.041493100
main,baseline,hybrid,default.qubit,4,2,2540,2569,1,second_grad_classical,19,0.020728600
main,baseline,hybrid,default.qubit,4,2,2540,2569,1,param_grad,19,0.134315800
main,baseline,hybrid,default.qubit,4,2,2540,2569,1,param_grad_quantum,19,0.059540500
main,baseline,hybrid,default.qubit,4,2,2540,2569,1,param_grad_classical,19,0.074775300
main,ctrl_n4,control,default.qubit,4,0,2540,2537,2,forward,19,0.000659300
main,ctrl_n4,control,default.qubit,4,0,2540,2537,2,first_grad,19,0.001067600
main,ctrl_n4,control,default.qubit,4,0,2540,2537,2,second_grad,19,0.001847000
main,ctrl_n4,control,default.qubit,4,0,2540,2537,2,param_grad,19,0.004249100
main,ctrl_n2,control,default.qubit,2,0,2540,2405,1,forward,19,0.000685400
main,ctrl_n2,control,default.qubit,2,0,2540,2405,1,first_grad,19,0.001169600
main,ctrl_n2,control,default.qubit,2,0,2540,2405,1,second_grad,19,0.002120200
main,ctrl_n2,control,default.qubit,2,0,2540,2405,1,param_grad,19,0.005361200
main,baseline,hybrid,default.qubit,4,2,2540,2569,0,forward,19,0.016621100
main,baseline,hybrid,default.qubit,4,2,2540,2569,0,forward_quantum,19,0.015589900
main,baseline,hybrid,default.qubit,4,2,2540,2569,0,forward_classical,19,0.001031200
main,baseline,hybrid,default.qubit,4,2,2540,2569,0,first_grad,19,0.029196600
main,baseline,hybrid,default.qubit,4,2,2540,2569,0,first_grad_quantum,19,0.026736100
main,baseline,hybrid,default.qubit,4,2,2540,2569,0,first_grad_classical,19,0.002460500
main,baseline,hybrid,default.qubit,4,2,2540,2569,0,second_grad,19,0.063749800
main,baseline,hybrid,default.qubit,4,2,2540,2569,0,second_grad_quantum,19,0.040940000
main,baseline,hybrid,default.qubit,4,2,2540,2569,0,second_grad_classical,19,0.022809800
main,baseline,hybrid,default.qubit,4,2,2540,2569,0,param_grad,19,0.133659800
main,baseline,hybrid,default.qubit,4,2,2540,2569,0,param_grad_quantum,19,0.057976000
main,baseline,hybrid,default.qubit,4,2,2540,2569,0,param_grad_classical,19,0.075683800
main,ctrl_n6,control,default.qubit,6,0,2540,2669,0,forward,19,0.000872300
main,ctrl_n6,control,default.qubit,6,0,2540,2669,0,first_grad,19,0.001217900
main,ctrl_n6,control,default.qubit,6,0,2540,2669,0,second_grad,19,0.002014300
main,ctrl_n6,control,default.qubit,6,0,2540,2669,0,param_grad,19,0.004962900
main,narrow,hybrid,default.qubit,2,2,2540,2421,1,forward,19,0.008042800
main,narrow,hybrid,default.qubit,2,2,2540,2421,1,forward_quantum,19,0.007302200
main,narrow,hybrid,default.qubit,2,2,2540,2421,1,forward_classical,19,0.000740600
main,narrow,hybrid,default.qubit,2,2,2540,2421,1,first_grad,19,0.011957800
main,narrow,hybrid,default.qubit,2,2,2540,2421,1,first_grad_quantum,19,0.010387200
main,narrow,hybrid,default.qubit,2,2,2540,2421,1,first_grad_classical,19,0.001570600
main,narrow,hybrid,default.qubit,2,2,2540,2421,1,second_grad,19,0.021805900
main,narrow,hybrid,default.qubit,2,2,2540,2421,1,second_grad_quantum,19,0.013467700
main,narrow,hybrid,default.qubit,2,2,2540,2421,1,second_grad_classical,19,0.008338200
main,narrow,hybrid,default.qubit,2,2,2540,2421,1,param_grad,19,0.045362000
main,narrow,hybrid,default.qubit,2,2,2540,2421,1,param_grad_quantum,19,0.020755600
main,narrow,hybrid,default.qubit,2,2,2540,2421,1,param_grad_classical,19,0.024606400
main,narrow,hybrid,default.qubit,2,2,2540,2421,0,forward,19,0.006687400
main,narrow,hybrid,default.qubit,2,2,2540,2421,0,forward_quantum,19,0.006013800
main,narrow,hybrid,default.qubit,2,2,2540,2421,0,forward_classical,19,0.000673600
main,narrow,hybrid,default.qubit,2,2,2540,2421,0,first_grad,19,0.011241600
main,narrow,hybrid,default.qubit,2,2,2540,2421,0,first_grad_quantum,19,0.009546400
main,narrow,hybrid,default.qubit,2,2,2540,2421,0,first_grad_classical,19,0.001695200
main,narrow,hybrid,default.qubit,2,2,2540,2421,0,second_grad,19,0.018258100
main,narrow,hybrid,default.qubit,2,2,2540,2421,0,second_grad_quantum,19,0.012049000
main,narrow,hybrid,default.qubit,2,2,2540,2421,0,second_grad_classical,19,0.006209100
main,narrow,hybrid,default.qubit,2,2,2540,2421,0,param_grad,19,0.046274900
main,narrow,hybrid,default.qubit,2,2,2540,2421,0,param_grad_quantum,19,0.018077300
main,narrow,hybrid,default.qubit,2,2,2540,2421,0,param_grad_classical,19,0.028197600
main,ctrl_n2,control,default.qubit,2,0,2540,2405,2,forward,19,0.000715900
main,ctrl_n2,control,default.qubit,2,0,2540,2405,2,first_grad,19,0.000922400
main,ctrl_n2,control,default.qubit,2,0,2540,2405,2,second_grad,19,0.001921500
main,ctrl_n2,control,default.qubit,2,0,2540,2405,2,param_grad,19,0.004730500
main,wide,hybrid,default.qubit,6,2,2540,2717,1,forward,19,0.034342200
main,wide,hybrid,default.qubit,6,2,2540,2717,1,forward_quantum,19,0.033586500
main,wide,hybrid,default.qubit,6,2,2540,2717,1,forward_classical,19,0.000755700
main,wide,hybrid,default.qubit,6,2,2540,2717,1,first_grad,19,0.072341100
main,wide,hybrid,default.qubit,6,2,2540,2717,1,first_grad_quantum,19,0.068643900
main,wide,hybrid,default.qubit,6,2,2540,2717,1,first_grad_classical,19,0.003697200
main,wide,hybrid,default.qubit,6,2,2540,2717,1,second_grad,19,0.152453400
main,wide,hybrid,default.qubit,6,2,2540,2717,1,second_grad_quantum,19,0.101846700
main,wide,hybrid,default.qubit,6,2,2540,2717,1,second_grad_classical,19,0.050606700
main,wide,hybrid,default.qubit,6,2,2540,2717,1,param_grad,19,0.416202100
main,wide,hybrid,default.qubit,6,2,2540,2717,1,param_grad_quantum,19,0.163564400
main,wide,hybrid,default.qubit,6,2,2540,2717,1,param_grad_classical,19,0.252637700
main,deep,hybrid,default.qubit,4,4,2540,2601,1,forward,19,0.027003800
main,deep,hybrid,default.qubit,4,4,2540,2601,1,forward_quantum,19,0.026283600
main,deep,hybrid,default.qubit,4,4,2540,2601,1,forward_classical,19,0.000720200
main,deep,hybrid,default.qubit,4,4,2540,2601,1,first_grad,19,0.053390800
main,deep,hybrid,default.qubit,4,4,2540,2601,1,first_grad_quantum,19,0.050019500
main,deep,hybrid,default.qubit,4,4,2540,2601,1,first_grad_classical,19,0.003371300
main,deep,hybrid,default.qubit,4,4,2540,2601,1,second_grad,19,0.105526800
main,deep,hybrid,default.qubit,4,4,2540,2601,1,second_grad_quantum,19,0.073944300
main,deep,hybrid,default.qubit,4,4,2540,2601,1,second_grad_classical,19,0.031582500
main,deep,hybrid,default.qubit,4,4,2540,2601,1,param_grad,19,0.216250200
main,deep,hybrid,default.qubit,4,4,2540,2601,1,param_grad_quantum,19,0.102751600
main,deep,hybrid,default.qubit,4,4,2540,2601,1,param_grad_classical,19,0.113498600
main,ctrl_n4,control,default.qubit,4,0,2540,2537,1,forward,19,0.000723600
main,ctrl_n4,control,default.qubit,4,0,2540,2537,1,first_grad,19,0.001072800
main,ctrl_n4,control,default.qubit,4,0,2540,2537,1,second_grad,19,0.002129200
main,ctrl_n4,control,default.qubit,4,0,2540,2537,1,param_grad,19,0.004761300
main,ctrl_n6,control,default.qubit,6,0,2540,2669,2,forward,19,0.000729900
main,ctrl_n6,control,default.qubit,6,0,2540,2669,2,first_grad,19,0.001302300
main,ctrl_n6,control,default.qubit,6,0,2540,2669,2,second_grad,19,0.002123400
main,ctrl_n6,control,default.qubit,6,0,2540,2669,2,param_grad,19,0.005692500
main,wide,hybrid,default.qubit,6,2,2540,2717,0,forward,19,0.031983700
main,wide,hybrid,default.qubit,6,2,2540,2717,0,forward_quantum,19,0.031174400
main,wide,hybrid,default.qubit,6,2,2540,2717,0,forward_classical,19,0.000809300
main,wide,hybrid,default.qubit,6,2,2540,2717,0,first_grad,19,0.086568600
main,wide,hybrid,default.qubit,6,2,2540,2717,0,first_grad_quantum,19,0.082737300
main,wide,hybrid,default.qubit,6,2,2540,2717,0,first_grad_classical,19,0.003831300
main,wide,hybrid,default.qubit,6,2,2540,2717,0,second_grad,19,0.161561300
main,wide,hybrid,default.qubit,6,2,2540,2717,0,second_grad_quantum,19,0.106319900
main,wide,hybrid,default.qubit,6,2,2540,2717,0,second_grad_classical,19,0.055241400
main,wide,hybrid,default.qubit,6,2,2540,2717,0,param_grad,19,0.406758000
main,wide,hybrid,default.qubit,6,2,2540,2717,0,param_grad_quantum,19,0.161995000
main,wide,hybrid,default.qubit,6,2,2540,2717,0,param_grad_classical,19,0.244763000
main,deep,hybrid,default.qubit,4,4,2540,2601,0,forward,19,0.028003400
main,deep,hybrid,default.qubit,4,4,2540,2601,0,forward_quantum,19,0.027256700
main,deep,hybrid,default.qubit,4,4,2540,2601,0,forward_classical,19,0.000746700
main,deep,hybrid,default.qubit,4,4,2540,2601,0,first_grad,19,0.055056400
main,deep,hybrid,default.qubit,4,4,2540,2601,0,first_grad_quantum,19,0.051769300
main,deep,hybrid,default.qubit,4,4,2540,2601,0,first_grad_classical,19,0.003287100
main,deep,hybrid,default.qubit,4,4,2540,2601,0,second_grad,19,0.100159300
main,deep,hybrid,default.qubit,4,4,2540,2601,0,second_grad_quantum,19,0.068993800
main,deep,hybrid,default.qubit,4,4,2540,2601,0,second_grad_classical,19,0.031165500
main,deep,hybrid,default.qubit,4,4,2540,2601,0,param_grad,19,0.206678000
main,deep,hybrid,default.qubit,4,4,2540,2601,0,param_grad_quantum,19,0.090444600
main,deep,hybrid,default.qubit,4,4,2540,2601,0,param_grad_classical,19,0.116233400
main,wide,hybrid,default.qubit,6,2,2540,2717,2,forward,19,0.030397700
main,wide,hybrid,default.qubit,6,2,2540,2717,2,forward_quantum,19,0.029490200
main,wide,hybrid,default.qubit,6,2,2540,2717,2,forward_classical,19,0.000907500
main,wide,hybrid,default.qubit,6,2,2540,2717,2,first_grad,19,0.078826200
main,wide,hybrid,default.qubit,6,2,2540,2717,2,first_grad_quantum,19,0.074621900
main,wide,hybrid,default.qubit,6,2,2540,2717,2,first_grad_classical,19,0.004204300
main,wide,hybrid,default.qubit,6,2,2540,2717,2,second_grad,19,0.161003200
main,wide,hybrid,default.qubit,6,2,2540,2717,2,second_grad_quantum,19,0.107625200
main,wide,hybrid,default.qubit,6,2,2540,2717,2,second_grad_classical,19,0.053378000
main,wide,hybrid,default.qubit,6,2,2540,2717,2,param_grad,19,0.408859800
main,wide,hybrid,default.qubit,6,2,2540,2717,2,param_grad_quantum,19,0.170193300
main,wide,hybrid,default.qubit,6,2,2540,2717,2,param_grad_classical,19,0.238666500
main,ctrl_n4,control,default.qubit,4,0,2540,2537,0,forward,19,0.000766000
main,ctrl_n4,control,default.qubit,4,0,2540,2537,0,first_grad,19,0.000999100
main,ctrl_n4,control,default.qubit,4,0,2540,2537,0,second_grad,19,0.001965500
main,ctrl_n4,control,default.qubit,4,0,2540,2537,0,param_grad,19,0.005474900
