iteration,phase,loss,grad_norm,circuit_grad_norm
0,adam,1.4872029074873918,3.072321641253941,0.0
1,adam,1.4246406814850678,2.7970682733305505,0.0
2,adam,1.3673358773909878,2.5259050598615715,0.0
3,adam,1.3151644097104183,2.2553088109223336,0.0
4,adam,1.268073907321472,1.982145328692422,0.0
5,adam,1.226165595360682,1.7064051046097417,0.0
6,adam,1.1895054696626781,1.433070807394564,0.0
7,adam,1.1579708902851107,1.1729214831943156,0.0
8,adam,1.1311461986898996,0.9452803173055845,0.0
9,adam,1.1082312288210718,0.7790717463885013,0.0
10,adam,1.0880519451624493,0.7006361904880953,0.0
11,adam,1.0692084331517795,0.7039905196933149,0.0
12,adam,1.0503280463564328,0.746314259240878,0.0
13,adam,1.0303784685401638,0.7838869701622858,0.0
14,adam,1.0089080813532239,0.7928109314944431,0.0
15,adam,0.9861187976629238,0.7676246852466352,0.0
16,adam,0.9627675508571959,0.7167176220901348,0.0
17,adam,0.9399497701649473,0.6602026672826335,0.0
18,adam,0.9188119537379573,0.6271738332997961,0.0
19,adam,0.900234875601378,0.643047203933836,0.0
20,adam,0.8845405675510419,0.7080400866827481,0.0
21,adam,0.871322737082199,0.7947714435281873,0.0
22,adam,0.8595439749747702,0.8676977348474009,0.0
23,adam,0.847979241409482,0.8978423110159134,0.0
24,adam,0.8358106246692826,0.8681428156845366,0.0
25,adam,0.8230186654610567,0.7763202207277949,0.0
26,adam,0.8103538894303909,0.6409109129580284,0.0
27,adam,0.7988894387329422,0.5153785078485454,0.0
28,adam,0.7893220272920896,0.4861264023500934,0.0
29,adam,0.7814147466638987,0.5627132996906862,0.0
30,adam,0.7741419829764327,0.6422693295193721,0.0
31,adam,0.7666690875222578,0.6423008964571679,0.0
32,adam,0.759329915369003,0.5388955119059899,0.0
33,adam,0.7535705930317508,0.3676908186220678,0.0
34,adam,0.7507402276830686,0.266875988312486,0.0
35,adam,0.7506467634092187,0.3619264782242628,0.0
36,adam,0.751437231512301,0.47081085451675014,0.0
37,adam,0.7512629642110376,0.4980744153391787,0.0
38,adam,0.7496389053006577,0.47362048241426297,0.0
39,adam,0.7469874593358955,0.47404417926702547,0.0
40,adam,0.7434968754828577,0.5161599266849753,0.0
41,adam,0.738899232034422,0.5361501977479517,0.0
42,adam,0.7332245037368014,0.4875200588831729,0.0
43,adam,0.7272603821305244,0.38216581833030927,0.0
44,adam,0.7220332376211748,0.2852454099672588,0.0
45,adam,0.7179665325248905,0.268352552164734,0.0
46,adam,0.7146877855694834,0.29275551351374407,0.0
47,adam,0.7116450872001117,0.28824113386499833,0.0
48,adam,0.7087021028018734,0.25597663005225196,0.0
49,adam,0.7060483359131062,0.24504042410100996,0.0
50,adam,0.7037405058085417,0.27467221001047526,0.0
51,adam,0.7015353155731974,0.30031321479952783,0.0
52,adam,0.6991762108055126,0.28681172175855313,0.0
53,adam,0.6966932059623756,0.2396479677139951,0.0
54,adam,0.6943194448051087,0.20051882554759842,0.0
55,adam,0.6921692517540275,0.20775846199895834,0.0
56,adam,0.6901005211721666,0.2327453747173281,0.0
57,adam,0.6879119580728861,0.23471250223722567,0.0
58,adam,0.6855880101674239,0.21260550816657828,0.0
59,adam,0.683264402364704,0.19616474867667294,0.0
60,adam,0.6810058369904601,0.20255534217995916,0.0
61,adam,0.6787441819270452,0.20582197946747224,0.0
62,adam,0.6764644726943516,0.18255772056298877,0.0
63,adam,0.6743184902008184,0.14718585702705078,0.0
64,adam,0.6724493893349857,0.13983269579079344,0.0
65,adam,0.6707968994840801,0.15690255328529132,0.0
66,adam,0.6692046326100909,0.1671788380979562,0.0
67,adam,0.6676363959038213,0.18087474418320895,0.0
68,adam,0.6661218739185947,0.21270933944613765,0.0
69,adam,0.664585019318171,0.23654066394749693,0.0
70,adam,0.6629253507494774,0.22699347248959065,0.0
71,adam,0.6611885359033898,0.19426787926041034,0.0
72,adam,0.6594767652159186,0.17038983754729514,0.0
73,adam,0.6577815654512811,0.16241042580664192,0.0
74,adam,0.656052138048385,0.15346054640569892,0.0
75,adam,0.6543176935851652,0.14849230052440338,0.0
76,adam,0.6526174406204939,0.15611696350167004,0.0
77,adam,0.6509180696836925,0.1594457858805719,0.0
78,adam,0.649191894936444,0.14779251396068302,0.0
79,adam,0.6474730697855776,0.1356730663964026,0.0
80,adam,0.6457758018425642,0.13649341503440848,0.0
81,adam,0.6440556834353841,0.1405606831307901,0.0
82,adam,0.6422828997665926,0.14226552083260519,0.0
83,adam,0.6404680581056442,0.14836287770569156,0.0
84,adam,0.6386070384599487,0.15549898394611764,0.0
85,adam,0.6366798470712052,0.1532758547894449,0.0
86,adam,0.6346989182420376,0.14401794988879382,0.0
87,adam,0.632694512469371,0.13883310744671565,0.0
88,adam,0.6306652161948872,0.13872563492181172,0.0
89,adam,0.6285947228236703,0.13862274193048735,0.0
90,adam,0.6264837965784571,0.14106272093415598,0.0
91,adam,0.6243288290962027,0.1470894816163145,0.0
92,adam,0.6221076445892311,0.15020955319320464,0.0
93,adam,0.6198078375552455,0.1489006019415346,0.0
94,adam,0.6174322489534776,0.14884490611213236,0.0
95,adam,0.6149714832122914,0.15171533305330676,0.0
96,adam,0.6124083157457798,0.15529415500215007,0.0
97,adam,0.6097375419767823,0.1605040835663067,0.0
98,adam,0.6069533801793185,0.16700772445801043,0.0
99,adam,0.6040394718672717,0.1713206911716399,0.0
100,adam,0.6009846415804824,0.17401869350911664,0.0
101,adam,0.597782929108013,0.1789071548496042,0.0
102,adam,0.5944173214090287,0.1860469756051771,0.0
103,adam,0.5908653039355004,0.19379692690369696,0.0
104,adam,0.5871081400809295,0.20246308237563274,0.0
105,adam,0.5831216925779945,0.2113382922155191,0.0
106,adam,0.5788776905932163,0.21900697726857443,0.0
107,adam,0.5743547415059203,0.22640947007824963,0.0
108,adam,0.5695307081595988,0.23458411806570598,0.0
109,adam,0.5643768923167969,0.24316899470793285,0.0
110,adam,0.558865124758381,0.25264157188615927,0.0
111,adam,0.5529641475203033,0.26308790477475363,0.0
112,adam,0.5466355656037277,0.273371527537336,0.0
113,adam,0.539843565541606,0.2839568179219972,0.0
114,adam,0.5325521013936272,0.29594641604020877,0.0
115,adam,0.5247210501123016,0.3092787877597238,0.0
116,adam,0.5163117852993956,0.3240128528540856,0.0
117,adam,0.507283322683425,0.33958730940411075,0.0
118,adam,0.4975927741549401,0.35526216123838866,0.0
119,adam,0.4872023847487008,0.3715734194643617,0.0
120,adam,0.4760730659301893,0.38846839452598086,0.0
121,adam,0.464167003264055,0.4054466850443057,0.0
122,adam,0.45145117183973427,0.422026528295172,0.0
123,adam,0.4378988816746468,0.4375182576227529,0.0
124,adam,0.42349944397425976,0.45233260139304926,0.0
125,adam,0.40825410142536944,0.4666031886502548,0.0
126,adam,0.3921778490313634,0.48016806997113715,0.0
127,adam,0.3753024416210947,0.4927065288080787,0.0
128,adam,0.35768146540708007,0.5036580455528419,0.0
129,adam,0.33939916630858336,0.5127532303163761,0.0
130,adam,0.3205701822953241,0.5190748731614798,0.0
131,adam,0.3013446191128083,0.5218618850569405,0.0
132,adam,0.28191008718786903,0.5199658712781492,0.0
133,adam,0.2624976475153473,0.5127427572687705,0.0
134,adam,0.24337704438846766,0.49956487552466816,0.0
135,adam,0.22485021166080799,0.48043007821943734,0.0
136,adam,0.2072342330146023,0.4551895537175935,0.0
137,adam,0.19084251954421003,0.42455996365471016,0.0
138,adam,0.17596085242173842,0.3898235852899193,0.0
139,adam,0.16282131885382212,0.3521865839103159,0.0
140,adam,0.1515753661363734,0.31452217736383414,0.0
141,adam,0.14227279929321593,0.28174450063429357,0.0
142,adam,0.13484582989476412,0.25715973680364373,0.0
143,adam,0.12910241075708637,0.24571054850763321,0.0
144,adam,0.12474265182460814,0.24917137653100985,0.0
145,adam,0.12139191933443527,0.2616321993886582,0.0
146,adam,0.11864387817156721,0.2807054426779556,0.0
147,adam,0.11610804430533292,0.2989733972920864,0.0
148,adam,0.11345225415719758,0.31328665247413684,0.0
149,adam,0.11043202737845981,0.32117050945698433,0.0
150,adam,0.10691195133449985,0.3216541411624549,0.0
151,adam,0.10286729631023112,0.3146015180528139,0.0
152,adam,0.09837666132527136,0.30210341313843714,0.0
153,adam,0.09359559414226892,0.28193590567895604,0.0
154,adam,0.08873328990111215,0.26025511231241527,0.0
155,adam,0.08400362148651946,0.2315168213532249,0.0
156,adam,0.07960851059897309,0.20961312202150462,0.0
157,adam,0.0756829087764459,0.18237714273547678,0.0
158,adam,0.07231896336583497,0.1752821639153747,0.0
159,adam,0.06951486240837894,0.16480476317796808,0.0
160,adam,0.06726728068603999,0.19797426336330365,0.0
161,adam,0.06548784992212459,0.2597613089097729,0.0
162,adam,0.06423963736065331,0.41585916127718714,0.0
163,adam,0.06357775369517948,0.6932367077020795,0.0
164,adam,0.06379435349524709,1.047930268872368,0.0
165,adam,0.06338833566258266,1.2139231447595047,0.0
166,adam,0.060714313126258974,0.7729083737214725,0.0
167,adam,0.05850032305266904,0.19985358446381254,0.0
168,adam,0.058713851374620575,0.8846318211889312,0.0
169,adam,0.05768716619704968,0.9209938975975961,0.0
170,adam,0.05492091750225686,0.32180885199575665,0.0
171,adam,0.054017372666874716,0.5789488641883671,0.0
172,adam,0.05352644816417122,0.8667812418699596,0.0
173,adam,0.05125783773578202,0.498885195438705,0.0
174,adam,0.04977037484524706,0.3108449707971623,0.0
175,adam,0.049480486785776316,0.7450056969372478,0.0
176,adam,0.048074863709494,0.6170114278935439,0.0
177,adam,0.04649312842718109,0.10105691742049877,0.0
178,adam,0.046147513781042156,0.553048698521367,0.0
179,adam,0.04555567680398645,0.6632477227599767,0.0
180,adam,0.044221196321140285,0.2815078878496357,0.0
181,adam,0.043530949435626104,0.28671208766946915,0.0
182,adam,0.043300480163556726,0.590351876733053,0.0
183,adam,0.04244407361798073,0.4745292522929328,0.0
184,adam,0.041439323699207185,0.10740033717983455,0.0
185,adam,0.04100352745194816,0.3793164843618604,0.0
186,adam,0.04054530055238234,0.519287705432314,0.0
187,adam,0.039618862959978136,0.3282229287464705,0.0
188,adam,0.03879333651552429,0.10737053676787717,0.0
189,adam,0.03833242083629837,0.37391508113366856,0.0
190,adam,0.037756884601769194,0.43478926283912556,0.0
191,adam,0.03691951992185555,0.25864885254604664,0.0
192,adam,0.03621159749853475,0.10149644497075853,0.0
193,adam,0.035757931914674135,0.31460690110376444,0.0
194,adam,0.035262577876243394,0.3774941432319941,0.0
195,adam,0.03459929265438927,0.2602277498847614,0.0
196,adam,0.033985280731639096,0.0776471509836297,0.0
197,adam,0.03354652607020557,0.2124887510756058,0.0
198,adam,0.033146395630583345,0.32646185349119294,0.0
199,adam,0.03264399495970294,0.2939261107878152,0.0
200,adam,0.032080164461472625,0.17564720746811635,0.0
201,adam,0.03157760623134249,0.08064533327813475,0.0
202,adam,0.031161788449931647,0.18928881640378187,0.0
203,adam,0.03076058879316801,0.28005607998017723,0.0
204,adam,0.030310668910338324,0.27682647984709174,0.0
205,adam,0.029817704883693022,0.22444512439535308,0.0
206,adam,0.029329113261563358,0.12267160559502595,0.0
207,adam,0.02888244613901103,0.0679859029653726,0.0
208,adam,0.02848115774431214,0.13408539581159049,0.0
209,adam,0.02810827268776063,0.20285864966900174,0.0
210,adam,0.027747093985321998,0.26080550122652857,0.0
211,adam,0.027388785637922942,0.29296261822136377,0.0
212,adam,0.027033574109890598,0.3193433768309233,0.0
213,adam,0.02668526929971452,0.3374950412462682,0.0
214,adam,0.026350306700908634,0.3631358422393893,0.0
215,adam,0.026036995604584792,0.3983165979242775,0.0
216,adam,0.025757416684785706,0.45448684502003034,0.0
217,adam,0.02553158892230452,0.536424319757322,0.0
218,adam,0.025387089815899995,0.6519704988112623,0.0
219,adam,0.025356052326276083,0.7993550020625662,0.0
220,adam,0.025432313711457974,0.9641622692043537,0.0
221,adam,0.02549608319669001,1.0966392997477743,0.0
222,adam,0.025258846827017442,1.1195533447497552,0.0
223,adam,0.0244922312643694,0.9467869459667482,0.0
224,adam,0.023453588083423644,0.5796079952278512,0.0
225,adam,0.02275227603496495,0.10673982835988531,0.0
226,adam,0.022654997851160232,0.3676629184764641,0.0
227,adam,0.02287528597496144,0.7085400393951347,0.0
228,adam,0.022933860909242133,0.8556598385536185,0.0
229,adam,0.0225428477100248,0.795645666413099,0.0
230,adam,0.02184314574209734,0.5271180591720444,0.0
231,adam,0.021271662271675047,0.1589087784414161,0.0
232,adam,0.021081993501041514,0.24215479483620872,0.0
233,adam,0.021142831930107225,0.5280148142463422,0.0
234,adam,0.021154720911676826,0.6847629631829929,0.0
235,adam,0.020916739901583527,0.6709701320694017,0.0
236,adam,0.02046244766962323,0.5185898941544232,0.0
237,adam,0.01999947792055229,0.2611286186068827,0.0
238,adam,0.01970893938202366,0.053646145973775976,0.0
239,adam,0.0196057388517885,0.2878784779509422,0.0
240,adam,0.01958184850085155,0.4692947466346945,0.0
241,adam,0.01951544892320582,0.5719660528049209,0.0
242,adam,0.019338034863700948,0.5799275575960758,0.0
243,adam,0.01905495987916668,0.5134772950373918,0.0
244,adam,0.01872627260826431,0.38084356026923677,0.0
245,adam,0.018424409841448566,0.22141923224462343,0.0
246,adam,0.018191972716284394,0.06109215010416476,0.0
247,adam,0.018031183754108306,0.12181617315312648,0.0
248,adam,0.017921454118880895,0.2589214893121576,0.0
249,adam,0.017840772375848732,0.37106735446489386,0.0
250,adam,0.017774894133104697,0.47286205007738635,0.0
251,adam,0.01771799377751452,0.5553380071640244,0.0
252,adam,0.01766788207007374,0.6360486565935385,0.0
253,adam,0.017619096671855308,0.7005929710830959,0.0
254,adam,0.017561410948220266,0.7596362899022562,0.0
255,adam,0.017471678663135197,0.7898812732253726,0.0
256,adam,0.01732671757545122,0.7951185551756598,0.0
257,adam,0.0171054157873455,0.7502598365985589,0.0
258,adam,0.01681662169612119,0.6659276388129374,0.0
259,adam,0.016494042083924833,0.5322777639595704,0.0
260,adam,0.016189352980370927,0.37782553249633566,0.0
261,adam,0.01594148194301422,0.20686544537994056,0.0
262,adam,0.015763524219906528,0.05756316848099234,0.0
263,adam,0.0156468738426016,0.11819179006425216,0.0
264,adam,0.015575721561733258,0.2463686937400014,0.0
265,adam,0.015538637448776958,0.37243247883347524,0.0
266,adam,0.015533872707804649,0.4883726150661113,0.0
267,adam,0.015568373639385,0.6142700868166903,0.0
268,adam,0.015652039192408145,0.7418825897371549,0.0
269,adam,0.015790527016262407,0.882501415819306,0.0
270,adam,0.015956208497556718,1.0101924299749587,0.0
271,adam,0.016076358136399044,1.109557645672551,0.0
272,adam,0.016009068143565182,1.1245609135698913,0.0
273,adam,0.01565624374306733,1.0267393367561723,0.0
274,adam,0.015066079515295035,0.787799854741279,0.0
275,adam,0.014488785252890324,0.45096032192378566,0.0
276,adam,0.014167743107400982,0.07394863071415994,0.0
277,adam,0.014158557740739066,0.2903205019191143,0.0
278,adam,0.01433371921106744,0.5746175837428609,0.0
279,adam,0.014503614671999072,0.751405505886915,0.0
280,adam,0.014517151880487512,0.8163765459351321,0.0
281,adam,0.014315676441422398,0.7518766369529575,0.0
282,adam,0.013971108211639122,0.5843706624512938,0.0
283,adam,0.013631594352142527,0.3369144918782656,0.0
284,adam,0.013422644230237871,0.07422533225915105,0.0
285,adam,0.013371376469100554,0.19527649794595545,0.0
286,adam,0.01342089963041063,0.39923897154149657,0.0
287,adam,0.013487038587280398,0.5473227792780563,0.0
288,adam,0.013500996790125636,0.6211146756605299,0.0
289,adam,0.01342975312925013,0.6322060345439325,0.0
290,adam,0.013276473979164776,0.5751372796911857,0.0
291,adam,0.01307719330623421,0.47340605076361353,0.0
292,adam,0.012878032476131665,0.33333252661809254,0.0
293,adam,0.012715791624085235,0.1852323185747106,0.0
294,adam,0.012605040667637634,0.04385020484175297,0.0
295,adam,0.012540998771885086,0.11025607356536365,0.0
296,adam,0.012510044248798419,0.2310504067291434,0.0
297,adam,0.012499383020734216,0.3323484577945684,0.0
298,adam,0.01250128572227159,0.42655256270618475,0.0
299,adam,0.01251346714512299,0.5081401388133575,0.0
300,adam,0.0125378012371882,0.5916795081636695,0.0
301,adam,0.012576398775346545,0.6703210541999934,0.0
302,adam,0.012631551702906599,0.7545681067261563,0.0
303,adam,0.012696291703140832,0.8316560380646376,0.0
304,adam,0.012757704276017544,0.9036674069927448,0.0
305,adam,0.012782128618707908,0.948288502949066,0.0
306,adam,0.012734846461248077,0.9590451744582768,0.0
307,adam,0.012579189731469358,0.910851406796055,0.0
308,adam,0.012321683999344309,0.8048623715389942,0.0
309,adam,0.012007120326257321,0.6356690060567414,0.0
310,adam,0.011714241220849516,0.4296550693848219,0.0
311,adam,0.01150606667468466,0.20258953487259512,0.0
312,adam,0.01140539651896296,0.03461099727067236,0.0
313,adam,0.011395909434469349,0.21967356526416534,0.0
314,adam,0.011443658467146713,0.38469593044585026,0.0
315,adam,0.011515556652708037,0.5235220968894935,0.0
316,adam,0.011585945177072267,0.6277393976767807,0.0
317,adam,0.01163714975274558,0.707306931082638,0.0
318,adam,0.011652822478783987,0.7525305241311389,0.0
319,adam,0.01162327285801832,0.7703798830476364,0.0
320,adam,0.011540076103630201,0.7499214817326021,0.0
321,adam,0.01140919163948987,0.6995352441258188,0.0
322,adam,0.011243724046697419,0.613801411113389,0.0
323,adam,0.01106838591444656,0.5079095519047885,0.0
324,adam,0.010905825946684397,0.3833735796154954,0.0
325,adam,0.010772603285018131,0.25841679207490803,0.0
326,adam,0.010674262279393597,0.13433556998994683,0.0
327,adam,0.010607868369554218,0.033798065644452174,0.0
328,adam,0.010566641060165917,0.09120789537421577,0.0
329,adam,0.010544208998908787,0.18151779402629087,0.0
330,adam,0.01053735767328496,0.27196496281087224,0.0
331,adam,0.0105472984799195,0.3594468125705813,0.0
332,adam,0.010580498104617402,0.45812477936521245,0.0
333,adam,0.010649203195679153,0.5676907501877175,0.0
334,adam,0.010773827708279008,0.702830735861026,0.0
335,adam,0.010979434376580947,0.8613358979316644,0.0
336,adam,0.011294217172925749,1.0505023639622906,0.0
337,adam,0.011712124653949208,1.250542619639363,0.0
338,adam,0.012160706641199105,1.4348974663293048,0.0
339,adam,0.012412468273938276,1.5343013873922433,0.0
340,adam,0.012200452942907695,1.478262549991397,0.0
341,adam,0.011428818860437437,1.2046875544908335,0.0
342,adam,0.010483174467733896,0.7373737359068232,0.0
343,adam,0.009931549442089575,0.16542423351145577,0.0
344,adam,0.010014155949562066,0.3859556765644896,0.0
345,adam,0.010475215987722953,0.8085934076791321,0.0
346,adam,0.010841546067390316,1.0295967334644405,0.0
347,adam,0.010781964769729115,1.0203174597324538,0.0
348,adam,0.010323615361602582,0.7837542950394478,0.0
349,adam,0.009830478955234836,0.3936332439918091,0.0
350,adam,0.00964482843485626,0.05916942243248089,0.0
351,adam,0.009798566886455083,0.4419880892037048,0.0
352,adam,0.010052428202467167,0.701173381295941,0.0
353,adam,0.010139575808508567,0.7842657337314513,0.0
354,adam,0.009972358766635964,0.6954524866016266,0.0
355,adam,0.009674161260112245,0.4629797872355256,0.0
356,adam,0.009452855127358875,0.15905494167220086,0.0
357,adam,0.009417348132452479,0.15605650985979577,0.0
358,adam,0.009518834845436521,0.40304684617156306,0.0
359,adam,0.009625891812563764,0.5555225484904779,0.0
360,adam,0.009632749180255803,0.5908889850563336,0.0
361,adam,0.009522575417810538,0.5218888570016131,0.0
362,adam,0.009356587203449559,0.3673320981781752,0.0
363,adam,0.00921987140419514,0.17051750649314987,0.0
364,adam,0.009161133644022487,0.046367233771319814,0.0
365,adam,0.009173769533845341,0.22005458966811442,0.0
366,adam,0.009215717912891646,0.3551120028585698,0.0
367,adam,0.009241805038405668,0.4305380509831509,0.0
368,adam,0.009226229656841802,0.45133190944391716,0.0
369,adam,0.00916755439250298,0.4178154424014924,0.0
370,adam,0.009083251886818463,0.3476007314774623,0.0
371,adam,0.008996253976479374,0.24864208561871604,0.0
372,adam,0.008924704985675994,0.14165022647751455,0.0
373,adam,0.008876466465109171,0.03761038446302747,0.0
374,adam,0.008850096321019747,0.07456762856107729,0.0
375,adam,0.008839082058902067,0.1613011873039944,0.0
376,adam,0.00883613489820535,0.23183709461943813,0.0
377,adam,0.008835689689276675,0.2922710854044503,0.0
378,adam,0.008834791017220827,0.3385967212172696,0.0
379,adam,0.00883288387672548,0.3804492635087664,0.0
380,adam,0.00883099226445068,0.4152350280309811,0.0
381,adam,0.008831602501932916,0.4526903651307475,0.0
382,adam,0.00883753186365734,0.49034375002202796,0.0
383,adam,0.008853257303545144,0.537344652387432,0.0
384,adam,0.008883143519773425,0.5909206748925514,0.0
385,adam,0.008934102535909615,0.6593618780935709,0.0
386,adam,0.009012061431274589,0.73887518696613,0.0
387,adam,0.009125461086707982,0.8354305693708562,0.0
388,adam,0.009275600336932876,0.94119900909222,0.0
389,adam,0.009459651892197267,1.0550609090663514,0.0
390,adam,0.009647596389998559,1.1583082658284218,0.0
391,adam,0.00979235693913992,1.2354990015512934,0.0
392,adam,0.00980947092126199,1.253954415056622,0.0
393,adam,0.009641168081482392,1.1921826948846814,0.0
394,adam,0.009278405128562598,1.0291784821793346,0.0
395,adam,0.00882565194614111,0.7760937778938272,0.0
396,adam,0.008435065766158757,0.45698813133618893,0.0
397,adam,0.008228862872168327,0.12043977893314405,0.0
398,adam,0.008229466720846616,0.20353684466542965,0.0
399,adam,0.008372341122289299,0.46942747005787344,0.0
400,adam,0.008556990129697236,0.668319657006032,0.0
401,adam,0.008689887095717828,0.7839328938007585,0.0
402,adam,0.008714114251135578,0.8176854132693316,0.0
403,adam,0.008615653995880147,0.766076325443627,0.0
404,adam,0.00843229715226317,0.6451088979086441,0.0
405,adam,0.008227607213277734,0.4681863904523926,0.0
406,adam,0.008065766998538436,0.2650394026946189,0.0
407,adam,0.007981182157991103,0.058147414045805125,0.0
408,adam,0.0079732962761517,0.14045843093085247,0.0
409,adam,0.008017397373841975,0.3051608577419136,0.0
410,adam,0.00808149361963103,0.4323253424696769,0.0
411,adam,0.008138413575526679,0.5242526125628727,0.0
412,adam,0.008169908330450986,0.5770109280596533,0.0
413,adam,0.00816887327965662,0.5982031597336447,0.0
414,adam,0.008135102527269011,0.5870025134321414,0.0
415,adam,0.008076175111936708,0.55308829771133,0.0
416,adam,0.008001421643378068,0.4975542609844104,0.0
417,adam,0.007922090396547246,0.4311923692534869,0.0
418,adam,0.00784652312679672,0.35550090628063974,0.0
419,adam,0.007780596566152157,0.2805640781782373,0.0
420,adam,0.00772635662068254,0.20593801696537256,0.0
421,adam,0.007683527274861012,0.13939550670764786,0.0
422,adam,0.007650185667295368,0.07791369734979824,0.0
423,adam,0.007624064771022908,0.03042705082214501,0.0
424,adam,0.007603187969091422,0.036410976222245234,0.0
425,adam,0.007586236563901045,0.07631069407474456,0.0
426,adam,0.007572801187866272,0.12037117521660781,0.0
427,adam,0.007563462656568048,0.16427796782462717,0.0
428,adam,0.007560148130831189,0.21658181115744868,0.0
429,adam,0.007566659338798699,0.2767173045700734,0.0
430,adam,0.007590186724168624,0.35561569644877306,0.0
431,adam,0.0076434945675289655,0.45580783432337635,0.0
432,adam,0.007749975086789488,0.5918903362443202,0.0
433,adam,0.007949552438250995,0.7710033926874181,0.0
434,adam,0.008311017004569845,1.0109110428413988,0.0
435,adam,0.0089285235523835,1.3167408675682493,0.0
436,adam,0.009903245386526205,1.6868620428899241,0.0
437,adam,0.011169235514153667,2.0706158540018946,0.0
438,adam,0.012277425364664682,2.353708227554766,0.0
439,adam,0.012198925436343116,2.341216429240965,0.0
440,adam,0.010423424802183372,1.8722452930863005,0.0
441,adam,0.008098470093369567,0.9631306545757207,0.0
442,adam,0.007268060433925964,0.13624224904833868,0.0
443,adam,0.00828551883347255,1.0830634793950245,0.0
444,adam,0.009524359376024846,1.604505557673294,0.0
445,adam,0.009355336497246004,1.5498991817652426,0.0
446,adam,0.007990095348217714,0.9479245472074233,0.0
447,adam,0.007170141131552534,0.057236204694984416,0.0
448,adam,0.0076875901874817335,0.7745281080487327,0.0
449,adam,0.008478837902856688,1.2245692089781537,0.0
450,adam,0.008319346383294422,1.1583579688226149,0.0
451,adam,0.0074607397670219625,0.6342689019131732,0.0
452,adam,0.007091260469634856,0.09626346487124961,0.0
453,adam,0.007522422162931218,0.7142933726904644,0.0
454,adam,0.007916246742778027,0.9834969094760977,0.0
455,adam,0.007648388338048517,0.8298391552064048,0.0
456,adam,0.007125421838873667,0.3501726692123473,0.0
457,adam,0.007044422347436154,0.2259360639065852,0.0
458,adam,0.007363584238419189,0.6539532575208783,0.0
459,adam,0.007503859340320581,0.7762351083623664,0.0
460,adam,0.007245375988875591,0.5772403090584713,0.0
461,adam,0.006956065964097813,0.1664796020657173,0.0
462,adam,0.006980346324570091,0.27154340670726784,0.0
463,adam,0.00717677047434305,0.5598905034051416,0.0
464,adam,0.007205235848677754,0.602967937840592,0.0
465,adam,0.007015747117772012,0.4129578605388709,0.0
466,adam,0.006854100404466494,0.08555808246974674,0.0
467,adam,0.006884278270464145,0.24466320232223035,0.0
468,adam,0.006995006281818806,0.45158991756523303,0.0
469,adam,0.006997675265977141,0.47404457850476706,0.0
470,adam,0.006876438122381232,0.32827314246618927,0.0
471,adam,0.006770751388350241,0.08165728877884353,0.0
472,adam,0.0067745882781676614,0.17159401275093306,0.0
473,adam,0.0068345010408791445,0.3411202838078748,0.0
474,adam,0.006843893857799444,0.38026856956868516,0.0
475,adam,0.0067762421915246104,0.2956656310639363,0.0
476,adam,0.00669695601381222,0.12447438321976594,0.0
477,adam,0.006671539081454158,0.07128566494482905,0.0
478,adam,0.006694586344203832,0.22345277113458092,0.0
479,adam,0.006711580437385631,0.2948610059054042,0.0
480,adam,0.006686069056958196,0.27732123135792053,0.0
481,adam,0.006632136987687141,0.18239835300482457,0.0
482,adam,0.00658912663236735,0.05161372536689399,0.0
483,adam,0.006577891604594583,0.08955471285456267,0.0
484,adam,0.006585582868703517,0.18599792523227954,0.0
485,adam,0.0065853106635688635,0.22986166624681525,0.0
486,adam,0.0065631801835893105,0.21233577005690915,0.0
487,adam,0.006527212279413852,0.1493019060016681,0.0
488,adam,0.006495300524332711,0.058590067343717196,0.0
489,adam,0.00647834432692676,0.043173191183817045,0.0
490,adam,0.006473322813885648,0.11886432805004613,0.0
491,adam,0.00646909931317268,0.1635396089967657,0.0
492,adam,0.006456605142667328,0.1747303968871504,0.0
493,adam,0.006434686194267329,0.15046620557312512,0.0
494,adam,0.006408894065154649,0.10442757730753051,0.0
495,adam,0.0063860765260581286,0.0450691406886336,0.0
496,adam,0.0063697199886086076,0.027471919492700635,0.0
497,adam,0.006358763111145065,0.07562993505794813,0.0
498,adam,0.006349399087721681,0.11032854319765047,0.0
499,adam,0.006337977807442033,0.12915880292846676,0.0
500,adam,0.0063228474830344565,0.1275243765137252,0.0
501,adam,0.006304598383789467,0.11281022488514056,0.0
502,adam,0.006285134620554286,0.08509144343610706,0.0
503,adam,0.006266428454010238,0.05397072323609565,0.0
504,adam,0.006249662952075749,0.023774864059490974,0.0
505,adam,0.0062350096174638,0.025985924112903635,0.0
506,adam,0.006221881588489844,0.05084134328770353,0.0
507,adam,0.006209407736157559,0.07085548789544412,0.0
508,adam,0.0061968275291394564,0.0868805324455381,0.0
509,adam,0.006183647617976095,0.09468275890544671,0.0
510,adam,0.0061696991986789134,0.09924942285023927,0.0
511,adam,0.006155091094183905,0.09736648918421915,0.0
512,adam,0.006140040149930879,0.0945514404388792,0.0
513,adam,0.006124773410463328,0.0877267243585659,0.0
514,adam,0.006109487434211766,0.08216575649128839,0.0
515,adam,0.006094337549951872,0.07444335600427902,0.0
516,adam,0.006079374530598845,0.06945737063145656,0.0
517,adam,0.006064634861188686,0.06349773207330332,0.0
518,adam,0.006050139115078202,0.060984851734355514,0.0
519,adam,0.006035869846437367,0.05810127591955316,0.0
520,adam,0.0060218181520968325,0.059123145469934094,0.0
521,adam,0.006008052851702028,0.06027438666076174,0.0
522,adam,0.005994608646973968,0.06589399444279963,0.0
523,adam,0.005981591060444839,0.07254857590188615,0.0
524,adam,0.005969255933251777,0.08500254991901172,0.0
525,adam,0.00595800291905613,0.10031862576957962,0.0
526,adam,0.0059485467599323764,0.12413613287790981,0.0
527,adam,0.005942224839796201,0.15465156195138266,0.0
528,adam,0.005941484750045327,0.1991574729682197,0.0
529,adam,0.00595092181120333,0.2582015256863891,0.0
530,adam,0.005979347673444342,0.3425203645320665,0.0
531,adam,0.006043537529406177,0.457439310897339,0.0
532,adam,0.006176208543136186,0.6201554811747797,0.0
533,adam,0.006438547970360857,0.8443161575542737,0.0
534,adam,0.006944904324080637,1.1553373370746263,0.0
535,adam,0.007875691599681005,1.5695457670212078,0.0
536,adam,0.009463363605310679,2.0913859442386675,0.0
537,adam,0.011692001462709945,2.6575082364408007,0.0
538,adam,0.013764564184754559,3.0865227433694535,0.0
539,adam,0.013577448863911119,3.054880317783779,0.0
540,adam,0.010179693067876326,2.2937285158602014,0.0
541,adam,0.006403827627621005,0.8839168198482757,0.0
542,adam,0.006145196218337836,0.6959811642258985,0.0
543,adam,0.008640055678890262,1.857416563519298,0.0
544,adam,0.009710483751390034,2.17540450435207,0.0
545,adam,0.007698063272787425,1.5339181478907506,0.0
546,adam,0.005750731804071112,0.2557059321654112,0.0
547,adam,0.006558985891017881,1.0155117739916903,0.0
548,adam,0.008041103794961355,1.6705420761524679,0.0
549,adam,0.007391559400200711,1.4272616865083376,0.0
550,adam,0.005843326462987748,0.4762112873844998,0.0
551,adam,0.005976654166363263,0.6299765565443513,0.0
552,adam,0.007047570854527641,1.291434406747418,0.0
553,adam,0.006838456194761019,1.1984084570198983,0.0
554,adam,0.0057863423056394876,0.46055232044448763,0.0
555,adam,0.005771614861112776,0.4563886697780381,0.0
556,adam,0.006488087263359835,1.0312307075768172,0.0
557,adam,0.006385992850009941,0.9779605545193818,0.0
558,adam,0.005686996737905204,0.3874829498251571,0.0
559,adam,0.005659370182075967,0.3623007267971312,0.0
560,adam,0.006129540225582188,0.8348880104643932,0.0
561,adam,0.006064614458664545,0.7963434428410521,0.0
562,adam,0.005598296720925079,0.31740909326213634,0.0
563,adam,0.005573281863806319,0.2918718090030932,0.0
564,adam,0.005881012016527306,0.6786690585280915,0.0
565,adam,0.005839373482999297,0.6523725929789669,0.0
566,adam,0.005527458992416882,0.27032720215757794,0.0
567,adam,0.005496154654100185,0.22408036385892316,0.0
568,adam,0.00569551120193783,0.5458380489171517,0.0
569,adam,0.00568013686519268,0.542818959639949,0.0
570,adam,0.005470413264034756,0.24713604622288224,0.0
571,adam,0.005426331363962814,0.1517054271954434,0.0
572,adam,0.005552295123979582,0.43105549805675747,0.0
573,adam,0.005559924503892679,0.4557521323928798,0.0
574,adam,0.005421588855568775,0.24318300289236688,0.0
575,adam,0.005365198252815553,0.07835893954577361,0.0
576,adam,0.00543756223315194,0.32400138933893524,0.0
577,adam,0.005461819747715216,0.38475949851240027,0.0
578,adam,0.005376476903284532,0.24556544975040417,0.0
579,adam,0.0053139805035327765,0.017191016808926898,0.0
580,adam,0.005344460232001808,0.22412651774721926,0.0
581,adam,0.005374615637833643,0.3151310542207519,0.0
582,adam,0.005330697983226159,0.24769317295820287,0.0
583,adam,0.005271740553203009,0.06965487455343944,0.0
584,adam,0.005269554608099506,0.1259811794755813,0.0
585,adam,0.005293943638354369,0.24249036219120035,0.0
586,adam,0.005280134096875295,0.23590840219662332,0.0
587,adam,0.005234880822472033,0.12552415174797785,0.0
588,adam,0.005211444095516367,0.03701551129199201,0.0
589,adam,0.00522042363944154,0.15944653356033345,0.0
590,adam,0.00522279634646458,0.205410673935181,0.0
591,adam,0.005197187968394849,0.15759044092804309,0.0
592,adam,0.005167100487026897,0.05155466093699483,0.0
593,adam,0.005157999471659876,0.072818918335339,0.0
594,adam,0.005160976875135288,0.1486358312088191,0.0
595,adam,0.005152319012357671,0.15978955630425845,0.0
596,adam,0.0051291830002888755,0.10501584020271676,0.0
597,adam,0.005109093420765872,0.022253111828979773,0.0
598,adam,0.00510213929249087,0.07488978401631619,0.0
599,adam,0.0050992238133309685,0.12364604680676505,0.0
600,adam,0.00508795579765164,0.1238752078456124,0.0
601,adam,0.005069262887740176,0.07776999047941059,0.0
602,adam,0.005053367433050713,0.0182232329044472,0.0
603,adam,0.005045085798114542,0.0606066835835524,0.0
604,adam,0.00503897029348057,0.09716102406990697,0.0
605,adam,0.005028182652564313,0.09928002263236084,0.0
606,adam,0.005012898417032152,0.0671574847793756,0.0
607,adam,0.0049985907095567,0.022455010404794203,0.0
608,adam,0.004988538239101885,0.039781796470397174,0.0
609,adam,0.004980647308084324,0.07136731238459255,0.0
610,adam,0.004970870813351973,0.0808491609453481,0.0
611,adam,0.0049581142629304825,0.06397328560653785,0.0
612,adam,0.004944782686655573,0.033374839513676695,0.0
613,adam,0.0049334052050811214,0.01952540066187182,0.0
614,adam,0.004924038305756592,0.044922411761969476,0.0
615,adam,0.004914722158466197,0.06188792922851109,0.0
616,adam,0.004903892616345947,0.059839786923036126,0.0
617,adam,0.0048918452142898295,0.04468026291905556,0.0
618,adam,0.004879963317227062,0.021781096975477168,0.0
619,adam,0.004869272462510631,0.0201642132874659,0.0
620,adam,0.004859491040141874,0.038159305333824355,0.0
621,adam,0.004849643391471941,0.04761134738441237,0.0
622,adam,0.004839020105968603,0.047622322018178745,0.0
623,adam,0.0048277663014548635,0.03648953025147566,0.0
624,adam,0.004816560594537882,0.022665316492924074,0.0
625,adam,0.004805895834006622,0.01660906335716208,0.0
626,adam,0.004795770334680791,0.025668928232562584,0.0
627,adam,0.004785784579525176,0.035488374380036845,0.0
628,adam,0.004775568656250725,0.0376774405512278,0.0
629,adam,0.004764974193138467,0.03507618748084534,0.0
630,adam,0.004754214486508059,0.026406453896196322,0.0
631,adam,0.004743565937961023,0.01859937931668921,0.0
632,adam,0.004733193997341291,0.01642011972478301,0.0
633,adam,0.004723068823164835,0.021209957546646965,0.0
634,adam,0.004713033713199106,0.02743119246297313,0.0
635,adam,0.004702914657957042,0.02933872711688809,0.0
636,adam,0.0046926574080437145,0.029271771610086754,0.0
637,adam,0.004682300399984372,0.024971248751375744,0.0
638,adam,0.004671956104992296,0.020743752327730833,0.0
639,adam,0.004661694198245516,0.016457803674478164,0.0
640,adam,0.004651558942345818,0.015882197120706373,0.0
641,adam,0.00464152705932379,0.01845365364696637,0.0
642,adam,0.004631537267296176,0.020874992969382496,0.0
643,adam,0.004621561044531642,0.023521186480325477,0.0
644,adam,0.004611566133974667,0.023502940097749295,0.0
645,adam,0.0046015305753352685,0.0233955361810333,0.0
646,adam,0.004591484150425584,0.02105486002514042,0.0
647,adam,0.004581454301856448,0.019406217938384943,0.0
648,adam,0.004571455530120491,0.016965465138202268,0.0
649,adam,0.004561511662170729,0.015937847822443348,0.0
650,adam,0.004551616522295719,0.01557474764750783,0.0
651,adam,0.004541753058588987,0.015968954943490855,0.0
652,adam,0.004531930948828911,0.017219054795638865,0.0
653,adam,0.004522136811898944,0.017865730412126312,0.0
654,adam,0.004512366171954068,0.019209722120759092,0.0
655,adam,0.0045025939583856756,0.019356177644064186,0.0
656,adam,0.004492856865986387,0.020262286324501538,0.0
657,adam,0.004483116279306264,0.019909171198773244,0.0
658,adam,0.0044734094327807655,0.02046945086631703,0.0
659,adam,0.004463715380737605,0.019878728293293915,0.0
660,adam,0.004454036863774146,0.020317943242134723,0.0
661,adam,0.0044443902218677285,0.019738657811244686,0.0
662,adam,0.004434759806814864,0.020285553375518323,0.0
663,adam,0.004425152852601279,0.01990820475198033,0.0
664,adam,0.0044155842612159015,0.02075776004795478,0.0
665,adam,0.004406046815584545,0.020761766119294152,0.0
666,adam,0.0043965242239597056,0.022184059853131866,0.0
667,adam,0.004387052214511003,0.0228670610221664,0.0
668,adam,0.004377620378202883,0.0253235780234086,0.0
669,adam,0.0043682625672419595,0.027272112352282357,0.0
670,adam,0.0043589686868193735,0.03157111489390905,0.0
671,adam,0.004349795835896696,0.03586458769565263,0.0
672,adam,0.0043408051980808465,0.04342557528155154,0.0
673,adam,0.004332124229483933,0.05197173621232322,0.0
674,adam,0.004323913522143329,0.06530874319233067,0.0
675,adam,0.004316544889420865,0.08159784192150384,0.0
676,adam,0.004310645151061277,0.10550154456825919,0.0
677,adam,0.0043073704236472315,0.13625666649055435,0.0
678,adam,0.004308888275258977,0.1801633423062118,0.0
679,adam,0.00431928350422632,0.2387801378764631,0.0
680,adam,0.0043464795699353145,0.3216931220028089,0.0
681,adam,0.00440553182020881,0.43515553280973124,0.0
682,adam,0.0045260810877020075,0.5951680726640416,0.0
683,adam,0.0047643016400749005,0.8166019331544065,0.0
684,adam,0.0052276537925374615,1.1250842117988018,0.0
685,adam,0.006098403912776909,1.5431510457531996,0.0
686,adam,0.007655936315424272,2.0884687697378195,0.0
687,adam,0.010090132853521342,2.7324106589354358,0.0
688,adam,0.01303814817379442,3.342490560289763,0.0
689,adam,0.014524813233500054,3.617030011468998,0.0
690,adam,0.012184121250513744,3.1727573471152364,0.0
691,adam,0.006939137435041617,1.8650237339696842,0.0
692,adam,0.004172797614268451,0.05095988403322052,0.0
693,adam,0.00620130672267712,1.594964355590445,0.0
694,adam,0.008952672575416428,2.4473009040210654,0.0
695,adam,0.00795636479994542,2.174864205202863,0.0
696,adam,0.00483462483544451,0.9266832669754066,0.0
697,adam,0.004471717067306799,0.6446499083776327,0.0
698,adam,0.006556401195206327,1.7336364502655865,0.0
699,adam,0.006798245367287428,1.8197199968313627,0.0
700,adam,0.0048117047546150805,0.9284658715616625,0.0
701,adam,0.0042231705980993964,0.3814131202644264,0.0
702,adam,0.0055693756243096965,1.3462062732320024,0.0
703,adam,0.0058126406942164,1.4561433344748622,0.0
704,adam,0.004497984347638611,0.7151389215678868,0.0
705,adam,0.004184233594886427,0.36819844690181347,0.0
706,adam,0.005098470039696731,1.1257026866190822,0.0
707,adam,0.005117753362232061,1.1401980575603534,0.0
708,adam,0.004231803600028379,0.47315472207813225,0.0
709,adam,0.004179897640638091,0.41231379901839627,0.0
710,adam,0.004785449776435899,0.9606133342916383,0.0
711,adam,0.0046466471257371085,0.8722484862087148,0.0
712,adam,0.004072622035509472,0.26335082810927496,0.0
713,adam,0.004170544384134182,0.4465763577469241,0.0
714,adam,0.004540228818497519,0.8130898012042872,0.0
715,adam,0.004334866723670066,0.6489157686253013,0.0
716,adam,0.003991764729944644,0.10663806929964853,0.0
717,adam,0.004137970753827469,0.4478866852222942,0.0
718,adam,0.004338150444610236,0.6746489929739418,0.0
719,adam,0.004140058719296466,0.47288984541990325,0.0
720,adam,0.003949269183899434,0.015226372608831673,0.0
721,adam,0.004084228055345529,0.41868995798255215,0.0
722,adam,0.004180954222570867,0.5518843043973692,0.0
723,adam,0.004020384800231362,0.34269202574372093,0.0
724,adam,0.003918004110481672,0.049580671794253905,0.0
725,adam,0.004020732918598325,0.37229891273857485,0.0
726,adam,0.004062209265075969,0.44628532687596517,0.0
727,adam,0.00394415891701403,0.25486549488422783,0.0
728,adam,0.003886848658940852,0.06791568339908428,0.0
729,adam,0.0039568929563108465,0.3170493711795621,0.0
730,adam,0.003973717733167957,0.3625400456419784,0.0
731,adam,0.003890435974972731,0.19789852354014392,0.0
732,adam,0.003853589121006589,0.06347147548844573,0.0
733,adam,0.0038978758315865764,0.2621017574184804,0.0
734,adam,0.00390530131606555,0.2961687865681619,0.0
735,adam,0.003847713330873855,0.16488282282175956,0.0
736,adam,0.0038192942949306125,0.047173855836918924,0.0
737,adam,0.0038448723198465247,0.20871862400051733,0.0
738,adam,0.0038497453961247458,0.24493993638471825,0.0
739,adam,0.0038104278121055555,0.14588920383525963,0.0
740,adam,0.0037854492500782235,0.02443189326841954,0.0
741,adam,0.003797598544503531,0.16043493713339751,0.0
742,adam,0.0038018110619414923,0.20160064770119185,0.0
743,adam,0.0037756410142655984,0.13649677595407111,0.0
744,adam,0.003752749456284297,0.01505124654303372,0.0
745,adam,0.003755035132089036,0.11379965614025143,0.0
746,adam,0.0037583779538058323,0.16504973948206592,0.0
747,adam,0.0037418139933353012,0.12832464525080026,0.0
748,adam,0.0037213974589045255,0.03519160430606959,0.0
749,adam,0.003716533919495471,0.07167228933402077,0.0
750,adam,0.0037178444149816303,0.12865413231198597,0.0
751,adam,0.0037080356468696795,0.11999919027487997,0.0
752,adam,0.003691021251637548,0.05535641778963623,0.0
753,adam,0.0036814670918428084,0.032836942739716685,0.0
754,adam,0.0036796272822382983,0.09310182513092635,0.0
755,adam,0.0036737999442716857,0.10561622831960514,0.0
756,adam,0.0036608460695835812,0.070471890086241,0.0
757,adam,0.0036491805761826226,0.01433217587573339,0.0
758,adam,0.003643714249031365,0.05612450228690457,0.0
759,adam,0.003639191422037445,0.08580463701631645,0.0
760,adam,0.0036300503951529456,0.07495561787282025,0.0
761,adam,0.0036186870635089166,0.035594182409584195,0.0
762,adam,0.003610307396380502,0.023405255519311354,0.0
763,adam,0.0036048762192590306,0.05841902994110668,0.0
764,adam,0.00359816456287754,0.06938450145268645,0.0
765,adam,0.00358868148598879,0.05066202049882992,0.0
766,adam,0.003579133398833614,0.01836932771618111,0.0
767,adam,0.003571833236824817,0.02954113895407389,0.0
768,adam,0.0035655943761350797,0.05157417112525235,0.0
769,adam,0.00355806486164022,0.05399970728455575,0.0
770,adam,0.003549122884639161,0.03566709061033438,0.0
771,adam,0.003540587840208227,0.01389394692031951,0.0
772,adam,0.0035334114070117166,0.02810853587553087,0.0
773,adam,0.0035266313761712948,0.04249277102595235,0.0
774,adam,0.0035189962463956976,0.04258888696417126,0.0
775,adam,0.0035106118992397494,0.027978327611219343,0.0
776,adam,0.00350254130307288,0.013461777403886512,0.0
777,adam,0.0034952641698134564,0.023445706421145428,0.0
778,adam,0.0034882216036806156,0.033888887896314286,0.0
779,adam,0.003480713254942024,0.03476507221565065,0.0
780,adam,0.003472741607332819,0.024663005387171977,0.0
781,adam,0.0034649009371927834,0.013972864218891564,0.0
782,adam,0.003457511929540752,0.018096003866354262,0.0
783,adam,0.003450357765908561,0.026290846543549542,0.0
784,adam,0.0034429949809345497,0.02897284083256691,0.0
785,adam,0.0034353478091413868,0.023263844052773677,0.0
786,adam,0.003427669363848208,0.015509725375881009,0.0
787,adam,0.0034202360529157387,0.01398505025567782,0.0
788,adam,0.003412992435543957,0.0195525869953599,0.0
789,adam,0.003405740067057561,0.02375830378607705,0.0
790,adam,0.0033983310688144247,0.021952892877561383,0.0
791,adam,0.0033908225316707057,0.017456679217829948,0.0
792,adam,0.0033834027196431066,0.013070873952884433,0.0
793,adam,0.0033761155168155242,0.014448083359440672,0.0
794,adam,0.0033689051412201607,0.018518238245042597,0.0
795,adam,0.003361662410380359,0.01958500059835975,0.0
796,adam,0.0033543440780100403,0.018470568726560648,0.0
797,adam,0.003347000994758276,0.0148098174875494,0.0
798,adam,0.003339711805001277,0.012898915000357676,0.0
799,adam,0.003332511884069544,0.014005247347194825,0.0
800,adam,0.0033253402081682634,0.015869794311389185,0.0
801,adam,0.003318173119792411,0.017241289838374255,0.0
802,adam,0.003310972633730434,0.016049289694467176,0.0
803,adam,0.003303744948209189,0.01449140275187021,0.0
804,adam,0.0032965691317959666,0.012847029192611376,0.0
805,adam,0.0032894303064812374,0.012921564249334432,0.0
806,adam,0.0032823259679598026,0.014240215285826925,0.0
807,adam,0.0032752358694669243,0.014864997934058936,0.0
808,adam,0.003268141328190688,0.015190962429186444,0.0
809,adam,0.003261041097891074,0.014081914970110297,0.0
810,adam,0.0032539497996952656,0.013263908076495747,0.0
811,adam,0.003246883307647115,0.012620716534405838,0.0
812,adam,0.0032398540406973733,0.012781154164309352,0.0
813,adam,0.0032328476549197726,0.013529028451026706,0.0
814,adam,0.00322583785516897,0.013747475783248041,0.0
815,adam,0.0032188366292925236,0.014001980100375497,0.0
816,adam,0.003211848876884654,0.013378728205036794,0.0
817,adam,0.0032048686028411143,0.013022264406606279,0.0
818,adam,0.003197918227084674,0.01254052121418863,0.0
819,adam,0.003190970198149263,0.012494906977531934,0.0
820,adam,0.003184051002104852,0.012773618935198221,0.0
821,adam,0.003177145833315964,0.012907720456426441,0.0
822,adam,0.003170250027066444,0.013233007999652883,0.0
823,adam,0.0031633674906294887,0.013012316872698064,0.0
824,adam,0.003156493465515653,0.01298058602284973,0.0
825,adam,0.0031496333362814838,0.012593383518269486,0.0
826,adam,0.003142783354194588,0.012476411358204778,0.0
827,adam,0.0031359534934572242,0.012357488148067556,0.0
828,adam,0.0031291475536425212,0.012364798512370628,0.0
829,adam,0.003122352619872355,0.012528486943305753,0.0
830,adam,0.0031155629715652307,0.012526896537935157,0.0
831,adam,0.0031087967806041547,0.012703857024700603,0.0
832,adam,0.0031020342086936366,0.012563175689544168,0.0
833,adam,0.0030952955808735807,0.01261512893605306,0.0
834,adam,0.003088560372746206,0.012403271729740931,0.0
835,adam,0.0030818365447798307,0.012382140040098714,0.0
836,adam,0.0030751332257421037,0.01223468823845437,0.0
837,adam,0.0030684495232333867,0.012212044865361125,0.0
838,adam,0.0030617664761805824,0.01218996039944939,0.0
839,adam,0.0030551091984186924,0.01217455226102006,0.0
840,adam,0.0030484549108021207,0.012242554189853799,0.0
841,adam,0.0030418231424115976,0.012205281511553905,0.0
842,adam,0.0030352036091724826,0.012299441233475494,0.0
843,adam,0.003028588434793899,0.012224206774837786,0.0
844,adam,0.0030219956539621617,0.012306713197504442,0.0
845,adam,0.0030154173876505517,0.012201357343634056,0.0
846,adam,0.0030088489848222088,0.01226577200397372,0.0
847,adam,0.003002288116790943,0.012152148068935194,0.0
848,adam,0.002995746044803652,0.012201087991483707,0.0
849,adam,0.0029892272128598193,0.012092398822377008,0.0
850,adam,0.002982701753387765,0.012131820717808326,0.0
851,adam,0.0029761950656378502,0.012036361044541376,0.0
852,adam,0.0029697068801868634,0.012072517965479548,0.0
853,adam,0.0029632306135870057,0.011990085590898083,0.0
854,adam,0.00295677198818843,0.012024691625348147,0.0
855,adam,0.0029503223469247706,0.011952590713510661,0.0
856,adam,0.0029438877149798445,0.011992386080201025,0.0
857,adam,0.0029374629463799645,0.011927035752066408,0.0
858,adam,0.00293105984810086,0.011980465292549073,0.0
859,adam,0.0029246535448545076,0.011919470227523226,0.0
860,adam,0.002918274887181334,0.01199916901662396,0.0
861,adam,0.00291189675160956,0.011945274007832622,0.0
862,adam,0.0029055437609028833,0.012080266346074696,0.0
863,adam,0.002899199820216118,0.012051779977605207,0.0
864,adam,0.0028928729591368016,0.012301206324887288,0.0
865,adam,0.002886554073821621,0.01235570735138737,0.0
866,adam,0.0028802439132830644,0.012855612261491511,0.0
867,adam,0.00287397044174052,0.013166244400338726,0.0
868,adam,0.0028677112249056716,0.014248287587296082,0.0
869,adam,0.0028614676391162932,0.015259102156048511,0.0
870,adam,0.0028552601253789577,0.01760165329676074,0.0
871,adam,0.002849107233539887,0.02023665902893909,0.0
872,adam,0.0028430360706404177,0.025063397800176697,0.0
873,adam,0.0028370831310621757,0.03097218595825343,0.0
874,adam,0.002831370070045973,0.04038831241207731,0.0
875,adam,0.002826065848361298,0.052503238371788344,0.0
876,adam,0.00282153563730029,0.07054991204954135,0.0
877,adam,0.002818450358722391,0.09466606230475454,0.0
878,adam,0.0028181767211386617,0.12956196427358352,0.0
879,adam,0.0028233264363000015,0.17750131799251992,0.0
880,adam,0.0028392262402924147,0.2462999217238675,0.0
881,adam,0.0028764575003959424,0.34275556948256347,0.0
882,adam,0.0029566984665980794,0.4811041886034963,0.0
883,adam,0.0031234734143262693,0.6773863336964915,0.0
884,adam,0.003465446275182544,0.9578077341080876,0.0
885,adam,0.004151953544517371,1.353083059375998,0.0
886,adam,0.005496441782109604,1.8988833855474598,0.0
887,adam,0.007930769984528406,2.613559742479189,0.0
888,adam,0.011765806685591552,3.441465986770997,0.0
889,adam,0.015867471399222687,4.156733363160292,0.0
890,adam,0.016800789745789198,4.284610471068252,0.0
891,adam,0.011265786286094266,3.3389331211078246,0.0
892,adam,0.004121726235013673,1.3383372723219564,0.0
893,adam,0.0034721462123528815,0.973578810422028,0.0
894,adam,0.0080969192027769,2.6309771725801916,0.0
895,adam,0.009304468318218646,2.901935319730341,0.0
896,adam,0.004922817056678498,1.6774109558806156,0.0
897,adam,0.0028078452618526474,0.3301063287371769,0.0
898,adam,0.005671836557760302,1.9384429928131213,0.0
899,adam,0.006688482565821337,2.2474186483175793,0.0
900,adam,0.00376981096228249,1.1598060483462662,0.0
901,adam,0.002934171764963545,0.5429478656185528,0.0
902,adam,0.00504960031220787,1.7226614248712275,0.0
903,adam,0.0048680108546059146,1.6548686013704288,0.0
904,adam,0.0028718589550726275,0.48392286300550774,0.0
905,adam,0.0033223258564150093,0.8975132284013687,0.0
906,adam,0.0045190922300025835,1.5189312374280217,0.0
907,adam,0.0034952156655483355,1.015851004227879,0.0
908,adam,0.0026825953675781956,0.15362794803110008,0.0
909,adam,0.0036177239904017743,1.0930477926476196,0.0
910,adam,0.003719425704938042,1.1539490641250825,0.0
911,adam,0.0027580997556660783,0.3722230587136661,0.0
912,adam,0.002930229573602322,0.5994486559656681,0.0
913,adam,0.003498366191357922,1.0364083443950964,0.0
914,adam,0.0029888717605633906,0.6674677494301121,0.0
915,adam,0.002642597512026639,0.15470347123779318,0.0
916,adam,0.00310983520056422,0.7815273417665893,0.0
917,adam,0.0030883272094961818,0.7685506368773949,0.0
918,adam,0.0026345581992789522,0.18844012916095534,0.0
919,adam,0.0027812857578471055,0.47379099781109085,0.0
920,adam,0.0030125289705131295,0.7195300579860798,0.0
921,adam,0.002724066892229645,0.409062362948528,0.0
922,adam,0.0026072164898120666,0.17219793613593812,0.0
923,adam,0.0028390182873000097,0.5690433868795195,0.0
924,adam,0.0027805678928209173,0.5082659468661456,0.0
925,adam,0.002571937037425383,0.08186337430242095,0.0
926,adam,0.002667517214819888,0.3632981372541309,0.0
927,adam,0.0027560592281156136,0.4982807859774267,0.0
928,adam,0.0026040573878960208,0.258320120893799,0.0
929,adam,0.0025618220993632703,0.1455365016474421,0.0
930,adam,0.0026708368723048397,0.40408979954142965,0.0
931,adam,0.0026304913100425056,0.3464194275602483,0.0
932,adam,0.0025299760519212878,0.04719144036134989,0.0
933,adam,0.002576262365096177,0.2579654086241044,0.0
934,adam,0.00261468311652317,0.34785592981801694,0.0
935,adam,0.0025384868086714184,0.18229223281215404,0.0
936,adam,0.002513662035763233,0.09605322638142638,0.0
937,adam,0.002563411619234213,0.2792462267643967,0.0
938,adam,0.002545069455929613,0.24847575218126022,0.0
939,adam,0.0024917632281311174,0.04940138762532406,0.0
940,adam,0.0025066586573966004,0.1667813071093842,0.0
941,adam,0.002526962095745389,0.24407622645041935,0.0
942,adam,0.0024908571290980473,0.14724896470500407,0.0
943,adam,0.002469529390177091,0.04323031412437569,0.0
944,adam,0.002489606044241909,0.1830859745921848,0.0
945,adam,0.002485187042209174,0.18690090652412583,0.0
946,adam,0.0024551445826748387,0.06430614900491496,0.0
947,adam,0.0024529744530608667,0.09019923415297437,0.0
948,adam,0.0024638075034306116,0.1684309580216557,0.0
949,adam,0.002448736915577781,0.12727262923406227,0.0
950,adam,0.0024305022850861532,0.012268666228396828,0.0
951,adam,0.002434296174297808,0.10744938262512238,0.0
952,adam,0.002435256846596836,0.13913167237925406,0.0
953,adam,0.002419303562639536,0.07807744035568126,0.0
954,adam,0.0024098530166784017,0.030153673449686804,0.0
955,adam,0.0024127695680845537,0.10541069567260786,0.0
956,adam,0.002407860570714298,0.10786739087217519,0.0
957,adam,0.0023947427535551116,0.04207849257272103,0.0
958,adam,0.0023897439148557187,0.0457077381530533,0.0
959,adam,0.0023899377980647,0.09458506892947877,0.0
960,adam,0.002382712992408516,0.07985309021901456,0.0
961,adam,0.0023726876336573896,0.020128460641282157,0.0
962,adam,0.0023692077708607753,0.05088647131241226,0.0
963,adam,0.002367059651501792,0.07977326666398545,0.0
964,adam,0.0023595003593603167,0.0586961139008406,0.0
965,adam,0.0023516911538628204,0.010749893043570635,0.0
966,adam,0.0023483413340490856,0.04884266038106045,0.0
967,adam,0.0023447378192046407,0.06612011442721104,0.0
968,adam,0.0023376034059489747,0.0429680941781999,0.0
969,adam,0.0023310869663642725,0.01092853130550777,0.0
970,adam,0.0023274187504548037,0.04420883666889874,0.0
971,adam,0.002323064283958624,0.053784502086514044,0.0
972,adam,0.002316518269596969,0.03311805161550284,0.0
973,adam,0.002310685611732248,0.012082837323784408,0.0
974,adam,0.002306627069576651,0.03774282557459593,0.0
975,adam,0.002301972554587237,0.04438765438260295,0.0
976,adam,0.002295918474210225,0.026398762939537555,0.0
977,adam,0.0022904238372502776,0.011662325688643093,0.0
978,adam,0.0022860804585629517,0.031922196803733364,0.0
979,adam,0.0022813223603399373,0.03640904091982523,0.0
980,adam,0.0022756618684340655,0.022970058148131675,0.0
981,adam,0.0022703354084529013,0.010973262646819066,0.0
982,adam,0.002265791975503231,0.025759844544072714,0.0
983,adam,0.002261012697158372,0.030788167443267286,0.0
984,adam,0.002255634701663829,0.020425640981620984,0.0
985,adam,0.0022504236865362676,0.010149494696333517,0.0
986,adam,0.002245737684898074,0.020940998337664354,0.0
987,adam,0.0022409811509688324,0.02558495707511068,0.0
988,adam,0.0022358241086436375,0.019334542237025645,0.0
989,adam,0.0022306927664103586,0.010067298007515744,0.0
990,adam,0.0022259199836375783,0.016251594670467096,0.0
991,adam,0.002221180658064817,0.021827623104123933,0.0
992,adam,0.002216181954125246,0.017966201052713404,0.0
993,adam,0.0022111401647197755,0.010731892202340642,0.0
994,adam,0.0022063180999523134,0.013026038967301338,0.0
995,adam,0.0022015909822222326,0.017884536382609083,0.0
996,adam,0.002196716695247955,0.017158899248134733,0.0
997,adam,0.002191768374045709,0.011471644689178325,0.0
998,adam,0.0021869287970338815,0.01058382431004493,0.0
999,adam,0.002182206918953271,0.014940151831394943,0.0
1000,adam,0.0021774270837328804,0.015512830348466714,0.0
1001,adam,0.0021725547033930198,0.012439272711737932,0.0
1002,adam,0.0021677330614640767,0.009838918058709262,0.0
1003,adam,0.0021630030391394783,0.012045194024672638,0.0
1004,adam,0.002158283820097611,0.014145060927969409,0.0
1005,adam,0.0021535057306828567,0.012545912648144652,0.0
1006,adam,0.002148718917716636,0.010154298741884421,0.0
1007,adam,0.002143994671333528,0.010420068493148084,0.0
1008,adam,0.0021393103026708152,0.012136473015283712,0.0
1009,adam,0.0021346082640198907,0.012504974692739958,0.0
1010,adam,0.0021298791883187047,0.010662122570451368,0.0
1011,adam,0.0021251790854681847,0.009703577708172442,0.0
1012,adam,0.002120510206218301,0.010731706031661107,0.0
1013,adam,0.002115862365107906,0.011477969246055498,0.0
1014,adam,0.00211119675910051,0.011144883112628361,0.0
1015,adam,0.002106522704004045,0.00987151587544673,0.0
1016,adam,0.00210188632702598,0.009727310414750358,0.0
1017,adam,0.0020972769201621673,0.010600299304049097,0.0
1018,adam,0.0020926592365100973,0.010770028668565173,0.0
1019,adam,0.002088050955802068,0.010333852786536033,0.0
1020,adam,0.0020834391896465245,0.009614936463436407,0.0
1021,adam,0.0020788443396152047,0.009717211677492163,0.0
1022,adam,0.0020742852161197978,0.010295079603348497,0.0
1023,adam,0.0020697163241905816,0.010234935648412168,0.0
1024,adam,0.0020651557405928648,0.00990666128353887,0.0
1025,adam,0.00206059727472994,0.009517891637289748,0.0
1026,adam,0.0020560660583555175,0.009630895898265495,0.0
1027,adam,0.002051542944647406,0.009998143661554956,0.0
1028,adam,0.0020470255057341204,0.009891673278405948,0.0
1029,adam,0.0020425126389610835,0.00968704184749313,0.0
1030,adam,0.0020380146284078734,0.009450001942944129,0.0
1031,adam,0.0020335249756161817,0.009513201899578027,0.0
1032,adam,0.0020290480185313257,0.00974596717095043,0.0
1033,adam,0.002024580802041474,0.009666524974666588,0.0
1034,adam,0.002020106952436428,0.009556500921938845,0.0
1035,adam,0.00201565846709214,0.009385177011640907,0.0
1036,adam,0.0020112239483071922,0.009402152102754186,0.0
1037,adam,0.0020067939191658756,0.009547150794292988,0.0
1038,adam,0.0020023756336305944,0.009504088584316377,0.0
1039,adam,0.0019979607331860045,0.009463044283302746,0.0
1040,adam,0.001993558947109818,0.009326264699979187,0.0
1041,adam,0.00198916586712628,0.009309225010061904,0.0
1042,adam,0.001984784815250831,0.009382808172257503,0.0
1043,adam,0.001980413801025438,0.009367178737756594,0.0
1044,adam,0.0019760493876461466,0.009372984884315594,0.0
1045,adam,0.001971692132358151,0.009270436618621581,0.0
1046,adam,0.0019673485979395484,0.009241790576575547,0.0
1047,adam,0.001963011192162631,0.009260396003020211,0.0
1048,adam,0.0019586903538852214,0.009254658046643804,0.0
1049,adam,0.001954375546138285,0.00928195793050716,0.0
1050,adam,0.0019500699053290906,0.009213129840297153,0.0
1051,adam,0.0019457717666184816,0.009190589169528437,0.0
1052,adam,0.001941487420671528,0.009166878946126777,0.0
1053,adam,0.0019372070228172924,0.0091585671002163,0.0
1054,adam,0.00193293473658388,0.009183680457724316,0.0
1055,adam,0.0019286757446803512,0.00914602572173234,0.0
1056,adam,0.0019244214616110137,0.00914028063118691,0.0
1057,adam,0.0019201822873517206,0.0090989757189373,0.0
1058,adam,0.0019159459502830706,0.00908563208488703,0.0
1059,adam,0.0019117310365446203,0.009088014533098088,0.0
1060,adam,0.001907516253766845,0.009068450127440538,0.0
1061,adam,0.0019033160787076822,0.009073379787211745,0.0
1062,adam,0.001899112908638282,0.009038797120987936,0.0
1063,adam,0.0018949334992567606,0.009028337074406326,0.0
1064,adam,0.0018907535839894575,0.009010612271048636,0.0
1065,adam,0.0018865898369221819,0.008996833862484222,0.0
1066,adam,0.0018824262852823314,0.00899898010331622,0.0
1067,adam,0.0018782831709463037,0.008975199416233533,0.0
1068,adam,0.001874140186758436,0.008971846224602115,0.0
1069,adam,0.0018700115179887118,0.008945800691717149,0.0
1070,adam,0.0018658886164043887,0.008935008454547835,0.0
1071,adam,0.0018617745500448127,0.008923285334697469,0.0
1072,adam,0.0018576653377280652,0.008907831451262215,0.0
1073,adam,0.0018535797094274792,0.008904627166553915,0.0
1074,adam,0.001849486036442233,0.008883536151360586,0.0
1075,adam,0.0018454178003963894,0.008877381227861508,0.0
1076,adam,0.0018413512754105548,0.008857195153859944,0.0
1077,adam,0.0018372931801498742,0.008846631971631361,0.0
1078,adam,0.0018332406857302001,0.008834135064549999,0.0
1079,adam,0.0018291986745796356,0.008819560995660324,0.0
1080,adam,0.0018251677738775234,0.008812560520744566,0.0
1081,adam,0.0018211468883838858,0.008794812830687367,0.0
1082,adam,0.0018171280078705956,0.008787220725433597,0.0
1083,adam,0.0018131297521183872,0.008769779940244854,0.0
1084,adam,0.0018091332805363354,0.008758756114221156,0.0
1085,adam,0.0018051483519478527,0.008746400100649865,0.0
1086,adam,0.00180116625337995,0.008732514048918335,0.0
1087,adam,0.0017971937247919123,0.008723185938353313,0.0
1088,adam,0.0017932292509169265,0.008707719150401519,0.0
1089,adam,0.0017892830808835121,0.00869743460988942,0.0
1090,adam,0.0017853388009579014,0.00868336999766496,0.0
1091,adam,0.0017814067187965465,0.008671408153369897,0.0
1092,adam,0.0017774768652701388,0.00865992191754702,0.0
1093,adam,0.0017735627924785312,0.00864589284668971,0.0
1094,adam,0.0017696530567108098,0.008636956389685079,0.0
1095,adam,0.0017657528490661583,0.008621177188913462,0.0
1096,adam,0.0017618605038581623,0.008612356935687725,0.0
1097,adam,0.001757977298312844,0.00859667833973698,0.0
1098,adam,0.0017541030488472551,0.008586286220615767,0.0
1099,adam,0.0017502392726441787,0.008572845142751681,0.0
1100,adam,0.0017463802221836223,0.008560868570930205,0.0
1101,adam,0.0017425334046201183,0.008548815729722242,0.0
1102,adam,0.0017386971275655352,0.008536117718525794,0.0
1103,adam,0.0017348653518458738,0.008524633001366109,0.0
1104,adam,0.001731036862374955,0.008511619808573376,0.0
1105,adam,0.0017272332346911518,0.008500429403365546,0.0
1106,adam,0.0017234254722812484,0.008487423577810132,0.0
1107,adam,0.001719624708754644,0.008475468054893956,0.0
1108,adam,0.0017158392835392273,0.008463718117720573,0.0
1109,adam,0.001712056237029087,0.008450926698785883,0.0
1110,adam,0.001708285836989049,0.00843978025768975,0.0
1111,adam,0.0017045268852070065,0.008426555077663028,0.0
1112,adam,0.0017007672439663711,0.008415826739925986,0.0
1113,adam,0.001697022221749741,0.008402375162163404,0.0
1114,adam,0.0016932861131147632,0.008391549245471676,0.0
1115,adam,0.0016895541100812644,0.008378654317098349,0.0
1116,adam,0.001685832887294444,0.008367021999175918,0.0
1117,adam,0.0016821253856486812,0.008354492431603407,0.0
1118,adam,0.0016784146785816364,0.008343416486610803,0.0
1119,adam,0.0016747183042016428,0.008330428938493256,0.0
1120,adam,0.0016710316251180855,0.008319154797506856,0.0
1121,adam,0.0016673524315962353,0.008306858153302451,0.0
1122,adam,0.0016636830172699875,0.008294582814394375,0.0
1123,adam,0.0016600121048146721,0.008283879544208964,0.0
1124,adam,0.00165636484537558,0.008270389189011835,0.0
1125,adam,0.0016527178720725944,0.008260224843151715,0.0
1126,adam,0.0016490814398641709,0.008246867715566479,0.0
1127,adam,0.0016454449871455658,0.008236292196553585,0.0
1128,adam,0.001641821909537921,0.008223034129054178,0.0
1129,adam,0.001638209827350699,0.008212250069008458,0.0
1130,adam,0.0016346049483442439,0.008199655651622416,0.0
1131,adam,0.001631010217402221,0.008188200210520327,0.0
1132,adam,0.0016274148046566974,0.008176048770513745,0.0
1133,adam,0.0016238374042891533,0.008164257922672346,0.0
1134,adam,0.001620260175286988,0.008153067250069273,0.0
1135,adam,0.0016166984556108394,0.008140382569194872,0.0
1136,adam,0.0016131381622870515,0.00812935716538495,0.0
1137,adam,0.0016095835226953845,0.008117082704414948,0.0
1138,adam,0.001606051898190608,0.008105965000681834,0.0
1139,adam,0.0016025192604625404,0.008093381871588092,0.0
1140,adam,0.0015989852538695567,0.008082899981771148,0.0
1141,adam,0.001595474180866865,0.008069780687369438,0.0
1142,adam,0.0015919605248180424,0.008059823366017285,0.0
1143,adam,0.0015884587724268233,0.008046428423410053,0.0
1144,adam,0.0015849662250934972,0.008036033066667172,0.0
1145,adam,0.0015814832913940001,0.008023182809838096,0.0
1146,adam,0.0015780034883720003,0.008013599762654713,0.0
1147,adam,0.0015745332046468833,0.00799977545470408,0.0
1148,adam,0.001571070199126345,0.0079919055860127,0.0
1149,adam,0.001567618990052953,0.00797688646189321,0.0
1150,adam,0.0015641738022945295,0.00797109574195013,0.0
1151,adam,0.0015607365199026264,0.0079550894705822,0.0
1152,adam,0.0015573028102003972,0.007953200221076154,0.0
1153,adam,0.0015538827951391452,0.007936836799656843,0.0
1154,adam,0.001550469265379609,0.007943513106858277,0.0
1155,adam,0.0015470606804651658,0.00792938472136278,0.0
1156,adam,0.0015436618030503365,0.007957198472988404,0.0
1157,adam,0.0015402708030674687,0.007959926694444635,0.0
1158,adam,0.0015368888598297202,0.008052669521251816,0.0
1159,adam,0.0015335110938876524,0.008128990302393198,0.0
1160,adam,0.0015301538990733579,0.008417312462535447,0.0
1161,adam,0.0015267905580907,0.008779017729098936,0.0
1162,adam,0.0015234508972265938,0.009667248684820126,0.0
1163,adam,0.0015201269704537006,0.010934359221462051,0.0
1164,adam,0.0015168274816921676,0.013378671364008145,0.0
1165,adam,0.0015135850734834283,0.01690322108570238,0.0
1166,adam,0.0015104255131842758,0.022705215758630805,0.0
1167,adam,0.0015074572462311971,0.030947306872166673,0.0
1168,adam,0.0015048294003998245,0.043488460240624006,0.0
1169,adam,0.0015029487937147977,0.061392215981564954,0.0
1170,adam,0.0015026025420864769,0.08794445346614456,0.0
1171,adam,0.0015054920243210655,0.1263218985030302,0.0
1172,adam,0.0015152666893790258,0.18297502511497113,0.0
1173,adam,0.001539832443979091,0.26587171090364187,0.0
1174,adam,0.0015964640585027605,0.3884984403170036,0.0
1175,adam,0.0017226151989031835,0.5694543675677428,0.0
1176,adam,0.0020007638822597696,0.8371740315524177,0.0
1177,adam,0.002605408584610407,1.2315352153926962,0.0
1178,adam,0.003901982162928308,1.8033564341801607,0.0
1179,adam,0.006532502085771185,2.606540421362077,0.0
1180,adam,0.011373434004823532,3.6352854880045697,0.0
1181,adam,0.018062051030132125,4.714794963319076,0.0
1182,adam,0.022499250270414665,5.2767168557562805,0.0
1183,adam,0.016888282289631067,4.524091439913365,0.0
1184,adam,0.00505847101640132,2.164705048532587,0.0
1185,adam,0.002117229217263084,0.9013444783719339,0.0
1186,adam,0.009312774688197637,3.1906765591253072,0.0
1187,adam,0.010992621449525031,3.497045136771145,0.0
1188,adam,0.0036768615764730173,1.675884821379006,0.0
1189,adam,0.0023238463903386417,1.032548027991932,0.0
1190,adam,0.007419108286420366,2.746235291849743,0.0
1191,adam,0.005787076870023861,2.336977869780579,0.0
1192,adam,0.001525747313641994,0.25366289643126594,0.0
1193,adam,0.0040473257710448105,1.7990643424644668,0.0
1194,adam,0.005424660382888438,2.226740314141828,0.0
1195,adam,0.002011956668833397,0.8263351287972629,0.0
1196,adam,0.002438135886326866,1.1023103026485315,0.0
1197,adam,0.004398857751002372,1.9109205091619061,0.0
1198,adam,0.0022894521807249307,1.015790593597887,0.0
1199,adam,0.001805458929486534,0.6603752507419668,0.0
1200,adam,0.0034923698117311375,1.587422278488568,0.0
1201,adam,0.002287974567389009,1.0169747496185344,0.0
1202,adam,0.00157198066559582,0.3993900148001755,0.0
1203,adam,0.0028449130004853593,1.3137212190756962,0.0
1204,adam,0.0021569056133911454,0.9389829659007775,0.0
1205,adam,0.0014840719386976999,0.2538710786115349,0.0
1206,adam,0.002407903337396335,1.094787296250629,0.0
1207,adam,0.001998420278583016,0.8363356511328577,0.0
1208,adam,0.001444648512738352,0.17251258822291696,0.0
1209,adam,0.0021098427711333237,0.9186911829175767,0.0
1210,adam,0.0018547624542866335,0.7326940725420489,0.0
1211,adam,0.0014210781677586664,0.12180453236143186,0.0
1212,adam,0.0019002420579445358,0.7754637486773267,0.0
1213,adam,0.001737206491056533,0.6377598213969722,0.0
1214,adam,0.0014046265444825738,0.08694468121768285,0.0
1215,adam,0.0017499160716534237,0.6565437176596045,0.0
1216,adam,0.0016459201346505753,0.5543564965951141,0.0
1217,adam,0.0013919315893770401,0.059765407316965814,0.0
1218,adam,0.0016399619461647834,0.5550749847854443,0.0
1219,adam,0.0015759691895578939,0.4826313115857907,0.0
1220,adam,0.0013811196700951123,0.03607937713578455,0.0
1221,adam,0.0015576647951943093,0.46823569272779914,0.0
1222,adam,0.0015210471695459387,0.4213529317847649,0.0
1223,adam,0.0013709761288737345,0.0167898882859587,0.0
1224,adam,0.0014951937029986065,0.39331920425754113,0.0
1225,adam,0.0014775462910674813,0.3691464931033686,0.0
1226,adam,0.0013616035653434592,0.01006582936053787,0.0
1227,adam,0.0014473761527547737,0.32769603439349476,0.0
1228,adam,0.0014428476603333493,0.32477167327420375,0.0
1229,adam,0.0013530493445432193,0.02321506976081382,0.0
1230,adam,0.0014102958728955447,0.27060646202721883,0.0
1231,adam,0.0014143231691595573,0.2863001897904222,0.0
1232,adam,0.0013447930189896288,0.03807826655080998,0.0
1233,adam,0.0013809192646034615,0.22074799151325072,0.0
1234,adam,0.001390173240139771,0.25225159017940374,0.0
1235,adam,0.0013367874761549617,0.051560226336572694,0.0
1236,adam,0.0013574035089684471,0.1764752113140075,0.0
1237,adam,0.0013693937394050365,0.22193886176374866,0.0
1238,adam,0.0013290772138443738,0.06320702790419531,0.0
1239,adam,0.001338488077617004,0.13734474878649508,0.0
1240,adam,0.001351176523543677,0.19429420754963425,0.0
1241,adam,0.0013214311277370042,0.07249111587210917,0.0
1242,adam,0.0013229575981222406,0.10281508488716179,0.0
1243,adam,0.0013348174269392056,0.16846526928787406,0.0
1244,adam,0.0013136512435356507,0.07907401530480243,0.0
1245,adam,0.0013099695962670828,0.07222746177675252,0.0
1246,adam,0.0013199726619280978,0.14427232693475656,0.0
1247,adam,0.001305653733606696,0.08292280387159497,0.0
1248,adam,0.0012989113047819825,0.04565453242122756,0.0
1249,adam,0.0013064348418670474,0.12122846589068015,0.0
1250,adam,0.001297388742158959,0.08413313883177927,0.0
1251,adam,0.0012892099676899242,0.023280763007359005,0.0
1252,adam,0.0012940021603086054,0.09894422329014278,0.0
1253,adam,0.0012887916795511554,0.08275057911462566,0.0
1254,adam,0.0012804302735399606,0.007572251941668691,0.0
1255,adam,0.0012825665186762302,0.07775132849602377,0.0
1256,adam,0.0012799271934698189,0.0787807703940102,0.0
1257,adam,0.0012722444498644444,0.014462754162841159,0.0
1258,adam,0.0012720601293673222,0.057830723775311836,0.0
1259,adam,0.0012708718694224175,0.07233820220792052,0.0
1260,adam,0.0012643735315478796,0.025590206859634382,0.0
1261,adam,0.0012623750384679112,0.03936845503549341,0.0
1262,adam,0.0012617216010769499,0.06382038032433829,0.0
1263,adam,0.0012565928889116309,0.03366628503196017,0.0
1264,adam,0.0012533891010897435,0.023002902367775916,0.0
1265,adam,0.001252601622555728,0.05360373118825299,0.0
1266,adam,0.0012487512455118316,0.0382573003137224,0.0
1267,adam,0.0012449544378492377,0.010116322248879938,0.0
1268,adam,0.0012436566579439754,0.04228783137968507,0.0
1269,adam,0.0012407822474628236,0.039445830123498705,0.0
1270,adam,0.0012369074231649091,0.008139859857018088,0.0
1271,adam,0.0012349618268440634,0.03066122042429525,0.0
1272,adam,0.001232695331557591,0.037582112758669003,0.0
1273,adam,0.001229086554029346,0.01507456234528467,0.0
1274,adam,0.001226574229381822,0.019543958508172404,0.0
1275,adam,0.0012245344398481074,0.03318806404951514,0.0
1276,adam,0.0012213522004170376,0.020439312125893738,0.0
1277,adam,0.0012184732278782934,0.010223752573528085,0.0
1278,adam,0.0012163703110735298,0.02696097939202044,0.0
1279,adam,0.00121361557572521,0.023030737160527268,0.0
1280,adam,0.0012106211614199194,0.006775283530798586,0.0
1281,adam,0.0012083117020750545,0.019728276840679484,0.0
1282,adam,0.0012058404311700243,0.022858634903571755,0.0
1283,adam,0.0012029209565028016,0.01043077309164543,0.0
1284,adam,0.0012003894043066852,0.012611605744708359,0.0
1285,adam,0.0011980411575434457,0.020373234666491137,0.0
1286,adam,0.0011953072276594643,0.014043759430587834,0.0
1287,adam,0.001192641049334751,0.007408390910921823,0.0
1288,adam,0.001190270497764265,0.016279852566914485,0.0
1289,adam,0.0011877119665661675,0.015613518851524757,0.0
1290,adam,0.0011850275310905582,0.007066173680215335,0.0
1291,adam,0.0011825704950782624,0.01155488105423205,0.0
1292,adam,0.0011801273661447486,0.015043342290333672,0.0
1293,adam,0.0011775078151030896,0.009512518203580797,0.0
1294,adam,0.0011749803105858062,0.007642448485160032,0.0
1295,adam,0.0011725694546135322,0.01283558283446592,0.0
1296,adam,0.0011700421297568763,0.011190529062400891,0.0
1297,adam,0.0011674905211983624,0.006526252936986037,0.0
1298,adam,0.0011650514562873073,0.00982385947683337,0.0
1299,adam,0.001162606327408665,0.011303410589003294,0.0
1300,adam,0.001160085324904357,0.007817103425907634,0.0
1301,adam,0.0011576205640902518,0.007225330044055482,0.0
1302,adam,0.0011552048418338617,0.010059022967097377,0.0
1303,adam,0.0011527411544322492,0.00903950895661657,0.0
1304,adam,0.001150267976909792,0.006408694040981747,0.0
1305,adam,0.0011478478939613407,0.008155332107666143,0.0
1306,adam,0.0011454349035264772,0.009183521380495739,0.0
1307,adam,0.0011429832259731887,0.0071103423187736875,0.0
1308,adam,0.0011405654540013132,0.006658422826764126,0.0
1309,adam,0.001138175109822307,0.008330969555946841,0.0
1310,adam,0.00113576180403749,0.007806587819337252,0.0
1311,adam,0.001133344803294853,0.0063775153233826066,0.0
1312,adam,0.0011309600432286514,0.007117897067442688,0.0
1313,adam,0.0011285833196241434,0.007788657155254914,0.0
1314,adam,0.001126192752599763,0.006877219514353595,0.0
1315,adam,0.001123812732676326,0.006350668129286949,0.0
1316,adam,0.0011214527251874637,0.007155877169728969,0.0
1317,adam,0.0011190918061445034,0.007207665742867592,0.0
1318,adam,0.0011167225554944828,0.006354817958598101,0.0
1319,adam,0.0011143768639010477,0.006466151171778101,0.0
1320,adam,0.0011120403745882423,0.0070285114822522575,0.0
1321,adam,0.0011096924234803183,0.006656719211039423,0.0
1322,adam,0.0011073591828677629,0.00621821923850122,0.0
1323,adam,0.001105031775238734,0.006543132106141198,0.0
1324,adam,0.001102713327790798,0.00670694007554991,0.0
1325,adam,0.001100396949146465,0.006365529538039093,0.0
1326,adam,0.0010980795837129877,0.006205549712481466,0.0
1327,adam,0.0010957799324535368,0.006462760379913941,0.0
1328,adam,0.0010934855900858504,0.006491466676892518,0.0
1329,adam,0.00109119426001454,0.006189229093819331,0.0
1330,adam,0.0010889070667787523,0.006191482214836236,0.0
1331,adam,0.0010866232022293185,0.006388383819084016,0.0
1332,adam,0.001084348433611857,0.006281231400303961,0.0
1333,adam,0.0010820811561327347,0.006119106531472212,0.0
1334,adam,0.0010798206781711065,0.006179587882040304,0.0
1335,adam,0.0010775591191592852,0.006250461899725381,0.0
1336,adam,0.0010753059504166264,0.00617209945965405,0.0
1337,adam,0.0010730578900739088,0.00607169313189674,0.0
1338,adam,0.0010708179852690833,0.006122755965638213,0.0
1339,adam,0.0010685848322581596,0.0061721899850983464,0.0
1340,adam,0.0010663593185911706,0.006077305838271187,0.0
1341,adam,0.0010641294409973522,0.0060339348674570146,0.0
1342,adam,0.0010619134836240204,0.006086533867896921,0.0
1343,adam,0.0010596994828853447,0.0060814960055342515,0.0
1344,adam,0.001057494003321939,0.006026917581755989,0.0
1345,adam,0.0010552884030770328,0.006000857108303362,0.0
1346,adam,0.0010530935950602907,0.006026723111857389,0.0
1347,adam,0.0010509049322686577,0.0060323597724733485,0.0
1348,adam,0.0010487218635724322,0.005974211034597571,0.0
1349,adam,0.001046540709224888,0.005959956027027059,0.0
1350,adam,0.0010443670338987068,0.005985884172163883,0.0
1351,adam,0.0010421973639381885,0.005967097885578769,0.0
1352,adam,0.001040032851619458,0.005936679747973392,0.0
1353,adam,0.0010378763776978193,0.005924189034665372,0.0
1354,adam,0.0010357220984657872,0.0059292629424202384,0.0
1355,adam,0.0010335782427292944,0.005926907904846422,0.0
1356,adam,0.0010314356340557162,0.005893807015332655,0.0
1357,adam,0.001029297489846206,0.005882474935513211,0.0
1358,adam,0.001027167302862686,0.005890061575244925,0.0
1359,adam,0.0010250439506072312,0.005875559895053367,0.0
1360,adam,0.0010229231380030923,0.005858615059363683,0.0
1361,adam,0.0010208104471797607,0.005845905062661842,0.0
1362,adam,0.001018702397085132,0.005841758529286705,0.0
1363,adam,0.001016596274525852,0.00583870094058427,0.0
1364,adam,0.0010144988617087482,0.005817947419841771,0.0
1365,adam,0.0010124058729978965,0.005807018379411726,0.0
1366,adam,0.0010103144114675092,0.005806404398110066,0.0
1367,adam,0.0010082353383845167,0.005794970773471039,0.0
1368,adam,0.0010061562290701832,0.0057830402305017025,0.0
1369,adam,0.0010040819092500567,0.005770946174264218,0.0
1370,adam,0.0010020183320274662,0.005763908640231323,0.0
1371,adam,0.0009999566284994421,0.005759491992542548,0.0
1372,adam,0.0009978991862994741,0.005743967944553351,0.0
1373,adam,0.0009958475920543513,0.0057333447809287735,0.0
1374,adam,0.0009937970886127376,0.0057282954335013386,0.0
1375,adam,0.0009917606494856737,0.005718497120923443,0.0
1376,adam,0.0009897228514729461,0.005709164638285643,0.0
1377,adam,0.000987690276067408,0.005697157173062214,0.0
1378,adam,0.0009856657696704386,0.005688697846957963,0.0
1379,adam,0.0009836452247343236,0.005683538562858057,0.0
1380,adam,0.0009816304280751366,0.005671376971040361,0.0
1381,adam,0.0009796186786960072,0.005661179743735272,0.0
1382,adam,0.0009776159079752998,0.005652760995737098,0.0
1383,adam,0.0009756099631698626,0.005644070830534903,0.0
1384,adam,0.0009736157721561131,0.005636709120829325,0.0
1385,adam,0.0009716258106795417,0.005624946387429558,0.0
1386,adam,0.0009696373164966662,0.005615694584378527,0.0
1387,adam,0.0009676572507887269,0.005608321868200115,0.0
1388,adam,0.0009656859104550587,0.005598665027820076,0.0
1389,adam,0.000963716011898423,0.005589820744251531,0.0
1390,adam,0.000961750406006739,0.005579952234871201,0.0
1391,adam,0.0009597888916813822,0.005571075929240274,0.0
1392,adam,0.00095783474486491,0.005563411056391067,0.0
1393,adam,0.0009558816875034346,0.005553223071615326,0.0
1394,adam,0.0009539364689483464,0.00554436408788183,0.0
1395,adam,0.0009519952334734547,0.005536006265716498,0.0
1396,adam,0.000950062701458619,0.005526807168212648,0.0
1397,adam,0.0009481296471799409,0.005519006269991083,0.0
1398,adam,0.00094620314322135,0.0055088692564085025,0.0
1399,adam,0.0009442806496633195,0.00550017608834937,0.0
1400,adam,0.0009423649021807725,0.005491528069524913,0.0
1401,adam,0.0009404561326677803,0.005482523268520256,0.0
1402,adam,0.0009385485391025511,0.005474667250487977,0.0
1403,adam,0.0009366444087162793,0.0054647626582690146,0.0
1404,adam,0.000934748419201365,0.005456068356013019,0.0
1405,adam,0.0009328575409688982,0.0054477492210349195,0.0
1406,adam,0.0009309685054756405,0.005438698378670302,0.0
1407,adam,0.0009290869741492349,0.0054306957500792966,0.0
1408,adam,0.0009272078648623468,0.005421110281383787,0.0
1409,adam,0.0009253375247445456,0.0054124539918992565,0.0
1410,adam,0.0009234696560820649,0.005403825766955037,0.0
1411,adam,0.0009216026083544183,0.005394925331211577,0.0
1412,adam,0.0009197427508702415,0.005386678218313845,0.0
1413,adam,0.0009178926314188303,0.005377646553753654,0.0
1414,adam,0.0009160374727062913,0.005369153189259509,0.0
1415,adam,0.0009141937566906627,0.005360267947148111,0.0
1416,adam,0.0009123569263318817,0.005351676860275485,0.0
1417,adam,0.0009105199920198496,0.005343369195779052,0.0
1418,adam,0.0009086886533439084,0.005334423502387537,0.0
1419,adam,0.0009068641599659932,0.005326043169567845,0.0
1420,adam,0.0009050412217739471,0.005317226531994368,0.0
1421,adam,0.0009032223831727862,0.005308685978604115,0.0
1422,adam,0.000901414593765164,0.0053005515891262865,0.0
1423,adam,0.0008996041263487895,0.005291499067787144,0.0
1424,adam,0.0008977987961210098,0.005283204035062347,0.0
1425,adam,0.0008960037206256722,0.005274672391391122,0.0
1426,adam,0.0008942078435956711,0.005266005222887916,0.0
1427,adam,0.0008924164706055129,0.005257916903799591,0.0
1428,adam,0.0008906311129155474,0.005249045938149559,0.0
1429,adam,0.0008888539475557563,0.005240913783844516,0.0
1430,adam,0.0008870773202268318,0.00523226366128582,0.0
1431,adam,0.000885305396552351,0.005223676056673231,0.0
1432,adam,0.0008835379236123829,0.005215208552703214,0.0
1433,adam,0.0008817729630768581,0.005206783170804676,0.0
1434,adam,0.000880015164253096,0.005198611846327984,0.0
1435,adam,0.0008782660094976631,0.005189969768619346,0.0
1436,adam,0.0008765122812557403,0.005181621402487605,0.0
1437,adam,0.0008747726246546012,0.005173204866614949,0.0
1438,adam,0.0008730331204132342,0.005164987287820621,0.0
1439,adam,0.0008712934309047353,0.005156404997860282,0.0
1440,adam,0.000869565607503216,0.005148091505292801,0.0
1441,adam,0.0008678379237913544,0.005139791298684812,0.0
1442,adam,0.0008661122223596424,0.005131428266294755,0.0
1443,adam,0.0008643982646834846,0.005123210775638468,0.0
1444,adam,0.0008626802743839951,0.005114710979055605,0.0
1445,adam,0.0008609716349704468,0.005106568029980402,0.0
1446,adam,0.0008592665423456847,0.005098216523115487,0.0
1447,adam,0.0008575664655178536,0.00508994688081708,0.0
1448,adam,0.0008558704098376503,0.005081710220978063,0.0
1449,adam,0.0008541776255445985,0.005073520201070836,0.0
1450,adam,0.0008524903648681634,0.005065367441458553,0.0
1451,adam,0.0008508087884121258,0.005056951147849279,0.0
1452,adam,0.0008491269562330429,0.005048734052853174,0.0
1453,adam,0.0008474559539819944,0.0050405143388570365,0.0
1454,adam,0.0008457840103902709,0.005032349024456822,0.0
1455,adam,0.0008441176179201301,0.005024195704491466,0.0
1456,adam,0.0008424550495012269,0.005015921424241681,0.0
1457,adam,0.0008407962394975188,0.005007794885203377,0.0
1458,adam,0.0008391428590368996,0.004999765426525157,0.0
1459,adam,0.0008374939894601522,0.004991529705457848,0.0
1460,adam,0.0008358463227651258,0.004983598749412017,0.0
1461,adam,0.0008342061353811049,0.004975314284893664,0.0
1462,adam,0.0008325699073833356,0.004967298044660606,0.0
1463,adam,0.0008309378946878568,0.004959072233086748,0.0
1464,adam,0.000829309153679896,0.004950946601456113,0.0
1465,adam,0.0008276821041340932,0.004943067058566746,0.0
1466,adam,0.000826063975477254,0.004935010289994575,0.0
1467,adam,0.0008244449946430786,0.004927306520504298,0.0
1468,adam,0.0008228371728718511,0.0049190974165782015,0.0
1469,adam,0.0008212293152022667,0.004911062833542723,0.0
1470,adam,0.0008196231770417146,0.004902664400628824,0.0
1471,adam,0.0008180252406843234,0.00489470838931947,0.0
1472,adam,0.0008164290161428783,0.00488689437496362,0.0
1473,adam,0.0008148392594003826,0.00487896610981546,0.0
1474,adam,0.0008132516677479497,0.004871379973489589,0.0
1475,adam,0.0008116664370724663,0.004863087407970933,0.0
1476,adam,0.0008100909180647187,0.004855192993240367,0.0
1477,adam,0.0008085110354893953,0.0048468750675535206,0.0
1478,adam,0.0008069409618768165,0.004838898605739754,0.0
1479,adam,0.0008053720764461868,0.004831399920853524,0.0
1480,adam,0.0008038146935069989,0.004823644076064419,0.0
1481,adam,0.000802251506426771,0.004815868080430705,0.0
1482,adam,0.0008006993898381738,0.004807631846533114,0.0
1483,adam,0.0007991455441159003,0.004799530837190589,0.0
1484,adam,0.0007975983462606124,0.004791660872270898,0.0
1485,adam,0.0007960537617299002,0.004783761432496662,0.0
1486,adam,0.0007945171671810547,0.0047761673803168115,0.0
1487,adam,0.0007929796475279785,0.0047683934095484526,0.0
1488,adam,0.0007914485426771706,0.004760396068173845,0.0
1489,adam,0.0007899217677425961,0.0047526191021668215,0.0
1490,adam,0.0007884004568759797,0.0047445448780322665,0.0
1491,adam,0.0007868769064957709,0.004736770299338533,0.0
1492,adam,0.0007853620232414941,0.004729121628249134,0.0
1493,adam,0.0007838484804639619,0.00472130038518603,0.0
1494,adam,0.0007823452206110627,0.00471369071890032,0.0
1495,adam,0.0007808412836395822,0.004705841395167826,0.0
1496,adam,0.0007793380340171072,0.004698111067355727,0.0
1497,adam,0.0007778413313156294,0.004690471265653375,0.0
1498,adam,0.0007763500567636324,0.004682587778061194,0.0
1499,adam,0.0007748628925558009,0.004674944347943116,0.0
1500,adam,0.0007733772160488093,0.004667133694110029,0.0
1501,adam,0.0007718961421635176,0.004659457086253845,0.0
1502,adam,0.0007704163256993782,0.004651747595548747,0.0
1503,adam,0.0007689421387574473,0.004644033537891375,0.0
1504,adam,0.0007674760548860034,0.004636442822027668,0.0
1505,adam,0.0007660113233865098,0.004628770194295138,0.0
1506,adam,0.0007645470435401465,0.004621157321959436,0.0
1507,adam,0.0007630884831392902,0.004613513987631257,0.0
1508,adam,0.0007616352333270615,0.004605892426854445,0.0
1509,adam,0.0007601833067293597,0.0045983270629214885,0.0
1510,adam,0.0007587408849226393,0.004590799980100798,0.0
1511,adam,0.0007572937893931448,0.004583244735237452,0.0
1512,adam,0.0007558545819160325,0.004575726087212132,0.0
1513,adam,0.0007544176255685697,0.004568217702149063,0.0
1514,adam,0.0007529896105663084,0.004560551638790723,0.0
1515,adam,0.0007515570891234694,0.0045529039444827035,0.0
1516,adam,0.0007501331403162509,0.0045453819316712135,0.0
1517,adam,0.0007487123423733103,0.004537923861935588,0.0
1518,adam,0.0007472931447282762,0.004530465177899414,0.0
1519,adam,0.0007458814212841251,0.00452293001614104,0.0
1520,adam,0.0007444707157262106,0.004515535408209276,0.0
1521,adam,0.0007430617985688153,0.004508129635429996,0.0
1522,adam,0.0007416602581141303,0.004500629244551161,0.0
1523,adam,0.0007402615977636534,0.0044931912342214865,0.0
1524,adam,0.0007388646533336232,0.004485577777576125,0.0
1525,adam,0.0007374712395787162,0.004478213196491329,0.0
1526,adam,0.0007360818360060529,0.00447060154610885,0.0
1527,adam,0.0007347005597854329,0.004463262202398007,0.0
1528,adam,0.0007333168648148465,0.00445580849635373,0.0
1529,adam,0.0007319394313194063,0.004448441677404876,0.0
1530,adam,0.0007305651186198492,0.004441087174464587,0.0
1531,adam,0.0007291952744364832,0.004433632375993536,0.0
1532,adam,0.0007278291865266891,0.0044263999354453,0.0
1533,adam,0.0007264666698126597,0.004418949728757923,0.0
1534,adam,0.0007251040208119612,0.004411625314013191,0.0
1535,adam,0.0007237439090245727,0.004404224222790912,0.0
1536,adam,0.000722397937968171,0.004396888077329855,0.0
1537,adam,0.0007210455054216272,0.004389816558893453,0.0
1538,adam,0.0007197004904406046,0.0043823194390634115,0.0
1539,adam,0.0007183563828695029,0.004375180662931229,0.0
1540,adam,0.000717016180293732,0.004367737720663402,0.0
1541,adam,0.0007156788469265657,0.004360609688740513,0.0
1542,adam,0.0007143478241894854,0.0043532967154852,0.0
1543,adam,0.0007130206892585479,0.004346154172757911,0.0
1544,adam,0.0007116940109790975,0.004338739341565139,0.0
1545,adam,0.0007103715246062686,0.004331571275946199,0.0
1546,adam,0.0007090534945862265,0.004324227493602197,0.0
1547,adam,0.0007077375992097971,0.004317085896223273,0.0
1548,adam,0.000706428769947074,0.004310179692234569,0.0
1549,adam,0.0007051210995563731,0.004303020424580133,0.0
1550,adam,0.0007038139757843546,0.004296318067604659,0.0
1551,adam,0.0007025126863374058,0.004289129992361831,0.0
1552,adam,0.0007012149604102089,0.004283142658412213,0.0
1553,adam,0.0006999200797673705,0.004275832632180475,0.0
1554,adam,0.000698626169157493,0.004270296012205694,0.0
1555,adam,0.0006973400524425191,0.0042633907710720115,0.0
1556,adam,0.0006960582544658253,0.004259583760623435,0.0
1557,adam,0.000694774752834903,0.004254277596306892,0.0
1558,adam,0.0006934978418180625,0.004252787432605709,0.0
1559,adam,0.0006922193645763521,0.0042484862734728,0.0
1560,adam,0.0006909490063698032,0.004250539276342943,0.0
1561,adam,0.0006896820084844534,0.004249631063010263,0.0
1562,adam,0.0006884204618955254,0.004258493058145285,0.0
1563,adam,0.0006871563842403996,0.004265092342414914,0.0
1564,adam,0.0006858953851240937,0.00428905852466159,0.0
1565,adam,0.0006846416963619295,0.004316171282429256,0.0
1566,adam,0.0006833880665238208,0.004380731673309819,0.0
1567,adam,0.0006821429602341258,0.004464472301136801,0.0
1568,adam,0.0006808959057295251,0.004619642053494726,0.0
1569,adam,0.0006796591997140574,0.00482593154299903,0.0
1570,adam,0.0006784216184871944,0.005176074513501593,0.0
1571,adam,0.000677189292939225,0.005657963073568806,0.0
1572,adam,0.0006759663037973585,0.0064158468987989044,0.0
1573,adam,0.0006747479592841779,0.007455887539844902,0.0
1574,adam,0.0006735396375198946,0.008986606603449611,0.0
1575,adam,0.0006723525356707447,0.011048370885864304,0.0
1576,adam,0.00067118810830981,0.013953453811779072,0.0
1577,adam,0.0006700682833132832,0.017847989886259463,0.0
1578,adam,0.0006690260974173517,0.02320997955893581,0.0
1579,adam,0.0006681144652419228,0.030392173493722054,0.0
1580,adam,0.0006674486764141509,0.04018632909479263,0.0
1581,adam,0.0006672066125942608,0.053386812536251514,0.0
1582,adam,0.0006677587404858233,0.07141310925692106,0.0
1583,adam,0.0006697647711019288,0.09592471302546272,0.0
1584,adam,0.0006744733095777914,0.12958684958445504,0.0
1585,adam,0.000684282175886996,0.1757445970925319,0.0
1586,adam,0.0007036983692212239,0.23952333853086372,0.0
1587,adam,0.000741490422287486,0.327616438894909,0.0
1588,adam,0.0008142981839712811,0.44999950888292867,0.0
1589,adam,0.000954661591607613,0.6195754028709637,0.0
1590,adam,0.0012231496364828202,0.8551706402907512,0.0
1591,adam,0.001735784138945253,1.1786652023052586,0.0
1592,adam,0.002685998319320415,1.6186741761603212,0.0
1593,adam,0.004389755950128502,2.1913337960675467,0.0
1594,adam,0.007114379362757524,2.892085980213268,0.0
1595,adam,0.010778202061035629,3.6122116921296787,0.0
1596,adam,0.013644962633128343,4.113547982580011,0.0
1597,adam,0.012936642921040523,3.9846893707934283,0.0
1598,adam,0.007297574917233091,2.9334385496926845,0.0
1599,adam,0.0016591121765983038,1.0911043930528954,0.0
1600,adam,0.0014778180892283407,0.9671353476536765,0.0
1601,adam,0.005190913526817675,2.3994291151095584,0.0
1602,adam,0.006449607430578706,2.7049144228033466,0.0
1603,adam,0.003211158017683961,1.7697170542865277,0.0
1604,adam,0.0007620203715719401,0.19198810937217245,0.0
1605,adam,0.0023948612357969678,1.4721437053824515,0.0
1606,adam,0.00413863089090424,2.0838359944643248,0.0
1607,adam,0.002559413187975013,1.5114429454020257,0.0
1608,adam,0.000728678545499799,0.19570381731947126,0.0
1609,adam,0.0017416811118108,1.1619053099587384,0.0
1610,adam,0.002881054135628608,1.6475080019987756,0.0
1611,adam,0.0016762553550198512,1.0967037948702083,0.0
1612,adam,0.0006740476275143969,0.10761199404702464,0.0
1613,adam,0.0016003450661269672,1.0761237570378528,0.0
1614,adam,0.002043884289210032,1.2928620591622921,0.0
1615,adam,0.001023224048597415,0.6559429519150067,0.0
1616,adam,0.0007442824202452624,0.3420925824945227,0.0
1617,adam,0.0015046805415562465,1.014477018436268,0.0
1618,adam,0.0014002633105701246,0.9440124772106974,0.0
1619,adam,0.0006984633092553634,0.2516209798037184,0.0
1620,adam,0.0008909201302190375,0.5434230524152908,0.0
1621,adam,0.0013085310237517128,0.8884710909682645,0.0
1622,adam,0.0009376299793598139,0.5955591923013946,0.0
1623,adam,0.0006437187592180691,0.07608448741900166,0.0
1624,adam,0.0009700227474445553,0.6249335586935221,0.0
1625,adam,0.001038663185519624,0.6929338325104306,0.0
1626,adam,0.0006985551703123176,0.2795708488547105,0.0
1627,adam,0.0007061537076541654,0.2852144131298714,0.0
1628,adam,0.0009328024461294872,0.596244464632535,0.0
1629,adam,0.0008123433420987774,0.4677030596018982,0.0
1630,adam,0.0006340392880096295,0.04798530110515426,0.0
1631,adam,0.0007564092514084775,0.3829516602124406,0.0
1632,adam,0.0008297859119903298,0.4918087325829968,0.0
1633,adam,0.0006812208333514312,0.2573365663133516,0.0
1634,adam,0.0006456789819773224,0.1380210768186235,0.0
1635,adam,0.0007530559564949583,0.38975663464191673,0.0
1636,adam,0.00072758456296254,0.3566155835114478,0.0
1637,adam,0.000631600849309038,0.09323101107206692,0.0
1638,adam,0.0006642187074972618,0.21936584603655782,0.0
1639,adam,0.0007157643248474817,0.3404801306832862,0.0
1640,adam,0.0006610044973116942,0.2247306035847845,0.0
1641,adam,0.0006228823172883442,0.05114456215018604,0.0
1642,adam,0.0006655066151159888,0.24096920794001817,0.0
1643,adam,0.0006735592728330369,0.2664049591333903,0.0
1644,adam,0.000627565242887975,0.11778339765156702,0.0
1645,adam,0.000624030949340182,0.1051074304981875,0.0
1646,adam,0.0006532944146218674,0.22455109863898362,0.0
1647,adam,0.0006412361442238597,0.18995790148811081,0.0
1648,adam,0.0006135848120938561,0.04656433066925545,0.0
1649,adam,0.0006230628814764231,0.12988298964478034,0.0
1650,adam,0.0006370273231431096,0.189708096217345,0.0
1651,adam,0.0006206170286685675,0.12398917836616234,0.0
1652,adam,0.0006074369454943943,0.03202080711751417,0.0
1653,adam,0.0006184323480630297,0.13210764475762743,0.0
1654,adam,0.0006221960831716356,0.149523703979485,0.0
1655,adam,0.0006080265604547272,0.07389526392743284,0.0
1656,adam,0.000603461585059444,0.0494847323006069,0.0
1657,adam,0.0006119565919990996,0.1206395042106589,0.0
1658,adam,0.0006103741527866824,0.11264488413605442,0.0
1659,adam,0.0006000554099678912,0.03868723225449801,0.0
1660,adam,0.0005997060765556205,0.05875758297093663,0.0
1661,adam,0.0006050019730029981,0.10387643782552915,0.0
1662,adam,0.000601234737840355,0.08184771757027218,0.0
1663,adam,0.0005943925944069808,0.017039705487619808,0.0
1664,adam,0.0005956546264962435,0.059902595861494184,0.0
1665,adam,0.0005983037326636946,0.08594915992276607,0.0
1666,adam,0.0005941187440695583,0.05809344209713927,0.0
1667,adam,0.0005898682656396976,0.009393907117978799,0.0
1668,adam,0.0005913550162815358,0.055948528375851764,0.0
1669,adam,0.0005921684254895501,0.06964225951791078,0.0
1670,adam,0.0005883914462281951,0.040550582094786694,0.0
1671,adam,0.0005858050652616889,0.011650854122190404,0.0
1672,adam,0.0005869035288686584,0.04976636121763684,0.0
1673,adam,0.0005866371560386851,0.055626664941585933,0.0
1674,adam,0.0005835369806675739,0.028445173833299357,0.0
1675,adam,0.000581899691201647,0.013708121771779354,0.0
1676,adam,0.0005824606216952559,0.04275185924494952,0.0
1677,adam,0.0005816575522314018,0.04444177853769012,0.0
1678,adam,0.0005792134142506785,0.02039851544333112,0.0
1679,adam,0.0005780345768166541,0.013756686111641615,0.0
1680,adam,0.000578119990841014,0.03599609474672762,0.0
1681,adam,0.0005771135227766159,0.035655756962618385,0.0
1682,adam,0.0005751782513976919,0.01557332697241199,0.0
1683,adam,0.0005741863872551434,0.012604147548309096,0.0
1684,adam,0.0005739088869640388,0.029714973785551834,0.0
1685,adam,0.0005728716602668511,0.02907164501514353,0.0
1686,adam,0.0005713035888341459,0.012684816413403074,0.0
1687,adam,0.0005703583262674111,0.010566936025335406,0.0
1688,adam,0.0005698442240996107,0.02432626353145608,0.0
1689,adam,0.0005688455952985124,0.023900446498811387,0.0
1690,adam,0.0005675150456537572,0.011241203210089892,0.0
1691,adam,0.0005665691320932563,0.008464594701714036,0.0
1692,adam,0.0005659072386172814,0.019592192480743377,0.0
1693,adam,0.0005649622737883876,0.020065875800233567,0.0
1694,adam,0.0005637884405456351,0.010372083842058904,0.0
1695,adam,0.0005628325702511979,0.006363341553683693,0.0
1696,adam,0.0005620810757882786,0.0156315250575684,0.0
1697,adam,0.000561180824303341,0.016884821858132764,0.0
1698,adam,0.0005601110010586581,0.009899932995603582,0.0
1699,adam,0.0005591474367153285,0.004749269120814489,0.0
1700,adam,0.0005583425180452001,0.01212784166010593,0.0
1701,adam,0.0005574729433627827,0.014296152238163716,0.0
1702,adam,0.0005564763847205575,0.009433593030376566,0.0
1703,adam,0.0005555194407479295,0.00382325541837625,0.0
1704,adam,0.0005546775765302534,0.009227059535018216,0.0
1705,adam,0.0005538258439859514,0.011911735974785386,0.0
1706,adam,0.0005528829376116743,0.009044267330069406,0.0
1707,adam,0.0005519392994573196,0.003780139625506125,0.0
1708,adam,0.0005510778775059822,0.006689726363631741,0.0
1709,adam,0.0005502319958724996,0.009843612035772366,0.0
1710,adam,0.0005493277266526581,0.008413046161845508,0.0
1711,adam,0.0005484066978542449,0.004279411962409516,0.0
1712,adam,0.0005475318632714387,0.004821413712603607,0.0
1713,adam,0.0005466888183817656,0.007831711067703091,0.0
1714,adam,0.0005458138327423094,0.007760508902634267,0.0
1715,adam,0.0005449115956476774,0.004755621626540849,0.0
1716,adam,0.0005440368876875975,0.00359656088435516,0.0
1717,adam,0.0005431926069616367,0.00615045741914598,0.0
1718,adam,0.0005423379304131759,0.006849360923899878,0.0
1719,adam,0.0005414618562491738,0.005154938900246867,0.0
1720,adam,0.0005405868516255556,0.003274110695046541,0.0
1721,adam,0.00053974277702982,0.004627302958497242,0.0
1722,adam,0.0005389007088578784,0.005895630742652234,0.0
1723,adam,0.0005380406106294821,0.00514665594281239,0.0
1724,adam,0.000537181372628653,0.003538378645300397,0.0
1725,adam,0.0005363363943665942,0.0036565312789482067,0.0
1726,adam,0.000535501371360716,0.004816893669368881,0.0
1727,adam,0.0005346606250194347,0.004934445973197693,0.0
1728,adam,0.000533812555317515,0.0038419001427768148,0.0
1729,adam,0.0005329726849791082,0.0032446265591585337,0.0
1730,adam,0.0005321435284063281,0.003967655787187097,0.0
1731,adam,0.0005313149796306011,0.004411747821782472,0.0
1732,adam,0.0005304802232789306,0.004026892459756744,0.0
1733,adam,0.0005296503563286348,0.0032979920132209647,0.0
1734,adam,0.0005288266901403714,0.003355958145667319,0.0
1735,adam,0.000528004853511418,0.0038742258536107444,0.0
1736,adam,0.0005271828398258768,0.0038807473800958688,0.0
1737,adam,0.0005263642128548837,0.0034806218055629732,0.0
1738,adam,0.0005255469401135721,0.0031846740909508638,0.0
1739,adam,0.0005247346326732938,0.0033829286402911963,0.0
1740,adam,0.0005239237916581566,0.0036484198055702216,0.0
1741,adam,0.0005231138109912945,0.0035167145157983973,0.0
1742,adam,0.0005223046225533988,0.003250488137299476,0.0
1743,adam,0.0005214992712095164,0.003166945504976452,0.0
1744,adam,0.0005206966268908311,0.0033214333234380324,0.0
1745,adam,0.0005198967867573771,0.0034406873369286733,0.0
1746,adam,0.0005190998256918034,0.0032965879555281585,0.0
1747,adam,0.0005183003197875325,0.0031473575856572826,0.0
1748,adam,0.0005175077179794838,0.0031481049121582696,0.0
1749,adam,0.0005167177014243034,0.0032427499825113154,0.0
1750,adam,0.0005159261326582066,0.0032912763738092536,0.0
1751,adam,0.0005151393367661156,0.003178907923862015,0.0
1752,adam,0.0005143536833301561,0.00309831564579894,0.0
1753,adam,0.0005135711018218064,0.0031154644500206484,0.0
1754,adam,0.000512789460663533,0.0031650162224193747,0.0
1755,adam,0.0005120120128621257,0.003186873046951125,0.0
1756,adam,0.0005112356099808948,0.003112582849067903,0.0
1757,adam,0.0005104580777179049,0.003066950203368724,0.0
1758,adam,0.0005096877577450293,0.003076453837325729,0.0
1759,adam,0.0005089157960389481,0.003100680424197529,0.0
1760,adam,0.000508149042879471,0.0031133500957019186,0.0
1761,adam,0.0005073825856133702,0.003064060286217831,0.0
1762,adam,0.0005066193234326368,0.003038485897451459,0.0
1763,adam,0.0005058569739482498,0.003044833165084087,0.0
1764,adam,0.000505094924478788,0.003054941634153031,0.0
1765,adam,0.0005043377034887809,0.003063247992846073,0.0
1766,adam,0.0005035820750741383,0.0030294258612128056,0.0
1767,adam,0.0005028283724296551,0.0030121762401985443,0.0
1768,adam,0.0005020770270326437,0.0030127332082927538,0.0
1769,adam,0.0005013264014874171,0.00301728606868378,0.0
1770,adam,0.0005005783791554625,0.0030269539681991773,0.0
1771,adam,0.000499832383201657,0.0030024114354917477,0.0
1772,adam,0.0004990888511831762,0.002988054321276449,0.0
1773,adam,0.0004983479034383709,0.002980516567893445,0.0
1774,adam,0.0004976082986829266,0.002981404327807525,0.0
1775,adam,0.0004968712116326049,0.0029900181327482847,0.0
1776,adam,0.0004961337830808935,0.0029725101287032597,0.0
1777,adam,0.0004954014423957547,0.002962992053308894,0.0
1778,adam,0.0004946695340913598,0.002951412116845461,0.0
1779,adam,0.0004939405016348554,0.0029484337195330407,0.0
1780,adam,0.0004932132282424138,0.0029542867260434684,0.0
1781,adam,0.0004924868223092186,0.002943405324153897,0.0
1782,adam,0.0004917625802700206,0.0029383861938400346,0.0
1783,adam,0.0004910412963477647,0.0029250054804941363,0.0
1784,adam,0.0004903209215445818,0.002919825162631757,0.0
1785,adam,0.000489603505473261,0.0029211961233759818,0.0
1786,adam,0.000488885709075459,0.002913280918466068,0.0
1787,adam,0.0004881729742275954,0.002910553489291258,0.0
1788,adam,0.000487460476866581,0.0028993604330384637,0.0
1789,adam,0.00048674898113906274,0.002894075782281791,0.0
1790,adam,0.00048604127956562514,0.002891102671693254,0.0
1791,adam,0.0004853349512564233,0.002884961395065747,0.0
1792,adam,0.0004846317370287842,0.002883225373941008,0.0
1793,adam,0.00048392814780944064,0.002873941145386688,0.0
1794,adam,0.00048322661142854946,0.0028694689297480143,0.0
1795,adam,0.0004825273425192701,0.0028636422851066826,0.0
1796,adam,0.00048183149273658743,0.002858092179956522,0.0
1797,adam,0.00048113662354740876,0.002855405386256065,0.0
1798,adam,0.00048044317473831984,0.0028482164506892288,0.0
1799,adam,0.00047975182735022717,0.0028443839532313834,0.0
1800,adam,0.0004790626921442372,0.002837816599183825,0.0
1801,adam,0.000478373800007023,0.0028331319859408914,0.0
1802,adam,0.0004776908328780038,0.0028288021193151555,0.0
1803,adam,0.0004770048230006823,0.002822793373018169,0.0
1804,adam,0.00047632282409452065,0.002819610067253323,0.0
1805,adam,0.00047564275103101193,0.002812761602906388,0.0
1806,adam,0.0004749629296880872,0.002808205172797603,0.0
1807,adam,0.0004742867033125495,0.00280327563045092,0.0
1808,adam,0.00047361063182167567,0.0027976879427254334,0.0
1809,adam,0.00047293797050050005,0.002794583694144906,0.0
1810,adam,0.0004722682442264223,0.002787956566991332,0.0
1811,adam,0.00047159695891092865,0.002785031102610288,0.0
1812,adam,0.00047092935557980635,0.002778015018018439,0.0
1813,adam,0.00047026243474186115,0.0027745319907996713,0.0
1814,adam,0.00046959954330634725,0.0027680220554930145,0.0
1815,adam,0.0004689373385651652,0.0027637564812544382,0.0
1816,adam,0.0004682730661548235,0.0027583023914235865,0.0
1817,adam,0.00046761852699239953,0.0027535603456628533,0.0
1818,adam,0.0004669610363624969,0.0027487060658329767,0.0
1819,adam,0.0004663036402701393,0.0027434655139781227,0.0
1820,adam,0.0004656514916317852,0.0027396691239806627,0.0
1821,adam,0.0004649992544318022,0.002733741823124405,0.0
1822,adam,0.00046434900546094145,0.0027306627774920586,0.0
1823,adam,0.00046370087606364523,0.0027240361531460705,0.0
1824,adam,0.00046305403176668955,0.002720316142933158,0.0
1825,adam,0.0004624102797861438,0.002714391617952175,0.0
1826,adam,0.00046176353214074517,0.0027098306637751497,0.0
1827,adam,0.0004611246156248209,0.0027052316763349696,0.0
1828,adam,0.0004604840324062287,0.00269988535350038,0.0
1829,adam,0.00045984513232235415,0.002696035758424203,0.0
1830,adam,0.00045921090419328816,0.002690299448130773,0.0
1831,adam,0.0004585754024606424,0.0026861420553379567,0.0
1832,adam,0.00045794250123504596,0.0026810295429723565,0.0
1833,adam,0.0004573100183268856,0.0026760637745368724,0.0
1834,adam,0.00045667870252131165,0.0026722526517253676,0.0
1835,adam,0.0004560496989984495,0.002666298429035582,0.0
1836,adam,0.00045542665143126303,0.0026628471803156186,0.0
1837,adam,0.00045480160656528494,0.002656929613726613,0.0
1838,adam,0.0004541771289292164,0.0026534301876587193,0.0
1839,adam,0.00045355668797930697,0.0026474904982782396,0.0
1840,adam,0.00045293609785154764,0.002644464589818599,0.0
1841,adam,0.0004523183068306777,0.002638114388282209,0.0
1842,adam,0.0004517022342310108,0.002635292783769097,0.0
1843,adam,0.000451086038627866,0.002628584806739752,0.0
1844,adam,0.00045047280513361385,0.002625228257633021,0.0
1845,adam,0.0004498616708273968,0.0026194135425755783,0.0
1846,adam,0.00044925004144444623,0.0026148919575109623,0.0
1847,adam,0.00044864286762607067,0.0026109603850432515,0.0
1848,adam,0.0004480350807631692,0.0026053064302601773,0.0
1849,adam,0.00044743141344242627,0.00260232354857063,0.0
1850,adam,0.000446828359474945,0.0025959896045861484,0.0
1851,adam,0.0004462260808303318,0.002592024436020126,0.0
1852,adam,0.0004456256779160287,0.002587192083775007,0.0
1853,adam,0.00044502681057988463,0.0025825451964163093,0.0
1854,adam,0.000444427491091047,0.0025783595304371973,0.0
1855,adam,0.0004438312933946811,0.0025730700988608377,0.0
1856,adam,0.0004432379317142731,0.0025693980206130404,0.0
1857,adam,0.0004426441346035816,0.002563913810545266,0.0
1858,adam,0.0004420539172032633,0.0025600531524275507,0.0
1859,adam,0.00044146604524022823,0.002554770261035678,0.0
1860,adam,0.00044087730876213955,0.0025508119062681235,0.0
1861,adam,0.00044029321421269307,0.002545961290535785,0.0
1862,adam,0.0004397061974629686,0.002541521353603265,0.0
1863,adam,0.00043912364605828654,0.0025368093027247135,0.0
1864,adam,0.0004385393572331008,0.0025325320629545228,0.0
1865,adam,0.0004379599940081179,0.0025276323933667993,0.0
1866,adam,0.00043738204338542605,0.0025236802291474267,0.0
1867,adam,0.00043680654058566546,0.00251853245359628,0.0
1868,adam,0.000436228098878135,0.002514668819710847,0.0
1869,adam,0.00043565372764374006,0.0025096859064190897,0.0
1870,adam,0.0004350806317120342,0.002505326165010901,0.0
1871,adam,0.0004345116602090737,0.0025012281102697264,0.0
1872,adam,0.00043394242616309156,0.002496011223395149,0.0
1873,adam,0.00043337200078354403,0.002493487186227365,0.0
1874,adam,0.0004328060608935649,0.0024871775414604274,0.0
1875,adam,0.00043224028279339446,0.0024853762859421385,0.0
1876,adam,0.0004316764771812516,0.0024784403887745904,0.0
1877,adam,0.0004311148448973252,0.0024777422616055317,0.0
1878,adam,0.00043055505657453846,0.0024698194819432746,0.0
1879,adam,0.0004299954578120606,0.0024682877060033127,0.0
1880,adam,0.00042943616306278495,0.002460689914031124,0.0
1881,adam,0.0004288800633237706,0.0024579794635244106,0.0
1882,adam,0.00042832336886312574,0.0024518653713446834,0.0
1883,adam,0.00042777055940384275,0.002447792563847147,0.0
1884,adam,0.0004272185548124425,0.0024443877315173546,0.0
1885,adam,0.00042666920854340744,0.0024388466380009283,0.0
1886,adam,0.0004261203063012596,0.0024368529345650107,0.0
1887,adam,0.00042557248779674016,0.002430184447238249,0.0
1888,adam,0.00042502484426823565,0.002428353081141786,0.0
1889,adam,0.0004244798575773365,0.0024214424858210373,0.0
1890,adam,0.0004239365188845077,0.0024189341143436792,0.0
1891,adam,0.00042339281599454757,0.0024126062857324077,0.0
1892,adam,0.0004228535314289041,0.002409465129310135,0.0
1893,adam,0.0004223146624810365,0.002404447925248821,0.0
1894,adam,0.0004217777296075819,0.0024003034635287856,0.0
1895,adam,0.0004212404141019681,0.0023960510802441813,0.0
1896,adam,0.0004207033479672023,0.002391329597243458,0.0
1897,adam,0.0004201699897631471,0.0023875980408712264,0.0
1898,adam,0.00041963828479255196,0.0023830848587621752,0.0
1899,adam,0.00041910693128905963,0.002378636219351982,0.0
1900,adam,0.0004185789469419336,0.0023751995925853546,0.0
1901,adam,0.0004180508245585949,0.002370122724514589,0.0
1902,adam,0.00041752457033473203,0.0023677106073597518,0.0
1903,adam,0.0004169986540695103,0.0023616569392658107,0.0
1904,adam,0.0004164743097148471,0.002361378054936642,0.0
1905,adam,0.0004159516072646826,0.002354134560451322,0.0
1906,adam,0.00041543015517391647,0.0023571504733466675,0.0
1907,adam,0.0004149083520685729,0.002348803189506664,0.0
1908,adam,0.0004143915657238271,0.0023556754036248395,0.0
1909,adam,0.0004138748455246559,0.0023448468899068832,0.0
1910,adam,0.00041335619154902624,0.0023552023165330175,0.0
1911,adam,0.00041284220198299366,0.0023444180529491945,0.0
1912,adam,0.00041232897041450494,0.0023632654680498856,0.0
1913,adam,0.00041181772687276166,0.00235429273255028,0.0
1914,adam,0.0004113068914488028,0.002387618035158078,0.0
1915,adam,0.0004107990247395782,0.002382623448518527,0.0
1916,adam,0.00041028971610710763,0.0024379641208867064,0.0
1917,adam,0.00040978203976254534,0.002448175726324594,0.0
1918,adam,0.0004092782561659657,0.0025544904190354114,0.0
1919,adam,0.0004087742671069878,0.0026158147176017508,0.0
1920,adam,0.00040827304436086845,0.0028243373261837524,0.0
1921,adam,0.00040777082094000213,0.0029936151603322824,0.0
1922,adam,0.00040727461284939586,0.0033989757092872507,0.0
1923,adam,0.0004067769605068029,0.003805242897454872,0.0
1924,adam,0.00040628297960393996,0.004552810938188868,0.0
1925,adam,0.0004057949269415067,0.005375977116529292,0.0
1926,adam,0.000405312361673836,0.006697101271600858,0.0
1927,adam,0.00040484093174543635,0.008238594654281759,0.0
1928,adam,0.0004043804867778949,0.010488813912701301,0.0
1929,adam,0.00040394442669362075,0.01324536385369223,0.0
1930,adam,0.00040355123543953575,0.017136052658834763,0.0
1931,adam,0.0004032260737598501,0.022073975109037563,0.0
1932,adam,0.0004030246223729369,0.02886257910551296,0.0
1933,adam,0.0004030312278516253,0.037673972189123384,0.0
1934,adam,0.00040341238661674596,0.04969004979750425,0.0
1935,adam,0.000404466397452581,0.06557651852939018,0.0
1936,adam,0.00040672259327892944,0.08720401280252346,0.0
1937,adam,0.000411173587582109,0.11618683863879001,0.0
1938,adam,0.0004196301084977681,0.15575098661919923,0.0
1939,adam,0.00043549124594848915,0.20932047484198124,0.0
1940,adam,0.0004650339169458634,0.2827331121960863,0.0
1941,adam,0.0005201723349859807,0.38281088025295473,0.0
1942,adam,0.000622806078337699,0.5203385801058096,0.0
1943,adam,0.000814500791864597,0.7078859061716352,0.0
1944,adam,0.001168363847228771,0.9642443277427258,0.0
1945,adam,0.0018164061328848837,1.307515071715472,0.0
1946,adam,0.0029492709603673064,1.7599993579225017,0.0
1947,adam,0.004822532112201518,2.31857432853918,0.0
1948,adam,0.007452179830327251,2.95000637811621,0.0
1949,adam,0.010329095906348219,3.5055793061822826,0.0
1950,adam,0.011523146348369267,3.744523090062944,0.0
1951,adam,0.00938479156405814,3.353451704343032,0.0
1952,adam,0.004445782845944146,2.2193197522416708,0.0
1953,adam,0.000961643625418831,0.6258147347115207,0.0
1954,adam,0.0016423508997443713,1.1521778440038069,0.0
1955,adam,0.004329061664888278,2.1983045699097294,0.0
1956,adam,0.004902333995385861,2.3314329485031173,0.0
1957,adam,0.002504904381561352,1.5171918070337536,0.0
1958,adam,0.0006428869761486166,0.2896662207333239,0.0
1959,adam,0.0015929712290274612,1.194672863493932,0.0
1960,adam,0.0030648855579396765,1.7794954692659382,0.0
1961,adam,0.002325238786438319,1.4515056754785156,0.0
1962,adam,0.0006793893154264817,0.45018122233560987,0.0
1963,adam,0.0008568247331541923,0.7366317536476046,0.0
1964,adam,0.0020260260975207825,1.3652733372177213,0.0
1965,adam,0.0017224816521485716,1.1982812756142933,0.0
1966,adam,0.0005666493326657537,0.3844816034003325,0.0
1967,adam,0.0006837074160701941,0.5706497941882336,0.0
1968,adam,0.00148106308636141,1.0955231386083688,0.0
1969,adam,0.0011902800491628372,0.9269367346874324,0.0
1970,adam,0.000450026580711801,0.23077955171235848,0.0
1971,adam,0.0006714858875771928,0.5365458113309974,0.0
1972,adam,0.0011421320288114909,0.8994116188481265,0.0
1973,adam,0.0008104322287725141,0.6830617434479154,0.0
1974,adam,0.0004114301689714054,0.09237151008250712,0.0
1975,adam,0.0006663141882647559,0.5211852297672759,0.0
1976,adam,0.0008759579226784987,0.730583795700245,0.0
1977,adam,0.0005894234688774044,0.4760217752471244,0.0
1978,adam,0.00042316515052984394,0.09804657333022167,0.0
1979,adam,0.0006260612512988072,0.48780943856540826,0.0
1980,adam,0.0006841301496294835,0.5778386486752174,0.0
1981,adam,0.0004858827677719303,0.3177267356323228,0.0
1982,adam,0.00043743234382864207,0.15347374929603952,0.0
1983,adam,0.0005658853807391873,0.43355909766267353,0.0
1984,adam,0.0005625765296831218,0.4460689464788628,0.0
1985,adam,0.00044211938852797893,0.20494047080170275,0.0
1986,adam,0.00043491560443749714,0.17653128124828604,0.0
1987,adam,0.0005104819695832171,0.37096905573114,0.0
1988,adam,0.0004941199928593602,0.3392465854088074,0.0
1989,adam,0.00041950705888999114,0.12953071381500497,0.0
1990,adam,0.0004235724598795565,0.17790337272700146,0.0
1991,adam,0.0004723295520754252,0.31064211289002364,0.0
1992,adam,0.00045422376806471975,0.2564404018377557,0.0
1993,adam,0.00040334844106630716,0.0784250937941728,0.0
1994,adam,0.00041277158996699,0.1660317435480746,0.0
1995,adam,0.0004469382362516071,0.25683208269108715,0.0
1996,adam,0.0004275843134305704,0.19304432940224772,0.0
1997,adam,0.00039223226327377334,0.042336034887676656,0.0
1998,adam,0.000405739174398798,0.1499049779010819,0.0
1999,adam,0.00042861878244330174,0.21064215075197443,0.0
2000,adam,0.00040879844638040815,0.14465566642627742,0.0
2001,adam,0.00038620473390739055,0.01891719075048834,0.0
2002,adam,0.00040074774600612804,0.13172472027308502,0.0
2003,adam,0.0004137379016685382,0.17194450035513945,0.0
2004,adam,0.00039609734912157343,0.10777499663524083,0.0
2005,adam,0.0003835030991032005,0.013018642420366698,0.0
2006,adam,0.0003959265376700984,0.11403701513782627,0.0
2007,adam,0.00040183728001983316,0.1390792918632939,0.0
2008,adam,0.00038837867437136706,0.08194257976460233,0.0
2009,adam,0.0003821763765924654,0.018454429716608028,0.0
2010,adam,0.00039090345921834863,0.09611850011859718,0.0
2011,adam,0.00039291252939293724,0.11258981577808187,0.0
2012,adam,0.0003838812225382751,0.06490586783539744,0.0
2013,adam,0.00038078436448495313,0.02071140438828777,0.0
2014,adam,0.00038600791159034824,0.0790923201737217,0.0
2015,adam,0.0003865844989592922,0.09157406504413462,0.0
2016,adam,0.0003810269282891222,0.05447410325693715,0.0
2017,adam,0.00037901692461942896,0.01907151846690098,0.0
2018,adam,0.0003817692601695054,0.06331407065302025,0.0
2019,adam,0.00038213002593795865,0.07536695544035653,0.0
2020,adam,0.00037879954192709915,0.04748093427778184,0.0
2021,adam,0.0003770235068270579,0.015294380571727,0.0
2022,adam,0.00037831486418481066,0.04968036927075341,0.0
2023,adam,0.000378800705054908,0.06228259847480997,0.0
2024,adam,0.0003767535518174395,0.042494313038356206,0.0
2025,adam,0.00037504690825315495,0.011259480117746155,0.0
2026,adam,0.00037554749082049276,0.03772569305682092,0.0
2027,adam,0.00037610064509096045,0.05168185337840518,0.0
2028,adam,0.00037477590591175456,0.0380419991208496,0.0
2029,adam,0.0003732024557269994,0.008940333327706086,0.0
2030,adam,0.00037326242092653887,0.02773224795845569,0.0
2031,adam,0.00037373700989239915,0.04227259747411128,0.0
2032,adam,0.0003728468035761444,0.03408006519146123,0.0
2033,adam,0.0003714959667325004,0.009239970427092263,0.0
2034,adam,0.0003712862149694769,0.01902283239522678,0.0
2035,adam,0.0003715863046106244,0.03406798739179025,0.0
2036,adam,0.0003709811184890005,0.029998311677490962,0.0
2037,adam,0.00036988718168413904,0.011233249227404343,0.0
2038,adam,0.0003695047538083223,0.011954362322691803,0.0
2039,adam,0.0003695954502981523,0.026248602127659965,0.0
2040,adam,0.0003691716746080454,0.02610558881713978,0.0
2041,adam,0.0003683281721803554,0.012897323501693984,0.0
2042,adam,0.0003678436530395405,0.006228007044814982,0.0
2043,adam,0.00036773847408196286,0.019302071650179196,0.0
2044,adam,0.00036741944674255973,0.021852429735747747,0.0
2045,adam,0.00036678622216932804,0.013932910590434694,0.0
2046,adam,0.0003662645992839514,0.0037263772801591232,0.0
2047,adam,0.0003660038643588361,0.012876752231900553,0.0
2048,adam,0.00036571831051312537,0.01763178707192713,0.0
2049,adam,0.0003652409546729343,0.013828936229553638,0.0
2050,adam,0.0003647327476509136,0.00531668250490316,0.0
2051,adam,0.0003643653520878567,0.007530509143020557,0.0
2052,adam,0.00036406818845948554,0.013092584442394702,0.0
2053,adam,0.00036368829424851843,0.012868706298180066,0.0
2054,adam,0.00036322574147604404,0.007198224680585043,0.0
2055,adam,0.0003628064618363745,0.0034615439061227602,0.0
2056,adam,0.0003624717740168797,0.008846432215790508,0.0
2057,adam,0.00036213840324737144,0.010823226507276625,0.0
2058,adam,0.00036172871201470714,0.00828593443365556,0.0
2059,adam,0.00036129658579374163,0.0029976646852048648,0.0
2060,adam,0.00036092868882159617,0.004809657283899641,0.0
2061,adam,0.0003606007991837767,0.008368985880795309,0.0
2062,adam,0.00036023396984575124,0.008059945056644851,0.0
2063,adam,0.0003598219584644178,0.004678339816598201,0.0
2064,adam,0.0003594324221147171,0.0021009153622525167,0.0
2065,adam,0.00035909071635068646,0.005440228539571725,0.0
2066,adam,0.0003587441845200545,0.0070462124834936276,0.0
2067,adam,0.0003583593246508979,0.0055237710291075595,0.0
2068,adam,0.00035796973211638225,0.002529622249261622,0.0
2069,adam,0.0003576105365230163,0.0029933997586115433,0.0
2070,adam,0.0003572672216833152,0.005159062648263912,0.0
2071,adam,0.0003569066147734795,0.005506086821650746,0.0
2072,adam,0.00035652970744362014,0.0037251001540701966,0.0
2073,adam,0.00035616287886575896,0.0019905865075525745,0.0
2074,adam,0.0003558126514535478,0.0032880643121781772,0.0
2075,adam,0.0003554616196971184,0.004454851817486404,0.0
2076,adam,0.00035510230500007217,0.004275186816137195,0.0
2077,adam,0.0003547372078882723,0.0027434347634685947,0.0
2078,adam,0.000354381840019777,0.0019833889324726,0.0
2079,adam,0.0003540333537021402,0.0031374812169769916,0.0
2080,adam,0.0003536849131642786,0.003769664764529249,0.0
2081,adam,0.00035333146112255477,0.0034257968153137575,0.0
2082,adam,0.0003529750648573343,0.0022186014177840475,0.0
2083,adam,0.00035262360451649317,0.0019328551446895278,0.0
2084,adam,0.0003522791890400604,0.0028558651717440335,0.0
2085,adam,0.00035193346736633006,0.003185904068976125,0.0
2086,adam,0.0003515859937598365,0.002808729648469163,0.0
2087,adam,0.0003512361233531371,0.001911150789788696,0.0
2088,adam,0.0003508908384096263,0.0019012787810223704,0.0
2089,adam,0.00035054868295607814,0.0026029670481864465,0.0
2090,adam,0.0003502075938246876,0.002734059408391012,0.0
2091,adam,0.00034986431709804327,0.002385873288986659,0.0
2092,adam,0.00034952052017537914,0.0017866728364218445,0.0
2093,adam,0.00034918072807938664,0.0018743844952986697,0.0
2094,adam,0.00034884261102058247,0.0023447994603650957,0.0
2095,adam,0.0003485053989523564,0.002358512194424306,0.0
2096,adam,0.0003481664605492809,0.002121716631370504,0.0
2097,adam,0.0003478291751396007,0.0017598471640302888,0.0
2098,adam,0.0003474935442023362,0.0018088662744912567,0.0
2099,adam,0.00034715997448939135,0.002098138164165404,0.0
2100,adam,0.0003468256767168117,0.002102739866129977,0.0
2101,adam,0.000346491839769027,0.001985421033041924,0.0
2102,adam,0.00034615898989378803,0.0017478558008226454,0.0
2103,adam,0.00034582869290349804,0.0017389063013616426,0.0
2104,adam,0.00034549873295546744,0.0019068375215720854,0.0
2105,adam,0.0003451698788889022,0.0019309144113865957,0.0
2106,adam,0.0003448413599230102,0.0019046146828561297,0.0
2107,adam,0.0003445117335178454,0.0017396648373829244,0.0
2108,adam,0.00034418485414397255,0.0016954020920245878,0.0
2109,adam,0.0003438582994666043,0.0017736711191909946,0.0
2110,adam,0.000343534323507395,0.0018103144202314065,0.0
2111,adam,0.000343209313979994,0.0018357983476001093,0.0
2112,adam,0.0003428855116160717,0.0017236412507535461,0.0
2113,adam,0.00034256265469279523,0.0016817949141064467,0.0
2114,adam,0.0003422405769342313,0.0017084002526631939,0.0
2115,adam,0.00034192102445764806,0.0017336868192474294,0.0
2116,adam,0.0003416010138426224,0.0017744566294050914,0.0
2117,adam,0.00034128075565683557,0.0017077422211592326,0.0
2118,adam,0.00034096094790264913,0.0016809729212313707,0.0
2119,adam,0.00034064262533245443,0.0016671186181045246,0.0
2120,adam,0.0003403277807569217,0.0016793453672135133,0.0
2121,adam,0.00034001112179192136,0.0017253000766896912,0.0
2122,adam,0.00033969481256087685,0.0016949378294473163,0.0
2123,adam,0.0003393804688545397,0.0016897961175177188,0.0
2124,adam,0.00033906625891504246,0.0016475642772373616,0.0
2125,adam,0.0003387532079093098,0.001644251385781255,0.0
2126,adam,0.00033844160556246506,0.0016721490691658813,0.0
2127,adam,0.0003381297850878931,0.0016631825831031888,0.0
2128,adam,0.0003378185654036585,0.0016743019757038738,0.0
2129,adam,0.00033751074307118034,0.0016359027611530655,0.0
2130,adam,0.0003372001939901169,0.001628864314147426,0.0
2131,adam,0.00033689158857832586,0.0016381491471611491,0.0
2132,adam,0.00033658449149032567,0.001634643900881345,0.0
2133,adam,0.0003362775854770201,0.0016534542183568178,0.0
2134,adam,0.00033597147783296315,0.0016260589547800316,0.0
2135,adam,0.000335666783600567,0.001623363618668649,0.0
2136,adam,0.00033536200073436306,0.0016113149367589666,0.0
2137,adam,0.0003350582970957892,0.0016089617537750791,0.0
2138,adam,0.0003347555463277544,0.001622692467719318,0.0
2139,adam,0.00033445315900942067,0.0016079947290560416,0.0
2140,adam,0.0003341509738084885,0.001612070260914468,0.0
2141,adam,0.0003338513608461336,0.0015965248277093895,0.0
2142,adam,0.00033355100224983245,0.0015934536238307276,0.0
2143,adam,0.0003332513710341982,0.001601631381472961,0.0
2144,adam,0.00033295243097188943,0.0015923667535611987,0.0
2145,adam,0.00033265492276111604,0.0016012775463414446,0.0
2146,adam,0.00033235741614160173,0.0015840863299060478,0.0
2147,adam,0.0003320614504803335,0.001582380482324723,0.0
2148,adam,0.0003317654997849812,0.0015787205668781772,0.0
2149,adam,0.0003314708731055004,0.0015740423351517214,0.0
2150,adam,0.00033117622974090927,0.0015823342707209488,0.0
2151,adam,0.0003308840303797288,0.0015709768207225186,0.0
2152,adam,0.00033059107183937156,0.0015766946235570602,0.0
2153,adam,0.00033029870446981823,0.0015629166881254413,0.0
2154,adam,0.00033000752765135593,0.0015615530704027737,0.0
2155,adam,0.000329718028985334,0.0015592691776521565,0.0
2156,adam,0.00032942735327964233,0.0015547773986248118,0.0
2157,adam,0.0003291373664353126,0.001564038750436029,0.0
2158,adam,0.0003288492946702315,0.0015512381878237172,0.0
2159,adam,0.000328561158618471,0.0015539496632020655,0.0
2160,adam,0.00032827425064573353,0.001542637139974334,0.0
2161,adam,0.00032798759436715794,0.0015401784514524188,0.0
2162,adam,0.0003277023587265878,0.0015422242638928035,0.0
2163,adam,0.00032741592731619124,0.0015348927028570613,0.0
2164,adam,0.0003271310504494784,0.0015390287883310478,0.0
2165,adam,0.0003268472591239225,0.0015292034139965003,0.0
2166,adam,0.00032656566154780895,0.0015288398438235871,0.0
2167,adam,0.00032628386590498483,0.0015244838184461673,0.0
2168,adam,0.000326002453091362,0.0015216954875528646,0.0
2169,adam,0.0003257212564600709,0.001520689694214952,0.0
2170,adam,0.00032544090259550623,0.001515797521584145,0.0
2171,adam,0.00032515961407837674,0.0015171923345019447,0.0
2172,adam,0.00032488163593833054,0.0015104862313342594,0.0
2173,adam,0.00032460239188434437,0.001511471652387144,0.0
2174,adam,0.0003243247784110711,0.0015047941746814777,0.0
2175,adam,0.00032404783129427777,0.0015046980363516537,0.0
2176,adam,0.0003237721314132346,0.001500708122880644,0.0
2177,adam,0.00032349689371228744,0.0014973623031892213,0.0
2178,adam,0.0003232217629639794,0.0014966041069249308,0.0
2179,adam,0.0003229474071204599,0.0014919057801042609,0.0
2180,adam,0.00032267399634209785,0.0014927998191534815,0.0
2181,adam,0.00032240031575127585,0.0014866230685900814,0.0
2182,adam,0.00032212850369838896,0.0014858154285864156,0.0
2183,adam,0.00032185534441261964,0.0014824285824457954,0.0
2184,adam,0.00032158446930584844,0.001479444332738615,0.0
2185,adam,0.00032131390033650597,0.0014774512007818448,0.0
2186,adam,0.0003210447108943162,0.0014742868594152536,0.0
2187,adam,0.0003207753910434776,0.0014723861288661638,0.0
2188,adam,0.00032050632489349657,0.0014695534606445676,0.0
2189,adam,0.0003202383663009995,0.0014663409315617216,0.0
2190,adam,0.000319971122875845,0.0014648749811158814,0.0
2191,adam,0.00031970309385867903,0.0014622410804675955,0.0
2192,adam,0.0003194385587394821,0.0014589835959278132,0.0
2193,adam,0.0003191722831322968,0.0014574201505756328,0.0
2194,adam,0.00031890637391633,0.0014532571481427458,0.0
2195,adam,0.00031864350929343085,0.0014524094047018326,0.0
2196,adam,0.0003183784553685129,0.001448507799595802,0.0
2197,adam,0.00031811598398926377,0.0014470042217233927,0.0
2198,adam,0.00031785423564843437,0.0014436969150424658,0.0
2199,adam,0.0003175911941632286,0.0014420873675193007,0.0
2200,adam,0.00031733095918687224,0.0014381611750085524,0.0
2201,adam,0.0003170690632215905,0.001437542925917859,0.0
2202,adam,0.00031680940288657743,0.0014332962533370201,0.0
2203,adam,0.00031654976304040653,0.0014326458211028077,0.0
2204,adam,0.00031629032788044284,0.001428193216688405,0.0
2205,adam,0.0003160314532624628,0.0014273429943291766,0.0
2206,adam,0.0003157745536272042,0.0014236811154732004,0.0
2207,adam,0.00031551738343166383,0.0014215905299998835,0.0
2208,adam,0.00031526092111614526,0.0014192708420149582,0.0
2209,adam,0.00031500383772271217,0.0014160361322009287,0.0
2210,adam,0.0003147492117630157,0.0014163732050329065,0.0
2211,adam,0.00031449491622183724,0.0014104111521239364,0.0
2212,adam,0.00031424084429216453,0.0014141448376258654,0.0
2213,adam,0.00031398595050687023,0.0014062092965459892,0.0
2214,adam,0.0003137325262484339,0.0014112712759294772,0.0
2215,adam,0.0003134802201703973,0.0014010286728470035,0.0
2216,adam,0.00031322863258877176,0.0014036794615759325,0.0
2217,adam,0.00031297768322081573,0.0013961572006179809,0.0
2218,adam,0.00031272611541513685,0.0013952571431965967,0.0
2219,adam,0.00031247538443319724,0.0013926311446856526,0.0
2220,adam,0.0003122262790190509,0.0013887891435926257,0.0
2221,adam,0.0003119769590427441,0.0013920551258627617,0.0
2222,adam,0.0003117275800915601,0.0013842072203482908,0.0
2223,adam,0.00031148065405207855,0.0013884403779727114,0.0
2224,adam,0.0003112329136879224,0.0013796129934308765,0.0
2225,adam,0.00031098486403867605,0.0013824001187871331,0.0
2226,adam,0.0003107386482518481,0.0013741614161282619,0.0
2227,adam,0.00031049359827850563,0.0013747924955762182,0.0
2228,adam,0.0003102486848774223,0.0013704781731775672,0.0
2229,adam,0.0003100028349989756,0.0013684211137118282,0.0
2230,adam,0.0003097596117433047,0.0013667980107895713,0.0
2231,adam,0.00030951518854737303,0.0013634072622361112,0.0
2232,adam,0.00030927268560773083,0.001362341803922416,0.0
2233,adam,0.00030903004867695896,0.0013584514287161991,0.0
2234,adam,0.00030878834480257066,0.0013564901136538343,0.0
2235,adam,0.00030854639411833577,0.0013559115004439018,0.0
2236,adam,0.00030830499054125776,0.0013508555290260666,0.0
2237,adam,0.00030806523947204094,0.001357398030568106,0.0
2238,adam,0.000307823812173238,0.001348249244465352,0.0
2239,adam,0.00030758514113056267,0.0013578039978558813,0.0
2240,adam,0.00030734644795535305,0.0013442224425436282,0.0
2241,adam,0.0003071078376733573,0.0013517085664633908,0.0
2242,adam,0.0003068697444461428,0.00133825610339955,0.0
2243,adam,0.0003066327498719073,0.0013436124809816407,0.0
2244,adam,0.000306396188927965,0.001332777010465815,0.0
2245,adam,0.00030615909878510485,0.0013361817547687205,0.0
2246,adam,0.00030592376619441617,0.0013281553126549108,0.0
2247,adam,0.00030568841550286327,0.001329925970924364,0.0
2248,adam,0.00030545399305998474,0.0013234192899647147,0.0
2249,adam,0.0003052193140271041,0.0013250242062703254,0.0
2250,adam,0.0003049861885617759,0.0013190024249889161,0.0
2251,adam,0.0003047519278124389,0.0013213526360823977,0.0
2252,adam,0.0003045199574919417,0.0013146961142338795,0.0
2253,adam,0.0003042874956606254,0.0013206972000423427,0.0
2254,adam,0.00030405600904462267,0.0013115206725871468,0.0
2255,adam,0.00030382515915813337,0.0013229662723475174,0.0
2256,adam,0.0003035940111836411,0.001312169554504035,0.0
2257,adam,0.0003033634766098227,0.0013350071379550016,0.0
2258,adam,0.00030313430701479156,0.0013214579017501596,0.0
2259,adam,0.00030290466732298826,0.0013621163098841828,0.0
2260,adam,0.0003026774128380885,0.0013503252257338976,0.0
2261,adam,0.00030244820349022324,0.0014150806387941356,0.0
2262,adam,0.000302220877866953,0.0014069667140644642,0.0
2263,adam,0.00030199360977777436,0.0015122328857382098,0.0
2264,adam,0.00030176678537330607,0.0015363610945855035,0.0
2265,adam,0.00030154053283003063,0.001721246132730915,0.0
2266,adam,0.00030131540756195264,0.0018061814313802054,0.0
2267,adam,0.0003010906646062753,0.002109441543126638,0.0
2268,adam,0.00030086686321715103,0.002313716354880016,0.0
2269,adam,0.0003006443687701976,0.0027991082787899354,0.0
2270,adam,0.0003004229612901892,0.0032247163196856754,0.0
2271,adam,0.0003002031057501028,0.004024847636646715,0.0
2272,adam,0.0002999879214080135,0.004825330113752722,0.0
2273,adam,0.0002997761026104778,0.006122523947411083,0.0
2274,adam,0.00029957208062413086,0.007579974726251392,0.0
2275,adam,0.00029938035786163705,0.009735886580864921,0.0
2276,adam,0.0002992081424267242,0.012292822191414803,0.0
2277,adam,0.0002990696017802866,0.01589264526429938,0.0
2278,adam,0.000298988479987162,0.02036347685578075,0.0
2279,adam,0.00029900817574233206,0.026513774474484945,0.0
2280,adam,0.0002991968578740416,0.034392851987198256,0.0
2281,adam,0.0002996870240185894,0.045106350019964415,0.0
2282,adam,0.000300705523641105,0.05910883465092635,0.0
2283,adam,0.00030266124532679324,0.07808283824364416,0.0
2284,adam,0.0003062990981596229,0.1032527810279719,0.0
2285,adam,0.0003129549441044056,0.1373804375297179,0.0
2286,adam,0.00032510438681277457,0.18314745941657495,0.0
2287,adam,0.00034724167262490345,0.24540440702774882,0.0
2288,adam,0.0003877706162088777,0.3295348526824442,0.0
2289,adam,0.0004619433514394069,0.4443004692785934,0.0
2290,adam,0.0005985008417628787,0.5997833448932586,0.0
2291,adam,0.000848006602559191,0.8113854411192071,0.0
2292,adam,0.0013035379949104776,1.0949211083884023,0.0
2293,adam,0.002108990921749249,1.4718586266062126,0.0
2294,adam,0.0034900195281812323,1.950105421582595,0.0
2295,adam,0.00560482220018494,2.524063239905864,0.0
2296,adam,0.008382543920553247,3.1078896312251,0.0
2297,adam,0.01062010463395727,3.5338770322752184,0.0
2298,adam,0.010498511411382597,3.502726153012934,0.0
2299,adam,0.0066883596703159725,2.783315823089167,0.0
2300,adam,0.0020190152846287163,1.4051418810015823,0.0
2301,adam,0.0005697439464502391,0.36957394401147997,0.0
2302,adam,0.002750797362793503,1.6699409747669818,0.0
2303,adam,0.0047547916422000965,2.2926661056767594,0.0
2304,adam,0.0036007286157320986,1.962079493218231,0.0
2305,adam,0.0011291879283467057,0.8811125350811868,0.0
2306,adam,0.000745963431957444,0.5841667687623635,0.0
2307,adam,0.0022345034312440354,1.495263205073241,0.0
2308,adam,0.0026542336914595595,1.6427913519274544,0.0
2309,adam,0.0013135634040147837,0.9971175213399822,0.0
2310,adam,0.0005237542568587183,0.28684720483154047,0.0
2311,adam,0.0012501248300045465,1.0325890980978791,0.0
2312,adam,0.0017649538340494845,1.284989266596181,0.0
2313,adam,0.001070878028512604,0.8474996668278698,0.0
2314,adam,0.0004593159463705956,0.22729533806875918,0.0
2315,adam,0.0008576163948203538,0.7918981387322002,0.0
2316,adam,0.0012354372339914536,1.0051622123828694,0.0
2317,adam,0.0007957349276414208,0.6512729035297941,0.0
2318,adam,0.00039904376315796355,0.18884939114641058,0.0
2319,adam,0.0006872259927842619,0.6586661204364621,0.0
2320,adam,0.0009157487069273435,0.7934664090314099,0.0
2321,adam,0.0005848954422286869,0.4661949669635772,0.0
2322,adam,0.0003538838358533737,0.1766060532981394,0.0
2323,adam,0.0005943841017229278,0.56753535500371,0.0
2324,adam,0.000707068816178584,0.6235311695672393,0.0
2325,adam,0.0004406541238785283,0.3130351627197051,0.0
2326,adam,0.0003373691678950496,0.18953362878973967,0.0
2327,adam,0.0005363311800966342,0.492435113609071,0.0
2328,adam,0.0005571445385386513,0.48260438078311596,0.0
2329,adam,0.0003545335725105318,0.18647302938366717,0.0
2330,adam,0.00033988807946861446,0.2058678124182855,0.0
2331,adam,0.0004849212819913152,0.4224868119118954,0.0
2332,adam,0.0004488340923632545,0.3630585255437213,0.0
2333,adam,0.00031291508751175997,0.09078916499643988,0.0
2334,adam,0.0003468810908197485,0.21489732863265404,0.0
2335,adam,0.0004353527140700128,0.35503217826138145,0.0
2336,adam,0.00037629867241573074,0.2648713865860508,0.0
2337,adam,0.000300164200072106,0.022066380586580135,0.0
2338,adam,0.0003481712734573149,0.21015544579358358,0.0
2339,adam,0.0003900202951281042,0.29095052308500485,0.0
2340,adam,0.0003341482577314324,0.18790727319557793,0.0
2341,adam,0.00030017830969084926,0.0263504856942278,0.0
2342,adam,0.00034141158830151207,0.1939511271777728,0.0
2343,adam,0.00035446922919141774,0.23354636586746838,0.0
2344,adam,0.0003132967230387448,0.13176767681275106,0.0
2345,adam,0.00030268972261580457,0.04997713130219881,0.0
2346,adam,0.0003304778434630607,0.1703751453422911,0.0
2347,adam,0.0003301645530949358,0.18497682664916312,0.0
2348,adam,0.00030434546432344344,0.09335180575515205,0.0
2349,adam,0.00030321481896394137,0.058159557169562046,0.0
2350,adam,0.0003191495725575614,0.14508044753105087,0.0
2351,adam,0.0003152834807359284,0.14575973329327827,0.0
2352,adam,0.00030059390465752406,0.06973008493164143,0.0
2353,adam,0.0003016320607684107,0.05758502978352335,0.0
2354,adam,0.00031001273411519677,0.12018986922281338,0.0
2355,adam,0.00030675063390248676,0.11603370059618245,0.0
2356,adam,0.00029852555625656756,0.05490493417395447,0.0
2357,adam,0.00029899406528704966,0.05069691873853437,0.0
2358,adam,0.0003034262303417236,0.09835771413514151,0.0
2359,adam,0.0003017191751418547,0.09370182413032922,0.0
2360,adam,0.0002967565495889171,0.0451329477006726,0.0
2361,adam,0.00029632185298104484,0.041816563262836254,0.0
2362,adam,0.000298986067702589,0.07962137760277573,0.0
2363,adam,0.00029846262702044207,0.07699598809265394,0.0
2364,adam,0.0002950730043969549,0.03784652510917666,0.0
2365,adam,0.0002940949750524336,0.031916514002933646,0.0
2366,adam,0.00029594478242488223,0.06431714607845317,0.0
2367,adam,0.00029604247305565817,0.06383974321527726,0.0
2368,adam,0.00029350556725052645,0.03239423987912989,0.0
2369,adam,0.00029237681320821106,0.023030996835463814,0.0
2370,adam,0.0002937612459081633,0.05137934777315563,0.0
2371,adam,0.0002940868557772722,0.05345924230689255,0.0
2372,adam,0.00029213939727517816,0.028187163018190336,0.0
2373,adam,0.0002910652461461155,0.014892955324672602,0.0
2374,adam,0.0002920656088593865,0.04065161475322503,0.0
2375,adam,0.0002924116947468812,0.04465631936346966,0.0
2376,adam,0.00029095014387603435,0.0252469471609681,0.0
2377,adam,0.0002900100817316689,0.008241872441514787,0.0
2378,adam,0.00029066285350980175,0.031317436351116196,0.0
2379,adam,0.00029095399244940883,0.03728761872606462,0.0
2380,adam,0.0002899018593014903,0.02291543623512338,0.0
2381,adam,0.0002891076033220338,0.002641746172889573,0.0
2382,adam,0.0002894537291913731,0.023499569815708922,0.0
2383,adam,0.000289661546015951,0.03052141291889472,0.0
2384,adam,0.0002889424167421597,0.021213314742015404,0.0
2385,adam,0.0002882853041065169,0.002322671909676526,0.0
2386,adam,0.0002883865043662071,0.01656475786804624,0.0
2387,adam,0.00028850399015820235,0.02464026105145112,0.0
2388,adam,0.0002880331293649384,0.019355641138146747,0.0
2389,adam,0.00028750311663527353,0.0056591334628733015,0.0
2390,adam,0.00028742943551421764,0.010881190086365162,0.0
2391,adam,0.00028745575089510574,0.019115328776170993,0.0
2392,adam,0.0002871522815881265,0.01746330770132868,0.0
2393,adam,0.0002867354681376196,0.00791645081348083,0.0
2394,adam,0.0002865514986564858,0.006269316939968945,0.0
2395,adam,0.00028649295000916894,0.01417450511510325,0.0
2396,adam,0.00028629063312613623,0.015025794132176779,0.0
2397,adam,0.0002859699843638378,0.009376276792022907,0.0
2398,adam,0.00028573262433838136,0.0037193580927843643,0.0
2399,adam,0.0002856031941373817,0.009549023874348899,0.0
2400,adam,0.0002854442289136202,0.012482931496728812,0.0
2401,adam,0.00028519899952418186,0.009657531482552745,0.0
2402,adam,0.00028495156467629317,0.004025043580994145,0.0
2403,adam,0.000284770128634406,0.005743601758843904,0.0
2404,adam,0.00028461741312085787,0.009484037983676929,0.0
2405,adam,0.0002844233210586276,0.009309134995241136,0.0
2406,adam,0.00028419032075752224,0.0052187758527596755,0.0
2407,adam,0.0002839798619470998,0.002747768792488949,0.0
2408,adam,0.00028381379128881556,0.006614438940881816,0.0
2409,adam,0.0002836452160207044,0.007990007067068268,0.0
2410,adam,0.00028343740914112044,0.006083019012226665,0.0
2411,adam,0.00028321976978954794,0.0021547291338775555,0.0
2412,adam,0.00028303663944576117,0.003695669654046915,0.0
2413,adam,0.000282872902272596,0.006337810079659338,0.0
2414,adam,0.0002826878446964002,0.0059749754694344275,0.0
2415,adam,0.00028247862292659135,0.0033331376281786817,0.0
2416,adam,0.00028228182883096654,0.0015509578170597245,0.0
2417,adam,0.000282112610288403,0.004187103825476209,0.0
2418,adam,0.0002819386163183678,0.005314313334219788,0.0
2419,adam,0.00028174322560446706,0.003969534113750278,0.0
2420,adam,0.00028154547615392577,0.00151193886016437,0.0
2421,adam,0.0002813667290431165,0.0023203788867446314,0.0
2422,adam,0.0002811949581852206,0.003952791530263617,0.0
2423,adam,0.0002810129474656256,0.004043419143327449,0.0
2424,adam,0.0002808209033313881,0.0024160506004706622,0.0
2425,adam,0.0002806360927360617,0.001137623617876965,0.0
2426,adam,0.00028046169003729984,0.002580086121123778,0.0
2427,adam,0.00028028651461789385,0.003316283668538215,0.0
2428,adam,0.0002801026003746561,0.002933001087714559,0.0
2429,adam,0.0002799196445984341,0.001573011768726007,0.0
2430,adam,0.0002797398975383539,0.0013657312143245082,0.0
2431,adam,0.000279565646329119,0.0023950253733337518,0.0
2432,adam,0.00027938942870987706,0.002622126718411422,0.0
2433,adam,0.0002792087474296045,0.0021802544525633457,0.0
2434,adam,0.00027902989585504566,0.0012841666363091876,0.0
2435,adam,0.0002788549694491449,0.0013828413307155887,0.0
2436,adam,0.00027867955000983113,0.0020520625575622562,0.0
2437,adam,0.00027850345471372846,0.0020855278592540895,0.0
2438,adam,0.0002783281703558828,0.0017365598716547626,0.0
2439,adam,0.0002781517370167193,0.0011658189029282765,0.0
2440,adam,0.00027797654707311184,0.0012861277210352575,0.0
2441,adam,0.00027780475962399943,0.0017529265262949095,0.0
2442,adam,0.000277631465103445,0.0017313767097283247,0.0
2443,adam,0.0002774575574544499,0.0014718123997734497,0.0
2444,adam,0.0002772841799036336,0.0010838290292574304,0.0
2445,adam,0.00027711129034185865,0.0011833840143180786,0.0
2446,adam,0.00027694020396730235,0.0015296641039930525,0.0
2447,adam,0.00027676874090179113,0.0014865923174923004,0.0
2448,adam,0.0002765975451899591,0.0013041376586130009,0.0
2449,adam,0.0002764261395593107,0.0010356050117185539,0.0
2450,adam,0.0002762555830749085,0.0011065854895517852,0.0
2451,adam,0.0002760856673708125,0.001354464762704484,0.0
2452,adam,0.00027591648506778403,0.0013125934563424431,0.0
2453,adam,0.00027574637838671963,0.001202704442052477,0.0
2454,adam,0.00027557731699356144,0.001020552720449561,0.0
2455,adam,0.00027540950452565433,0.001060684419913757,0.0
2456,adam,0.0002752413462098512,0.0012328861295109615,0.0
2457,adam,0.0002750725019081384,0.0012063758539634407,0.0
2458,adam,0.00027490529240042406,0.0011637875365272058,0.0
2459,adam,0.0002747387183804549,0.0010251797046721216,0.0
2460,adam,0.000274570828101019,0.001022614093387289,0.0
2461,adam,0.0002744059532970301,0.0011176039522267235,0.0
2462,adam,0.00027423924579497553,0.001113760314665245,0.0
2463,adam,0.00027407442576151547,0.0011242565175571921,0.0
2464,adam,0.00027390822346784526,0.0010263398417571631,0.0
2465,adam,0.0002737426396704888,0.0010077975512341978,0.0
2466,adam,0.00027357875828860374,0.0010520908159161015,0.0
2467,adam,0.0002734147674363617,0.0010561665182780018,0.0
2468,adam,0.0002732503513134273,0.0010875423229025007,0.0
2469,adam,0.0002730857455835081,0.001018878021352276,0.0
2470,adam,0.0002729235636282048,0.0010012833327873714,0.0
2471,adam,0.0002727605574281035,0.0010114050462570875,0.0
2472,adam,0.00027259822219933075,0.001015578213626343,0.0
2473,adam,0.0002724358583285338,0.001053133387512123,0.0
2474,adam,0.0002722743602013063,0.0010084502366205614,0.0
2475,adam,0.0002721119518201269,0.0009982900713731491,0.0
2476,adam,0.000271951034094162,0.000987739778988789,0.0
2477,adam,0.0002717896197439784,0.0009894695615592964,0.0
2478,adam,0.0002716292555131887,0.0010232965906763483,0.0
2479,adam,0.00027146856478348015,0.000996203623140899,0.0
2480,adam,0.0002713091181260688,0.0009972654456351555,0.0
2481,adam,0.0002711493609369252,0.0009751332737227521,0.0
2482,adam,0.00027098961249290553,0.0009751536806113446,0.0
2483,adam,0.00027083133042757486,0.000989390815853106,0.0
2484,adam,0.00027067219308646756,0.0009764932041005488,0.0
2485,adam,0.00027051367786877316,0.0009853926290247547,0.0
2486,adam,0.0002703554903390626,0.0009680606596664757,0.0
2487,adam,0.00027019753379806154,0.0009680866416836408,0.0
2488,adam,0.00027003946145323686,0.0009719458563543696,0.0
2489,adam,0.00026988235356800814,0.0009660930146491624,0.0
2490,adam,0.00026972536330801395,0.0009776081447860274,0.0
2491,adam,0.00026956792069800575,0.0009613180747266113,0.0
2492,adam,0.00026941268193150434,0.0009638919733260231,0.0
2493,adam,0.0002692572285470277,0.0009597070090581559,0.0
2494,adam,0.0002691015068039624,0.0009563200409900721,0.0
2495,adam,0.00026894560231466395,0.0009666191996498577,0.0
2496,adam,0.0002687899727811476,0.0009546505860620499,0.0
2497,adam,0.00026863509077889106,0.0009597852656577708,0.0
2498,adam,0.00026848148516570773,0.0009506042640561314,0.0
2499,adam,0.00026832674359558674,0.0009487587690380135,0.0
2500,adam,0.0002681730646281163,0.0009547302803275072,0.0
2501,adam,0.00026801905951731895,0.0009470536374913616,0.0
2502,adam,0.00026786566846414,0.0009571635581064093,0.0
2503,adam,0.00026771249938922515,0.0009436066719051316,0.0
2504,adam,0.0002675600407024357,0.0009482104676131984,0.0
2505,adam,0.00026740673573215845,0.0009401556181117657,0.0
2506,adam,0.0002672554224617897,0.0009393119599960606,0.0
2507,adam,0.00026710251702311645,0.0009414949679134091,0.0
2508,adam,0.0002669513972469055,0.0009360959358138713,0.0
2509,adam,0.0002667994276844078,0.0009451498843935863,0.0
2510,adam,0.00026664748915778314,0.0009337408857125095,0.0
2511,adam,0.0002664976999619473,0.0009388015387207138,0.0
2512,adam,0.0002663467358470133,0.0009304392933460144,0.0
2513,adam,0.00026619696961006304,0.0009306513724267513,0.0
2514,adam,0.0002660465477530851,0.0009298497852777219,0.0
2515,adam,0.0002658963051833712,0.0009260829491634036,0.0
2516,adam,0.0002657469408362792,0.0009290927102517651,0.0
2517,adam,0.0002655973453708722,0.0009236008880479379,0.0
2518,adam,0.0002654488068386204,0.0009241291986788927,0.0
2519,adam,0.000265299641349422,0.0009227895720731082,0.0
2520,adam,0.0002651521472880655,0.0009193594752924987,0.0
2521,adam,0.00026500306795023147,0.0009229308583999533,0.0
2522,adam,0.00026485633275573643,0.0009169251308562187,0.0
2523,adam,0.0002647076944745,0.0009199428877275701,0.0
2524,adam,0.00026456043234011033,0.0009143827389356534,0.0
2525,adam,0.0002644130419726823,0.0009137222402945259,0.0
2526,adam,0.00026426657991598116,0.0009137033073455115,0.0
2527,adam,0.0002641197112577086,0.0009102583183747844,0.0
2528,adam,0.0002639730747418572,0.0009123382880646444,0.0
2529,adam,0.00026382647149285907,0.0009073402901552186,0.0
2530,adam,0.00026368061995545093,0.0009092319513000932,0.0
2531,adam,0.00026353554509993184,0.0009053774028523094,0.0
2532,adam,0.00026338977967822205,0.0009050861701624819,0.0
2533,adam,0.0002632440419130957,0.0009039608997913265,0.0
2534,adam,0.0002630993271967229,0.0009008029224655634,0.0
2535,adam,0.0002629554158220924,0.0009047171932006324,0.0
2536,adam,0.00026281066289047774,0.000897939682609784,0.0
2537,adam,0.00026266652177898747,0.0009021369393120248,0.0
2538,adam,0.0002625220091276085,0.0008956550118406032,0.0
2539,adam,0.0002623793285335749,0.0008975004519033647,0.0
2540,adam,0.00026223535356719027,0.0008937497555717837,0.0
2541,adam,0.00026209219903617134,0.0008930812856227829,0.0
2542,adam,0.00026194937473178085,0.0008932726120274194,0.0
2543,adam,0.0002618059940673411,0.0008891557355132341,0.0
2544,adam,0.0002616637207707533,0.00089211861004917,0.0
2545,adam,0.0002615215418555321,0.0008866927510528904,0.0
2546,adam,0.00026137916100325365,0.0008887000774969691,0.0
2547,adam,0.00026123762482189116,0.0008846825949325337,0.0
2548,adam,0.00026109607193011404,0.0008853656485002103,0.0
2549,adam,0.0002609551146068214,0.0008823040054354614,0.0
2550,adam,0.0002608136883995967,0.0008829788064214727,0.0
2551,adam,0.00026067336869324786,0.0008790807261283437,0.0
2552,adam,0.0002605318471663958,0.0008806861509528581,0.0
2553,adam,0.00026039158267411003,0.0008770948317020813,0.0
2554,adam,0.000260252087959868,0.0008788372536689286,0.0
2555,adam,0.00026011131016176193,0.0008748716613333697,0.0
2556,adam,0.0002599719592780773,0.0008758629476983942,0.0
2557,adam,0.0002598329297554483,0.0008728353826628271,0.0
2558,adam,0.0002596932259421109,0.0008713310654358766,0.0
2559,adam,0.0002595542057456078,0.0008721965427982084,0.0
2560,adam,0.0002594155015373115,0.0008680982464265577,0.0
2561,adam,0.0002592760795958426,0.0008727243508449619,0.0
2562,adam,0.00025913822519645373,0.0008656116718333757,0.0
2563,adam,0.00025900042378565333,0.0008706369468005556,0.0
2564,adam,0.00025886217947445424,0.0008633991913259936,0.0
2565,adam,0.00025872490876786163,0.0008678562886983382,0.0
2566,adam,0.0002585865131901579,0.0008608211242028574,0.0
2567,adam,0.00025844964091454627,0.0008650321594032087,0.0
2568,adam,0.00025831314224633573,0.0008590376473466149,0.0
2569,adam,0.0002581759307330465,0.0008603393765010582,0.0
2570,adam,0.0002580398888554933,0.000856938198862455,0.0
2571,adam,0.0002579023502554713,0.0008561159443688113,0.0
2572,adam,0.00025776642931855573,0.0008569206360182414,0.0
2573,adam,0.00025763053915896835,0.0008527566452140927,0.0
2574,adam,0.00025749466628208656,0.0008546814228902121,0.0
2575,adam,0.0002573593815793301,0.0008505312598661857,0.0
2576,adam,0.0002572240716417532,0.0008530407147197619,0.0
2577,adam,0.0002570881750864894,0.0008477791323146447,0.0
2578,adam,0.00025695384996549445,0.0008508596560319283,0.0
2579,adam,0.00025681917069813004,0.0008463880048262624,0.0
2580,adam,0.00025668368674563996,0.0008470632033378095,0.0
2581,adam,0.0002565502688276254,0.0008440269350309361,0.0
2582,adam,0.0002564157305425352,0.0008433617184429194,0.0
2583,adam,0.00025628264077778493,0.0008433601807208252,0.0
2584,adam,0.00025614828581669474,0.0008406140475309052,0.0
2585,adam,0.00025601575721507526,0.0008405249604089073,0.0
2586,adam,0.0002558813653082973,0.0008390790470452667,0.0
2587,adam,0.00025574848068993667,0.0008387842679565651,0.0
2588,adam,0.0002556154565064359,0.0008366485487245045,0.0
2589,adam,0.00025548284171713427,0.0008368507186840451,0.0
2590,adam,0.0002553503469329068,0.0008344396766829537,0.0
2591,adam,0.00025521854962384024,0.0008350231458808067,0.0
2592,adam,0.00025508606440024085,0.0008322638256103753,0.0
2593,adam,0.00025495386658997706,0.0008311251663122842,0.0
2594,adam,0.0002548224601923328,0.0008308868546886238,0.0
2595,adam,0.0002546907390495887,0.0008289548102508725,0.0
2596,adam,0.0002545596477470625,0.0008275898500265418,0.0
2597,adam,0.00025442871940595723,0.0008273389985001368,0.0
2598,adam,0.00025429764022334456,0.0008261524685382608,0.0
2599,adam,0.0002541667905862076,0.0008247513961107514,0.0
2600,adam,0.00025403546832362804,0.0008236417721986607,0.0
2601,adam,0.0002539064921609369,0.0008227906890576147,0.0
2602,adam,0.0002537759689934913,0.0008215318130122648,0.0
2603,adam,0.0002536455305679592,0.0008203524136242681,0.0
2604,adam,0.0002535157975827422,0.000820310081192585,0.0
2605,adam,0.000253386241823066,0.0008177391342031815,0.0
2606,adam,0.00025325652156497875,0.0008198989462069513,0.0
2607,adam,0.0002531271646331715,0.0008143415385048783,0.0
2608,adam,0.0002529987325431337,0.0008203398512071165,0.0
2609,adam,0.00025286985761162264,0.0008127105773457224,0.0
2610,adam,0.0002527411056289446,0.0008218687531643197,0.0
2611,adam,0.00025261288405171393,0.0008128865804035674,0.0
2612,adam,0.000252484129294361,0.0008289889687027628,0.0
2613,adam,0.0002523559791327301,0.000816834665118138,0.0
2614,adam,0.00025222831770443477,0.0008420370736048922,0.0
2615,adam,0.00025210034405507057,0.0008266397979971887,0.0
2616,adam,0.0002519736543697222,0.0008626243145437617,0.0
2617,adam,0.00025184492584081806,0.0008428612890846664,0.0
2618,adam,0.0002517186914932887,0.0008910598851883904,0.0
2619,adam,0.00025159146577437497,0.0008690018216409327,0.0
2620,adam,0.0002514644407498373,0.0009331908040179028,0.0
2621,adam,0.00025133832966861287,0.0009131506174244126,0.0
2622,adam,0.0002512116142390688,0.0009999064879835607,0.0
2623,adam,0.0002510856795796245,0.0009925925135503089,0.0
2624,adam,0.00025095929921850764,0.0011212388198829472,0.0
2625,adam,0.0002508341103279264,0.0011481736763248418,0.0
2626,adam,0.0002507080343482715,0.0013428746819758755,0.0
2627,adam,0.0002505832518752433,0.0014294158305984358,0.0
2628,adam,0.0002504584259752585,0.001726758783417933,0.0
2629,adam,0.0002503337553101197,0.0019208029937568434,0.0
2630,adam,0.00025021013904561937,0.002360118149506662,0.0
2631,adam,0.00025008696418460087,0.002719738084340164,0.0
2632,adam,0.00024996572642098684,0.0033801752282916807,0.0
2633,adam,0.00024984555486740707,0.004010053285042208,0.0
2634,adam,0.00024972763788116227,0.005019529099986415,0.0
2635,adam,0.0002496155289646208,0.006098585239530805,0.0
2636,adam,0.0002495091405739114,0.007685210125842331,0.0
2637,adam,0.00024941313793537024,0.009497753969390541,0.0
2638,adam,0.00024933523027145387,0.012033803463699325,0.0
2639,adam,0.00024928482200282324,0.015089695509683749,0.0
2640,adam,0.0002492814665834202,0.019253264367125014,0.0
2641,adam,0.00024935590383848587,0.024431735582487752,0.0
2642,adam,0.0002495612965360459,0.03137748790646819,0.0
2643,adam,0.00024998941179587035,0.04022536786966933,0.0
2644,adam,0.000250794928069365,0.05202951388607767,0.0
2645,adam,0.00025225159863088834,0.06732277007888228,0.0
2646,adam,0.00025483211480122015,0.08770928948025168,0.0
2647,adam,0.0002593780967059892,0.11446184888118412,0.0
2648,adam,0.0002673610097704957,0.15021526015062336,0.0
2649,adam,0.00028143918659836293,0.19759069766144566,0.0
2650,adam,0.0003062965757258042,0.2611307374268153,0.0
2651,adam,0.0003504906559421055,0.3458626249379984,0.0
2652,adam,0.00042898781901628885,0.45977229774283124,0.0
2653,adam,0.0005693663323545506,0.6118402964555043,0.0
2654,adam,0.0008179368422270008,0.8155025010259696,0.0
2655,adam,0.001258007153169797,1.0838225179980705,0.0
2656,adam,0.0020094917685684168,1.433848753444296,0.0
2657,adam,0.0032553987312403084,1.868923149543776,0.0
2658,adam,0.005090034885229881,2.378798803456437,0.0
2659,adam,0.007418263591478041,2.883885169221119,0.0
2660,adam,0.009203848609683395,3.237622691028237,0.0
2661,adam,0.009027857328269814,3.1900032716829587,0.0
2662,adam,0.005828353873566702,2.551377839871126,0.0
2663,adam,0.0018460030854736424,1.3414325617283385,0.0
2664,adam,0.000392019303213046,0.2337098796637499,0.0
2665,adam,0.002072455095423266,1.4078759231630804,0.0
2666,adam,0.003968138353501872,2.050153574102939,0.0
2667,adam,0.0033465102743588703,1.8768962380842171,0.0
2668,adam,0.0012241815379018576,1.0054414777268563,0.0
2669,adam,0.0004950904787685386,0.3277499226493484,0.0
2670,adam,0.0016159509257837646,1.1979050136269023,0.0
2671,adam,0.0022974214766182553,1.5106611404780934,0.0
2672,adam,0.001397412899354441,1.1113257977440107,0.0
2673,adam,0.0005008399151191332,0.33166080229822775,0.0
2674,adam,0.0008410322928972364,0.7125013107279217,0.0
2675,adam,0.0014035974121818589,1.120364821040027,0.0
2676,adam,0.0010837837585280265,0.9448598908339754,0.0
2677,adam,0.0005178197690697459,0.3829852750485491,0.0
2678,adam,0.0006078872516334832,0.4894807407599537,0.0
2679,adam,0.0009160643673070879,0.8341624583554894,0.0
2680,adam,0.0007701700160484488,0.7406012826487535,0.0
2681,adam,0.0004800512642703091,0.3405230533138117,0.0
2682,adam,0.0005095090438479379,0.3826709441614463,0.0
2683,adam,0.0006377228573469356,0.6295927582081136,0.0
2684,adam,0.0005621910468827655,0.5622087216714667,0.0
2685,adam,0.0004375852151552597,0.2884443018927094,0.0
2686,adam,0.0004429561210446632,0.3140161963522641,0.0
2687,adam,0.00047253228018827027,0.4738150435365389,0.0
2688,adam,0.0004394993221927046,0.4216380471354825,0.0
2689,adam,0.00040240638045213487,0.24209195565242525,0.0
2690,adam,0.00038581013800718846,0.2551938941076092,0.0
2691,adam,0.0003721798767747504,0.3517180676632302,0.0
2692,adam,0.0003727856953475128,0.31642807778205173,0.0
2693,adam,0.0003713406592743782,0.20706257661595145,0.0
2694,adam,0.00033798221104058195,0.20031825164014835,0.0
2695,adam,0.0003143337746077679,0.25531581549175864,0.0
2696,adam,0.00033651644967334405,0.2425148291508041,0.0
2697,adam,0.00034334539413728314,0.17659624672457466,0.0
2698,adam,0.0003014466842417542,0.14924900728906693,0.0
2699,adam,0.00028366865181899726,0.18214923306764447,0.0
2700,adam,0.0003148362077850099,0.19110995531544625,0.0
2701,adam,0.00031769652473052034,0.14974178585482423,0.0
2702,adam,0.00027703995551129197,0.10376625138680166,0.0
2703,adam,0.00026879450081421,0.1289313069986239,0.0
2704,adam,0.00029910449726054244,0.15484275119698165,0.0
2705,adam,0.00029665231885844096,0.12461367760187939,0.0
2706,adam,0.0002628246402571403,0.0665808334631647,0.0
2707,adam,0.00026192066271269355,0.09210884092072257,0.0
2708,adam,0.00028648393193563167,0.12682434025000988,0.0
2709,adam,0.0002805463975557718,0.10285540433526093,0.0
2710,adam,0.00025537983469956275,0.03862731889854921,0.0
2711,adam,0.00025826608702547124,0.06666737599292781,0.0
2712,adam,0.00027594603868732125,0.10438387250890616,0.0
2713,adam,0.0002692614177995451,0.08439734722898322,0.0
2714,adam,0.00025196887764818447,0.021870215064675548,0.0
2715,adam,0.0002558582400949943,0.04999616266166589,0.0
2716,adam,0.00026755019408968744,0.08476691949154179,0.0
2717,adam,0.00026169551376128714,0.0701233706636985,0.0
2718,adam,0.0002505055905817259,0.0193543891236216,0.0
2719,adam,0.0002538309949597084,0.03849711799811178,0.0
2720,adam,0.0002610241446883741,0.06798484986322355,0.0
2721,adam,0.00025672003124724654,0.05859879583786791,0.0
2722,adam,0.00024983615288676,0.02439651328270924,0.0
2723,adam,0.0002520996065253539,0.031150561531214496,0.0
2724,adam,0.0002562308152067721,0.053134463424710995,0.0
2725,adam,0.00025340034831288795,0.04934196197170666,0.0
2726,adam,0.0002493671187888528,0.028546974354649382,0.0
2727,adam,0.0002506439062531313,0.02692238557424249,0.0
2728,adam,0.00025278834346821296,0.04063833556095955,0.0
2729,adam,0.00025108877654449625,0.04090511861950121,0.0
2730,adam,0.0002488798202881851,0.03060179065431061,0.0
2731,adam,0.00024947329939602273,0.025159344240108704,0.0
2732,adam,0.00025039324189462685,0.03016103464037208,0.0
2733,adam,0.000249399893835157,0.03308771160877384,0.0
2734,adam,0.0002483018648383462,0.030281711336093725,0.0
2735,adam,0.0002485190173559203,0.024752242297188618,0.0
2736,adam,0.0002487244045522446,0.022237337706827436,0.0
2737,adam,0.0002481016822910414,0.02540294761676439,0.0
2738,adam,0.00024763744249533826,0.028136237007310994,0.0
2739,adam,0.00024771338704306567,0.024422007997878012,0.0
2740,adam,0.0002475562621434506,0.01727409686556478,0.0
2741,adam,0.00024707937317719106,0.018210206146667504,0.0
2742,adam,0.00024692500992322343,0.02432151003508208,0.0
2743,adam,0.0002469861927949111,0.02375663649578176,0.0
2744,adam,0.00024669636999283273,0.015236924939018766,0.0
2745,adam,0.00024625859766472924,0.011577493389762012,0.0
2746,adam,0.0002462061520797711,0.019595480489658708,0.0
2747,adam,0.0002462930183170772,0.021912899636710167,0.0
2748,adam,0.0002460134039246139,0.015116017956149943,0.0
2749,adam,0.00024559389703520513,0.006654487717393959,0.0
2750,adam,0.00024552334937458383,0.014161332206569515,0.0
2751,adam,0.00024561877754446064,0.019151733575172032,0.0
2752,adam,0.0002454130290210798,0.015159234311027357,0.0
2753,adam,0.00024503068836189703,0.005299343994306931,0.0
2754,adam,0.000244899316926471,0.008759599204123707,0.0
2755,adam,0.0002449630443027782,0.015366467809157078,0.0
2756,adam,0.00024484038772946916,0.014598116054663268,0.0
2757,adam,0.00024452368115104135,0.006899706407585938,0.0
2758,adam,0.0002443388203163929,0.0036518162921018622,0.0
2759,adam,0.0002443426801420731,0.011215620019452359,0.0
2760,adam,0.0002442718036638369,0.012834234579335814,0.0
2761,adam,0.00024403529784560064,0.008446090418062402,0.0
2762,adam,0.0002438298928439028,0.0009475935247240124,0.0
2763,adam,0.00024376718048580034,0.006882599573955083,0.0
2764,adam,0.00024370939051165542,0.010334109410415982,0.0
2765,adam,0.00024354130448070823,0.008615284069783872,0.0
2766,adam,0.00024334916565204947,0.0035829556127682832,0.0
2767,adam,0.000243238255902628,0.0034011969993274793,0.0
2768,adam,0.00024316391330186717,0.007194397180706667,0.0
2769,adam,0.00024303727281110233,0.007725639894597182,0.0
2770,adam,0.00024287464584085976,0.004952213098889047,0.0
2771,adam,0.00024274251750256508,0.0020938678807280796,0.0
2772,adam,0.00024264401139306176,0.00435644196922587,0.0
2773,adam,0.00024253226710762503,0.005820412579980032,0.0
2774,adam,0.00024239520110323228,0.00513262183798615,0.0
2775,adam,0.00024226391588960203,0.0029545716974623756,0.0
2776,adam,0.0002421500089870645,0.0024746693526175203,0.0
2777,adam,0.0002420376701334089,0.0038351853699480215,0.0
2778,adam,0.00024191403041254548,0.00413941389698177,0.0
2779,adam,0.00024179043210535272,0.003422328797531,0.0
2780,adam,0.0002416731642574797,0.002341684290337163,0.0
2781,adam,0.00024155614732614732,0.002274585867400184,0.0
2782,adam,0.0002414350053497704,0.002836193068625672,0.0
2783,adam,0.00024131664903787205,0.002886284626725451,0.0
2784,adam,0.00024120217853439106,0.0026006191940692977,0.0
2785,adam,0.00024108538095091265,0.0020050209259520374,0.0
2786,adam,0.00024096546118887487,0.001672825808002101,0.0
2787,adam,0.00024084701692973936,0.0019460515797917134,0.0
2788,adam,0.00024073377430051528,0.0021811814580373463,0.0
2789,adam,0.00024062164447656166,0.0021458631821516584,0.0
2790,adam,0.0002405038040396004,0.0015884443405311502,0.0
2791,adam,0.00024038422546662305,0.0010738197237983233,0.0
2792,adam,0.00024026940904536338,0.0014270410702089359,0.0
2793,adam,0.0002401578035640252,0.0017899582591885455,0.0
2794,adam,0.00024004553283019371,0.0017664562641133007,0.0
2795,adam,0.00023992808738007983,0.0011991322014463692,0.0
2796,adam,0.00023981180521763143,0.0007627085388977455,0.0
2797,adam,0.000239700021427497,0.0011808888253908882,0.0
2798,adam,0.00023958888944749512,0.001506670545219852,0.0
2799,adam,0.00023947557328233738,0.0014680219845682738,0.0
2800,adam,0.00023936098247643233,0.0010030329199648205,0.0
2801,adam,0.00023924719932598272,0.0007445822134100993,0.0
2802,adam,0.0002391364022770534,0.0010139436522454512,0.0
2803,adam,0.0002390248837185522,0.0012270345205571383,0.0
2804,adam,0.00023891243269114063,0.0012070666404080113,0.0
2805,adam,0.0002387993608458893,0.0009146151933817751,0.0
2806,adam,0.00023868743263145086,0.0008097928785464279,0.0
2807,adam,0.00023857702400651432,0.000911409640583322,0.0
2808,adam,0.00023846603166717217,0.0010176110527853155,0.0
2809,adam,0.00023835410998687703,0.0010433373749219148,0.0
2810,adam,0.00023824372913902494,0.0008936672418135303,0.0
2811,adam,0.00023813371360134223,0.000849852354947142,0.0
2812,adam,0.00023802271514315897,0.0008270359276377311,0.0
2813,adam,0.00023791261329062343,0.0008635904667709105,0.0
2814,adam,0.0002378033069652854,0.0009398536528546318,0.0
2815,adam,0.00023769334660096706,0.0008897766205506311,0.0
2816,adam,0.00023758348814481779,0.0008764448883767946,0.0
2817,adam,0.00023747460580290109,0.00077664401423837,0.0
2818,adam,0.00023736504157115544,0.0007644700554703435,0.0
2819,adam,0.00023725605280375432,0.0008375758492490124,0.0
2820,adam,0.00023714729109669484,0.0008373789854265009,0.0
2821,adam,0.00023703852290097598,0.0008538183941582776,0.0
2822,adam,0.00023692968350532258,0.0007486355302299438,0.0
2823,adam,0.00023682136060915873,0.0007214589389336584,0.0
2824,adam,0.00023671394475208849,0.0007861825701385859,0.0
2825,adam,0.00023660588436683587,0.0008062999793305129,0.0
2826,adam,0.0002364988131277792,0.0008411555797091673,0.0
2827,adam,0.0002363905799289429,0.0007433861005150683,0.0
2828,adam,0.00023628333888839838,0.0007074302855074859,0.0
2829,adam,0.00023617571865101671,0.000730941104607219,0.0
2830,adam,0.00023606927293234872,0.0007547074292592114,0.0
2831,adam,0.00023596233970507761,0.0008086979040163823,0.0
2832,adam,0.00023585536459140775,0.000743385024775372,0.0
2833,adam,0.0002357491392326234,0.000718122943992463,0.0
2834,adam,0.0002356426003308909,0.0006979388428268682,0.0
2835,adam,0.00023553660806102932,0.0007105948582594419,0.0
2836,adam,0.00023543061513979271,0.0007619855719418147,0.0
2837,adam,0.00023532470487783782,0.0007299217806968696,0.0
2838,adam,0.00023521847201337753,0.0007294255748414893,0.0
2839,adam,0.0002351125066114644,0.0006931550397339243,0.0
2840,adam,0.0002350074078205912,0.0006920365751772251,0.0
2841,adam,0.00023490242131708367,0.0007145854986693752,0.0
2842,adam,0.00023479757726813094,0.0007066896953317779,0.0
2843,adam,0.0002346921522334736,0.0007287598627657117,0.0
2844,adam,0.00023458690857885804,0.0006984524672744461,0.0
2845,adam,0.00023448247530748225,0.0006980204684111774,0.0
2846,adam,0.00023437840922074595,0.0006915030236053937,0.0
2847,adam,0.00023427426699799958,0.0006871023880887346,0.0
2848,adam,0.0002341700126240539,0.0007052369591014434,0.0
2849,adam,0.00023406588943177025,0.0006916945431536264,0.0
2850,adam,0.00023396232241092374,0.0007002263033810924,0.0
2851,adam,0.00023385835520629855,0.0006851053851434277,0.0
2852,adam,0.0002337549035388924,0.0006808540663545348,0.0
2853,adam,0.00023365059021584583,0.0006858566531547809,0.0
2854,adam,0.0002335479572548166,0.0006809245016906669,0.0
2855,adam,0.00023344468824457447,0.0006931985658097575,0.0
2856,adam,0.00023334160081459588,0.0006830116236498763,0.0
2857,adam,0.0002332381955834629,0.0006882819991887053,0.0
2858,adam,0.00023313542542148608,0.0006760770469369167,0.0
2859,adam,0.00023303276855602895,0.0006766561327355169,0.0
2860,adam,0.0002329303889874472,0.0006752449327769787,0.0
2861,adam,0.00023282777310680588,0.0006746652380393752,0.0
2862,adam,0.0002327257855068533,0.0006794550308405209,0.0
2863,adam,0.0002326236846502904,0.0006726916685894036,0.0
2864,adam,0.00023252166455158097,0.0006745916073854157,0.0
2865,adam,0.00023242059003483352,0.000669872503963402,0.0
2866,adam,0.00023231847102059326,0.0006699893777984604,0.0
2867,adam,0.00023221720625023903,0.0006709960587518869,0.0
2868,adam,0.00023211541271937294,0.0006682544311368067,0.0
2869,adam,0.00023201388625708087,0.0006726692364395674,0.0
2870,adam,0.00023191346881781268,0.000665934801301065,0.0
2871,adam,0.00023181215416375522,0.0006715766082609146,0.0
2872,adam,0.00023171120822574955,0.0006642140777093746,0.0
2873,adam,0.00023161052018007787,0.0006665869945475754,0.0
2874,adam,0.00023150989154349782,0.000663547295065766,0.0
2875,adam,0.00023140937984983357,0.0006626977952231213,0.0
2876,adam,0.00023130818962899244,0.0006660726414256186,0.0
2877,adam,0.00023120854710967427,0.0006611354244261949,0.0
2878,adam,0.00023110881656086035,0.0006674803876721686,0.0
2879,adam,0.0002310082882070633,0.0006594736573379668,0.0
2880,adam,0.0002309082087985857,0.0006635992326054474,0.0
2881,adam,0.00023080851885915623,0.0006580656043673295,0.0
2882,adam,0.00023070883843892033,0.0006598944345653968,0.0
2883,adam,0.0002306094750158528,0.0006571109707040259,0.0
2884,adam,0.0002305097189365053,0.0006603907694392753,0.0
2885,adam,0.00023041139591990152,0.0006550300322145878,0.0
2886,adam,0.00023031209848015292,0.000660308392154385,0.0
2887,adam,0.0002302129267603444,0.0006542319821365144,0.0
2888,adam,0.0002301140920571588,0.0006567141328938069,0.0
2889,adam,0.000230014987460387,0.00065275894257774,0.0
2890,adam,0.00022991621542590057,0.0006524540527417242,0.0
2891,adam,0.0002298182655863857,0.0006546703934212182,0.0
2892,adam,0.0002297196248769299,0.0006502927210147116,0.0
2893,adam,0.00022962137983786123,0.0006540917947888726,0.0
2894,adam,0.00022952333639359262,0.0006493442211532938,0.0
2895,adam,0.00022942466843514007,0.0006527575988053394,0.0
2896,adam,0.00022932712830846542,0.0006475169595629714,0.0
2897,adam,0.00022922874455637298,0.000651736473080825,0.0
2898,adam,0.00022913157142476066,0.0006464807894756663,0.0
2899,adam,0.00022903307016912926,0.0006498038831376049,0.0
2900,adam,0.00022893555540122102,0.0006452896891671854,0.0
2901,adam,0.00022883902563598197,0.0006465568186519666,0.0
2902,adam,0.00022874138834473107,0.0006454928978079832,0.0
2903,adam,0.00022864404878544556,0.0006433738216286582,0.0
2904,adam,0.0002285476208986863,0.000645037148725822,0.0
2905,adam,0.00022845042317508205,0.0006419631603399685,0.0
2906,adam,0.00022835325656185687,0.0006445294425375386,0.0
2907,adam,0.00022825697759200106,0.0006408148083033431,0.0
2908,adam,0.00022816010290478507,0.0006421075282558494,0.0
2909,adam,0.0002280637926060484,0.0006405324902080373,0.0
2910,adam,0.00022796683080047664,0.0006397123974062465,0.0
2911,adam,0.0002278704592670606,0.0006389390196901519,0.0
2912,adam,0.00022777464558003274,0.0006386144076704508,0.0
2913,adam,0.00022767904344919316,0.0006378083579760064,0.0
2914,adam,0.00022758324828153913,0.0006378485111300024,0.0
2915,adam,0.00022748754823028329,0.0006359504947000059,0.0
2916,adam,0.00022739080669193483,0.0006377308015156069,0.0
2917,adam,0.00022729549501419047,0.0006346224955735247,0.0
2918,adam,0.00022719987261506943,0.000633885989114136,0.0
2919,adam,0.00022710420399481236,0.0006377054898374727,0.0
2920,adam,0.00022700930795159315,0.0006330463886214547,0.0
2921,adam,0.0002269140564921433,0.0006395301848483595,0.0
2922,adam,0.0002268187544091577,0.0006317400075200601,0.0
2923,adam,0.00022672361906050055,0.0006384075623690132,0.0
2924,adam,0.00022662976993778044,0.0006301218523056923,0.0
2925,adam,0.00022653450897234403,0.0006320621691223887,0.0
2926,adam,0.00022643954033235443,0.0006294724103254323,0.0
2927,adam,0.0002263450309427937,0.0006285938668705657,0.0
2928,adam,0.00022625053503769028,0.0006316312726223542,0.0
2929,adam,0.00022615566049088165,0.0006269064781436475,0.0
2930,adam,0.00022606205597091957,0.0006318640549300648,0.0
2931,adam,0.00022596734359005993,0.0006259158679003422,0.0
2932,adam,0.00022587377334676512,0.0006286271439544344,0.0
2933,adam,0.00022577972142223977,0.0006247490040833862,0.0
2934,adam,0.00022568588122363965,0.0006253101683654474,0.0
2935,adam,0.00022559199859470855,0.0006250982808606697,0.0
2936,adam,0.00022549779001950463,0.0006231967949060526,0.0
2937,adam,0.0002254045876943617,0.0006248742758448899,0.0
2938,adam,0.00022531105137889312,0.0006216068440014886,0.0
2939,adam,0.0002252175940703008,0.0006238132513605833,0.0
2940,adam,0.00022512420308226796,0.0006209263785113066,0.0
2941,adam,0.00022503192119010092,0.000620813539612457,0.0
2942,adam,0.00022493798972657484,0.000620741550628332,0.0
2943,adam,0.00022484520418443641,0.000619806697087132,0.0
2944,adam,0.00022475158365281534,0.0006193642969984229,0.0
2945,adam,0.00022465974694349565,0.0006176786352869618,0.0
2946,adam,0.00022456618969965398,0.0006194231653744378,0.0
2947,adam,0.00022447368963268697,0.000616768687299588,0.0
2948,adam,0.00022438116892095478,0.0006176443568719193,0.0
2949,adam,0.0002242888458141351,0.0006159894415817656,0.0
2950,adam,0.00022419625000099874,0.0006154466757284659,0.0
2951,adam,0.0002241043106639902,0.0006161546305916727,0.0
2952,adam,0.00022401242936507414,0.0006140402473317418,0.0
2953,adam,0.00022391963097063972,0.0006138808912520957,0.0
2954,adam,0.00022382840130501108,0.00061471920811827,0.0
2955,adam,0.00022373624417258427,0.0006117949697984101,0.0
2956,adam,0.0002236446838344399,0.0006151286945874243,0.0
2957,adam,0.0002235526843637862,0.0006108017004157813,0.0
2958,adam,0.0002234612076299651,0.000616576457868629,0.0
2959,adam,0.00022337029168024633,0.0006099668012864389,0.0
2960,adam,0.00022327833753486539,0.000619226905108989,0.0
2961,adam,0.0002231870471153556,0.0006126794984858016,0.0
2962,adam,0.0002230954102220116,0.0006299721098546713,0.0
2963,adam,0.00022300469645028712,0.0006235137953972468,0.0
2964,adam,0.00022291397411455861,0.0006531043909703204,0.0
2965,adam,0.00022282263993756265,0.0006408927344456904,0.0
2966,adam,0.0002227319105259096,0.0006747776707996249,0.0
2967,adam,0.00022264104607872424,0.000659372958890758,0.0
2968,adam,0.00022255000279881098,0.0007032605099621496,0.0
2969,adam,0.0002224593602605914,0.000686944494672853,0.0
2970,adam,0.00022236950599715022,0.000743570645356433,0.0
2971,adam,0.0002222780437307054,0.0007290908269028448,0.0
2972,adam,0.00022218876431085658,0.0007969685179905961,0.0
2973,adam,0.0002220984157806198,0.0007887494004227914,0.0
2974,adam,0.00022200763820772758,0.0008866812149354362,0.0
2975,adam,0.00022191815324553655,0.0009010267897896648,0.0
2976,adam,0.00022182751344689502,0.0010331069850086885,0.0
2977,adam,0.0002217379153595749,0.0010789403121429673,0.0
2978,adam,0.00022164844179756385,0.0012686206903171067,0.0
2979,adam,0.00022155896358003869,0.0013777904028177876,0.0
2980,adam,0.0002214703968509885,0.0016432655570822994,0.0
2981,adam,0.00022138171479493268,0.0018355197861549956,0.0
2982,adam,0.0002212934421303812,0.002211362629957306,0.0
2983,adam,0.00022120605066860147,0.0025410992451113286,0.0
2984,adam,0.00022111860753650206,0.003100047042718719,0.0
2985,adam,0.00022103339678111256,0.003656148351534258,0.0
2986,adam,0.00022094950899566047,0.004502705501484366,0.0
2987,adam,0.00022086932405004345,0.0054220593456196925,0.0
2988,adam,0.0002207929748952448,0.006720797930733158,0.0
2989,adam,0.00022072482889589945,0.008208444245401146,0.0
2990,adam,0.00022066812408978254,0.010239067646198844,0.0
2991,adam,0.00022062936322997642,0.012668031015581414,0.0
2992,adam,0.00022062097459795452,0.01590862092099846,0.0
2993,adam,0.00022065991853759248,0.019901543758803944,0.0
2994,adam,0.00022077782559667337,0.025170730578584082,0.0
2995,adam,0.0002210253332399199,0.03180431994176327,0.0
2996,adam,0.00022148669501518927,0.04051982664003377,0.0
2997,adam,0.00022230718766581603,0.05166335531360649,0.0
2998,adam,0.00022373023539833253,0.06630634337165128,0.0
2999,adam,0.0002261765612272124,0.08526220250466425,0.0
3000,adam,0.0002303667267901389,0.11024103746837552,0.0
3001,adam,0.0002375627822451464,0.1428990173699313,0.0
3002,adam,0.00024993307022858524,0.18610400825150422,0.0
3003,adam,0.00027134516182583993,0.24300453474990955,0.0
3004,adam,0.0003084306147595161,0.3185489346229787,0.0
3005,adam,0.00037319108384514744,0.4184602099864543,0.0
3006,adam,0.0004858111910936606,0.5512154708916145,0.0
3007,adam,0.0006828894654087124,0.726262902340412,0.0
3008,adam,0.0010216533307387064,0.9565985363737632,0.0
3009,adam,0.0016011611225574796,1.253165206453336,0.0
3010,adam,0.0025382901365096737,1.6263902564068025,0.0
3011,adam,0.003982383154268009,2.0653233037191367,0.0
3012,adam,0.005841665519029723,2.531139655426639,0.0
3013,adam,0.007713251584694644,2.906930134639353,0.0
3014,adam,0.008235504929259512,3.01521647846508,0.0
3015,adam,0.0064807988588626055,2.6460795700836846,0.0
3016,adam,0.0029179638474231316,1.7385251533285706,0.0
3017,adam,0.00042280431650528963,0.4596655654636176,0.0
3018,adam,0.0008343290845378281,0.8157410128466054,0.0
3019,adam,0.0028435473088754414,1.7010016587535703,0.0
3020,adam,0.0036038796247355983,1.9273781124626583,0.0
3021,adam,0.002074892302430591,1.426182734184592,0.0
3022,adam,0.00039312588610599953,0.4226353238111429,0.0
3023,adam,0.0006149586603890098,0.6454755966666396,0.0
3024,adam,0.0018583027132806555,1.3331888966205325,0.0
3025,adam,0.001956493431662591,1.3678855928119662,0.0
3026,adam,0.0007927270342623023,0.7823021550120617,0.0
3027,adam,0.00024069776259920625,0.1090023122712311,0.0
3028,adam,0.0009055395256046591,0.8531789114386512,0.0
3029,adam,0.00136984490873099,1.1090712630256576,0.0
3030,adam,0.0008124426047752118,0.7909415695805772,0.0
3031,adam,0.0002396402162033069,0.1091713236051224,0.0
3032,adam,0.000522993163931358,0.5621336560729007,0.0
3033,adam,0.0009413212303052974,0.8716909817782774,0.0
3034,adam,0.0006812897117435465,0.6962563347465114,0.0
3035,adam,0.0002549181989555303,0.17089262758966578,0.0
3036,adam,0.00037089788680698475,0.3917038142958594,0.0
3037,adam,0.000671223434567521,0.687976474044933,0.0
3038,adam,0.0005504785849076114,0.5864750544244764,0.0
3039,adam,0.00025694278266447416,0.17899380260819084,0.0
3040,adam,0.00030313282179597194,0.28571870410343925,0.0
3041,adam,0.0005086072677124043,0.54685605746919,0.0
3042,adam,0.00044778830309993693,0.4852501023698907,0.0
3043,adam,0.0002519044362767998,0.1642411091739685,0.0
3044,adam,0.00026933247066212576,0.21402962190273894,0.0
3045,adam,0.0004059919936948429,0.43717792252856563,0.0
3046,adam,0.0003759428070511457,0.3987984377960856,0.0
3047,adam,0.0002457738070924111,0.1458932813197518,0.0
3048,adam,0.00025040324991151906,0.16252105486070223,0.0
3049,adam,0.00034121424598520405,0.3501733660027929,0.0
3050,adam,0.0003264742918844753,0.3278574180888015,0.0
3051,adam,0.0002404936206485471,0.12833185809712264,0.0
3052,adam,0.00023873651295801035,0.12168287266166193,0.0
3053,adam,0.00029865782732007055,0.27992538559983776,0.0
3054,adam,0.00029365975467161496,0.27086322796781254,0.0
3055,adam,0.0002368533965941447,0.11527506634741437,0.0
3056,adam,0.00023135516433493017,0.0872898651210167,0.0
3057,adam,0.0002707170787551446,0.2220433908852543,0.0
3058,adam,0.00027133104614300303,0.22436033463264848,0.0
3059,adam,0.00023429200614238354,0.10514325608979906,0.0
3060,adam,0.00022689855451960082,0.05806742050043718,0.0
3061,adam,0.00025219889436450143,0.17426915121459588,0.0
3062,adam,0.0002560279670793321,0.18578958354035213,0.0
3063,adam,0.00023229523068466292,0.09757895808699821,0.0
3064,adam,0.00022431734118839915,0.03407458555681011,0.0
3065,adam,0.00024007087972458454,0.1339486386293801,0.0
3066,adam,0.0002452454760953493,0.15377837044115786,0.0
3067,adam,0.00023060496296180814,0.09074358357691367,0.0
3068,adam,0.0002229193496128793,0.013916973597511656,0.0
3069,adam,0.00023211190748172362,0.10024863127863314,0.0
3070,adam,0.00023754124684128254,0.12642194376723584,0.0
3071,adam,0.0002290623860990692,0.08455958934728247,0.0
3072,adam,0.00022222714142243753,0.004160829914240155,0.0
3073,adam,0.00022694754785893099,0.07144417710470752,0.0
3074,adam,0.00023187637186507438,0.10247187605840047,0.0
3075,adam,0.0002275912325164211,0.07793761332868153,0.0
3076,adam,0.0002219784546388143,0.016682819190065364,0.0
3077,adam,0.00022371489733897225,0.04721116378693347,0.0
3078,adam,0.0002276758244111035,0.08085637603906648,0.0
3079,adam,0.00022609808485522437,0.07069446667800672,0.0
3080,adam,0.0002219093555549387,0.02631117178785968,0.0
3081,adam,0.00022181896830327427,0.026727928237620935,0.0
3082,adam,0.0002245850918403105,0.061320465429871684,0.0
3083,adam,0.000224590534202776,0.06223404085312262,0.0
3084,adam,0.00022182073294815826,0.032636763455911134,0.0
3085,adam,0.000220794968383348,0.010072947850990159,0.0
3086,adam,0.00022237799152530422,0.04354759872189313,0.0
3087,adam,0.0002231028360586839,0.052708528863810715,0.0
3088,adam,0.0002215735313956892,0.03553302409822219,0.0
3089,adam,0.00022028184327729932,0.0033514507157061217,0.0
3090,adam,0.000220880748458589,0.02772180225823504,0.0
3091,adam,0.00022173117090542831,0.04212347059404305,0.0
3092,adam,0.00022112757673613265,0.03541736739820204,0.0
3093,adam,0.00021999490970226954,0.012567403652181041,0.0
3094,adam,0.00021992040335323153,0.01387950799387985,0.0
3095,adam,0.00022054991899528453,0.031227818310633853,0.0
3096,adam,0.00022051482249254293,0.03235387260438854,0.0
3097,adam,0.00021974806982348803,0.018459473892270883,0.0
3098,adam,0.00021933307323744518,0.002702620581226022,0.0
3099,adam,0.00021961209628691358,0.02032101718121366,0.0
3100,adam,0.00021980958128264654,0.027113084976583657,0.0
3101,adam,0.00021942976641117456,0.02086703910590305,0.0
3102,adam,0.00021895129365442822,0.0059312173866052816,0.0
3103,adam,0.00021891840286036371,0.010330780106170098,0.0
3104,adam,0.0002191032947125729,0.020234492960934245,0.0
3105,adam,0.00021900232814180126,0.020260282119973324,0.0
3106,adam,0.00021863733911637763,0.011212927685065594,0.0
3107,adam,0.00021842336113304963,0.0019092951413914297,0.0
3108,adam,0.00021847441595724821,0.012803297653365792,0.0
3109,adam,0.00021849484435321548,0.01701654398268799,0.0
3110,adam,0.0002182952347114852,0.013549156205132617,0.0
3111,adam,0.00021804568432024098,0.00453385762826692,0.0
3112,adam,0.000217958647766676,0.005574800945394744,0.0
3113,adam,0.00021797265234956145,0.012255525047930042,0.0
3114,adam,0.00021789383175282304,0.012998848853066318,0.0
3115,adam,0.00021770198230776185,0.00827955462409267,0.0
3116,adam,0.00021754284829589058,0.0007914022876537441,0.0
3117,adam,0.0002174889598977766,0.006753137810253657,0.0
3118,adam,0.00021745225033106255,0.010461590946263808,0.0
3119,adam,0.00021733765069574854,0.009374354797195101,0.0
3120,adam,0.00021717904507232753,0.0046389970596431695,0.0
3121,adam,0.00021706713286689965,0.0017767157348574532,0.0
3122,adam,0.0002170111704360049,0.006557982117147006,0.0
3123,adam,0.0002169415255857703,0.008374392493004729,0.0
3124,adam,0.0002168225745499486,0.006543913495148036,0.0
3125,adam,0.0002166933077131884,0.0024150324657127515,0.0
3126,adam,0.00021660023157781135,0.002524692843643942,0.0
3127,adam,0.00021653221621262896,0.005737499628722601,0.0
3128,adam,0.00021644713051770942,0.00647809332839842,0.0
3129,adam,0.00021633454903150317,0.004551473933930247,0.0
3130,adam,0.00021622372578352785,0.0012354473277797276,0.0
3131,adam,0.00021613615820551183,0.002605824080385656,0.0
3132,adam,0.00021605948831030997,0.004757338373876225,0.0
3133,adam,0.00021596914943213192,0.0050034404021890395,0.0
3134,adam,0.0002158639609804213,0.0032506458699280544,0.0
3135,adam,0.00021576350620907466,0.000770326509528735,0.0
3136,adam,0.00021567624752041718,0.002329638247568074,0.0
3137,adam,0.00021559389761887724,0.003818472794249277,0.0
3138,adam,0.00021550280776918383,0.003854994647613873,0.0
3139,adam,0.00021540338993469632,0.002407383133507321,0.0
3140,adam,0.00021530800496720397,0.0006426079579606169,0.0
3141,adam,0.0002152207365177351,0.001935103515640914,0.0
3142,adam,0.0002151352416308766,0.0030032104232131335,0.0
3143,adam,0.00021504593718380745,0.0030169952406631367,0.0
3144,adam,0.0002149510156039515,0.0019116480984609722,0.0
3145,adam,0.00021485822627101474,0.0006361483406883014,0.0
3146,adam,0.0002147699744461818,0.001487178290775876,0.0
3147,adam,0.00021468415500807485,0.002295403370274484,0.0
3148,adam,0.00021459473619048653,0.002360923531487254,0.0
3149,adam,0.00021450321414447754,0.0015680315739315862,0.0
3150,adam,0.0002144127736490749,0.0006583958963949238,0.0
3151,adam,0.00021432497253872122,0.0011280247022226828,0.0
3152,adam,0.00021423809658157475,0.001764858455273072,0.0
3153,adam,0.00021414970802341812,0.001900423701471367,0.0
3154,adam,0.000214060205886827,0.0013706395364187119,0.0
3155,adam,0.00021397128288186163,0.0007097990869651927,0.0
3156,adam,0.0002138837587223765,0.0008324457403095434,0.0
3157,adam,0.00021379691856297374,0.0013333639197181332,0.0
3158,adam,0.0002137096286390757,0.0015470495676018152,0.0
3159,adam,0.00021362182309461993,0.0012234027997025723,0.0
3160,adam,0.00021353344612425268,0.0007556634862757375,0.0
3161,adam,0.00021344535743295006,0.0006589712849928421,0.0
3162,adam,0.00021335945885969413,0.0010188351236568034,0.0
3163,adam,0.00021327301814512675,0.0012752447805923287,0.0
3164,adam,0.00021318691031366082,0.0011186861828536984,0.0
3165,adam,0.00021309959297214585,0.0008162957430092639,0.0
3166,adam,0.00021301255366472062,0.0005823374444501212,0.0
3167,adam,0.00021292646352725735,0.0007702340535098805,0.0
3168,adam,0.00021284114440027385,0.0010322562325393294,0.0
3169,adam,0.0002127547443211544,0.0009986677284217211,0.0
3170,adam,0.00021266843823362382,0.0008391454658306066,0.0
3171,adam,0.00021258212264942052,0.0005956572150901622,0.0
3172,adam,0.00021249690664620725,0.0006223515515733839,0.0
3173,adam,0.00021241199212187,0.0008351166243457493,0.0
3174,adam,0.00021232688905514056,0.0008821159360775718,0.0
3175,adam,0.00021224122056405127,0.0008363131577618303,0.0
3176,adam,0.0002121552665206315,0.0006427725123314672,0.0
3177,adam,0.00021207033887824583,0.0005735413735294754,0.0
3178,adam,0.00021198556877299185,0.0006601262749949152,0.0
3179,adam,0.00021190136202484545,0.0007271756238733729,0.0
3180,adam,0.00021181686997354717,0.0007724746827411402,0.0
3181,adam,0.00021173202207339624,0.000669348287643122,0.0
3182,adam,0.00021164757668379303,0.0005985500710133842,0.0
3183,adam,0.00021156326080357641,0.0005795911557743354,0.0
3184,adam,0.00021147973523817252,0.0006221676817760113,0.0
3185,adam,0.00021139526495431447,0.0006944347483266069,0.0
3186,adam,0.00021131138309762998,0.0006619145021736319,0.0
3187,adam,0.0002112269126341237,0.0006354930350710043,0.0
3188,adam,0.00021114376437713552,0.0005723702241201457,0.0
3189,adam,0.00021105986685368916,0.0005676849280339969,0.0
3190,adam,0.00021097617430328904,0.0006064323052361791,0.0
3191,adam,0.00021089306582465977,0.0006138708660762012,0.0
3192,adam,0.00021081016937819926,0.0006309999017659321,0.0
3193,adam,0.00021072664080054964,0.0005877840307736643,0.0
3194,adam,0.00021064399190113945,0.0005738110465711251,0.0
3195,adam,0.00021056027347048236,0.000566164057766068,0.0
3196,adam,0.00021047753138330068,0.0005732133871853926,0.0
3197,adam,0.00021039518713245216,0.0006039567358616816,0.0
3198,adam,0.00021031259747433955,0.0005938286561086995,0.0
3199,adam,0.0002102300694371956,0.0006030615761313191,0.0
3200,adam,0.00021014770938353829,0.0005725499963882793,0.0
3201,adam,0.0002100655260785281,0.0005666311970670307,0.0
3202,adam,0.00020998267133300725,0.0005610353075810306,0.0
3203,adam,0.0002099007535847939,0.0005616388210762913,0.0
3204,adam,0.00020981915215143704,0.0005748948083639643,0.0
3205,adam,0.00020973712143861807,0.0005658849189434461,0.0
3206,adam,0.00020965513237625853,0.0005705049074552755,0.0
3207,adam,0.00020957349722909506,0.0005573271340164818,0.0
3208,adam,0.00020949203103269142,0.0005566829995366884,0.0
3209,adam,0.00020941122329294073,0.0005595869609679843,0.0
3210,adam,0.00020932920661224287,0.0005580672614613962,0.0
3211,adam,0.00020924766076140612,0.000568080899265764,0.0
3212,adam,0.00020916575081450682,0.0005572978143520898,0.0
3213,adam,0.00020908551894117242,0.0005594562294778855,0.0
3214,adam,0.00020900433341429576,0.0005550407947365707,0.0
3215,adam,0.00020892410930306967,0.0005566642687509612,0.0
3216,adam,0.0002088424899688047,0.0005649226143668912,0.0
3217,adam,0.00020876169398067386,0.0005601708049436496,0.0
3218,adam,0.00020868133511776164,0.0005639328573733186,0.0
3219,adam,0.0002086014000573009,0.0005546484241495872,0.0
3220,adam,0.0002085200445724802,0.0005529846946075364,0.0
3221,adam,0.00020843952948708164,0.0005504895371334652,0.0
3222,adam,0.00020835942681434206,0.0005490314756197718,0.0
3223,adam,0.00020827912927762503,0.0005531378587199091,0.0
3224,adam,0.00020819915641189803,0.0005504142387562863,0.0
3225,adam,0.00020811898137194007,0.0005534725928766661,0.0
3226,adam,0.00020803932556503175,0.0005509238921774443,0.0
3227,adam,0.00020795955700418295,0.0005506112810052536,0.0
3228,adam,0.00020787949965112658,0.0005500308333225439,0.0
3229,adam,0.00020780033001540734,0.0005472793240591571,0.0
3230,adam,0.000207720835986059,0.0005521354752314003,0.0
3231,adam,0.00020764136468652512,0.0005467025972371409,0.0
3232,adam,0.0002075618575120438,0.0005519863848680517,0.0
3233,adam,0.00020748225131233812,0.0005448286312231818,0.0
3234,adam,0.00020740296207082543,0.0005478368052983589,0.0
3235,adam,0.00020732390611737903,0.0005430218613053657,0.0
3236,adam,0.0002072449246355515,0.0005438980917135418,0.0
3237,adam,0.00020716575819296998,0.0005432925802812323,0.0
3238,adam,0.00020708690304671734,0.0005417462381026561,0.0
3239,adam,0.00020700849230081514,0.0005434953538332639,0.0
3240,adam,0.00020692970910349064,0.0005411720976632189,0.0
3241,adam,0.000206851200725227,0.0005420913722218481,0.0
3242,adam,0.0002067728932860099,0.0005396663921580857,0.0
3243,adam,0.0002066937746392819,0.0005391136847248018,0.0
3244,adam,0.0002066160327457059,0.00054058155396705,0.0
3245,adam,0.00020653769286632962,0.0005380905814010167,0.0
3246,adam,0.0002064595522321118,0.0005403406320205262,0.0
3247,adam,0.00020638103529158948,0.0005374236499554057,0.0
3248,adam,0.00020630321231738207,0.0005385794039625913,0.0
3249,adam,0.000206224458871173,0.0005361793357691009,0.0
3250,adam,0.0002061472821276226,0.0005360418386219241,0.0
3251,adam,0.0002060694047756495,0.0005375822622869534,0.0
3252,adam,0.0002059920246537075,0.0005351163326750811,0.0
3253,adam,0.00020591415695758185,0.0005382283488503182,0.0
3254,adam,0.00020583689904296232,0.0005342632698712741,0.0
3255,adam,0.0002057587705605994,0.0005365078799640695,0.0
3256,adam,0.00020568109446699777,0.0005325787650401404,0.0
3257,adam,0.00020560472374909483,0.0005335120439033173,0.0
3258,adam,0.00020552712807026083,0.0005348094212276794,0.0
3259,adam,0.00020544996685599245,0.0005340260422053581,0.0
3260,adam,0.0002053725807336431,0.000536169775786591,0.0
3261,adam,0.00020529618746705514,0.0005353916331460964,0.0
3262,adam,0.00020521910240134237,0.0005373359345218403,0.0
3263,adam,0.0002051423935243472,0.0005364482710265307,0.0
3264,adam,0.00020506590242545225,0.0005352108778070128,0.0
3265,adam,0.0002049882766462366,0.0005425046391857051,0.0
3266,adam,0.00020491170334242201,0.0005392547022595885,0.0
3267,adam,0.00020483510893603033,0.0005566339956941094,0.0
3268,adam,0.0002047596527216481,0.0005539746956972924,0.0
3269,adam,0.00020468343425505348,0.0005860567546595032,0.0
3270,adam,0.00020460683598330035,0.0005820423178368966,0.0
3271,adam,0.0002045299973767361,0.0006225507313969203,0.0
3272,adam,0.00020445425657420938,0.0006193395192563053,0.0
3273,adam,0.00020437778493759493,0.0006715799407741426,0.0
3274,adam,0.00020430285715889108,0.000674748734393024,0.0
3275,adam,0.0002042266324876237,0.0007412748212539188,0.0
3276,adam,0.0002041515455300858,0.0007658634164510995,0.0
3277,adam,0.00020407524544521863,0.0008689774713377536,0.0
3278,adam,0.0002040002771344108,0.0009413552312811451,0.0
3279,adam,0.0002039252231401556,0.001108196815231387,0.0
3280,adam,0.00020385152693374377,0.001257844874853832,0.0
3281,adam,0.00020377825945067974,0.001522612919912261,0.0
3282,adam,0.00020370534359859873,0.001789052998999711,0.0
3283,adam,0.000203634364864682,0.0022022412514310827,0.0
3284,adam,0.0002035660589530417,0.00264866417059443,0.0
3285,adam,0.0002035013764689386,0.0032924736892903737,0.0
3286,adam,0.0002034423278763443,0.004030076362185089,0.0
3287,adam,0.00020339337236350476,0.005043844027126213,0.0
3288,adam,0.00020335844051866563,0.006247472609215173,0.0
3289,adam,0.00020334717300438487,0.007861951270227763,0.0
3290,adam,0.00020337615337515796,0.009841250233799276,0.0
3291,adam,0.00020346697498222757,0.012460359018945997,0.0
3292,adam,0.00020366196703969127,0.015741222911773697,0.0
3293,adam,0.0002040277469468245,0.020054795251823493,0.0
3294,adam,0.00020467805749031022,0.02554876085595848,0.0
3295,adam,0.00020580450021585878,0.03275657915412576,0.0
3296,adam,0.00020772913895799512,0.042036791231754564,0.0
3297,adam,0.00021100442617726244,0.05421449583522044,0.0
3298,adam,0.00021655500801041408,0.07000508346140058,0.0
3299,adam,0.00022597661959648744,0.09070699299237933,0.0
3300,adam,0.0002418705894080859,0.11756450428303301,0.0
3301,adam,0.00026864518413912493,0.15251225142084415,0.0
3302,adam,0.0003128538681816495,0.19720842809309871,0.0
3303,adam,0.00038453843832997423,0.25367690890957434,0.0
3304,adam,0.0004939246451939754,0.3220424930587897,0.0
3305,adam,0.0006490694002334,0.4005528086762347,0.0
3306,adam,0.0008318088290861194,0.48028278635067606,0.0
3307,adam,0.0009921451309176145,0.546902112046234,0.0
3308,adam,0.0010259319634428306,0.5780919580079067,0.0
3309,adam,0.0008825645068282554,0.5625482025574775,0.0
3310,adam,0.0006220416449400078,0.5115354018937273,0.0
3311,adam,0.0004303181639440468,0.4716547900473859,0.0
3312,adam,0.0004274175203460536,0.48203017060391123,0.0
3313,adam,0.0005604691247917618,0.5219049368599384,0.0
3314,adam,0.0006668010921847161,0.5386067762138077,0.0
3315,adam,0.0006185266977619436,0.4977773049578938,0.0
3316,adam,0.00044194447792009775,0.3976432941398138,0.0
3317,adam,0.00028058684825368744,0.27227660647070506,0.0
3318,adam,0.00024779380620190694,0.194210383467186,0.0
3319,adam,0.0003167069604086126,0.20910003960769208,0.0
3320,adam,0.00037192876531765093,0.2338552039370403,0.0
3321,adam,0.0003404854782249584,0.21129596831007647,0.0
3322,adam,0.000257032676367583,0.14731383095598197,0.0
3323,adam,0.00021290842690712363,0.11097944156033751,0.0
3324,adam,0.00024577925346065015,0.16585385665984737,0.0
3325,adam,0.0003071137801581036,0.22685159873839783,0.0
3326,adam,0.00032762198003566384,0.24931253256768973,0.0
3327,adam,0.0002924223111610998,0.23416372126623658,0.0
3328,adam,0.0002483926103962927,0.20839471118079625,0.0
3329,adam,0.00024114392525093347,0.2052239081194098,0.0
3330,adam,0.0002658030709080854,0.22051510622295872,0.0
3331,adam,0.00028216422624252765,0.22449732294682656,0.0
3332,adam,0.00026539601151329595,0.20031218758837369,0.0
3333,adam,0.00023133229336680527,0.15397344858618234,0.0
3334,adam,0.00021196887068586077,0.11177923704520894,0.0
3335,adam,0.00021807272177019673,0.10229612614425045,0.0
3336,adam,0.0002316743052993666,0.11042323793927805,0.0
3337,adam,0.00023121275822785914,0.10309209571428747,0.0
3338,adam,0.00021577523525621907,0.0714448818999818,0.0
3339,adam,0.00020190834328345095,0.0232736824090911,0.0
3340,adam,0.00020232680710589705,0.027767646184746614,0.0
3341,adam,0.0002126195657719003,0.06582773265730067,0.0
3342,adam,0.00021916406527748328,0.08324598502871794,0.0
3343,adam,0.0002154224712364226,0.08053374317534137,0.0
3344,adam,0.0002073478129430208,0.07033598213800053,0.0
3345,adam,0.00020457890455084527,0.07221509912953034,0.0
3346,adam,0.00020933245428665558,0.08891568153358044,0.0
3347,adam,0.00021549194179598617,0.1044121065073319,0.0
3348,adam,0.00021668667193647684,0.1099716126263037,0.0
3349,adam,0.00021299967378108985,0.10733222180313219,0.0
3350,adam,0.00020967288869775373,0.10427806176453655,0.0
3351,adam,0.0002106348105412497,0.10788824886984455,0.0
3352,adam,0.0002147609094041922,0.11630098144048125,0.0
3353,adam,0.00021805808413387256,0.1244247439879702,0.0
3354,adam,0.0002184015307440584,0.12991396190181806,0.0
3355,adam,0.00021741258291559253,0.13541285577256623,0.0
3356,adam,0.0002181825407315251,0.14429964724772912,0.0
3357,adam,0.00022195433355558263,0.15744527088615742,0.0
3358,adam,0.00022745243258851514,0.17269392988414842,0.0
3359,adam,0.00023279798074341023,0.1883290190993969,0.0
3360,adam,0.0002379034992776923,0.2046382756197679,0.0
3361,adam,0.0002444559972002116,0.2236020219556461,0.0
3362,adam,0.0002546158616368105,0.2470022829061823,0.0
3363,adam,0.000269261354930943,0.27584484445124474,0.0
3364,adam,0.0002886517872390573,0.31008601286684573,0.0
3365,adam,0.0003131111758327259,0.35062146792070475,0.0
3366,adam,0.0003450010275738979,0.3980013457055682,0.0
3367,adam,0.00038731371949283686,0.45401093243098223,0.0
3368,adam,0.00044483261782362346,0.5190786273179293,0.0
3369,adam,0.0005205412647004605,0.5943230743317065,0.0
3370,adam,0.0006201521255101756,0.6793107203580405,0.0
3371,adam,0.0007454173649878816,0.7744521103332355,0.0
3372,adam,0.0009032912226107496,0.8776172034602346,0.0
3373,adam,0.0010881953031489154,0.9869108824807971,0.0
3374,adam,0.0012993083826451706,1.0950141388181338,0.0
3375,adam,0.0015043490445194635,1.194101356281061,0.0
3376,adam,0.0016790532227348664,1.2682861001655055,0.0
3377,adam,0.001754525303550439,1.302722365874742,0.0
3378,adam,0.0017004354386614823,1.2769190904888252,0.0
3379,adam,0.0014738737602830174,1.1789423370835386,0.0
3380,adam,0.0011230640260014623,1.0014963421779102,0.0
3381,adam,0.0007225362784144951,0.7546420792941722,0.0
3382,adam,0.0003930758098165645,0.4585551659022972,0.0
3383,adam,0.00021863517073172624,0.1454620366176695,0.0
3384,adam,0.00022050054147198841,0.15251691177955123,0.0
3385,adam,0.00034923780998157364,0.4032594152310815,0.0
3386,adam,0.0005141483376854251,0.5841603108573563,0.0
3387,adam,0.0006274661533754939,0.6801208295140386,0.0
3388,adam,0.0006346323075887381,0.6865695929475496,0.0
3389,adam,0.0005414319814309218,0.6075645459688719,0.0
3390,adam,0.0003952040005482929,0.46052754671730656,0.0
3391,adam,0.0002656627611853658,0.2679845414926234,0.0
3392,adam,0.00020232300550143448,0.06083271651749151,0.0
3393,adam,0.00021567168267056582,0.13512839922460598,0.0
3394,adam,0.00027805249203822385,0.2923980403395355,0.0
3395,adam,0.00034392527589861274,0.39564322436774324,0.0
3396,adam,0.0003756102572171385,0.43601760110255366,0.0
3397,adam,0.0003584673005026761,0.4147440321197606,0.0
3398,adam,0.0003060354327699375,0.3396625957626594,0.0
3399,adam,0.0002462720826021304,0.22697489638245527,0.0
3400,adam,0.00020662849486746375,0.09494050231432748,0.0
3401,adam,0.00019946176680969133,0.036597501544974535,0.0
3402,adam,0.00021918162240779985,0.1499482316473603,0.0
3403,adam,0.00024858307124950047,0.23255577170217118,0.0
3404,adam,0.0002693976087557556,0.27682439017253546,0.0
3405,adam,0.0002714732622785233,0.2807630267157729,0.0
3406,adam,0.000255403156002937,0.24870357714339839,0.0
3407,adam,0.0002306836394871107,0.1877327099373323,0.0
3408,adam,0.0002089230651148762,0.10942139390842809,0.0
3409,adam,0.00019831971993610614,0.02515698403001901,0.0
3410,adam,0.0002003851538118245,0.05418424329434232,0.0
3411,adam,0.00021069372461015183,0.11867480395106209,0.0
3412,adam,0.00022212072669119498,0.16262724423635477,0.0
3413,adam,0.00022853548503313625,0.18285111846098293,0.0
3414,adam,0.0002273927148471542,0.1795551022165479,0.0
3415,adam,0.00021991697065522133,0.155952308308492,0.0
3416,adam,0.000209940493112586,0.11679283763748954,0.0
3417,adam,0.00020155260751670922,0.06855191318928495,0.0
3418,adam,0.00019740749405730424,0.01766594628356265,0.0
3419,adam,0.00019790373398447745,0.03040158544174349,0.0
3420,adam,0.00020154512611718218,0.07021256461800188,0.0
3421,adam,0.00020595337402546442,0.09857837905157608,0.0
3422,adam,0.00020896923535704593,0.11426914795354944,0.0
3423,adam,0.00020945376710415197,0.11661721691817069,0.0
3424,adam,0.00020745140405979798,0.10745188537812947,0.0
3425,adam,0.00020395744117074688,0.08864097684926885,0.0
3426,adam,0.00020029721363752306,0.06335084715049145,0.0
3427,adam,0.00019760606013350098,0.03470231732022255,0.0
3428,adam,0.00019644755582884,0.0057923039289012376,0.0
3429,adam,0.00019675844573922334,0.02093319623668636,0.0
3430,adam,0.0001980098340518714,0.043019580851858474,0.0
3431,adam,0.00019949037342400448,0.059387866625763036,0.0
3432,adam,0.00020059020518111643,0.06914350281905891,0.0
3433,adam,0.0002009492718707175,0.07248552586053433,0.0
3434,adam,0.00020051983728895046,0.0697474346971091,0.0
3435,adam,0.0001994994130592059,0.06202610400744834,0.0
3436,adam,0.00019822041001397474,0.050394137393083134,0.0
3437,adam,0.0001970169084049968,0.03637439300652476,0.0
3438,adam,0.00019613616222181586,0.021096888504445188,0.0
3439,adam,0.00019568643122635924,0.006043819883317212,0.0
3440,adam,0.0001956455267872398,0.008082370256264213,0.0
3441,adam,0.00019589402222953606,0.020149764575527793,0.0
3442,adam,0.0001962730196011963,0.029820357361763708,0.0
3443,adam,0.00019663360999040296,0.036755490788355834,0.0
3444,adam,0.00019686602214585188,0.040940206253738703,0.0
3445,adam,0.00019691835484098892,0.04244115902516554,0.0
3446,adam,0.00019678512635154302,0.041643444758946095,0.0
3447,adam,0.00019650550455951602,0.038740550067967026,0.0
3448,adam,0.00019613679774572453,0.03437011622474309,0.0
3449,adam,0.00019574178913380649,0.028759906859855102,0.0
3450,adam,0.00019537487863201846,0.022535351499111327,0.0
3451,adam,0.00019507202871920404,0.0159073822735246,0.0
3452,adam,0.00019485138069132908,0.009396648664399444,0.0
3453,adam,0.00019471133860521513,0.003140899853504661,0.0
3454,adam,0.00019464181222771538,0.0027191518119699543,0.0
3455,adam,0.0001946240278015479,0.007817822431635911,0.0
3456,adam,0.00019463705694591416,0.012132678910696878,0.0
3457,adam,0.00019466283222359366,0.01573357161839345,0.0
3458,adam,0.0001946840531630725,0.018517215460470988,0.0
3459,adam,0.0001946925534314119,0.02061961576340739,0.0
3460,adam,0.0001946824101348897,0.02200825087273955,0.0
3461,adam,0.00019464991495321584,0.022887435939484915,0.0
3462,adam,0.00019459927217023996,0.023200244445621826,0.0
3463,adam,0.00019453051505017885,0.02320750970746352,0.0
3464,adam,0.0001944503688096745,0.02281253726897802,0.0
3465,adam,0.00019436016647766878,0.022280722216378737,0.0
3466,adam,0.00019426410572963174,0.021514020646847,0.0
3467,adam,0.0001941660810014541,0.020746969820376635,0.0
3468,adam,0.00019406947219968476,0.019888091701607928,0.0
3469,adam,0.00019397470287363277,0.019144393583079095,0.0
3470,adam,0.0001938840670229018,0.018391414605986135,0.0
3471,adam,0.0001937978868874899,0.017819908336206437,0.0
3472,adam,0.00019371538732384174,0.017301183036062855,0.0
3473,adam,0.00019364048997039886,0.0170065334365552,0.0
3474,adam,0.0001935697792532551,0.016823454795545575,0.0
3475,adam,0.00019350577553403474,0.016909288204889888,0.0
3476,adam,0.00019344940447869202,0.01714159768399237,0.0
3477,adam,0.00019340021043227033,0.017684420140286775,0.0
3478,adam,0.00019336075843998796,0.01840406813935358,0.0
3479,adam,0.0001933317416405967,0.019487503651089096,0.0
3480,adam,0.00019331751019518222,0.02080319806327872,0.0
3481,adam,0.00019332087449197146,0.02255386641132455,0.0
3482,adam,0.00019334923967830725,0.02464863405395321,0.0
3483,adam,0.00019340994976569948,0.027295200578443427,0.0
3484,adam,0.00019351423329531613,0.030441706335745236,0.0
3485,adam,0.00019368079495704602,0.034333198938468076,0.0
3486,adam,0.00019393193510979675,0.03895698460229844,0.0
3487,adam,0.0001943018598012271,0.04461952062531496,0.0
3488,adam,0.0001948418315932969,0.051390296723585326,0.0
3489,adam,0.00019562362921622675,0.059674104308974886,0.0
3490,adam,0.0001967580029394727,0.0696552936515892,0.0
3491,adam,0.00019839967265799385,0.08188477941484688,0.0
3492,adam,0.00020079379132997014,0.09672511221334593,0.0
3493,adam,0.00020429045092033987,0.11498011577392432,0.0
3494,adam,0.00020944166455574845,0.13729323084826647,0.0
3495,adam,0.00021705236462311775,0.1648601199553413,0.0
3496,adam,0.000228410826992802,0.19877224756663772,0.0
3497,adam,0.0002453827539503217,0.24084043452986817,0.0
3498,adam,0.0002710274039749302,0.2928399997544805,0.0
3499,adam,0.00030968798083677617,0.3575156082798024,0.0
3500,adam,0.00036860575422136173,0.43753343459552074,0.0
3501,adam,0.0004575093265084477,0.5368184818166627,0.0
3502,adam,0.0005927424168388703,0.6586914873515047,0.0
3503,adam,0.0007933756897251115,0.8077453095273864,0.0
3504,adam,0.0010905381013029973,0.9856631269113779,0.0
3505,adam,0.0015056387828617835,1.1936525156098416,0.0
3506,adam,0.0020674824426629842,1.4227175484667682,0.0
3507,adam,0.002724927856998999,1.6568982903885519,0.0
3508,adam,0.0033927793980202455,1.8560139091984067,0.0
3509,adam,0.003771056162892028,1.9674402162613251,0.0
3510,adam,0.003625057883835038,1.9184933801740094,0.0
3511,adam,0.002751315586461711,1.6597588220150008,0.0
3512,adam,0.0015029984210578923,1.1825425427203982,0.0
3513,adam,0.0004830671329502834,0.5546324418560626,0.0
3514,adam,0.00020973646497671466,0.11702510274867062,0.0
3515,adam,0.0006438514365155971,0.6899546403048605,0.0
3516,adam,0.0012641815676927423,1.0665073310072744,0.0
3517,adam,0.0015045984959311028,1.1781612306808373,0.0
3518,adam,0.0011573966748229447,1.0105616802166482,0.0
3519,adam,0.0005579069787625173,0.6167187782563417,0.0
3520,adam,0.00021050250179342018,0.11512021095697048,0.0
3521,adam,0.00033043628731489337,0.37609488907675476,0.0
3522,adam,0.0006754597648095669,0.7110709874800889,0.0
3523,adam,0.0008392046481182875,0.8239109583454999,0.0
3524,adam,0.0006648737561243394,0.7014954022689255,0.0
3525,adam,0.0003470777017996222,0.3965710549002454,0.0
3526,adam,0.00019819498955411075,0.033186164958681034,0.0
3527,adam,0.0003074975089155207,0.3421671709745427,0.0
3528,adam,0.000490948548513951,0.5578849323389588,0.0
3529,adam,0.0005271211099801539,0.589172749160127,0.0
3530,adam,0.00038572219640002506,0.4451697012793259,0.0
3531,adam,0.00022946214443628226,0.185397537860547,0.0
3532,adam,0.00020677315124463034,0.109446960561584,0.0
3533,adam,0.00030159656463456675,0.33517348028939253,0.0
3534,adam,0.000380405147073021,0.4407010541124437,0.0
3535,adam,0.00035206074348051675,0.4048403271440648,0.0
3536,adam,0.00025656466453453485,0.25138882419144226,0.0
3537,adam,0.0001970356271969063,0.043796035177250364,0.0
3538,adam,0.00022075551178373363,0.16682818470797908,0.0
3539,adam,0.0002795630728029035,0.29912352920091095,0.0
3540,adam,0.0002983684615818417,0.3294134223902621,0.0
3541,adam,0.000259208410475556,0.25892551465713715,0.0
3542,adam,0.00020826995980106065,0.11903668141141757,0.0
3543,adam,0.00019601455657877683,0.04698436509324638,0.0
3544,adam,0.0002233622797255589,0.1767787159444167,0.0
3545,adam,0.0002504300940549452,0.2436995459037763,0.0
3546,adam,0.00024581577067626134,0.23262060091707776,0.0
3547,adam,0.00021694141289387912,0.15466602644750582,0.0
3548,adam,0.00019514599031626284,0.04095801129760088,0.0
3549,adam,0.0001987028438735409,0.0768659271089542,0.0
3550,adam,0.000216847108624224,0.1580079770819147,0.0
3551,adam,0.00022636202426801555,0.18594364413485245,0.0
3552,adam,0.00021733419386924438,0.15847140640226745,0.0
3553,adam,0.00020063003266413643,0.08842038267083976,0.0
3554,adam,0.00019281080708102828,0.00800933570945802,0.0
3555,adam,0.00019857016191583303,0.0793833046649157,0.0
3556,adam,0.00020839244617182296,0.12846812314567202,0.0
3557,adam,0.00021070597035209397,0.13719193498165078,0.0
3558,adam,0.00020365199801771085,0.10724123117348536,0.0
3559,adam,0.00019490518861397128,0.05104782817406027,0.0
3560,adam,0.00019239088000117343,0.014603183745377245,0.0
3561,adam,0.0001965789037398319,0.0683626127490452,0.0
3562,adam,0.00020151559838081827,0.09906034773547845,0.0
3563,adam,0.0002017636633447305,0.1003608930334798,0.0
3564,adam,0.00019739609582502835,0.07500289596878619,0.0
3565,adam,0.00019285090640645645,0.03252174580856743,0.0
3566,adam,0.00019190446343817405,0.014419865108545031,0.0
3567,adam,0.0001943191167009045,0.05280330861115824,0.0
3568,adam,0.00019685774496132038,0.07376553505600104,0.0
3569,adam,0.00019683248810484113,0.07407804979465298,0.0
3570,adam,0.00019442964822406964,0.05553083279581881,0.0
3571,adam,0.0001919518051505061,0.02501872797317232,0.0
3572,adam,0.00019133774858988737,0.008719431595039285,0.0
3573,adam,0.0001925209072842761,0.03693954028961605,0.0
3574,adam,0.00019389581512801242,0.05333037803601589,0.0
3575,adam,0.00019402153062247787,0.0552135696957619,0.0
3576,adam,0.00019283457201507953,0.04369672320751624,0.0
3577,adam,0.00019141530247680872,0.02290653228226875,0.0
3578,adam,0.00019084146040230856,0.0015032069857638048,0.0
3579,adam,0.00019127475179680234,0.02264610162840041,0.0
3580,adam,0.00019201517617421286,0.0366654040098729,0.0
3581,adam,0.00019225673484882306,0.04094659142525522,0.0
3582,adam,0.00019177272177274996,0.03543168651505165,0.0
3583,adam,0.0001909771766500365,0.02261162672700572,0.0
3584,adam,0.00019045644031228363,0.006046640444840194,0.0
3585,adam,0.00019046631513310782,0.01046166892375614,0.0
3586,adam,0.00019079551009981564,0.02281992105653248,0.0
3587,adam,0.00019103235692299837,0.029004945819528255,0.0
3588,adam,0.0001909208400536289,0.028394273293864843,0.0
3589,adam,0.00019053131445922295,0.021833024445948913,0.0
3590,adam,0.00019013297337834082,0.011407652048314731,0.0
3591,adam,0.00018994881979236835,0.0017800165736164234,0.0
3592,adam,0.0001900004475715247,0.011106732155905342,0.0
3593,adam,0.00019013233781725147,0.01828018683376844,0.0
3594,adam,0.00019016412378481477,0.02102299348296508,0.0
3595,adam,0.00019002840143001116,0.019386884162571828,0.0
3596,adam,0.00018979276917334393,0.014067367260541627,0.0
3597,adam,0.00018958310893248893,0.006704488590311825,0.0
3598,adam,0.0001894797804948076,0.002243892868184544,0.0
3599,adam,0.00018947941038855985,0.008559493200543375,0.0
3600,adam,0.0001895052302996522,0.013172941500017804,0.0
3601,adam,0.00018948195327106167,0.014848241468369505,0.0
3602,adam,0.0001893836681264777,0.013715864455072606,0.0
3603,adam,0.00018923921955897596,0.010184606559508392,0.0
3604,adam,0.00018910308392582206,0.005311539960039425,0.0
3605,adam,0.00018901353216300905,0.0014105878418590964,0.0
3606,adam,0.00018897022328655014,0.005196172018958785,0.0
3607,adam,0.00018894701997430928,0.00856227580886766,0.0
3608,adam,0.00018890931177060485,0.010126580460674078,0.0
3609,adam,0.00018883994533484691,0.009916837931733416,0.0
3610,adam,0.00018874507733994758,0.00802765186400888,0.0
3611,adam,0.0001886437199526604,0.005112138464891996,0.0
3612,adam,0.00018855716517060083,0.0018012078930054194,0.0
3613,adam,0.00018849313510583128,0.002109586062768023,0.0
3614,adam,0.00018844517287631792,0.004731149872271083,0.0
3615,adam,0.00018839862360262448,0.006421333410486722,0.0
3616,adam,0.00018834256424936574,0.007038600966714797,0.0
3617,adam,0.0001882716604252832,0.006487200761664504,0.0
3618,adam,0.00018819265255922663,0.005087275344588567,0.0
3619,adam,0.00018811329829117605,0.0030600582396451185,0.0
3620,adam,0.00018804103253392202,0.000999852718672173,0.0
3621,adam,0.0001879783881666318,0.0015866764499743574,0.0
3622,adam,0.0001879222981435894,0.0032220653108911944,0.0
3623,adam,0.00018786707621258698,0.00436523684260352,0.0
3624,adam,0.00018780856229118253,0.004767441667130862,0.0
3625,adam,0.0001877431731810704,0.004564608211356869,0.0
3626,adam,0.00018767364061778654,0.0037171980702185945,0.0
3627,adam,0.000187603527407283,0.0025317774355928255,0.0
3628,adam,0.00018753548864086858,0.0011343901441983352,0.0
3629,adam,0.0001874714767893793,0.000612937669581481,0.0
3630,adam,0.0001874111580557075,0.0017040409913554018,0.0
3631,adam,0.0001873528063591533,0.002563093638498339,0.0
3632,adam,0.00018729329766067182,0.0031043121340270704,0.0
3633,adam,0.00018723131679254388,0.00317740779567488,0.0
3634,adam,0.000187167692589426,0.0029364209287007764,0.0
3635,adam,0.00018710187002324551,0.0023399265143440365,0.0
3636,adam,0.00018703712276597607,0.0016105220361036835,0.0
3637,adam,0.00018697298120655065,0.000795839798191188,0.0
3638,adam,0.00018691102208991112,0.0005101771159344623,0.0
3639,adam,0.0001868507349299639,0.0010758992743293942,0.0
3640,adam,0.00018678938645313347,0.0015736601186304862,0.0
3641,adam,0.00018672939364535593,0.001940326420231016,0.0
3642,adam,0.00018666798311617368,0.0020323515915995983,0.0
3643,adam,0.000186605758992796,0.0019829687826159238,0.0
3644,adam,0.00018654375219180486,0.001709180288500998,0.0
3645,adam,0.00018648173261790466,0.0013657533379556434,0.0
3646,adam,0.00018641934930752977,0.0009188248463971616,0.0
3647,adam,0.00018635772569817612,0.0005761757845565643,0.0
3648,adam,0.0001862971448868675,0.0005167516377348192,0.0
3649,adam,0.00018623571630830852,0.0007433431700716954,0.0
3650,adam,0.00018617517365016945,0.0010409891412845598,0.0
3651,adam,0.00018611499878625235,0.0012172908462066985,0.0
3652,adam,0.00018605448105295214,0.0013480535341927492,0.0
3653,adam,0.00018599371957374395,0.0013257126330246916,0.0
3654,adam,0.00018593323913138586,0.0012698446985894298,0.0
3655,adam,0.0001858722784092905,0.001095056246644786,0.0
3656,adam,0.0001858115178573529,0.0009246222664993306,0.0
3657,adam,0.00018575024771157477,0.0006964503647052903,0.0
3658,adam,0.00018569028015608292,0.0005449315744627877,0.0
3659,adam,0.0001856297362861712,0.00045811762061674513,0.0
3660,adam,0.000185569739900104,0.0004909425788235761,0.0
3661,adam,0.00018551012894112642,0.0006058208876866182,0.0
3662,adam,0.00018544946941803493,0.0006929640900108035,0.0
3663,adam,0.00018539058582114757,0.0007960674862746604,0.0
3664,adam,0.0001853306803826737,0.0008179416622250164,0.0
3665,adam,0.0001852702989375304,0.0008462919492756661,0.0
3666,adam,0.000185211375889884,0.0007954767804701301,0.0
3667,adam,0.00018515138090735442,0.0007659431347816428,0.0
3668,adam,0.00018509184765307942,0.0006776251176537836,0.0
3669,adam,0.00018503202883573362,0.0006243847648250036,0.0
3670,adam,0.00018497151764014096,0.0005381062177835585,0.0
3671,adam,0.0001849123910525345,0.0004964748146666095,0.0
3672,adam,0.00018485363548310983,0.0004561592858059556,0.0
3673,adam,0.00018479448301240853,0.0004532292848159342,0.0
3674,adam,0.00018473565466263852,0.00047456682312526244,0.0
3675,adam,0.00018467597958828037,0.0004968527654194777,0.0
3676,adam,0.0001846173058744414,0.0005457336263638586,0.0
3677,adam,0.00018455822799282205,0.0005612018862282277,0.0
3678,adam,0.0001844994057497406,0.0006030465543435791,0.0
3679,adam,0.00018444075072120942,0.000605645264964782,0.0
3680,adam,0.00018438169904178237,0.0006456903594533781,0.0
3681,adam,0.00018432336847105794,0.0006475777902386239,0.0
3682,adam,0.00018426468701805926,0.0006869909440990665,0.0
3683,adam,0.00018420588993990319,0.0006784514317225694,0.0
3684,adam,0.00018414801543754547,0.0007064403653892189,0.0
3685,adam,0.00018408940414327233,0.0006829607502976556,0.0
3686,adam,0.00018403073895489623,0.0006960776428001187,0.0
3687,adam,0.00018397236234914393,0.00066239271418871,0.0
3688,adam,0.00018391423798606047,0.0006667906479818108,0.0
3689,adam,0.00018385572015959336,0.0006300249893145137,0.0
3690,adam,0.0001837980737617925,0.0006352721079243565,0.0
3691,adam,0.00018374045658061912,0.0006051137147471707,0.0
3692,adam,0.00018368152699006898,0.0006157706538415012,0.0
3693,adam,0.00018362427800313932,0.000594474052452521,0.0
3694,adam,0.00018356620078270516,0.0006153803420334197,0.0
3695,adam,0.00018350777211395596,0.0006009385048492863,0.0
3696,adam,0.0001834507850108163,0.0006232263582687967,0.0
3697,adam,0.0001833928258492982,0.0006111729494765163,0.0
3698,adam,0.00018333535781820743,0.0006420361171026911,0.0
3699,adam,0.00018327806415426094,0.0006367808292444232,0.0
3700,adam,0.00018322106780513543,0.0006784551318115569,0.0
3701,adam,0.0001831626685617925,0.000687366445878939,0.0
3702,adam,0.00018310512956885277,0.0007491066808393991,0.0
3703,adam,0.00018304855783600788,0.0007809443032312264,0.0
3704,adam,0.0001829904960909925,0.0008770749790210565,0.0
3705,adam,0.00018293456586792104,0.0009470361047444561,0.0
3706,adam,0.0001828773504259958,0.0010859938188008426,0.0
3707,adam,0.0001828207155650696,0.0012046921113961057,0.0
3708,adam,0.0001827640688086133,0.001412153871084494,0.0
3709,adam,0.0001827083664620012,0.0016118738745215635,0.0
3710,adam,0.00018265155731479884,0.0019136549931816004,0.0
3711,adam,0.0001825969721621792,0.0022243813641588577,0.0
3712,adam,0.00018254153071581376,0.0026623139879667196,0.0
3713,adam,0.0001824871990056163,0.003144225553776946,0.0
3714,adam,0.00018243495264229256,0.003803241011856316,0.0
3715,adam,0.0001823845997433691,0.004569052498666513,0.0
3716,adam,0.00018233744936746736,0.005586697991642917,0.0
3717,adam,0.00018229499600075965,0.006795927229562807,0.0
3718,adam,0.00018226034075952152,0.008364253394176745,0.0
3719,adam,0.0001822383657470256,0.010276075157824525,0.0
3720,adam,0.00018223596945465148,0.01275147858539162,0.0
3721,adam,0.00018226263234115398,0.015826605593006905,0.0
3722,adam,0.00018233860741731432,0.019787291675987535,0.0
3723,adam,0.00018249376674695075,0.024766960469467657,0.0
3724,adam,0.000182775110175634,0.031188061663674455,0.0
3725,adam,0.00018326577593096315,0.03936279500431131,0.0
3726,adam,0.00018409993237108313,0.04995440236847671,0.0
3727,adam,0.0001855082146868156,0.06358446915947848,0.0
3728,adam,0.00018787385755260883,0.08132231347518402,0.0
3729,adam,0.00019185517799297566,0.10432303411921066,0.0
3730,adam,0.00019856321380547418,0.1343957670620634,0.0
3731,adam,0.0002099386184827577,0.17365207732502316,0.0
3732,adam,0.00022925787641944338,0.2252251673489411,0.0
3733,adam,0.00026234216138247665,0.29287052580535033,0.0
3734,adam,0.00031890130395284853,0.3820067064414852,0.0
3735,adam,0.0004163688117588253,0.4989646558706156,0.0
3736,adam,0.0005825428519185575,0.6525719513927011,0.0
3737,adam,0.0008666615003630596,0.8517449358127123,0.0
3738,adam,0.0013362215536267272,1.1074451426494172,0.0
3739,adam,0.002097801126510061,1.423355801576396,0.0
3740,adam,0.0032149743186553927,1.7953057157070085,0.0
3741,adam,0.004695261149061745,2.181779350532103,0.0
3742,adam,0.006069216872450895,2.5004766361078494,0.0
3743,adam,0.006605872101252273,2.598129903871543,0.0
3744,adam,0.0052737072506543765,2.3202986733178186,0.0
3745,adam,0.002639531736341634,1.5990549111510708,0.0
3746,adam,0.000538105274418745,0.5742897169644697,0.0
3747,adam,0.0005371344994047742,0.5448021801839409,0.0
3748,adam,0.001971184006057053,1.3366566504669166,0.0
3749,adam,0.002783252915310879,1.6331630652074556,0.0
3750,adam,0.0019627916826762794,1.3524344022159056,0.0
3751,adam,0.0005988298387910886,0.6258247158495461,0.0
3752,adam,0.00038660207462871027,0.3358202045386197,0.0
3753,adam,0.0012128306845835151,0.9711297360282802,0.0
3754,adam,0.0015746047262016707,1.1716388557421884,0.0
3755,adam,0.0009176284125099459,0.8609433519252768,0.0
3756,adam,0.00028273341578014856,0.2496252381274612,0.0
3757,adam,0.0005224333521249003,0.48936355537633497,0.0
3758,adam,0.0010010771641176192,0.8518823849562837,0.0
3759,adam,0.0008281720213109708,0.7866901065595762,0.0
3760,adam,0.00032358967641680727,0.3655792429944414,0.0
3761,adam,0.0002966382767749002,0.2320937104985109,0.0
3762,adam,0.0006429620274000545,0.6010932926019087,0.0
3763,adam,0.0006637687615812472,0.6482200227537848,0.0
3764,adam,0.00032783506175515867,0.3699487012233231,0.0
3765,adam,0.00021804409263193617,0.102793359168652,0.0
3766,adam,0.0004392338247414442,0.42772578512199216,0.0
3767,adam,0.0005213927277587236,0.5193712100512828,0.0
3768,adam,0.00031512850625461117,0.33444802383210115,0.0
3769,adam,0.00019240198382432613,0.03756054272099944,0.0
3770,adam,0.0003214530427013009,0.3086177074046571,0.0
3771,adam,0.0004126301683981772,0.4143805427552783,0.0
3772,adam,0.00029469057499805976,0.2911024829383833,0.0
3773,adam,0.0001881533003335491,0.02759600380397659,0.0
3774,adam,0.0002558409724766669,0.22608238199891487,0.0
3775,adam,0.00033334951319271373,0.33197062674335637,0.0
3776,adam,0.0002717777574448259,0.250659627071737,0.0
3777,adam,0.00019028171048323026,0.044647026144006216,0.0
3778,adam,0.00022076772465593275,0.16718843490949775,0.0
3779,adam,0.00027892088388038977,0.26804277886301997,0.0
3780,adam,0.0002505333653089414,0.2167068496004946,0.0
3781,adam,0.00019275843878534537,0.05821876756596862,0.0
3782,adam,0.00020254396268168143,0.1223959299090359,0.0
3783,adam,0.00024298763445327075,0.21667624772233388,0.0
3784,adam,0.00023286560280256312,0.18901221062930496,0.0
3785,adam,0.00019384708531199602,0.0672750429859775,0.0
3786,adam,0.00019322544137851676,0.08552443839946729,0.0
3787,adam,0.0002200892398110643,0.1738048419645413,0.0
3788,adam,0.00021918588535095915,0.16566452325772504,0.0
3789,adam,0.0001936522518557024,0.07371226785841943,0.0
3790,adam,0.0001882864857158746,0.05282653298729063,0.0
3791,adam,0.0002054394794424663,0.13627389760484002,0.0
3792,adam,0.00020910821959509314,0.14436685769067578,0.0
3793,adam,0.00019305555592907678,0.07895688701330938,0.0
3794,adam,0.0001857285237224701,0.02363618343992251,0.0
3795,adam,0.00019583939650497407,0.10141876071326338,0.0
3796,adam,0.00020146324097928086,0.1231137489700687,0.0
3797,adam,0.00019237983535946092,0.0818379413050721,0.0
3798,adam,0.00018481129765087907,0.005421488886594584,0.0
3799,adam,0.00018961442271093066,0.06871516705653614,0.0
3800,adam,0.00019539160371197969,0.10043910745972073,0.0
3801,adam,0.0001913934352728641,0.08033843054737728,0.0
3802,adam,0.00018494477657698247,0.02307177775683619,0.0
3803,adam,0.00018602569322485088,0.039411383247644774,0.0
3804,adam,0.0001906089865196224,0.07669853715963279,0.0
3805,adam,0.00018989207786291115,0.07349154240111931,0.0
3806,adam,0.0001853570944459073,0.03567510458101006,0.0
3807,adam,0.00018435044713666267,0.015776320051655197,0.0
3808,adam,0.00018718670540918435,0.053454149971214414,0.0
3809,adam,0.00018806352953741135,0.062222505113528635,0.0
3810,adam,0.0001854881340084062,0.0409938341563348,0.0
3811,adam,0.0001837569105906798,0.006064730346658606,0.0
3812,adam,0.00018500952705906352,0.032882544881875614,0.0
3813,adam,0.00018629338645744105,0.048670990515107725,0.0
3814,adam,0.0001852205632732912,0.04035703938196234,0.0
3815,adam,0.00018359205299886837,0.014867533756554757,0.0
3816,adam,0.00018375078904400884,0.01637059410275694,0.0
3817,adam,0.0001848162217022595,0.03504204962256823,0.0
3818,adam,0.00018468153533259234,0.03578127991330303,0.0
3819,adam,0.0001835196800917024,0.020341126044083297,0.0
3820,adam,0.00018307487496251678,0.0047740204471845545,0.0
3821,adam,0.00018367604992427448,0.022565046201988452,0.0
3822,adam,0.00018399846850412102,0.02928162927934986,0.0
3823,adam,0.00018339738152152316,0.02210832062369499,0.0
3824,adam,0.00018276085468795262,0.005829761941676822,0.0
3825,adam,0.00018287648748701392,0.011850809829115374,0.0
3826,adam,0.0001832610567144607,0.021898823363493986,0.0
3827,adam,0.00018312810311711187,0.021168932507389354,0.0
3828,adam,0.00018261315231061378,0.010962931645863339,0.0
3829,adam,0.00018239746600662898,0.003119350847776293,0.0
3830,adam,0.00018259769770422954,0.014384563346444569,0.0
3831,adam,0.00018270362556942608,0.018173702748429436,0.0
3832,adam,0.00018244649958249433,0.013621013019862106,0.0
3833,adam,0.00018213913623279178,0.0035975234042711097,0.0
3834,adam,0.00018210994631451586,0.00728765047177101,0.0
3835,adam,0.00018222421760374346,0.013809297841643503,0.0
3836,adam,0.0001821718076714073,0.01374836504505554,0.0
3837,adam,0.00018194665157277818,0.007877701173681334,0.0
3838,adam,0.00018179037708251577,0.0017443934609464914,0.0
3839,adam,0.00018180375760030112,0.00861683991316215,0.0
3840,adam,0.00018182536768103751,0.01183972110989198,0.0
3841,adam,0.00018171866658618071,0.009826161195960125,0.0
3842,adam,0.00018155595794460978,0.004074621342149578,0.0
3843,adam,0.0001814756386927026,0.003411198837469612,0.0
3844,adam,0.00018147601600170934,0.008313078306091468,0.0
3845,adam,0.0001814428783680657,0.009600182741667225,0.0
3846,adam,0.00018133230620492183,0.00688808708591002,0.0
3847,adam,0.0001812169811940018,0.0018411848506021918,0.0
3848,adam,0.00018116350584719204,0.0038634610301722465,0.0
3849,adam,0.0001811420257463012,0.007221716432102675,0.0
3850,adam,0.0001810859586936302,0.007522645530303784,0.0
3851,adam,0.0001809885862548186,0.004844028835794782,0.0
3852,adam,0.00018090060805792124,0.0007530949069427965,0.0
3853,adam,0.00018085137544652337,0.0035752409174020557,0.0
3854,adam,0.00018081396903544438,0.005878697053954721,0.0
3855,adam,0.0001807510885296171,0.005770005644700823,0.0
3856,adam,0.00018066642698747541,0.0034858170738320086,0.0
3857,adam,0.0001805929964595077,0.0005108370866007578,0.0
3858,adam,0.0001805416451858685,0.0029924067925701124,0.0
3859,adam,0.00018049515907209423,0.004583596716433907,0.0
3860,adam,0.00018043174522897298,0.0043872396436776834,0.0
3861,adam,0.00018035715119504316,0.002584318979807624,0.0
3862,adam,0.00018029005140538662,0.0005796165378887577,0.0
3863,adam,0.0001802365294981131,0.002337825135330443,0.0
3864,adam,0.00018018465957259718,0.0034770672257327805,0.0
3865,adam,0.0001801226578139773,0.0033137749035919545,0.0
3866,adam,0.00018005486586589658,0.0019885425191075966,0.0
3867,adam,0.00017999200455989144,0.0005992292804811618,0.0
3868,adam,0.00017993617487867445,0.0017350437129871029,0.0
3869,adam,0.0001798812586850503,0.002562852731870087,0.0
3870,adam,0.00017982075376347516,0.002464507131617295,0.0
3871,adam,0.00017975742850802738,0.001512268756533834,0.0
3872,adam,0.00017969687114698918,0.00053924322273804,0.0
3873,adam,0.00017964018457854029,0.0013094139651176908,0.0
3874,adam,0.0001795843210760816,0.0019178445989444695,0.0
3875,adam,0.0001795252487599516,0.0018773666063116737,0.0
3876,adam,0.00017946447720827092,0.0011901187256409985,0.0
3877,adam,0.00017940401817356674,0.0004775525345681912,0.0
3878,adam,0.00017934683340682566,0.0009552307844810709,0.0
3879,adam,0.00017929067646994985,0.0014366139058248721,0.0
3880,adam,0.00017923278249046685,0.001468469138480542,0.0
3881,adam,0.00017917334347776094,0.0010171126143522495,0.0
3882,adam,0.00017911448007696434,0.0004948564944159182,0.0
3883,adam,0.0001790571688719448,0.0007072003677817055,0.0
3884,adam,0.00017900104278836202,0.001083736782170702,0.0
3885,adam,0.00017894437535601382,0.0011784937555459468,0.0
3886,adam,0.00017888624849226697,0.0008991511831542601,0.0
3887,adam,0.00017882873076607606,0.0005336136573631197,0.0
3888,adam,0.00017877133436427746,0.0005638869810037911,0.0
3889,adam,0.00017871572964569388,0.0008471922414233143,0.0
3890,adam,0.00017865936610670445,0.000992825751021575,0.0
3891,adam,0.00017860147061007608,0.0008405303069787496,0.0
3892,adam,0.0001785450368685902,0.0005778466143554868,0.0
3893,adam,0.00017848791759062025,0.00047119176658619414,0.0
3894,adam,0.00017843231937559386,0.0006670080506396176,0.0
3895,adam,0.00017837604977336832,0.0008475822523234123,0.0
3896,adam,0.00017832035925020173,0.0008084062391819421,0.0
3897,adam,0.00017826417490778674,0.0006524827134112094,0.0
3898,adam,0.0001782074991676097,0.00045951950134416684,0.0
3899,adam,0.0001781518443629205,0.0004842263657279967,0.0
3900,adam,0.00017809602502509824,0.0006474249066687413,0.0
3901,adam,0.00017804113955029763,0.000706715914222825,0.0
3902,adam,0.00017798474802305518,0.0006755921093891668,0.0
3903,adam,0.00017792888796978746,0.0005309842171496909,0.0
3904,adam,0.00017787418649026465,0.0004442435133356979,0.0
3905,adam,0.00017781827446005294,0.0004888749660919461,0.0
3906,adam,0.0001777634597671831,0.0005642906961957911,0.0
3907,adam,0.00017770807938369433,0.0006046176846209349,0.0
3908,adam,0.00017765285524435316,0.0005373010471809706,0.0
3909,adam,0.00017759802032741255,0.00046946672951700603,0.0
3910,adam,0.0001775430554356688,0.0004416901576893243,0.0
3911,adam,0.00017748850217127457,0.00047828135953778566,0.0
3912,adam,0.00017743321315498014,0.0005315808263163681,0.0
3913,adam,0.00017737861649394146,0.000519657042088868,0.0
3914,adam,0.0001773247889371357,0.000494594248403777,0.0
3915,adam,0.00017726961091475542,0.00044430123979804977,0.0
3916,adam,0.00017721542707323817,0.0004373014213347547,0.0
3917,adam,0.00017716139449631277,0.00046476890433591307,0.0
3918,adam,0.00017710648763256135,0.00047588731888070004,0.0
3919,adam,0.00017705259370532644,0.00048128975228430904,0.0
3920,adam,0.00017699861065167052,0.00045231108207571753,0.0
3921,adam,0.00017694489558032198,0.0004370988479320023,0.0
3922,adam,0.0001768901196143387,0.0004349172084825799,0.0
3923,adam,0.00017683649783155735,0.00044455775415340346,0.0
3924,adam,0.00017678336411009236,0.00046175863718777096,0.0
3925,adam,0.0001767296959604032,0.0004484598036036166,0.0
3926,adam,0.00017667588616269422,0.0004402528343772405,0.0
3927,adam,0.0001766219606002358,0.000430629695071548,0.0
3928,adam,0.00017656902236843323,0.0004323760857024938,0.0
3929,adam,0.00017651543717268371,0.00044806054126727163,0.0
3930,adam,0.0001764617564282317,0.000449218940978053,0.0
3931,adam,0.00017640891168340558,0.0004521245038310884,0.0
3932,adam,0.00017635529758999193,0.0004332681056360152,0.0
3933,adam,0.00017630283210197435,0.000427769553239279,0.0
3934,adam,0.0001762493148047651,0.00043396116540333547,0.0
3935,adam,0.0001761963345709401,0.0004399422066208267,0.0
3936,adam,0.00017614401009714964,0.00045237497377430676,0.0
3937,adam,0.00017609106719178351,0.0004452317688241094,0.0
3938,adam,0.00017603828893680512,0.0004434333078362855,0.0
3939,adam,0.00017598506325134029,0.0004294959547766189,0.0
3940,adam,0.00017593301992205993,0.00042664703907976194,0.0
3941,adam,0.00017588025032191088,0.00042684413662486133,0.0
3942,adam,0.00017582748928103705,0.00042548072881290597,0.0
3943,adam,0.00017577470891284985,0.0004283908650996761,0.0
3944,adam,0.00017572336192167213,0.00042619908359583933,0.0
3945,adam,0.00017567060078911442,0.00042979862923695335,0.0
3946,adam,0.00017561865957648045,0.00042607984385268174,0.0
3947,adam,0.0001755664327619279,0.00042615361387990174,0.0
3948,adam,0.00017551432232330318,0.0004243980341019205,0.0
3949,adam,0.00017546251861047567,0.0004243498337310528,0.0
3950,adam,0.00017541063560329366,0.00042262705070585907,0.0
3951,adam,0.000175358937215446,0.00042237582186183803,0.0
3952,adam,0.00017530767590670762,0.000422107412309375,0.0
3953,adam,0.00017525584528170114,0.0004235411734280655,0.0
3954,adam,0.00017520360858389237,0.00042276225373186937,0.0
3955,adam,0.000175152092499594,0.0004267874308474865,0.0
3956,adam,0.00017510026742980457,0.00042608877905689146,0.0
3957,adam,0.0001750491374708697,0.00042934118692220836,0.0
3958,adam,0.00017499804184827554,0.00042343185376094404,0.0
3959,adam,0.00017494674810231777,0.00042235255311052995,0.0
3960,adam,0.00017489498194324238,0.00041781820106356047,0.0
3961,adam,0.0001748436570885277,0.00041680881239824835,0.0
3962,adam,0.00017479283822026924,0.0004206731738713353,0.0
3963,adam,0.00017474143811232486,0.0004203476451500941,0.0
3964,adam,0.00017469070557221437,0.00042474959891932866,0.0
3965,adam,0.00017463951805285792,0.00042131917085555824,0.0
3966,adam,0.00017458868432185208,0.0004241527680324517,0.0
3967,adam,0.00017453812622149475,0.0004192038690480413,0.0
3968,adam,0.0001744869081225768,0.00042176265762477024,0.0
3969,adam,0.00017443632332497658,0.00041935115628415537,0.0
3970,adam,0.00017438587012519547,0.00041871167570923016,0.0
3971,adam,0.00017433532919568532,0.0004169856049667063,0.0
3972,adam,0.0001742844734667454,0.00041626875492403617,0.0
3973,adam,0.00017423440147918578,0.00041558102778927895,0.0
3974,adam,0.0001741835682112084,0.00041313413811203023,0.0
3975,adam,0.0001741333866556987,0.0004137017696429024,0.0
3976,adam,0.00017408338839937105,0.0004120506250197961,0.0
3977,adam,0.00017403263476446857,0.00041163565581103545,0.0
3978,adam,0.00017398264007068693,0.0004112389252519882,0.0
3979,adam,0.00017393295088053104,0.0004109357014074233,0.0
3980,adam,0.0001738829250957153,0.00041088620267843264,0.0
3981,adam,0.00017383251494150983,0.00040996323092093315,0.0
3982,adam,0.00017378301568601683,0.0004099677746083554,0.0
3983,adam,0.00017373309378879118,0.0004094767466679425,0.0
3984,adam,0.00017368295107789172,0.00040898075745519083,0.0
3985,adam,0.0001736337559386156,0.00040909634739526356,0.0
3986,adam,0.00017358380270521327,0.00040914184960328737,0.0
3987,adam,0.0001735341215457517,0.00040800057163885994,0.0
3988,adam,0.0001734843899841433,0.00040767249027192065,0.0
3989,adam,0.00017343453565831364,0.0004093313533728887,0.0
3990,adam,0.0001733850356535144,0.0004075663367925687,0.0
3991,adam,0.00017333600859516867,0.00040915754952893803,0.0
3992,adam,0.0001732866926215265,0.00040845484836704387,0.0
3993,adam,0.0001732371427764327,0.00041030780806359553,0.0
3994,adam,0.00017318791815735418,0.0004076184120266183,0.0
3995,adam,0.00017313868693013645,0.00041051978115178885,0.0
3996,adam,0.00017308967725209826,0.0004076754559683018,0.0
3997,adam,0.00017304074732543348,0.00040791109181674817,0.0
3998,adam,0.0001729913178777706,0.0004062652888358905,0.0
3999,adam,0.00017294215437715002,0.00040718877957797623,0.0
4000,adam,0.00017289363490755814,0.0004059965106373572,0.0
4001,adam,0.0001728446341936992,0.00040691001589385163,0.0
4002,adam,0.00017279604481739469,0.0004063368132408377,0.0
4003,adam,0.0001727470576311274,0.0004060066463296231,0.0
4004,adam,0.00017269852414905025,0.0004044684361519244,0.0
4005,adam,0.00017264981881768765,0.00040388876342697483,0.0
4006,adam,0.00017260089719126686,0.0004032027765669522,0.0
4007,adam,0.00017255287054441506,0.00040185783301712374,0.0
4008,adam,0.00017250460409635882,0.0004019696808902165,0.0
4009,adam,0.00017245584202009722,0.00040206065688526714,0.0
4010,adam,0.0001724071305863581,0.00040076865829190435,0.0
4011,adam,0.000172359025570361,0.00040231222970882596,0.0
4012,adam,0.00017231092878691983,0.000402334780751281,0.0
4013,adam,0.00017226264737200885,0.0004042603301249621,0.0
4014,adam,0.00017221449632067538,0.0004015953367196336,0.0
4015,adam,0.00017216682334355443,0.0004061113239449355,0.0
4016,adam,0.0001721180515515972,0.00040393202358890684,0.0
4017,adam,0.00017207015174628052,0.00040624415136420014,0.0
4018,adam,0.0001720224121772761,0.0004074386791365044,0.0
4019,adam,0.00017197423483739771,0.00041232154824054015,0.0
4020,adam,0.0001719269590541709,0.00041900704010003754,0.0
4021,adam,0.00017187869740233633,0.0004295216472874056,0.0
4022,adam,0.00017183115363777205,0.00044975794506890097,0.0
4023,adam,0.00017178289613461594,0.0004701939088573072,0.0
4024,adam,0.00017173546684024526,0.000509222936168429,0.0
4025,adam,0.00017168869254572324,0.0005592899589837711,0.0
4026,adam,0.00017164047442127053,0.0006479613829341716,0.0
4027,adam,0.00017159326418686094,0.0007449901975050099,0.0
4028,adam,0.00017154627845138826,0.0008885592459072117,0.0
4029,adam,0.00017149894985825674,0.0010488967380516527,0.0
4030,adam,0.00017145294703424258,0.0012690085303827077,0.0
4031,adam,0.00017140595628858154,0.001522242300608165,0.0
4032,adam,0.0001713608858269178,0.0018633202458511779,0.0
4033,adam,0.00017131632414312111,0.0022679005540619454,0.0
4034,adam,0.00017127330503108478,0.0028034514835850732,0.0
4035,adam,0.0001712332523853402,0.0034664494288439186,0.0
4036,adam,0.00017119660011084834,0.0043317412568624125,0.0
4037,adam,0.0001711659639863267,0.0054121739480493605,0.0
4038,adam,0.00017114636431893272,0.006815073714565375,0.0
4039,adam,0.00017114234981231314,0.008590689922276467,0.0
4040,adam,0.00017116701127641417,0.01089510141303351,0.0
4041,adam,0.00017123581132953187,0.013855705730458944,0.0
4042,adam,0.00017138085181049578,0.01771706526087221,0.0
4043,adam,0.00017165408013084717,0.022712597964818327,0.0
4044,adam,0.0001721397768788193,0.02923878000593155,0.0
4045,adam,0.00017298947590733258,0.03774394846958562,0.0
4046,adam,0.00017445672545732873,0.04891085021221701,0.0
4047,adam,0.00017698997419674843,0.06355749352411293,0.0
4048,adam,0.0001813494739679866,0.08285153675960254,0.0
4049,adam,0.0001888769140961428,0.10827514626596434,0.0
4050,adam,0.0002018689129862404,0.14187131464113875,0.0
4051,adam,0.00022437780916165822,0.1862705239998811,0.0
4052,adam,0.00026317398193022095,0.2449035934960061,0.0
4053,adam,0.00032993164230595495,0.32207265472018554,0.0
4054,adam,0.00044248423042783625,0.42276684139162773,0.0
4055,adam,0.0006284001748530004,0.5522441731602729,0.0
4056,adam,0.0009170309385029298,0.7139553204059669,0.0
4057,adam,0.0013332454560155901,0.9070813149846935,0.0
4058,adam,0.0018422760740880357,1.1208053565700873,0.0
4059,adam,0.0023540309319879213,1.3326445988910642,0.0
4060,adam,0.002696640213917359,1.5104410384555889,0.0
4061,adam,0.002831739037506677,1.6202597569215063,0.0
4062,adam,0.0027630999559011236,1.6377191872558359,0.0
4063,adam,0.002553015315763078,1.5320409688932302,0.0
4064,adam,0.0020426421497532193,1.2865100304016863,0.0
4065,adam,0.0012281171581341784,0.8879563092303532,0.0
4066,adam,0.0004449311251921546,0.3831205416228589,0.0
4067,adam,0.00022105406177754663,0.2146667270886984,0.0
4068,adam,0.0006442264840496284,0.6529701066536918,0.0
4069,adam,0.0011825744895578442,0.9314094629222368,0.0
4070,adam,0.001255051827208985,0.9774244627247212,0.0
4071,adam,0.0008321269324750835,0.7977450977011208,0.0
4072,adam,0.00039778624752243654,0.47155004520514654,0.0
4073,adam,0.0002951921516084101,0.20321522269171316,0.0
4074,adam,0.0004253221357331415,0.36676877238519545,0.0
4075,adam,0.000541026749233506,0.5628366323751227,0.0
4076,adam,0.0005680783152186256,0.6324846438593736,0.0
4077,adam,0.0005361330716567409,0.5726060391843175,0.0
4078,adam,0.0004285625934827483,0.4076390837643676,0.0
4079,adam,0.0002750034135242074,0.19056531568366486,0.0
4080,adam,0.00021274988799476665,0.1795122233880318,0.0
4081,adam,0.00031360393982633424,0.36259921054911287,0.0
4082,adam,0.00043761897354000693,0.4599917473167529,0.0
4083,adam,0.0004087947633232446,0.4241328933810583,0.0
4084,adam,0.00026282333806574963,0.27263030307331754,0.0
4085,adam,0.00017874165437473794,0.07449730888602078,0.0
4086,adam,0.00022304839280741395,0.1577899480537523,0.0
4087,adam,0.0002937424574736461,0.2881645604343747,0.0
4088,adam,0.00029792629440016517,0.3305680754242476,0.0
4089,adam,0.00025656993218728966,0.29123677890491645,0.0
4090,adam,0.0002230642837370661,0.2012477661255313,0.0
4091,adam,0.00020645159186169645,0.10913216212826966,0.0
4092,adam,0.00020032913142280345,0.12289140576790493,0.0
4093,adam,0.0002131884736181142,0.20231901032010155,0.0
4094,adam,0.00023683733522826599,0.24700678942267384,0.0
4095,adam,0.0002365270934726344,0.22867945873408296,0.0
4096,adam,0.00020279548536660736,0.1480856233244035,0.0
4097,adam,0.00017353784485033306,0.03132389119451228,0.0
4098,adam,0.00018089905746527884,0.08672123939745738,0.0
4099,adam,0.00020663937391980901,0.1661688247021188,0.0
4100,adam,0.00021366088515871082,0.18852278938757358,0.0
4101,adam,0.00019730655939025757,0.15777857127343647,0.0
4102,adam,0.0001811114399554354,0.09552248442686395,0.0
4103,adam,0.0001785292956408898,0.048281863769867,0.0
4104,adam,0.0001826167316107758,0.07705479500888639,0.0
4105,adam,0.00018566052673988728,0.11399873146077256,0.0
4106,adam,0.0001877652895245407,0.1288727972347787,0.0
4107,adam,0.0001878606078464374,0.11848207399221,0.0
4108,adam,0.00018235660895859216,0.08408321703614526,0.0
4109,adam,0.00017418896700682157,0.03498378422685769,0.0
4110,adam,0.0001720324377539754,0.03376716049569917,0.0
4111,adam,0.00017776004061107473,0.07592970498384449,0.0
4112,adam,0.0001830530599191616,0.09728726376454384,0.0
4113,adam,0.00018109151550242623,0.09138665457574176,0.0
4114,adam,0.00017500132010609277,0.06386187513924073,0.0
4115,adam,0.00017174527830597273,0.029463639822790565,0.0
4116,adam,0.00017278116771563893,0.02746878022445986,0.0
4117,adam,0.00017465314576594913,0.05094902370082432,0.0
4118,adam,0.0001751960223660838,0.06538019444739078,0.0
4119,adam,0.0001749788154864036,0.06780599760278656,0.0
4120,adam,0.0001743466871771284,0.05838086630727011,0.0
4121,adam,0.00017278271740482116,0.03892934771676631,0.0
4122,adam,0.00017097723417998508,0.015331649204693877,0.0
4123,adam,0.00017070632925790806,0.02231821917712782,0.0
4124,adam,0.0001721818129432765,0.04270253024565149,0.0
4125,adam,0.0001734172751943038,0.052573498891970126,0.0
4126,adam,0.00017285115333681486,0.048869884329348655,0.0
4127,adam,0.00017123849089404068,0.03442661316090962,0.0
4128,adam,0.00017027280030867153,0.016152474418165714,0.0
4129,adam,0.00017040332682416754,0.012870991304755825,0.0
4130,adam,0.0001708402374885084,0.024869393009685208,0.0
4131,adam,0.00017099961537134838,0.032828180478323504,0.0
4132,adam,0.00017098106772437175,0.03508799644462433,0.0
4133,adam,0.00017088515027865477,0.0320476269981526,0.0
4134,adam,0.000170528592216596,0.024113595968197454,0.0
4135,adam,0.0001699511525547036,0.012532444490639854,0.0
4136,adam,0.00016960695346459337,0.004932865583598861,0.0
4137,adam,0.00016978222540396337,0.015222831959164422,0.0
4138,adam,0.00017016506219837433,0.023268535085259875,0.0
4139,adam,0.00017025003217002206,0.02568264923651277,0.0
4140,adam,0.00016995210855049868,0.0227339064504857,0.0
4141,adam,0.00016959207500073228,0.01635312988802416,0.0
4142,adam,0.0001694183061516817,0.00946232340068704,0.0
4143,adam,0.00016938513038098558,0.006788724579618918,0.0
4144,adam,0.00016936789574375344,0.010319924650993286,0.0
4145,adam,0.00016936302060750725,0.014616919502588777,0.0
4146,adam,0.00016939583884036273,0.017296713034252568,0.0
4147,adam,0.0001693917593449519,0.01738744053747541,0.0
4148,adam,0.00016926279241671614,0.014420952819317896,0.0
4149,adam,0.00016905553486575543,0.008897301339172253,0.0
4150,adam,0.00016891255434804483,0.00218804224634098,0.0
4151,adam,0.00016889747726212188,0.004540524563146459,0.0
4152,adam,0.0001689377095881331,0.009304719350936649,0.0
4153,adam,0.00016893535281455225,0.011748271432064852,0.0
4154,adam,0.00016887361135507962,0.012062999985060635,0.0
4155,adam,0.00016879631339591542,0.010810010825349312,0.0
4156,adam,0.00016872450710572927,0.008581128132244856,0.0
4157,adam,0.0001686460237467636,0.005664612267746147,0.0
4158,adam,0.00016856456052079217,0.002649479125590389,0.0
4159,adam,0.0001685062145537085,0.0029012996316464083,0.0
4160,adam,0.0001684878062999782,0.005649875896685841,0.0
4161,adam,0.0001684798067802236,0.007659969561317086,0.0
4162,adam,0.0001684464400007522,0.008244926720536488,0.0
4163,adam,0.00016838116052406076,0.007538158611547592,0.0
4164,adam,0.00016830718225340624,0.0059343925773335604,0.0
4165,adam,0.00016824811656058846,0.004084873436957932,0.0
4166,adam,0.00016819806657908973,0.002502453383967421,0.0
4167,adam,0.00016815123651631715,0.002084479065057136,0.0
4168,adam,0.00016810641328825356,0.003098905994893876,0.0
4169,adam,0.00016806892546006476,0.004408359332254095,0.0
4170,adam,0.0001680367216839922,0.005348032938603352,0.0
4171,adam,0.0001679967572900656,0.005533836363934141,0.0
4172,adam,0.00016794560621187304,0.004940211218276917,0.0
4173,adam,0.00016788846230509768,0.003722602798504172,0.0
4174,adam,0.00016783530648088214,0.0023244644497677665,0.0
4175,adam,0.00016779026966609245,0.001306579896701556,0.0
4176,adam,0.00016774782244469185,0.001459350699130062,0.0
4177,adam,0.0001677055363452717,0.0021610810010575464,0.0
4178,adam,0.00016766271349649844,0.002799287485355246,0.0
4179,adam,0.00016762206459058345,0.003301688233712296,0.0
4180,adam,0.00016758152411096153,0.003493241044993001,0.0
4181,adam,0.0001675373001782445,0.003335419637475009,0.0
4182,adam,0.00016748942578021547,0.002789710753726316,0.0
4183,adam,0.0001674417904985539,0.0020447390097022037,0.0
4184,adam,0.00016739589264698775,0.0012709175492835708,0.0
4185,adam,0.00016735237568368903,0.0008403887190334932,0.0
4186,adam,0.00016730971030025834,0.0009382236928566931,0.0
4187,adam,0.0001672673075540242,0.00127720380084789,0.0
4188,adam,0.0001672246552088659,0.0016832714731072533,0.0
4189,adam,0.00016718312218401833,0.001998181425296886,0.0
4190,adam,0.00016714089976760125,0.002184218810713608,0.0
4191,adam,0.00016709778903772362,0.0021253101081723544,0.0
4192,adam,0.0001670540738859103,0.0018994984525338618,0.0
4193,adam,0.00016701016720395445,0.0015205210175319186,0.0
4194,adam,0.00016696648369899985,0.0011560854130366958,0.0
4195,adam,0.00016692275451340855,0.0008306886567355993,0.0
4196,adam,0.00016688047983716414,0.000621659149877314,0.0
4197,adam,0.00016683810582211555,0.0005491647372652003,0.0
4198,adam,0.0001667957373166187,0.0006625515799736175,0.0
4199,adam,0.0001667533400211534,0.0009138053446271073,0.0
4200,adam,0.00016671155781563821,0.0011231157750004098,0.0
4201,adam,0.00016667031406407333,0.0012700226901817037,0.0
4202,adam,0.00016662738859301787,0.0012882246769183362,0.0
4203,adam,0.0001665840721098747,0.0012623214880041656,0.0
4204,adam,0.00016654307162361213,0.0011710274036121026,0.0
4205,adam,0.0001665004104033765,0.0010825548051011165,0.0
4206,adam,0.00016645848353370214,0.0009346109292549441,0.0
4207,adam,0.00016641559997351653,0.0007818638891535269,0.0
4208,adam,0.0001663740073041582,0.0005895625825095797,0.0
4209,adam,0.00016633209314925217,0.00046118410401876957,0.0
4210,adam,0.0001662899312942129,0.0004099691851601689,0.0
4211,adam,0.00016624856403958915,0.0004377111537237969,0.0
4212,adam,0.00016620645303436966,0.0004909365443700143,0.0
4213,adam,0.00016616480389764876,0.0005273199111038668,0.0
4214,adam,0.00016612302413343406,0.0005921194224448227,0.0
4215,adam,0.00016608177991041405,0.0006430156422580131,0.0
4216,adam,0.00016604082458843275,0.0007124925386522795,0.0
4217,adam,0.0001659987498197528,0.000735455227772474,0.0
4218,adam,0.0001659576314343363,0.0007549128665089675,0.0
4219,adam,0.00016591631230212194,0.0007340527521941315,0.0
4220,adam,0.00016587446479977548,0.0007316103413664566,0.0
4221,adam,0.0001658336743750172,0.0007014067491359581,0.0
4222,adam,0.00016579206569521785,0.0006898642127275542,0.0
4223,adam,0.00016575047984939458,0.0006398553881140433,0.0
4224,adam,0.00016570994031837126,0.0006031730128376688,0.0
4225,adam,0.00016566865777832844,0.000544862287490194,0.0
4226,adam,0.00016562792557116865,0.0005163047762046232,0.0
4227,adam,0.00016558669729405812,0.0004728142399188737,0.0
4228,adam,0.00016554542603529573,0.0004486357023441593,0.0
4229,adam,0.00016550481739486075,0.00041475025551955167,0.0
4230,adam,0.00016546413104577562,0.0003965095041052455,0.0
4231,adam,0.00016542321684062124,0.0003797441660137032,0.0
4232,adam,0.00016538203624234975,0.0003783571241052924,0.0
4233,adam,0.000165340981470209,0.00038068947488043334,0.0
4234,adam,0.00016530080862458944,0.00038291509411946374,0.0
4235,adam,0.00016526003701591575,0.00038542402461327977,0.0
4236,adam,0.0001652192220610396,0.00038742029251922626,0.0
4237,adam,0.0001651792242839349,0.0003994795947908858,0.0
4238,adam,0.00016513849047265642,0.0004034239509108528,0.0
4239,adam,0.00016509779873143842,0.00042063689043020776,0.0
4240,adam,0.00016505727688684408,0.00042260362850660165,0.0
4241,adam,0.00016501722977457493,0.0004372006527676363,0.0
4242,adam,0.00016497640870312386,0.0004402313161575398,0.0
4243,adam,0.00016493665483748756,0.00046155629808168337,0.0
4244,adam,0.00016489648696898663,0.00046917451369810683,0.0
4245,adam,0.00016485620874870163,0.000499346256995095,0.0
4246,adam,0.00016481581347431952,0.000518373188193205,0.0
4247,adam,0.0001647754341179876,0.0005612418445033649,0.0
4248,adam,0.00016473589955394007,0.0005892140049656477,0.0
4249,adam,0.0001646960046810061,0.0006464746425135569,0.0
4250,adam,0.0001646553421977514,0.0006893030869316541,0.0
4251,adam,0.0001646156363189314,0.0007653164884329733,0.0
4252,adam,0.000164576179523458,0.0008311647096944511,0.0
4253,adam,0.00016453602134919282,0.0009447564725068872,0.0
4254,adam,0.00016449685966318274,0.0010678113301716657,0.0
4255,adam,0.0001644571199599702,0.0012580090418096703,0.0
4256,adam,0.00016441813851114865,0.0014656222684868631,0.0
4257,adam,0.00016437889690451696,0.0017572323815283476,0.0
4258,adam,0.00016434071287114597,0.002096805565715149,0.0
4259,adam,0.00016430303874568505,0.002548352072677997,0.0
4260,adam,0.000164266736785287,0.0030776837458183696,0.0
4261,adam,0.0001642320238369991,0.003767004882483962,0.0
4262,adam,0.00016419934634337481,0.00459596063807355,0.0
4263,adam,0.00016417017400972766,0.0056732218851003845,0.0
4264,adam,0.0001641475698204893,0.007009307066526844,0.0
4265,adam,0.00016413403831974378,0.00872544367443441,0.0
4266,adam,0.0001641356869739714,0.010863688529492233,0.0
4267,adam,0.0001641619764948555,0.013605184871795116,0.0
4268,adam,0.00016422695659072347,0.01707062077065502,0.0
4269,adam,0.00016435554714051275,0.02153563393751354,0.0
4270,adam,0.00016458836446986384,0.027232447021195743,0.0
4271,adam,0.0001649929632319748,0.03459948151116805,0.0
4272,adam,0.00016568454568932948,0.044085221473245395,0.0
4273,adam,0.00016685424191374877,0.056407846954518906,0.0
4274,adam,0.00016883012206741745,0.07239893375197429,0.0
4275,adam,0.00017216870841412965,0.09328981015263808,0.0
4276,adam,0.00017783573574095657,0.12057119759211929,0.0
4277,adam,0.00018747471313555178,0.15638909864631917,0.0
4278,adam,0.0002039883236959942,0.2034197575507068,0.0
4279,adam,0.00023228735952074005,0.2654199210100453,0.0
4280,adam,0.0002811868806414516,0.34705536144819077,0.0
4281,adam,0.00036523519664342344,0.4547416478566769,0.0
4282,adam,0.0005106283959905317,0.5959575786326412,0.0
4283,adam,0.0007573646829392146,0.7803689280616417,0.0
4284,adam,0.0011745370576433823,1.0165158883668453,0.0
4285,adam,0.0018409305924023392,1.31165437081672,0.0
4286,adam,0.002860033313070453,1.6581403878782874,0.0
4287,adam,0.004169397327388606,2.0261508639533115,0.0
4288,adam,0.005518001068334289,2.3311575636192696,0.0
4289,adam,0.005992364337622345,2.439191009413768,0.0
4290,adam,0.004929667560832813,2.1915092399800358,0.0
4291,adam,0.002460823624949185,1.523625668169956,0.0
4292,adam,0.0004616222672288678,0.5410360551244234,0.0
4293,adam,0.00040268377567293244,0.4832091101811458,0.0
4294,adam,0.0017575635632414213,1.2607617991881954,0.0
4295,adam,0.0026372475979644814,1.566868325865684,0.0
4296,adam,0.0018943162780636978,1.3104403332350827,0.0
4297,adam,0.0005426628147072103,0.6061736378470597,0.0
4298,adam,0.00023673060144230055,0.25348553766899534,0.0
4299,adam,0.0010393613113547314,0.9270192319177564,0.0
4300,adam,0.0015271558719847133,1.1541508113410184,0.0
4301,adam,0.0009473871300578545,0.8739632041236685,0.0
4302,adam,0.0002317999744969852,0.24445898916365377,0.0
4303,adam,0.0003574564806643959,0.42833279884027736,0.0
4304,adam,0.0008886036905779918,0.8388328264231877,0.0
4305,adam,0.0008665620439133341,0.8229845237705803,0.0
4306,adam,0.0003559616086123912,0.42530462712464223,0.0
4307,adam,0.0001892581865377759,0.13732597690146894,0.0
4308,adam,0.0005073237159306576,0.5728669876620328,0.0
4309,adam,0.0006583080745408066,0.6894518777297343,0.0
4310,adam,0.0003874291705822057,0.45924428312139987,0.0
4311,adam,0.000170952440312354,0.03271787802398383,0.0
4312,adam,0.0003148612409710652,0.37592529946127795,0.0
4313,adam,0.0004826657831333755,0.550664420043737,0.0
4314,adam,0.0003637734805494279,0.43346633636388826,0.0
4315,adam,0.00018288705378511152,0.11162843219845332,0.0
4316,adam,0.0002266004753533568,0.23543225057779774,0.0
4317,adam,0.0003576920019554583,0.42736303911928863,0.0
4318,adam,0.0003225167966120181,0.384508613160826,0.0
4319,adam,0.0001934887093586434,0.15175062821018687,0.0
4320,adam,0.00018834031909851817,0.13657377647006153,0.0
4321,adam,0.0002777085721521623,0.32451979500098305,0.0
4322,adam,0.00028113254173350253,0.32941754517036886,0.0
4323,adam,0.0001979506631944349,0.1668880424710298,0.0
4324,adam,0.00017324031113570643,0.06655768278030637,0.0
4325,adam,0.00022784148240766663,0.23994247563226853,0.0
4326,adam,0.00024715104188113835,0.27599786458161585,0.0
4327,adam,0.00019804932988340494,0.16873222543849023,0.0
4328,adam,0.000168735728267608,0.019589372846434097,0.0
4329,adam,0.00019806112417433748,0.17046110699530698,0.0
4330,adam,0.00022052462731469842,0.22561673147307645,0.0
4331,adam,0.00019524597416003032,0.16175947509671448,0.0
4332,adam,0.00016873190554352098,0.026419162791899674,0.0
4333,adam,0.00018111517439030786,0.11385736753484592,0.0
4334,adam,0.00020091388465820858,0.1794219914538363,0.0
4335,adam,0.0001907875293766601,0.14950053364263974,0.0
4336,adam,0.000170159813116916,0.049234288242144084,0.0
4337,adam,0.0001721679876781011,0.06762940937390101,0.0
4338,adam,0.00018679159072408213,0.1374860398156871,0.0
4339,adam,0.00018560414080853155,0.13316065780668176,0.0
4340,adam,0.0001715652414992775,0.0645150196699681,0.0
4341,adam,0.00016812241871000104,0.030970168553678113,0.0
4342,adam,0.00017720153479105924,0.09961451015551041,0.0
4343,adam,0.00018030921847996467,0.11395341072849159,0.0
4344,adam,0.00017227850036973002,0.07218678523303369,0.0
4345,adam,0.00016689244100747227,0.00787841398812192,0.0
4346,adam,0.00017116656970042786,0.0659326826622338,0.0
4347,adam,0.0001754775623977673,0.09271197075281228,0.0
4348,adam,0.00017208580383206267,0.07312148522577136,0.0
4349,adam,0.00016701640152971573,0.021468395520291058,0.0
4350,adam,0.00016784019581900204,0.036905312118218694,0.0
4351,adam,0.00017147109787879575,0.07051733085609885,0.0
4352,adam,0.0001710869398299395,0.06823121864422536,0.0
4353,adam,0.0001674961150013043,0.03451345489626905,0.0
4354,adam,0.0001663821746414942,0.013398788749459526,0.0
4355,adam,0.00016853032909555524,0.04853553514602199,0.0
4356,adam,0.0001695766504621731,0.05865688499707949,0.0
4357,adam,0.0001677322672842676,0.04098024938652874,0.0
4358,adam,0.0001660137068391967,0.007678635451576782,0.0
4359,adam,0.00016669003764823253,0.028123281589766708,0.0
4360,adam,0.00016796904182468612,0.0458815967070632,0.0
4361,adam,0.00016751563480619535,0.04137785189518876,0.0
4362,adam,0.00016608353613384175,0.018942780566849688,0.0
4363,adam,0.0001657709859119204,0.010721256892958598,0.0
4364,adam,0.00016660789121069204,0.03161579332836077,0.0
4365,adam,0.0001669149877887825,0.03676971855910005,0.0
4366,adam,0.00016614249588969645,0.025317444705585706,0.0
4367,adam,0.00016545775384107662,0.004805184964010331,0.0
4368,adam,0.0001656851144897102,0.017488240764983575,0.0
4369,adam,0.00016615456443550046,0.0286525827179894,0.0
4370,adam,0.00016598047592042357,0.0264321237633734,0.0
4371,adam,0.00016539661753295465,0.013197680097254116,0.0
4372,adam,0.00016519316130524222,0.00532745782049287,0.0
4373,adam,0.00016546423153789618,0.018666658844661784,0.0
4374,adam,0.00016560473409945085,0.02320444092297279,0.0
4375,adam,0.00016532105009948151,0.017486425858272425,0.0
4376,adam,0.00016498754118487478,0.005309009208502417,0.0
4377,adam,0.00016498184362660079,0.008665865014835312,0.0
4378,adam,0.00016514575553101747,0.016964135134627727,0.0
4379,adam,0.00016511686431685283,0.017533395455928878,0.0
4380,adam,0.00016487698035612467,0.010833540530783566,0.0
4381,adam,0.00016471005350662498,0.0016897627384869609,0.0
4382,adam,0.00016474603244877176,0.009445484360474694,0.0
4383,adam,0.00016480957893110659,0.014166001419196262,0.0
4384,adam,0.00016472323335934937,0.01272308616142171,0.0
4385,adam,0.00016455304776693785,0.006359132434238747,0.0
4386,adam,0.00016446855495281487,0.002459591222419332,0.0
4387,adam,0.00016449099078953903,0.008820551893164308,0.0
4388,adam,0.0001644948266193957,0.011263808407985663,0.0
4389,adam,0.0001644021984246906,0.009081174375219197,0.0
4390,adam,0.0001642855340437085,0.0036115334037655016,0.0
4391,adam,0.0001642341885579221,0.0031023355490427526,0.0
4392,adam,0.00016423440922973078,0.007564000769898679,0.0
4393,adam,0.00016420771495120705,0.008745142176856019,0.0
4394,adam,0.00016412679994509918,0.00646785063743233,0.0
4395,adam,0.00016404251906224575,0.002065152603964572,0.0
4396,adam,0.0001640002460211101,0.003062888640603934,0.0
4397,adam,0.0001639830395425552,0.006193715666036978,0.0
4398,adam,0.0001639444467629249,0.006713872204293759,0.0
4399,adam,0.00016387563314130527,0.004693349779134868,0.0
4400,adam,0.000163809344503773,0.001275005983976623,0.0
4401,adam,0.00016376895294095497,0.002663197886489793,0.0
4402,adam,0.00016374022939153344,0.004922613391659431,0.0
4403,adam,0.00016369815223233288,0.005160697536305981,0.0
4404,adam,0.00016363853446549911,0.0035390556077397,0.0
4405,adam,0.0001635821823567605,0.0009430324070077625,0.0
4406,adam,0.0001635405553789209,0.0021169123089586715,0.0
4407,adam,0.0001635058299805488,0.0038139176549525627,0.0
4408,adam,0.00016346304608568207,0.003998047632486614,0.0
4409,adam,0.0001634108969500958,0.0027806388516377427,0.0
4410,adam,0.0001633590842303552,0.0008260611548433093,0.0
4411,adam,0.00016331651086989686,0.0015685544863725503,0.0
4412,adam,0.00016327789798518556,0.002908115873314271,0.0
4413,adam,0.0001632349805592063,0.0031192963798734167,0.0
4414,adam,0.0001631865471593002,0.002268689909120452,0.0
4415,adam,0.00016313881315419278,0.0008004210899787819,0.0
4416,adam,0.00016309509209564842,0.0010892402981536244,0.0
4417,adam,0.0001630555448481008,0.0021709546278402144,0.0
4418,adam,0.0001630131473065667,0.002443265127931982,0.0
4419,adam,0.0001629670771639795,0.0019142883679529007,0.0
4420,adam,0.00016292095768173696,0.000848288415031327,0.0
4421,adam,0.0001628779264347496,0.0006889353443933281,0.0
4422,adam,0.00016283624784967093,0.0015746761591372285,0.0
4423,adam,0.0001627945607780119,0.001934628765017381,0.0
4424,adam,0.00016275098714955784,0.0016745699350307639,0.0
4425,adam,0.00016270558045332578,0.0009278347197221711,0.0
4426,adam,0.00016266280234214668,0.00043867593655731035,0.0
4427,adam,0.0001626207591694114,0.0010602897307885252,0.0
4428,adam,0.00016257886975739425,0.0014564361371176757,0.0
4429,adam,0.00016253633101724995,0.0014096755134250757,0.0
4430,adam,0.00016249313007115146,0.0009436531324792926,0.0
4431,adam,0.0001624504980073764,0.0004308649174648747,0.0
4432,adam,0.00016240846635024738,0.0006854591309895297,0.0
4433,adam,0.00016236640264028244,0.0010689880512562656,0.0
4434,adam,0.0001623248163881626,0.0011551064232259234,0.0
4435,adam,0.00016228194597624047,0.0009024618202605482,0.0
4436,adam,0.0001622394794175015,0.0005224202596261024,0.0
4437,adam,0.0001621976053047284,0.00044291185086430446,0.0
4438,adam,0.00016215659455483928,0.0007378582986773918,0.0
4439,adam,0.00016211436681352293,0.0009265400239452275,0.0
4440,adam,0.00016207325000308368,0.000856283938237201,0.0
4441,adam,0.00016203115923954587,0.0006241730034332452,0.0
4442,adam,0.00016198900101527147,0.0003947512814455019,0.0
4443,adam,0.0001619482262469826,0.0004750308092149384,0.0
4444,adam,0.00016190699191510018,0.0006616521307208113,0.0
4445,adam,0.00016186552856318405,0.000700277030543152,0.0
4446,adam,0.00016182443894406198,0.0006088848130512113,0.0
4447,adam,0.00016178278948878486,0.00043933316349515354,0.0
4448,adam,0.00016174237509169556,0.0003844058318511503,0.0
4449,adam,0.0001617011864963969,0.0004878969073919532,0.0
4450,adam,0.0001616605383106556,0.0005756902049960016,0.0
4451,adam,0.00016161974369491473,0.0005857765628063008,0.0
4452,adam,0.0001615789503723335,0.0004927871945771562,0.0
4453,adam,0.00016153804358998375,0.0004001350200252207,0.0
4454,adam,0.00016149739629858583,0.00038816644581237184,0.0
4455,adam,0.00016145657280787053,0.0004527501701441877,0.0
4456,adam,0.00016141644373861936,0.000511309975372138,0.0
4457,adam,0.00016137562414135197,0.0004934704506263763,0.0
4458,adam,0.0001613351854089745,0.0004370880954969796,0.0
4459,adam,0.0001612947305675951,0.0003792067611702028,0.0
4460,adam,0.00016125449386588292,0.00038782441650014985,0.0
4461,adam,0.00016121436787119094,0.0004385643142127521,0.0
4462,adam,0.00016117397957883758,0.00045828955402669227,0.0
4463,adam,0.0001611340621656055,0.00044698680593342234,0.0
4464,adam,0.00016109426889989107,0.00040174511699506696,0.0
4465,adam,0.00016105414826402955,0.00037514026057715994,0.0
4466,adam,0.00016101382892592424,0.00038117877347212595,0.0
4467,adam,0.00016097430611388457,0.0003990481220269974,0.0
4468,adam,0.00016093427270765634,0.0004115118614266311,0.0
4469,adam,0.00016089461776932798,0.00039824028524861044,0.0
4470,adam,0.00016085489328467688,0.0003829263958503374,0.0
4471,adam,0.00016081519109201566,0.00037176933737565783,0.0
4472,adam,0.00016077589245996015,0.00037493158044539754,0.0
4473,adam,0.00016073625271066004,0.00038701411469966907,0.0
4474,adam,0.0001606966030944302,0.0003873757516595377,0.0
4475,adam,0.00016065767482044811,0.0003850024988466798,0.0
4476,adam,0.00016061881071349562,0.00037356118151181953,0.0
4477,adam,0.00016057857845609623,0.0003691693389418073,0.0
4478,adam,0.00016054002515781895,0.0003712621100870318,0.0
4479,adam,0.00016050003309291925,0.0003733910006997622,0.0
4480,adam,0.00016046120672438434,0.0003741593434296297,0.0
4481,adam,0.00016042247259819004,0.0003700114147973224,0.0
4482,adam,0.0001603830932835264,0.0003689973842495792,0.0
4483,adam,0.00016034360769713978,0.00036819794519493936,0.0
4484,adam,0.00016030503755970582,0.0003678908959061277,0.0
4485,adam,0.0001602664216018813,0.00037120174077639453,0.0
4486,adam,0.00016022770795054496,0.000370534077908797,0.0
4487,adam,0.000160189169462876,0.0003684389314778762,0.0
4488,adam,0.00016015051861854244,0.00036583046771535954,0.0
4489,adam,0.00016011106118395536,0.0003660208496473848,0.0
4490,adam,0.00016007266877247358,0.00036594012167105006,0.0
4491,adam,0.00016003386257708955,0.0003658912716346475,0.0
4492,adam,0.0001599956154691188,0.0003676621766544765,0.0
4493,adam,0.0001599569868967257,0.0003660093224391546,0.0
4494,adam,0.00015991864889344697,0.00036571607374641716,0.0
4495,adam,0.00015988045896611004,0.00036426580696964205,0.0
4496,adam,0.000159842519035022,0.0003638299264692201,0.0
4497,adam,0.0001598036557625229,0.0003638217622756096,0.0
4498,adam,0.00015976601295176375,0.000363184568400692,0.0
4499,adam,0.00015972756117306139,0.00036366319870538794,0.0
4500,adam,0.00015968973169278006,0.00036287926096866354,0.0
4501,adam,0.0001596515835858126,0.0003627932559042841,0.0
4502,adam,0.00015961305777321654,0.00036183128275357567,0.0
4503,adam,0.00015957492149593278,0.000361512946351449,0.0
4504,adam,0.00015953728606452468,0.00036231590965098305,0.0
4505,adam,0.00015949937100653104,0.0003619915846650743,0.0
4506,adam,0.00015946182720747145,0.00036267734308109814,0.0
4507,adam,0.00015942381740612917,0.00036099076510953204,0.0
4508,adam,0.00015938565783953494,0.0003606503052972067,0.0
4509,adam,0.0001593485096876516,0.00035961405052559436,0.0
4510,adam,0.00015931095015695276,0.00035972173605075634,0.0
4511,adam,0.00015927304880654068,0.00036123569036921384,0.0
4512,adam,0.00015923560558889454,0.00035987212112084557,0.0
4513,adam,0.00015919827280346828,0.0003600287905772163,0.0
4514,adam,0.00015916087701086957,0.0003589230391460427,0.0
4515,adam,0.00015912337361615473,0.00035891209985363206,0.0
4516,adam,0.00015908565829445275,0.0003581287739239588,0.0
4517,adam,0.00015904820218244617,0.0003578994923677312,0.0
4518,adam,0.0001590110687166832,0.00035847494570324316,0.0
4519,adam,0.00015897389663045545,0.0003573053609509558,0.0
4520,adam,0.00015893679888765705,0.0003571725191729711,0.0
4521,adam,0.00015889934765646018,0.0003569085187642413,0.0
4522,adam,0.00015886178142405805,0.00035652408076186767,0.0
4523,adam,0.0001588255376693657,0.0003564897578257797,0.0
4524,adam,0.00015878784310727396,0.00035691628146183575,0.0
4525,adam,0.00015875135286793273,0.0003569076345770517,0.0
4526,adam,0.0001587138666186592,0.00035583480982112137,0.0
4527,adam,0.00015867716371128284,0.0003576582540242535,0.0
4528,adam,0.00015864037008892496,0.0003573268165339394,0.0
4529,adam,0.00015860320559530377,0.0003609592489116852,0.0
4530,adam,0.0001585667084229263,0.000362634162388411,0.0
4531,adam,0.00015852951575511014,0.00036655452664844106,0.0
4532,adam,0.00015849330600011801,0.0003643906553607741,0.0
4533,adam,0.00015845570781060917,0.0003629585200346762,0.0
4534,adam,0.00015841959719999817,0.00035848812811600453,0.0
4535,adam,0.0001583828693160522,0.0003561522344125264,0.0
4536,adam,0.00015834648683287208,0.00035326015918893286,0.0
4537,adam,0.00015830996559367642,0.0003542270912267506,0.0
4538,adam,0.00015827377966800082,0.0003541444574062714,0.0
4539,adam,0.0001582368540454007,0.0003536011070029675,0.0
4540,adam,0.000158200643051134,0.0003524405837980944,0.0
4541,adam,0.00015816405046327372,0.0003520566059085669,0.0
4542,adam,0.00015812751035168595,0.00035147857954835084,0.0
4543,adam,0.00015809154499716983,0.00035078215335700776,0.0
4544,adam,0.00015805475393156556,0.00035163542911876124,0.0
4545,adam,0.00015801897718619958,0.0003510975502278743,0.0
4546,adam,0.00015798266854308873,0.00035125179629448436,0.0
4547,adam,0.0001579464538245088,0.00035074384604452154,0.0
4548,adam,0.00015791044715404302,0.0003512635461550724,0.0
4549,adam,0.00015787383391085579,0.0003491889975076917,0.0
4550,adam,0.00015783777200830751,0.0003492352527616264,0.0
4551,adam,0.00015780251400350753,0.0003489503439609635,0.0
4552,adam,0.00015776616270700327,0.0003486602766150657,0.0
4553,adam,0.0001577307632929451,0.0003484445471870225,0.0
4554,adam,0.00015769440449803416,0.000348729569688697,0.0
4555,adam,0.00015765860442484855,0.00034799872796564135,0.0
4556,adam,0.00015762259663796126,0.0003477147122672384,0.0
4557,adam,0.0001575865084419031,0.00034770446975902617,0.0
4558,adam,0.000157551383868839,0.0003473821299101472,0.0
4559,adam,0.00015751533702291996,0.00034698836307721424,0.0
4560,adam,0.00015747996525873964,0.0003467703304606492,0.0
4561,adam,0.0001574439449346051,0.0003471152365232414,0.0
4562,adam,0.00015740871630977213,0.000346576203331628,0.0
4563,adam,0.00015737304121052844,0.0003477491955070654,0.0
4564,adam,0.00015733723185646064,0.00034705910832715544,0.0
4565,adam,0.00015730162655647244,0.00034876773600191094,0.0
4566,adam,0.00015726684276436904,0.0003496357450508847,0.0
4567,adam,0.00015723080105493623,0.0003539939029551,0.0
4568,adam,0.0001571951524782964,0.0003536611887519185,0.0
4569,adam,0.00015715957109629407,0.00035581954950407294,0.0
4570,adam,0.00015712460329662058,0.0003542933724151299,0.0
4571,adam,0.00015708946427016115,0.00035585830103292344,0.0
4572,adam,0.00015705404051018164,0.00035332794552371256,0.0
4573,adam,0.00015701868719160416,0.0003535537964860933,0.0
4574,adam,0.00015698334149661644,0.0003503155249687007,0.0
4575,adam,0.00015694802738168371,0.00034952461789695657,0.0
4576,adam,0.00015691370456400694,0.0003459503351646605,0.0
4577,adam,0.00015687815240600353,0.0003466218403724617,0.0
4578,adam,0.00015684268890731328,0.00034352390154998266,0.0
4579,adam,0.00015680833860383123,0.00034206946700619003,0.0
4580,adam,0.00015677300115144385,0.0003433460661697465,0.0
4581,adam,0.0001567379903255588,0.0003433394094097729,0.0
4582,adam,0.00015670292823868824,0.00034372746660709465,0.0
4583,adam,0.00015666800351842874,0.00034373849375211873,0.0
4584,adam,0.00015663382353854133,0.00034528653392285774,0.0
4585,adam,0.00015659830928943042,0.00034259214626525616,0.0
4586,adam,0.00015656368366300186,0.0003431099962214837,0.0
4587,adam,0.00015652854825021982,0.00034285204403309633,0.0
4588,adam,0.00015649407187673175,0.00034267289009432006,0.0
4589,adam,0.00015645954632454505,0.0003407725689706397,0.0
4590,adam,0.00015642510661207151,0.00034361244769682257,0.0
4591,adam,0.00015638990156147106,0.0003435899114715187,0.0
4592,adam,0.00015635505140748518,0.0003457022008702862,0.0
4593,adam,0.00015632070985873675,0.0003479442350308763,0.0
4594,adam,0.00015628645124195111,0.0003515598661197078,0.0
4595,adam,0.00015625185985089073,0.0003511689396532918,0.0
4596,adam,0.00015621731808604527,0.0003545432453955933,0.0
4597,adam,0.00015618274741885043,0.00035480461203525945,0.0
4598,adam,0.000156148050609925,0.0003552824425937762,0.0
4599,adam,0.00015611394812979816,0.0003529924965497427,0.0
4600,adam,0.00015607970480221035,0.0003556292686948787,0.0
4601,adam,0.0001560449178447004,0.0003520332480907462,0.0
4602,adam,0.00015601066826520323,0.00035479170891783635,0.0
4603,adam,0.0001559767377850539,0.0003537806878652667,0.0
4604,adam,0.00015594220329747538,0.0003565673421990629,0.0
4605,adam,0.0001559076771768694,0.00035224307329246034,0.0
4606,adam,0.0001558739404285999,0.00035482099718873235,0.0
4607,adam,0.00015583957799518523,0.0003515973174837674,0.0
4608,adam,0.00015580529017184002,0.00035147808480832915,0.0
4609,adam,0.000155771023283981,0.0003494058432436283,0.0
4610,adam,0.0001557372175111944,0.00035026493028796264,0.0
4611,adam,0.0001557031801038512,0.00034939004816991444,0.0
4612,adam,0.00015566956152765024,0.00035071196746435935,0.0
4613,adam,0.00015563550000991495,0.0003517027343368087,0.0
4614,adam,0.00015560086984455125,0.0003529637805279917,0.0
4615,adam,0.00015556711905418506,0.00035478863011231154,0.0
4616,adam,0.00015553351264450436,0.00036208307629308353,0.0
4617,adam,0.00015549935407088006,0.00036843826466656174,0.0
4618,adam,0.00015546575820140309,0.00037846057927508624,0.0
4619,adam,0.00015543185514311047,0.0003866489222637875,0.0
4620,adam,0.00015539837762212544,0.0004020515807711759,0.0
4621,adam,0.0001553642260689303,0.0004168032137347416,0.0
4622,adam,0.00015533050377666038,0.00044430076440838556,0.0
4623,adam,0.00015529668353904115,0.0004789990376728888,0.0
4624,adam,0.00015526301423855724,0.0005384770242751962,0.0
4625,adam,0.00015522946819608948,0.0006077234460307455,0.0
4626,adam,0.00015519566062479698,0.0007030083566292175,0.0
4627,adam,0.00015516188545622534,0.0008128782516234473,0.0
4628,adam,0.00015512926470242515,0.0009642517187037595,0.0
4629,adam,0.0001550955481992164,0.0011473813245208363,0.0
4630,adam,0.0001550631459448548,0.0013972611490796556,0.0
4631,adam,0.00015503071493370218,0.001704796874500202,0.0
4632,adam,0.0001549985183867201,0.0021108906670426262,0.0
4633,adam,0.00015496736169549495,0.0026161867728503275,0.0
4634,adam,0.00015493779375138332,0.003274276453008047,0.0
4635,adam,0.00015491051602126794,0.004102421123784757,0.0
4636,adam,0.00015488755410199458,0.005171211919731546,0.0
4637,adam,0.00015486982823621344,0.006528385220593869,0.0
4638,adam,0.00015486213905500847,0.008289937560227133,0.0
4639,adam,0.0001548721775000281,0.010556910977753143,0.0
4640,adam,0.00015490982635092733,0.013510210093520589,0.0
4641,adam,0.00015499499791638946,0.017336983162028804,0.0
4642,adam,0.00015515991418499348,0.022344579555617323,0.0
4643,adam,0.00015546265036682532,0.02888760060190673,0.0
4644,adam,0.00015599971535967567,0.03748273726472416,0.0
4645,adam,0.00015694221706127735,0.04877802614476999,0.0
4646,adam,0.00015858753626485424,0.06370533537395494,0.0
4647,adam,0.00016146243118590615,0.08344829492936215,0.0
4648,adam,0.00016649001287368282,0.10967423320946848,0.0
4649,adam,0.00017533263192480244,0.1445496235978669,0.0
4650,adam,0.0001908994938942648,0.19108701326917263,0.0
4651,adam,0.00021850470578270255,0.25320219750535494,0.0
4652,adam,0.0002673650945036681,0.33632061218917686,0.0
4653,adam,0.00035447796599591484,0.4472521477551423,0.0
4654,adam,0.0005080653320465238,0.5951598347770536,0.0
4655,adam,0.000779386061651517,0.7900967202377239,0.0
4656,adam,0.001241566160724089,1.0436395536416927,0.0
4657,adam,0.002011526638584928,1.3606903651923656,0.0
4658,adam,0.003157382486498289,1.7344054218263287,0.0
4659,adam,0.004665725991104435,2.1166953663286163,0.0
4660,adam,0.00594261995067629,2.40498308664445,0.0
4661,adam,0.006120779742030533,2.426108838493854,0.0
4662,adam,0.00427470636866781,2.020613085725241,0.0
4663,adam,0.001559463038848441,1.169502052613056,0.0
4664,adam,0.00017774000952233617,0.09839870677990269,0.0
4665,adam,0.0010365206599535135,0.9213527193522456,0.0
4666,adam,0.0025285287242491562,1.5159968856222863,0.0
4667,adam,0.002518389704017474,1.5147414509585333,0.0
4668,adam,0.001079997683203089,0.9408932035006,0.0
4669,adam,0.00018109205143309934,0.08336246972854727,0.0
4670,adam,0.0008080503209705385,0.779247590648064,0.0
4671,adam,0.0016075166382956013,1.1718403073107078,0.0
4672,adam,0.001197304607199242,0.996495828120141,0.0
4673,adam,0.00031145289953920727,0.37591889920987026,0.0
4674,adam,0.0003155439184193727,0.36730341483629914,0.0
4675,adam,0.0009292059476939919,0.8455077238374701,0.0
4676,adam,0.0009411860553493079,0.8547852602491403,0.0
4677,adam,0.00035410748632688603,0.42809014119390143,0.0
4678,adam,0.000200285880143804,0.1816573795982177,0.0
4679,adam,0.0005921677410575507,0.627675587208921,0.0
4680,adam,0.000687799377594458,0.6977800067030523,0.0
4681,adam,0.0003225618344855034,0.3875135067149933,0.0
4682,adam,0.00017184200490082718,0.10145214917033471,0.0
4683,adam,0.0004168296968988088,0.4848983067730112,0.0
4684,adam,0.0005100143744636863,0.5653402908851961,0.0
4685,adam,0.00027789171742719247,0.3260594009470684,0.0
4686,adam,0.00016611457762761073,0.07208557004427925,0.0
4687,adam,0.00032256677637870784,0.3874744046602239,0.0
4688,adam,0.00038703596347956077,0.4567060013087775,0.0
4689,adam,0.00023753077276894875,0.26367872143154397,0.0
4690,adam,0.00016462023443383924,0.06146341736749677,0.0
4691,adam,0.0002673253780556604,0.3164688414373589,0.0
4692,adam,0.0003080130831855737,0.3704714561841762,0.0
4693,adam,0.0002082445994531056,0.21037015018633634,0.0
4694,adam,0.0001630809132477869,0.054502659935733236,0.0
4695,adam,0.00023215956767946535,0.260449767321624,0.0
4696,adam,0.0002562999512636146,0.30053059271806465,0.0
4697,adam,0.0001897544912957864,0.16792980652106568,0.0
4698,adam,0.000161672548486075,0.046373656949901254,0.0
4699,adam,0.00020782926189218148,0.2129220012358008,0.0
4700,adam,0.0002229353638901938,0.24385533290708836,0.0
4701,adam,0.00017870375061364413,0.13536272285289616,0.0
4702,adam,0.00016078114150001692,0.03869572606565925,0.0
4703,adam,0.00019119541956018321,0.1725723868846223,0.0
4704,adam,0.00020071835681865994,0.19743515759508462,0.0
4705,adam,0.00017178191014928596,0.10984637681334113,0.0
4706,adam,0.00016001082174235654,0.030886878796230435,0.0
4707,adam,0.00017979052795094036,0.13888451153804351,0.0
4708,adam,0.00018626419900282445,0.1599184726282663,0.0
4709,adam,0.0001673476590701692,0.09057602897008854,0.0
4710,adam,0.0001591545447820708,0.022500818209227592,0.0
4711,adam,0.00017195090476406814,0.11072121551823745,0.0
4712,adam,0.00017677903934680477,0.12997884062949236,0.0
4713,adam,0.00016458035916767948,0.07634734245543406,0.0
4714,adam,0.00015841400111285683,0.013715136716761951,0.0
4715,adam,0.00016646961099295565,0.08710556898595834,0.0
4716,adam,0.00017043834466588746,0.10616003503810793,0.0
4717,adam,0.00016281256482795603,0.0660640533764186,0.0
4718,adam,0.0001579834732627449,0.006128678224236165,0.0
4719,adam,0.00016277996426857633,0.06729679807248554,0.0
4720,adam,0.00016602946755183044,0.08682344253114072,0.0
4721,adam,0.00016150385871357303,0.05826951484964521,0.0
4722,adam,0.00015774003605273514,0.0033040543209876734,0.0
4723,adam,0.00016038133767566027,0.05053816919996635,0.0
4724,adam,0.0001629884875210189,0.07086838007573697,0.0
4725,adam,0.0001604668728865325,0.052014865092302395,0.0
4726,adam,0.0001575624068582906,0.008058320454121953,0.0
4727,adam,0.00015881402381457164,0.03612388514923634,0.0
4728,adam,0.0001608422719114234,0.057056383201666776,0.0
4729,adam,0.00015962594926067876,0.04647691773952476,0.0
4730,adam,0.00015744582600126888,0.013096685706679935,0.0
4731,adam,0.0001578081105080857,0.023701724100705836,0.0
4732,adam,0.00015929382327056098,0.04472697771882756,0.0
4733,adam,0.00015889465208958274,0.040982062107980596,0.0
4734,adam,0.00015735793242141428,0.016851856814222844,0.0
4735,adam,0.00015720321321141244,0.013379317988629517,0.0
4736,adam,0.0001581826707608106,0.03376435475445788,0.0
4737,adam,0.00015823274458420754,0.03522337962484775,0.0
4738,adam,0.000157240003020418,0.01892530358904113,0.0
4739,adam,0.00015684647989311335,0.005320480735974105,0.0
4740,adam,0.00015740430534470407,0.024231846943430876,0.0
4741,adam,0.00015764618651382858,0.02937054964225035,0.0
4742,adam,0.000157074488456343,0.019470868283944464,0.0
4743,adam,0.0001566223850046252,0.0013236378321130932,0.0
4744,adam,0.00015685814771286864,0.016107295226996325,0.0
4745,adam,0.00015713583502108936,0.0236223285637563,0.0
4746,adam,0.0001568710200039312,0.018934421721333725,0.0
4747,adam,0.0001564669414942236,0.005548879542585752,0.0
4748,adam,0.0001564792626977984,0.009218515525864897,0.0
4749,adam,0.00015669684463415242,0.01808717870975425,0.0
4750,adam,0.00015662888561833243,0.017412867414258546,0.0
4751,adam,0.0001563338217160175,0.008533969829743445,0.0
4752,adam,0.00015622212092920954,0.003642357418424366,0.0
4753,adam,0.00015633884304785235,0.01279714589574401,0.0
4754,adam,0.00015636464759665592,0.015083993860521578,0.0
4755,adam,0.00015618683521354817,0.010089056944943523,0.0
4756,adam,0.00015603425209778377,0.0010628173397859125,0.0
4757,adam,0.000156055521260875,0.007898719548990688,0.0
4758,adam,0.00015610247216974965,0.012103579376055931,0.0
4759,adam,0.00015601833982305894,0.01038048111174805,0.0
4760,adam,0.00015587819019286688,0.004059841172752249,0.0
4761,adam,0.00015583110217257795,0.003515123272993852,0.0
4762,adam,0.00015585603909485654,0.008705698244297583,0.0
4763,adam,0.00015582844454409872,0.009466734681627393,0.0
4764,adam,0.00015572836397125588,0.005901789091309216,0.0
4765,adam,0.00015564932993891544,0.0004477132168495585,0.0
4766,adam,0.0001556374452977303,0.005250835742912676,0.0
4767,adam,0.00015562881710777697,0.007660324994290093,0.0
4768,adam,0.00015556864640014752,0.006429645712887166,0.0
4769,adam,0.00015548992675660858,0.00253314551601866,0.0
4770,adam,0.00015544772324349357,0.0021990970820615833,0.0
4771,adam,0.0001554331389838598,0.005380516766782937,0.0
4772,adam,0.00015539868994348855,0.005932038313907232,0.0
4773,adam,0.00015533567288990072,0.0038303432085114377,0.0
4774,adam,0.00015527988817773,0.00047917049652338123,0.0
4775,adam,0.00015524950359739902,0.003051999945156872,0.0
4776,adam,0.00015522285055576346,0.0046890767386499185,0.0
4777,adam,0.00015517795712228848,0.004174919566607753,0.0
4778,adam,0.00015512232295741436,0.00194417873550351,0.0
4779,adam,0.000155079338473406,0.00100318278802543,0.0
4780,adam,0.00015504914853088354,0.003118956445924701,0.0
4781,adam,0.00015501382543946191,0.003752882358145382,0.0
4782,adam,0.00015496755750807846,0.0027873894276523323,0.0
4783,adam,0.00015492042113492667,0.0008161415948663108,0.0
4784,adam,0.00015488295378989427,0.0014721046849181414,0.0
4785,adam,0.0001548490933420871,0.00280174596952106,0.0
4786,adam,0.00015481071984149025,0.002868058243017576,0.0
4787,adam,0.00015476649988127754,0.0017902129240072386,0.0
4788,adam,0.00015472451250939302,0.0003712718057980775,0.0
4789,adam,0.0001546872251023324,0.0015533900437960165,0.0
4790,adam,0.00015465147396588881,0.0023353361594763604,0.0
4791,adam,0.00015461238310942265,0.0021197617354982196,0.0
4792,adam,0.0001545699411416458,0.0011347073777210406,0.0
4793,adam,0.00015453045031682566,0.00046434138335637237,0.0
4794,adam,0.0001544940950715559,0.0014128146144632926,0.0
4795,adam,0.00015445719983839465,0.0018520507060554208,0.0
4796,adam,0.0001544179000350119,0.0015416224059785163,0.0
4797,adam,0.0001543778695351523,0.0007428983226519622,0.0
4798,adam,0.00015433908938851338,0.0005403872631983839,0.0
4799,adam,0.0001543026611638841,0.0012152682698328972,0.0
4800,adam,0.00015426539007785646,0.001456394834787969,0.0
4801,adam,0.0001542258802724566,0.0011334752376446213,0.0
4802,adam,0.00015418773132657942,0.0005211059512138497,0.0
4803,adam,0.00015415010766342885,0.0005465014001721098,0.0
4804,adam,0.00015411286858807273,0.0010108167351297072,0.0
4805,adam,0.00015407575569530746,0.0011434944450891666,0.0
4806,adam,0.00015403780568625227,0.0008658803727044336,0.0
4807,adam,0.00015399929289788006,0.0004297940474941289,0.0
4808,adam,0.00015396241217728124,0.0005178029809062619,0.0
4809,adam,0.00015392543120424122,0.0008447855673899504,0.0
4810,adam,0.00015388847150182283,0.0009223104119490887,0.0
4811,adam,0.00015385137310822318,0.0007019547840356645,0.0
4812,adam,0.00015381370795719988,0.00039870579616816716,0.0
4813,adam,0.0001537765183346842,0.00046516560250397604,0.0
4814,adam,0.00015373996430318677,0.0006953205246374351,0.0
4815,adam,0.0001537033703688752,0.0007577336571788155,0.0
4816,adam,0.0001536662674212978,0.0006023435687820862,0.0
4817,adam,0.0001536293487845978,0.00039154807361373357,0.0
4818,adam,0.00015359258561647066,0.00040957514725503094,0.0
4819,adam,0.00015355606707676957,0.0005749086899822602,0.0
4820,adam,0.00015351963433659344,0.0006384388962329713,0.0
4821,adam,0.0001534830482791322,0.0005339198533186837,0.0
4822,adam,0.0001534464581170083,0.0003854700527572249,0.0
4823,adam,0.00015341051487323537,0.00038061613229844934,0.0
4824,adam,0.00015337415348838076,0.000489724562361997,0.0
4825,adam,0.00015333812117938075,0.0005455849653652368,0.0
4826,adam,0.00015330133324683692,0.00048643776717737923,0.0
4827,adam,0.00015326530538492032,0.00038725181554578853,0.0
4828,adam,0.0001532301507259121,0.0003582704650022044,0.0
4829,adam,0.00015319339135682367,0.0004246681854842063,0.0
4830,adam,0.00015315774712336546,0.00047703406324189803,0.0
4831,adam,0.00015312180796471232,0.0004482288426806169,0.0
4832,adam,0.00015308578307378037,0.0003849511717607904,0.0
4833,adam,0.00015305019690137865,0.00035082789916219837,0.0
4834,adam,0.00015301471417932344,0.00038125997311022625,0.0
4835,adam,0.0001529786649708633,0.000420961762423285,0.0
4836,adam,0.00015294362738338448,0.0004158397013841566,0.0
4837,adam,0.00015290733524551142,0.0003826371188934412,0.0
4838,adam,0.00015287217310184237,0.00035106962363921137,0.0
4839,adam,0.00015283712258934835,0.000357064842554056,0.0
4840,adam,0.00015280152259238139,0.0003853834589530605,0.0
4841,adam,0.0001527660508504055,0.0003908251408413849,0.0
4842,adam,0.00015273095868958316,0.0003758993548633413,0.0
4843,adam,0.0001526957902114237,0.0003532899418773916,0.0
4844,adam,0.0001526607036456656,0.00034851961475603995,0.0
4845,adam,0.00015262488912349157,0.00035706768747347027,0.0
4846,adam,0.0001525897533062065,0.00036653632459592174,0.0
4847,adam,0.0001525550425430084,0.000371507437583953,0.0
4848,adam,0.00015252048970433205,0.0003598581677002598,0.0
4849,adam,0.00015248507027221646,0.0003495218540485894,0.0
4850,adam,0.00015244924954014517,0.00034611871754760594,0.0
4851,adam,0.0001524159259966853,0.0003496649855879387,0.0
4852,adam,0.00015238060713148956,0.0003577553568261297,0.0
4853,adam,0.00015234551072448727,0.00035758170419905496,0.0
4854,adam,0.00015231114700120277,0.00035223710388163895,0.0
4855,adam,0.00015227599714614428,0.00034444136287698147,0.0
4856,adam,0.00015224175955191576,0.0003446118038425266,0.0
4857,adam,0.0001522073356268567,0.0003488765048951458,0.0
4858,adam,0.00015217285454133505,0.00035007607530473456,0.0
4859,adam,0.00015213863018207562,0.00034892100603443996,0.0
4860,adam,0.00015210425207551868,0.000345410887559957,0.0
4861,adam,0.00015206992876019937,0.000343336043123799,0.0
4862,adam,0.0001520354762766137,0.0003422303852498643,0.0
4863,adam,0.00015200060458095608,0.00034305744973656295,0.0
4864,adam,0.00015196645958569753,0.0003447500466605782,0.0
4865,adam,0.00015193242799182869,0.0003432547846881033,0.0
4866,adam,0.00015189832232563933,0.00034274214422034985,0.0
4867,adam,0.0001518641802056834,0.0003412838430605081,0.0
4868,adam,0.0001518297627817967,0.0003397748966545674,0.0
4869,adam,0.00015179643613984193,0.0003404037694892088,0.0
4870,adam,0.00015176195918894448,0.0003412932352442262,0.0
4871,adam,0.00015172812502462694,0.0003415394772797666,0.0
4872,adam,0.00015169401384009881,0.0003398988901887812,0.0
4873,adam,0.0001516603491419766,0.000340659219622716,0.0
4874,adam,0.00015162653579410494,0.0003388277903277663,0.0
4875,adam,0.00015159273966625458,0.0003380634320851606,0.0
4876,adam,0.00015155915885727158,0.00033887333835987783,0.0
4877,adam,0.00015152520632562283,0.00033857541928957347,0.0
4878,adam,0.00015149187054657172,0.00033951535360700227,0.0
4879,adam,0.00015145799925301169,0.00034149614787365353,0.0
4880,adam,0.00015142450049279122,0.00034245486313226565,0.0
4881,adam,0.0001513908602803926,0.0003389790524928227,0.0
4882,adam,0.00015135738429514624,0.0003370813540330845,0.0
4883,adam,0.00015132362854250415,0.0003369445787504488,0.0
4884,adam,0.000151290253149583,0.0003363144289326117,0.0
4885,adam,0.0001512572271683102,0.0003376776974620089,0.0
4886,adam,0.0001512235558090643,0.00033935354772207156,0.0
4887,adam,0.00015118998796619543,0.00033820986043638015,0.0
4888,adam,0.0001511570913264808,0.0003362415244890886,0.0
4889,adam,0.00015112360789062404,0.00033551942964968887,0.0
4890,adam,0.00015109057703435578,0.0003358039272538509,0.0
4891,adam,0.00015105765276314038,0.0003359823621327938,0.0
4892,adam,0.00015102444030712367,0.00033835957212516933,0.0
4893,adam,0.0001509910218974877,0.00033733868045524257,0.0
4894,adam,0.0001509579516638159,0.00033556248353765504,0.0
4895,adam,0.00015092532506255063,0.00033472156175137,0.0
4896,adam,0.00015089225086346148,0.0003348161282489929,0.0
4897,adam,0.00015085876439630783,0.0003363452832017131,0.0
4898,adam,0.00015082628416032473,0.0003378987998866907,0.0
4899,adam,0.00015079297644060986,0.00034167829686882064,0.0
4900,adam,0.00015076055270740903,0.00034125935450478057,0.0
4901,adam,0.0001507273764212187,0.0003441909294729332,0.0
4902,adam,0.0001506944495710095,0.0003461091652627927,0.0
4903,adam,0.00015066211204570477,0.00035180740137473243,0.0
4904,adam,0.00015062961024730874,0.00035378648146256863,0.0
4905,adam,0.00015059657582528025,0.0003576065614092905,0.0
4906,adam,0.00015056372675368654,0.0003559318516725024,0.0
4907,adam,0.00015053148675354388,0.00035744594850644463,0.0
4908,adam,0.0001504987829764989,0.00035749916540874676,0.0
4909,adam,0.00015046643199596011,0.0003652148030150529,0.0
4910,adam,0.00015043324729366265,0.0003666665594000496,0.0
4911,adam,0.00015040109740136148,0.0003778548420589821,0.0
4912,adam,0.00015036875752148644,0.0003826530490513933,0.0
4913,adam,0.00015033629039316217,0.0003974848109035137,0.0
4914,adam,0.0001503042214331005,0.0004083169318092346,0.0
4915,adam,0.00015027220299971598,0.00043341995898568176,0.0
4916,adam,0.00015023926525747146,0.00045694463379258914,0.0
4917,adam,0.0001502073827465468,0.000498709533522585,0.0
4918,adam,0.00015017541516971762,0.0005383107705641223,0.0
4919,adam,0.0001501432183993572,0.0005976190120796687,0.0
4920,adam,0.00015011080229567354,0.0006568343650485189,0.0
4921,adam,0.00015007928670273497,0.0007425652007862791,0.0
4922,adam,0.00015004768646541343,0.0008296741690357966,0.0
4923,adam,0.000150016727503567,0.000948463802793533,0.0
4924,adam,0.00014998507452864513,0.001083227132637351,0.0
4925,adam,0.00014995401581864242,0.0012698749678595634,0.0
4926,adam,0.0001499243544945715,0.0014850915859636628,0.0
4927,adam,0.0001498948972043459,0.0017677850505440865,0.0
4928,adam,0.00014986725752128834,0.0020965938696675787,0.0
4929,adam,0.00014984219776811674,0.002521524612636098,0.0
4930,adam,0.00014981956173555343,0.0030304973364191005,0.0
4931,adam,0.00014980108620990315,0.0036794876781373665,0.0
4932,adam,0.0001497895679605033,0.004465804656574451,0.0
4933,adam,0.0001497895242904565,0.0054616442014201105,0.0
4934,adam,0.00014980534124341008,0.006680222945814211,0.0
4935,adam,0.00014984602547595975,0.008213895505508178,0.0
4936,adam,0.00014992600788358903,0.010114689020751133,0.0
4937,adam,0.0001500677821529504,0.012521822554481555,0.0
4938,adam,0.000150306652909665,0.015531807136574892,0.0
4939,adam,0.0001506997975600699,0.019349335058109842,0.0
4940,adam,0.00015133808010020576,0.024157267871336128,0.0
4941,adam,0.00015237039079030613,0.030273689849088015,0.0
4942,adam,0.00015403346414648948,0.03802352297371244,0.0
4943,adam,0.00015672047364078147,0.04791473300443174,0.0
4944,adam,0.0001610500969409262,0.0604978142450858,0.0
4945,adam,0.00016805233680600802,0.07655864313267467,0.0
4946,adam,0.00017929089652585412,0.09692735701751284,0.0
4947,adam,0.0001973078099297915,0.12269675518531628,0.0
4948,adam,0.00022555874924028356,0.1548017948514872,0.0
4949,adam,0.00026910757838390987,0.1941501983621498,0.0
4950,adam,0.0003323116056224005,0.24046355665108274,0.0
4951,adam,0.0004182176141451347,0.2920372769582287,0.0
4952,adam,0.000516568371298672,0.3430410028553154,0.0
4953,adam,0.0006035518909195302,0.38392958301179153,0.0
4954,adam,0.000628312144592639,0.3999460208024153,0.0
4955,adam,0.0005585796596310482,0.3786957985886671,0.0
4956,adam,0.0004046116619239125,0.3165982612366636,0.0
4957,adam,0.00024942546273521896,0.22902625614864947,0.0
4958,adam,0.00017529905109734417,0.15829570690186381,0.0
4959,adam,0.00020062674962903018,0.15767958163505252,0.0
4960,adam,0.0002727802199910072,0.19839089730761356,0.0
4961,adam,0.00031782982010995054,0.22271024710037218,0.0
4962,adam,0.00029848736047971325,0.21459707680095236,0.0
4963,adam,0.00023487018658766153,0.18370469775802653,0.0
4964,adam,0.0001843932518165688,0.16233395726413402,0.0
4965,adam,0.00018324310374518628,0.17532916970105084,0.0
4966,adam,0.00021760739816358964,0.2012126675892435,0.0
4967,adam,0.00024379726114836313,0.20757133444933462,0.0
4968,adam,0.0002315825810277104,0.17952228224090042,0.0
4969,adam,0.0001905717708909131,0.11931640869912499,0.0
4970,adam,0.00015583300803822045,0.045702562574898256,0.0
4971,adam,0.00015337478205113713,0.05888263216938172,0.0
4972,adam,0.0001773473140651096,0.12130679537746762,0.0
4973,adam,0.00020039947235897607,0.15839247036941598,0.0
4974,adam,0.00020122919035107836,0.16245353169061255,0.0
4975,adam,0.00018148054756797371,0.13731228556931183,0.0
4976,adam,0.00016027807663310364,0.0962495662479053,0.0
4977,adam,0.00015368723861605013,0.06362370547490435,0.0
4978,adam,0.000161408461772305,0.06541409023276373,0.0
4979,adam,0.00017079634744210877,0.08088317752028741,0.0
4980,adam,0.0001708953345179585,0.08458714328517464,0.0
4981,adam,0.00016217322838446704,0.07427157091817484,0.0
4982,adam,0.00015357910495026898,0.06057079956739672,0.0
4983,adam,0.00015261537958325381,0.06014423930411911,0.0
4984,adam,0.00015843137711152221,0.07172660992592056,0.0
4985,adam,0.0001639864525998789,0.07977169626118255,0.0
4986,adam,0.00016349228907974593,0.07566721676332872,0.0
4987,adam,0.0001573325628208421,0.05888878322123451,0.0
4988,adam,0.0001507919441551957,0.03439465706125876,0.0
4989,adam,0.00014856850264554445,0.016326607416142523,0.0
4990,adam,0.0001509143575579417,0.028518173671364774,0.0
4991,adam,0.00015433822236523689,0.042669469909086044,0.0
4992,adam,0.00015534631145441006,0.04755690125398324,0.0
4993,adam,0.00015339750309054695,0.044175043024593866,0.0
4994,adam,0.00015066153546541706,0.03827971735506676,0.0
4995,adam,0.00014954689651224809,0.03757721737852388,0.0
4996,adam,0.00015052388186776835,0.04290946296695456,0.0
4997,adam,0.0001520922473044711,0.047486335835413125,0.0
4998,adam,0.00015246748041552053,0.04642251496780927,0.0
4999,adam,0.0001511709687993598,0.03847459424518346,0.0
5000,adam,0.0001492245768066617,0.025067707680239193,0.0
5001,adam,0.0001480313646434691,0.009959948729211658,0.0
5002,adam,0.00014817127677601877,0.00935240886584327,0.0
5003,adam,0.0001490930164949549,0.02028613963150536,0.0
5004,adam,0.00014978165476832033,0.026787075650527594,0.0
5005,adam,0.00014966344245988264,0.02806923501579941,0.0
5006,adam,0.00014895044764829166,0.025388028242011737,0.0
5007,adam,0.00014829978765209774,0.02181897277172789,0.0
5008,adam,0.00014817981196198996,0.02070435422092988,0.0
5009,adam,0.00014853088972214417,0.022389465942013607,0.0
5010,adam,0.0001489124850131493,0.024053791656152627,0.0
5011,adam,0.00014893060677546716,0.023497350698001802,0.0
5012,adam,0.00014853713714235665,0.020301605105472683,0.0
5013,adam,0.00014800618013052877,0.015391666225803357,0.0
5014,adam,0.00014766595497695806,0.01103132153271114,0.0
5015,adam,0.00014764113576378458,0.009984948134992882,0.0
5016,adam,0.00014780557256766018,0.011623697769537145,0.0
5017,adam,0.00014792905617263383,0.012701362952125648,0.0
5018,adam,0.00014786903568623212,0.011794245107150143,0.0
5019,adam,0.00014766060012351862,0.009068755526727047,0.0
5020,adam,0.0001474470316938001,0.005774690516518225,0.0
5021,adam,0.0001473556377230379,0.0054346144622164794,0.0
5022,adam,0.00014740374026912074,0.008495065545076633,0.0
5023,adam,0.0001475111466805271,0.01147663242460062,0.0
5024,adam,0.0001475680331306209,0.013140418621421618,0.0
5025,adam,0.00014752515820119996,0.01333316440569089,0.0
5026,adam,0.00014741229409223101,0.012481453731962357,0.0
5027,adam,0.0001472998979665486,0.01135771253363546,0.0
5028,adam,0.000147245190853459,0.010790893974323621,0.0
5029,adam,0.000147252058118955,0.011043169609785413,0.0
5030,adam,0.0001472815335510534,0.011642175993102313,0.0
5031,adam,0.00014728853035910966,0.012047321204648789,0.0
5032,adam,0.00014724934139886665,0.01198633662868849,0.0
5033,adam,0.00014717803868281328,0.01163611840303035,0.0
5034,adam,0.00014710636258028566,0.011362268944107076,0.0
5035,adam,0.00014706098312450955,0.011496687230403915,0.0
5036,adam,0.0001470481936984925,0.012082265375960927,0.0
5037,adam,0.00014705264534846095,0.012849908392617532,0.0
5038,adam,0.00014705360421255113,0.013533412182347042,0.0
5039,adam,0.000147038410222268,0.014021584800567019,0.0
5040,adam,0.00014701043593296666,0.014381192858125134,0.0
5041,adam,0.00014698271437056453,0.01480013145188904,0.0
5042,adam,0.00014697025639105374,0.01547359305204658,0.0
5043,adam,0.00014698166553991517,0.01651140093334407,0.0
5044,adam,0.00014701594296497806,0.017910479862840084,0.0
5045,adam,0.00014706741754522525,0.019642552085567463,0.0
5046,adam,0.00014713349724464038,0.021706390747505626,0.0
5047,adam,0.00014721984521796926,0.024171812629552043,0.0
5048,adam,0.000147339503020454,0.02713788958938775,0.0
5049,adam,0.00014751485652016129,0.030718816034689636,0.0
5050,adam,0.0001477699275349356,0.03502529711169716,0.0
5051,adam,0.00014813439546842942,0.04016309841415774,0.0
5052,adam,0.0001486470510226381,0.04627396143495309,0.0
5053,adam,0.0001493655398009164,0.053543544143913574,0.0
5054,adam,0.0001503724312413771,0.06222072337338539,0.0
5055,adam,0.00015179644671560022,0.07263579409343057,0.0
5056,adam,0.0001538204710645923,0.08519915291460421,0.0
5057,adam,0.00015672663304700326,0.10041654853498441,0.0
5058,adam,0.00016090958680531656,0.11892745171053995,0.0
5059,adam,0.0001669922024776805,0.14148852359555888,0.0
5060,adam,0.00017583878836978698,0.16906690624063206,0.0
5061,adam,0.0001888443083284098,0.2028042036527015,0.0
5062,adam,0.000207917264353274,0.24415163334211987,0.0
5063,adam,0.0002361988795663253,0.2947620622992808,0.0
5064,adam,0.00027778949421937784,0.3567074937638555,0.0
5065,adam,0.000339542716917215,0.4321302103922626,0.0
5066,adam,0.0004294351673507791,0.5235355255097597,0.0
5067,adam,0.0005608166764863809,0.6327761239260642,0.0
5068,adam,0.0007447431978537466,0.7612507880515265,0.0
5069,adam,0.000998930943149109,0.9071691576788584,0.0
5070,adam,0.0013180145088503613,1.0652709623643104,0.0
5071,adam,0.0016932887112264033,1.2211754513390496,0.0
5072,adam,0.002033459265292408,1.351755963488166,0.0
5073,adam,0.002242866615441592,1.4204796589628201,0.0
5074,adam,0.0021377596942853574,1.3878292913546075,0.0
5075,adam,0.0016964649505022424,1.2205211599279902,0.0
5076,adam,0.0010159733525311142,0.915956124741694,0.0
5077,adam,0.00041371973594167376,0.5060512095782773,0.0
5078,adam,0.0001519587816644058,0.060163037281778964,0.0
5079,adam,0.00028137506262102826,0.35610496950621695,0.0
5080,adam,0.0006116922289336694,0.6654297413018597,0.0
5081,adam,0.000856094650862593,0.823550530080668,0.0
5082,adam,0.0008343545505099115,0.8095072562181382,0.0
5083,adam,0.0005676841210839541,0.6341688084971339,0.0
5084,adam,0.00027070200907507207,0.3420699314082653,0.0
5085,adam,0.00014844203360601441,0.015881646760017434,0.0
5086,adam,0.00024157845323580422,0.29815976575584097,0.0
5087,adam,0.00041582041742028596,0.5047914594433357,0.0
5088,adam,0.0004963078805585972,0.5761968950657971,0.0
5089,adam,0.00041883106944718513,0.5076665545231793,0.0
5090,adam,0.0002596362130216777,0.3266716154744378,0.0
5091,adam,0.0001554949298414498,0.08544124408201063,0.0
5092,adam,0.00017224442551830223,0.15230465113114514,0.0
5093,adam,0.0002617565060095672,0.32918704722167574,0.0
5094,adam,0.00032388358406827943,0.40912950706094015,0.0
5095,adam,0.0003005652277670648,0.3810065795374431,0.0
5096,adam,0.00022049613757861615,0.2631314991295279,0.0
5097,adam,0.00015650758573309076,0.09217585246005695,0.0
5098,adam,0.00015517194505122817,0.08498372636330874,0.0
5099,adam,0.00019990714746124865,0.22263123150408978,0.0
5100,adam,0.00023745003052169438,0.29218759894494506,0.0
5101,adam,0.0002317424508932996,0.28265566240944784,0.0
5102,adam,0.00019142934622860542,0.20421497873213199,0.0
5103,adam,0.00015470608563639105,0.08355484185454237,0.0
5104,adam,0.00014953601519651156,0.046022897665923296,0.0
5105,adam,0.00017135798719844603,0.15109906619395483,0.0
5106,adam,0.00019328303158942952,0.208749654450259,0.0
5107,adam,0.00019366739865861487,0.20987200922021632,0.0
5108,adam,0.00017411365722091258,0.15978219790666753,0.0
5109,adam,0.00015321353291746626,0.07594239426738261,0.0
5110,adam,0.00014742298480979106,0.017794964092238384,0.0
5111,adam,0.00015718772834919965,0.09799279803710795,0.0
5112,adam,0.00016975104975524462,0.1467455256034561,0.0
5113,adam,0.00017263837873807166,0.1557505163090957,0.0
5114,adam,0.00016403103397710553,0.12724636518366295,0.0
5115,adam,0.00015231461627014453,0.07140151243216156,0.0
5116,adam,0.0001469038091170764,0.004677088463334176,0.0
5117,adam,0.0001502353833696796,0.05663694691586513,0.0
5118,adam,0.0001571158984806784,0.09883553647420948,0.0
5119,adam,0.00016052007924078596,0.11407945018181909,0.0
5120,adam,0.00015772398928384229,0.10203021046450726,0.0
5121,adam,0.00015159636248327936,0.06811657203573852,0.0
5122,adam,0.00014719077326313173,0.022318594941898626,0.0
5123,adam,0.0001472283948533445,0.02384409577404894,0.0
5124,adam,0.0001504130001256731,0.060175555960665594,0.0
5125,adam,0.00015326899371443617,0.07977097257745201,0.0
5126,adam,0.00015329066744359737,0.08006556916622264,0.0
5127,adam,0.00015070419755039687,0.06319883608828944,0.0
5128,adam,0.0001477149610009301,0.03451944594707994,0.0
5129,adam,0.00014642834711341458,0.0017263714439447269,0.0
5130,adam,0.0001472617680427511,0.02871312712729493,0.0
5131,adam,0.00014897780158607405,0.04984695362580953,0.0
5132,adam,0.00014994701573804145,0.058625984397327364,0.0
5133,adam,0.00014942891903067207,0.054506927180327486,0.0
5134,adam,0.00014793604788998428,0.03988559425150702,0.0
5135,adam,0.00014659593283996333,0.018635842567520627,0.0
5136,adam,0.00014621581012619954,0.004316805601278999,0.0
5137,adam,0.0001467649204998811,0.023900080002232375,0.0
5138,adam,0.00014757123425396382,0.037004394693831884,0.0
5139,adam,0.0001479238393117931,0.041621489713187736,0.0
5140,adam,0.00014757573942756762,0.03784457118022235,0.0
5141,adam,0.00014681952250306771,0.02727072116013255,0.0
5142,adam,0.00014617253734821095,0.012643674835193582,0.0
5143,adam,0.00014598165869233795,0.0030550471435256965,0.0
5144,adam,0.00014622043384906515,0.016359571499724515,0.0
5145,adam,0.00014659051537477437,0.0254805746137916,0.0
5146,adam,0.00014676854044522135,0.02909843893835658,0.0
5147,adam,0.00014662443546346903,0.027178337746591813,0.0
5148,adam,0.00014626475232645193,0.02066716023237925,0.0
5149,adam,0.0001459161719053842,0.011181315886955765,0.0
5150,adam,0.0001457536950323062,0.0010462356964845644,0.0
5151,adam,0.00014580389018842903,0.00887621776694837,0.0
5152,adam,0.00014595793729528956,0.01596690895024641,0.0
5153,adam,0.0001460670733488123,0.01966626160339535,0.0
5154,adam,0.00014604077961506936,0.019777555035950554,0.0
5155,adam,0.00014588968746665423,0.016612751215515444,0.0
5156,adam,0.00014569841372241788,0.01109213419851156,0.0
5157,adam,0.00014555769208216896,0.0043753411813150095,0.0
5158,adam,0.00014551258351063064,0.002496324206992404,0.0
5159,adam,0.00014554576583935492,0.008151549862937835,0.0
5160,adam,0.00014559775190777153,0.012034218316341596,0.0
5161,adam,0.000145613423038357,0.013706803884560586,0.0
5162,adam,0.00014556752856741524,0.013151010415584839,0.0
5163,adam,0.00014547609213358412,0.010696992271592841,0.0
5164,adam,0.00014537598088697128,0.006924326902012032,0.0
5165,adam,0.0001453022767659982,0.0025428063644792054,0.0
5166,adam,0.00014526851742758365,0.0018589872369051646,0.0
5167,adam,0.00014526679419206247,0.00545304676200651,0.0
5168,adam,0.00014527173479441993,0.007968857785519593,0.0
5169,adam,0.000145263834458309,0.00914023717858734,0.0
5170,adam,0.00014523078134122446,0.008973519696168535,0.0
5171,adam,0.0001451774471189923,0.007626024728052432,0.0
5172,adam,0.00014511708069880774,0.005404810016276195,0.0
5173,adam,0.00014506444651163185,0.002720673656995496,0.0
5174,adam,0.00014502744734999512,0.0003378128524003069,0.0
5175,adam,0.00014500458686959685,0.0025810390677148587,0.0
5176,adam,0.00014498945739608947,0.004492893271762773,0.0
5177,adam,0.00014497252851823644,0.005678823270406401,0.0
5178,adam,0.0001449477118155008,0.0060585226840886705,0.0
5179,adam,0.00014491422048732328,0.005685888595704435,0.0
5180,adam,0.0001448737514282284,0.00467866233980038,0.0
5181,adam,0.00014483224496325819,0.003232450505607831,0.0
5182,adam,0.00014479438608215757,0.0015667050962022957,0.0
5183,adam,0.00014476328804479267,0.00034788150645795053,0.0
5184,adam,0.00014473628247952937,0.0016857501024318754,0.0
5185,adam,0.00014471316033395473,0.0028560657679231765,0.0
5186,adam,0.00014468925140474228,0.003622779853042479,0.0
5187,adam,0.00014466248277427183,0.00393369831788734,0.0
5188,adam,0.0001446323544835715,0.0038135507683215246,0.0
5189,adam,0.0001445999743046027,0.003330489741782688,0.0
5190,adam,0.0001445659795384743,0.0025802270152665706,0.0
5191,adam,0.00014453295852606901,0.0016636723142019068,0.0
5192,adam,0.00014450159297572766,0.0007221349465962275,0.0
5193,adam,0.00014447283435362334,0.0004460886873752702,0.0
5194,adam,0.00014444495561331315,0.0011866279119431922,0.0
5195,adam,0.00014441754602794753,0.0018271656856527374,0.0
5196,adam,0.00014439171195752926,0.00225874794425446,0.0
5197,adam,0.00014436358894179212,0.002460762166774435,0.0
5198,adam,0.0001443341521963224,0.0024361549904734253,0.0
5199,adam,0.00014430491424998018,0.0022176722531869857,0.0
5200,adam,0.00014427449960473918,0.0018479252595163924,0.0
5201,adam,0.00014424505264889318,0.0013762829042889022,0.0
5202,adam,0.00014421454322514335,0.0008525653714074331,0.0
5203,adam,0.00014418509995930178,0.00039721978723055134,0.0
5204,adam,0.000144156771146412,0.000418703774310797,0.0
5205,adam,0.00014412873707673983,0.0007833936799343826,0.0
5206,adam,0.00014410069434492913,0.0011113126055339213,0.0
5207,adam,0.00014407312308897888,0.0013435024176779917,0.0
5208,adam,0.00014404485258727153,0.001472656802672428,0.0
5209,adam,0.00014401646888503384,0.001493156704084755,0.0
5210,adam,0.00014398793313886153,0.001425826871723355,0.0
5211,adam,0.0001439593102366499,0.001286605802820969,0.0
5212,adam,0.00014393009221810898,0.0010943977229511822,0.0
5213,adam,0.00014390189937311224,0.0008619069790050691,0.0
5214,adam,0.00014387265439675976,0.0006192027023483751,0.0
5215,adam,0.0001438442977912028,0.0004054624094026822,0.0
5216,adam,0.0001438159517557041,0.0003096317468584908,0.0
5217,adam,0.0001437879785825854,0.00037616577704353913,0.0
5218,adam,0.0001437599530141797,0.0005111178582762026,0.0
5219,adam,0.00014373166317995192,0.0006457266853991051,0.0
5220,adam,0.00014370377897675505,0.0007522133103511904,0.0
5221,adam,0.00014367564314070975,0.0008266542396898542,0.0
5222,adam,0.00014364799266160502,0.0008721707691384832,0.0
5223,adam,0.0001436196624479496,0.0008958392689694809,0.0
5224,adam,0.00014359151218879776,0.0008957323004546655,0.0
5225,adam,0.00014356316254455608,0.0008700191882992137,0.0
5226,adam,0.0001435352288761413,0.0008199710041061317,0.0
5227,adam,0.0001435072738191111,0.0007559342163197289,0.0
5228,adam,0.00014347867075627252,0.000680457182848088,0.0
5229,adam,0.0001434510392077035,0.0005969399147262557,0.0
5230,adam,0.00014342295376490157,0.0005157156816340809,0.0
5231,adam,0.00014339513500070844,0.00043658989109186336,0.0
5232,adam,0.00014336737160044108,0.00036811816621101323,0.0
5233,adam,0.00014333914363665008,0.0003233540053847082,0.0
5234,adam,0.0001433113237112034,0.0003061263960999672,0.0
5235,adam,0.00014328277394547642,0.00031191200291994593,0.0
5236,adam,0.00014325574616483154,0.0003325603237844293,0.0
5237,adam,0.00014322768223229212,0.000358768376204444,0.0
5238,adam,0.00014320022753109042,0.00038934289526638017,0.0
5239,adam,0.00014317239927425082,0.0004220597667973813,0.0
5240,adam,0.00014314457347757226,0.00045287768234915436,0.0
5241,adam,0.0001431166592504852,0.00047652196226107853,0.0
5242,adam,0.0001430891583822395,0.0004916181233558215,0.0
5243,adam,0.00014306127193574797,0.0005058633507341007,0.0
5244,adam,0.00014303402866428744,0.0005231593442023853,0.0
5245,adam,0.00014300601160820628,0.0005446780483262259,0.0
5246,adam,0.0001429789625578593,0.0005647039858758183,0.0
5247,adam,0.0001429510459946668,0.0005857196842711819,0.0
5248,adam,0.0001429235249469615,0.0006128354991613569,0.0
5249,adam,0.00014289639415033964,0.0006427880366877405,0.0
5250,adam,0.0001428683681974924,0.0006759108745872638,0.0
5251,adam,0.00014284132023648866,0.000716930495960709,0.0
5252,adam,0.000142813497714836,0.0007627985215361842,0.0
5253,adam,0.00014278664711729828,0.0008222277143742564,0.0
5254,adam,0.00014275889968889537,0.0008944395396083325,0.0
5255,adam,0.0001427317465941159,0.0009827545431451941,0.0
5256,adam,0.00014270454084324338,0.0010851500503835311,0.0
5257,adam,0.00014267704295059327,0.001209808337970904,0.0
5258,adam,0.00014265052786897322,0.0013532381095136892,0.0
5259,adam,0.00014262366266783066,0.0015268726935045453,0.0
5260,adam,0.00014259665008903045,0.0017355130473197947,0.0
5261,adam,0.00014257048393280524,0.001992804761583544,0.0
5262,adam,0.00014254463094816498,0.002303999541462815,0.0
5263,adam,0.00014251907658812684,0.0026782976852331958,0.0
5264,adam,0.00014249437541738523,0.0031109530076039184,0.0
5265,adam,0.00014247082549583955,0.0036286418383711548,0.0
5266,adam,0.00014244830332581451,0.0042513278497178925,0.0
5267,adam,0.0001424288886046372,0.005006007972212401,0.0
5268,adam,0.0001424115320943292,0.005911797295831503,0.0
5269,adam,0.00014239841528887535,0.007017003966778712,0.0
5270,adam,0.00014239348248957115,0.008366917870869855,0.0
5271,adam,0.0001423983698557022,0.010025437920463445,0.0
5272,adam,0.00014241786758249206,0.012059342309287735,0.0
5273,adam,0.00014246046510919957,0.01457217904399451,0.0
5274,adam,0.00014253779488225126,0.017680117101729106,0.0
5275,adam,0.00014266872327794772,0.02154331338693785,0.0
5276,adam,0.0001428817431056121,0.026351019114125854,0.0
5277,adam,0.00014322269160538413,0.03235941589180523,0.0
5278,adam,0.00014376208641170456,0.039880535014218954,0.0
5279,adam,0.00014461476156093847,0.049336873476269395,0.0
5280,adam,0.00014596248920027005,0.061262893106626595,0.0
5281,adam,0.00014810198962901216,0.07635506733253795,0.0
5282,adam,0.0001515029182027611,0.0955050279243503,0.0
5283,adam,0.0001569503074679163,0.1198668579362162,0.0
5284,adam,0.0001656849608220068,0.15093946279200457,0.0
5285,adam,0.00017981074263912758,0.1906349640589538,0.0
5286,adam,0.00020262686178956502,0.24144897457590436,0.0
5287,adam,0.00023980764538306917,0.3064628739014001,0.0
5288,adam,0.00029995432931107326,0.3896437150137096,0.0
5289,adam,0.0003979065361833155,0.49547646316990535,0.0
5290,adam,0.0005540361998436197,0.6292957453246176,0.0
5291,adam,0.0008022188086865505,0.7954218945439403,0.0
5292,adam,0.0011752247917340172,0.9966021483304202,0.0
5293,adam,0.0017160879024130872,1.2272600151181625,0.0
5294,adam,0.002388953795195408,1.4696414409213434,0.0
5295,adam,0.0030970531400289986,1.6794869966773156,0.0
5296,adam,0.003468383968388018,1.7869863843346498,0.0
5297,adam,0.003194287635093104,1.704183305169996,0.0
5298,adam,0.002115135107941206,1.3736099011207648,0.0
5299,adam,0.0008393250722588176,0.8122969113873931,0.0
5300,adam,0.00016774870855511365,0.13871223430237906,0.0
5301,adam,0.0004241785805597963,0.5087469586186945,0.0
5302,adam,0.0011252059416551842,0.9589669177821305,0.0
5303,adam,0.0014669741196811057,1.1163307566561909,0.0
5304,adam,0.0011077300628825192,0.9509770092060088,0.0
5305,adam,0.0004354521292070569,0.522999132876736,0.0
5306,adam,0.00015026535795407774,0.04172476821419462,0.0
5307,adam,0.00042574810518364423,0.5066534878890467,0.0
5308,adam,0.0007923382940229609,0.7751897662173094,0.0
5309,adam,0.0007667300377571947,0.7602599781225262,0.0
5310,adam,0.00039845819173163976,0.48657586025468047,0.0
5311,adam,0.00015152156629217318,0.07378780717124193,0.0
5312,adam,0.0002643514800376664,0.32773328844285576,0.0
5313,adam,0.000496166774488432,0.5679868942410974,0.0
5314,adam,0.0005072183466454821,0.5771765635203528,0.0
5315,adam,0.0002953113113243518,0.3733870972889985,0.0
5316,adam,0.00014778579541963906,0.05227241257479253,0.0
5317,adam,0.00021857471042215223,0.25819389406606114,0.0
5318,adam,0.00035564899442288276,0.43839064980074094,0.0
5319,adam,0.00035246905620456775,0.43548525788028253,0.0
5320,adam,0.00022250046097960522,0.26679536519219843,0.0
5321,adam,0.00014498605180531289,0.012836678846436635,0.0
5322,adam,0.0001981145082011585,0.2202563561450828,0.0
5323,adam,0.00027562620390343104,0.3454029274903266,0.0
5324,adam,0.0002608250844206095,0.32498932074186776,0.0
5325,adam,0.0001807610727228468,0.18073699526435189,0.0
5326,adam,0.00014494751184342721,0.019315826881165666,0.0
5327,adam,0.0001843897342733728,0.19135956378148097,0.0
5328,adam,0.00022570317495106698,0.27259372231905205,0.0
5329,adam,0.00020790533797573316,0.24025399141458909,0.0
5330,adam,0.0001599338646581036,0.11834371418566225,0.0
5331,adam,0.0001458314749916765,0.03795590317939351,0.0
5332,adam,0.0001731596000306168,0.163426608029976,0.0
5333,adam,0.0001939742636337782,0.2137052414936236,0.0
5334,adam,0.00017857398378774486,0.17730551542457054,0.0
5335,adam,0.00015063106732206676,0.0766505707363891,0.0
5336,adam,0.00014614371379178718,0.04411809378270991,0.0
5337,adam,0.00016383271665912962,0.13521962897188722,0.0
5338,adam,0.0001740272988095419,0.16652365887553,0.0
5339,adam,0.0001627626388706948,0.13160840878377428,0.0
5340,adam,0.00014667082513975766,0.05057996564087388,0.0
5341,adam,0.00014565846753600807,0.04147494803027503,0.0
5342,adam,0.00015657790539575262,0.10891018406686451,0.0
5343,adam,0.00016174648073391954,0.12907041112825507,0.0
5344,adam,0.00015437921046057923,0.09944589236322568,0.0
5345,adam,0.00014501557269427784,0.03613698721614092,0.0
5346,adam,0.000144825612087109,0.03421691606693798,0.0
5347,adam,0.00015135230576189082,0.0850613373980041,0.0
5348,adam,0.0001542717058292917,0.09982849649497039,0.0
5349,adam,0.000149857589863601,0.07709481248759267,0.0
5350,adam,0.00014428708523938312,0.028810330743992085,0.0
5351,adam,0.00014404967215371438,0.02511047539055925,0.0
5352,adam,0.00014784709390674221,0.0644855912882209,0.0
5353,adam,0.00014972551783585543,0.0770968247267757,0.0
5354,adam,0.00014728865314773975,0.061200981986287685,0.0
5355,adam,0.0001438954647120247,0.025360161032000405,0.0
5356,adam,0.00014345470988491452,0.015855700271289092,0.0
5357,adam,0.00014558216525810503,0.04732600652071897,0.0
5358,adam,0.0001469134772488024,0.05919792033823895,0.0
5359,adam,0.00014571666042185026,0.04952903606899642,0.0
5360,adam,0.00014362651113525087,0.023851497017857,0.0
5361,adam,0.00014304680388539247,0.0076133995111841365,0.0
5362,adam,0.0001441537540809966,0.0331102973610414,0.0
5363,adam,0.00014512519821486555,0.04494880224147357,0.0
5364,adam,0.00014466609891526622,0.040496599624753334,0.0
5365,adam,0.00014340786094557266,0.02290614404574423,0.0
5366,adam,0.00014280139428355507,0.0007110380157349256,0.0
5367,adam,0.00014327518134558327,0.02149354174801516,0.0
5368,adam,0.00014394827077428372,0.03327897233390764,0.0
5369,adam,0.0001438934342442266,0.03297331143420982,0.0
5370,adam,0.00014319574333697578,0.021945021499776066,0.0
5371,adam,0.00014265919614750606,0.004949947106940066,0.0
5372,adam,0.00014275429547791588,0.012051168781159605,0.0
5373,adam,0.00014316222776478488,0.023434628748666225,0.0
5374,adam,0.00014328362412417442,0.026243346674345913,0.0
5375,adam,0.00014295822768832107,0.020487182537413655,0.0
5376,adam,0.0001425521013835085,0.008820665881787471,0.0
5377,adam,0.00014245381928371396,0.004518413836326792,0.0
5378,adam,0.00014264353219076354,0.015053317881522065,0.0
5379,adam,0.00014279624382660457,0.019927693686528396,0.0
5380,adam,0.00014269365614272893,0.018188214315454327,0.0
5381,adam,0.0001424359174505278,0.011085669625088933,0.0
5382,adam,0.00014227233141276107,0.0013975990258797092,0.0
5383,adam,0.0001423054847591071,0.007934220981026993,0.0
5384,adam,0.00014241256458186796,0.013852266044424924,0.0
5385,adam,0.00014241918214006393,0.015071408054741598,0.0
5386,adam,0.000142289890520479,0.011713859849327199,0.0
5387,adam,0.00014213988588979056,0.005239719813346765,0.0
5388,adam,0.00014208420237117904,0.0021627197875093086,0.0
5389,adam,0.00014211940129463816,0.00816409315855318,0.0
5390,adam,0.0001421527523209121,0.011245055855368781,0.0
5391,adam,0.00014211082005492412,0.010786965280869176,0.0
5392,adam,0.00014201205648505677,0.007325103168945939,0.0
5393,adam,0.00014192836612999355,0.002151101958186523,0.0
5394,adam,0.00014190371670035133,0.003180055546848683,0.0
5395,adam,0.0001419152569278005,0.007025737222739118,0.0
5396,adam,0.0001419097192712938,0.008556225079302263,0.0
5397,adam,0.00014186142775827128,0.007569826491180638,0.0
5398,adam,0.000141791950052486,0.004616682296997806,0.0
5399,adam,0.00014173931655184685,0.0007921612017063686,0.0
5400,adam,0.0001417186754677314,0.003048951052278538,0.0
5401,adam,0.00014171129151526347,0.005556213755525788,0.0
5402,adam,0.0001416910910072191,0.006338328459747823,0.0
5403,adam,0.0001416479887193264,0.005354516120938917,0.0
5404,adam,0.00014159706986705732,0.0030722964394247665,0.0
5405,adam,0.0001415568974727721,0.0003863812754083649,0.0
5406,adam,0.00014153334728861014,0.002457579290598755,0.0
5407,adam,0.0001415155508266936,0.004188491714921926,0.0
5408,adam,0.00014149086937268861,0.004672628008181615,0.0
5409,adam,0.00014145360276663634,0.003926596368095503,0.0
5410,adam,0.00014141267471347004,0.0022705975742844204,0.0
5411,adam,0.00014137729066414264,0.0003682431051460204,0.0
5412,adam,0.00014135049177245313,0.0017501629692001758,0.0
5413,adam,0.0001413274026018599,0.0030197172255451055,0.0
5414,adam,0.00014130085448265815,0.003445555765350832,0.0
5415,adam,0.00014126802980812751,0.002991001283758427,0.0
5416,adam,0.00014123259822353883,0.0018752291251861242,0.0
5417,adam,0.0001411993528321403,0.0005019842480989309,0.0
5418,adam,0.00014117086499778196,0.001079333433673821,0.0
5419,adam,0.00014114484150150913,0.0020872962128649693,0.0
5420,adam,0.00014111759029956065,0.0025237481596352344,0.0
5421,adam,0.00014108758037264252,0.0023365541864213478,0.0
5422,adam,0.0001410545774032341,0.0016324888483087523,0.0
5423,adam,0.000141023488591368,0.0006723214744144047,0.0
5424,adam,0.00014099425968163936,0.0005535419101817794,0.0
5425,adam,0.0001409668796532278,0.0013315766266803737,0.0
5426,adam,0.0001409394761744758,0.0017917640073114322,0.0
5427,adam,0.0001409101993575315,0.0018222306519660814,0.0
5428,adam,0.00014087977727583937,0.0014709154860560712,0.0
5429,adam,0.00014084924839804992,0.0008601201915768728,0.0
5430,adam,0.00014081977539646837,0.0003206400033304186,0.0
5431,adam,0.00014079142847926146,0.0006992909102281051,0.0
5432,adam,0.00014076346150768926,0.0011452446190407365,0.0
5433,adam,0.0001407350983426628,0.0013393928380168556,0.0
5434,adam,0.0001407059486166346,0.0012487463729968274,0.0
5435,adam,0.00014067630282216435,0.0009272221004666929,0.0
5436,adam,0.00014064706057806994,0.0004969088565412263,0.0
5437,adam,0.0001406180202556867,0.0003419409001992332,0.0
5438,adam,0.00014058940360631893,0.0006515072982703282,0.0
5439,adam,0.0001405617028157893,0.0009075710731598028,0.0
5440,adam,0.00014053282591745082,0.000989506442509216,0.0
5441,adam,0.00014050440538058962,0.0008859444584973915,0.0
5442,adam,0.00014047574779960215,0.0006477107948144576,0.0
5443,adam,0.0001404467531596037,0.0003795151366712559,0.0
5444,adam,0.00014041809963758771,0.00034081012168401707,0.0
5445,adam,0.00014038968791033917,0.0005360251899546083,0.0
5446,adam,0.0001403618056705675,0.0006925695033955672,0.0
5447,adam,0.00014033329566259524,0.0007361084660659102,0.0
5448,adam,0.0001403049461758391,0.0006687048933978403,0.0
5449,adam,0.00014027644901019328,0.0005213248824670927,0.0
5450,adam,0.00014024839357831104,0.00036404676279232874,0.0
5451,adam,0.0001402198240220775,0.0003132111805121406,0.0
5452,adam,0.00014019179402471248,0.0004062627861352856,0.0
5453,adam,0.00014016401485866234,0.0005126475633090788,0.0
5454,adam,0.0001401357628959501,0.0005635244144571301,0.0
5455,adam,0.00014010771976535123,0.0005413477789081337,0.0
5456,adam,0.0001400790041588958,0.00046238838784834604,0.0
5457,adam,0.00014005096921047676,0.0003643138327218415,0.0
5458,adam,0.0001400228765757269,0.00030920003654605197,0.0
5459,adam,0.00013999473671358874,0.0003279207478348099,0.0
5460,adam,0.00013996660978821615,0.00038261624621030953,0.0
5461,adam,0.00013993929583646587,0.0004213744086149311,0.0
5462,adam,0.00013991104475289905,0.00042501261681401187,0.0
5463,adam,0.00013988343826183277,0.00039160425232358036,0.0
5464,adam,0.00013985556205760064,0.00034260388482419647,0.0
5465,adam,0.00013982788255512515,0.00030854113430182055,0.0
5466,adam,0.00013980009155287895,0.00031215059767554965,0.0
5467,adam,0.00013977217941811362,0.00034170804240134635,0.0
5468,adam,0.00013974396361182034,0.0003692882146338854,0.0
5469,adam,0.00013971621475469543,0.0003797494244682474,0.0
5470,adam,0.00013968882332433317,0.0003693929175559327,0.0
5471,adam,0.00013966046657839007,0.0003459004940887142,0.0
5472,adam,0.00013963326213047974,0.00031730903440459413,0.0
5473,adam,0.00013960594634136462,0.00030608427172688804,0.0
5474,adam,0.00013957816660986415,0.0003140676652826302,0.0
5475,adam,0.00013955052629182447,0.0003331309053373629,0.0
5476,adam,0.00013952276339539166,0.0003472389283846178,0.0
5477,adam,0.00013949514265519083,0.0003536743400407952,0.0
5478,adam,0.00013946783094238624,0.00035047582664230896,0.0
5479,adam,0.00013944020195705794,0.0003409614308129534,0.0
5480,adam,0.00013941296570537564,0.00032606732614071093,0.0
5481,adam,0.0001393851781814036,0.00031729527985634534,0.0
5482,adam,0.0001393574867619953,0.0003089890135741603,0.0
5483,adam,0.00013933061851668308,0.00030780195565726346,0.0
5484,adam,0.00013930342897703056,0.00030799587814176225,0.0
5485,adam,0.00013927531450054316,0.0003137791877635796,0.0
5486,adam,0.00013924854799138588,0.0003135498870526959,0.0
5487,adam,0.00013922084976915214,0.00031802851788694143,0.0
5488,adam,0.0001391936433130341,0.0003142042413316634,0.0
5489,adam,0.00013916641007120337,0.0003124204699363242,0.0
5490,adam,0.0001391387674752193,0.00030685582487344524,0.0
5491,adam,0.00013911193103693695,0.0003047447637920064,0.0
5492,adam,0.00013908447921344924,0.00030149400415885563,0.0
5493,adam,0.00013905720162160601,0.0003041418136546474,0.0
5494,adam,0.0001390300912551436,0.0003071370832217111,0.0
5495,adam,0.00013900301818382284,0.00031008088399157944,0.0
5496,adam,0.00013897565026377482,0.00031299706790404895,0.0
5497,adam,0.00013894846619918436,0.00031421168305226834,0.0
5498,adam,0.00013892137271611678,0.00031363460755890577,0.0
5499,adam,0.00013889465035350946,0.0003084103216759357,0.0
5500,adam,0.00013886690544830918,0.000305514907579739,0.0
5501,adam,0.00013883997146552676,0.0003005215167982561,0.0
5502,adam,0.0001388132577090856,0.00030148413338988977,0.0
5503,adam,0.00013878618163139066,0.00030456415453269665,0.0
5504,adam,0.00013875944471485835,0.0003099315589794633,0.0
5505,adam,0.000138732239871134,0.00031335607596120444,0.0
5506,adam,0.00013870513866462176,0.00031600088170233385,0.0
5507,adam,0.00013867807703237043,0.0003127525360312132,0.0
5508,adam,0.0001386512935011173,0.00030958895712254855,0.0
5509,adam,0.0001386242287245181,0.00030509658624944383,0.0
5510,adam,0.0001385972746993138,0.000304048255755277,0.0
5511,adam,0.0001385704580589254,0.0003011626488236815,0.0
5512,adam,0.00013854371360489388,0.0003054029130925632,0.0
5513,adam,0.00013851710617447498,0.0003064630962528578,0.0
5514,adam,0.00013848970238734706,0.0003141209183824135,0.0
5515,adam,0.0001384629877568398,0.000314754841120877,0.0
5516,adam,0.0001384360420115684,0.00032476156499321694,0.0
5517,adam,0.00013840956912176662,0.0003238462004579228,0.0
5518,adam,0.00013838272847220334,0.00033502728174443735,0.0
5519,adam,0.00013835609215863466,0.0003381579897277136,0.0
5520,adam,0.00013832953700788664,0.00035856655587558487,0.0
5521,adam,0.00013830247948452102,0.0003743130236632132,0.0
5522,adam,0.00013827657442192696,0.00041630880193499074,0.0
5523,adam,0.00013824905912979192,0.0004546690453559982,0.0
5524,adam,0.00013822343264654504,0.0005288023595364759,0.0
5525,adam,0.00013819672137523856,0.0006039059376339896,0.0
5526,adam,0.0001381709836746373,0.0007248205857735839,0.0
5527,adam,0.00013814471890355651,0.0008549803262256388,0.0
5528,adam,0.00013811914711117613,0.0010468121677015508,0.0
5529,adam,0.00013809429649987593,0.0012656890779776837,0.0
5530,adam,0.00013807061452166114,0.0015701210078144794,0.0
5531,adam,0.00013804868726970083,0.0019310403143960662,0.0
5532,adam,0.00013802857846005012,0.0024189099604645698,0.0
5533,adam,0.00013801316817564838,0.003011551275524518,0.0
5534,adam,0.00013800385096687356,0.0037973643810502266,0.0
5535,adam,0.00013800571152188779,0.004776804910025222,0.0
5536,adam,0.00013802500655225826,0.006058976994182915,0.0
5537,adam,0.000138072773630282,0.007675060034804518,0.0
5538,adam,0.00013816835860700518,0.009784998374944249,0.0
5539,adam,0.00013834189382948173,0.012476754048518548,0.0
5540,adam,0.00013864739994952564,0.015988999595201232,0.0
5541,adam,0.00013917230924351205,0.02051534567374896,0.0
5542,adam,0.00014006775354502308,0.026428433426323377,0.0
5543,adam,0.00014158788076867537,0.03409598964733463,0.0
5544,adam,0.00014417035652956092,0.044128237479238316,0.0
5545,adam,0.00014854387144189543,0.05718186621329991,0.0
5546,adam,0.000155973294752499,0.07424710208266486,0.0
5547,adam,0.00016849494253783114,0.0963841712257413,0.0
5548,adam,0.00018955071028705153,0.12504327684175576,0.0
5549,adam,0.00022410004808361768,0.16148251678576542,0.0
5550,adam,0.00027955568032655807,0.20694014862011847,0.0
5551,adam,0.000362361364632913,0.26085391308963113,0.0
5552,adam,0.00047566213146174575,0.32038908520478926,0.0
5553,adam,0.0005989221327933993,0.3761337473897358,0.0
5554,adam,0.0006876714379157132,0.41356512494185577,0.0
5555,adam,0.0006651230502754749,0.4126392430880456,0.0
5556,adam,0.0005150509905826948,0.3642298514115845,0.0
5557,adam,0.00031273002453323064,0.2841064805145823,0.0
5558,adam,0.00019884582577076222,0.23152657767555856,0.0
5559,adam,0.00023385817166838354,0.26164834683245375,0.0
5560,adam,0.00035079218735796687,0.3240743655826281,0.0
5561,adam,0.00042565622469379694,0.3556854054567816,0.0
5562,adam,0.00038265907447122566,0.3327735101593201,0.0
5563,adam,0.0002646572945839634,0.2656058873496816,0.0
5564,adam,0.00018065037874186277,0.19704170546668262,0.0
5565,adam,0.000191338219676736,0.18642697131491037,0.0
5566,adam,0.00025269515727510585,0.21616403308976329,0.0
5567,adam,0.00027761211657885876,0.2225782101680174,0.0
5568,adam,0.00023286451484275342,0.18252548250873468,0.0
5569,adam,0.00016497615470414782,0.1066853217907521,0.0
5570,adam,0.00014067946201349818,0.05257568408778326,0.0
5571,adam,0.00016933198589103864,0.10017770862762809,0.0
5572,adam,0.00020296098059514542,0.13893947084682218,0.0
5573,adam,0.00019876028749678043,0.13391818346943124,0.0
5574,adam,0.0001641153408376855,0.0910569557518954,0.0
5575,adam,0.00014029572605980594,0.04701869792936619,0.0
5576,adam,0.0001495460959468418,0.07795207821581246,0.0
5577,adam,0.00017370524026750738,0.11947728962862599,0.0
5578,adam,0.00018180187582321228,0.13239146320903544,0.0
5579,adam,0.000166510058688536,0.11646710115886813,0.0
5580,adam,0.0001482093316183181,0.09155466431315205,0.0
5581,adam,0.00014674382858946802,0.08894880326514883,0.0
5582,adam,0.0001593136303292739,0.1069823901342072,0.0
5583,adam,0.0001678784987324902,0.11765587845997627,0.0
5584,adam,0.0001621629282545186,0.11041653048019888,0.0
5585,adam,0.00014985896995802108,0.09296769958375882,0.0
5586,adam,0.00014453649324648127,0.0847199232318612,0.0
5587,adam,0.00014944772272506337,0.09282484961920305,0.0
5588,adam,0.00015588450375043764,0.10193990949621108,0.0
5589,adam,0.00015516479126481306,0.09967839936587462,0.0
5590,adam,0.000148324899900362,0.08733604609391,0.0
5591,adam,0.00014306037738992931,0.07586679466402549,0.0
5592,adam,0.0001440012827639628,0.07577573971900253,0.0
5593,adam,0.00014816978764701236,0.08233648776146711,0.0
5594,adam,0.00014974563538977287,0.0846917690245085,0.0
5595,adam,0.00014700215689157525,0.0803644744269242,0.0
5596,adam,0.00014338634527616867,0.074827829169818,0.0
5597,adam,0.00014279077969362608,0.07562824977969816,0.0
5598,adam,0.00014524736405419005,0.08245737888428559,0.0
5599,adam,0.00014765214067566016,0.08887225940601245,0.0
5600,adam,0.00014776983793245732,0.09163084141263092,0.0
5601,adam,0.00014647277614339923,0.0925128205986009,0.0
5602,adam,0.0001462820044653005,0.09591404274941694,0.0
5603,adam,0.00014839042523542685,0.10359378576119431,0.0
5604,adam,0.0001517833439295376,0.1138429358475377,0.0
5605,adam,0.000154828171096456,0.12470326956452961,0.0
5606,adam,0.0001573221691775076,0.13622987130853328,0.0
5607,adam,0.00016059739079651918,0.150226236444749,0.0
5608,adam,0.00016620052888535055,0.1678931581829001,0.0
5609,adam,0.00017452620630312597,0.18927648511156941,0.0
5610,adam,0.00018533215205249318,0.21384259364927505,0.0
5611,adam,0.0001985813937580394,0.2417233774956554,0.0
5612,adam,0.00021572370833533914,0.2738415923843549,0.0
5613,adam,0.00023863469535420485,0.3113479826988612,0.0
5614,adam,0.00026987985707431646,0.35510409602264725,0.0
5615,adam,0.0003107568439157677,0.4056013825858619,0.0
5616,adam,0.00036393179905044295,0.46288441548218723,0.0
5617,adam,0.00043030448851922193,0.527027229485788,0.0
5618,adam,0.0005136228877900079,0.5969068397758351,0.0
5619,adam,0.0006113050845199188,0.6708789635076567,0.0
5620,adam,0.0007231514122091301,0.7446268248358534,0.0
5621,adam,0.0008332269343619711,0.8125822344706406,0.0
5622,adam,0.0009301830487138345,0.8655860111816146,0.0
5623,adam,0.0009799451466354784,0.893662242789155,0.0
5624,adam,0.0009669796276372074,0.8847638724471883,0.0
5625,adam,0.0008656973715576914,0.830130992295607,0.0
5626,adam,0.0006946002165267862,0.724579707868553,0.0
5627,adam,0.00048381820482826276,0.5720833620808491,0.0
5628,adam,0.00029329639691150325,0.383773622995732,0.0
5629,adam,0.0001703839751738893,0.1781955716483243,0.0
5630,adam,0.00013735075594300595,0.024518680836444918,0.0
5631,adam,0.00018104966480420493,0.20385808052809512,0.0
5632,adam,0.0002633221548385342,0.34480311901107497,0.0
5633,adam,0.00033956349939330685,0.43617467830870127,0.0
5634,adam,0.00037419342103063065,0.4724728338616968,0.0
5635,adam,0.0003558976062664949,0.4533316619036527,0.0
5636,adam,0.0002945909639537231,0.38511537600733564,0.0
5637,adam,0.00021962544130361663,0.278799316829301,0.0
5638,adam,0.0001607560687599542,0.15041599812796438,0.0
5639,adam,0.00013690056997137855,0.01694061082212725,0.0
5640,adam,0.0001483928706932116,0.10520659660857325,0.0
5641,adam,0.00018041275645638169,0.20265741865882125,0.0
5642,adam,0.00021241892942683446,0.26645240829496963,0.0
5643,adam,0.0002277833492541332,0.29239423501587763,0.0
5644,adam,0.000220934225718349,0.2810607075624864,0.0
5645,adam,0.00019670305128275826,0.23742954265222124,0.0
5646,adam,0.00016736083369941947,0.1699017717261664,0.0
5647,adam,0.000144955184619722,0.08888360437643104,0.0
5648,adam,0.00013651724321329012,0.006089563301246934,0.0
5649,adam,0.00014172878305517375,0.07035093129995813,0.0
5650,adam,0.00015456398901854857,0.1303338310559769,0.0
5651,adam,0.0001670467749530808,0.16929387655167868,0.0
5652,adam,0.0001729447564906603,0.18500072012740204,0.0
5653,adam,0.00017024010021158024,0.17803237305239725,0.0
5654,adam,0.00016088113828182667,0.15160399581224585,0.0
5655,adam,0.00014942156008701266,0.11086032488689901,0.0
5656,adam,0.00014035448252136347,0.0617935727050541,0.0
5657,adam,0.0001363826298041869,0.011081355730716388,0.0
5658,adam,0.0001376285488213236,0.03623201283511594,0.0
5659,adam,0.00014215259406038245,0.07466772018890556,0.0
5660,adam,0.00014716437648015565,0.10142042097873477,0.0
5661,adam,0.00015027140028798939,0.11500037152861592,0.0
5662,adam,0.0001503548739786858,0.11538646350406087,0.0
5663,adam,0.0001476668702418203,0.10407797423681071,0.0
5664,adam,0.00014351339014084287,0.08346831074442143,0.0
5665,adam,0.00013947614733913008,0.056715835762804485,0.0
5666,adam,0.00013680061956109163,0.02713362440920831,0.0
5667,adam,0.0001359954629248475,0.00236588166596865,0.0
5668,adam,0.00013681445281233992,0.028228329458440195,0.0
5669,adam,0.00013851556676087215,0.04916121319627947,0.0
5670,adam,0.00014022323407955462,0.06356308523020396,0.0
5671,adam,0.00014125970377561322,0.07098322265039535,0.0
5672,adam,0.000141312137637617,0.07148174686650849,0.0
5673,adam,0.000140467064068584,0.06590591446623267,0.0
5674,adam,0.00013907838208880317,0.05539041137189898,0.0
5675,adam,0.0001376080411587814,0.041416394729703876,0.0
5676,adam,0.00013644741638270933,0.025542436731075174,0.0
5677,adam,0.0001358170970966296,0.009272913938729763,0.0
5678,adam,0.00013574052865779,0.006152720414663173,0.0
5679,adam,0.00013608020553870827,0.01948865642356693,0.0
5680,adam,0.00013661652094308532,0.030131579417766532,0.0
5681,adam,0.0001371282133879248,0.03756360500193019,0.0
5682,adam,0.0001374510927571028,0.04170201311901409,0.0
5683,adam,0.00013750759026822038,0.042602997622151494,0.0
5684,adam,0.00013730799542290998,0.04065432319394593,0.0
5685,adam,0.0001369245500085341,0.036290221490902184,0.0
5686,adam,0.00013646161446668602,0.03013512344472818,0.0
5687,adam,0.00013602044670790422,0.02276465262824102,0.0
5688,adam,0.00013567616824658137,0.014802428939964076,0.0
5689,adam,0.00013546631948087686,0.0068056099346872475,0.0
5690,adam,0.00013539279022878125,0.0009307283965547281,0.0
5691,adam,0.0001354280768170667,0.007605638091718687,0.0
5692,adam,0.00013552996051629715,0.013328309631539435,0.0
5693,adam,0.00013565407767676546,0.017830948560576328,0.0
5694,adam,0.00013576149490106477,0.021030886147078542,0.0
5695,adam,0.0001358268408086211,0.022968986238779496,0.0
5696,adam,0.00013583710800755175,0.02368725983040623,0.0
5697,adam,0.00013579459080745413,0.023344925467094563,0.0
5698,adam,0.00013570779166506203,0.022082987804126823,0.0
5699,adam,0.00013559376432498147,0.020103910899535084,0.0
5700,adam,0.00013546739847515991,0.017582332983144426,0.0
5701,adam,0.00013534335402789072,0.014698361126391888,0.0
5702,adam,0.00013523187661858486,0.011613962852876721,0.0
5703,adam,0.00013513870809678803,0.008463979810115265,0.0
5704,adam,0.00013506825026934275,0.005372304868992181,0.0
5705,adam,0.00013501838690130314,0.0024500684921003844,0.0
5706,adam,0.00013498725766167746,0.0004309631819236981,0.0
5707,adam,0.00013497029449425832,0.002724325714479587,0.0
5708,adam,0.00013496187884649014,0.004853005776916537,0.0
5709,adam,0.0001349596334611084,0.006668069448798719,0.0
5710,adam,0.00013495860424076497,0.008194276132139576,0.0
5711,adam,0.00013495628620904555,0.009422468314924826,0.0
5712,adam,0.00013495239334308402,0.010394784862490052,0.0
5713,adam,0.00013494402040368947,0.011129558202980826,0.0
5714,adam,0.0001349313617755446,0.0116671820529211,0.0
5715,adam,0.00013491623352456105,0.012034399145975394,0.0
5716,adam,0.0001348969449061193,0.012268952666196759,0.0
5717,adam,0.000134875879403462,0.01240001455472358,0.0
5718,adam,0.00013485309326018182,0.012470957917850965,0.0
5719,adam,0.0001348290346115409,0.012500508673818992,0.0
5720,adam,0.0001348043494514007,0.01252347376310936,0.0
5721,adam,0.00013478025373695192,0.012549915898413004,0.0
5722,adam,0.0001347570310834603,0.0126181485805242,0.0
5723,adam,0.00013473614102676721,0.012733130094405524,0.0
5724,adam,0.00013471639924310153,0.012929819923084828,0.0
5725,adam,0.00013469876846220884,0.013211147943840342,0.0
5726,adam,0.0001346858672210137,0.013603266642591616,0.0
5727,adam,0.00013467607540010188,0.014115435841098737,0.0
5728,adam,0.000134671567088248,0.014772167670755733,0.0
5729,adam,0.00013467356807250812,0.015592475505309964,0.0
5730,adam,0.00013468331324452854,0.016605239481608417,0.0
5731,adam,0.00013470393535095838,0.017835306231326526,0.0
5732,adam,0.00013473737532688246,0.019318214334402253,0.0
5733,adam,0.0001347886033616187,0.021081783259142232,0.0
5734,adam,0.00013486253286532023,0.02318639144667862,0.0
5735,adam,0.00013496753047009157,0.025681195437147725,0.0
5736,adam,0.00013511458623099954,0.028654904626438642,0.0
5737,adam,0.00013531798458927305,0.03218130700317993,0.0
5738,adam,0.00013559800467381658,0.0363739320388705,0.0
5739,adam,0.00013598475189714493,0.04135981319116412,0.0
5740,adam,0.0001365202440929045,0.0473092197443726,0.0
5741,adam,0.0001372618546363888,0.05440788107172326,0.0
5742,adam,0.00013829548023110708,0.06290375515381648,0.0
5743,adam,0.0001397388836559598,0.07308686220777702,0.0
5744,adam,0.00014177389073842132,0.08533084005665405,0.0
5745,adam,0.0001446482796722436,0.10008486523871649,0.0
5746,adam,0.00014875032341313661,0.1179063571513004,0.0
5747,adam,0.00015460798295774305,0.13948154729698228,0.0
5748,adam,0.00016306255145854783,0.16563863248229646,0.0
5749,adam,0.0001752462913843956,0.19740722618298287,0.0
5750,adam,0.00019299475036975054,0.23598225969264539,0.0
5751,adam,0.00021868362457932511,0.28284805068832763,0.0
5752,adam,0.0002562332120028813,0.33957543650594146,0.0
5753,adam,0.00031028755606172007,0.4080594337350751,0.0
5754,adam,0.0003885689749662255,0.4898701159252313,0.0
5755,adam,0.0004982838462058298,0.5865550541328726,0.0
5756,adam,0.0006512261026487491,0.6979367081637783,0.0
5757,adam,0.0008500479436701827,0.8223048570245236,0.0
5758,adam,0.0010988612268751385,0.952637800342215,0.0
5759,adam,0.0013626756495159886,1.0769050727719338,0.0
5760,adam,0.0015996180760724694,1.173014893013029,0.0
5761,adam,0.001695636043690568,1.213225338226689,0.0
5762,adam,0.0015847777057967508,1.1656876034272505,0.0
5763,adam,0.0012200562493464304,1.0102463701338922,0.0
5764,adam,0.0007316092838928201,0.7471122232478262,0.0
5765,adam,0.00031188215210911673,0.40728171241462396,0.0
5766,adam,0.00013662513945027297,0.04073414614311279,0.0
5767,adam,0.0002280078563671405,0.2949297851573006,0.0
5768,adam,0.00045814339966140086,0.5493158179702755,0.0
5769,adam,0.0006429925507740017,0.6876590253810961,0.0
5770,adam,0.0006493195001430132,0.6925500736535714,0.0
5771,adam,0.0004847146541881158,0.5697604370636047,0.0
5772,adam,0.0002671433251026892,0.3506619297712196,0.0
5773,adam,0.00014256270364697656,0.08380700475228615,0.0
5774,adam,0.0001669630603248045,0.17252277181319456,0.0
5775,adam,0.00028096851446719046,0.3681677930887043,0.0
5776,adam,0.0003725921217209725,0.4692995068859704,0.0
5777,adam,0.0003657197296313938,0.4626810410067724,0.0
5778,adam,0.0002742629359191258,0.3589306101234969,0.0
5779,adam,0.0001734620976631634,0.18904787635852546,0.0
5780,adam,0.0001348986066786857,0.005635439430070908,0.0
5781,adam,0.00016928193917106632,0.1785571122250889,0.0
5782,adam,0.00022950077177894164,0.29582015738056566,0.0
5783,adam,0.0002581535330593909,0.3376722599230105,0.0
5784,adam,0.0002330068586128139,0.30120964526905986,0.0
5785,adam,0.0001793109738766216,0.20264159537148616,0.0
5786,adam,0.0001400315021679508,0.06952759005845022,0.0
5787,adam,0.00013948120294221756,0.06595792843439244,0.0
5788,adam,0.0001672060767435551,0.17307128259787166,0.0
5789,adam,0.0001928695709299316,0.23171611770887277,0.0
5790,adam,0.0001939948643152181,0.23404892490120752,0.0
5791,adam,0.00017161590736718244,0.18467819100371094,0.0
5792,adam,0.00014548941530514965,0.10021833935108986,0.0
5793,adam,0.00013459546204224116,0.0024894971756135144,0.0
5794,adam,0.00014265120822551906,0.08642900388025133,0.0
5795,adam,0.0001581390988620401,0.14756224325957257,0.0
5796,adam,0.00016618132980866998,0.17102657232253024,0.0
5797,adam,0.00016072500869934982,0.15572090727350793,0.0
5798,adam,0.00014724289221839236,0.1086881911139734,0.0
5799,adam,0.00013646025388639702,0.04349129062914657,0.0
5800,adam,0.0001350322997904407,0.024385793312567548,0.0
5801,adam,0.00014136687051619453,0.08049267332559115,0.0
5802,adam,0.00014845723359931514,0.11415307905068917,0.0
5803,adam,0.00015016773715707696,0.1211162119623797,0.0
5804,adam,0.0001456447481494872,0.1025557218130386,0.0
5805,adam,0.00013880163689618485,0.06496057852373889,0.0
5806,adam,0.0001345540819068401,0.018146488381101177,0.0
5807,adam,0.00013500294922050822,0.0277886731879121,0.0
5808,adam,0.00013850842639691156,0.06354932435613443,0.0
5809,adam,0.00014161931308205822,0.08329507435872704,0.0
5810,adam,0.0001418691481728861,0.08487605443058391,0.0
5811,adam,0.00013933270039951745,0.06988564395084802,0.0
5812,adam,0.0001360207973967036,0.04300521126330501,0.0
5813,adam,0.00013411389624893438,0.010679213857082993,0.0
5814,adam,0.00013441733873119051,0.020517228148561616,0.0
5815,adam,0.00013609796475074225,0.044724574280388944,0.0
5816,adam,0.00013758152592077867,0.05828535647287256,0.0
5817,adam,0.00013775142016167528,0.05984899471029209,0.0
5818,adam,0.00013659998271164144,0.05041526316507814,0.0
5819,adam,0.0001349927110301232,0.032864133769798215,0.0
5820,adam,0.00013393290739115553,0.01127274128694526,0.0
5821,adam,0.00013388085749288368,0.010251653967768695,0.0
5822,adam,0.00013457366097681308,0.027748554918562145,0.0
5823,adam,0.00013533770618020028,0.03877930674153488,0.0
5824,adam,0.00013559846000380047,0.04207725446617768,0.0
5825,adam,0.00013521514353284506,0.037929451038135824,0.0
5826,adam,0.00013447201922430857,0.027887426247955868,0.0
5827,adam,0.00013382294908753328,0.01421096218437415,0.0
5828,adam,0.0001335778264157663,0.0005785811370899468,0.0
5829,adam,0.00013374796419915106,0.01352526323137162,0.0
5830,adam,0.00013410391902571664,0.023176770449544276,0.0
5831,adam,0.00013435537999117328,0.028183756650124434,0.0
5832,adam,0.00013433592807306308,0.028290059384732467,0.0
5833,adam,0.0001340667555495724,0.024003724075081362,0.0
5834,adam,0.00013371068729431772,0.016467708528693847,0.0
5835,adam,0.00013344645592527814,0.007179661863951056,0.0
5836,adam,0.00013337001178492,0.0022756313624282204,0.0
5837,adam,0.00013345542329100407,0.010426260971034454,0.0
5838,adam,0.00013359604697224173,0.016238816134254284,0.0
5839,adam,0.00013368074466151583,0.01912987228009145,0.0
5840,adam,0.0001336497730189066,0.019020345997965312,0.0
5841,adam,0.00013351737766956103,0.016227399441730288,0.0
5842,adam,0.00013334867927083596,0.011475144658928845,0.0
5843,adam,0.00013321426959517053,0.005626548514058335,0.0
5844,adam,0.0001331547046724953,0.0005207711229891489,0.0
5845,adam,0.0001331646616960034,0.005793671742818566,0.0
5846,adam,0.00013320764176315188,0.009879345038683728,0.0
5847,adam,0.00013323886212614927,0.012263362160584684,0.0
5848,adam,0.0001332288066402624,0.012843002889761642,0.0
5849,adam,0.00013317344774321804,0.011739404232092625,0.0
5850,adam,0.00013309178281981776,0.009277400085513027,0.0
5851,adam,0.00013301121917343671,0.0059108176268392945,0.0
5852,adam,0.00013295284217087341,0.0021759497091232,0.0
5853,adam,0.00013292412218983803,0.0015096904352024834,0.0
5854,adam,0.00013291870966537756,0.004579845827668275,0.0
5855,adam,0.00013292117261065476,0.0068291892982651455,0.0
5856,adam,0.00013291524096381937,0.008082229614123226,0.0
5857,adam,0.000132894172771878,0.008307334393825727,0.0
5858,adam,0.00013285620003550828,0.007590249116033734,0.0
5859,adam,0.00013280882812085655,0.006127695263520481,0.0
5860,adam,0.00013276172062595906,0.004146635607819544,0.0
5861,adam,0.00013272192047600545,0.0019476484550308584,0.0
5862,adam,0.0001326924707310207,0.0003965497818309989,0.0
5863,adam,0.00013267225411880813,0.002224791758542999,0.0
5864,adam,0.00013265623307930692,0.0037393267637824434,0.0
5865,adam,0.00013264039671745967,0.004745555773742793,0.0
5866,adam,0.00013261978888791858,0.005194577869604211,0.0
5867,adam,0.00013259400119047926,0.005107375518033683,0.0
5868,adam,0.00013256323276281926,0.004556046576508064,0.0
5869,adam,0.00013252967548254963,0.003641441705098935,0.0
5870,adam,0.00013249648964598973,0.002498731902251565,0.0
5871,adam,0.00013246634352572043,0.0012605982714046836,0.0
5872,adam,0.0001324401028947589,0.0002931629183388076,0.0
5873,adam,0.00013241653503955986,0.0011551584190911096,0.0
5874,adam,0.00013239395861913434,0.002045874196298574,0.0
5875,adam,0.00013237233264473892,0.002699490493658665,0.0
5876,adam,0.00013234977284858624,0.0030716575736577513,0.0
5877,adam,0.00013232528912833003,0.0031779493382406063,0.0
5878,adam,0.00013229947079068297,0.0030379287651465113,0.0
5879,adam,0.00013227218566893236,0.0026924131585348765,0.0
5880,adam,0.0001322448789871043,0.0021888992291863195,0.0
5881,adam,0.0001322171026548163,0.0015942873013725786,0.0
5882,adam,0.00013219054027460627,0.0009631091874312342,0.0
5883,adam,0.00013216443269253275,0.00040062524922880995,0.0
5884,adam,0.0001321396969297293,0.0004352199781804946,0.0
5885,adam,0.00013211584926202478,0.0008909123344814791,0.0
5886,adam,0.0001320915657043774,0.0012965581662789066,0.0
5887,adam,0.00013206763800062687,0.0015896572857393675,0.0
5888,adam,0.00013204343234293813,0.001769142467177959,0.0
5889,adam,0.00013201933789489594,0.0018302786714948743,0.0
5890,adam,0.00013199409026138352,0.001793602322382588,0.0
5891,adam,0.00013196844954325721,0.0016665568416146276,0.0
5892,adam,0.00013194354982029832,0.0014759983977532805,0.0
5893,adam,0.00013191802335935175,0.0012320670504660045,0.0
5894,adam,0.00013189270445032733,0.0009642611529197443,0.0
5895,adam,0.00013186763312391455,0.0006902748852637678,0.0
5896,adam,0.00013184271611060497,0.00044555050362390545,0.0
5897,adam,0.00013181807408128876,0.00029196455772803967,0.0
5898,adam,0.00013179315692978465,0.00035179059096746945,0.0
5899,adam,0.00013176895893733014,0.00052009876448055,0.0
5900,adam,0.0001317442986314262,0.0006866875613105134,0.0
5901,adam,0.0001317203314039138,0.0008359294911803943,0.0
5902,adam,0.00013169553483054902,0.0009492191138321639,0.0
5903,adam,0.000131670813920852,0.0010325344611963809,0.0
5904,adam,0.00013164602268440735,0.001071234654699304,0.0
5905,adam,0.00013162203937959393,0.0010773940587990585,0.0
5906,adam,0.00013159758125811386,0.0010472231388513422,0.0
5907,adam,0.00013157293447550302,0.001003545059925016,0.0
5908,adam,0.00013154841157698554,0.0009386951066222439,0.0
5909,adam,0.00013152346515877438,0.0008681644457311,0.0
5910,adam,0.00013149882245761711,0.0007837182900813739,0.0
5911,adam,0.00013147451513758037,0.0007042866916843673,0.0
5912,adam,0.00013144986952595255,0.0006198360380660149,0.0
5913,adam,0.00013142531482428238,0.0005488994684544971,0.0
5914,adam,0.00013140104505144295,0.00047991366107376766,0.0
5915,adam,0.00013137668756192452,0.0004253476110559378,0.0
5916,adam,0.00013135202267345502,0.00037495374298721686,0.0
5917,adam,0.0001313270718635503,0.0003407181789637467,0.0
5918,adam,0.00013130315460383593,0.00031260443436608473,0.0
5919,adam,0.0001312786232616494,0.00029681465045053616,0.0
5920,adam,0.00013125414331498886,0.0002861140587679681,0.0
5921,adam,0.00013122981057318942,0.00028406327469051093,0.0
5922,adam,0.00013120533792585864,0.00028585750232758186,0.0
5923,adam,0.00013118133478985216,0.0002909482750256394,0.0
5924,adam,0.00013115689056711718,0.000300526628327264,0.0
5925,adam,0.00013113274737007523,0.0003073771528256844,0.0
5926,adam,0.00013110825077450832,0.00032030782811178323,0.0
5927,adam,0.00013108398545964763,0.0003319939871910558,0.0
5928,adam,0.00013106010718593315,0.00035034309608835584,0.0
5929,adam,0.00013103549792925061,0.0003656002201297792,0.0
5930,adam,0.0001310117472185773,0.0003937513305448347,0.0
5931,adam,0.00013098720988538023,0.00041996184896202557,0.0
5932,adam,0.0001309631273738844,0.00045497165556052923,0.0
5933,adam,0.00013093913608989402,0.00048710827073446,0.0
5934,adam,0.00013091480226449416,0.0005315447548218336,0.0
5935,adam,0.00013089097227088006,0.000572706878706827,0.0
5936,adam,0.0001308668777095167,0.000632470496598108,0.0
5937,adam,0.0001308423088701855,0.0006987375134842152,0.0
5938,adam,0.00013081827633035733,0.0007854989090822161,0.0
5939,adam,0.00013079438344584555,0.0008767626410554133,0.0
5940,adam,0.00013077017898448202,0.0009986755849947825,0.0
5941,adam,0.0001307468468192683,0.0011340551723377594,0.0
5942,adam,0.0001307230407730815,0.0013062351186528271,0.0
5943,adam,0.00013069994165629227,0.0014977113792056095,0.0
5944,adam,0.00013067645704050124,0.001739064980843089,0.0
5945,adam,0.0001306534126937802,0.002017725565286264,0.0
5946,adam,0.00013063111415689095,0.0023657283690943585,0.0
5947,adam,0.00013060894883963929,0.0027774278534545586,0.0
5948,adam,0.00013058820986088657,0.003294676070804964,0.0
5949,adam,0.00013056920016580074,0.003915570895178704,0.0
5950,adam,0.00013055175491081563,0.004688559670137711,0.0
5951,adam,0.00013053860745163145,0.005627748962208112,0.0
5952,adam,0.00013053002714921887,0.006799246175602184,0.0
5953,adam,0.00013052901913703917,0.008236163679592493,0.0
5954,adam,0.00013053981834652283,0.010033469860564964,0.0
5955,adam,0.00013056950300141927,0.01225740524233228,0.0
5956,adam,0.00013062663170459063,0.015049331218854694,0.0
5957,adam,0.00013072860003070593,0.018533153211544612,0.0
5958,adam,0.00013089859511262737,0.022914840215979292,0.0
5959,adam,0.00013117700544571802,0.028417310234467346,0.0
5960,adam,0.0001316275385601396,0.035379659050439716,0.0
5961,adam,0.00013235317755492707,0.044184958451028496,0.0
5962,adam,0.00013352166349829268,0.05538571611554509,0.0
5963,adam,0.000135404459393863,0.06964379832935741,0.0
5964,adam,0.00013845073110323365,0.08786632900634715,0.0
5965,adam,0.00014338888944668066,0.11119069889467695,0.0
5966,adam,0.0001514492180558691,0.14112924700371485,0.0
5967,adam,0.00016461188189423643,0.17962518490597607,0.0
5968,adam,0.000186276529893567,0.22917088463298332,0.0
5969,adam,0.00022179175239268726,0.2929672158786959,0.0
5970,adam,0.00028040413946536113,0.3748721953666307,0.0
5971,adam,0.0003757705756573499,0.4796483034995831,0.0
5972,adam,0.0005309968970995893,0.6120576635763033,0.0
5973,adam,0.0007739768351554125,0.7766612209168521,0.0
5974,adam,0.0011457948104367768,0.9737126048776752,0.0
5975,adam,0.0016574127757703293,1.1963641327352919,0.0
5976,adam,0.0022908015814332256,1.4189323660387805,0.0
5977,adam,0.002836690935769314,1.5923012263705172,0.0
5978,adam,0.003017730745900689,1.6382683621596807,0.0
5979,adam,0.002468321211526998,1.4782054812864382,0.0
5980,adam,0.0013831759009514666,1.0776380219262347,0.0
5981,adam,0.0003946246694879077,0.4941820342108086,0.0
5982,adam,0.00015755868181140456,0.1474744787942793,0.0
5983,adam,0.0006391888658862772,0.6825612035530099,0.0
5984,adam,0.0011985239257257783,0.9919140414977825,0.0
5985,adam,0.0012287101484453242,1.0041826609547737,0.0
5986,adam,0.0007002994161103233,0.7236828472677584,0.0
5987,adam,0.00020204419512388793,0.24980552161556618,0.0
5988,adam,0.00020655222980807997,0.2555816374964147,0.0
5989,adam,0.0005611797196263185,0.6254676280033892,0.0
5990,adam,0.0007507929282872567,0.7514342531785274,0.0
5991,adam,0.0005360654379620104,0.6077184755270917,0.0
5992,adam,0.00021088009993850258,0.2667779948393295,0.0
5993,adam,0.0001548628563178694,0.13710627504229242,0.0
5994,adam,0.0003544902035233853,0.44825955139684776,0.0
5995,adam,0.00048421135338465174,0.564726473660064,0.0
5996,adam,0.00036569850025434903,0.4611533684428242,0.0
5997,adam,0.00017474409716768623,0.19571558727245694,0.0
5998,adam,0.00014941759636111034,0.11932151613265611,0.0
5999,adam,0.0002724579763543252,0.35449283097238715,0.0
6000,adam,0.00033918452849527377,0.43237737241613833,0.0
6001,adam,0.0002569123008669499,0.3361959199443605,0.0
6002,adam,0.0001487202678885479,0.12031795073496218,0.0
6003,adam,0.00014982520099449662,0.12175433156438722,0.0
6004,adam,0.00022691206194388086,0.2908526549009138,0.0
6005,adam,0.0002534157863998778,0.3301816154948328,0.0
6006,adam,0.00019422462201060944,0.23655243415830837,0.0
6007,adam,0.00013649736729645,0.06082306424777057,0.0
6008,adam,0.00014956784447327557,0.12283461644628062,0.0
6009,adam,0.00019597811840466647,0.23870609318865868,0.0
6010,adam,0.0002016194888230922,0.2497371449120313,0.0
6011,adam,0.00016114873805826686,0.16200476137081868,0.0
6012,adam,0.00013258766586747258,0.02048369991092933,0.0
6013,adam,0.00014741353868874814,0.11645923009408565,0.0
6014,adam,0.00017379840383252045,0.19305666705961938,0.0
6015,adam,0.0001710627850694428,0.18720913232522501,0.0
6016,adam,0.00014511875910292084,0.10912819918859468,0.0
6017,adam,0.00013191775552202884,0.004728632908277958,0.0
6018,adam,0.00014392621080240678,0.10345427201919785,0.0
6019,adam,0.00015824249401667122,0.1536868323175222,0.0
6020,adam,0.00015357825192182249,0.13971449603071892,0.0
6021,adam,0.00013774037644899697,0.07359109694377347,0.0
6022,adam,0.00013186943484462201,0.013979046937902782,0.0
6023,adam,0.00014019733246333543,0.087605275503288,0.0
6024,adam,0.00014785861788834726,0.12060759563624625,0.0
6025,adam,0.00014385895523416894,0.1048921163581283,0.0
6026,adam,0.00013443966182035222,0.05133821144129357,0.0
6027,adam,0.00013172255713136247,0.016198407066639168,0.0
6028,adam,0.00013700386949827076,0.07093411802421694,0.0
6029,adam,0.00014122016809958493,0.09388247384080478,0.0
6030,adam,0.0001384991854201892,0.07999019552095829,0.0
6031,adam,0.00013293036899274523,0.03798737882482135,0.0
6032,adam,0.00013146660247852335,0.013877013066555257,0.0
6033,adam,0.00013461651310562163,0.05531773740130341,0.0
6034,adam,0.0001370747810296644,0.0726871443338152,0.0
6035,adam,0.00013547655545545397,0.06211337129758182,0.0
6036,adam,0.00013216846126763628,0.030247998760746082,0.0
6037,adam,0.00013119264811999894,0.00945799799356769,0.0
6038,adam,0.00013296867203793156,0.04164919056334099,0.0
6039,adam,0.00013449609963156624,0.05593740745363156,0.0
6040,adam,0.00013368993812395763,0.04916942851851687,0.0
6041,adam,0.00013171899893314214,0.025844810659509342,0.0
6042,adam,0.0001309583642046701,0.0046993186276548145,0.0
6043,adam,0.00013188333196241465,0.029919721326672373,0.0
6044,adam,0.00013287330807571754,0.042607543358121745,0.0
6045,adam,0.00013256162753193202,0.03941736391636001,0.0
6046,adam,0.00013140456914984873,0.02303512525230965,0.0
6047,adam,0.00013078462755586066,0.0015749713985530492,0.0
6048,adam,0.00013119455939933139,0.020158108896351976,0.0
6049,adam,0.00013183288233536205,0.03182114798859671,0.0
6050,adam,0.00013179553794541581,0.03166379360143147,0.0
6051,adam,0.00013114767115253705,0.020954478445212886,0.0
6052,adam,0.0001306549338937842,0.004469096377706993,0.0
6053,adam,0.00013076281861324187,0.01212484823425104,0.0
6054,adam,0.00013114738958007536,0.0228852528432654,0.0
6055,adam,0.00013123794041408127,0.025124703946875663,0.0
6056,adam,0.00013091243517496725,0.018992355944909237,0.0
6057,adam,0.00013054589716981856,0.007307745247509593,0.0
6058,adam,0.0001304926531114832,0.0056234292819586345,0.0
6059,adam,0.00013069010401404573,0.015415692838869814,0.0
6060,adam,0.00013081215771210586,0.019350817725852433,0.0
6061,adam,0.00013068147404332847,0.01675078916926887,0.0
6062,adam,0.00013043783920682088,0.00916449155294318,0.0
6063,adam,0.00013031800950822568,0.0006844971439601539,0.0
6064,adam,0.00013038128431896854,0.009135915753907013,0.0
6065,adam,0.00013047842687956157,0.014023731864296512,0.0
6066,adam,0.00013045281325223924,0.014116692442464333,0.0
6067,adam,0.00013031398384359726,0.009873705543498519,0.0
6068,adam,0.00013019022047163961,0.0030502503362898584,0.0
6069,adam,0.00013017053840635702,0.004043297419074773,0.0
6070,adam,0.00013021839151114634,0.00919114142645824,0.0
6071,adam,0.0001302330084717288,0.0110842990198601,0.0
6072,adam,0.00013017005718365075,0.009478200782507272,0.0
6073,adam,0.00013007460922863758,0.005243993053430659,0.0
6074,adam,0.0001300173409189733,0.00034685667211913323,0.0
6075,adam,0.00013001681759942154,0.0049273234730956164,0.0
6076,adam,0.00013003054826125137,0.007795291900584267,0.0
6077,adam,0.00013000922784916883,0.008134676214547068,0.0
6078,adam,0.0001299510432640967,0.006099744675877666,0.0
6079,adam,0.0001298905010321131,0.0025421200427192814,0.0
6080,adam,0.00012985871166099224,0.0014526709054080173,0.0
6081,adam,0.00012985353391051793,0.004567497039449073,0.0
6082,adam,0.0001298450822088901,0.006107024345525579,0.0
6083,adam,0.00012981473758715914,0.005799129115955099,0.0
6084,adam,0.00012976818381701526,0.003916181539088176,0.0
6085,adam,0.0001297262467951436,0.001181881023582991,0.0
6086,adam,0.0001297018280634523,0.0017191029362924257,0.0
6087,adam,0.0001296878465254282,0.0037607184419853287,0.0
6088,adam,0.0001296695052764313,0.004610556204763821,0.0
6089,adam,0.00012963881183353682,0.0041402926040552,0.0
6090,adam,0.00012960153264512237,0.0026199798525436625,0.0
6091,adam,0.00012956827903201436,0.0006254385565811191,0.0
6092,adam,0.00012954472374824736,0.001515071834197056,0.0
6093,adam,0.000129525439292695,0.002916744601219892,0.0
6094,adam,0.00012950303163036233,0.003432672677522455,0.0
6095,adam,0.00012947408933832268,0.0030209200884492335,0.0
6096,adam,0.00012944252053619584,0.0018766374395090312,0.0
6097,adam,0.00012941298509326174,0.00045708840076629984,0.0
6098,adam,0.00012938851902539905,0.0011544526439412404,0.0
6099,adam,0.00012936608938650515,0.002163087798712859,0.0
6100,adam,0.00012934233773044082,0.0025510406343822937,0.0
6101,adam,0.00012931507304143782,0.002281544362715461,0.0
6102,adam,0.00012928670533564405,0.0014858560357201944,0.0
6103,adam,0.0001292585143312685,0.00047114848787485646,0.0
6104,adam,0.00012923359019858312,0.0007613499230255193,0.0
6105,adam,0.00012920951336217956,0.001525701396560996,0.0
6106,adam,0.00012918536308663788,0.0018742054066029719,0.0
6107,adam,0.0001291593028081185,0.0017496629076741595,0.0
6108,adam,0.00012913239605034422,0.001237772018999395,0.0
6109,adam,0.0001291059161347655,0.0005338648820188989,0.0
6110,adam,0.0001290804889618936,0.00044353990246930394,0.0
6111,adam,0.00012905573230772213,0.0009988057518987156,0.0
6112,adam,0.00012903140725865035,0.0013318305744491493,0.0
6113,adam,0.0001290061342977707,0.0013524999823036042,0.0
6114,adam,0.0001289797901758863,0.0010825172433202637,0.0
6115,adam,0.00012895391554981026,0.0006311758836796353,0.0
6116,adam,0.0001289284016815572,0.000290944930090367,0.0
6117,adam,0.00012890342474290272,0.0005802420081633309,0.0
6118,adam,0.00012887876358689046,0.0008889087135073346,0.0
6119,adam,0.00012885384163707783,0.0010011162876837907,0.0
6120,adam,0.00012882866539442217,0.0009057804619139437,0.0
6121,adam,0.00012880309370583132,0.0006487018782666457,0.0
6122,adam,0.0001287780379912141,0.00035781248362444826,0.0
6123,adam,0.00012875285708513598,0.00033751705979085327,0.0
6124,adam,0.00012872805492317911,0.0005547101060276457,0.0
6125,adam,0.00012870303534834586,0.0007045670478490912,0.0
6126,adam,0.0001286779643072082,0.0007207813504714357,0.0
6127,adam,0.00012865339293853653,0.0006183646076760159,0.0
6128,adam,0.00012862791092958835,0.00043954403663608944,0.0
6129,adam,0.0001286033961767581,0.0002990368814414748,0.0
6130,adam,0.00012857803511187067,0.00033737584732425563,0.0
6131,adam,0.00012855343688635674,0.00046336095207222467,0.0
6132,adam,0.00012852870938215294,0.0005443296909019945,0.0
6133,adam,0.00012850365103599966,0.0005366834612783609,0.0
6134,adam,0.00012847901333636535,0.0004583541621271489,0.0
6135,adam,0.00012845444009211495,0.00035006350243013874,0.0
6136,adam,0.00012842906569588414,0.0002874354531449126,0.0
6137,adam,0.0001284045061793719,0.00032022299752732094,0.0
6138,adam,0.00012837974102366135,0.0003881440050926456,0.0
6139,adam,0.00012835504811744766,0.00043096129649176375,0.0
6140,adam,0.00012833054260645647,0.00042323638111155335,0.0
6141,adam,0.00012830608586081045,0.00038146448914423996,0.0
6142,adam,0.00012828121491971278,0.00032169808565702844,0.0
6143,adam,0.00012825651439152342,0.0002882708055985193,0.0
6144,adam,0.0001282317393761299,0.00029614525404482483,0.0
6145,adam,0.00012820714510399607,0.00032564087121299365,0.0
6146,adam,0.00012818257826860668,0.0003546718816351165,0.0
6147,adam,0.0001281577636388954,0.00036081992119901466,0.0
6148,adam,0.00012813399462883844,0.0003475241368852762,0.0
6149,adam,0.00012810939803308468,0.00031545744173505896,0.0
6150,adam,0.00012808494230398272,0.00029225741496475394,0.0
6151,adam,0.00012806033719078922,0.00028503247166592,0.0
6152,adam,0.00012803547226428928,0.000296124254423065,0.0
6153,adam,0.00012801124816599774,0.00031288992584313865,0.0
6154,adam,0.00012798678163730118,0.00032117505664930096,0.0
6155,adam,0.00012796264156305623,0.00032066725123410536,0.0
6156,adam,0.0001279377694041695,0.0003087382592314263,0.0
6157,adam,0.0001279132708509252,0.0002949353224789063,0.0
6158,adam,0.00012788899806150475,0.00028405835290141074,0.0
6159,adam,0.00012786483579769548,0.0002859946346350916,0.0
6160,adam,0.0001278407719613514,0.00029655640170971704,0.0
6161,adam,0.00012781546480723408,0.00030787195211646334,0.0
6162,adam,0.0001277918484444354,0.00031804349477724533,0.0
6163,adam,0.0001277673736204392,0.00032059529431809145,0.0
6164,adam,0.0001277432164671929,0.00031494002792436577,0.0
6165,adam,0.00012771874078206465,0.00030093188267510016,0.0
6166,adam,0.00012769473681987153,0.000292515891598637,0.0
6167,adam,0.00012767027081954054,0.00028393710707890597,0.0
6168,adam,0.00012764641689167806,0.00028301464755717514,0.0
6169,adam,0.0001276215792492367,0.00028719983897226555,0.0
6170,adam,0.0001275974815771633,0.00029337180250463014,0.0
6171,adam,0.00012757348085200155,0.0002980826901524778,0.0
6172,adam,0.0001275489329451416,0.0002993805247257663,0.0
6173,adam,0.00012752467738535642,0.00029658040470731715,0.0
6174,adam,0.00012750113083432685,0.00029108874840631603,0.0
6175,adam,0.0001274765223680453,0.0002890725036900917,0.0
6176,adam,0.00012745271113308207,0.00028595834511724875,0.0
6177,adam,0.00012742843407025558,0.00028265028142749417,0.0
6178,adam,0.00012740422629657722,0.00028136871665884354,0.0
6179,adam,0.00012738038477741974,0.0002815029696920675,0.0
6180,adam,0.0001273560562108596,0.00028182078457071586,0.0
6181,adam,0.00012733223886971727,0.0002807131903311956,0.0
6182,adam,0.00012730801012099011,0.0002826699977177178,0.0
6183,adam,0.00012728387752047863,0.00028116297965498046,0.0
6184,adam,0.00012725975704827954,0.00028136732495669207,0.0
6185,adam,0.00012723582716813668,0.0002806692597322112,0.0
6186,adam,0.00012721148738312855,0.0002801137312559331,0.0
6187,adam,0.00012718769948589674,0.00028003524777946,0.0
6188,adam,0.00012716321306861734,0.00028007753177330464,0.0
6189,adam,0.0001271397734352252,0.0002805884826291493,0.0
6190,adam,0.00012711574719304904,0.0002800825926182291,0.0
6191,adam,0.00012709194604555832,0.0002805034365822794,0.0
6192,adam,0.0001270679520128138,0.0002798920371915268,0.0
6193,adam,0.00012704431636809203,0.0002797869919477428,0.0
6194,adam,0.0001270203708350725,0.0002798067872800922,0.0
6195,adam,0.00012699603218789258,0.0002795762931264664,0.0
6196,adam,0.0001269720290727576,0.0002792329053121202,0.0
6197,adam,0.00012694848367703483,0.0002805804172040198,0.0
6198,adam,0.0001269245010631428,0.00027926594000901963,0.0
6199,adam,0.0001269006649694378,0.00027981512230338795,0.0
6200,adam,0.00012687685248362037,0.0002800690966203503,0.0
6201,adam,0.00012685321908434053,0.0002803901336565795,0.0
6202,adam,0.00012682900523521833,0.0002808070610181248,0.0
6203,adam,0.00012680512555984167,0.0002814460964334416,0.0
6204,adam,0.0001267811280163489,0.00028137757537937416,0.0
6205,adam,0.0001267575714739479,0.0002800126366487255,0.0
6206,adam,0.0001267339574092569,0.0002794506733832732,0.0
6207,adam,0.0001267098240881406,0.00027848478587056563,0.0
6208,adam,0.0001266856086636578,0.00028003387362340046,0.0
6209,adam,0.0001266621287664436,0.0002786113941158265,0.0
6210,adam,0.00012663870049660467,0.0002803349551602111,0.0
6211,adam,0.00012661448722712355,0.0002779932060970883,0.0
6212,adam,0.00012659072600477758,0.0002783100604313696,0.0
6213,adam,0.00012656696560405214,0.0002790891316614386,0.0
6214,adam,0.00012654324823395727,0.00027924250714938897,0.0
6215,adam,0.00012651928394193188,0.0002824926278121029,0.0
6216,adam,0.00012649578484842856,0.0002822967827187198,0.0
6217,adam,0.00012647179227162343,0.0002849261017431949,0.0
6218,adam,0.00012644888233658363,0.0002827235366780044,0.0
6219,adam,0.00012642476675248364,0.00028433061352686745,0.0
6220,adam,0.00012640105030192842,0.00028253183774472416,0.0
6221,adam,0.00012637720494608186,0.00028320318029032904,0.0
6222,adam,0.00012635321125794397,0.00028201933835274697,0.0
6223,adam,0.00012632959907769387,0.0002840668244895551,0.0
6224,adam,0.0001263063843597043,0.0002824395778906129,0.0
6225,adam,0.00012628305513294724,0.00028313429565642555,0.0
6226,adam,0.00012625872576175595,0.00028148930799266767,0.0
6227,adam,0.00012623506769167067,0.00028098606279593766,0.0
6228,adam,0.0001262113664155865,0.00028147976697808787,0.0
6229,adam,0.00012618786067724084,0.0002814090955160904,0.0
6230,adam,0.00012616402053660297,0.0002842109856136468,0.0
6231,adam,0.0001261409858920162,0.0002831325877631015,0.0
6232,adam,0.00012611699671643037,0.0002862266407650408,0.0
6233,adam,0.00012609345494651137,0.0002841127898891551,0.0
6234,adam,0.00012606981973005117,0.00028557725605499987,0.0
6235,adam,0.00012604622493590426,0.0002836629748718637,0.0
6236,adam,0.00012602276921567571,0.0002842973353009796,0.0
6237,adam,0.00012599907891613116,0.00028197546458315267,0.0
6238,adam,0.0001259755276352223,0.00028459822042777564,0.0
6239,adam,0.0001259518847470476,0.00028096970434610764,0.0
6240,adam,0.00012592817661176653,0.0002856506899259893,0.0
6241,adam,0.00012590474486026454,0.00028224177152576826,0.0
6242,adam,0.00012588133901882158,0.0002883895830206794,0.0
6243,adam,0.00012585770076050144,0.00028568834031672313,0.0
6244,adam,0.00012583380447017851,0.0002964199930240943,0.0
6245,adam,0.00012581068033474065,0.00029331284593001896,0.0
6246,adam,0.00012578719391967462,0.000307432853133868,0.0
6247,adam,0.00012576363896105012,0.0003072481148605834,0.0
6248,adam,0.00012574034772589094,0.0003263346039366951,0.0
6249,adam,0.00012571693094824994,0.0003307583662475733,0.0
6250,adam,0.00012569307452804367,0.00035958119332916494,0.0
6251,adam,0.00012566982246423378,0.0003686833527005371,0.0
6252,adam,0.000125645789456157,0.0004089001252372778,0.0
6253,adam,0.00012562280029569198,0.00043038458402957385,0.0
6254,adam,0.00012559947882030578,0.0004898977939618097,0.0
6255,adam,0.00012557600930161456,0.0005319600153245778,0.0
6256,adam,0.00012555335479169747,0.0006216997629360118,0.0
6257,adam,0.00012553041626834943,0.000696585682644116,0.0
6258,adam,0.00012550728079940062,0.0008266386609709774,0.0
6259,adam,0.0001254848432472866,0.0009485291209925656,0.0
6260,adam,0.00012546254427284008,0.0011411680853133281,0.0
6261,adam,0.00012544057829623324,0.001341009091839782,0.0
6262,adam,0.00012542018661803358,0.0016287514622583335,0.0
6263,adam,0.00012540110513003567,0.001942823185578197,0.0
6264,adam,0.00012538369822235994,0.002371637033656964,0.0
6265,adam,0.00012536946898691784,0.0028617720039999426,0.0
6266,adam,0.00012535986808640787,0.0035138527320801396,0.0
6267,adam,0.00012535737055495368,0.004280425907982971,0.0
6268,adam,0.0001253662722536302,0.005280030161648967,0.0
6269,adam,0.00012539230252948036,0.006487675441790809,0.0
6270,adam,0.0001254457597997388,0.008047482665467235,0.0
6271,adam,0.00012554320182160103,0.009968230565724765,0.0
6272,adam,0.0001257089708119664,0.012440523592945096,0.0
6273,adam,0.00012598400555154899,0.015526145675876077,0.0
6274,adam,0.00012643523247632535,0.019485897593545635,0.0
6275,adam,0.00012716781251760617,0.024468410402765185,0.0
6276,adam,0.00012835696020633864,0.030856646822975394,0.0
6277,adam,0.00013028082589705504,0.03895166081115749,0.0
6278,adam,0.0001334030242470219,0.04932393766163986,0.0
6279,adam,0.0001384442061233668,0.06248485728926762,0.0
6280,adam,0.00014659780559184282,0.0792662934415539,0.0
6281,adam,0.0001596190071170351,0.10038480844976215,0.0
6282,adam,0.00018026253008545572,0.1268260764967879,0.0
6283,adam,0.00021186769885821974,0.1590497126903816,0.0
6284,adam,0.0002586236276074389,0.19719236785692917,0.0
6285,adam,0.00032146118252160947,0.23923715790858727,0.0
6286,adam,0.000396232753457023,0.280937856900849,0.0
6287,adam,0.0004607362335181886,0.31286665700047683,0.0
6288,adam,0.00048335463328461954,0.32297156027101886,0.0
6289,adam,0.0004286477329621981,0.2977062899728296,0.0
6290,adam,0.00030956675941209847,0.2318723878346643,0.0
6291,adam,0.00018495651242578898,0.13249284116578763,0.0
6292,adam,0.0001259215637805836,0.017977221113511004,0.0
6293,adam,0.00015153188202748945,0.08832992736729464,0.0
6294,adam,0.00022045441686032347,0.167037939824877,0.0
6295,adam,0.0002688559441216387,0.20493477820025913,0.0
6296,adam,0.00025596786351725007,0.19556377650393972,0.0
6297,adam,0.000195542130710663,0.14369191808612047,0.0
6298,adam,0.00013839472101968739,0.0632367905915657,0.0
6299,adam,0.0001266854504713972,0.024236520966112358,0.0
6300,adam,0.00015705779328901683,0.09719317594949543,0.0
6301,adam,0.00019132968262103366,0.13948381790995248,0.0
6302,adam,0.00019529619994570943,0.14346659934428596,0.0
6303,adam,0.00016694753842264571,0.11116820766026257,0.0
6304,adam,0.00013446952721772647,0.053604312648723326,0.0
6305,adam,0.00012505171970731625,0.011934222757168999,0.0
6306,adam,0.00014031420949745898,0.06779009373139003,0.0
6307,adam,0.00015940028747401936,0.10078383788852098,0.0
6308,adam,0.00016197009960788327,0.10446353064809379,0.0
6309,adam,0.00014686276479034747,0.08079603757886063,0.0
6310,adam,0.0001294912545737267,0.0384339375339939,0.0
6311,adam,0.00012484992563313417,0.012307614722801051,0.0
6312,adam,0.00013342406705547138,0.05182344602129858,0.0
6313,adam,0.00014352985145461551,0.07529514949310467,0.0
6314,adam,0.0001444550836437776,0.07737470453571066,0.0
6315,adam,0.00013605208565596068,0.060004200272855454,0.0
6316,adam,0.00012706180124455918,0.03259827298886231,0.0
6317,adam,0.0001252348645875296,0.025493140239168367,0.0
6318,adam,0.00013040262398527692,0.04848697094992493,0.0
6319,adam,0.0001362143270387229,0.06601930080171703,0.0
6320,adam,0.0001372314803384366,0.07206215598047262,0.0
6321,adam,0.0001339221333318481,0.07148814504614225,0.0
6322,adam,0.00013128117343048684,0.07606846577653122,0.0
6323,adam,0.0001338251628604547,0.09414688710888984,0.0
6324,adam,0.00014220986008391302,0.12281844166588142,0.0
6325,adam,0.00015443531731797845,0.1573595471850796,0.0
6326,adam,0.00017000475488556735,0.19807415930368277,0.0
6327,adam,0.00019284585772855726,0.24924639134421286,0.0
6328,adam,0.0002319885556748475,0.31626861989268124,0.0
6329,adam,0.0002995309870924341,0.4040099504621986,0.0
6330,adam,0.0004123138114789217,0.5162739651814465,0.0
6331,adam,0.0005904782364275583,0.6571241198119807,0.0
6332,adam,0.000865820544846766,0.8282381031934747,0.0
6333,adam,0.0012593010456990587,1.027622905348465,0.0
6334,adam,0.0017819957876367546,1.2395881734348755,0.0
6335,adam,0.0023209271927766223,1.430303895379036,0.0
6336,adam,0.002680646747172882,1.537064697489112,0.0
6337,adam,0.002495522435350898,1.4835021389070682,0.0
6338,adam,0.0017200246620229947,1.2117948665389133,0.0
6339,adam,0.0007096183773159482,0.7346580491459541,0.0
6340,adam,0.0001481380679980247,0.1436330574785275,0.0
6341,adam,0.00031747077088619785,0.41908146163464105,0.0
6342,adam,0.0008635022434496701,0.8227118418429683,0.0
6343,adam,0.0011672109884770954,0.9760180180700946,0.0
6344,adam,0.0009040025240933041,0.8446769611445702,0.0
6345,adam,0.0003777802196990457,0.47872019179537567,0.0
6346,adam,0.00012746285478314976,0.017375229802733216,0.0
6347,adam,0.0003246117190884541,0.4248775609352057,0.0
6348,adam,0.0006247511158153313,0.6735786733701894,0.0
6349,adam,0.0006272748466788773,0.6757224704749017,0.0
6350,adam,0.0003492790339303549,0.4501639476365112,0.0
6351,adam,0.00013595819249089048,0.09217890667671674,0.0
6352,adam,0.0002030706995690152,0.2640493678881437,0.0
6353,adam,0.00039002087011758794,0.4888308053409134,0.0
6354,adam,0.00041999015902288847,0.5166478697012509,0.0
6355,adam,0.00026451817183865636,0.35391598520436013,0.0
6356,adam,0.00013300136570560788,0.07786352901748342,0.0
6357,adam,0.00017027301327932979,0.19973089336644512,0.0
6358,adam,0.0002817538616886865,0.37543132164293563,0.0
6359,adam,0.0002968877536519797,0.39315096325328763,0.0
6360,adam,0.00020212503998295547,0.2618604146698214,0.0
6361,adam,0.000128392925846399,0.04529350747527429,0.0
6362,adam,0.00015701441736045465,0.16738335878258043,0.0
6363,adam,0.00022237240346318672,0.2949458039822421,0.0
6364,adam,0.00022415271697151312,0.29773146295786784,0.0
6365,adam,0.0001647510924591678,0.18732028666618283,0.0
6366,adam,0.00012617653778085157,0.016275037591900503,0.0
6367,adam,0.00014875580967194115,0.14381535988241848,0.0
6368,adam,0.00018602127505661193,0.2330733606516879,0.0
6369,adam,0.00018161059044822213,0.22465862696980451,0.0
6370,adam,0.00014485921458639157,0.13150499712904412,0.0
6371,adam,0.00012569582909416544,0.004339105160011455,0.0
6372,adam,0.00014213603953222006,0.12189269603679276,0.0
6373,adam,0.00016287982802235622,0.18347449829994125,0.0
6374,adam,0.0001573106519169066,0.16936232978283744,0.0
6375,adam,0.00013508491216257916,0.09287657428036229,0.0
6376,adam,0.00012566386828021718,0.011748033356110106,0.0
6377,adam,0.00013661977564751514,0.10047345171859934,0.0
6378,adam,0.00014811689126698562,0.1431946880605411,0.0
6379,adam,0.00014361000657518852,0.1283549393365639,0.0
6380,adam,0.00013037741846918887,0.06743318827041939,0.0
6381,adam,0.00012549943339500985,0.013339623949208698,0.0
6382,adam,0.00013231678043798062,0.07990809549954593,0.0
6383,adam,0.00013887085133805304,0.11112871086322564,0.0
6384,adam,0.0001359352017132498,0.09858222676162694,0.0
6385,adam,0.00012808499451917246,0.05140583539322202,0.0
6386,adam,0.00012522483664794784,0.010376538933301966,0.0
6387,adam,0.0001292242724494217,0.06137414272002618,0.0
6388,adam,0.00013315099108871697,0.08568394041956126,0.0
6389,adam,0.00013155412826893978,0.07681967634299754,0.0
6390,adam,0.0001268986858620686,0.04156689546691703,0.0
6391,adam,0.00012497074395988045,0.005505047273044928,0.0
6392,adam,0.00012716029581370764,0.04521814052523412,0.0
6393,adam,0.00012961668466644294,0.06542582256859268,0.0
6394,adam,0.00012894126385579776,0.060703230882359335,0.0
6395,adam,0.0001262071356991575,0.035359440282852476,0.0
6396,adam,0.00012478627654495002,0.0012366880010454202,0.0
6397,adam,0.00012585348061257276,0.03151844227360668,0.0
6398,adam,0.00012741570245251046,0.049249078423062344,0.0
6399,adam,0.00012729336093193788,0.048321789307440216,0.0
6400,adam,0.00012574159963258828,0.031025787116658002,0.0
6401,adam,0.00012466712997366848,0.004979410289378532,0.0
6402,adam,0.00012506485927257026,0.02021441313293132,0.0
6403,adam,0.00012603157772881078,0.0360821567007722,0.0
6404,adam,0.00012618801378631747,0.0382886645723674,0.0
6405,adam,0.00012537391351127454,0.027564696173613654,0.0
6406,adam,0.0001245885237325246,0.008760410227734864,0.0
6407,adam,0.00012461410762330246,0.011068855374735643,0.0
6408,adam,0.00012516224432385513,0.025272668336937355,0.0
6409,adam,0.0001254124806786807,0.029822068557600813,0.0
6410,adam,0.00012504977109192936,0.024252487258124088,0.0
6411,adam,0.00012451563408452372,0.011395366599162573,0.0
6412,adam,0.0001243643158097303,0.003891859643956645,0.0
6413,adam,0.00012461824984209545,0.01635163008461866,0.0
6414,adam,0.00012485057637359563,0.02240216974798957,0.0
6415,adam,0.0001247453665240097,0.020752555544641053,0.0
6416,adam,0.00012442336077502013,0.012763524150024722,0.0
6417,adam,0.00012422156289679923,0.0016565636423964876,0.0
6418,adam,0.0001242841718643722,0.009056963185663154,0.0
6419,adam,0.00012444214128640263,0.01574478029107569,0.0
6420,adam,0.00012445878451255684,0.01694433698427707,0.0
6421,adam,0.00012429788514692157,0.012815606231170461,0.0
6422,adam,0.00012412212226961682,0.005221230294062246,0.0
6423,adam,0.00012407926386846622,0.003286777106115534,0.0
6424,adam,0.00012414995178245574,0.009883783199367105,0.0
6425,adam,0.00012420024483923318,0.012880906968395148,0.0
6426,adam,0.00012414437920410762,0.011740297902489823,0.0
6427,adam,0.0001240259611076566,0.00723496564926431,0.0
6428,adam,0.00012394448743471815,0.001090333978140363,0.0
6429,adam,0.00012394514407923165,0.004872858373778917,0.0
6430,adam,0.000123978320515488,0.008742447660173482,0.0
6431,adam,0.00012397347451345247,0.009700511450897661,0.0
6432,adam,0.00012391178832178403,0.007752333614217861,0.0
6433,adam,0.00012383725437998912,0.0037755170994021535,0.0
6434,adam,0.0001237977452002188,0.000944173021056847,0.0
6435,adam,0.00012379827904478852,0.004858728822462405,0.0
6436,adam,0.00012380299023149089,0.007032624249693824,0.0
6437,adam,0.0001237788487338432,0.00702703416715398,0.0
6438,adam,0.00012372859528073923,0.005063346070701926,0.0
6439,adam,0.00012368016763811176,0.001899715518515358,0.0
6440,adam,0.00012365508624261604,0.0015196709899262648,0.0
6441,adam,0.0001236472677871311,0.004130609806286999,0.0
6442,adam,0.00012363631416886735,0.005365785056400675,0.0
6443,adam,0.00012360827713590126,0.005028873221277019,0.0
6444,adam,0.0001235692259616726,0.0033745440471517423,0.0
6445,adam,0.0001235338162371051,0.001014275896809783,0.0
6446,adam,0.00012351166382232063,0.0014850240986179876,0.0
6447,adam,0.00012349723591065123,0.00325163305999396,0.0
6448,adam,0.00012347930786028876,0.004003032377839865,0.0
6449,adam,0.00012345254458287394,0.00363338860078545,0.0
6450,adam,0.00012342065287509102,0.002358745907699784,0.0
6451,adam,0.00012339131593599572,0.0006613097279106195,0.0
6452,adam,0.00012336877902529645,0.0011914627114075437,0.0
6453,adam,0.00012335026329464167,0.0024394834523162653,0.0
6454,adam,0.00012333011012140635,0.002960052729631438,0.0
6455,adam,0.00012330470212334706,0.0026884040277536606,0.0
6456,adam,0.00012327674217305266,0.0017770638240828978,0.0
6457,adam,0.00012325037553098428,0.0005710655692125106,0.0
6458,adam,0.0001232273440261522,0.0008090210068834773,0.0
6459,adam,0.0001232065614459448,0.0017234278855319776,0.0
6460,adam,0.0001231848395981772,0.002150126007866825,0.0
6461,adam,0.00012316080516694967,0.002024016486749683,0.0
6462,adam,0.00012313531409924305,0.0014352311034519878,0.0
6463,adam,0.00012311061099670826,0.0006116813375770368,0.0
6464,adam,0.00012308693515505876,0.0004558483730002458,0.0
6465,adam,0.00012306508525881433,0.0011144939946281806,0.0
6466,adam,0.0001230423046963592,0.0014977589422819637,0.0
6467,adam,0.00012301897051487763,0.0015054817213450188,0.0
6468,adam,0.00012299488210561888,0.0011761134013858095,0.0
6469,adam,0.00012297119141496863,0.0006282218272512481,0.0
6470,adam,0.0001229474367328218,0.00029539874522813055,0.0
6471,adam,0.00012292504218124625,0.0007292820926460377,0.0
6472,adam,0.0001229023051361023,0.0010822644044841795,0.0
6473,adam,0.00012287944349906028,0.0011861141226505916,0.0
6474,adam,0.00012285649300303587,0.0010235241094527414,0.0
6475,adam,0.0001228327063105088,0.0006744530663367892,0.0
6476,adam,0.00012280935962274416,0.00031386389152882147,0.0
6477,adam,0.00012278621802767854,0.0004230522843592877,0.0
6478,adam,0.00012276419384615327,0.000720466605088122,0.0
6479,adam,0.00012274123163941657,0.0008760046546373301,0.0
6480,adam,0.00012271821895043912,0.0008580713766882458,0.0
6481,adam,0.0001226951100714387,0.0006843352007613095,0.0
6482,adam,0.00012267212308861351,0.00043360905416274374,0.0
6483,adam,0.0001226494171960391,0.00027891674035672773,0.0
6484,adam,0.00012262572826054514,0.00041995112063057324,0.0
6485,adam,0.00012260367913325285,0.0006072497403137588,0.0
6486,adam,0.00012258089466714002,0.0006882280771047496,0.0
6487,adam,0.0001225581393962794,0.0006486851545724861,0.0
6488,adam,0.00012253497354178686,0.0005041260139285648,0.0
6489,adam,0.0001225120861458954,0.00034003617339604486,0.0
6490,adam,0.00012248932689667318,0.0002815345362083158,0.0
6491,adam,0.00012246628870790833,0.0003657950609275416,0.0
6492,adam,0.00012244370046881256,0.0004641352989247753,0.0
6493,adam,0.00012242139562941383,0.000495830733500123,0.0
6494,adam,0.00012239831105411472,0.00046155007789151585,0.0
6495,adam,0.00012237563099769822,0.0003750841692046329,0.0
6496,adam,0.00012235308015591783,0.00029636275617288884,0.0
6497,adam,0.00012233039695456067,0.0002809482807830386,0.0
6498,adam,0.0001223075735014792,0.00032949405930621803,0.0
6499,adam,0.00012228471448003813,0.00038692572809204053,0.0
6500,adam,0.00012226260776146473,0.0004039386027884934,0.0
6501,adam,0.00012224006934621797,0.00038668414530033376,0.0
6502,adam,0.00012221730790441096,0.0003364630089433666,0.0
6503,adam,0.00012219463269678489,0.000290213317096391,0.0
6504,adam,0.0001221721803802648,0.00027607862848646786,0.0
6505,adam,0.00012214966765201885,0.0003008778183839568,0.0
6506,adam,0.00012212717860909776,0.00033881685389792294,0.0
6507,adam,0.00012210418423267395,0.00035749728644502343,0.0
6508,adam,0.0001220820321197045,0.0003559472232902855,0.0
6509,adam,0.00012205969734242076,0.00032852199619979846,0.0
6510,adam,0.00012203690151137351,0.0002994224873724588,0.0
6511,adam,0.00012201445997190605,0.00027625068328008477,0.0
6512,adam,0.00012199201360177649,0.0002782667391662416,0.0
6513,adam,0.00012196934660850912,0.00029962758918819537,0.0
6514,adam,0.00012194702534993662,0.00031635922686735395,0.0
6515,adam,0.00012192446124410943,0.00032594378927184616,0.0
6516,adam,0.00012190230095105065,0.0003171859391435269,0.0
6517,adam,0.00012188000645566611,0.00030375315098343157,0.0
6518,adam,0.00012185735344123216,0.00028520779678122547,0.0
6519,adam,0.00012183488410295109,0.00027555660828937014,0.0
6520,adam,0.00012181252652342995,0.00027451703862304465,0.0
6521,adam,0.00012179006419974946,0.00028128564238747724,0.0
6522,adam,0.00012176809351758059,0.0002905847469227968,0.0
6523,adam,0.00012174519095689188,0.00029180049138684267,0.0
6524,adam,0.00012172333604683835,0.0002910716712711936,0.0
6525,adam,0.00012170095941782821,0.00028364491480625424,0.0
6526,adam,0.0001216783372504502,0.0002773327652312948,0.0
6527,adam,0.00012165599538052841,0.00027354493179165693,0.0
6528,adam,0.00012163390560189352,0.0002734638553505107,0.0
6529,adam,0.00012161099424005703,0.00027921881544039167,0.0
6530,adam,0.00012158922202472652,0.00028377345690665506,0.0
6531,adam,0.00012156649408975466,0.00028894646166385634,0.0
6532,adam,0.00012154427558595294,0.00028676161527871216,0.0
6533,adam,0.00012152233553762223,0.00028187877426712595,0.0
6534,adam,0.00012149932750920995,0.0002757904506593296,0.0
6535,adam,0.00012147765314742149,0.0002715608653164586,0.0
6536,adam,0.00012145541755052223,0.0002730420532817738,0.0
6537,adam,0.00012143301786774903,0.00027491759924198417,0.0
6538,adam,0.00012141117951288846,0.0002796958347128509,0.0
6539,adam,0.00012138849984818824,0.0002827248551312981,0.0
6540,adam,0.00012136664064451937,0.0002841662741674908,0.0
6541,adam,0.00012134395362365313,0.0002804528011715028,0.0
6542,adam,0.00012132207700475117,0.0002789258806169999,0.0
6543,adam,0.00012129986357690709,0.00027300039158334856,0.0
6544,adam,0.00012127779206922649,0.0002722977628809577,0.0
6545,adam,0.00012125536068418588,0.0002710530200986093,0.0
6546,adam,0.00012123325591511805,0.00027228567921613346,0.0
6547,adam,0.00012121122279345678,0.00027472379347578436,0.0
6548,adam,0.00012118897372415916,0.00027502884146874155,0.0
6549,adam,0.00012116678537467435,0.0002771955072184444,0.0
6550,adam,0.00012114468785855017,0.00027552567389216173,0.0
6551,adam,0.00012112261521479105,0.0002767326637885735,0.0
6552,adam,0.00012110028286739948,0.00027371057879504014,0.0
6553,adam,0.00012107845000733479,0.0002747531981208243,0.0
6554,adam,0.00012105606006762671,0.0002740481980771783,0.0
6555,adam,0.00012103412369900288,0.0002736991532882713,0.0
6556,adam,0.00012101245850502428,0.0002725720302310754,0.0
6557,adam,0.00012098986480727819,0.00027063210645529866,0.0
6558,adam,0.00012096763631103873,0.00026985566280533107,0.0
6559,adam,0.00012094557530426229,0.0002698387199482166,0.0
6560,adam,0.00012092336149981157,0.0002716461302493298,0.0
6561,adam,0.00012090147256208674,0.0002715534077571432,0.0
6562,adam,0.00012087925200132927,0.00027071876163580985,0.0
6563,adam,0.00012085698956210204,0.00027075923815884044,0.0
6564,adam,0.00012083571441712128,0.00026885847207896513,0.0
6565,adam,0.0001208131273783915,0.00027019746290092626,0.0
6566,adam,0.00012079093948298456,0.000270042823336071,0.0
6567,adam,0.00012076930664886758,0.0002709211251045178,0.0
6568,adam,0.00012074747192217818,0.0002715423703494032,0.0
6569,adam,0.00012072516895808208,0.0002719426935833702,0.0
6570,adam,0.000120702806071921,0.00027100110988262865,0.0
6571,adam,0.00012068076746684255,0.00027204386610388303,0.0
6572,adam,0.00012065900078907807,0.00027217632189419083,0.0
6573,adam,0.00012063685232608092,0.00027305679721779485,0.0
6574,adam,0.00012061467252779895,0.0002717750129828098,0.0
6575,adam,0.00012059279148015988,0.0002743260016776543,0.0
6576,adam,0.00012057101550649353,0.0002711937254937635,0.0
6577,adam,0.00012054906401947111,0.0002727668037471666,0.0
6578,adam,0.00012052679453661146,0.0002718513326978862,0.0
6579,adam,0.00012050497506496685,0.00027303809084818604,0.0
6580,adam,0.00012048283929352245,0.0002725726475681545,0.0
6581,adam,0.00012046081520791868,0.0002722882439163523,0.0
6582,adam,0.00012043871559302776,0.0002729473689434478,0.0
6583,adam,0.00012041712197225644,0.00027199013384541457,0.0
6584,adam,0.00012039511563920516,0.00027183647347581115,0.0
6585,adam,0.00012037315515497851,0.00027197645338343187,0.0
6586,adam,0.00012035087845384315,0.0002702967324546492,0.0
6587,adam,0.00012032917016156632,0.0002725552489379909,0.0
6588,adam,0.00012030754684372185,0.00027008963238631047,0.0
6589,adam,0.00012028535842893389,0.000273775509667658,0.0
6590,adam,0.00012026351142333293,0.00027036648220318864,0.0
6591,adam,0.00012024153129945495,0.000271960463919085,0.0
6592,adam,0.00012021942479241786,0.0002692488188443923,0.0
6593,adam,0.00012019760813678003,0.00026868784512910373,0.0
6594,adam,0.00012017546404909988,0.0002682497079451274,0.0
6595,adam,0.0001201536150447041,0.0002673818212523561,0.0
6596,adam,0.00012013193423568512,0.0002693831664456438,0.0
6597,adam,0.00012011005843482264,0.00026762557141666476,0.0
6598,adam,0.0001200880889945144,0.0002711498562869075,0.0
6599,adam,0.00012006632632961237,0.00027072595509555113,0.0
6600,adam,0.00012004442732967093,0.0002747364512198721,0.0
6601,adam,0.00012002261486918993,0.0002769524998460184,0.0
6602,adam,0.0001200005270968121,0.0002838436911593455,0.0
6603,adam,0.00011997860947304275,0.00028698582042771363,0.0
6604,adam,0.00011995677863440697,0.00029293603737462004,0.0
6605,adam,0.00011993519875511145,0.00029281698598151865,0.0
6606,adam,0.00011991315926172996,0.0002982694744615376,0.0
6607,adam,0.00011989142866032111,0.00029682227090797674,0.0
6608,adam,0.0001198689672368697,0.00030391375311798215,0.0
6609,adam,0.00011984715769047223,0.00030235662954274437,0.0
6610,adam,0.00011982574344940033,0.00031167231524583034,0.0
6611,adam,0.00011980382062820512,0.0003142959502928632,0.0
6612,adam,0.00011978209626049954,0.0003263092190622537,0.0
6613,adam,0.00011976030590613925,0.0003287799649099953,0.0
6614,adam,0.00011973821418472925,0.00034136629594328107,0.0
6615,adam,0.0001197162970981924,0.0003470618687630587,0.0
6616,adam,0.00011969496028604705,0.00037181594747752423,0.0
6617,adam,0.00011967278971956566,0.0003870178853374024,0.0
6618,adam,0.00011965080644235945,0.00041473014800628863,0.0
6619,adam,0.00011962959983439151,0.000428225157220288,0.0
6620,adam,0.00011960794551345695,0.00046578255727549423,0.0
6621,adam,0.00011958606172319493,0.0004916034773591757,0.0
6622,adam,0.00011956414622251719,0.0005331859730684792,0.0
6623,adam,0.00011954226605795746,0.0005608556173726274,0.0
6624,adam,0.00011952033615136128,0.0006161123007833453,0.0
6625,adam,0.00011949883537937502,0.0006712832441225435,0.0
6626,adam,0.00011947720811196955,0.0007569271505726003,0.0
6627,adam,0.00011945555361866105,0.0008400415622102041,0.0
6628,adam,0.0001194336303659506,0.0009573194628928063,0.0
6629,adam,0.00011941270161641717,0.0010736474005990405,0.0
6630,adam,0.00011939063628832587,0.0012287355002266781,0.0
6631,adam,0.00011937028949424484,0.001388640837198639,0.0
6632,adam,0.0001193485707933857,0.001597079422193136,0.0
6633,adam,0.00011932735685459105,0.0018177751150352402,0.0
6634,adam,0.00011930688753243355,0.002103196864402525,0.0
6635,adam,0.00011928706360418381,0.002428737057943208,0.0
6636,adam,0.0001192677770485603,0.002846903153302417,0.0
6637,adam,0.00011924907516985036,0.003332013735527098,0.0
6638,adam,0.00011923197897582057,0.003937197336418242,0.0
6639,adam,0.00011921672776213898,0.004651440823040045,0.0
6640,adam,0.00011920497340319395,0.005542457029248873,0.0
6641,adam,0.00011919739951831194,0.006605917412786914,0.0
6642,adam,0.00011919652582916033,0.007932194506708791,0.0
6643,adam,0.0001192055285535086,0.009537838245508292,0.0
6644,adam,0.00011922883173384664,0.011529052611526692,0.0
6645,adam,0.00011927500119722129,0.013960041086071255,0.0
6646,adam,0.0001193552935117748,0.01699508737812211,0.0
6647,adam,0.00011948789105507256,0.020747724192800767,0.0
6648,adam,0.00011970151212832694,0.02544912621966307,0.0
6649,adam,0.00012004080339526359,0.031301984263224995,0.0
6650,adam,0.00012057707354895506,0.03865108778537751,0.0
6651,adam,0.00012142056328710129,0.047852245280049506,0.0
6652,adam,0.0001227516353584956,0.05945915691985176,0.0
6653,adam,0.00012485366657698807,0.07409801281342213,0.0
6654,adam,0.00012819303547919767,0.09265303331789977,0.0
6655,adam,0.00013350450464453758,0.11618070932430839,0.0
6656,adam,0.00014201124497731403,0.14609750225692583,0.0
6657,adam,0.00015562161237755523,0.18415414559311505,0.0
6658,adam,0.00017755090526272096,0.23258386336384426,0.0
6659,adam,0.0002126698980765333,0.2941569124548921,0.0
6660,adam,0.0002691835006272887,0.372093045788145,0.0
6661,adam,0.0003584672073762269,0.47010656336514606,0.0
6662,adam,0.0004989011436567594,0.591402985083801,0.0
6663,adam,0.000709454954533416,0.738149481310187,0.0
6664,adam,0.0010144383138533464,0.907439599013139,0.0
6665,adam,0.0014028366865024948,1.0885825149185053,0.0
6666,adam,0.0018312647240327057,1.2540042549289951,0.0
6667,adam,0.002117929161306149,1.3582737001428336,0.0
6668,adam,0.0020769912211622012,1.3400100822609584,0.0
6669,adam,0.0015538645917764111,1.1499328552046102,0.0
6670,adam,0.0007874528243406253,0.782355237957661,0.0
6671,adam,0.0002177845083902439,0.2991219876325478,0.0
6672,adam,0.00016611817194941004,0.20162560616882078,0.0
6673,adam,0.0005210377528409669,0.6037680040776385,0.0
6674,adam,0.0008695445753767036,0.8270951085878508,0.0
6675,adam,0.0008714819874089251,0.8270640311408971,0.0
6676,adam,0.0005288150000480758,0.6107909511156119,0.0
6677,adam,0.00018887924228525043,0.2480094768383387,0.0
6678,adam,0.00014682009359316795,0.15032124982607356,0.0
6679,adam,0.00035670453874388393,0.46221645358374447,0.0
6680,adam,0.00052809771634194,0.6079077439368535,0.0
6681,adam,0.00045951988670677016,0.5550169484994032,0.0
6682,adam,0.0002453432985804291,0.336383458759341,0.0
6683,adam,0.00012290211567697054,0.03935767372260724,0.0
6684,adam,0.00019094030206784902,0.25093731514479745,0.0
6685,adam,0.000320030203205527,0.4241325448599465,0.0
6686,adam,0.0003369368694436577,0.4428941432771065,0.0
6687,adam,0.00022980490414068773,0.31488419762819553,0.0
6688,adam,0.00013104110670398192,0.09608473908066703,0.0
6689,adam,0.0001415870560941172,0.13572085954366897,0.0
6690,adam,0.0002180494242238924,0.2961456847646294,0.0
6691,adam,0.0002494850878718511,0.34161336996996894,0.0
6692,adam,0.00019950856698162074,0.2674267551265845,0.0
6693,adam,0.00013407955291576542,0.11101929973033745,0.0
6694,adam,0.0001263099411580331,0.0706056098066914,0.0
6695,adam,0.00016816243910439547,0.20688256750988612,0.0
6696,adam,0.00019526814625056528,0.2599843365141905,0.0
6697,adam,0.00017358230349800565,0.2198930416442053,0.0
6698,adam,0.00013325305701086582,0.10904610338407532,0.0
6699,adam,0.000121418011180204,0.031182177057661877,0.0
6700,adam,0.0001429233978595715,0.1425044996620665,0.0
6701,adam,0.00016277439987813809,0.1961047460120257,0.0
6702,adam,0.00015503240360237306,0.17811016020835438,0.0
6703,adam,0.00013129420019309475,0.10165517195244933,0.0
6704,adam,0.00012008767160994045,0.00995231142952089,0.0
6705,adam,0.0001299795551267041,0.09447116323882909,0.0
6706,adam,0.0001434580661758492,0.14562369127344532,0.0
6707,adam,0.0001424145827995002,0.14292897927710438,0.0
6708,adam,0.0001292074370980511,0.09302172588001939,0.0
6709,adam,0.00012005318424391531,0.018262936771303803,0.0
6710,adam,0.00012347077200522107,0.05775801477791602,0.0
6711,adam,0.0001319860245712867,0.10504216526989572,0.0
6712,adam,0.00013384017156179893,0.11339924802010572,0.0
6713,adam,0.0001272287428049809,0.08368953169952185,0.0
6714,adam,0.0001204482666883286,0.03002387396099055,0.0
6715,adam,0.00012045256080123735,0.02918430388578621,0.0
6716,adam,0.0001252657443399244,0.07201073546320298,0.0
6717,adam,0.00012795202420768894,0.08765554642462603,0.0
6718,adam,0.00012534262821738812,0.0736321955788057,0.0
6719,adam,0.00012085169712527478,0.0377028584913181,0.0
6720,adam,0.00011936210733057866,0.00793867908040252,0.0
6721,adam,0.00012154082223637357,0.04482644458123759,0.0
6722,adam,0.00012392633296883426,0.06471037547238323,0.0
6723,adam,0.0001235279185035854,0.062422449383444045,0.0
6724,adam,0.00012100459440275112,0.04098983842351643,0.0
6725,adam,0.00011921814484787357,0.009237632279195128,0.0
6726,adam,0.00011970812660855922,0.022805022524807688,0.0
6727,adam,0.00012128833690616866,0.04425145067704967,0.0
6728,adam,0.00012185316740618203,0.05001784301191753,0.0
6729,adam,0.00012080490950906016,0.04009451416596225,0.0
6730,adam,0.0001193873734407691,0.019085078194120034,0.0
6731,adam,0.00011900933984340068,0.005932755494246364,0.0
6732,adam,0.00011972674361295482,0.026239484057898957,0.0
6733,adam,0.00012045125023276314,0.036889837967749264,0.0
6734,adam,0.00012030811827344173,0.035610194380068884,0.0
6735,adam,0.00011949895513742857,0.023946724381358777,0.0
6736,adam,0.00011888170276282824,0.006527551042104969,0.0
6737,adam,0.00011895909459460114,0.011245773991309401,0.0
6738,adam,0.00011943412898799458,0.023847891362045154,0.0
6739,adam,0.0001196702100705363,0.028352738592658473,0.0
6740,adam,0.00011939982761173198,0.024284965998883395,0.0
6741,adam,0.00011892256787366656,0.013736939056239112,0.0
6742,adam,0.0001186891376301819,0.0006868065221205607,0.0
6743,adam,0.00011882575711320346,0.011850803123752167,0.0
6744,adam,0.00011907035840420877,0.019475327676306668,0.0
6745,adam,0.00011911058025211681,0.020928230724113744,0.0
6746,adam,0.00011889587549899693,0.016428760454315856,0.0
6747,adam,0.00011863715998898627,0.007873657246524701,0.0
6748,adam,0.0001185494634144592,0.002021915250852734,0.0
6749,adam,0.00011864192176756564,0.010344086579017584,0.0
6750,adam,0.00011875339995204707,0.015036144322955577,0.0
6751,adam,0.00011873636858757463,0.015248962196538195,0.0
6752,adam,0.00011859544573795359,0.011342778872765566,0.0
6753,adam,0.00011845254503426033,0.004819822535719981,0.0
6754,adam,0.00011840965513593603,0.0023609211524805752,0.0
6755,adam,0.00011845571381334497,0.00817699960516473,0.0
6756,adam,0.00011850024502227007,0.011293681654025323,0.0
6757,adam,0.00011847417774047706,0.011153134146370584,0.0
6758,adam,0.00011838566462916361,0.008162489112790649,0.0
6759,adam,0.00011830001837574807,0.0033697589794959744,0.0
6760,adam,0.00011826764338540799,0.0018398971787504644,0.0
6761,adam,0.00011828147804096124,0.0060211267695336424,0.0
6762,adam,0.00011829529982991116,0.008282633653155848,0.0
6763,adam,0.00011827187741255894,0.008257549579657233,0.0
6764,adam,0.00011821486354034756,0.006176670353460382,0.0
6765,adam,0.00011815757105928981,0.0028072306368765467,0.0
6766,adam,0.00011812718256207326,0.00099719117605395,0.0
6767,adam,0.00011812147435661752,0.00408981101254808,0.0
6768,adam,0.000118119632859262,0.005918186246160519,0.0
6769,adam,0.00011810020738609781,0.00614600469714726,0.0
6770,adam,0.00011806187408496617,0.004884302672957107,0.0
6771,adam,0.00011801975807229131,0.0025942566402793153,0.0
6772,adam,0.00011798955844276761,0.0003275438530393025,0.0
6773,adam,0.00011797321130190622,0.002503761476931754,0.0
6774,adam,0.00011796230865348029,0.004056044942512748,0.0
6775,adam,0.0001179442180016482,0.004528531301074174,0.0
6776,adam,0.00011791580922709668,0.003919152047408689,0.0
6777,adam,0.00011788290508823268,0.0024882104304016907,0.0
6778,adam,0.00011785395011601776,0.000684823038089439,0.0
6779,adam,0.0001178323207771312,0.0012240347956581435,0.0
6780,adam,0.00011781574067321796,0.0025601218991263435,0.0
6781,adam,0.00011779743318674472,0.0032057789268242183,0.0
6782,adam,0.00011777387614563616,0.0030938400031832874,0.0
6783,adam,0.00011774663102663313,0.0023207400274934046,0.0
6784,adam,0.00011772033493763402,0.001148015570319399,0.0
6785,adam,0.00011769611771295872,0.0003615311280502162,0.0
6786,adam,0.00011767562133215057,0.0013725793791727167,0.0
6787,adam,0.00011765598103356668,0.0020992111283795927,0.0
6788,adam,0.00011763478686843661,0.0023127590752868615,0.0
6789,adam,0.00011761112027126638,0.002035452558050356,0.0
6790,adam,0.00011758619522224468,0.001364801070172528,0.0
6791,adam,0.0001175623987858521,0.000535793193854437,0.0
6792,adam,0.00011753971330424998,0.0005210791056074632,0.0
6793,adam,0.00011751896424627894,0.0011784944854052607,0.0
6794,adam,0.00011749787017048226,0.0015809536280420374,0.0
6795,adam,0.00011747608029904634,0.0016347941271913481,0.0
6796,adam,0.00011745258117179927,0.0013765190678804956,0.0
6797,adam,0.00011742952449156103,0.0008804223175541744,0.0
6798,adam,0.00011740611730716666,0.00035382569710979463,0.0
6799,adam,0.0001173842586222365,0.00047319863561744966,0.0
6800,adam,0.00011736266977580409,0.0008913621392009257,0.0
6801,adam,0.00011734094673067438,0.001137703070050964,0.0
6802,adam,0.00011731888938737385,0.0011495365811184143,0.0
6803,adam,0.00011729632470237501,0.0009699641611769081,0.0
6804,adam,0.00011727403274485289,0.0006420173814259082,0.0
6805,adam,0.00011725123592020441,0.00032140613737535994,0.0
6806,adam,0.00011722916298526432,0.0003589346833497846,0.0
6807,adam,0.00011720765555857064,0.0006102192411171799,0.0
6808,adam,0.00011718582186165687,0.0007876174797491049,0.0
6809,adam,0.00011716347406939149,0.0008261217056801286,0.0
6810,adam,0.0001171414302042806,0.000745158116580439,0.0
6811,adam,0.00011711937381633207,0.0005550204084602922,0.0
6812,adam,0.00011709716372756392,0.00035039782456583614,0.0
6813,adam,0.0001170751330926258,0.00027810699161186426,0.0
6814,adam,0.00011705309287837804,0.0004055075728901051,0.0
6815,adam,0.0001170313000917155,0.0005415960363725367,0.0
6816,adam,0.00011700925809291648,0.0005955820737891805,0.0
6817,adam,0.00011698785819910042,0.0005726391567031985,0.0
6818,adam,0.00011696558373806436,0.00047130830947571625,0.0
6819,adam,0.00011694356379318921,0.00035460888432561644,0.0
6820,adam,0.00011692171027386957,0.00027038720349437654,0.0
6821,adam,0.00011690004442230242,0.00030218135643349367,0.0
6822,adam,0.00011687769871217618,0.0003838424525544559,0.0
6823,adam,0.00011685597060890138,0.0004357388062666914,0.0
6824,adam,0.0001168340641950879,0.000451894194329689,0.0
6825,adam,0.00011681228304097264,0.0004123828116650897,0.0
6826,adam,0.00011679013536100154,0.00035649744117590516,0.0
6827,adam,0.00011676848109416486,0.0002901295737502554,0.0
6828,adam,0.00011674644122409815,0.00026708610192761905,0.0
6829,adam,0.00011672459989642088,0.0002882403146289768,0.0
6830,adam,0.00011670317081609006,0.0003238446096301459,0.0
6831,adam,0.00011668109643136261,0.00035983791811655013,0.0
6832,adam,0.00011665950410072985,0.0003645076910672314,0.0
6833,adam,0.00011663712286063371,0.0003573587504999317,0.0
6834,adam,0.00011661572779303304,0.0003242971184546221,0.0
6835,adam,0.00011659398419197152,0.00029301279846052225,0.0
6836,adam,0.00011657243659103777,0.00026722304276476295,0.0
6837,adam,0.00011655013784075277,0.0002682753262553228,0.0
6838,adam,0.0001165288452952739,0.00028733942057894944,0.0
6839,adam,0.00011650726285776352,0.0003013141423986405,0.0
6840,adam,0.00011648484745201219,0.0003102879963948409,0.0
6841,adam,0.00011646348345076934,0.0002994378397751649,0.0
6842,adam,0.00011644172148857536,0.0002895547616776686,0.0
6843,adam,0.00011642014160003336,0.0002733779519820558,0.0
6844,adam,0.000116398180366144,0.0002661879143764332,0.0
6845,adam,0.00011637665868697493,0.00026543408108259414,0.0
6846,adam,0.0001163549162951784,0.0002693446589540692,0.0
6847,adam,0.00011633304714444269,0.00027765226681721825,0.0
6848,adam,0.00011631170451226629,0.0002802352579354973,0.0
6849,adam,0.00011628981964086058,0.0002870911969271752,0.0
6850,adam,0.00011626843424004073,0.0002820854532356187,0.0
6851,adam,0.00011624631037367703,0.0002797774409982087,0.0
6852,adam,0.00011622496604328446,0.00027102041189434585,0.0
6853,adam,0.00011620336683141918,0.00026949010454863206,0.0
6854,adam,0.00011618157527957771,0.0002641487316896168,0.0
6855,adam,0.00011616017954975297,0.00026486346618534993,0.0
6856,adam,0.00011613849460641142,0.00026776852283589463,0.0
6857,adam,0.00011611670525076066,0.0002704440085226492,0.0
6858,adam,0.00011609505084974315,0.0002735200854799407,0.0
6859,adam,0.00011607387736030554,0.0002713905736008145,0.0
6860,adam,0.00011605192800428323,0.00026993466909993653,0.0
6861,adam,0.0001160303213848038,0.0002654310083664882,0.0
6862,adam,0.00011600883936872399,0.00026444536423550995,0.0
6863,adam,0.000115987065262243,0.0002641635131933254,0.0
6864,adam,0.00011596541615852027,0.0002629023445757798,0.0
6865,adam,0.00011594399193130715,0.00026385714974551134,0.0
6866,adam,0.00011592243420965104,0.000264086801259508,0.0
6867,adam,0.00011590079590346104,0.0002650438489081008,0.0
6868,adam,0.00011587911754199956,0.0002640033079867257,0.0
6869,adam,0.00011585754750900202,0.0002650389846367428,0.0
6870,adam,0.00011583610508111795,0.0002642199853539754,0.0
6871,adam,0.000115814593341776,0.00026397055669956604,0.0
6872,adam,0.00011579317353071997,0.0002638591094848341,0.0
6873,adam,0.00011577127979295885,0.0002647803527050596,0.0
6874,adam,0.00011574974057168577,0.0002630674741333785,0.0
6875,adam,0.00011572844742758855,0.00026473113936387405,0.0
6876,adam,0.00011570704888419688,0.00026475330060629306,0.0
6877,adam,0.00011568552348289102,0.0002655973014759692,0.0
6878,adam,0.00011566388188874526,0.00026606158233516127,0.0
6879,adam,0.00011564233806079269,0.00026902053746107437,0.0
6880,adam,0.00011562095575016953,0.00026824507709625117,0.0
6881,adam,0.00011559911302957432,0.0002711484920517368,0.0
6882,adam,0.00011557805111752694,0.000268306488436281,0.0
6883,adam,0.0001155565195225191,0.00026775413192764815,0.0
6884,adam,0.00011553508237809005,0.0002627622558725417,0.0
6885,adam,0.00011551370558288368,0.00026309542496639305,0.0
6886,adam,0.00011549211327831163,0.00026185543254655914,0.0
6887,adam,0.000115470583577658,0.00026504493387218827,0.0
6888,adam,0.00011544938868613985,0.0002704589402961378,0.0
6889,adam,0.00011542766616425704,0.00027549980513133667,0.0
6890,adam,0.00011540625691720894,0.0002858215796339654,0.0
6891,adam,0.0001153847993915342,0.0002900494871614023,0.0
6892,adam,0.00011536331343954586,0.00029746133542299434,0.0
6893,adam,0.00011534128114461055,0.00029993536711723286,0.0
6894,adam,0.0001153199390915296,0.0003070008063380055,0.0
6895,adam,0.00011529861309292646,0.0003059357928147391,0.0
6896,adam,0.00011527781625597176,0.00030776551163305503,0.0
6897,adam,0.00011525579150375224,0.00030569851782743986,0.0
6898,adam,0.0001152347186914756,0.00030346019475605305,0.0
6899,adam,0.00011521313728682254,0.0002976748374510189,0.0
6900,adam,0.00011519155386233663,0.00029578459590681093,0.0
6901,adam,0.00011517006644537567,0.0002881988268413795,0.0
6902,adam,0.00011514872381868495,0.0002848614353431884,0.0
6903,adam,0.00011512772660797841,0.0002775471730262944,0.0
6904,adam,0.00011510590428136721,0.0002760549135884139,0.0
6905,adam,0.00011508476496043293,0.0002691805925867243,0.0
6906,adam,0.00011506310688346592,0.0002698286137303422,0.0
6907,adam,0.00011504164019484799,0.00026434722961210863,0.0
6908,adam,0.00011502042724814471,0.00026508811494297416,0.0
6909,adam,0.0001149991973975254,0.00026224398419161157,0.0
6910,adam,0.00011497766406896332,0.0002633731545805571,0.0
6911,adam,0.00011495605109694313,0.0002616991995954856,0.0
6912,adam,0.00011493482566857524,0.0002625241810246468,0.0
6913,adam,0.00011491345096663344,0.00026171693263838845,0.0
6914,adam,0.00011489198764607858,0.0002631977088739191,0.0
6915,adam,0.000114870610304883,0.0002635901592475631,0.0
6916,adam,0.00011484910049294896,0.00026570568252148305,0.0
6917,adam,0.00011482783603839584,0.00026637461807981833,0.0
6918,adam,0.00011480645186305416,0.0002720021873979394,0.0
6919,adam,0.00011478476492415118,0.0002743774273876004,0.0
6920,adam,0.00011476385744343547,0.0002879837199493289,0.0
6921,adam,0.0001147424275474987,0.00029280128079289824,0.0
6922,adam,0.00011472098009232652,0.000309374620540614,0.0
6923,adam,0.00011469973622112159,0.0003147510429633016,0.0
6924,adam,0.00011467879055693544,0.00034224253101534105,0.0
6925,adam,0.00011465718342906466,0.0003547421854584041,0.0
6926,adam,0.00011463597875923978,0.00038360900517990287,0.0
6927,adam,0.00011461461625482606,0.00039129017141669706,0.0
6928,adam,0.00011459344478601903,0.00042176764629468235,0.0
6929,adam,0.00011457212269466068,0.00043216849983220815,0.0
6930,adam,0.0001145506221268109,0.0004725677433395291,0.0
6931,adam,0.00011452940654579,0.0004904851511321483,0.0
6932,adam,0.0001145084594070279,0.0005356821492324181,0.0
6933,adam,0.00011448668069377481,0.0005609504564503238,0.0
6934,adam,0.00011446548772874614,0.0006218845438261477,0.0
6935,adam,0.00011444400707454966,0.0006637614327128057,0.0
6936,adam,0.00011442307559311674,0.0007436802826067648,0.0
6937,adam,0.0001144017854659835,0.0008022744220635437,0.0
6938,adam,0.00011438001361721854,0.000896606828006957,0.0
6939,adam,0.0001143592655410466,0.0009754127078483886,0.0
6940,adam,0.00011433853508337147,0.001106567213321851,0.0
6941,adam,0.00011431782627988944,0.0012333870201488774,0.0
6942,adam,0.0001142968125657375,0.0014158756366653134,0.0
6943,adam,0.00011427627701275277,0.0016008861065556418,0.0
6944,adam,0.00011425617956358583,0.0018546607526378136,0.0
6945,adam,0.00011423588175797671,0.0021320016373039758,0.0
6946,adam,0.00011421673086623421,0.002498078574941301,0.0
6947,adam,0.00011419837128454026,0.0029022924698266575,0.0
6948,adam,0.00011418101016969325,0.0034210346705728714,0.0
6949,adam,0.00011416540462749083,0.004017000543262152,0.0
6950,adam,0.00011415218112066878,0.004774796905594048,0.0
6951,adam,0.00011414269870977398,0.005663877652981912,0.0
6952,adam,0.00011413815280842607,0.006779859942913552,0.0
6953,adam,0.0001141416200570004,0.008105834137781067,0.0
6954,adam,0.00011415635137221633,0.009759399551271513,0.0
6955,adam,0.00011418864063799246,0.011761671602504024,0.0
6956,adam,0.00011424703974306262,0.014269253721646412,0.0
6957,adam,0.00011434485530133128,0.017328973192285116,0.0
6958,adam,0.00011450255044304098,0.021146238183167392,0.0
6959,adam,0.00011475274781566104,0.02585105520910786,0.0
6960,adam,0.0001151444877312831,0.03174306571544378,0.0
6961,adam,0.00011575664581716481,0.03907302284595478,0.0
6962,adam,0.00011671226261949698,0.0482872342412658,0.0
6963,adam,0.00011820475869712452,0.059818224112758854,0.0
6964,adam,0.00012054592152822174,0.07435862678467217,0.0
6965,adam,0.00012422256221144667,0.09266318053488751,0.0
6966,adam,0.00013003138015095096,0.11582774747067369,0.0
6967,adam,0.00013920503694682528,0.14509658779298001,0.0
6968,adam,0.00015376911114329102,0.1821675594874214,0.0
6969,adam,0.00017679157598751241,0.22900745076971588,0.0
6970,adam,0.00021327102699276874,0.2880786336953582,0.0
6971,adam,0.000270218983779887,0.36204411305858825,0.0
6972,adam,0.00035851106263376476,0.45364119652943424,0.0
6973,adam,0.0004901357716193175,0.5647950555207505,0.0
6974,adam,0.0006800749525244252,0.6951994666016372,0.0
6975,adam,0.0009283981602434765,0.8397941169988968,0.0
6976,adam,0.0012209352650988956,0.9850531560748954,0.0
6977,adam,0.0014806111666761288,1.106520443271845,0.0
6978,adam,0.0016181012965940723,1.168586808749753,0.0
6979,adam,0.0015130328437688305,1.1352970203094404,0.0
6980,adam,0.0011917933433798682,0.9838624067189751,0.0
6981,adam,0.0007736168964177404,0.7281187411194999,0.0
6982,adam,0.00046119195030091837,0.427096607385036,0.0
6983,adam,0.0003504217565116121,0.26260519776084296,0.0
6984,adam,0.00039437006301643073,0.4063513104720058,0.0
6985,adam,0.00048753771715701435,0.5666049799285134,0.0
6986,adam,0.0005443814315061774,0.6238256326789956,0.0
6987,adam,0.0005260800912331676,0.565330904919953,0.0
6988,adam,0.0004227203279713661,0.41599642253967417,0.0
6989,adam,0.0002786420860799515,0.23305718359561145,0.0
6990,adam,0.00019131367797746733,0.1909177767214222,0.0
6991,adam,0.00022965598978042382,0.32316818510804834,0.0
6992,adam,0.00033820199916720746,0.41761469354414843,0.0
6993,adam,0.00037508516644447565,0.41020551313259873,0.0
6994,adam,0.00027785904097163774,0.2971430544428709,0.0
6995,adam,0.00014838775743375682,0.11511615730320279,0.0
6996,adam,0.00012747513633283139,0.10544620777447651,0.0
6997,adam,0.00021335481413506055,0.25633247501842504,0.0
6998,adam,0.0002757334421104201,0.31989137465534834,0.0
6999,adam,0.0002334805856226324,0.2814149764177449,0.0
7000,adam,0.00014817653493374446,0.16325472985779269,0.0
7001,adam,0.00012160444603095766,0.049709561695875835,0.0
7002,adam,0.00016063372911343475,0.142413780624898,0.0
7003,adam,0.00019355960679483307,0.21629552749713601,0.0
7004,adam,0.0001796476126805846,0.22211051620975716,0.0
7005,adam,0.00014790529941227594,0.17385340370779817,0.0
7006,adam,0.00013588155018422486,0.10849608943928994,0.0
7007,adam,0.00014081767250089645,0.08794653501496309,0.0
7008,adam,0.00014326259646252115,0.12179405570123336,0.0
7009,adam,0.00014141897478611227,0.15136860347738781,0.0
7010,adam,0.00014264871292021895,0.15534122154751867,0.0
7011,adam,0.00014219381085493792,0.12979617206480068,0.0
7012,adam,0.0001322121886522048,0.08153374965359439,0.0
7013,adam,0.00012083314710474695,0.049040412844944904,0.0
7014,adam,0.00012239800394023092,0.08603364371906738,0.0
7015,adam,0.00013392302854533362,0.12103713826706873,0.0
7016,adam,0.0001376948950281575,0.12186449543185222,0.0
7017,adam,0.0001270366260843666,0.08598494032862124,0.0
7018,adam,0.00011544876196368141,0.026306988846094413,0.0
7019,adam,0.00011628606758420728,0.036218337293501275,0.0
7020,adam,0.00012503586076985037,0.08097850009641928,0.0
7021,adam,0.0001283250597722743,0.09596689555224515,0.0
7022,adam,0.00012274456892114152,0.08113774908729098,0.0
7023,adam,0.00011655902563054817,0.048313462862790264,0.0
7024,adam,0.00011613320558909126,0.026291566576103532,0.0
7025,adam,0.00011891960297336827,0.044611947877216854,0.0
7026,adam,0.00011992767265715306,0.06146415508157315,0.0
7027,adam,0.00011872738290618497,0.06469054198392318,0.0
7028,adam,0.00011766278430499595,0.05661320521687658,0.0
7029,adam,0.00011718714354027614,0.04163922536522523,0.0
7030,adam,0.00011624278466949585,0.026909616164730126,0.0
7031,adam,0.00011523331847015414,0.027417568983588422,0.0
7032,adam,0.00011557556437469566,0.04060016735863075,0.0
7033,adam,0.00011690842135671695,0.049220993174621905,0.0
7034,adam,0.00011714736860419397,0.04623475662013702,0.0
7035,adam,0.00011554442318383291,0.031135255076331518,0.0
7036,adam,0.0001138861035637918,0.008896112394988819,0.0
7037,adam,0.00011398641262201125,0.015895687956433313,0.0
7038,adam,0.00011528756961149348,0.03250082721801822,0.0
7039,adam,0.00011587701470971076,0.03830828348895157,0.0
7040,adam,0.00011508537477531256,0.03298266471516027,0.0
7041,adam,0.0001140131752062104,0.02034862091243409,0.0
7042,adam,0.00011376488208580776,0.009608171497026202,0.0
7043,adam,0.00011416677607877213,0.015583185526808265,0.0
7044,adam,0.0001144235154091614,0.02308577515980927,0.0
7045,adam,0.00011427986930156588,0.02559286043917434,0.0
7046,adam,0.00011405994033922897,0.02364812967653397,0.0
7047,adam,0.00011395929442491596,0.018874267627103276,0.0
7048,adam,0.00011383746832749373,0.012805371649385274,0.0
7049,adam,0.0001136317480759017,0.009101460022910051,0.0
7050,adam,0.00011354105873243168,0.012363651234927808,0.0
7051,adam,0.00011368341431768575,0.017353172787990007,0.0
7052,adam,0.00011384394363860443,0.01930305673161226,0.0
7053,adam,0.0001137476184669331,0.016648602773557435,0.0
7054,adam,0.00011344624937572555,0.009998880087663215,0.0
7055,adam,0.00011324608113993332,0.001295469620947947,0.0
7056,adam,0.00011330524738415635,0.007017233520495123,0.0
7057,adam,0.00011346389677243187,0.012564355012358698,0.0
7058,adam,0.00011348994787914057,0.014292960664480528,0.0
7059,adam,0.00011335732989254689,0.01250447733060152,0.0
7060,adam,0.00011321710805357291,0.008583200245118664,0.0
7061,adam,0.0001131708809360218,0.005079361701217039,0.0
7062,adam,0.00011318256286231223,0.005271260955311023,0.0
7063,adam,0.00011317670895379716,0.007349083987387186,0.0
7064,adam,0.00011314731040538048,0.008865543058799993,0.0
7065,adam,0.0001131265260709494,0.00932512668357324,0.0
7066,adam,0.00011311190041774241,0.008584532358522584,0.0
7067,adam,0.00011307082143384793,0.006542436503453535,0.0
7068,adam,0.0001130037093699829,0.0035592361835762847,0.0
7069,adam,0.00011295467075565354,0.0022827841115532752,0.0
7070,adam,0.00011295267726864458,0.004836252653344498,0.0
7071,adam,0.00011297079503804438,0.006842984277821101,0.0
7072,adam,0.00011296089149300751,0.007216760537628265,0.0
7073,adam,0.00011291161429808422,0.005902602024966024,0.0
7074,adam,0.00011285499888911209,0.0034986314899257006,0.0
7075,adam,0.0001128241872698217,0.0014074892165773403,0.0
7076,adam,0.00011281705489808169,0.0025998855201503973,0.0
7077,adam,0.00011280961490590187,0.004106112228880441,0.0
7078,adam,0.00011278855110021572,0.004731607442001504,0.0
7079,adam,0.00011275998194024503,0.004594798476813409,0.0
7080,adam,0.00011273494358923989,0.003966009318448583,0.0
7081,adam,0.00011271182167950858,0.0030378777240460896,0.0
7082,adam,0.00011268635865476253,0.002015200907933541,0.0
7083,adam,0.00011265956758978245,0.0014752765894259837,0.0
7084,adam,0.00011263837669218524,0.00216872478070013,0.0
7085,adam,0.00011262416482812313,0.003077778444958743,0.0
7086,adam,0.0001126090563899948,0.003481507338711147,0.0
7087,adam,0.00011258677079180166,0.0032060192132057196,0.0
7088,adam,0.00011255820362917234,0.002293151818230365,0.0
7089,adam,0.0001125313125567873,0.0010806398869736215,0.0
7090,adam,0.00011251037395578609,0.0006248198219102448,0.0
7091,adam,0.00011249363866366843,0.001496317163954894,0.0
7092,adam,0.00011247577314809642,0.002109174476076358,0.0
7093,adam,0.0001124542027730433,0.0022832547852580432,0.0
7094,adam,0.00011243229963692855,0.002158392564432653,0.0
7095,adam,0.00011241041681565995,0.001841874443241667,0.0
7096,adam,0.00011238932293721893,0.001420287607998639,0.0
7097,adam,0.00011236788899436966,0.0009693459644698429,0.0
7098,adam,0.00011234622851096175,0.000688271952912546,0.0
7099,adam,0.00011232542633244455,0.0009619838948453841,0.0
7100,adam,0.00011230588815930301,0.0013734443821082282,0.0
7101,adam,0.00011228730640565896,0.001614687908695114,0.0
7102,adam,0.00011226640962945401,0.001576952573499932,0.0
7103,adam,0.00011224449516300046,0.0012652504294583668,0.0
7104,adam,0.00011222296028032924,0.0007965856743911055,0.0
7105,adam,0.0001122018859906447,0.0004065860290649843,0.0
7106,adam,0.00011218172520264224,0.0005210062889595541,0.0
7107,adam,0.00011216187826984652,0.0008220794092556427,0.0
7108,adam,0.00011214187291678597,0.0009964011785674803,0.0
7109,adam,0.00011212091265450121,0.001046188245902152,0.0
7110,adam,0.00011210110263757044,0.0010049424934692247,0.0
7111,adam,0.00011208035072124545,0.000880914088480381,0.0
7112,adam,0.00011205966229668908,0.0007120050504024942,0.0
7113,adam,0.00011203875108086325,0.00046981346187894386,0.0
7114,adam,0.00011201819069203525,0.0003092815425025618,0.0
7115,adam,0.00011199814114399506,0.00039304075232315743,0.0
7116,adam,0.00011197806448914972,0.0005754713763749328,0.0
7117,adam,0.00011195831405234691,0.000711901643902784,0.0
7118,adam,0.00011193774935329457,0.0007207564839414765,0.0
7119,adam,0.00011191741021044777,0.0006564433321592068,0.0
7120,adam,0.00011189650250583115,0.0005213749393527675,0.0
7121,adam,0.0001118760565971476,0.00040282279046349674,0.0
7122,adam,0.00011185580077912185,0.000335490339015417,0.0
7123,adam,0.00011183547977903738,0.0003210244082802453,0.0
7124,adam,0.00011181543352435285,0.0003731238051566558,0.0
7125,adam,0.00011179501673036064,0.0004204625336787487,0.0
7126,adam,0.00011177482213224296,0.000475306855955443,0.0
7127,adam,0.00011175506880211616,0.0004969838800789569,0.0
7128,adam,0.00011173450874868697,0.0004814736071448137,0.0
7129,adam,0.00011171428976130396,0.00042553928121527823,0.0
7130,adam,0.00011169355925453033,0.0003479337777760282,0.0
7131,adam,0.00011167350051097537,0.0002810757370934463,0.0
7132,adam,0.00011165350221474712,0.000267857425235739,0.0
7133,adam,0.0001116328505994186,0.0002871197343890357,0.0
7134,adam,0.0001116125436556191,0.0003239124576293738,0.0
7135,adam,0.0001115926883040586,0.0003449809262928502,0.0
7136,adam,0.00011157233440178184,0.0003515280198006003,0.0
7137,adam,0.00011155218129173175,0.0003525477954010024,0.0
7138,adam,0.0001115322060811345,0.0003295435538677229,0.0
7139,adam,0.00011151172690859495,0.0003117636935093515,0.0
7140,adam,0.00011149166294706584,0.0002755804680732141,0.0
7141,adam,0.00011147130690688182,0.0002617026741013723,0.0
7142,adam,0.0001114514860047206,0.0002597924521953295,0.0
7143,adam,0.00011143125000094423,0.00027046439818765054,0.0
7144,adam,0.0001114107851112832,0.00029226564159371587,0.0
7145,adam,0.00011139067443294814,0.0002919109161996467,0.0
7146,adam,0.00011137082523863212,0.00029667862142040687,0.0
7147,adam,0.00011135069884486808,0.0002872535078759955,0.0
7148,adam,0.00011133062906951816,0.00028520928926881314,0.0
7149,adam,0.00011130998196134628,0.0002813945567250441,0.0
7150,adam,0.00011129016473289817,0.0002770458231148274,0.0
7151,adam,0.00011127015888343891,0.0002722419953508748,0.0
7152,adam,0.00011124972929496841,0.00026239865660161526,0.0
7153,adam,0.00011122944474839767,0.0002569672438653203,0.0
7154,adam,0.0001112094850211583,0.00025764507694371527,0.0
7155,adam,0.00011118956944405569,0.0002606431663940552,0.0
7156,adam,0.00011116931416579493,0.00027092215547561236,0.0
7157,adam,0.00011114892407811432,0.00027571090480812423,0.0
7158,adam,0.00011112887160559113,0.0002789043479695082,0.0
7159,adam,0.00011110894131574755,0.00028457961830518204,0.0
7160,adam,0.00011108877093911652,0.00028089544575120496,0.0
7161,adam,0.00011106880685654486,0.00028184279198282885,0.0
7162,adam,0.0001110487031978596,0.00026907999555888986,0.0
7163,adam,0.00011102865337209465,0.0002664285983618863,0.0
7164,adam,0.00011100858553231399,0.00025626764095483724,0.0
7165,adam,0.00011098854536565674,0.00025468155199671264,0.0
7166,adam,0.00011096790941629877,0.0002599147363473759,0.0
7167,adam,0.00011094816793298557,0.0002609628453595473,0.0
7168,adam,0.00011092819041449611,0.0002716181650743474,0.0
7169,adam,0.00011090801550336918,0.0002777930254159473,0.0
7170,adam,0.00011088828286089389,0.00028698796212346173,0.0
7171,adam,0.00011086785969940179,0.000285327021005338,0.0
7172,adam,0.00011084814092203091,0.0002897246358173324,0.0
7173,adam,0.00011082795313684426,0.0002817723694655127,0.0
7174,adam,0.00011080767971331188,0.00027839895708857177,0.0
7175,adam,0.00011078785879060105,0.00026965957203730246,0.0
7176,adam,0.0001107678016764308,0.000264737515567586,0.0
7177,adam,0.00011074756151425186,0.0002575544876768373,0.0
7178,adam,0.00011072748735252602,0.0002561754172964314,0.0
7179,adam,0.0001107076793261835,0.0002551623870501443,0.0
7180,adam,0.00011068725159181061,0.00025412247806021806,0.0
7181,adam,0.00011066722733034022,0.00025534048418302956,0.0
7182,adam,0.00011064763641685328,0.0002562943560183331,0.0
7183,adam,0.00011062734281489337,0.0002578545410878435,0.0
7184,adam,0.00011060732816278885,0.00025882385295000656,0.0
7185,adam,0.00011058717470721449,0.00026217202028863397,0.0
7186,adam,0.0001105673761985124,0.0002603830571169704,0.0
7187,adam,0.00011054717513253869,0.0002605885845485028,0.0
7188,adam,0.00011052698190951246,0.0002565731813171553,0.0
7189,adam,0.0001105066575396842,0.0002551489143664642,0.0
7190,adam,0.00011048694569640866,0.0002538673969108793,0.0
7191,adam,0.00011046680465049941,0.00025408250907007693,0.0
7192,adam,0.00011044678830649296,0.0002548919513287467,0.0
7193,adam,0.00011042673559650153,0.0002549994665396662,0.0
7194,adam,0.00011040685074057753,0.0002592168448496051,0.0
7195,adam,0.00011038725979614494,0.0002568795935679309,0.0
7196,adam,0.00011036691336361997,0.0002606691643780258,0.0
7197,adam,0.00011034717838799333,0.0002575847303330703,0.0
7198,adam,0.00011032676620114451,0.00025876518205765145,0.0
7199,adam,0.00011030686017235261,0.00025515613548753166,0.0
7200,adam,0.00011028679746418402,0.00025590736632307364,0.0
7201,adam,0.00011026682177740672,0.0002538915447098202,0.0
7202,adam,0.00011024697283833421,0.00025406411215351426,0.0
7203,adam,0.00011022675371341492,0.0002540455761624489,0.0
7204,adam,0.00011020698548102535,0.00025542358255266085,0.0
7205,adam,0.00011018671720058286,0.0002561896240835987,0.0
7206,adam,0.00011016661054794865,0.0002641267026268152,0.0
7207,adam,0.00011014638894792741,0.000268920426689454,0.0
7208,adam,0.00011012674899056569,0.0002854889595555296,0.0
7209,adam,0.00011010678885201823,0.000289951544611698,0.0
7210,adam,0.00011008693399322944,0.0003095317676064384,0.0
7211,adam,0.00011006710775771992,0.0003171628873165454,0.0
7212,adam,0.00011004739139510575,0.0003390669172233582,0.0
7213,adam,0.000110026993485361,0.00034762459830345115,0.0
7214,adam,0.00011000692586017484,0.0003709360850290923,0.0
7215,adam,0.00010998691783754823,0.0003841494273484473,0.0
7216,adam,0.0001099672336470097,0.00041277210766298806,0.0
7217,adam,0.00010994738608865802,0.0004336061264722198,0.0
7218,adam,0.00010992702664342238,0.0004781497282153687,0.0
7219,adam,0.0001099072568044883,0.0005164063619338561,0.0
7220,adam,0.00010988745044683936,0.0005793058602414192,0.0
7221,adam,0.00010986748072311746,0.0006395799297181347,0.0
7222,adam,0.00010984751074324664,0.0007385088821664672,0.0
7223,adam,0.00010982768451895724,0.0008371796814092382,0.0
7224,adam,0.00010980808098638211,0.0009748532096390703,0.0
7225,adam,0.00010978829757196281,0.0011124730643531815,0.0
7226,adam,0.00010976893493027356,0.0012997553333390203,0.0
7227,adam,0.0001097494692911631,0.0015042061755779637,0.0
7228,adam,0.00010973069762262308,0.0017726161566578326,0.0
7229,adam,0.00010971184211893686,0.002070539931298646,0.0
7230,adam,0.00010969385708515272,0.002449708234922667,0.0
7231,adam,0.00010967608806658618,0.002885878495421186,0.0
7232,adam,0.00010966039342360912,0.0034384613980206896,0.0
7233,adam,0.00010964538840769237,0.00408336683604641,0.0
7234,adam,0.00010963325704881515,0.004885141822503518,0.0
7235,adam,0.00010962470704066627,0.005841249872995771,0.0
7236,adam,0.00010962139162896027,0.007037374596752239,0.0
7237,adam,0.00010962565798673465,0.00847858538357607,0.0
7238,adam,0.0001096426567348184,0.010277168123974502,0.0
7239,adam,0.00010967727247919326,0.012479187548925975,0.0
7240,adam,0.00010973981657445066,0.015230634120775981,0.0
7241,adam,0.00010984510581449317,0.018624929208744295,0.0
7242,adam,0.00011001631922090036,0.022876548501311905,0.0
7243,adam,0.00011029016642047613,0.028161128747478524,0.0
7244,adam,0.00011072342820913012,0.03479865491938438,0.0
7245,adam,0.0001114074105666945,0.04310501673658763,0.0
7246,adam,0.00011248714225562913,0.05358060721838032,0.0
7247,adam,0.00011419245176307811,0.06677274770180493,0.0
7248,adam,0.00011689757454728028,0.08346856569506637,0.0
7249,adam,0.00012119222356575235,0.10459481317469291,0.0
7250,adam,0.00012805147659302114,0.13141127031771385,0.0
7251,adam,0.00013899810932734756,0.16545488935959934,0.0
7252,adam,0.0001565756679732681,0.2086954723582846,0.0
7253,adam,0.0001846374312484408,0.2635493794871226,0.0
7254,adam,0.00022960232543174723,0.3328249351439459,0.0
7255,adam,0.0003003983196549099,0.4197428216952663,0.0
7256,adam,0.00041123548293421137,0.5270732603611062,0.0
7257,adam,0.0005769638372525933,0.6566667334721693,0.0
7258,adam,0.0008160945756814468,0.80600110100783,0.0
7259,adam,0.0011211402548124375,0.9659189743679089,0.0
7260,adam,0.0014587472779413737,1.1128275920352302,0.0
7261,adam,0.001692544495965032,1.2078419109128111,0.0
7262,adam,0.001676383121132904,1.1979566922242384,0.0
7263,adam,0.0012845097413699482,1.039379151865129,0.0
7264,adam,0.0006840675954402498,0.7246370169558775,0.0
7265,adam,0.00021037130490696127,0.3034650811714337,0.0
7266,adam,0.00013078908716328367,0.13804233793385123,0.0
7267,adam,0.00038939195130335337,0.5049963230889379,0.0
7268,adam,0.0006828889818817224,0.7232256182270878,0.0
7269,adam,0.000730093305680798,0.7510574606858702,0.0
7270,adam,0.0004890636638260155,0.5877189330938656,0.0
7271,adam,0.00019970768717198054,0.28485143730704227,0.0
7272,adam,0.00011477713248307321,0.06445390896618891,0.0
7273,adam,0.00025355913070399905,0.361114379508501,0.0
7274,adam,0.000415347344321373,0.5262235077427138,0.0
7275,adam,0.0004110615923737543,0.5225157615860744,0.0
7276,adam,0.000257309968771251,0.3649561314469848,0.0
7277,adam,0.00012429109267305917,0.11300954281910822,0.0
7278,adam,0.00013455606094261383,0.1488852116823073,0.0
7279,adam,0.00023630661503225802,0.3377905941578815,0.0
7280,adam,0.000289816038723018,0.40335580745913663,0.0
7281,adam,0.00023512154240173586,0.3361192559876025,0.0
7282,adam,0.00014179770951091523,0.16874620570099794,0.0
7283,adam,0.00011160087187594646,0.03589836677324953,0.0
7284,adam,0.00015791164465104958,0.20792436146839202,0.0
7285,adam,0.00020720700838725364,0.29633168725090775,0.0
7286,adam,0.00019737061522286003,0.2804422733097175,0.0
7287,adam,0.00014432412043022372,0.1755794610831689,0.0
7288,adam,0.00011078855279894445,0.02462904290595221,0.0
7289,adam,0.00012601973999947218,0.12029146430225743,0.0
7290,adam,0.00015918744434647076,0.21072043217628492,0.0
7291,adam,0.00016561452303772534,0.22402723547627085,0.0
7292,adam,0.000139462284258686,0.16292830885852413,0.0
7293,adam,0.00011336952450191482,0.05516043136324463,0.0
7294,adam,0.00011391090034787396,0.06025947047658704,0.0
7295,adam,0.00013283730361763254,0.14411515169104966,0.0
7296,adam,0.00014305444313494694,0.17308018340707831,0.0
7297,adam,0.0001325995308460645,0.14308826846948142,0.0
7298,adam,0.00011531117862162256,0.0701608025767164,0.0
7299,adam,0.00011016737903600604,0.01897548869634046,0.0
7300,adam,0.00011909986755697703,0.09212554340456003,0.0
7301,adam,0.00012810770780582363,0.12880948855589638,0.0
7302,adam,0.00012590457549434408,0.12086015803709303,0.0
7303,adam,0.00011598125305554085,0.07519486630666639,0.0
7304,adam,0.0001097760098201031,0.010938007084660382,0.0
7305,adam,0.00011252878042493045,0.051588287988264044,0.0
7306,adam,0.00011870039525462963,0.09089639987604614,0.0
7307,adam,0.0001201499521079015,0.09772710110085754,0.0
7308,adam,0.00011554642945843989,0.07350364945947178,0.0
7309,adam,0.00011044373223779125,0.02894637418990401,0.0
7310,adam,0.00010992634383791116,0.020645902028809816,0.0
7311,adam,0.00011319710746439745,0.05841345461218221,0.0
7312,adam,0.00011558729653763034,0.07461359765468017,0.0
7313,adam,0.00011431939312647201,0.06653191422264738,0.0
7314,adam,0.00011107937605599752,0.03900345545387583,0.0
7315,adam,0.00010935790375520842,0.0035499782272396556,0.0
7316,adam,0.00011039069512106038,0.03131863098453212,0.0
7317,adam,0.00011230225934069875,0.052165512465016245,0.0
7318,adam,0.00011268495272695861,0.05542845299808292,0.0
7319,adam,0.00011121321428803918,0.04188894260473383,0.0
7320,adam,0.00010957046226731696,0.017474234498207543,0.0
7321,adam,0.0001093061355410481,0.010066491700115678,0.0
7322,adam,0.000110266014757467,0.03147248710566755,0.0
7323,adam,0.0001110861612796469,0.041743411248216435,0.0
7324,adam,0.00011082068846416433,0.038907295304951864,0.0
7325,adam,0.00010982143498079242,0.025151445492009233,0.0
7326,adam,0.00010912354877884538,0.005701721014944045,0.0
7327,adam,0.00010926831030781692,0.013770355377120907,0.0
7328,adam,0.00010985567330337682,0.027170114491597255,0.0
7329,adam,0.00011012876585718144,0.03155761464438025,0.0
7330,adam,0.0001097952759783974,0.026691942567790082,0.0
7331,adam,0.00010922504477975667,0.014841532931063037,0.0
7332,adam,0.0001089537113312912,0.0010106482280994981,0.0
7333,adam,0.00010912560911759538,0.01333349513012935,0.0
7334,adam,0.0001094305035897805,0.02164304481766682,0.0
7335,adam,0.00010949178184327233,0.023240457447320353,0.0
7336,adam,0.00010924510254736124,0.018328343979802982,0.0
7337,adam,0.0001089372451483106,0.008987390450778718,0.0
7338,adam,0.00010882753676173806,0.0019944551286857617,0.0
7339,adam,0.00010894013360856026,0.011160467533189965,0.0
7340,adam,0.00010908549804428747,0.016508977539350097,0.0
7341,adam,0.00010908355494923774,0.016968183062448686,0.0
7342,adam,0.00010892784479405315,0.012926364060899575,0.0
7343,adam,0.00010875820466902536,0.005890786589267419,0.0
7344,adam,0.00010870170228275107,0.002012948936477366,0.0
7345,adam,0.00010875782214066028,0.008557983123982364,0.0
7346,adam,0.00010882366854785546,0.01225061353463897,0.0
7347,adam,0.0001088092019092155,0.012450125315533018,0.0
7348,adam,0.00010871510706617753,0.009451242123603569,0.0
7349,adam,0.00010861478605470502,0.004367952175921079,0.0
7350,adam,0.00010857468874058656,0.0013649467826004902,0.0
7351,adam,0.00010859398676157064,0.00611537759109519,0.0
7352,adam,0.00010862035924719802,0.008910586351201486,0.0
7353,adam,0.00010860628292739696,0.009209889280484222,0.0
7354,adam,0.00010854882517862903,0.007222255532705827,0.0
7355,adam,0.00010848471385176114,0.0036585705169135756,0.0
7356,adam,0.00010844968075561066,0.0005171716116190066,0.0
7357,adam,0.00010844752727093048,0.004054193736233131,0.0
7358,adam,0.00010845328106927332,0.006309033986590161,0.0
7359,adam,0.00010844067295066583,0.00685750801616257,0.0
7360,adam,0.00010840453966284782,0.005708567698362401,0.0
7361,adam,0.00010835961127198665,0.003345904736744645,0.0
7362,adam,0.00010832736249635213,0.0004934509377185918,0.0
7363,adam,0.00010831240371100583,0.002316338916956946,0.0
7364,adam,0.00010830648930316187,0.004225399336651293,0.0
7365,adam,0.00010829377285057535,0.004975174096663168,0.0
7366,adam,0.00010826901903892285,0.004528219749472616,0.0
7367,adam,0.00010823605279350947,0.003085765796346281,0.0
7368,adam,0.00010820645536666609,0.0011190433978552875,0.0
7369,adam,0.00010818626245434923,0.0009906354994266501,0.0
7370,adam,0.00010817238020800899,0.0025797127018159804,0.0
7371,adam,0.00010815828370829354,0.003468307995344763,0.0
7372,adam,0.00010813808958571962,0.0035020089106743424,0.0
7373,adam,0.00010811284239288568,0.0027812633320678706,0.0
7374,adam,0.00010808670409198692,0.0015202831079141497,0.0
7375,adam,0.00010806406121297364,0.0002706302538770287,0.0
7376,adam,0.00010804608377023218,0.0013132983653014385,0.0
7377,adam,0.00010802946635006397,0.0022130411710821127,0.0
7378,adam,0.00010801133240042384,0.002576615741068709,0.0
7379,adam,0.00010798969356692493,0.002359530025805046,0.0
7380,adam,0.00010796685399954499,0.0016873315674221924,0.0
7381,adam,0.00010794436406707699,0.0007456582439655824,0.0
7382,adam,0.00010792399790689141,0.0004059823162997447,0.0
7383,adam,0.00010790520897360087,0.0012007111154353192,0.0
7384,adam,0.000107886809312652,0.001727458306015286,0.0
7385,adam,0.00010786785692481818,0.0018863387636346384,0.0
7386,adam,0.00010784683436869508,0.0016590047832613537,0.0
7387,adam,0.00010782481656936394,0.001150049164780622,0.0
7388,adam,0.0001078035400486256,0.0004998718938957478,0.0
7389,adam,0.00010778397700090857,0.0003686365937666528,0.0
7390,adam,0.00010776450530290693,0.0008796990442485436,0.0
7391,adam,0.00010774521333339981,0.00121379181326406,0.0
7392,adam,0.0001077257043435245,0.0013132713628490424,0.0
7393,adam,0.00010770536896534076,0.0011570331141343038,0.0
7394,adam,0.00010768499651585,0.0008255376398826903,0.0
7395,adam,0.00010766428322586514,0.0004102994152013957,0.0
7396,adam,0.00010764422116264348,0.00029278302102606985,0.0
7397,adam,0.00010762523276469696,0.0006060469849216693,0.0
7398,adam,0.00010760523838327967,0.0008414760969165565,0.0
7399,adam,0.00010758561773631457,0.0009367325463385737,0.0
7400,adam,0.00010756558028166283,0.0008588975475987635,0.0
7401,adam,0.00010754536625946693,0.0006625074564830552,0.0
7402,adam,0.0001075251626860947,0.0003968763171104055,0.0
7403,adam,0.00010750563270314708,0.0002543644667535939,0.0
7404,adam,0.00010748580553491757,0.00040685189991412717,0.0
7405,adam,0.0001074662717450908,0.0005794786724609434,0.0
7406,adam,0.00010744623098188016,0.0006777199611291407,0.0
7407,adam,0.0001074263273499476,0.0006544066500842776,0.0
7408,adam,0.00010740676154130264,0.0005525396643971057,0.0
7409,adam,0.00010738691248341793,0.000389253507950161,0.0
7410,adam,0.00010736674018738463,0.00026538994586679774,0.0
7411,adam,0.00010734694521827279,0.00028854286679485695,0.0
7412,adam,0.0001073272042678258,0.00039008557198565207,0.0
7413,adam,0.00010730781691616765,0.0004807888379254397,0.0
7414,adam,0.0001072880647065228,0.0005010873694335779,0.0
7415,adam,0.00010726826327817968,0.00047337880467091057,0.0
7416,adam,0.0001072482717892704,0.0003898319510028033,0.0
7417,adam,0.00010722851641754479,0.0003058686819944544,0.0
7418,adam,0.00010720876212572416,0.00025319974199605326,0.0
7419,adam,0.00010718897985594133,0.0002742336222666407,0.0
7420,adam,0.0001071695308294933,0.000342898898871637,0.0
7421,adam,0.00010714985023221238,0.0003935090718201315,0.0
7422,adam,0.00010712988299912576,0.0004200458022053489,0.0
7423,adam,0.00010711001915112559,0.0003937632886374401,0.0
7424,adam,0.00010709065425480035,0.0003484796745061856,0.0
7425,adam,0.00010707102836480526,0.0002865743213114889,0.0
7426,adam,0.00010705057551413677,0.00025518700819526416,0.0
7427,adam,0.00010703115446880271,0.00025935646637971217,0.0
7428,adam,0.00010701183130304394,0.0002834792084569177,0.0
7429,adam,0.00010699218463916044,0.00031183085562984034,0.0
7430,adam,0.00010697215007810618,0.0003210798334021438,0.0
7431,adam,0.00010695272981612565,0.0003229747616441769,0.0
7432,adam,0.00010693317615532663,0.0003032257831282349,0.0
7433,adam,0.00010691309358979939,0.00028561443294187057,0.0
7434,adam,0.00010689359841768995,0.0002624976242825704,0.0
7435,adam,0.00010687382829708173,0.00025513623193142805,0.0
7436,adam,0.00010685411584015368,0.00025290074745891965,0.0
7437,adam,0.00010683462584722454,0.00026022955878880305,0.0
7438,adam,0.00010681498366559476,0.00026835814015973067,0.0
7439,adam,0.00010679528913737001,0.00027013818489470643,0.0
7440,adam,0.00010677587324382536,0.0002691995774174638,0.0
7441,adam,0.00010675598261331582,0.0002604685993979415,0.0
7442,adam,0.0001067364459036496,0.00025552206000121027,0.0
7443,adam,0.00010671695118625453,0.0002501864865656394,0.0
7444,adam,0.00010669731975398474,0.0002522442087626617,0.0
7445,adam,0.00010667765959966941,0.0002570425501162757,0.0
7446,adam,0.00010665806002394589,0.0002603325992193831,0.0
7447,adam,0.00010663835883283658,0.00026534250227947453,0.0
7448,adam,0.00010661894158460689,0.00026425660400467997,0.0
7449,adam,0.0001065992692810354,0.0002642258466067084,0.0
7450,adam,0.00010657952731681739,0.0002565425024531428,0.0
7451,adam,0.00010655992973939456,0.00025473756434833255,0.0
7452,adam,0.00010654025887606581,0.0002497989898604999,0.0
7453,adam,0.00010652096597922836,0.0002498179562179308,0.0
7454,adam,0.0001065016345336253,0.00025089536305678554,0.0
7455,adam,0.00010648181807003519,0.00025108978729816874,0.0
7456,adam,0.00010646237717852814,0.00025568504784144957,0.0
7457,adam,0.00010644268633862751,0.00025569714163484403,0.0
7458,adam,0.00010642272974816612,0.00026246840214140256,0.0
7459,adam,0.00010640331550878261,0.00025935527933676586,0.0
7460,adam,0.00010638347170273281,0.00026205383375938244,0.0
7461,adam,0.00010636396722266218,0.0002552395516378382,0.0
7462,adam,0.00010634483773864816,0.00025404838402581347,0.0
7463,adam,0.00010632497926483545,0.0002512468369746932,0.0
7464,adam,0.00010630562180562689,0.000249856975875378,0.0
7465,adam,0.00010628580582020247,0.0002505705400649351,0.0
7466,adam,0.00010626622440512251,0.00024910489001253675,0.0
7467,adam,0.00010624673253930286,0.000252912998221566,0.0
7468,adam,0.00010622755848129794,0.00025366772196040916,0.0
7469,adam,0.00010620771670768878,0.0002612946285922906,0.0
7470,adam,0.00010618835325179367,0.00026463442456740535,0.0
7471,adam,0.00010616854515861576,0.00027331562278831804,0.0
7472,adam,0.00010614899620878544,0.0002715776016092064,0.0
7473,adam,0.00010612937512245723,0.0002744160252726951,0.0
7474,adam,0.00010610975499629406,0.00026445703004590967,0.0
7475,adam,0.00010609048899933722,0.00026194320706691916,0.0
7476,adam,0.00010607069293551476,0.0002538997342650223,0.0
7477,adam,0.00010605125975439194,0.0002535096081573474,0.0
7478,adam,0.0001060319848275345,0.0002487578152952282,0.0
7479,adam,0.00010601258048684087,0.0002490229937952884,0.0
7480,adam,0.00010599274075401765,0.0002496612247463901,0.0
7481,adam,0.00010597298600144845,0.00025018535568292657,0.0
7482,adam,0.00010595344729353312,0.0002557331321596387,0.0
7483,adam,0.00010593418300114671,0.00025635592650311505,0.0
7484,adam,0.00010591467215902355,0.00026389583182567073,0.0
7485,adam,0.00010589524676746212,0.00026252015587777355,0.0
7486,adam,0.00010587543139468878,0.0002672926543329142,0.0
7487,adam,0.00010585608779480868,0.0002607615893827613,0.0
7488,adam,0.00010583672701815027,0.00026340587576871956,0.0
7489,adam,0.00010581702584270763,0.00025811892802115845,0.0
7490,adam,0.00010579745002582744,0.00025648248874987156,0.0
7491,adam,0.00010577826453853579,0.00025273332540684486,0.0
7492,adam,0.00010575857913510502,0.0002530395423445179,0.0
7493,adam,0.00010573932877193357,0.0002489149604125247,0.0
7494,adam,0.00010571956266344723,0.0002493557199553051,0.0
7495,adam,0.00010569971449314064,0.0002484173888047973,0.0
7496,adam,0.00010568075497944588,0.0002488079730628361,0.0
7497,adam,0.00010566080768594322,0.0002477389920326457,0.0
7498,adam,0.0001056415841324006,0.0002489201354249258,0.0
7499,adam,0.0001056225156610045,0.00024732948417623704,0.0
7500,adam,0.0001056024051214105,0.00024745845613482445,0.0
7501,adam,0.0001055830452472891,0.000248007167353229,0.0
7502,adam,0.00010556357432850165,0.00024718437603352014,0.0
7503,adam,0.00010554400945004658,0.00024901751576572785,0.0
7504,adam,0.00010552472495089245,0.0002494180904666952,0.0
7505,adam,0.00010550527902385083,0.00025383707529120445,0.0
7506,adam,0.00010548557106015008,0.00025284223980397553,0.0
7507,adam,0.0001054661545943375,0.0002580707192857565,0.0
7508,adam,0.00010544714481628344,0.0002580345948448926,0.0
7509,adam,0.00010542696625395986,0.0002634929225849865,0.0
7510,adam,0.00010540784604077841,0.00026134186416451794,0.0
7511,adam,0.00010538796897993901,0.0002671022852836309,0.0
7512,adam,0.00010536891792675541,0.0002640087255108732,0.0
7513,adam,0.00010534958759262909,0.0002701953691394488,0.0
7514,adam,0.00010532983756544047,0.0002696313046465927,0.0
7515,adam,0.00010531056075605585,0.0002732150706623387,0.0
7516,adam,0.00010529087056343481,0.00026782499260745977,0.0
7517,adam,0.00010527128584566921,0.0002685669799434646,0.0
7518,adam,0.00010525207824198155,0.0002593666268621029,0.0
7519,adam,0.00010523257264964847,0.00026105620602782687,0.0
7520,adam,0.00010521265245360027,0.0002558153745344497,0.0
7521,adam,0.00010519391433696262,0.00025637645754397016,0.0
7522,adam,0.00010517416522443227,0.00025267710689061965,0.0
7523,adam,0.00010515479191285372,0.00025518111766961976,0.0
7524,adam,0.00010513541702317289,0.0002540701064336648,0.0
7525,adam,0.00010511566532622926,0.0002599525944933652,0.0
7526,adam,0.00010509623855793,0.0002609124895701728,0.0
7527,adam,0.00010507687086498788,0.0002707473786072512,0.0
7528,adam,0.0001050571040522164,0.0002692198425418409,0.0
7529,adam,0.000105038172598437,0.0002789932526131605,0.0
7530,adam,0.000105018259769835,0.0002780086247946754,0.0
7531,adam,0.00010499931222306541,0.00028979904216657707,0.0
7532,adam,0.00010497984455873577,0.0002899890579963796,0.0
7533,adam,0.00010496024137264847,0.0003042092186540804,0.0
7534,adam,0.0001049401936864997,0.0003070553605323426,0.0
7535,adam,0.0001049211091913365,0.00032448520248148244,0.0
7536,adam,0.00010490160346450413,0.0003239790548947661,0.0
7537,adam,0.00010488231847617537,0.00033648560827335055,0.0
7538,adam,0.00010486272147827481,0.0003329837101272407,0.0
7539,adam,0.00010484336594031665,0.0003432759009860265,0.0
7540,adam,0.00010482390340555656,0.00033707160179152133,0.0
7541,adam,0.0001048040795077854,0.00034381110464316595,0.0
7542,adam,0.00010478497298735505,0.0003365857105784528,0.0
7543,adam,0.00010476550339765252,0.00034583556424303176,0.0
7544,adam,0.0001047459715156585,0.00034193781426972516,0.0
7545,adam,0.00010472660106777785,0.00035947122018009626,0.0
7546,adam,0.00010470727539932475,0.00037005480676631915,0.0
7547,adam,0.00010468796504185765,0.0004084911981506118,0.0
7548,adam,0.00010466826663583922,0.0004356777524859264,0.0
7549,adam,0.00010464908756414431,0.0004945994686676095,0.0
7550,adam,0.00010462948579592446,0.0005410455103883656,0.0
7551,adam,0.00010461062257456574,0.0006253998299135573,0.0
7552,adam,0.00010459108118972198,0.0007066762584592252,0.0
7553,adam,0.00010457192398022883,0.0008341740535857513,0.0
7554,adam,0.00010455252055266289,0.000957725687764598,0.0
7555,adam,0.00010453357261856385,0.0011346053262550355,0.0
7556,adam,0.00010451461929088891,0.001323779259204379,0.0
7557,adam,0.00010449574928525984,0.001584637390225003,0.0
7558,adam,0.00010447761926956016,0.0018714828305162266,0.0
7559,adam,0.00010445971759384398,0.0022575997520204905,0.0
7560,adam,0.00010444280613283629,0.002704984891368129,0.0
7561,adam,0.00010442756320853423,0.0032847579638014437,0.0
7562,adam,0.00010441349220349138,0.0039695962271296265,0.0
7563,adam,0.00010440205496925092,0.004847040905506646,0.0
7564,adam,0.00010439536543864794,0.005903413733795897,0.0
7565,adam,0.0001043951728380404,0.007243136699321298,0.0
7566,adam,0.00010440520850955053,0.008881362116376029,0.0
7567,adam,0.00010443023569622812,0.010950985025948852,0.0
7568,adam,0.00010447985541194007,0.013506011709534367,0.0
7569,adam,0.00010456705874852996,0.01674249708020756,0.0
7570,adam,0.0001047148423582553,0.020788936055515173,0.0
7571,adam,0.00010495824644614659,0.025927838599218718,0.0
7572,adam,0.00010535357630423126,0.032402300590004235,0.0
7573,adam,0.00010599332686596467,0.04064378022955752,0.0
7574,adam,0.000107025029440496,0.05108690871474345,0.0
7575,adam,0.0001086924688807687,0.06441645320804484,0.0
7576,adam,0.00011138859911588163,0.08139892812723046,0.0
7577,adam,0.00011576628553565289,0.10313355206002763,0.0
7578,adam,0.00012287531774306392,0.1309309681242833,0.0
7579,adam,0.00013448416100551305,0.1665623816345695,0.0
7580,adam,0.00015337879022676875,0.2121826796795741,0.0
7581,adam,0.00018424845777886362,0.2704789662353888,0.0
7582,adam,0.0002340692792943292,0.34460276152549474,0.0
7583,adam,0.0003142400738126868,0.4378693798761845,0.0
7584,adam,0.00043894294142532994,0.5532542274599215,0.0
7585,adam,0.0006279086282091611,0.6912552705880283,0.0
7586,adam,0.0008889195201226031,0.8475390264626632,0.0
7587,adam,0.0012140224411805456,1.0064472331687644,0.0
7588,adam,0.0015131173759383501,1.136914401894815,0.0
7589,adam,0.0016509800442151338,1.1891101565289794,0.0
7590,adam,0.0014418347576651506,1.109293240902394,0.0
7591,adam,0.0009254728954855811,0.8671312162094403,0.0
7592,adam,0.0003673242593662046,0.48850796275379743,0.0
7593,adam,0.00011981186581638935,0.07638601347660737,0.0
7594,adam,0.00026655012948082125,0.3694782924084689,0.0
7595,adam,0.0005738370527248393,0.6476107590127549,0.0
7596,adam,0.0007184746484833265,0.7454709056524297,0.0
7597,adam,0.0005586711595194282,0.6439124881139398,0.0
7598,adam,0.0002672385919230485,0.38092152798476997,0.0
7599,adam,0.00012141494075725172,0.07610473645793298,0.0
7600,adam,0.00021300523008411926,0.29206853366868096,0.0
7601,adam,0.0003772697482671422,0.48759357839016865,0.0
7602,adam,0.00040488585486233284,0.5195760099419395,0.0
7603,adam,0.0002734726852993024,0.39127320111220365,0.0
7604,adam,0.000138709241935108,0.16183332688894655,0.0
7605,adam,0.00013541673880882807,0.1285639816617222,0.0
7606,adam,0.00022613038226069424,0.31280029740441034,0.0
7607,adam,0.00027524092588220007,0.3853761005101072,0.0
7608,adam,0.00022281472982890228,0.3264055180169984,0.0
7609,adam,0.00013871399019419535,0.17037651054666425,0.0
7610,adam,0.00011848073696471136,0.06752714027372222,0.0
7611,adam,0.00016441628315702354,0.20695640450620428,0.0
7612,adam,0.00020070851725086726,0.2815525976140864,0.0
7613,adam,0.00017871536160276067,0.2554423831929928,0.0
7614,adam,0.00012966195808598765,0.14910510586205777,0.0
7615,adam,0.0001125070137100022,0.04786506541861748,0.0
7616,adam,0.00013657793624729186,0.14129441475813803,0.0
7617,adam,0.00015977479172958804,0.20575622548224967,0.0
7618,adam,0.0001496375885617917,0.19544384038803841,0.0
7619,adam,0.00012094720833902983,0.12154240413100179,0.0
7620,adam,0.00010899326281771027,0.038377598439951685,0.0
7621,adam,0.00012217365866378226,0.098288986287647,0.0
7622,adam,0.00013676420711654364,0.15084316441704532,0.0
7623,adam,0.00013200304268646027,0.14818706181485486,0.0
7624,adam,0.0001149248618887692,0.0964117948354029,0.0
7625,adam,0.0001067044764478547,0.030885641772633976,0.0
7626,adam,0.00011396855072692216,0.06829625871637494,0.0
7627,adam,0.00012336583653562648,0.110596004484794,0.0
7628,adam,0.00012150794487149085,0.11230102788413153,0.0
7629,adam,0.00011126304101616005,0.07635657024354217,0.0
7630,adam,0.0001053649072181583,0.024701177675178827,0.0
7631,adam,0.00010910381134747766,0.04629228327887396,0.0
7632,adam,0.00011527274829406892,0.08080875190874053,0.0
7633,adam,0.00011511917601058385,0.08560288306890086,0.0
7634,adam,0.0001091158597832301,0.06111367089005964,0.0
7635,adam,0.00010474135462260203,0.020983898213384422,0.0
7636,adam,0.00010626033961967092,0.029486564771876164,0.0
7637,adam,0.00011024377691412767,0.05825180614881955,0.0
7638,adam,0.00011102386270929732,0.0653878745305858,0.0
7639,adam,0.00010776712724872681,0.049835617178554996,0.0
7640,adam,0.00010457150040206112,0.01977922408014381,0.0
7641,adam,0.0001047551187095858,0.01647753136016348,0.0
7642,adam,0.00010714437751484961,0.04087914581387907,0.0
7643,adam,0.00010826483147494176,0.049783311208329135,0.0
7644,adam,0.00010676875624838351,0.04116254254978939,0.0
7645,adam,0.00010458352670319778,0.019815771913031112,0.0
7646,adam,0.00010408812547989962,0.006558923492158006,0.0
7647,adam,0.00010531596037417385,0.027373961856852327,0.0
7648,adam,0.00010636588893361314,0.037402935801374694,0.0
7649,adam,0.00010591168726064334,0.034052564512070976,0.0
7650,adam,0.00010458337195157323,0.01994345518255472,0.0
7651,adam,0.00010387869671865515,0.0008158194164786354,0.0
7652,adam,0.00010432656368601013,0.016893630861615713,0.0
7653,adam,0.00010508746171787593,0.027258069758984822,0.0
7654,adam,0.00010515021584408555,0.027780180927170335,0.0
7655,adam,0.00010447742845925944,0.019382564510857025,0.0
7656,adam,0.0001038519198424079,0.005770768369117163,0.0
7657,adam,0.00010385885652758935,0.008915280158709113,0.0
7658,adam,0.00010428419430205235,0.018870702355803046,0.0
7659,adam,0.00010451061108214936,0.021977678728457354,0.0
7660,adam,0.0001042638730633334,0.01794699557843817,0.0
7661,adam,0.00010383864363788976,0.008826912399670699,0.0
7662,adam,0.00010366532467952344,0.00347041677059964,0.0
7663,adam,0.00010382310112019007,0.011988867757751855,0.0
7664,adam,0.00010402564569720115,0.01659151937970981,0.0
7665,adam,0.00010399928154510792,0.015787534405378934,0.0
7666,adam,0.00010377178509500692,0.010322339650927983,0.0
7667,adam,0.00010357899564538739,0.0030321165505004886,0.0
7668,adam,0.00010357562752922918,0.006412101024216509,0.0
7669,adam,0.00010368898090205325,0.011597656751189915,0.0
7670,adam,0.0001037395727858004,0.013046815319406333,0.0
7671,adam,0.00010365168336500914,0.010526682628296018,0.0
7672,adam,0.0001035099676925487,0.0053389521229082,0.0
7673,adam,0.00010343917514853639,0.0023123298507263025,0.0
7674,adam,0.00010346783451423935,0.006994976106816837,0.0
7675,adam,0.00010351762872269006,0.009836187939972213,0.0
7676,adam,0.0001035040061322663,0.009643027793411682,0.0
7677,adam,0.00010342525026940658,0.00678306387699833,0.0
7678,adam,0.00010334688604853704,0.0024681847348541827,0.0
7679,adam,0.0001033211882810593,0.00295028413013503,0.0
7680,adam,0.00010333977242777186,0.006335732051747063,0.0
7681,adam,0.0001033506069076368,0.007773460319632338,0.0
7682,adam,0.00010331995055421992,0.006960474208404216,0.0
7683,adam,0.0001032625239441932,0.004309772053220267,0.0
7684,adam,0.00010321722803580948,0.0010581255904926277,0.0
7685,adam,0.00010320429945263764,0.0029399439146066643,0.0
7686,adam,0.00010320780741265863,0.005230419814201676,0.0
7687,adam,0.00010320022302050234,0.0059600915370235895,0.0
7688,adam,0.00010316956638142544,0.005016708478632542,0.0
7689,adam,0.00010312857569052949,0.0028531981928253685,0.0
7690,adam,0.00010309781924740153,0.0004696379169828854,0.0
7691,adam,0.00010308510286666329,0.0024645267339639875,0.0
7692,adam,0.0001030785589474615,0.004079250041081245,0.0
7693,adam,0.00010306414784362489,0.004475039694517529,0.0
7694,adam,0.00010303726024219518,0.0036946938813933886,0.0
7695,adam,0.00010300610919349608,0.0020295155609306413,0.0
7696,adam,0.00010298159991435068,0.00027142915818918523,0.0
7697,adam,0.00010296627899372622,0.0018577425844785063,0.0
7698,adam,0.00010295422594210147,0.00302289016466614,0.0
7699,adam,0.00010293734817200328,0.0033319000679564842,0.0
7700,adam,0.00010291397820787495,0.0027615354497219,0.0
7701,adam,0.0001028881310043079,0.0015873745755430315,0.0
7702,adam,0.00010286630578049576,0.00027815129297489757,0.0
7703,adam,0.00010284897390273468,0.0012569647485480354,0.0
7704,adam,0.00010283365277607933,0.0021559990549046074,0.0
7705,adam,0.00010281596339626943,0.002428721018280977,0.0
7706,adam,0.00010279482833241174,0.002099324589889727,0.0
7707,adam,0.00010277266873393754,0.0012934430681310752,0.0
7708,adam,0.00010275156994907412,0.0003831063012490763,0.0
7709,adam,0.00010273287596802773,0.0007959433119500291,0.0
7710,adam,0.00010271585304628542,0.0014384420604022007,0.0
7711,adam,0.00010269799529735623,0.0017133456999198723,0.0
7712,adam,0.00010267778923555069,0.0015503286888429205,0.0
7713,adam,0.0001026568517445617,0.001078171724191229,0.0
7714,adam,0.00010263683306824812,0.00046907073905064857,0.0
7715,adam,0.00010261831381850872,0.00045148286499702834,0.0
7716,adam,0.0001026001952923303,0.000927303030509962,0.0
7717,adam,0.00010258145342694746,0.0011859672658675348,0.0
7718,adam,0.0001025623183120439,0.0011885580872903303,0.0
7719,adam,0.00010254241453653163,0.0009260475599610601,0.0
7720,adam,0.00010252310649817219,0.0005476324655218541,0.0
7721,adam,0.0001025039574351385,0.0003173191772810424,0.0
7722,adam,0.0001024851594088566,0.0005339461458629499,0.0
7723,adam,0.0001024663515872956,0.0007702215678814135,0.0
7724,adam,0.00010244770026072638,0.0008142381068975886,0.0
7725,adam,0.00010242824726282763,0.0007209842852244621,0.0
7726,adam,0.00010240905188752345,0.0005016112399837086,0.0
7727,adam,0.00010239021064311564,0.00031147021057083,0.0
7728,adam,0.00010237075818011453,0.0003498119682491721,0.0
7729,adam,0.0001023524772148346,0.0004832421545492551,0.0
7730,adam,0.00010233352725833657,0.0005816174699550434,0.0
7731,adam,0.00010231428614538782,0.0005547602254678797,0.0
7732,adam,0.00010229565837341409,0.0004718440724430123,0.0
7733,adam,0.00010227617123684127,0.0003365205158689861,0.0
7734,adam,0.000102257720992605,0.0002698765804479738,0.0
7735,adam,0.00010223826692344078,0.00032526864913137135,0.0
7736,adam,0.00010221977194427304,0.0003830135325838308,0.0
7737,adam,0.00010220094956746951,0.0004227317947267906,0.0
7738,adam,0.00010218155753373243,0.00038128013712364686,0.0
7739,adam,0.00010216290150506954,0.00032688943941019255,0.0
7740,adam,0.00010214391197758641,0.0002630480205492864,0.0
7741,adam,0.00010212469404446808,0.0002554228505635388,0.0
7742,adam,0.00010210601816243354,0.00029937889191225856,0.0
7743,adam,0.00010208732550968414,0.0003256750875575246,0.0
7744,adam,0.00010206828985283259,0.00034901372735085073,0.0
7745,adam,0.00010204959157321519,0.00031372888762726,0.0
7746,adam,0.0001020306745779505,0.00028224809630882894,0.0
7747,adam,0.00010201179648502614,0.00024648413669663323,0.0
7748,adam,0.00010199280092665641,0.00024986139060400496,0.0
7749,adam,0.00010197395968014303,0.0002855249228210517,0.0
7750,adam,0.0001019552933572482,0.0003017152219961442,0.0
7751,adam,0.00010193654068529762,0.0003166635743113375,0.0
7752,adam,0.00010191747295302758,0.00028730362217799476,0.0
7753,adam,0.00010189876137799804,0.0002685910492756926,0.0
7754,adam,0.0001018798578594617,0.0002471806243604096,0.0
7755,adam,0.00010186090674105716,0.00025102213530080604,0.0
7756,adam,0.00010184249994581973,0.0002721038419342544,0.0
7757,adam,0.0001018229758120716,0.0002792689951735398,0.0
7758,adam,0.00010180469780409275,0.0002888096374984435,0.0
7759,adam,0.00010178594882593251,0.00026867287195526046,0.0
7760,adam,0.00010176636444281077,0.00025629905961154685,0.0
7761,adam,0.00010174787016694062,0.0002446105271419069,0.0
7762,adam,0.00010172931536566713,0.0002491288497064933,0.0
7763,adam,0.00010171053451920772,0.00026677994120154295,0.0
7764,adam,0.00010169178887976083,0.000267869957378469,0.0
7765,adam,0.00010167310290141097,0.00027248254487450565,0.0
7766,adam,0.00010165403282748567,0.00025795751263371847,0.0
7767,adam,0.00010163514545188166,0.00025328880194723166,0.0
7768,adam,0.0001016164591090739,0.00024432354397250984,0.0
7769,adam,0.00010159765053427267,0.00024327968847139502,0.0
7770,adam,0.00010157888459154659,0.00025081920847348354,0.0
7771,adam,0.0001015599998513634,0.000249804906579689,0.0
7772,adam,0.00010154099804930368,0.00025536296915531267,0.0
7773,adam,0.00010152248927486935,0.0002486680363832356,0.0
7774,adam,0.00010150398490736715,0.00024717151984722665,0.0
7775,adam,0.00010148512978392287,0.00024277567408974448,0.0
7776,adam,0.00010146632766447005,0.00024335277796792574,0.0
7777,adam,0.00010144759781344562,0.0002456451799814041,0.0
7778,adam,0.00010142891339845723,0.00024288998801168428,0.0
7779,adam,0.00010141000468095707,0.00024561223793815435,0.0
7780,adam,0.00010139098659419304,0.00024373494789040165,0.0
7781,adam,0.00010137257124655103,0.0002443035133912522,0.0
7782,adam,0.00010135365264542812,0.00024279969111983088,0.0
7783,adam,0.00010133520559003374,0.00024388017477679075,0.0
7784,adam,0.00010131636711729805,0.00024233158889504434,0.0
7785,adam,0.00010129758875345971,0.0002431652369138778,0.0
7786,adam,0.00010127834630054435,0.0002428393631490053,0.0
7787,adam,0.00010126035660172298,0.00024297360746136813,0.0
7788,adam,0.00010124113890260216,0.00024320297191081976,0.0
7789,adam,0.00010122266117297882,0.0002445248101718581,0.0
7790,adam,0.00010120358585914586,0.00024362157345385178,0.0
7791,adam,0.00010118487658493809,0.00024402522521339877,0.0
7792,adam,0.0001011661512650248,0.00024409335068106087,0.0
7793,adam,0.00010114740356171493,0.0002418589612711369,0.0
7794,adam,0.00010112895548840732,0.00024321344506271833,0.0
7795,adam,0.00010111004380820665,0.00024482875691761604,0.0
7796,adam,0.00010109135479418237,0.0002494313427083302,0.0
7797,adam,0.00010107248377312166,0.0002543329566325491,0.0
7798,adam,0.00010105403321629291,0.00026363342248079545,0.0
7799,adam,0.00010103524474773419,0.00026326949339069224,0.0
7800,adam,0.0001010165860078153,0.0002644329087015517,0.0
7801,adam,0.00010099744639268197,0.00025727579655000955,0.0
7802,adam,0.00010097917815792968,0.00024996475980038226,0.0
7803,adam,0.00010096026100564098,0.00024503608894803233,0.0
7804,adam,0.00010094142228873331,0.0002430188675046094,0.0
7805,adam,0.00010092272987367821,0.00024487779971348197,0.0
7806,adam,0.00010090397094089225,0.00024438956843566043,0.0
7807,adam,0.00010088547183487307,0.0002516775468620171,0.0
7808,adam,0.00010086661524480895,0.00025012625907452955,0.0
7809,adam,0.00010084790632417124,0.00025531129257312256,0.0
7810,adam,0.00010082892339256203,0.0002518447365496966,0.0
7811,adam,0.00010081055726444865,0.00025066580700233194,0.0
7812,adam,0.00010079200721416256,0.00024670391194246916,0.0
7813,adam,0.00010077339808128005,0.00024472436052598557,0.0
7814,adam,0.00010075431343795395,0.00024418522017779885,0.0
7815,adam,0.00010073576662822679,0.00024181431357972263,0.0
7816,adam,0.00010071704888585271,0.00024280911725000444,0.0
7817,adam,0.0001006981869539867,0.00024099703734612273,0.0
7818,adam,0.00010067953795628849,0.00024223891678759306,0.0
7819,adam,0.00010066090548702132,0.00024251861423994813,0.0
7820,adam,0.00010064233230935949,0.00024233167789162386,0.0
7821,adam,0.00010062352958987947,0.00024274608542479203,0.0
7822,adam,0.00010060465482692086,0.00024153322957063875,0.0
7823,adam,0.00010058591315926619,0.00024395702799580044,0.0
7824,adam,0.00010056735209556523,0.00024113007753191534,0.0
7825,adam,0.00010054825338148997,0.0002428951449863467,0.0
7826,adam,0.00010052992985756082,0.0002424784009173417,0.0
7827,adam,0.00010051090391907057,0.00024190353423723127,0.0
7828,adam,0.0001004924579554034,0.00024183857930930379,0.0
7829,adam,0.00010047399134805298,0.00024107502037517032,0.0
7830,adam,0.00010045517822436376,0.00024116081476191167,0.0
7831,adam,0.00010043642333886509,0.00024099912111944262,0.0
7832,adam,0.0001004179065742757,0.00024161389405128923,0.0
7833,adam,0.0001003994352462778,0.00024128855022300503,0.0
7834,adam,0.00010038072091439536,0.00024114031646278,0.0
7835,adam,0.00010036183795828305,0.0002404812013744634,0.0
7836,adam,0.00010034293589954208,0.00024100677501152,0.0
7837,adam,0.00010032476938812629,0.00024093395304407915,0.0
7838,adam,0.00010030571263165182,0.00024021870313004716,0.0
7839,adam,0.00010028706353919899,0.00024214294491124028,0.0
7840,adam,0.00010026835821626311,0.00024124712973580694,0.0
7841,adam,0.00010024980427365613,0.00024262749944707756,0.0
7842,adam,0.0001002308584784273,0.00024340493345305898,0.0
7843,adam,0.0001002124479719973,0.00024507423368543674,0.0
7844,adam,0.00010019371153246353,0.0002473537514170346,0.0
7845,adam,0.00010017505296453844,0.0002495972040424072,0.0
7846,adam,0.00010015638120148449,0.0002528774316698792,0.0
7847,adam,0.00010013763635246248,0.00025494235268920615,0.0
7848,adam,0.0001001191394345425,0.0002593864261150483,0.0
7849,adam,0.00010010044275152944,0.0002621294390490517,0.0
7850,adam,0.00010008119464824883,0.00026352907931858114,0.0
7851,adam,0.00010006283620261849,0.00026017831786326697,0.0
7852,adam,0.0001000441923256987,0.00025761883458402996,0.0
7853,adam,0.00010002585824580356,0.0002548191308614504,0.0
7854,adam,0.00010000693777238572,0.00024970049073483704,0.0
7855,adam,9.998763729328164e-05,0.00024882796327950707,0.0
7856,adam,9.996982288891724e-05,0.0002437981426499679,0.0
7857,adam,9.99507382238209e-05,0.0002442010509456387,0.0
7858,adam,9.993202584631954e-05,0.00024168594308329863,0.0
7859,adam,9.991326545162054e-05,0.00024151898135480954,0.0
7860,adam,9.989429555787156e-05,0.00023988866449576362,0.0
7861,adam,9.987602727043334e-05,0.0002412712174686192,0.0
7862,adam,9.985763816738335e-05,0.00023932056017708905,0.0
7863,adam,9.983876731469188e-05,0.0002399691317562393,0.0
7864,adam,9.982004069476821e-05,0.00023993815610239477,0.0
7865,adam,9.980160394553791e-05,0.00023979585700236187,0.0
7866,adam,9.978257091176257e-05,0.0002410088758582642,0.0
7867,adam,9.97637297167632e-05,0.00023962205067527581,0.0
7868,adam,9.974542874363988e-05,0.00024266140124972832,0.0
7869,adam,9.972662031644934e-05,0.0002403782538569003,0.0
7870,adam,9.970796495574584e-05,0.0002454545196367493,0.0
7871,adam,9.968923375898033e-05,0.00024280323221644452,0.0
7872,adam,9.967084172143977e-05,0.00024987405522025374,0.0
7873,adam,9.965180191917069e-05,0.000245688217394898,0.0
7874,adam,9.963319211126631e-05,0.0002521283325960917,0.0
7875,adam,9.961463722346148e-05,0.0002462553097837378,0.0
7876,adam,9.959607159553176e-05,0.0002518290073802452,0.0
7877,adam,9.957730640805245e-05,0.00024456747665773727,0.0
7878,adam,9.955882824212294e-05,0.00024985335188460226,0.0
7879,adam,9.953992281877444e-05,0.00024344927143858265,0.0
7880,adam,9.952108502241941e-05,0.0002490708190124841,0.0
7881,adam,9.950247196306899e-05,0.00024393825045165144,0.0
7882,adam,9.948354958504754e-05,0.000249599951834488,0.0
7883,adam,9.946523866514931e-05,0.0002439840127653653,0.0
7884,adam,9.944668923945697e-05,0.00024970106695101484,0.0
7885,adam,9.942818076061204e-05,0.00024246047411569614,0.0
7886,adam,9.940911538888226e-05,0.00024606790091750015,0.0
7887,adam,9.939048324044454e-05,0.00024063312318923024,0.0
7888,adam,9.937213269911215e-05,0.0002448893136190069,0.0
7889,adam,9.93534771080705e-05,0.00024371263987777052,0.0
7890,adam,9.933423702485751e-05,0.0002502265895554918,0.0
7891,adam,9.931568751266918e-05,0.0002547730750486027,0.0
7892,adam,9.929706110335838e-05,0.0002658373666555522,0.0
7893,adam,9.927836519950705e-05,0.00027856346600082653,0.0
7894,adam,9.925988774262884e-05,0.00030197685567526586,0.0
7895,adam,9.924134755171237e-05,0.00033276493305181077,0.0
7896,adam,9.922245273467147e-05,0.00037375140274635354,0.0
7897,adam,9.920426024538798e-05,0.0004250740557018826,0.0
7898,adam,9.918540108567381e-05,0.0004903854486743112,0.0
7899,adam,9.916707701784415e-05,0.000579536255941297,0.0
7900,adam,9.914860637425016e-05,0.0006965826924150341,0.0
7901,adam,9.912988396070885e-05,0.0008483858106552193,0.0
7902,adam,9.911182237012525e-05,0.001033245637505262,0.0
7903,adam,9.909426780847983e-05,0.0012685897103358835,0.0
7904,adam,9.90769821227624e-05,0.0015591241977064138,0.0
7905,adam,9.906010527306044e-05,0.0019256612139466989,0.0
7906,adam,9.904441903177519e-05,0.002379261242667741,0.0
7907,adam,9.903040191117438e-05,0.0029557214814509864,0.0
7908,adam,9.901906238216906e-05,0.003678542118026772,0.0
7909,adam,9.901171140198716e-05,0.004601007989254391,0.0
7910,adam,9.901132385115435e-05,0.005768745549047798,0.0
7911,adam,9.90217513663791e-05,0.007265185342500671,0.0
7912,adam,9.90500380638038e-05,0.009166653912260715,0.0
7913,adam,9.910661020005141e-05,0.011599459787322791,0.0
7914,adam,9.921003439920452e-05,0.014710014192188205,0.0
7915,adam,9.938947453492886e-05,0.018705092814496543,0.0
7916,adam,9.969410015562741e-05,0.023829229184245244,0.0
7917,adam,0.00010020553989203327,0.03042884958778351,0.0
7918,adam,0.00010105963645351646,0.03893446027856931,0.0
7919,adam,0.00010248304972734494,0.04992806113379786,0.0
7920,adam,0.00010485470561583983,0.06414896450863346,0.0
7921,adam,0.00010880970971867209,0.08256458164947246,0.0
7922,adam,0.0001154043507188446,0.10643436751806552,0.0
7923,adam,0.00012638590366423477,0.1373180204790989,0.0
7924,adam,0.0001445955133064303,0.1772393621030552,0.0
7925,adam,0.0001745060657826295,0.2284182013558881,0.0
7926,adam,0.000222732681440318,0.2935104688469761,0.0
7927,adam,0.00029804486250675343,0.37436293670302356,0.0
7928,adam,0.00040916665560838337,0.47205191706499805,0.0
7929,adam,0.0005591536800424298,0.5830486397637116,0.0
7930,adam,0.0007328907720788702,0.6995592502306469,0.0
7931,adam,0.0008930609065154262,0.8042399080537881,0.0
7932,adam,0.0009823728024894365,0.8768164422912137,0.0
7933,adam,0.0009789848066660137,0.8960449174384693,0.0
7934,adam,0.0008891902164613391,0.8506176273362314,0.0
7935,adam,0.0007609730105361874,0.7407159269665555,0.0
7936,adam,0.0005951513441894418,0.5748056800624665,0.0
7937,adam,0.00038833943440793337,0.3674212500445491,0.0
7938,adam,0.00019871057529161578,0.17244391177693022,0.0
7939,adam,0.00015842309854829695,0.22663262590199126,0.0
7940,adam,0.0002968446897482312,0.4022350254129503,0.0
7941,adam,0.0004558273833383602,0.505557452825326,0.0
7942,adam,0.0004482225417225935,0.4926854124839357,0.0
7943,adam,0.0002754823633644918,0.3651996640422649,0.0
7944,adam,0.00013240123187862,0.17465773029218512,0.0
7945,adam,0.00014055255605478062,0.11180919695997091,0.0
7946,adam,0.00021859040006971383,0.24256650252481837,0.0
7947,adam,0.00024502325571837614,0.31953923709789617,0.0
7948,adam,0.00021786267946651504,0.32648929707912955,0.0
7949,adam,0.00019675791965276002,0.2840189928385533,0.0
7950,adam,0.0001810120989283021,0.2087803179256378,0.0
7951,adam,0.00014420235777149007,0.11886956089635922,0.0
7952,adam,0.00011703222735972504,0.10727033200937845,0.0
7953,adam,0.000141461421986887,0.19087158459158818,0.0
7954,adam,0.000184141611617332,0.2447471333813958,0.0
7955,adam,0.00017882471298676515,0.2295063468610722,0.0
7956,adam,0.00013009623754990874,0.15032889062331353,0.0
7957,adam,0.00010193981642131029,0.048496455701202326,0.0
7958,adam,0.00011744162321374609,0.08479936584367938,0.0
7959,adam,0.0001381112979264093,0.14861831994351532,0.0
7960,adam,0.0001359449694482642,0.1691038228101259,0.0
7961,adam,0.00012525252771275502,0.15535671185476674,0.0
7962,adam,0.00012104258423352835,0.12264202512336532,0.0
7963,adam,0.00011577225873390255,0.08016369176302307,0.0
7964,adam,0.00010645281565644397,0.05220888526899275,0.0
7965,adam,0.00010634033849953583,0.08332181159855843,0.0
7966,adam,0.00011773370276797021,0.12075922806534203,0.0
7967,adam,0.00012289465566120878,0.12738537103225994,0.0
7968,adam,0.00011262064680063954,0.09693860286499723,0.0
7969,adam,0.00010077603145213157,0.04279656802847194,0.0
7970,adam,0.00010107400132482265,0.027944384235956375,0.0
7971,adam,0.00010788779132637992,0.06843093661282723,0.0
7972,adam,0.00010978525648422221,0.0876818968734114,0.0
7973,adam,0.00010688422175669412,0.08602776559346458,0.0
7974,adam,0.00010502208211301194,0.0721565553974952,0.0
7975,adam,0.0001041159450414238,0.05187000761970643,0.0
7976,adam,0.00010163058925801642,0.03041389217081828,0.0
7977,adam,9.995880201227322e-05,0.03266425638814266,0.0
7978,adam,0.00010210191087535408,0.05494681062048468,0.0
7979,adam,0.00010503418398358034,0.06734188933774651,0.0
7980,adam,0.00010408206815214572,0.06116385215966656,0.0
7981,adam,0.00010041116238712093,0.03879394121702759,0.0
7982,adam,9.870676453779371e-05,0.013516343355211242,0.0
7983,adam,9.993904120412105e-05,0.024045672517998277,0.0
7984,adam,0.00010118259039493285,0.03968527764493991,0.0
7985,adam,0.00010093895986068989,0.04527818944682314,0.0
7986,adam,0.0001004121502205857,0.043372421983038284,0.0
7987,adam,0.00010026981934259819,0.036610166419203755,0.0
7988,adam,9.971383101610768e-05,0.02493030848166724,0.0
7989,adam,9.874886698283657e-05,0.011818500944945784,0.0
7990,adam,9.859887562905903e-05,0.017517233999328988,0.0
7991,adam,9.949132147704435e-05,0.03029286436119438,0.0
7992,adam,0.00010007314434628444,0.035373643436143284,0.0
7993,adam,9.95114377872718e-05,0.030685986324687813,0.0
7994,adam,9.861924856862743e-05,0.01955892076470376,0.0
7995,adam,9.838499806007343e-05,0.009783139612626727,0.0
7996,adam,9.863723583524251e-05,0.012810474456874598,0.0
7997,adam,9.874448755891925e-05,0.018730260237868994,0.0
7998,adam,9.867721526141936e-05,0.022033389584884294,0.0
7999,adam,9.871325418297782e-05,0.022920163660940303,0.0
8000,adam,9.8729447745418e-05,0.020666498243971605,0.0
8001,adam,9.846800356695685e-05,0.014421755906961285,0.0
8002,adam,9.81199309386128e-05,0.0050762106984242016,0.0
8003,adam,9.807852833494569e-05,0.006065002461921978,0.0
8004,adam,9.831634311343001e-05,0.013834650770171637,0.0
8005,adam,9.84495008958041e-05,0.017337690328379472,0.0
8006,adam,9.832001578312465e-05,0.016353130528994356,0.0
8007,adam,9.813434222280305e-05,0.012624431376928561,0.0
8008,adam,9.806607360730014e-05,0.008618869552431865,0.0
8009,adam,9.804917536034014e-05,0.006161700582429224,0.0
8010,adam,9.800134194849692e-05,0.006404184321522993,0.0
8011,adam,9.797848536365693e-05,0.008868174807754953,0.0
8012,adam,9.802850355850395e-05,0.011362278310192883,0.0
8013,adam,9.806057567157418e-05,0.011983717620110064,0.0
8014,adam,9.798539761060379e-05,0.009889525637832932,0.0
8015,adam,9.786318200088857e-05,0.00571308608018088,0.0
8016,adam,9.780890285920988e-05,0.0017510072762727663,0.0
8017,adam,9.783236583332931e-05,0.004359637967357052,0.0
8018,adam,9.785104372641078e-05,0.006913406064227638,0.0
8019,adam,9.782863179678683e-05,0.007840904304817826,0.0
8020,adam,9.779795632843647e-05,0.007728157961549607,0.0
8021,adam,9.777897611117982e-05,0.006924850445791766,0.0
8022,adam,9.774992833152889e-05,0.005305795499540316,0.0
8023,adam,9.770164996225365e-05,0.0028462352500726465,0.0
8024,adam,9.76658324700376e-05,0.0012811685347915317,0.0
8025,adam,9.76641494264032e-05,0.0036435235109819305,0.0
8026,adam,9.767296015818059e-05,0.005399507794602185,0.0
8027,adam,9.76589563914387e-05,0.0057927712002106505,0.0
8028,adam,9.762398654147604e-05,0.005010762267861024,0.0
8029,adam,9.759211127392766e-05,0.003715832129637421,0.0
8030,adam,9.75723906811199e-05,0.002556813782950683,0.0
8031,adam,9.755407040233695e-05,0.00194226148595619,0.0
8032,adam,9.753284134395474e-05,0.0020676202886561784,0.0
8033,adam,9.751638425078852e-05,0.002892002563451728,0.0
8034,adam,9.750728891341863e-05,0.003735207399528277,0.0
8035,adam,9.749496868726321e-05,0.003959531883799033,0.0
8036,adam,9.74718230042832e-05,0.003409982417717026,0.0
8037,adam,9.74445869206387e-05,0.0022304266154717315,0.0
8038,adam,9.742276825526061e-05,0.0010811357956753247,0.0
8039,adam,9.740789348165396e-05,0.001170148788219305,0.0
8040,adam,9.739328373327751e-05,0.0018095883852833874,0.0
8041,adam,9.73756853921647e-05,0.0022673248341814555,0.0
8042,adam,9.735871498213841e-05,0.002508678272798428,0.0
8043,adam,9.734280323859665e-05,0.002578251949484836,0.0
8044,adam,9.732575834743504e-05,0.0023142397514504956,0.0
8045,adam,9.730486299075032e-05,0.001657559604049166,0.0
8046,adam,9.728381555039024e-05,0.0007411287798332156,0.0
8047,adam,9.726608342776444e-05,0.0004273971634291739,0.0
8048,adam,9.725119670721461e-05,0.0011352633954933682,0.0
8049,adam,9.723526490854542e-05,0.0015810013658486939,0.0
8050,adam,9.721792381687903e-05,0.0017310602274150835,0.0
8051,adam,9.720012158410249e-05,0.0016950000396649218,0.0
8052,adam,9.718280153857051e-05,0.0015698743160512715,0.0
8053,adam,9.716566598714797e-05,0.001276556070154535,0.0
8054,adam,9.714671735695127e-05,0.0008444081473828842,0.0
8055,adam,9.712839812697417e-05,0.0003113687207045952,0.0
8056,adam,9.711156106418688e-05,0.0004703383507818083,0.0
8057,adam,9.709572421149982e-05,0.0009166303573218998,0.0
8058,adam,9.707895403240724e-05,0.001134787096841068,0.0
8059,adam,9.706153697358764e-05,0.0011819863006613256,0.0
8060,adam,9.704410462583939e-05,0.0010759879744962767,0.0
8061,adam,9.702649517694069e-05,0.0009371509227060277,0.0
8062,adam,9.700874260470977e-05,0.0007438464549084484,0.0
8063,adam,9.699157415214093e-05,0.00048452823491009785,0.0
8064,adam,9.697427251412468e-05,0.00028738292945529667,0.0
8065,adam,9.695707609593512e-05,0.00042041542129285167,0.0
8066,adam,9.694025996707321e-05,0.0006624475871712059,0.0
8067,adam,9.692383182046045e-05,0.0007962997831134485,0.0
8068,adam,9.690635725363435e-05,0.0008092396308826879,0.0
8069,adam,9.688896012146581e-05,0.0007366967450061828,0.0
8070,adam,9.687161758124301e-05,0.0006536742686967447,0.0
8071,adam,9.685462500594335e-05,0.0005240815153224232,0.0
8072,adam,9.683718699526372e-05,0.00039982215386220394,0.0
8073,adam,9.681973754413027e-05,0.00026097189430241465,0.0
8074,adam,9.68026758785203e-05,0.0002870256279065172,0.0
8075,adam,9.678588295860437e-05,0.00042724934732516195,0.0
8076,adam,9.676841583329399e-05,0.0005106685198511864,0.0
8077,adam,9.675170010972983e-05,0.0005578259090818905,0.0
8078,adam,9.673457248701381e-05,0.0005189249523899564,0.0
8079,adam,9.6717380313057e-05,0.0004722969019933502,0.0
8080,adam,9.669999133031111e-05,0.0003967393016697611,0.0
8081,adam,9.668304210361398e-05,0.0003228434377232464,0.0
8082,adam,9.666609660030816e-05,0.00026281617115229847,0.0
8083,adam,9.664889387406197e-05,0.00024391254221974425,0.0
8084,adam,9.663190389413603e-05,0.00029477472541741584,0.0
8085,adam,9.661477900626417e-05,0.0003510474858934864,0.0
8086,adam,9.659773840185859e-05,0.0003896819142426419,0.0
8087,adam,9.658057241706736e-05,0.000395358345201426,0.0
8088,adam,9.656332689219807e-05,0.00039310932162721986,0.0
8089,adam,9.654608662215695e-05,0.00035692348471315154,0.0
8090,adam,9.652896919282911e-05,0.0003329772528945583,0.0
8091,adam,9.651224654179384e-05,0.0002772611569628519,0.0
8092,adam,9.649496646476653e-05,0.00024924314981843935,0.0
8093,adam,9.647772572225698e-05,0.0002362195310916948,0.0
8094,adam,9.646071565334982e-05,0.00024827379293685645,0.0
8095,adam,9.644357922956337e-05,0.0002849809452886729,0.0
8096,adam,9.64264477094415e-05,0.0002975454440371891,0.0
8097,adam,9.64093600672859e-05,0.00032035129826596826,0.0
8098,adam,9.639247424852097e-05,0.00031370766911577763,0.0
8099,adam,9.637515560446716e-05,0.00031092651554742197,0.0
8100,adam,9.635841557238322e-05,0.0002864721344607465,0.0
8101,adam,9.634108328741001e-05,0.00026365480682955666,0.0
8102,adam,9.632390552765593e-05,0.00024285243130930384,0.0
8103,adam,9.63068429456275e-05,0.00023570975837832462,0.0
8104,adam,9.629028919507792e-05,0.00023646546900792166,0.0
8105,adam,9.627299765042961e-05,0.0002456841173481443,0.0
8106,adam,9.625579552836544e-05,0.00025278110954076485,0.0
8107,adam,9.623872103208237e-05,0.0002579324473322499,0.0
8108,adam,9.622134174174112e-05,0.00026818071857627213,0.0
8109,adam,9.62044074231734e-05,0.0002621578036894051,0.0
8110,adam,9.61874977004918e-05,0.0002650308441395351,0.0
8111,adam,9.617037514938346e-05,0.00024717518915360703,0.0
8112,adam,9.615304503449612e-05,0.00024184806344662452,0.0
8113,adam,9.613604456444689e-05,0.00023471293694327265,0.0
8114,adam,9.611895551182381e-05,0.00023473814452188783,0.0
8115,adam,9.610185678744009e-05,0.0002470814844273057,0.0
8116,adam,9.608475633455951e-05,0.00024968738244770215,0.0
8117,adam,9.606770324533677e-05,0.00026283178993633525,0.0
8118,adam,9.605093675526292e-05,0.00025932844861723615,0.0
8119,adam,9.603350720839229e-05,0.0002616482506261549,0.0
8120,adam,9.601664674094935e-05,0.0002548123039224342,0.0
8121,adam,9.599968582354258e-05,0.00025163811431126146,0.0
8122,adam,9.598254414962723e-05,0.00024352619674469813,0.0
8123,adam,9.596558004695485e-05,0.00024250053814088508,0.0
8124,adam,9.594825507682625e-05,0.00023500655024168683,0.0
8125,adam,9.593133937475994e-05,0.00023741646443301552,0.0
8126,adam,9.591410986736121e-05,0.00023499949278545744,0.0
8127,adam,9.589723678251611e-05,0.00023508704689172857,0.0
8128,adam,9.587994933469585e-05,0.00024331894607960153,0.0
8129,adam,9.58630537573882e-05,0.00024005019374885591,0.0
8130,adam,9.584600023987759e-05,0.0002448141268382515,0.0
8131,adam,9.58288609313006e-05,0.0002370139407738687,0.0
8132,adam,9.58114680593099e-05,0.00023668748680278566,0.0
8133,adam,9.579478008536546e-05,0.00023608771115753236,0.0
8134,adam,9.57777582404735e-05,0.00023354888167137486,0.0
8135,adam,9.57604334975288e-05,0.00023575819091117112,0.0
8136,adam,9.574347231991581e-05,0.00023424142160066854,0.0
8137,adam,9.57266729708337e-05,0.00023807530500863922,0.0
8138,adam,9.570943198701067e-05,0.00024055450070107815,0.0
8139,adam,9.569251997356178e-05,0.0002445656628092449,0.0
8140,adam,9.567548918107145e-05,0.00024447552004503863,0.0
8141,adam,9.56584940881299e-05,0.0002485192430578805,0.0
8142,adam,9.564111739446614e-05,0.00024538580491917226,0.0
8143,adam,9.562411486154076e-05,0.0002497803411718506,0.0
8144,adam,9.560709381231119e-05,0.0002438468995826633,0.0
8145,adam,9.559000798654958e-05,0.00024659596255197536,0.0
8146,adam,9.557291271209141e-05,0.0002375413107414508,0.0
8147,adam,9.555515194030154e-05,0.0002367446330407707,0.0
8148,adam,9.553873055930333e-05,0.00023462125324585426,0.0
8149,adam,9.552154321462305e-05,0.00023261873822076113,0.0
8150,adam,9.550462184320803e-05,0.00023466555418894908,0.0
8151,adam,9.548762216649317e-05,0.0002335153436862989,0.0
8152,adam,9.547038955253829e-05,0.00023567388162938353,0.0
8153,adam,9.54535848692084e-05,0.00023598574439779186,0.0
8154,adam,9.543641389768927e-05,0.00023685958304881768,0.0
8155,adam,9.541937645180075e-05,0.0002357255741022975,0.0
8156,adam,9.540221931927354e-05,0.0002366416114406769,0.0
8157,adam,9.538516601592483e-05,0.00023386329015106372,0.0
8158,adam,9.536800397582154e-05,0.00023732723435448,0.0
8159,adam,9.535051367917857e-05,0.00023536083640772986,0.0
8160,adam,9.533372154265114e-05,0.00023971114605961298,0.0
8161,adam,9.531638504425762e-05,0.00023775526278435927,0.0
8162,adam,9.529979670703099e-05,0.00024311412557465468,0.0
8163,adam,9.52826830889019e-05,0.00024105704286736613,0.0
8164,adam,9.526550507045454e-05,0.00024472574800959263,0.0
8165,adam,9.52484598962233e-05,0.00024140641028942627,0.0
8166,adam,9.523141734967244e-05,0.000245381923032595,0.0
8167,adam,9.521429530875755e-05,0.00024056370940633075,0.0
8168,adam,9.519725268294932e-05,0.00024621809137805316,0.0
8169,adam,9.518024801378516e-05,0.00024158930864733843,0.0
8170,adam,9.516320085472701e-05,0.0002487650699494476,0.0
8171,adam,9.514588053580643e-05,0.00024771265482045847,0.0
8172,adam,9.512883946868206e-05,0.00025567867127128185,0.0
8173,adam,9.511172191312928e-05,0.0002533174830407796,0.0
8174,adam,9.509483835424108e-05,0.00026080091009301516,0.0
8175,adam,9.507770977666854e-05,0.00025528637786604,0.0
8176,adam,9.506072168016071e-05,0.00026026360309481015,0.0
8177,adam,9.504328406480456e-05,0.00025153359782642407,0.0
8178,adam,9.50265228446628e-05,0.00025587234191510195,0.0
8179,adam,9.500939743904626e-05,0.00024905807567322894,0.0
8180,adam,9.499234320275497e-05,0.0002555138002859892,0.0
8181,adam,9.497511300692839e-05,0.00025036840058944947,0.0
8182,adam,9.495813740083966e-05,0.00025837222721956335,0.0
8183,adam,9.494113257025544e-05,0.0002564831507685237,0.0
8184,adam,9.492411415332547e-05,0.00026608423326266616,0.0
8185,adam,9.490707255338202e-05,0.0002670420823339437,0.0
8186,adam,9.48900190409925e-05,0.00028427154754983463,0.0
8187,adam,9.487312508955328e-05,0.00028985482223812056,0.0
8188,adam,9.485577694097686e-05,0.00031389267838438786,0.0
8189,adam,9.483859947582605e-05,0.0003235478018219043,0.0
8190,adam,9.482179878259202e-05,0.0003583195892429842,0.0
8191,adam,9.48044971853021e-05,0.0003774612776261815,0.0
8192,adam,9.478778032064378e-05,0.00042507757728221346,0.0
8193,adam,9.477058840289102e-05,0.0004592361309126154,0.0
8194,adam,9.47538820182069e-05,0.0005289846577179379,0.0
8195,adam,9.47367847902281e-05,0.0005900297986258637,0.0
8196,adam,9.47195173153573e-05,0.0006981398402440616,0.0
8197,adam,9.470260158705e-05,0.0008066325410690084,0.0
8198,adam,9.468579453322657e-05,0.0009717719715047564,0.0
8199,adam,9.466907055220614e-05,0.0011454589659506194,0.0
8200,adam,9.465288159830311e-05,0.0013943785497435384,0.0
8201,adam,9.463690382726273e-05,0.0016770671693734176,0.0
8202,adam,9.462121847044073e-05,0.0020612979657855797,0.0
8203,adam,9.46064318396301e-05,0.0025076253208820643,0.0
8204,adam,9.459258017612534e-05,0.0030940437435210146,0.0
8205,adam,9.458101691996736e-05,0.003790568632492832,0.0
8206,adam,9.457175830797364e-05,0.004690126489098167,0.0
8207,adam,9.456753940988722e-05,0.005783527181258809,0.0
8208,adam,9.45694666445948e-05,0.0071889975927275085,0.0
8209,adam,9.458282526090957e-05,0.008925225507645506,0.0
8210,adam,9.461374668689104e-05,0.011145378478224452,0.0
8211,adam,9.467169185175457e-05,0.013919923069408903,0.0
8212,adam,9.477394919278285e-05,0.017463359293213028,0.0
8213,adam,9.494686801994693e-05,0.021923277927379817,0.0
8214,adam,9.523379840560977e-05,0.027627923578897727,0.0
8215,adam,9.570460446441373e-05,0.034862601490149955,0.0
8216,adam,9.647575496389878e-05,0.04413030397349876,0.0
8217,adam,9.77360961300003e-05,0.05596512568821566,0.0
8218,adam,9.980106204559e-05,0.07117034756900349,0.0
8219,adam,0.00010318271044492743,0.09066149759934766,0.0
8220,adam,0.00010874410672120127,0.11574017807725998,0.0
8221,adam,0.00011787628330623717,0.14796525367306343,0.0
8222,adam,0.00013293011563501834,0.18938939117702525,0.0
8223,adam,0.0001575809915607351,0.24249149168141826,0.0
8224,adam,0.0001979614654662297,0.31019810868959313,0.0
8225,adam,0.0002627689541844367,0.3956855487144847,0.0
8226,adam,0.00036539051269870814,0.501469935457177,0.0
8227,adam,0.0005190109798100792,0.6283092477546659,0.0
8228,adam,0.0007360858088617287,0.7712118423663855,0.0
8229,adam,0.0009964303012937447,0.9157362586309873,0.0
8230,adam,0.001242131669672998,1.0306480705510943,0.0
8231,adam,0.0013252363323773394,1.0692757816524872,0.0
8232,adam,0.001136109279843902,0.9810661049789178,0.0
8233,adam,0.0006893426670980305,0.7425298103007076,0.0
8234,adam,0.000252190381526617,0.38140336547562564,0.0
8235,adam,9.52524456484111e-05,0.024709358489038366,0.0
8236,adam,0.00025441803782511957,0.38410360595076015,0.0
8237,adam,0.0005112610011198018,0.6195641018357082,0.0
8238,adam,0.0005973255869411323,0.6808919747987288,0.0
8239,adam,0.000435235011145528,0.5594344337962314,0.0
8240,adam,0.00018971555038805216,0.29568352192788316,0.0
8241,adam,9.553391831002867e-05,0.02719804826028558,0.0
8242,adam,0.00019818521039873508,0.30832020873782523,0.0
8243,adam,0.0003358693169373268,0.47079511809953833,0.0
8244,adam,0.00034092858604061263,0.47523064669087184,0.0
8245,adam,0.000214282091729496,0.33118110570464154,0.0
8246,adam,0.00010487218646233785,0.09657932078950879,0.0
8247,adam,0.00011767275513631205,0.14519288828749755,0.0
8248,adam,0.0002036053303036098,0.3161178992701204,0.0
8249,adam,0.00024170231965725384,0.3667943651179026,0.0
8250,adam,0.00018735815466114125,0.2913286295016393,0.0
8251,adam,0.00011206968797200085,0.1263516180015816,0.0
8252,adam,9.919537354647807e-05,0.06479009165780841,0.0
8253,adam,0.0001450215586339348,0.2147165128023493,0.0
8254,adam,0.00017877109576812917,0.2773261780655209,0.0
8255,adam,0.0001572468057858992,0.23935694684013475,0.0
8256,adam,0.00011124866072293385,0.12329318931768754,0.0
8257,adam,9.516595855469249e-05,0.023274029515546874,0.0
8258,adam,0.00011831103141294528,0.1472965704513072,0.0
8259,adam,0.0001421086004084536,0.20846813470141937,0.0
8260,adam,0.000134729675742983,0.19163597000363783,0.0
8261,adam,0.00010788849611241578,0.1106435650541703,0.0
8262,adam,9.44812752078828e-05,0.0009174769815991303,0.0
8263,adam,0.00010550856468584511,0.10043895440960193,0.0
8264,adam,0.00012101965843917679,0.15575312932516563,0.0
8265,adam,0.00011969786508183865,0.15193470129205983,0.0
8266,adam,0.00010455172519790328,0.09629537647450341,0.0
8267,adam,9.457903638521016e-05,0.013019135767062024,0.0
8268,adam,9.92050006075251e-05,0.06636630710707045,0.0
8269,adam,0.00010887881978877531,0.11515937001078057,0.0
8270,adam,0.0001100143278955684,0.11971854057800707,0.0
8271,adam,0.00010184670126539798,0.0829136563950381,0.0
8272,adam,9.481001247322351e-05,0.02162295986780746,0.0
8273,adam,9.611964006774728e-05,0.040985676545369734,0.0
8274,adam,0.00010188184614766662,0.08347126171107115,0.0
8275,adam,0.00010380356420679941,0.09345280464526291,0.0
8276,adam,9.974723540599414e-05,0.07110032889055305,0.0
8277,adam,9.499971038012039e-05,0.02699632954468931,0.0
8278,adam,9.470035997063621e-05,0.02171354347850951,0.0
8279,adam,9.788864444133115e-05,0.058333476927349484,0.0
8280,adam,9.980052954018536e-05,0.07190647875549024,0.0
8281,adam,9.810311513607792e-05,0.0603034767555527,0.0
8282,adam,9.508864126200185e-05,0.029886736555702096,0.0
8283,adam,9.415102853278635e-05,0.0072846635430410984,0.0
8284,adam,9.568725410730109e-05,0.038416317628935596,0.0
8285,adam,9.722703384362834e-05,0.053844217434431456,0.0
8286,adam,9.679711739663242e-05,0.05023048039016012,0.0
8287,adam,9.50480800154302e-05,0.030646122730103403,0.0
8288,adam,9.401340105085775e-05,0.003124339463131337,0.0
8289,adam,9.454813605712824e-05,0.02272926800697454,0.0
8290,adam,9.559952929590171e-05,0.03862280486280517,0.0
8291,adam,9.57538545446375e-05,0.0406519008204906,0.0
8292,adam,9.488002631630288e-05,0.029443497155246065,0.0
8293,adam,9.40241762542995e-05,0.010049290956110698,0.0
8294,adam,9.40196229038485e-05,0.010617280677000884,0.0
8295,adam,9.460963619286148e-05,0.02586922537773334,0.0
8296,adam,9.494432632713039e-05,0.031485553055322954,0.0
8297,adam,9.462264130077391e-05,0.026688795119353025,0.0
8298,adam,9.404290471993712e-05,0.014083544973800367,0.0
8299,adam,9.381149774814931e-05,0.0017067631592105664,0.0
8300,adam,9.404772707211657e-05,0.015311217208981343,0.0
8301,adam,9.434655996141658e-05,0.022898895261809812,0.0
8302,adam,9.431963134769865e-05,0.022683236993287496,0.0
8303,adam,9.400436346366665e-05,0.015569611768960922,0.0
8304,adam,9.374342879729808e-05,0.004410734986471769,0.0
8305,adam,9.375811752866252e-05,0.006962626029110408,0.0
8306,adam,9.393676044799697e-05,0.015119744364061967,0.0
8307,adam,9.402061572886074e-05,0.01788914971858052,0.0
8308,adam,9.390076139134746e-05,0.015048211678688552,0.0
8309,adam,9.370595411995746e-05,0.007985193459022825,0.0
8310,adam,9.361987571748796e-05,0.000785589606762961,0.0
8311,adam,9.367879166479449e-05,0.008400065618759184,0.0
8312,adam,9.37642378988096e-05,0.012803377588204296,0.0
8313,adam,9.375350787345527e-05,0.013043905744960943,0.0
8314,adam,9.364821563311692e-05,0.009425082635066919,0.0
8315,adam,9.35475594093792e-05,0.0034696555538715223,0.0
8316,adam,9.352662607133633e-05,0.002945286592319522,0.0
8317,adam,9.356726083332969e-05,0.0078359555027462,0.0
8318,adam,9.35931417501932e-05,0.010014224112720972,0.0
8319,adam,9.355695524299669e-05,0.009094241475451782,0.0
8320,adam,9.348446013011102e-05,0.005692313339108756,0.0
8321,adam,9.343349277281867e-05,0.0010155306820608207,0.0
8322,adam,9.342918465554754e-05,0.003513656015103127,0.0
8323,adam,9.344598017625628e-05,0.006590449721913209,0.0
8324,adam,9.34433289087162e-05,0.0074993377813219715,0.0
8325,adam,9.340761881372029e-05,0.006244247294615641,0.0
8326,adam,9.336096674355831e-05,0.003366022888922686,0.0
8327,adam,9.333181877538653e-05,0.00028164401885898875,0.0
8328,adam,9.332670891838155e-05,0.0032992695755907487,0.0
8329,adam,9.332786434245966e-05,0.005193824477317429,0.0
8330,adam,9.331447314391601e-05,0.0055126174778775605,0.0
8331,adam,9.328459524864162e-05,0.004284720592413997,0.0
8332,adam,9.325231710326355e-05,0.002049511674283586,0.0
8333,adam,9.323156542148458e-05,0.0005901365340290131,0.0
8334,adam,9.322258090039621e-05,0.002721309748148157,0.0
8335,adam,9.321500805440062e-05,0.003969594417159502,0.0
8336,adam,9.319886371334372e-05,0.004030629586923696,0.0
8337,adam,9.317449402403212e-05,0.003046907209670713,0.0
8338,adam,9.314960706311738e-05,0.0013500935245462002,0.0
8339,adam,9.31314134749026e-05,0.000587748733121172,0.0
8340,adam,9.311934958493896e-05,0.0021134964422851255,0.0
8341,adam,9.310748363595386e-05,0.0029563962374497955,0.0
8342,adam,9.30910399446748e-05,0.0029770773154516733,0.0
8343,adam,9.307020765604683e-05,0.002215235583363127,0.0
8344,adam,9.30492415324809e-05,0.000997951561509441,0.0
8345,adam,9.303166856727016e-05,0.00046736264709132695,0.0
8346,adam,9.301767525554182e-05,0.0015402461867009085,0.0
8347,adam,9.300355634957366e-05,0.002177929070220319,0.0
8348,adam,9.298681053005724e-05,0.0021974725997806585,0.0
8349,adam,9.296860946822567e-05,0.0016945071347616043,0.0
8350,adam,9.294945663149838e-05,0.0008206984545585137,0.0
8351,adam,9.293223515569495e-05,0.0003047909032212669,0.0
8352,adam,9.291701172330262e-05,0.0010867188864171478,0.0
8353,adam,9.290194869977489e-05,0.0015837492027663044,0.0
8354,adam,9.288542849995916e-05,0.0016772084600302343,0.0
8355,adam,9.286812741747972e-05,0.00134238754295429,0.0
8356,adam,9.285014680542118e-05,0.0007544010719189414,0.0
8357,adam,9.28328133889527e-05,0.00023299733952550995,0.0
8358,adam,9.281695636248759e-05,0.0007018433916826314,0.0
8359,adam,9.280112242615111e-05,0.001122585938491788,0.0
8360,adam,9.278529922092321e-05,0.0012309024520990614,0.0
8361,adam,9.276847663353841e-05,0.0010659543182204366,0.0
8362,adam,9.275110046718582e-05,0.0006589463854694963,0.0
8363,adam,9.273406274527426e-05,0.0002549432986298776,0.0
8364,adam,9.27177335118955e-05,0.00046142734995739643,0.0
8365,adam,9.270132420371161e-05,0.000782980558868471,0.0
8366,adam,9.268535903274593e-05,0.0009468971529176094,0.0
8367,adam,9.266875343487523e-05,0.0008764610326339993,0.0
8368,adam,9.265203586622617e-05,0.0006510785644580039,0.0
8369,adam,9.263526963181874e-05,0.00033591183268444954,0.0
8370,adam,9.261868119930854e-05,0.0002594588661123098,0.0
8371,adam,9.260248535927612e-05,0.0004968825559607651,0.0
8372,adam,9.258621343560274e-05,0.0006533250052335393,0.0
8373,adam,9.2569774994611e-05,0.0006864993091475377,0.0
8374,adam,9.255312900761655e-05,0.0005643945761741012,0.0
8375,adam,9.253680434702513e-05,0.00038346469691150125,0.0
8376,adam,9.252024067393413e-05,0.0002346764493859482,0.0
8377,adam,9.250345510112801e-05,0.00030783376559901195,0.0
8378,adam,9.248722965070616e-05,0.00045864030714794517,0.0
8379,adam,9.247100768665906e-05,0.0005189904507283821,0.0
8380,adam,9.245454309375383e-05,0.0005056020090794078,0.0
8381,adam,9.243787469678315e-05,0.00039751221367973784,0.0
8382,adam,9.24217091231427e-05,0.00028203848216623725,0.0
8383,adam,9.240501521128652e-05,0.0002341163934784857,0.0
8384,adam,9.238886066014853e-05,0.00030332906821747574,0.0
8385,adam,9.237230903306151e-05,0.00039416797164885795,0.0
8386,adam,9.235581536222223e-05,0.00041536872787864375,0.0
8387,adam,9.233911289489128e-05,0.00039526345794002116,0.0
8388,adam,9.232277303522394e-05,0.00031586504487134397,0.0
8389,adam,9.230625433901496e-05,0.0002511465161755215,0.0
8390,adam,9.229023832337168e-05,0.000236647321075208,0.0
8391,adam,9.227373539252288e-05,0.0002833458147160855,0.0
8392,adam,9.22570925685827e-05,0.00034575601955994276,0.0
8393,adam,9.224099083336685e-05,0.00035464185854607255,0.0
8394,adam,9.22246183165866e-05,0.0003398940987719601,0.0
8395,adam,9.220838688654434e-05,0.00027985020788669186,0.0
8396,adam,9.219192437652614e-05,0.00024139654482216284,0.0
8397,adam,9.21753075674516e-05,0.00023527768736014137,0.0
8398,adam,9.215883120970969e-05,0.00026259839216487507,0.0
8399,adam,9.214264861109593e-05,0.0003021766474716446,0.0
8400,adam,9.212579686021683e-05,0.0002983420793942646,0.0
8401,adam,9.210968870723331e-05,0.0002818476972695398,0.0
8402,adam,9.209330140695347e-05,0.00024279469008599177,0.0
8403,adam,9.207700996045427e-05,0.00023079984141554063,0.0
8404,adam,9.206047934571928e-05,0.00023919975942126456,0.0
8405,adam,9.204387967886962e-05,0.0002506598663930297,0.0
8406,adam,9.20276336927393e-05,0.00026715177392821907,0.0
8407,adam,9.201111645068479e-05,0.0002596263965813455,0.0
8408,adam,9.199516948410751e-05,0.0002570553137148111,0.0
8409,adam,9.197863963140289e-05,0.00023970374723698487,0.0
8410,adam,9.196223827687022e-05,0.0002344993372214077,0.0
8411,adam,9.194590438483612e-05,0.00022952623537596343,0.0
8412,adam,9.192910871562508e-05,0.00023058387509174697,0.0
8413,adam,9.191305990431426e-05,0.0002405610467622684,0.0
8414,adam,9.189631300309396e-05,0.00024006065272957926,0.0
8415,adam,9.188045939723153e-05,0.000245712749749061,0.0
8416,adam,9.186387134500915e-05,0.00023997049886539444,0.0
8417,adam,9.184734982017514e-05,0.00023725534790316823,0.0
8418,adam,9.1831136129331e-05,0.00023148310249632023,0.0
8419,adam,9.181473383449734e-05,0.0002299471642724865,0.0
8420,adam,9.179853472739223e-05,0.00022991445366702973,0.0
8421,adam,9.178188284933678e-05,0.00023049994971891067,0.0
8422,adam,9.176568959518644e-05,0.00023671645215604244,0.0
8423,adam,9.174912729727685e-05,0.00023886342434568695,0.0
8424,adam,9.173298027577557e-05,0.0002459753214097142,0.0
8425,adam,9.171655392046128e-05,0.00024193857022157176,0.0
8426,adam,9.170028274668661e-05,0.00024012887817935938,0.0
8427,adam,9.168382205664683e-05,0.00023150384319931005,0.0
8428,adam,9.166742495439601e-05,0.0002301272149185159,0.0
8429,adam,9.165101056567245e-05,0.00023000695096460342,0.0
8430,adam,9.163454068305034e-05,0.00023104181262067659,0.0
8431,adam,9.161802914635e-05,0.00023621567778791953,0.0
8432,adam,9.160197758259261e-05,0.00023618663917006062,0.0
8433,adam,9.158577486008558e-05,0.00023740196407786877,0.0
8434,adam,9.15695601120858e-05,0.00023165992471335415,0.0
8435,adam,9.155303642600903e-05,0.00023023287740877834,0.0
8436,adam,9.153681582543012e-05,0.00022965178829671522,0.0
8437,adam,9.152009389295318e-05,0.00023035494376647415,0.0
8438,adam,9.15036758795371e-05,0.00023698981234526476,0.0
8439,adam,9.148749298018125e-05,0.00023602456549452915,0.0
8440,adam,9.147101710798408e-05,0.00023786982720251477,0.0
8441,adam,9.145477043591821e-05,0.00023165914747675477,0.0
8442,adam,9.143841491131894e-05,0.00023193289220660405,0.0
8443,adam,9.14217417324762e-05,0.00022791688652206771,0.0
8444,adam,9.14056546935052e-05,0.00022818832592230145,0.0
8445,adam,9.138928101360456e-05,0.00022946902149193144,0.0
8446,adam,9.13731283932272e-05,0.00022783425205255705,0.0
8447,adam,9.135657984857577e-05,0.00022828821457339653,0.0
8448,adam,9.134002645243906e-05,0.00022863985409441142,0.0
8449,adam,9.132394612524726e-05,0.0002286826551782147,0.0
8450,adam,9.130789539777403e-05,0.00022838775884162252,0.0
8451,adam,9.129103911540523e-05,0.00022845384121213618,0.0
8452,adam,9.127462509698605e-05,0.00022881303165251445,0.0
8453,adam,9.12584975202473e-05,0.00022768326258598188,0.0
8454,adam,9.124233524857574e-05,0.00022854623597155321,0.0
8455,adam,9.122567678768103e-05,0.00022920088099785758,0.0
8456,adam,9.120943307710837e-05,0.00022966411874194288,0.0
8457,adam,9.119327465850528e-05,0.0002304558879609681,0.0
8458,adam,9.117669098741462e-05,0.0002313733901128275,0.0
8459,adam,9.116063327898339e-05,0.00022873936591946145,0.0
8460,adam,9.114398540745169e-05,0.00023024795192662755,0.0
8461,adam,9.11275669054464e-05,0.00022783837658596452,0.0
8462,adam,9.111120669104835e-05,0.0002298348337899311,0.0
8463,adam,9.109482761155171e-05,0.00022794418559960475,0.0
8464,adam,9.10782576405855e-05,0.00022903982210105368,0.0
8465,adam,9.106235209087493e-05,0.00022849085674443264,0.0
8466,adam,9.104604690689343e-05,0.00022837417794572534,0.0
8467,adam,9.102966430368897e-05,0.00023202186130941095,0.0
8468,adam,9.101355960645054e-05,0.00022846018805716028,0.0
8469,adam,9.099701261484994e-05,0.00023125165115943122,0.0
8470,adam,9.098046783009655e-05,0.00022745928709321344,0.0
8471,adam,9.096434583642958e-05,0.00022785587016509656,0.0
8472,adam,9.094784261349266e-05,0.00022793052870093277,0.0
8473,adam,9.093121879582849e-05,0.00022787960647074055,0.0
8474,adam,9.091535975223663e-05,0.0002290454006290015,0.0
8475,adam,9.089894984073495e-05,0.00022867418739144175,0.0
8476,adam,9.088215339947247e-05,0.0002310600749923143,0.0
8477,adam,9.086587661332619e-05,0.00023009226440898257,0.0
8478,adam,9.084958705902547e-05,0.00023180392607398154,0.0
8479,adam,9.0833514843808e-05,0.00022950878572417652,0.0
8480,adam,9.081691901441758e-05,0.00022987882072611647,0.0
8481,adam,9.080058027136383e-05,0.00022697700643846213,0.0
8482,adam,9.078425303022506e-05,0.00022842070888646544,0.0
8483,adam,9.076811418279935e-05,0.00022812257821162234,0.0
8484,adam,9.075172247778272e-05,0.00022842972108121933,0.0
8485,adam,9.073498134358727e-05,0.00023176247335034673,0.0
8486,adam,9.071903325574524e-05,0.00023056202753319935,0.0
8487,adam,9.070241623556321e-05,0.00023336584445473544,0.0
8488,adam,9.06865993845898e-05,0.00022955872105780555,0.0
8489,adam,9.06696840401728e-05,0.0002307125046962944,0.0
8490,adam,9.065375682852906e-05,0.0002278627038960096,0.0
8491,adam,9.0636947922925e-05,0.00022773869692438892,0.0
8492,adam,9.062077121940993e-05,0.00022759588540721814,0.0
8493,adam,9.060460604989903e-05,0.00022715537687078235,0.0
8494,adam,9.058822435166869e-05,0.0002293854299853257,0.0
8495,adam,9.057176181925296e-05,0.00022857905052324262,0.0
8496,adam,9.055530387661342e-05,0.00022993850010111263,0.0
8497,adam,9.053930252908156e-05,0.0002281864439037113,0.0
8498,adam,9.052248710461249e-05,0.00023056708461984915,0.0
8499,adam,9.050660507430096e-05,0.00022771407156432826,0.0
8500,adam,9.049020007800532e-05,0.00022810100070797055,0.0
8501,adam,9.047390733250316e-05,0.00022689818147524914,0.0
8502,adam,9.045756912981382e-05,0.000227093084600969,0.0
8503,adam,9.044128211477525e-05,0.00022718185460067573,0.0
8504,adam,9.042473170828393e-05,0.00022739239319935468,0.0
8505,adam,9.040829163205564e-05,0.00022895014487727964,0.0
8506,adam,9.039179236223599e-05,0.00022733797988582727,0.0
8507,adam,9.037547206229115e-05,0.00023117421058037067,0.0
8508,adam,9.0359144183016e-05,0.0002299034832771655,0.0
8509,adam,9.034298990602374e-05,0.00023419736006128527,0.0
8510,adam,9.032658549716556e-05,0.0002307912077277393,0.0
8511,adam,9.03101787980004e-05,0.00023512595333446187,0.0
8512,adam,9.029393524423884e-05,0.0002302893893571576,0.0
8513,adam,9.027804070897852e-05,0.00023417379314790912,0.0
8514,adam,9.026142113433099e-05,0.00023112573186180347,0.0
8515,adam,9.024497806223501e-05,0.00023393221776460004,0.0
8516,adam,9.022844615973796e-05,0.0002300716885905981,0.0
8517,adam,9.02123055390616e-05,0.00023166030133731048,0.0
8518,adam,9.019572811897233e-05,0.00022897578846862806,0.0
8519,adam,9.017965449571479e-05,0.00022820589894054067,0.0
8520,adam,9.016310683672277e-05,0.00022836520659869688,0.0
8521,adam,9.014693924060038e-05,0.00022728405412022814,0.0
8522,adam,9.013060910117921e-05,0.0002275192863628055,0.0
8523,adam,9.01142372025666e-05,0.0002271697954228987,0.0
8524,adam,9.009738475300698e-05,0.0002268094044361992,0.0
8525,adam,9.008128265097163e-05,0.00022922692188840287,0.0
8526,adam,9.00649266938144e-05,0.00022832969295393516,0.0
8527,adam,9.004880637545205e-05,0.00023595158232539825,0.0
8528,adam,9.00319509510091e-05,0.00023263588447858686,0.0
8529,adam,9.001600572339593e-05,0.00023914550037742094,0.0
8530,adam,8.999932219687503e-05,0.000233408091774663,0.0
8531,adam,8.998287924918188e-05,0.00023723254186505224,0.0
8532,adam,8.996700458436365e-05,0.0002310046846500303,0.0
8533,adam,8.995059309512521e-05,0.0002322565722371794,0.0
8534,adam,8.99337851641997e-05,0.00022908295842238044,0.0
8535,adam,8.991781225574457e-05,0.00022787298865890607,0.0
8536,adam,8.990148693918344e-05,0.00022819194623417742,0.0
8537,adam,8.988498357645235e-05,0.00022585136907975285,0.0
8538,adam,8.986886815250565e-05,0.00022650146468097094,0.0
8539,adam,8.985211835871064e-05,0.00022570831765666963,0.0
8540,adam,8.98358721492788e-05,0.00022789442137869813,0.0
8541,adam,8.981941312743775e-05,0.00022810804617976688,0.0
8542,adam,8.980306338218201e-05,0.00023171953866241247,0.0
8543,adam,8.978670334820848e-05,0.0002322881593319719,0.0
8544,adam,8.977044085932648e-05,0.00023566234609280682,0.0
8545,adam,8.975392482060463e-05,0.00023413493808784565,0.0
8546,adam,8.973791656251253e-05,0.00023982203468527646,0.0
8547,adam,8.972156237654207e-05,0.00023713588217331392,0.0
8548,adam,8.970496964477586e-05,0.0002472731020631687,0.0
8549,adam,8.968872230268771e-05,0.00024345128394630353,0.0
8550,adam,8.967217356862858e-05,0.0002569714859151169,0.0
8551,adam,8.96562421204704e-05,0.0002501979079088531,0.0
8552,adam,8.963906664889825e-05,0.00025930227159402336,0.0
8553,adam,8.9623252506858e-05,0.0002494610604353766,0.0
8554,adam,8.960662473060475e-05,0.0002534758117588587,0.0
8555,adam,8.959064448474665e-05,0.0002456668054293289,0.0
8556,adam,8.957405293156158e-05,0.00024882158221664266,0.0
8557,adam,8.955776999805315e-05,0.0002431452137723223,0.0
8558,adam,8.954143961555242e-05,0.0002473057686223217,0.0
8559,adam,8.9524838175031e-05,0.0002410105439258454,0.0
8560,adam,8.950875521978616e-05,0.00024522951818667187,0.0
8561,adam,8.949244907615794e-05,0.0002391015025800559,0.0
8562,adam,8.947593736172354e-05,0.00024390693836722028,0.0
8563,adam,8.945956891869243e-05,0.00023602976462256694,0.0
8564,adam,8.944307972900144e-05,0.00024134102624307708,0.0
8565,adam,8.942676387845845e-05,0.00023458052047166533,0.0
8566,adam,8.941042865478734e-05,0.00023791122356724365,0.0
8567,adam,8.939423090696998e-05,0.00023174672234197555,0.0
8568,adam,8.937781533257643e-05,0.00023496661508704589,0.0
8569,adam,8.936113616961022e-05,0.00022929890099435032,0.0
8570,adam,8.934500075393354e-05,0.0002325453876829808,0.0
8571,adam,8.932824434018686e-05,0.00022950210286094527,0.0
8572,adam,8.931205009993454e-05,0.00023606249815761479,0.0
8573,adam,8.929569859862649e-05,0.00023750846034082998,0.0
8574,adam,8.92794695118573e-05,0.0002528205902200958,0.0
8575,adam,8.926310248512919e-05,0.00025561501364444885,0.0
8576,adam,8.924685803641517e-05,0.0002794570557925684,0.0
8577,adam,8.923039192350003e-05,0.00029313347243531835,0.0
8578,adam,8.921392955672952e-05,0.00032986440561003815,0.0
8579,adam,8.919743520036847e-05,0.00034827985371981257,0.0
8580,adam,8.918151238267494e-05,0.0004021855068279824,0.0
8581,adam,8.916483203093107e-05,0.00043800220579509657,0.0
8582,adam,8.914868254769765e-05,0.0005094895697685613,0.0
8583,adam,8.913204417048942e-05,0.0005600365547876702,0.0
8584,adam,8.91157616593725e-05,0.0006511494532834811,0.0
8585,adam,8.909994973651602e-05,0.0007292540275090747,0.0
8586,adam,8.908362464932195e-05,0.0008563980801885192,0.0
8587,adam,8.90675804161029e-05,0.0009697172098692736,0.0
8588,adam,8.905120110541718e-05,0.0011369031411513956,0.0
8589,adam,8.903538167186771e-05,0.0012990775188235853,0.0
8590,adam,8.901951988289653e-05,0.001528286585842948,0.0
8591,adam,8.900421308781781e-05,0.001768773952308565,0.0
8592,adam,8.898943151841666e-05,0.0020970019830461165,0.0
8593,adam,8.897459391509754e-05,0.002459198344499885,0.0
8594,adam,8.896080832397927e-05,0.002935410867050762,0.0
8595,adam,8.89478597012431e-05,0.0034769392049833966,0.0
8596,adam,8.893726519966829e-05,0.004172411462397667,0.0
8597,adam,8.892924192979544e-05,0.0049821982885445825,0.0
8598,adam,8.89249489804527e-05,0.006004917967749968,0.0
8599,adam,8.892580319870086e-05,0.007216892385861984,0.0
8600,adam,8.893533812296313e-05,0.008736752952104536,0.0
8601,adam,8.895695411575959e-05,0.010564718028842415,0.0
8602,adam,8.89974100228383e-05,0.012842757522352786,0.0
8603,adam,8.90662109578472e-05,0.01560439816001963,0.0
8604,adam,8.917707341828803e-05,0.019048985893358225,0.0
8605,adam,8.93532159842267e-05,0.023272987254039645,0.0
8606,adam,8.962944435520376e-05,0.02854724744200412,0.0
8607,adam,9.005933077623203e-05,0.03506352359398235,0.0
8608,adam,9.072708615747882e-05,0.043215394094251965,0.0
8609,adam,9.176203410816683e-05,0.053347296480867716,0.0
8610,adam,9.33714593378692e-05,0.06603950518941322,0.0
8611,adam,9.587198347408124e-05,0.08188435109785626,0.0
8612,adam,9.977508975037979e-05,0.10176296385091323,0.0
8613,adam,0.00010585634552944685,0.1266398187950931,0.0
8614,adam,0.0001153699211012562,0.1578249335005631,0.0
8615,adam,0.00013016461665821776,0.19678290749544813,0.0
8616,adam,0.0001531997847591133,0.24528254160075652,0.0
8617,adam,0.00018846716851190435,0.30514140712924304,0.0
8618,adam,0.00024200318521860512,0.37796385318517234,0.0
8619,adam,0.0003199375840769938,0.46451016154793556,0.0
8620,adam,0.00042929340807564773,0.563151638936938,0.0
8621,adam,0.0005670390318215133,0.6681312173998466,0.0
8622,adam,0.0007194554380283964,0.7661006526758293,0.0
8623,adam,0.0008354342324965961,0.8348512021685162,0.0
8624,adam,0.0008550503508402838,0.8442111344134521,0.0
8625,adam,0.0007180374543763582,0.7663276975497081,0.0
8626,adam,0.0004635228819081946,0.5904204574720006,0.0
8627,adam,0.00020979907820102865,0.3360152193579675,0.0
8628,adam,9.127863781424919e-05,0.0478986468583201,0.0
8629,adam,0.00014158816425897182,0.22111134702253452,0.0
8630,adam,0.00027956289381740623,0.42088927529668235,0.0
8631,adam,0.0003795443909380404,0.5193587627945413,0.0
8632,adam,0.00035877281759375245,0.5009788369890724,0.0
8633,adam,0.00024027290548087022,0.3748397385795742,0.0
8634,adam,0.00012202375465175036,0.17583050081412332,0.0
8635,adam,9.106053445746292e-05,0.045563175640305084,0.0
8636,adam,0.00014728425199071271,0.23277547459655576,0.0
8637,adam,0.00021790268391674194,0.34601346801358324,0.0
8638,adam,0.00023180911119655232,0.36409006406857763,0.0
8639,adam,0.00017905803905234806,0.289475176142502,0.0
8640,adam,0.00011261398999654228,0.14875944920836162,0.0
8641,adam,8.901906144813435e-05,0.01668137461264451,0.0
8642,adam,0.00011644800346702507,0.16028895643931637,0.0
8643,adam,0.00015547084792761343,0.24866343873638477,0.0
8644,adam,0.00016354691864082843,0.2632851687400248,0.0
8645,adam,0.00013515303347859967,0.20754256759499246,0.0
8646,adam,9.98942180709652e-05,0.1020630397287845,0.0
8647,adam,8.907056782993945e-05,0.020190280225728226,0.0
8648,adam,0.00010537548435443084,0.12445166486310295,0.0
8649,adam,0.00012572423058818585,0.18537697501742187,0.0
8650,adam,0.00012788804014223033,0.19065388395930832,0.0
8651,adam,0.00011106101953085493,0.1442499135482657,0.0
8652,adam,9.294298310170717e-05,0.06381740626188934,0.0
8653,adam,8.925684264393858e-05,0.025933747840156868,0.0
8654,adam,9.924369305570802e-05,0.09960158835375373,0.0
8655,adam,0.00010948569441826997,0.13929652813534518,0.0
8656,adam,0.00010897573652597048,0.137683489245686,0.0
8657,adam,9.914208333567539e-05,0.09933769389234279,0.0
8658,adam,9.003275274903919e-05,0.03821747959008363,0.0
8659,adam,8.922496153200038e-05,0.026960628583933065,0.0
8660,adam,9.508804507742172e-05,0.07853330132916346,0.0
8661,adam,0.00010010559142755395,0.10400935243092939,0.0
8662,adam,9.908219787562062e-05,0.0994283657969589,0.0
8663,adam,9.351764314978373e-05,0.0689936641256117,0.0
8664,adam,8.894686344018194e-05,0.023325218659249955,0.0
8665,adam,8.895707061877666e-05,0.023892381279557603,0.0
8666,adam,9.223372684375364e-05,0.060128397773182976,0.0
8667,adam,9.473226253714308e-05,0.07711584615998757,0.0
8668,adam,9.393863659230604e-05,0.0722475342146624,0.0
8669,adam,9.08941017893828e-05,0.04924052534470084,0.0
8670,adam,8.852688966836646e-05,0.015750295081832698,0.0
8671,adam,8.861088223096017e-05,0.018482824849862214,0.0
8672,adam,9.036692359713968e-05,0.04452017104124671,0.0
8673,adam,9.167089750025782e-05,0.05659890575215186,0.0
8674,adam,9.124093484741873e-05,0.053121145683841686,0.0
8675,adam,8.961871374928535e-05,0.036489359587574884,0.0
8676,adam,8.832815356837573e-05,0.012413952929881539,0.0
8677,adam,8.83136170770224e-05,0.0125147497262617,0.0
8678,adam,8.921497488948563e-05,0.03171356067601118,0.0
8679,adam,8.99407337429803e-05,0.04115257667382386,0.0
8680,adam,8.977710138405622e-05,0.039442525459527374,0.0
8681,adam,8.893971265921624e-05,0.02821994569865886,0.0
8682,adam,8.819936709793132e-05,0.011155320180845989,0.0
8683,adam,8.810032174445168e-05,0.006987096941389161,0.0
8684,adam,8.85305227344683e-05,0.021547894192219086,0.0
8685,adam,8.894863535467805e-05,0.02942844039223822,0.0
8686,adam,8.893544972097507e-05,0.029460833707685503,0.0
8687,adam,8.852578215462935e-05,0.022428495486055838,0.0
8688,adam,8.809225265667197e-05,0.01077552501423286,0.0
8689,adam,8.79569072566846e-05,0.002492198113698275,0.0
8690,adam,8.813142296820976e-05,0.013542073177638737,0.0
8691,adam,8.836755454642201e-05,0.02045556804745668,0.0
8692,adam,8.841673173371504e-05,0.021855345220057863,0.0
8693,adam,8.823758449120224e-05,0.018063511623333563,0.0
8694,adam,8.798826369232154e-05,0.01045150172620117,0.0
8695,adam,8.785558875860852e-05,0.0014137109667232677,0.0
8696,adam,8.789638754843924e-05,0.00747043580726131,0.0
8697,adam,8.801581219222064e-05,0.01347652833772388,0.0
8698,adam,8.807563497998474e-05,0.015872041036218917,0.0
8699,adam,8.801301132285972e-05,0.014412754180315028,0.0
8700,adam,8.787866412036877e-05,0.009894373821343044,0.0
8701,adam,8.777115164770676e-05,0.0036266806855082033,0.0
8702,adam,8.774981163877202e-05,0.0029488813449921308,0.0
8703,adam,8.779367716791643e-05,0.008071921258254705,0.0
8704,adam,8.783669019656562e-05,0.010920365484482492,0.0
8705,adam,8.782548748780749e-05,0.011129801146147823,0.0
8706,adam,8.776159183268836e-05,0.008856754211824695,0.0
8707,adam,8.768704580226955e-05,0.0049379451703737845,0.0
8708,adam,8.764446866970274e-05,0.000576356387464735,0.0
8709,adam,8.764472697252871e-05,0.003941519342962718,0.0
8710,adam,8.766305212265881e-05,0.006881053667074096,0.0
8711,adam,8.766625949631518e-05,0.0080586916505226,0.0
8712,adam,8.764027370269654e-05,0.007444077983719964,0.0
8713,adam,8.759521219522819e-05,0.005302448932345668,0.0
8714,adam,8.755479553801492e-05,0.002320013296341231,0.0
8715,adam,8.753350147595555e-05,0.001007395114738958,0.0
8716,adam,8.753073599746012e-05,0.003611270343352293,0.0
8717,adam,8.753063731602421e-05,0.005289224352244994,0.0
8718,adam,8.752017835067933e-05,0.005707292294891025,0.0
8719,adam,8.749606751563449e-05,0.004961012776538068,0.0
8720,adam,8.746495866771395e-05,0.0032701551096139267,0.0
8721,adam,8.743867593698948e-05,0.0011485451628444785,0.0
8722,adam,8.742247238055411e-05,0.0011379275363985791,0.0
8723,adam,8.741421348885522e-05,0.0028330359053664236,0.0
8724,adam,8.740549920571001e-05,0.0038393429446400974,0.0
8725,adam,8.739096124594832e-05,0.003971820600064021,0.0
8726,adam,8.737020211709838e-05,0.0033370657366364994,0.0
8727,adam,8.734704154289041e-05,0.002100629377032228,0.0
8728,adam,8.732696830031058e-05,0.0006505046116020857,0.0
8729,adam,8.731123158315211e-05,0.0009299542917891827,0.0
8730,adam,8.729907332169299e-05,0.0020442227822223837,0.0
8731,adam,8.728660085439306e-05,0.0027029802522875322,0.0
8732,adam,8.727157104640287e-05,0.002762995863908392,0.0
8733,adam,8.72531081405166e-05,0.002325759738524132,0.0
8734,adam,8.723405922640394e-05,0.0014814144626955482,0.0
8735,adam,8.721612541411311e-05,0.000516299393061796,0.0
8736,adam,8.720028255477921e-05,0.0006133058515005374,0.0
8737,adam,8.718636005270811e-05,0.0013779143905312684,0.0
8738,adam,8.71721554606535e-05,0.0018684426502994418,0.0
8739,adam,8.715653709185141e-05,0.001956507717966721,0.0
8740,adam,8.713992195983677e-05,0.0017155167045443084,0.0
8741,adam,8.712262235145104e-05,0.0011749230593834621,0.0
8742,adam,8.7105488287284e-05,0.0005351853953992562,0.0
8743,adam,8.708949452360023e-05,0.000326959966397037,0.0
8744,adam,8.707465790485858e-05,0.0008358547294746063,0.0
8745,adam,8.705946569906526e-05,0.0012192734898619606,0.0
8746,adam,8.704389956415972e-05,0.0013343551302660906,0.0
8747,adam,8.702835553863101e-05,0.001246560538903658,0.0
8748,adam,8.701126790004625e-05,0.0009405401862914537,0.0
8749,adam,8.699474506338016e-05,0.0005484235263573449,0.0
8750,adam,8.697882098802869e-05,0.00022418265601947926,0.0
8751,adam,8.696350248810753e-05,0.00045875969311192196,0.0
8752,adam,8.694799719862433e-05,0.0007698437612569471,0.0
8753,adam,8.693258736314217e-05,0.000918972277330539,0.0
8754,adam,8.691690894720568e-05,0.0009350755960219098,0.0
8755,adam,8.690091191712357e-05,0.000773819088457487,0.0
8756,adam,8.688489345030197e-05,0.0005451313301692339,0.0
8757,adam,8.686877896465051e-05,0.0002800260631273518,0.0
8758,adam,8.685341639135455e-05,0.0002545945851752347,0.0
8759,adam,8.683760384980487e-05,0.00045626586800991364,0.0
8760,adam,8.682186056393679e-05,0.000604982739035285,0.0
8761,adam,8.680598146630637e-05,0.000688109831529576,0.0
8762,adam,8.679039794020378e-05,0.0006396764384533754,0.0
8763,adam,8.677456177636602e-05,0.000538378817099686,0.0
8764,adam,8.675862083343384e-05,0.00036383022799217434,0.0
8765,adam,8.674262284670577e-05,0.00024115887120518996,0.0
8766,adam,8.672725060156937e-05,0.00025433108303946517,0.0
8767,adam,8.671168011397045e-05,0.00035078350993854063,0.0
8768,adam,8.669586771525357e-05,0.0004574178784712936,0.0
8769,adam,8.668016631755094e-05,0.0004853450701173309,0.0
8770,adam,8.666441271904122e-05,0.00048093527061567374,0.0
8771,adam,8.664878074769362e-05,0.00039361292082689797,0.0
8772,adam,8.663274303069912e-05,0.0003072414106618631,0.0
8773,adam,8.66171030774116e-05,0.0002291601314912261,0.0
8774,adam,8.660127270411559e-05,0.0002330140544669661,0.0
8775,adam,8.658572609425366e-05,0.0003012282870882811,0.0
8776,adam,8.656990499026552e-05,0.0003449154179769284,0.0
8777,adam,8.655421593597518e-05,0.00038646655628269387,0.0
8778,adam,8.653828645013842e-05,0.00036376466031251656,0.0
8779,adam,8.65225755867432e-05,0.00033716007116214104,0.0
8780,adam,8.650698862592372e-05,0.00027461283101491224,0.0
8781,adam,8.649120894222533e-05,0.00023890383228312997,0.0
8782,adam,8.647545425300326e-05,0.00022577320782708534,0.0
8783,adam,8.645995825594265e-05,0.00023745835247404365,0.0
8784,adam,8.644422949260358e-05,0.0002741091903726985,0.0
8785,adam,8.642852660275811e-05,0.00028266871956580036,0.0
8786,adam,8.64125354159218e-05,0.00029868345879345104,0.0
8787,adam,8.63971110713627e-05,0.0002767120628420641,0.0
8788,adam,8.638105825779061e-05,0.000264964027714087,0.0
8789,adam,8.636547270071458e-05,0.00023615291016057036,0.0
8790,adam,8.634974829857745e-05,0.0002235269486268869,0.0
8791,adam,8.633407004061762e-05,0.00023109893022137237,0.0
8792,adam,8.631830526201947e-05,0.00024708756724374644,0.0
8793,adam,8.630257798469868e-05,0.0002853510852360185,0.0
8794,adam,8.628713013492612e-05,0.00029433000254285805,0.0
8795,adam,8.627112307274277e-05,0.0003080707711375046,0.0
8796,adam,8.625554175524866e-05,0.0002860813433805515,0.0
8797,adam,8.623971175280971e-05,0.0002735248415931601,0.0
8798,adam,8.622375912100585e-05,0.00023949494340119522,0.0
8799,adam,8.620798199334272e-05,0.00022523739721362412,0.0
8800,adam,8.619260288547999e-05,0.0002246033778360926,0.0
8801,adam,8.617685955193902e-05,0.00023022446439133372,0.0
8802,adam,8.616139120501674e-05,0.0002460426505112909,0.0
8803,adam,8.614505265726021e-05,0.00024321379120899618,0.0
8804,adam,8.612934173542217e-05,0.0002497644677182379,0.0
8805,adam,8.611388735760216e-05,0.0002378030610454364,0.0
8806,adam,8.609834578152348e-05,0.00023401456177264454,0.0
8807,adam,8.608253310155909e-05,0.0002227621734326396,0.0
8808,adam,8.606656775048124e-05,0.00022177908830969332,0.0
8809,adam,8.60513837972578e-05,0.00022396143370315098,0.0
8810,adam,8.603556663466005e-05,0.0002285450522751501,0.0
8811,adam,8.601984750346658e-05,0.00023927457419318474,0.0
8812,adam,8.600407814814533e-05,0.00024040448275486348,0.0
8813,adam,8.598818183894015e-05,0.0002474648158471335,0.0
8814,adam,8.597253231429854e-05,0.00023762895069670588,0.0
8815,adam,8.595700819900117e-05,0.00023406955125040708,0.0
8816,adam,8.594094458192085e-05,0.00022336309095814032,0.0
8817,adam,8.592549736976133e-05,0.00022266185953377567,0.0
8818,adam,8.590979373987189e-05,0.0002214212820338501,0.0
8819,adam,8.589386954251465e-05,0.0002212387565410427,0.0
8820,adam,8.587793022378306e-05,0.00022609418240131192,0.0
8821,adam,8.586263699768057e-05,0.00022493911507825916,0.0
8822,adam,8.584674216428306e-05,0.0002296273059627947,0.0
8823,adam,8.583106147532281e-05,0.00022699212127919285,0.0
8824,adam,8.58154731956587e-05,0.00023143434366837296,0.0
8825,adam,8.579975548891247e-05,0.00022495782115467247,0.0
8826,adam,8.578372578220415e-05,0.00022576825402754195,0.0
8827,adam,8.576826890387503e-05,0.0002209922059829828,0.0
8828,adam,8.575252777464385e-05,0.00022096707977074185,0.0
8829,adam,8.573704804257607e-05,0.00022204444564109948,0.0
8830,adam,8.572109137164708e-05,0.00022252357362930378,0.0
8831,adam,8.570560493046438e-05,0.00022841136198177903,0.0
8832,adam,8.568977120592494e-05,0.00022679864662379613,0.0
8833,adam,8.567393486025081e-05,0.00023512867579431775,0.0
8834,adam,8.565847565867429e-05,0.00023031861308178843,0.0
8835,adam,8.564282071062758e-05,0.0002352515977989105,0.0
8836,adam,8.562691436587064e-05,0.00022612099884880302,0.0
8837,adam,8.56109365446929e-05,0.00022700350255912665,0.0
8838,adam,8.559545907682162e-05,0.0002209590641688281,0.0
8839,adam,8.557964062923379e-05,0.00022038861464122354,0.0
8840,adam,8.556402281876567e-05,0.00022327891444197975,0.0
8841,adam,8.554784963149627e-05,0.00022296435295824965,0.0
8842,adam,8.553231770390178e-05,0.00022708124366513832,0.0
8843,adam,8.551671211032242e-05,0.00022351406209154899,0.0
8844,adam,8.550093556144383e-05,0.00022866898838113777,0.0
8845,adam,8.548544762663851e-05,0.00022202506541158166,0.0
8846,adam,8.54696985996285e-05,0.00022357701452115316,0.0
8847,adam,8.545359234547856e-05,0.00022052559096516285,0.0
8848,adam,8.543827522349148e-05,0.00022170560392004222,0.0
8849,adam,8.54225000225523e-05,0.00021986639063419335,0.0
8850,adam,8.540679025877171e-05,0.00022118941715706093,0.0
8851,adam,8.539098966977959e-05,0.00022076535934612275,0.0
8852,adam,8.537565489988424e-05,0.00021978619065084827,0.0
8853,adam,8.535936338609294e-05,0.00022155599253765527,0.0
8854,adam,8.534416221811257e-05,0.000219961501015971,0.0
8855,adam,8.532819725278504e-05,0.00022024724579422608,0.0
8856,adam,8.53128238206028e-05,0.00022040507872002937,0.0
8857,adam,8.529678560819615e-05,0.00022023991733870812,0.0
8858,adam,8.528101246517906e-05,0.00022049644396587327,0.0
8859,adam,8.526495137741733e-05,0.00021952396065857494,0.0
8860,adam,8.524954556906598e-05,0.00022025744801734744,0.0
8861,adam,8.523382603816508e-05,0.00022109002624431134,0.0
8862,adam,8.521825370578928e-05,0.00021981403711289477,0.0
8863,adam,8.520239891488107e-05,0.00022177989221354097,0.0
8864,adam,8.518679481649136e-05,0.0002195460944183305,0.0
8865,adam,8.517066563086026e-05,0.00021991042480611238,0.0
8866,adam,8.515495747595394e-05,0.00022085919677915111,0.0
8867,adam,8.513934301018933e-05,0.000220169836853614,0.0
8868,adam,8.512378220074296e-05,0.00022001459649025585,0.0
8869,adam,8.510811526647474e-05,0.0002202978395196127,0.0
8870,adam,8.509242306618845e-05,0.00022004913049890822,0.0
8871,adam,8.507691313439817e-05,0.00022060500566922309,0.0
8872,adam,8.506085798982097e-05,0.0002209050887907761,0.0
8873,adam,8.504516123235284e-05,0.00022059047803570754,0.0
8874,adam,8.502966816845275e-05,0.00022103574133997315,0.0
8875,adam,8.501387979992061e-05,0.00021966468442552862,0.0
8876,adam,8.49976435473405e-05,0.00022170154229818497,0.0
8877,adam,8.498244689867439e-05,0.00021914961101167092,0.0
8878,adam,8.496639692551793e-05,0.00022061737385682057,0.0
8879,adam,8.495082666794467e-05,0.00021979705580287364,0.0
8880,adam,8.493512543657744e-05,0.000220167452744358,0.0
8881,adam,8.49193671638315e-05,0.00022413915747217833,0.0
8882,adam,8.490342519904654e-05,0.00022341672048531032,0.0
8883,adam,8.488790373054223e-05,0.0002285558417886953,0.0
8884,adam,8.487176321340119e-05,0.00022589205893919865,0.0
8885,adam,8.485668644800823e-05,0.00023056464155648407,0.0
8886,adam,8.484089402680348e-05,0.00022687217798893244,0.0
8887,adam,8.482526479026844e-05,0.00022923548406256813,0.0
8888,adam,8.480937134892312e-05,0.0002232198687360101,0.0
8889,adam,8.479346551086996e-05,0.00022420482296193998,0.0
8890,adam,8.477797907836088e-05,0.00021930793918724313,0.0
8891,adam,8.476220508724971e-05,0.00022075566461071054,0.0
8892,adam,8.4746494462939e-05,0.00021944633824617801,0.0
8893,adam,8.473063970193718e-05,0.0002194319431619525,0.0
8894,adam,8.471497641333177e-05,0.00021952589315951156,0.0
8895,adam,8.469944604602741e-05,0.00021949771100880774,0.0
8896,adam,8.468343573165912e-05,0.000218989142575943,0.0
8897,adam,8.466763394333917e-05,0.000219710566687348,0.0
8898,adam,8.465199040564548e-05,0.00021921267474444116,0.0
8899,adam,8.463622362232336e-05,0.00021977220644840698,0.0
8900,adam,8.462036661242644e-05,0.00021893512422777885,0.0
8901,adam,8.460454223854465e-05,0.00022211590588755117,0.0
8902,adam,8.458885445496567e-05,0.00022089799042524484,0.0
8903,adam,8.457301216227201e-05,0.00022635724091771457,0.0
8904,adam,8.455736956468507e-05,0.0002226583237174441,0.0
8905,adam,8.454146178530859e-05,0.00022517659136560232,0.0
8906,adam,8.452607281042236e-05,0.00022083092000163722,0.0
8907,adam,8.451029217710092e-05,0.00022265506701514952,0.0
8908,adam,8.44947106188e-05,0.00022063726984232943,0.0
8909,adam,8.447887139812851e-05,0.00022258423887217316,0.0
8910,adam,8.446336480540284e-05,0.00022130886782847337,0.0
8911,adam,8.444717259220583e-05,0.0002251247248715481,0.0
8912,adam,8.443125255235952e-05,0.00022221250743080476,0.0
8913,adam,8.441554574392031e-05,0.00022595884275391015,0.0
8914,adam,8.440000209763595e-05,0.00022244206155292318,0.0
8915,adam,8.438455106027525e-05,0.0002261284488672395,0.0
8916,adam,8.436849634569205e-05,0.0002213096110821507,0.0
8917,adam,8.435277943383332e-05,0.00022567183975930833,0.0
8918,adam,8.433703374207407e-05,0.00022179253211270528,0.0
8919,adam,8.432144941081693e-05,0.00022748728103139996,0.0
8920,adam,8.430565364536579e-05,0.00022412936788503078,0.0
8921,adam,8.429013506337667e-05,0.00023229658291637739,0.0
8922,adam,8.427408561401018e-05,0.00022724425597551198,0.0
8923,adam,8.425840243103447e-05,0.00023880611901580713,0.0
8924,adam,8.424275703887953e-05,0.00023273407963125418,0.0
8925,adam,8.422681815875264e-05,0.00024740595222023953,0.0
8926,adam,8.421129719022318e-05,0.00024306168865720332,0.0
8927,adam,8.419562934141496e-05,0.00026639868083355847,0.0
8928,adam,8.417979423773703e-05,0.00027027210004187263,0.0
8929,adam,8.416414306614627e-05,0.0003077176488295162,0.0
8930,adam,8.414787033859504e-05,0.00032508065085612626,0.0
8931,adam,8.413240411048492e-05,0.00039199979335799055,0.0
8932,adam,8.411665299528169e-05,0.00044174777011736586,0.0
8933,adam,8.410112841985404e-05,0.0005412856864682164,0.0
8934,adam,8.408545114379651e-05,0.0006129602172722991,0.0
8935,adam,8.407013709984766e-05,0.0007322869482588283,0.0
8936,adam,8.405461847291904e-05,0.0008336254154556792,0.0
8937,adam,8.403891680788299e-05,0.000999039051202364,0.0
8938,adam,8.40236522120817e-05,0.0011573912903172503,0.0
8939,adam,8.400842987410154e-05,0.0013895631668308915,0.0
8940,adam,8.399320809929038e-05,0.001629521430313626,0.0
8941,adam,8.397921536289693e-05,0.001960250502548894,0.0
8942,adam,8.396499539357887e-05,0.00231560054161829,0.0
8943,adam,8.395169696776127e-05,0.0027835413696552713,0.0
8944,adam,8.39394402769982e-05,0.003306631750900232,0.0
8945,adam,8.392881745283834e-05,0.003983880942373301,0.0
8946,adam,8.392082990225069e-05,0.00477102361711332,0.0
8947,adam,8.391637292752721e-05,0.0057761885868339935,0.0
8948,adam,8.39173106188152e-05,0.006972112592598773,0.0
8949,adam,8.392622340854781e-05,0.008492495055706444,0.0
8950,adam,8.394865842917544e-05,0.010333718011960872,0.0
8951,adam,8.398996536219903e-05,0.012657183528008722,0.0
8952,adam,8.406112256606433e-05,0.015495324823207828,0.0
8953,adam,8.417754969316282e-05,0.019057747639661872,0.0
8954,adam,8.43634137453378e-05,0.023442684142446733,0.0
8955,adam,8.465718982009477e-05,0.02894678026870849,0.0
8956,adam,8.511876109761877e-05,0.03577493847518928,0.0
8957,adam,8.584222887740364e-05,0.04435375870795896,0.0
8958,adam,8.697397014386418e-05,0.05505851603198883,0.0
8959,adam,8.875015646966889e-05,0.06853369144463735,0.0
8960,adam,9.153544515903347e-05,0.08542345047273188,0.0
8961,adam,9.591621696360498e-05,0.10668262122033231,0.0
8962,adam,0.00010278755740148982,0.13334545446877624,0.0
8963,adam,0.00011359274182711412,0.16681810163869992,0.0
8964,adam,0.0001304415046466858,0.2086121905697453,0.0
8965,adam,0.0001566547416749169,0.26050539485029345,0.0
8966,adam,0.00019653903216590847,0.32412552999548555,0.0
8967,adam,0.0002562063226156702,0.4005508616157748,0.0
8968,adam,0.00034054221074840765,0.4892418409969726,0.0
8969,adam,0.0004528337845158636,0.5861805377177128,0.0
8970,adam,0.0005809307974998569,0.6815338686227528,0.0
8971,adam,0.0006976797782062487,0.7569186986403973,0.0
8972,adam,0.0007424138166505135,0.786047242818964,0.0
8973,adam,0.0006695299851181211,0.740891897532775,0.0
8974,adam,0.00047388687017412825,0.6058853380973794,0.0
8975,adam,0.0002477967045585674,0.3904814877288768,0.0
8976,adam,0.00010816553776232553,0.13624758035335668,0.0
8977,adam,0.00011246320496701325,0.14190911967573547,0.0
8978,adam,0.0002153185515615905,0.3412393681087089,0.0
8979,adam,0.0003131124275340185,0.4590684551221519,0.0
8980,adam,0.00032388442903864086,0.47291264381620857,0.0
8981,adam,0.00024148817969793366,0.38455744094390576,0.0
8982,adam,0.00013870727291187356,0.2215002029296384,0.0
8983,adam,9.39973875838602e-05,0.058637797131663116,0.0
8984,adam,0.00012455893929198974,0.17358968490932988,0.0
8985,adam,0.00018101199935437117,0.2910696076187389,0.0
8986,adam,0.00020165690061168281,0.3286346525801688,0.0
8987,adam,0.00016919600078636645,0.28270462110774625,0.0
8988,adam,0.00011758138685599336,0.17403680221828893,0.0
8989,adam,9.29217336152321e-05,0.058401432405255006,0.0
8990,adam,0.00010739973832258022,0.12098598036299286,0.0
8991,adam,0.00013470133617948175,0.20395669530839303,0.0
8992,adam,0.00014247637426063718,0.22944812996162767,0.0
8993,adam,0.00012389053515306908,0.19391173771110262,0.0
8994,adam,9.941226373214619e-05,0.1162051558694364,0.0
8995,adam,9.105273630080727e-05,0.04888145958629468,0.0
8996,adam,0.00010073123275999674,0.09805543397441475,0.0
8997,adam,0.00011255319897640369,0.14893706279435157,0.0
8998,adam,0.00011218684014361173,0.15841888623364445,0.0
8999,adam,0.000100817898651579,0.12715480576935687,0.0
9000,adam,9.050113591094903e-05,0.07211655440006176,0.0
9001,adam,8.978853782592231e-05,0.043996069232874475,0.0
9002,adam,9.580159376218834e-05,0.08076013135824282,0.0
9003,adam,9.959254545006825e-05,0.10797110449964284,0.0
9004,adam,9.657830988266123e-05,0.10649955005337465,0.0
9005,adam,9.026772425257325e-05,0.07986881619846287,0.0
9006,adam,8.695455275876565e-05,0.044684585407131654,0.0
9007,adam,8.857902935977701e-05,0.04070500897556749,0.0
9008,adam,9.161267998890305e-05,0.06418885352126341,0.0
9009,adam,9.18409887916757e-05,0.07598487957564892,0.0
9010,adam,8.889510546336482e-05,0.06892357706022786,0.0
9011,adam,8.590991587477886e-05,0.048298015119518485,0.0
9012,adam,8.55269022659179e-05,0.030002851400057953,0.0
9013,adam,8.720801933644611e-05,0.03598314677080204,0.0
9014,adam,8.837034949141721e-05,0.0488125380533341,0.0
9015,adam,8.745272437628247e-05,0.05149599652577691,0.0
9016,adam,8.539305285883248e-05,0.04269401974622655,0.0
9017,adam,8.42159931368469e-05,0.028332223245830755,0.0
9018,adam,8.473189679411233e-05,0.02242350056351269,0.0
9019,adam,8.588715510489251e-05,0.029967460134400728,0.0
9020,adam,8.614742735889576e-05,0.03574868779716433,0.0
9021,adam,8.515401011477372e-05,0.03373283332416502,0.0
9022,adam,8.390817321775647e-05,0.0250109581368637,0.0
9023,adam,8.35377308499545e-05,0.016214863181806222,0.0
9024,adam,8.413181817138802e-05,0.01762349681226653,0.0
9025,adam,8.481190881137588e-05,0.023763595043590924,0.0
9026,adam,8.475916323853482e-05,0.025677429977397016,0.0
9027,adam,8.401374591217431e-05,0.02155113684756453,0.0
9028,adam,8.330354268513267e-05,0.013675951907432945,0.0
9029,adam,8.321696583468604e-05,0.008962135914756041,0.0
9030,adam,8.365301798338462e-05,0.013725050575511724,0.0
9031,adam,8.403145585547913e-05,0.018283421650196217,0.0
9032,adam,8.392724571128203e-05,0.018336101446878507,0.0
9033,adam,8.345002647999345e-05,0.013899909823741681,0.0
9034,adam,8.304819584288642e-05,0.00683213330197401,0.0
9035,adam,8.302789278124051e-05,0.004823612242110097,0.0
9036,adam,8.329182045010224e-05,0.010441498355587806,0.0
9037,adam,8.349964718958722e-05,0.013720764653705607,0.0
9038,adam,8.342562178866954e-05,0.013254647181459312,0.0
9039,adam,8.314623023074633e-05,0.00935465954881988,0.0
9040,adam,8.291463049520818e-05,0.0034438189092617782,0.0
9041,adam,8.289531018305167e-05,0.002928225214723172,0.0
9042,adam,8.303305243162893e-05,0.007757659942634745,0.0
9043,adam,8.314297606571657e-05,0.010151187105271535,0.0
9044,adam,8.310416075425597e-05,0.009646462646116799,0.0
9045,adam,8.295152109129681e-05,0.006784237250910716,0.0
9046,adam,8.281700002827083e-05,0.002704419811168827,0.0
9047,adam,8.279022175079574e-05,0.002662173641922914,0.0
9048,adam,8.28498466237089e-05,0.005873974632083102,0.0
9049,adam,8.290268015424347e-05,0.007452034702629241,0.0
9050,adam,8.288357781249018e-05,0.007116762883416015,0.0
9051,adam,8.280346181003519e-05,0.005150423061871888,0.0
9052,adam,8.272515050814768e-05,0.002766343661045544,0.0
9053,adam,8.269631342263346e-05,0.002790555181503997,0.0
9054,adam,8.271342813925629e-05,0.004578681097868388,0.0
9055,adam,8.273346361315084e-05,0.005590314174049837,0.0
9056,adam,8.272149195287386e-05,0.005275388259239674,0.0
9057,adam,8.267807218786702e-05,0.003981401747830126,0.0
9058,adam,8.263078325534519e-05,0.0025168223675288443,0.0
9059,adam,8.260530263967204e-05,0.0026133718177756716,0.0
9060,adam,8.260277067972724e-05,0.0037475471272477557,0.0
9061,adam,8.260452026919768e-05,0.004343388953409888,0.0
9062,adam,8.259276012724008e-05,0.004085346870858299,0.0
9063,adam,8.256591987476816e-05,0.0030563190938116777,0.0
9064,adam,8.253515953125088e-05,0.0020030292814583127,0.0
9065,adam,8.251350446633908e-05,0.0021043560297563683,0.0
9066,adam,8.250343230072593e-05,0.0029696863712796815,0.0
9067,adam,8.249658641387172e-05,0.003501777033584043,0.0
9068,adam,8.2484094874533e-05,0.0033039504686068217,0.0
9069,adam,8.246348694555274e-05,0.0025282269031393573,0.0
9070,adam,8.244056376611276e-05,0.001516550477741291,0.0
9071,adam,8.242146547029104e-05,0.0013868041213590827,0.0
9072,adam,8.240848877824204e-05,0.0021648308553837534,0.0
9073,adam,8.239744053095082e-05,0.002724909598240186,0.0
9074,adam,8.238501499800199e-05,0.0027787642708146363,0.0
9075,adam,8.236740808458025e-05,0.002249309975752725,0.0
9076,adam,8.234848134766113e-05,0.0014024813964206673,0.0
9077,adam,8.232978539067642e-05,0.0007421383583179474,0.0
9078,adam,8.231532968401967e-05,0.001244423299578108,0.0
9079,adam,8.230281608643287e-05,0.001913648111157433,0.0
9080,adam,8.229008584636035e-05,0.002183240109985229,0.0
9081,adam,8.227481066676701e-05,0.0020420794044294327,0.0
9082,adam,8.225755385382455e-05,0.0014750454140373137,0.0
9083,adam,8.22401412767924e-05,0.0007398027446385619,0.0
9084,adam,8.222436704604756e-05,0.00046300879667895273,0.0
9085,adam,8.221049679658942e-05,0.0010679411761474126,0.0
9086,adam,8.219719396532182e-05,0.0015419252739873037,0.0
9087,adam,8.218298927816458e-05,0.0016508506681254097,0.0
9088,adam,8.216736763666163e-05,0.0014632452439163719,0.0
9089,adam,8.21510349589004e-05,0.0009803161114117114,0.0
9090,adam,8.213504659533947e-05,0.0004191614100202856,0.0
9091,adam,8.212023707740832e-05,0.0003670035068002577,0.0
9092,adam,8.210570339648665e-05,0.0008184240661991899,0.0
9093,adam,8.209171928640019e-05,0.001144319096710149,0.0
9094,adam,8.207697269245373e-05,0.0011999935940139317,0.0
9095,adam,8.206167675711873e-05,0.0010617730931383378,0.0
9096,adam,8.204619289262044e-05,0.0007171358250372314,0.0
9097,adam,8.203047138132853e-05,0.00034496553589816615,0.0
9098,adam,8.201577642081354e-05,0.0003193319842850578,0.0
9099,adam,8.20013344660763e-05,0.0006108299756600685,0.0
9100,adam,8.198682514798088e-05,0.0008451811998390549,0.0
9101,adam,8.197194914864167e-05,0.0008837413103287385,0.0
9102,adam,8.195689131464884e-05,0.0008033519823411264,0.0
9103,adam,8.194187811102822e-05,0.0005784409267040102,0.0
9104,adam,8.192671737093149e-05,0.00035949535047283303,0.0
9105,adam,8.191173085154124e-05,0.00028798979697508185,0.0
9106,adam,8.189698886320417e-05,0.0004080319532976779,0.0
9107,adam,8.188239803469509e-05,0.0005551405208478445,0.0
9108,adam,8.186736532052675e-05,0.0005803235491731011,0.0
9109,adam,8.185266363538902e-05,0.0005535365166347971,0.0
9110,adam,8.183753152879074e-05,0.00043245072087972855,0.0
9111,adam,8.182232433789026e-05,0.00032980974918352953,0.0
9112,adam,8.180746824455858e-05,0.0002875411335296632,0.0
9113,adam,8.179259863563856e-05,0.00031444081750089714,0.0
9114,adam,8.177788204674185e-05,0.0003808862618883513,0.0
9115,adam,8.176287402123463e-05,0.000378213740276088,0.0
9116,adam,8.174809797147658e-05,0.0003706803502897728,0.0
9117,adam,8.173313886295434e-05,0.00030971139101885006,0.0
9118,adam,8.171819671756538e-05,0.0002726797102304143,0.0
9119,adam,8.170356539047742e-05,0.0002595754664893291,0.0
9120,adam,8.168865557726762e-05,0.0002685221835353753,0.0
9121,adam,8.167378138506864e-05,0.00029827392803466484,0.0
9122,adam,8.165903547473402e-05,0.0002842657669416935,0.0
9123,adam,8.1644151499723e-05,0.0002854830842168144,0.0
9124,adam,8.162885516362752e-05,0.0002548203903903745,0.0
9125,adam,8.161420979144463e-05,0.00025132827824149586,0.0
9126,adam,8.159928749683802e-05,0.0002485282454438844,0.0
9127,adam,8.15847038960067e-05,0.0002491472465944463,0.0
9128,adam,8.156980654409489e-05,0.00025459328899777575,0.0
9129,adam,8.15549579874137e-05,0.00024325050177804886,0.0
9130,adam,8.153999931675247e-05,0.00024370417422539322,0.0
9131,adam,8.152521254529596e-05,0.00022426167237370339,0.0
9132,adam,8.151024215415853e-05,0.00022308643273602198,0.0
9133,adam,8.149533506576426e-05,0.00022121123374536526,0.0
9134,adam,8.148064292107556e-05,0.000226943983821442,0.0
9135,adam,8.146575510086772e-05,0.00023552812742440166,0.0
9136,adam,8.145066072972973e-05,0.00023263627149559067,0.0
9137,adam,8.14356830691112e-05,0.00023295999401661146,0.0
9138,adam,8.14211950918956e-05,0.0002218304321474508,0.0
9139,adam,8.140631380787639e-05,0.00022212627640640713,0.0
9140,adam,8.139114073227887e-05,0.00021598139079732304,0.0
9141,adam,8.137649920143083e-05,0.00021881169392017928,0.0
9142,adam,8.136155523979367e-05,0.00022150442700232084,0.0
9143,adam,8.134666974684532e-05,0.0002233956113629421,0.0
9144,adam,8.133203389153754e-05,0.00022755808851228148,0.0
9145,adam,8.13169255453721e-05,0.0002231751927904212,0.0
9146,adam,8.130206931128574e-05,0.00022680291487388744,0.0
9147,adam,8.128728715967158e-05,0.00021975521439675233,0.0
9148,adam,8.127248192620321e-05,0.00022487903479628758,0.0
9149,adam,8.12574377576475e-05,0.00021913672608426285,0.0
9150,adam,8.124258310765619e-05,0.00022193593532576796,0.0
9151,adam,8.122784391949855e-05,0.000222504337053594,0.0
9152,adam,8.12129615846652e-05,0.00022137596600451293,0.0
9153,adam,8.119821683354175e-05,0.00022604628970972267,0.0
9154,adam,8.118311687443028e-05,0.0002209121841725978,0.0
9155,adam,8.116847105335849e-05,0.00022590075489975102,0.0
9156,adam,8.115369607630185e-05,0.00021893409261722945,0.0
9157,adam,8.11386752001741e-05,0.00022324471222151036,0.0
9158,adam,8.112384593735101e-05,0.00021776459896973087,0.0
9159,adam,8.110890886584788e-05,0.00021967781923176475,0.0
9160,adam,8.109426759645108e-05,0.00021956621748250196,0.0
9161,adam,8.107958288330708e-05,0.0002179025496304458,0.0
9162,adam,8.106451996855857e-05,0.00022084023471059488,0.0
9163,adam,8.104951645132289e-05,0.0002162824615117256,0.0
9164,adam,8.10346221818232e-05,0.00021911442265966951,0.0
9165,adam,8.101972295949631e-05,0.00021531069579280924,0.0
9166,adam,8.100520941165799e-05,0.00021585385295048147,0.0
9167,adam,8.099027461514212e-05,0.00021501709746175296,0.0
9168,adam,8.09752015484452e-05,0.00021489677573987805,0.0
9169,adam,8.096020405202469e-05,0.00021644523721597687,0.0
9170,adam,8.094577497907949e-05,0.0002151334680908965,0.0
9171,adam,8.093096162395162e-05,0.00021658133076796267,0.0
9172,adam,8.091600592645676e-05,0.0002155581659027468,0.0
9173,adam,8.090094693103887e-05,0.00021509980950539518,0.0
9174,adam,8.088633760856357e-05,0.0002167523848256253,0.0
9175,adam,8.087111191068251e-05,0.00021442199882358608,0.0
9176,adam,8.085625279461254e-05,0.0002164296628995189,0.0
9177,adam,8.084175211175182e-05,0.000215046463708356,0.0
9178,adam,8.082668012720092e-05,0.00021630538395331987,0.0
9179,adam,8.08118134355521e-05,0.00022063460980723432,0.0
9180,adam,8.079720948517009e-05,0.00022260729377772076,0.0
9181,adam,8.07820529489808e-05,0.00023049425673186667,0.0
9182,adam,8.076742862161319e-05,0.00022484842997154308,0.0
9183,adam,8.075227064506951e-05,0.0002294773900616477,0.0
9184,adam,8.073730532099816e-05,0.00022185260410254016,0.0
9185,adam,8.072265214767374e-05,0.00022595081489187427,0.0
9186,adam,8.070771679327584e-05,0.00021890181700595773,0.0
9187,adam,8.069304857907863e-05,0.0002213013590253666,0.0
9188,adam,8.06778268974757e-05,0.00021515877825644512,0.0
9189,adam,8.066339189221108e-05,0.00021621347432547274,0.0
9190,adam,8.064863658009852e-05,0.0002149009330710808,0.0
9191,adam,8.063345942918178e-05,0.0002142395791975396,0.0
9192,adam,8.061849652366273e-05,0.00021808944623252725,0.0
9193,adam,8.060354224584314e-05,0.00021518255648172318,0.0
9194,adam,8.058869690358009e-05,0.0002182500380380951,0.0
9195,adam,8.057387728461847e-05,0.000213989220147439,0.0
9196,adam,8.05590136378034e-05,0.000216133170413105,0.0
9197,adam,8.054440932424283e-05,0.0002140993506124999,0.0
9198,adam,8.05291444269063e-05,0.00021412487528094397,0.0
9199,adam,8.051459471233753e-05,0.000215488757276471,0.0
9200,adam,8.049983044076358e-05,0.0002141835516633237,0.0
9201,adam,8.048505429460904e-05,0.00021629657478764436,0.0
9202,adam,8.047006785846611e-05,0.00021433979898550823,0.0
9203,adam,8.045486993905344e-05,0.00021709405534766968,0.0
9204,adam,8.044031307733407e-05,0.0002139268872171282,0.0
9205,adam,8.042523982029283e-05,0.00021587417739233543,0.0
9206,adam,8.041039817679618e-05,0.00021365030329886003,0.0
9207,adam,8.039554999982951e-05,0.0002136629989128825,0.0
9208,adam,8.038082082559295e-05,0.0002179762932963705,0.0
9209,adam,8.036573934542762e-05,0.00021658201478765715,0.0
9210,adam,8.035069498371018e-05,0.0002249990212373845,0.0
9211,adam,8.033615747341205e-05,0.0002211511379101656,0.0
9212,adam,8.032140302396776e-05,0.00022763840417514374,0.0
9213,adam,8.030610336346071e-05,0.00022056851306792065,0.0
9214,adam,8.029132919176508e-05,0.0002237860651501277,0.0
9215,adam,8.02765107843594e-05,0.0002167066286922226,0.0
9216,adam,8.026148773091776e-05,0.00021781838922612244,0.0
9217,adam,8.024666928601293e-05,0.00021636660641590245,0.0
9218,adam,8.023191370376972e-05,0.00021692211716032553,0.0
9219,adam,8.021716550453787e-05,0.00021891435553112468,0.0
9220,adam,8.020254184902831e-05,0.00021895519747851068,0.0
9221,adam,8.01872990705056e-05,0.00022072123448299964,0.0
9222,adam,8.017256755724788e-05,0.00022619161559304403,0.0
9223,adam,8.015752661863924e-05,0.00023058044145741078,0.0
9224,adam,8.014274903523974e-05,0.0002457803971607247,0.0
9225,adam,8.012777603816122e-05,0.0002435669008825802,0.0
9226,adam,8.011310763594749e-05,0.00025448391961515183,0.0
9227,adam,8.009821842211817e-05,0.00024415027551692996,0.0
9228,adam,8.008324143460191e-05,0.0002523129564948724,0.0
9229,adam,8.006822251283726e-05,0.0002434500520077948,0.0
9230,adam,8.005338534812301e-05,0.00025382476608249,0.0
9231,adam,8.003831596676998e-05,0.0002443765130263471,0.0
9232,adam,8.002352542428298e-05,0.00025340109124401885,0.0
9233,adam,8.000884318023205e-05,0.0002417338274258795,0.0
9234,adam,7.999414769296965e-05,0.0002450201727305074,0.0
9235,adam,7.997912608851043e-05,0.00023362491795509866,0.0
9236,adam,7.99642964738425e-05,0.00023373946899035418,0.0
9237,adam,7.994951648750309e-05,0.00022574642699290282,0.0
9238,adam,7.993456373150536e-05,0.00022544636616679464,0.0
9239,adam,7.991984211761809e-05,0.00022080269320066436,0.0
9240,adam,7.990444484089776e-05,0.00021713284912212248,0.0
9241,adam,7.988955029750691e-05,0.00021591676794230398,0.0
9242,adam,7.987491203896154e-05,0.0002134031950097593,0.0
9243,adam,7.986007169338191e-05,0.00021480313744688887,0.0
9244,adam,7.98451190159273e-05,0.0002142094663761676,0.0
9245,adam,7.983005282744752e-05,0.0002163725052352112,0.0
9246,adam,7.981544797178531e-05,0.00021743334919070966,0.0
9247,adam,7.980055943889368e-05,0.0002183530507378121,0.0
9248,adam,7.978562643314063e-05,0.0002233256187265231,0.0
9249,adam,7.977082577049044e-05,0.00022255638560459884,0.0
9250,adam,7.975589695541088e-05,0.0002287373533014293,0.0
9251,adam,7.974079812769671e-05,0.00023147693244360181,0.0
9252,adam,7.972606811997188e-05,0.00023644699335648018,0.0
9253,adam,7.971123225025066e-05,0.00024313339910006577,0.0
9254,adam,7.969646046949105e-05,0.00024517395387147465,0.0
9255,adam,7.968156456369322e-05,0.00025459837371267125,0.0
9256,adam,7.966663443597761e-05,0.00025864068817696477,0.0
9257,adam,7.96515064147949e-05,0.00027461330530671035,0.0
9258,adam,7.963703811854122e-05,0.0002756961049911951,0.0
9259,adam,7.96217887811969e-05,0.00029379386876725327,0.0
9260,adam,7.96072336798526e-05,0.0002915988258627393,0.0
9261,adam,7.959207793997756e-05,0.00031143998667519006,0.0
9262,adam,7.957726581547135e-05,0.00030636511371191495,0.0
9263,adam,7.956236433807232e-05,0.00032165807399238004,0.0
9264,adam,7.954754024996841e-05,0.0003125690167274738,0.0
9265,adam,7.953263402917851e-05,0.0003289171039525641,0.0
9266,adam,7.951790015205582e-05,0.00032746639431726336,0.0
9267,adam,7.95028610684877e-05,0.00034752405939281536,0.0
9268,adam,7.948809280645403e-05,0.00034960558669826236,0.0
9269,adam,7.947312478658699e-05,0.0003682821229793984,0.0
9270,adam,7.945815855565332e-05,0.00037164378910311424,0.0
9271,adam,7.944365580502029e-05,0.0003982579830770151,0.0
9272,adam,7.942859405814988e-05,0.00041647993392538633,0.0
9273,adam,7.94140402779172e-05,0.0004544352706683459,0.0
9274,adam,7.939884590430193e-05,0.0004796545372631073,0.0
9275,adam,7.938393403853263e-05,0.0005353241579994739,0.0
9276,adam,7.936947380236806e-05,0.0005844169501059245,0.0
9277,adam,7.935439938278571e-05,0.0006596163258096565,0.0
9278,adam,7.933967809998191e-05,0.0007216982771188229,0.0
9279,adam,7.932500050207637e-05,0.0008159653372914928,0.0
9280,adam,7.931033496492304e-05,0.0009068515761312489,0.0
9281,adam,7.929567812177364e-05,0.001038102404075551,0.0
9282,adam,7.928096268341641e-05,0.0011737128568735777,0.0
9283,adam,7.92672146856223e-05,0.0013595437650328467,0.0
9284,adam,7.925240102796854e-05,0.0015567083934671375,0.0
9285,adam,7.923870295470553e-05,0.0018114672929869402,0.0
9286,adam,7.922544369535246e-05,0.0020788466448059774,0.0
9287,adam,7.921225019799203e-05,0.0024118998256903324,0.0
9288,adam,7.919957135949716e-05,0.002776815359776661,0.0
9289,adam,7.918797728897377e-05,0.003233156149181718,0.0
9290,adam,7.917767884721143e-05,0.00375011115465993,0.0
9291,adam,7.916867457318771e-05,0.00438894065621528,0.0
9292,adam,7.916257085569728e-05,0.005117192491746327,0.0
9293,adam,7.915968048281482e-05,0.006006617765631718,0.0
9294,adam,7.916142108226821e-05,0.007039617235427036,0.0
9295,adam,7.91698816232524e-05,0.008302817690193816,0.0
9296,adam,7.918789393398681e-05,0.009785995635107165,0.0
9297,adam,7.92199973741097e-05,0.011591348576476522,0.0
9298,adam,7.927158626641202e-05,0.01373490769942407,0.0
9299,adam,7.9351791919196e-05,0.016338949729042093,0.0
9300,adam,7.947333587559595e-05,0.01944951430625165,0.0
9301,adam,7.965500409354436e-05,0.02323169009390335,0.0
9302,adam,7.992363421304893e-05,0.027780798130376587,0.0
9303,adam,8.032119853597e-05,0.033319351857305855,0.0
9304,adam,8.090579287362416e-05,0.04001527581118667,0.0
9305,adam,8.176689211461116e-05,0.0481790692399992,0.0
9306,adam,8.303580986144602e-05,0.05809132403202932,0.0
9307,adam,8.490669391829921e-05,0.07018505952472823,0.0
9308,adam,8.766166433796372e-05,0.08488813826972408,0.0
9309,adam,9.172113916232011e-05,0.10279277363477643,0.0
9310,adam,9.766955849114209e-05,0.1245086007916106,0.0
9311,adam,0.00010635747736063672,0.1507453903042032,0.0
9312,adam,0.00011887297421055414,0.1822074899572509,0.0
9313,adam,0.00013667394841414566,0.21946260213261887,0.0
9314,adam,0.0001611952398824339,0.26282832375983667,0.0
9315,adam,0.00019383151667715,0.31177948464116734,0.0
9316,adam,0.0002342300721247456,0.3647817213825717,0.0
9317,adam,0.00028012936245602586,0.41810450048372166,0.0
9318,adam,0.00032372398843685574,0.4660467154542087,0.0
9319,adam,0.00035508646619367715,0.5001837434500228,0.0
9320,adam,0.0003604549567168109,0.5115104335137782,0.0
9321,adam,0.00033546991112474994,0.49226479228944564,0.0
9322,adam,0.0002830741168914076,0.4394767558385643,0.0
9323,adam,0.00022062917428424092,0.3569609207990751,0.0
9324,adam,0.00016526994248229363,0.25591993744044955,0.0
9325,adam,0.00012888643596249499,0.1561134185258099,0.0
9326,adam,0.00011281084994878419,0.10287813364831551,0.0
9327,adam,0.00011288326340448191,0.13893565886070758,0.0
9328,adam,0.0001237256860884688,0.19780809277969427,0.0
9329,adam,0.00013948252919682578,0.23985233135282133,0.0
9330,adam,0.00015243113895044324,0.2554607977437444,0.0
9331,adam,0.0001536433420411902,0.24221884968353966,0.0
9332,adam,0.00013877535643680246,0.20151593773421292,0.0
9333,adam,0.00011249611668220024,0.13848836060570946,0.0
9334,adam,8.859423693695467e-05,0.06381333638044137,0.0
9335,adam,8.037001143435836e-05,0.03603768632448507,0.0
9336,adam,9.000151730969865e-05,0.09712577066579989,0.0
9337,adam,0.00010701697798758059,0.1450240757302922,0.0
9338,adam,0.00011707795018478912,0.16638812975884237,0.0
9339,adam,0.00011299253407360432,0.15937703220023403,0.0
9340,adam,9.899045246666135e-05,0.12797890450876565,0.0
9341,adam,8.580866988448766e-05,0.08176091744541322,0.0
9342,adam,8.098985449748481e-05,0.038119557187437966,0.0
9343,adam,8.403403362105387e-05,0.04329822409936217,0.0
9344,adam,8.926665499877428e-05,0.07496895232797851,0.0
9345,adam,9.186735688864874e-05,0.09657021192474044,0.0
9346,adam,9.110383442656742e-05,0.1041721427142957,0.0
9347,adam,8.890475863486661e-05,0.09915171966761119,0.0
9348,adam,8.682560665757065e-05,0.08440711334998424,0.0
9349,adam,8.482925477728118e-05,0.06311540001930678,0.0
9350,adam,8.256993199527401e-05,0.03989088215540973,0.0
9351,adam,8.071388152813725e-05,0.02791000360268872,0.0
9352,adam,8.050447259253444e-05,0.04094008473462216,0.0
9353,adam,8.219742180674077e-05,0.059325373885653045,0.0
9354,adam,8.435625886956365e-05,0.07059366643128236,0.0
9355,adam,8.499799411829375e-05,0.0709579318481239,0.0
9356,adam,8.337734387953197e-05,0.06017275466683698,0.0
9357,adam,8.063177053839189e-05,0.040482854546818985,0.0
9358,adam,7.86814312238768e-05,0.01618222588370558,0.0
9359,adam,7.856363825816912e-05,0.009505614545991756,0.0
9360,adam,7.976663890797607e-05,0.029338783043991845,0.0
9361,adam,8.096396512190269e-05,0.04241133670738828,0.0
9362,adam,8.123615270370475e-05,0.047462247038392934,0.0
9363,adam,8.063308434732518e-05,0.04522687346115325,0.0
9364,adam,7.979504393108349e-05,0.03781467389619631,0.0
9365,adam,7.923118798096687e-05,0.027912441251682643,0.0
9366,adam,7.899194398712765e-05,0.018629665887963113,0.0
9367,adam,7.888011717455394e-05,0.014054237222979674,0.0
9368,adam,7.879714557764264e-05,0.016931274944515587,0.0
9369,adam,7.88210531431912e-05,0.022732889904567028,0.0
9370,adam,7.900644960107785e-05,0.027530877649938806,0.0
9371,adam,7.922567484100252e-05,0.02963650281760844,0.0
9372,adam,7.924797888437122e-05,0.0281672064161137,0.0
9373,adam,7.896659277925175e-05,0.023147618402590314,0.0
9374,adam,7.852239036102167e-05,0.015159861458814525,0.0
9375,adam,7.818865326162149e-05,0.005644977456710848,0.0
9376,adam,7.813976768484296e-05,0.003983509271395891,0.0
9377,adam,7.832431698937349e-05,0.011923095412644791,0.0
9378,adam,7.853797716973883e-05,0.0173098227261375,0.0
9379,adam,7.860827012410942e-05,0.019574552808343852,0.0
9380,adam,7.85099555921791e-05,0.01904438807685335,0.0
9381,adam,7.83399178376642e-05,0.01634690782610813,0.0
9382,adam,7.820429612318176e-05,0.01257296774509519,0.0
9383,adam,7.813796362412827e-05,0.00870097620134415,0.0
9384,adam,7.811237145206685e-05,0.006051239519930103,0.0
9385,adam,7.809248176147399e-05,0.006061021813559173,0.0
9386,adam,7.80759819107993e-05,0.007999794782472681,0.0
9387,adam,7.807790805266547e-05,0.010251091934250844,0.0
9388,adam,7.810048012604615e-05,0.011818611132664235,0.0
9389,adam,7.811510448843117e-05,0.012279030265598932,0.0
9390,adam,7.809116521812403e-05,0.011318776136269857,0.0
9391,adam,7.802380015894895e-05,0.009049564621505985,0.0
9392,adam,7.794216235454323e-05,0.0057384782920249745,0.0
9393,adam,7.788491474720633e-05,0.001956592957699766,0.0
9394,adam,7.787152758844564e-05,0.0017836794714846899,0.0
9395,adam,7.788822269402869e-05,0.00482461967326231,0.0
9396,adam,7.790668398779618e-05,0.006894974856191587,0.0
9397,adam,7.790460757887142e-05,0.007841408923811726,0.0
9398,adam,7.788113787246599e-05,0.007811186795224744,0.0
9399,adam,7.784798917897998e-05,0.007008803137769579,0.0
9400,adam,7.781872551800117e-05,0.005809110560580629,0.0
9401,adam,7.779550232221022e-05,0.004410537124030622,0.0
9402,adam,7.777512866770824e-05,0.003111121720134216,0.0
9403,adam,7.775428424759816e-05,0.002125572180086892,0.0
9404,adam,7.773517672636332e-05,0.00215505711604815,0.0
9405,adam,7.772213619043871e-05,0.00304459112557872,0.0
9406,adam,7.771519464162438e-05,0.003990021385616538,0.0
9407,adam,7.771021425185537e-05,0.004658791238343084,0.0
9408,adam,7.770028063010716e-05,0.004791591386305018,0.0
9409,adam,7.768239528298484e-05,0.004438206485391904,0.0
9410,adam,7.765885930269777e-05,0.003593336425410056,0.0
9411,adam,7.76349646619253e-05,0.0025142332203076318,0.0
9412,adam,7.761592693679806e-05,0.0013788901032114422,0.0
9413,adam,7.760213388386844e-05,0.0008578108844364728,0.0
9414,adam,7.759083135664301e-05,0.00140007852102154,0.0
9415,adam,7.757944371097321e-05,0.0020028574162657105,0.0
9416,adam,7.756634129458482e-05,0.002466400496659416,0.0
9417,adam,7.755221857973606e-05,0.002693504561700024,0.0
9418,adam,7.753824077566334e-05,0.0027919336316512334,0.0
9419,adam,7.752365081542854e-05,0.0026918899582262477,0.0
9420,adam,7.750934759425293e-05,0.0024433326501708988,0.0
9421,adam,7.749374561507436e-05,0.001988607443606819,0.0
9422,adam,7.747686735160494e-05,0.0013986592803579927,0.0
9423,adam,7.74608911012286e-05,0.0007164362210374962,0.0
9424,adam,7.744639484412765e-05,0.00025082125701432636,0.0
9425,adam,7.743281750103898e-05,0.0007531693958712077,0.0
9426,adam,7.742014833141779e-05,0.001244592878843301,0.0
9427,adam,7.740760483940699e-05,0.0015871279982748027,0.0
9428,adam,7.739390997864979e-05,0.0017224042139510362,0.0
9429,adam,7.737958471593919e-05,0.0017137662946117536,0.0
9430,adam,7.736515843434851e-05,0.001554708337971325,0.0
9431,adam,7.735015661678428e-05,0.0013542246842717343,0.0
9432,adam,7.733579003415399e-05,0.0010849610751090244,0.0
9433,adam,7.732152458824578e-05,0.0008511691042484013,0.0
9434,adam,7.730723242926229e-05,0.0005819964577407896,0.0
9435,adam,7.72925485937121e-05,0.0004180258809761199,0.0
9436,adam,7.727854825074275e-05,0.0004220373565940821,0.0
9437,adam,7.726477600302403e-05,0.0005847181638853146,0.0
9438,adam,7.725117291930172e-05,0.0007946318474528434,0.0
9439,adam,7.723748702827289e-05,0.0009193875614057664,0.0
9440,adam,7.722384913809433e-05,0.0010141065129885623,0.0
9441,adam,7.720980413709372e-05,0.0009864353726232265,0.0
9442,adam,7.719573308831346e-05,0.0009334953225910101,0.0
9443,adam,7.718104841703083e-05,0.0007944821514061725,0.0
9444,adam,7.716694796668135e-05,0.0006775832191724206,0.0
9445,adam,7.715294145441557e-05,0.0005312271095023411,0.0
9446,adam,7.71386862048282e-05,0.0004219481850829286,0.0
9447,adam,7.712473782365462e-05,0.00032976084132672065,0.0
9448,adam,7.711056692706143e-05,0.0002778711456211901,0.0
9449,adam,7.70968252073423e-05,0.00032498244519577264,0.0
9450,adam,7.708273256981e-05,0.00038831756854950685,0.0
9451,adam,7.706905606537054e-05,0.0004887847794993862,0.0
9452,adam,7.705514648960188e-05,0.000540665990256235,0.0
9453,adam,7.704107309765665e-05,0.0005844453201412779,0.0
9454,adam,7.702713339885311e-05,0.000568227752411996,0.0
9455,adam,7.70132149831365e-05,0.0005469088220041086,0.0
9456,adam,7.699918725392357e-05,0.00048077450501723615,0.0
9457,adam,7.698500084936937e-05,0.00042962467835749456,0.0
9458,adam,7.697113661984118e-05,0.0003512039893340246,0.0
9459,adam,7.695710606721088e-05,0.00031315996302069875,0.0
9460,adam,7.694322466531139e-05,0.0002538406372801149,0.0
9461,adam,7.692917166033254e-05,0.00024138481775724192,0.0
9462,adam,7.691474969585325e-05,0.00022709738335333833,0.0
9463,adam,7.690111811184775e-05,0.00023312626304126827,0.0
9464,adam,7.688718931299143e-05,0.0002619910932342424,0.0
9465,adam,7.687308881912192e-05,0.00027238202160996425,0.0
9466,adam,7.685925178965551e-05,0.0003054288582430339,0.0
9467,adam,7.684533669579082e-05,0.00029539596095450743,0.0
9468,adam,7.68313784523831e-05,0.0003096497881574033,0.0
9469,adam,7.681706521719341e-05,0.00028185682557828584,0.0
9470,adam,7.680339026448696e-05,0.00028300916954605393,0.0
9471,adam,7.67891895840456e-05,0.0002601928825577856,0.0
9472,adam,7.677547963449373e-05,0.0002633123086025618,0.0
9473,adam,7.676119421855696e-05,0.00024867710219200105,0.0
9474,adam,7.674741316068346e-05,0.0002458930879929646,0.0
9475,adam,7.673322729478252e-05,0.00023063149671973102,0.0
9476,adam,7.671952824557132e-05,0.00022100365819764583,0.0
9477,adam,7.670537785092163e-05,0.00021271622060278116,0.0
9478,adam,7.669111344599467e-05,0.0002092349074925693,0.0
9479,adam,7.667728712299206e-05,0.00020977719221779162,0.0
9480,adam,7.666347303629183e-05,0.00021206149007187632,0.0
9481,adam,7.664909057201761e-05,0.00021829521078021663,0.0
9482,adam,7.663532146212217e-05,0.00021869084737638966,0.0
9483,adam,7.662135007836975e-05,0.00022711045672797322,0.0
9484,adam,7.66074894665113e-05,0.00022559941236486355,0.0
9485,adam,7.659346765541566e-05,0.00023638789811106654,0.0
9486,adam,7.65795485319767e-05,0.00023196123190319157,0.0
9487,adam,7.656561047844982e-05,0.00024626028176908386,0.0
9488,adam,7.655152592843135e-05,0.00024396580986698553,0.0
9489,adam,7.653769736435013e-05,0.00026470592073764217,0.0
9490,adam,7.65237644801783e-05,0.00025951336281657003,0.0
9491,adam,7.650963524406637e-05,0.00028013069476955625,0.0
9492,adam,7.649559781309173e-05,0.0002786050926354712,0.0
9493,adam,7.64817756389097e-05,0.00030779993754263314,0.0
9494,adam,7.646783121944536e-05,0.0003074814047321165,0.0
9495,adam,7.64535893430237e-05,0.00032892283780731516,0.0
9496,adam,7.643996864221606e-05,0.00032017273672617537,0.0
9497,adam,7.642596686499318e-05,0.0003391297475455006,0.0
9498,adam,7.641192333488305e-05,0.0003302195725389839,0.0
9499,adam,7.639784085589341e-05,0.00035165690230571956,0.0
9500,adam,7.63838207371468e-05,0.00034485686316468664,0.0
9501,adam,7.637005409235056e-05,0.0003644860333546477,0.0
9502,adam,7.635606417961937e-05,0.00034844778733643725,0.0
9503,adam,7.634216829819787e-05,0.0003632239625907958,0.0
9504,adam,7.632798545921789e-05,0.00034648430556810867,0.0
9505,adam,7.631416815609971e-05,0.00036142416740501596,0.0
9506,adam,7.629996557043312e-05,0.00034669996176511574,0.0
9507,adam,7.628588488273355e-05,0.00036195897179596,0.0
9508,adam,7.627191369347548e-05,0.0003415912382431868,0.0
9509,adam,7.625803014970596e-05,0.00034949447267257843,0.0
9510,adam,7.624404794428135e-05,0.0003247948641389429,0.0
9511,adam,7.623011512083426e-05,0.00033394619682614013,0.0
9512,adam,7.6215822180583e-05,0.0003160228864929083,0.0
9513,adam,7.620203027155993e-05,0.000324540025970931,0.0
9514,adam,7.618800797430506e-05,0.00030606410947188126,0.0
9515,adam,7.617423227519771e-05,0.00031706116070075955,0.0
9516,adam,7.616003958836799e-05,0.00030042969614014407,0.0
9517,adam,7.614590011613423e-05,0.0003101737046001418,0.0
9518,adam,7.613241026014031e-05,0.00029212245977374785,0.0
9519,adam,7.611805359978294e-05,0.0003063454683720843,0.0
9520,adam,7.61040137404148e-05,0.0002929555075026436,0.0
9521,adam,7.609037469187589e-05,0.00031058059932524874,0.0
9522,adam,7.607620309220995e-05,0.00029899233546850485,0.0
9523,adam,7.606247277656341e-05,0.0003187575735520543,0.0
9524,adam,7.604820344302478e-05,0.0003068847488077286,0.0
9525,adam,7.603410490032725e-05,0.00032397051734893206,0.0
9526,adam,7.602026920896085e-05,0.00031432050261401046,0.0
9527,adam,7.600623801000572e-05,0.0003375545769516744,0.0
9528,adam,7.599241070456798e-05,0.0003325978983561185,0.0
9529,adam,7.597822466511638e-05,0.00035553923367416236,0.0
9530,adam,7.596431753549437e-05,0.0003542757768541103,0.0
9531,adam,7.595025843874407e-05,0.0003851016984845895,0.0
9532,adam,7.593632807034472e-05,0.0003891388479762205,0.0
9533,adam,7.592242969232711e-05,0.000426678988313995,0.0
9534,adam,7.590821806597659e-05,0.0004399668472733517,0.0
9535,adam,7.589427632337536e-05,0.000493395602951128,0.0
9536,adam,7.588031214680551e-05,0.0005200545436163373,0.0
9537,adam,7.586665879256193e-05,0.0005919033593101585,0.0
9538,adam,7.585261458149138e-05,0.0006367109481736902,0.0
9539,adam,7.583873521982228e-05,0.0007273883888124782,0.0
9540,adam,7.582484454619617e-05,0.0007955383142883265,0.0
9541,adam,7.581091529902775e-05,0.0009216960319156932,0.0
9542,adam,7.579719061425326e-05,0.0010302330611843147,0.0
9543,adam,7.578329284986368e-05,0.0012001804343431876,0.0
9544,adam,7.577035293698032e-05,0.001358580028178967,0.0
9545,adam,7.575689613044578e-05,0.001585144256766142,0.0
9546,adam,7.574376791013954e-05,0.0018123677674170325,0.0
9547,adam,7.573097688853854e-05,0.0021236487338145297,0.0
9548,adam,7.571870283063607e-05,0.0024492540468315366,0.0
9549,adam,7.570656928742113e-05,0.0028773970683760404,0.0
9550,adam,7.569603057192244e-05,0.003342381145868724,0.0
9551,adam,7.568627172408565e-05,0.003938839820159583,0.0
9552,adam,7.56783490148939e-05,0.004610898787677764,0.0
9553,adam,7.567334394569401e-05,0.005462704992865918,0.0
9554,adam,7.567174208859308e-05,0.006446545821708661,0.0
9555,adam,7.567593030304258e-05,0.007670995493632282,0.0
9556,adam,7.568678865641781e-05,0.009094849903403153,0.0
9557,adam,7.570913202807513e-05,0.010846368440349948,0.0
9558,adam,7.574749720660533e-05,0.012916878970990435,0.0
9559,adam,7.580875367051916e-05,0.015466151996007746,0.0
9560,adam,7.590398296248698e-05,0.018512480262940872,0.0
9561,adam,7.60486681146142e-05,0.022249410363447856,0.0
9562,adam,7.626640141419795e-05,0.026744349993771847,0.0
9563,adam,7.659263790148684e-05,0.03225889667343461,0.0
9564,adam,7.707833799132236e-05,0.03894167803980435,0.0
9565,adam,7.780340330560934e-05,0.04714577571212406,0.0
9566,adam,7.888242363287167e-05,0.057136602209511965,0.0
9567,adam,8.049534976372839e-05,0.0694127461715514,0.0
9568,adam,8.289995290262113e-05,0.0844102471511124,0.0
9569,adam,8.64958813821905e-05,0.10281378404636897,0.0
9570,adam,9.184931677286184e-05,0.12527753691660076,0.0
9571,adam,9.982672698407178e-05,0.15269508181270505,0.0
9572,adam,0.00011158125404296803,0.18590336685797157,0.0
9573,adam,0.00012882609451011454,0.2258441233170599,0.0
9574,adam,0.00015348718532231826,0.273145231098597,0.0
9575,adam,0.00018806147195602114,0.3279118090414891,0.0
9576,adam,0.00023374000198809084,0.38898493098555686,0.0
9577,adam,0.00029051713343613715,0.45303009954701706,0.0
9578,adam,0.00035117958244745454,0.5134072679936762,0.0
9579,adam,0.0004032551419970492,0.5591990564614716,0.0
9580,adam,0.0004223288994561423,0.5758914781734236,0.0
9581,adam,0.0003908370945803515,0.54850260944693,0.0
9582,adam,0.00030442503855460605,0.4679275614271722,0.0
9583,adam,0.000194234561228571,0.33680779099587316,0.0
9584,adam,0.00010621932857655115,0.1718427980551325,0.0
9585,adam,7.53439085841253e-05,0.003988772834823241,0.0
9586,adam,0.00010155032462246358,0.15806259028070252,0.0
9587,adam,0.00015436041365061447,0.27452351939298075,0.0
9588,adam,0.00019428225891768107,0.33667844381432077,0.0
9589,adam,0.0001946271985892104,0.33741141950409453,0.0
9590,adam,0.0001573854419350297,0.27968915146544326,0.0
9591,adam,0.0001081692634483733,0.17719370862089717,0.0
9592,adam,7.809314289464933e-05,0.05200023877509224,0.0
9593,adam,8.046622130952104e-05,0.07045135744194829,0.0
9594,adam,0.00010463554747905461,0.16731872139298298,0.0
9595,adam,0.00012743417853516606,0.22297655609628375,0.0
9596,adam,0.00013081718365157561,0.2301779898309893,0.0
9597,adam,0.0001137919656090438,0.191661310934948,0.0
9598,adam,9.002725116354745e-05,0.11888915430248928,0.0
9599,adam,7.609984178278644e-05,0.029470765202285552,0.0
9600,adam,7.85854256266027e-05,0.05696250848716856,0.0
9601,adam,9.112437666071026e-05,0.12322857573459478,0.0
9602,adam,0.00010144099153331669,0.1582297326991523,0.0
9603,adam,0.00010121220260038979,0.1575412873540591,0.0
9604,adam,9.152712553730964e-05,0.1249087954884959,0.0
9605,adam,8.025916834704565e-05,0.06992921706377446,0.0
9606,adam,7.515173074766733e-05,0.0060484775381150265,0.0
9607,adam,7.801429289592849e-05,0.05267085187519062,0.0
9608,adam,8.451574255863597e-05,0.09473224458596118,0.0
9609,adam,8.855305333600043e-05,0.11330337678217162,0.0
9610,adam,8.702902378187401e-05,0.10671624367784086,0.0
9611,adam,8.161055537524258e-05,0.07902459070162017,0.0
9612,adam,7.654593597960592e-05,0.03785247567192464,0.0
9613,adam,7.507842423513738e-05,0.007003302335207245,0.0
9614,adam,7.721987858976171e-05,0.04584570924253784,0.0
9615,adam,8.037261480803616e-05,0.0715143254049141,0.0
9616,adam,8.173484503752765e-05,0.08016343234886024,0.0
9617,adam,8.036968927049188e-05,0.07163969421060726,0.0
9618,adam,7.75435436331309e-05,0.049555110413941596,0.0
9619,adam,7.53573040386688e-05,0.019653700993236344,0.0
9620,adam,7.50699431266841e-05,0.011285583987884163,0.0
9621,adam,7.634217214827524e-05,0.03677448879128311,0.0
9622,adam,7.779451639760281e-05,0.052420396672278755,0.0
9623,adam,7.820292540145309e-05,0.05612278044901492,0.0
9624,adam,7.73360063606982e-05,0.04828633116073663,0.0
9625,adam,7.593217919187078e-05,0.031779893666958436,0.0
9626,adam,7.497690840436498e-05,0.010625849836836083,0.0
9627,adam,7.495992370555668e-05,0.010548179856598174,0.0
9628,adam,7.562182607004577e-05,0.027488913241931826,0.0
9629,adam,7.628491951485784e-05,0.03740240808296856,0.0
9630,adam,7.641073667217115e-05,0.03912407886074713,0.0
9631,adam,7.594445246048057e-05,0.0331115759709199,0.0
9632,adam,7.525884495868646e-05,0.02140530235506929,0.0
9633,adam,7.48120870726411e-05,0.006750958694681719,0.0
9634,adam,7.481283575329257e-05,0.0077629148201748925,0.0
9635,adam,7.512730130480862e-05,0.01931885847013355,0.0
9636,adam,7.543655297845819e-05,0.026064715837263868,0.0
9637,adam,7.549118962639725e-05,0.02728016247421161,0.0
9638,adam,7.526555762122694e-05,0.023243319487741918,0.0
9639,adam,7.493077069661229e-05,0.015338992995477627,0.0
9640,adam,7.469987604697166e-05,0.005348979953267134,0.0
9641,adam,7.467821612771095e-05,0.00463235537277237,0.0
9642,adam,7.481203295046265e-05,0.012746943357595823,0.0
9643,adam,7.495813260603602e-05,0.017703759639156845,0.0
9644,adam,7.499406331324827e-05,0.018974571656762924,0.0
9645,adam,7.489502468452903e-05,0.01667033742610178,0.0
9646,adam,7.473120996029972e-05,0.011627259147129624,0.0
9647,adam,7.460131640475339e-05,0.004975874323715711,0.0
9648,adam,7.456532942661804e-05,0.001897086259790739,0.0
9649,adam,7.461104502079838e-05,0.007741422708863453,0.0
9650,adam,7.467703919694135e-05,0.011624109361648951,0.0
9651,adam,7.470247003661624e-05,0.013119356575883437,0.0
9652,adam,7.466372041877597e-05,0.012150346679026498,0.0
9653,adam,7.458382840970147e-05,0.009202850889296808,0.0
9654,adam,7.450676178811028e-05,0.004929853675447196,0.0
9655,adam,7.446786088246046e-05,0.00035857039494802324,0.0
9656,adam,7.447110514235142e-05,0.0040084628605524504,0.0
9657,adam,7.449478721383754e-05,0.007131408568017996,0.0
9658,adam,7.450846941428145e-05,0.00876630099047203,0.0
9659,adam,7.449462365948698e-05,0.008726961317095732,0.0
9660,adam,7.445614408256856e-05,0.0072552621484430115,0.0
9661,adam,7.441044175043511e-05,0.004688831411288742,0.0
9662,adam,7.437677495246417e-05,0.0016412544444140548,0.0
9663,adam,7.436283091001139e-05,0.001455494735731161,0.0
9664,adam,7.436350051500282e-05,0.003936501475895193,0.0
9665,adam,7.436624485021282e-05,0.005573697537297583,0.0
9666,adam,7.435985476143346e-05,0.006112800624270105,0.0
9667,adam,7.434023890394019e-05,0.0056435549525532085,0.0
9668,adam,7.431324316504483e-05,0.004284921550636565,0.0
9669,adam,7.428592502911357e-05,0.0024147072747474165,0.0
9670,adam,7.426702377204946e-05,0.0003667233530678685,0.0
9671,adam,7.425613584972841e-05,0.00161977729170383,0.0
9672,adam,7.425014492793482e-05,0.0031028900721510864,0.0
9673,adam,7.424307467546094e-05,0.0039188428820901115,0.0
9674,adam,7.423081476254396e-05,0.004078500362436549,0.0
9675,adam,7.421337018653957e-05,0.003561659923802269,0.0
9676,adam,7.419338279481605e-05,0.00258784445821947,0.0
9677,adam,7.417479637826322e-05,0.0012920497701393095,0.0
9678,adam,7.415986502713688e-05,0.00022044966408854132,0.0
9679,adam,7.414837890560323e-05,0.0012998450820681168,0.0
9680,adam,7.41382360151724e-05,0.002169890710796505,0.0
9681,adam,7.412712947285178e-05,0.0026662948219297964,0.0
9682,adam,7.411393413090155e-05,0.0026899314880646625,0.0
9683,adam,7.40986130294178e-05,0.0023532006638188265,0.0
9684,adam,7.408267552767038e-05,0.0016829356520045799,0.0
9685,adam,7.40672939380104e-05,0.0008832851207190757,0.0
9686,adam,7.405299112852378e-05,0.00021064672204944686,0.0
9687,adam,7.404041792290601e-05,0.0008188955950352957,0.0
9688,adam,7.402820512113917e-05,0.0014131231720934093,0.0
9689,adam,7.401594592011574e-05,0.0017242692765142191,0.0
9690,adam,7.400258245387857e-05,0.0018047510569707405,0.0
9691,adam,7.398874014456773e-05,0.001600138549015262,0.0
9692,adam,7.397469675207844e-05,0.0012349959443042646,0.0
9693,adam,7.396011979099683e-05,0.0007218514121042137,0.0
9694,adam,7.394598152979433e-05,0.000259465203612464,0.0
9695,adam,7.393307737910491e-05,0.00043521026327329715,0.0
9696,adam,7.392006918690588e-05,0.0008170915948655532,0.0
9697,adam,7.390712350877292e-05,0.0011032323793268167,0.0
9698,adam,7.389421164021819e-05,0.0011871022147353673,0.0
9699,adam,7.38804047685712e-05,0.0011444536415914427,0.0
9700,adam,7.386676788088216e-05,0.0009298272740757197,0.0
9701,adam,7.385311251303278e-05,0.0006612768815145628,0.0
9702,adam,7.383939364388373e-05,0.0003362671919456354,0.0
9703,adam,7.382577498203599e-05,0.00021288245803210322,0.0
9704,adam,7.38127549078981e-05,0.00041886220933227936,0.0
9705,adam,7.379945843813442e-05,0.0006020106747386773,0.0
9706,adam,7.378622452258104e-05,0.0007401223278129983,0.0
9707,adam,7.37729290065387e-05,0.0007476594485006199,0.0
9708,adam,7.375968815865153e-05,0.0006985566450422349,0.0
9709,adam,7.374610207127099e-05,0.0005443491723111884,0.0
9710,adam,7.373271941097878e-05,0.0003903617099679536,0.0
9711,adam,7.371904630725857e-05,0.00023167513880437902,0.0
9712,adam,7.370553425264782e-05,0.00021740627569000228,0.0
9713,adam,7.369261900179886e-05,0.0003308478128973574,0.0
9714,adam,7.367896799293466e-05,0.0004178789631009985,0.0
9715,adam,7.366608810319284e-05,0.0004952830651827931,0.0
9716,adam,7.365278393861837e-05,0.0004884708087797606,0.0
9717,adam,7.363894218647518e-05,0.0004647727165240283,0.0
9718,adam,7.362585685583505e-05,0.0003686058981117143,0.0
9719,adam,7.3612419927962e-05,0.0002932649057583755,0.0
9720,adam,7.359904667515217e-05,0.0002171674467327069,0.0
9721,adam,7.358578056986328e-05,0.00020882422934185581,0.0
9722,adam,7.35723633024829e-05,0.0002656467984160139,0.0
9723,adam,7.355901063503417e-05,0.0003043718312784629,0.0
9724,adam,7.354568389777815e-05,0.00034956192340509514,0.0
9725,adam,7.353255798063097e-05,0.0003463016877862753,0.0
9726,adam,7.351896383826584e-05,0.00034962257169039094,0.0
9727,adam,7.350584677320995e-05,0.0002972578826882389,0.0
9728,adam,7.349237902107466e-05,0.00026404547523763903,0.0
9729,adam,7.347888515873901e-05,0.00021934798275394054,0.0
9730,adam,7.346572271774893e-05,0.000205901156002757,0.0
9731,adam,7.345200185903944e-05,0.0002188960559631579,0.0
9732,adam,7.343882468295879e-05,0.00023978292530463734,0.0
9733,adam,7.342562561748094e-05,0.00027863758975606607,0.0
9734,adam,7.341223879145819e-05,0.00028142211584056666,0.0
9735,adam,7.339886557180659e-05,0.00029818971435520436,0.0
9736,adam,7.33854509432886e-05,0.00027597190047167543,0.0
9737,adam,7.337198376643005e-05,0.0002639889436406984,0.0
9738,adam,7.335873280034053e-05,0.0002269042372674569,0.0
9739,adam,7.334541358011125e-05,0.00021349358464392825,0.0
9740,adam,7.333189335890071e-05,0.0002050309912332293,0.0
9741,adam,7.331848549202185e-05,0.0002091160914940662,0.0
9742,adam,7.330537414089904e-05,0.00022865466956286558,0.0
9743,adam,7.329209303338423e-05,0.0002387332939447884,0.0
9744,adam,7.327892141722236e-05,0.00026249639862514453,0.0
9745,adam,7.326561802720585e-05,0.0002563608733981129,0.0
9746,adam,7.325194924241879e-05,0.00026125084289399823,0.0
9747,adam,7.323876009318535e-05,0.0002367033397547742,0.0
9748,adam,7.322507014427527e-05,0.00022785277963056073,0.0
9749,adam,7.32118119030613e-05,0.00020821041504416786,0.0
9750,adam,7.31985489029784e-05,0.00020813400748089227,0.0
9751,adam,7.318507979445717e-05,0.00021060246741319715,0.0
9752,adam,7.317187910638778e-05,0.00021543671365203002,0.0
9753,adam,7.315811553347007e-05,0.0002238362560459952,0.0
9754,adam,7.314525459601576e-05,0.00021831124645557362,0.0
9755,adam,7.313183742713438e-05,0.00022241781174050146,0.0
9756,adam,7.311859559899414e-05,0.0002102521805352564,0.0
9757,adam,7.310517781535044e-05,0.00020841109946261654,0.0
9758,adam,7.309180175831188e-05,0.00020543578112413685,0.0
9759,adam,7.307870000985433e-05,0.0002065596348257532,0.0
9760,adam,7.30649183152094e-05,0.0002103337233598258,0.0
9761,adam,7.305190327218062e-05,0.00020788780670840184,0.0
9762,adam,7.303848575801464e-05,0.00021388119368433527,0.0
9763,adam,7.302513665816234e-05,0.0002075254424189441,0.0
9764,adam,7.30117096015169e-05,0.0002105474912870201,0.0
9765,adam,7.29985432134358e-05,0.00020573502121484154,0.0
9766,adam,7.298498781078183e-05,0.00020616025301917507,0.0
9767,adam,7.297147110350769e-05,0.00021058955412774175,0.0
9768,adam,7.295819711329497e-05,0.0002107588671484009,0.0
9769,adam,7.29450344637496e-05,0.00021936619935274587,0.0
9770,adam,7.293140397836443e-05,0.00021629757056960733,0.0
9771,adam,7.291812550384959e-05,0.00022871584951206862,0.0
9772,adam,7.290520350648709e-05,0.00021888008545467696,0.0
9773,adam,7.289150088332585e-05,0.00022477250294106624,0.0
9774,adam,7.28784960499069e-05,0.00021222633108520795,0.0
9775,adam,7.286493096999218e-05,0.00021295556703156612,0.0
9776,adam,7.285139958593588e-05,0.00020548014931437444,0.0
9777,adam,7.283814020692315e-05,0.00020690538111147548,0.0
9778,adam,7.282516119570294e-05,0.00020515886261137875,0.0
9779,adam,7.281177170128823e-05,0.00020453490308764875,0.0
9780,adam,7.279828914639158e-05,0.00020610591406401693,0.0
9781,adam,7.278457914664548e-05,0.0002046319498411682,0.0
9782,adam,7.277140006938831e-05,0.00020696456326946345,0.0
9783,adam,7.275794805451831e-05,0.00020633006860392052,0.0
9784,adam,7.274502142096435e-05,0.00020805269428096913,0.0
9785,adam,7.273139415820783e-05,0.00020613085635764949,0.0
9786,adam,7.271816280255855e-05,0.00020557504736346463,0.0
9787,adam,7.270473698618254e-05,0.00020466047320127426,0.0
9788,adam,7.269113869193095e-05,0.0002053725077531444,0.0
9789,adam,7.267799980319589e-05,0.00020734347130606153,0.0
9790,adam,7.2664752823542e-05,0.00020717867100624674,0.0
9791,adam,7.265161594543729e-05,0.00021092923988005094,0.0
9792,adam,7.26379817270265e-05,0.00020658451556774293,0.0
9793,adam,7.262463887157735e-05,0.0002090287753144607,0.0
9794,adam,7.261147583619774e-05,0.0002050602541139227,0.0
9795,adam,7.25979793345558e-05,0.0002080817373999123,0.0
9796,adam,7.258473455644426e-05,0.0002063782627858272,0.0
9797,adam,7.257137737671232e-05,0.000211313034477,0.0
9798,adam,7.25580408421501e-05,0.0002107521040604672,0.0
9799,adam,7.254459510759358e-05,0.00021226895215725047,0.0
9800,adam,7.253123705228928e-05,0.0002104345072674434,0.0
9801,adam,7.25179928008944e-05,0.00020805858701067545,0.0
9802,adam,7.250436222936346e-05,0.0002060050560535451,0.0
9803,adam,7.249120083283052e-05,0.00020444639322228565,0.0
9804,adam,7.24776482058072e-05,0.00020423488826395045,0.0
9805,adam,7.246432790170271e-05,0.00020663590335223627,0.0
9806,adam,7.245123496920883e-05,0.00020559173766974663,0.0
9807,adam,7.243775086362251e-05,0.00020920739946689982,0.0
9808,adam,7.242436068954022e-05,0.00020600095894670836,0.0
9809,adam,7.241111542215267e-05,0.0002091646098367266,0.0
9810,adam,7.23978008703053e-05,0.00020559850325274902,0.0
9811,adam,7.238431719045868e-05,0.0002082858132956388,0.0
9812,adam,7.237106353263165e-05,0.00020442630749073633,0.0
9813,adam,7.235758932609343e-05,0.00020604360243740207,0.0
9814,adam,7.234435090301302e-05,0.00020482759315633306,0.0
9815,adam,7.233099464747767e-05,0.00020394841262625133,0.0
9816,adam,7.231769899200966e-05,0.0002074064900917247,0.0
9817,adam,7.230438788538241e-05,0.0002046276493449905,0.0
9818,adam,7.229090381645241e-05,0.00020756369037033958,0.0
9819,adam,7.22777874164872e-05,0.0002042468434006534,0.0
9820,adam,7.226417359288258e-05,0.0002067586806526576,0.0
9821,adam,7.22509106617799e-05,0.00020581429701186589,0.0
9822,adam,7.223748451021773e-05,0.00020717914396537317,0.0
9823,adam,7.222417631114943e-05,0.00020977264765478714,0.0
9824,adam,7.221060724348983e-05,0.0002098065879846835,0.0
9825,adam,7.219763792601654e-05,0.00021627742545293985,0.0
9826,adam,7.218404998260673e-05,0.00021624383553831906,0.0
9827,adam,7.217057556746139e-05,0.00022547483869588754,0.0
9828,adam,7.215738631312851e-05,0.00022066902615487338,0.0
9829,adam,7.214406471492022e-05,0.00022615799359853743,0.0
9830,adam,7.213078439194265e-05,0.00021522877019118108,0.0
9831,adam,7.211738365972064e-05,0.00021807535333030311,0.0
9832,adam,7.210392104149123e-05,0.00020884014018939613,0.0
9833,adam,7.209075270790106e-05,0.00021318906153903886,0.0
9834,adam,7.207725694058835e-05,0.0002078279782163722,0.0
9835,adam,7.206379023883096e-05,0.00021411092989651544,0.0
9836,adam,7.20504171446661e-05,0.000209050510691231,0.0
9837,adam,7.20373345250216e-05,0.00021712794791007968,0.0
9838,adam,7.202385637786334e-05,0.00021237407303040286,0.0
9839,adam,7.201058307433862e-05,0.00022048659743047775,0.0
9840,adam,7.199696874146364e-05,0.00021793793036533005,0.0
9841,adam,7.198364091770387e-05,0.00022543928879589705,0.0
9842,adam,7.197050567213401e-05,0.00021712372248031987,0.0
9843,adam,7.195709515683178e-05,0.00021965889310740147,0.0
9844,adam,7.19440202593363e-05,0.00021281283981327648,0.0
9845,adam,7.19305538159324e-05,0.00021546508585772845,0.0
9846,adam,7.191709857619347e-05,0.00020997712082755147,0.0
9847,adam,7.190375014269809e-05,0.00021629680478970243,0.0
9848,adam,7.189021889392599e-05,0.00021184305545248865,0.0
9849,adam,7.187702246944285e-05,0.0002189893482057994,0.0
9850,adam,7.186353912087968e-05,0.0002118562014959923,0.0
9851,adam,7.184989660732416e-05,0.00021482808632656205,0.0
9852,adam,7.183684162526497e-05,0.00020765571708215763,0.0
9853,adam,7.182344265401238e-05,0.0002077926556032247,0.0
9854,adam,7.18103006438605e-05,0.00020451436545533666,0.0
9855,adam,7.179659139990653e-05,0.0002045657837974464,0.0
9856,adam,7.17834432226706e-05,0.00020397849082596194,0.0
9857,adam,7.177013366026222e-05,0.00020479682747615792,0.0
9858,adam,7.175679132355656e-05,0.00020534870196719176,0.0
9859,adam,7.174314201738113e-05,0.0002077314583982843,0.0
9860,adam,7.173012970517137e-05,0.0002073292412748785,0.0
9861,adam,7.171675970836133e-05,0.00021256533650597733,0.0
9862,adam,7.170329484278342e-05,0.00021040303784433456,0.0
9863,adam,7.169016369750454e-05,0.00021599519766120088,0.0
9864,adam,7.167683393160289e-05,0.0002107239274677317,0.0
9865,adam,7.166328437135178e-05,0.00021402708901016685,0.0
9866,adam,7.165000134584683e-05,0.00020651922693161386,0.0
9867,adam,7.163655124633797e-05,0.0002093541764542396,0.0
9868,adam,7.162321380293783e-05,0.00020486834129709427,0.0
9869,adam,7.16097733354401e-05,0.0002083493555175922,0.0
9870,adam,7.159648615176152e-05,0.00020456118674587587,0.0
9871,adam,7.158297997171277e-05,0.00020998262743127607,0.0
9872,adam,7.156963266558746e-05,0.00020543662819023483,0.0
9873,adam,7.155663889296924e-05,0.00021523667407757528,0.0
9874,adam,7.154310590093893e-05,0.00021420197810915342,0.0
9875,adam,7.152967011765586e-05,0.00023213291799730962,0.0
9876,adam,7.151628268200339e-05,0.00023437222169526303,0.0
9877,adam,7.150320995637348e-05,0.0002607632927614313,0.0
9878,adam,7.14895914680381e-05,0.00026462630848472736,0.0
9879,adam,7.147661603889526e-05,0.00030557263169685736,0.0
9880,adam,7.146301215749934e-05,0.0003216194804196111,0.0
9881,adam,7.144965547277427e-05,0.0003720031843138506,0.0
9882,adam,7.143617882219915e-05,0.0003930236092985746,0.0
9883,adam,7.142308115604758e-05,0.0004568595522813779,0.0
9884,adam,7.140978253990631e-05,0.0004933998756754906,0.0
9885,adam,7.139648664698076e-05,0.0005797858111964244,0.0
9886,adam,7.138358951688425e-05,0.0006398467860645124,0.0
9887,adam,7.137003748419755e-05,0.0007511934102485799,0.0
9888,adam,7.135661032556041e-05,0.000833817352084616,0.0
9889,adam,7.134347524157528e-05,0.0009717933097989681,0.0
9890,adam,7.133068447620019e-05,0.0010893344788864441,0.0
9891,adam,7.131789261909133e-05,0.0012695033432262458,0.0
9892,adam,7.13047512452154e-05,0.0014336161286160622,0.0
9893,adam,7.12922274937435e-05,0.0016646521880739373,0.0
9894,adam,7.127964902957088e-05,0.0018866273244065464,0.0
9895,adam,7.1267460597978e-05,0.002189696865096798,0.0
9896,adam,7.125586108576978e-05,0.002498233033949805,0.0
9897,adam,7.124460293582609e-05,0.002906713890644891,0.0
9898,adam,7.123446953880916e-05,0.003344295895038767,0.0
9899,adam,7.122500850436337e-05,0.003911044919109436,0.0
9900,adam,7.121739888474414e-05,0.004536617236673771,0.0
9901,adam,7.121174104969305e-05,0.005320741872363268,0.0
9902,adam,7.120947041506625e-05,0.0062006434419936305,0.0
9903,adam,7.121130950633841e-05,0.007296072827676228,0.0
9904,adam,7.121923132757635e-05,0.008560681630508568,0.0
9905,adam,7.123556107601023e-05,0.010115688236611796,0.0
9906,adam,7.126456705423788e-05,0.011926145596609927,0.0
9907,adam,7.131108674866959e-05,0.014144769329168326,0.0
9908,adam,7.138314942239498e-05,0.016765991498184665,0.0
9909,adam,7.14918233671312e-05,0.019964109476575856,0.0
9910,adam,7.165340820066592e-05,0.023771675061461793,0.0
9911,adam,7.189282000445909e-05,0.028420847846288504,0.0
9912,adam,7.224506768527587e-05,0.03400070577648268,0.0
9913,adam,7.276159909274268e-05,0.0407986184239609,0.0
9914,adam,7.35185821745423e-05,0.04898346219695532,0.0
9915,adam,7.462776730215583e-05,0.0589459153034878,0.0
9916,adam,7.625046153310649e-05,0.07097428944538034,0.0
9917,adam,7.863051689321907e-05,0.08560162510425064,0.0
9918,adam,8.210691741336056e-05,0.10326864872291407,0.0
9919,adam,8.71888104220529e-05,0.12464706600981856,0.0
9920,adam,9.454674309435612e-05,0.15030720507556664,0.0
9921,adam,0.00010516070101055295,0.18097137591570855,0.0
9922,adam,0.00012015116631173996,0.2171019766854132,0.0
9923,adam,0.00014098729941977069,0.25895733019480427,0.0
9924,adam,0.00016862482229435354,0.3059921171124373,0.0
9925,adam,0.00020361799221361282,0.35650216719881284,0.0
9926,adam,0.00024326698711144088,0.40670775254449915,0.0
9927,adam,0.0002822052244603333,0.4501917040002284,0.0
9928,adam,0.0003080281877882296,0.4776346043962634,0.0
9929,adam,0.0003085293591959427,0.478065437123148,0.0
9930,adam,0.0002732519875989171,0.4419485486643252,0.0
9931,adam,0.0002093404933200986,0.3654603196318964,0.0
9932,adam,0.0001378229344205255,0.2540903441703045,0.0
9933,adam,8.688445681851351e-05,0.12220352973835412,0.0
9934,adam,7.258488874015196e-05,0.026379720682913246,0.0
9935,adam,9.130633533550196e-05,0.13633481163727804,0.0
9936,adam,0.00012415609098184702,0.22464577449533732,0.0
9937,adam,0.0001485610632212233,0.2729513172283516,0.0
9938,adam,0.00015030525948836,0.2766303296047785,0.0
9939,adam,0.0001293031614941381,0.2375698438051701,0.0
9940,adam,9.930882845171925e-05,0.16483237039940157,0.0
9941,adam,7.732364985688225e-05,0.07428009339644916,0.0
9942,adam,7.304208099217825e-05,0.03321578659151972,0.0
9943,adam,8.378994716539457e-05,0.1075260336157954,0.0
9944,adam,9.84576065672293e-05,0.16159360981443288,0.0
9945,adam,0.00010586590985039315,0.18353589242607443,0.0
9946,adam,0.00010142668430509668,0.17207752496026937,0.0
9947,adam,8.907458709714962e-05,0.132325924294341,0.0
9948,adam,7.7072440554522e-05,0.07464707639759059,0.0
9949,adam,7.206940118727062e-05,0.021696206276620902,0.0
9950,adam,7.498067600176608e-05,0.05748360751336813,0.0
9951,adam,8.154290171014482e-05,0.09965929764014103,0.0
9952,adam,8.609691479970628e-05,0.12125565448158408,0.0
9953,adam,8.545637769440161e-05,0.1195031212753155,0.0
9954,adam,8.05253460964951e-05,0.09712956120843211,0.0
9955,adam,7.483489229714826e-05,0.060769667028533494,0.0
9956,adam,7.177191981379828e-05,0.022775207827964803,0.0
9957,adam,7.235551096347339e-05,0.03273542863423437,0.0
9958,adam,7.506626753898945e-05,0.06236080524728262,0.0
9959,adam,7.736301947052568e-05,0.07992395238409819,0.0
9960,adam,7.753385005079548e-05,0.08196631050825895,0.0
9961,adam,7.563989577514759e-05,0.06977006418977792,0.0
9962,adam,7.308047625817832e-05,0.04729790843704148,0.0
9963,adam,7.142015077211442e-05,0.021864182395180513,0.0
9964,adam,7.132805776963768e-05,0.01904023526508506,0.0
9965,adam,7.234386396728164e-05,0.038260201226382795,0.0
9966,adam,7.341345346892663e-05,0.0518486370360906,0.0
9967,adam,7.36926294461324e-05,0.055612051560676994,0.0
9968,adam,7.304089103516483e-05,0.049795016095795085,0.0
9969,adam,7.194876319415938e-05,0.036584087448764145,0.0
9970,adam,7.109111467698533e-05,0.02015705355939185,0.0
9971,adam,7.085306107359772e-05,0.01197289041980452,0.0
9972,adam,7.115607263939258e-05,0.02232859213359178,0.0
9973,adam,7.160853216393585e-05,0.03252254817916132,0.0
9974,adam,7.182144588083337e-05,0.03695921931364917,0.0
9975,adam,7.16489377927794e-05,0.03518727794226027,0.0
9976,adam,7.12216238152887e-05,0.02810905999366268,0.0
9977,adam,7.080263262454418e-05,0.01803407821657909,0.0
9978,adam,7.05948613541753e-05,0.009636748915255396,0.0
9979,adam,7.062913736303272e-05,0.012278420238802995,0.0
9980,adam,7.078641818346179e-05,0.019323958574305584,0.0
9981,adam,7.090403272601794e-05,0.023684025497841314,0.0
9982,adam,7.088482006594562e-05,0.024236728859679285,0.0
9983,adam,7.073967037674148e-05,0.02111350184324822,0.0
9984,adam,7.055421077309226e-05,0.015483379953666172,0.0
9985,adam,7.041941266998616e-05,0.00929510041595039,0.0
9986,adam,7.037572677299204e-05,0.007041805337686512,0.0
9987,adam,7.040272974849975e-05,0.010608828902502665,0.0
9988,adam,7.044573628129117e-05,0.014247196272906366,0.0
9989,adam,7.045506113313899e-05,0.015916610715428846,0.0
9990,adam,7.041498467169076e-05,0.015201325743115467,0.0
9991,adam,7.034297208100059e-05,0.012572622769403305,0.0
9992,adam,7.027128222389422e-05,0.008839303978287001,0.0
9993,adam,7.022403865309205e-05,0.005627043673374436,0.0
9994,adam,7.020649511054433e-05,0.005616698571927374,0.0
9995,adam,7.020678422604493e-05,0.007840601405867972,0.0
9996,adam,7.020652704073465e-05,0.009690691490069393,0.0
9997,adam,7.019406922853427e-05,0.010224650828436568,0.0
9998,adam,7.016803835195633e-05,0.00947677188142105,0.0
9999,adam,7.013469603929042e-05,0.007668658709754047,0.0
10000,adam,7.010312110168311e-05,0.00545655982229897,0.0
10001,adam,7.007948354238531e-05,0.0038781016670777,0.0
10002,adam,7.006380175777855e-05,0.004093690418479406,0.0
10003,adam,7.005236672479388e-05,0.005339671917287291,0.0
10004,adam,7.004068730793042e-05,0.006245034160732365,0.0
10005,adam,7.002647221188454e-05,0.006479297817735934,0.0
10006,adam,7.000943242904643e-05,0.0059425100951451554,0.0
10007,adam,6.999100452114778e-05,0.004887732206900303,0.0
10008,adam,6.997261599443405e-05,0.0036253717110994853,0.0
10009,adam,6.995542719223949e-05,0.0027447218411938844,0.0
10010,adam,6.993991865740002e-05,0.002812210055069447,0.0
10011,adam,6.992547435895483e-05,0.0033875784815240624,0.0
10012,adam,6.991166279819132e-05,0.003916726328684603,0.0
10013,adam,6.989828554855477e-05,0.004035409379356982,0.0
10014,adam,6.988480705299973e-05,0.0037955558413392244,0.0
10015,adam,6.987090009608491e-05,0.003227672709667558,0.0
10016,adam,6.985701314561168e-05,0.0025506864870089327,0.0
10017,adam,6.984212870172266e-05,0.0020080187999634972,0.0
10018,adam,6.982754000510657e-05,0.001838155283669919,0.0
10019,adam,6.981285501738413e-05,0.0020584593057911237,0.0
10020,adam,6.979877572892308e-05,0.0022957013609091062,0.0
10021,adam,6.978545026095472e-05,0.002445246673828456,0.0
10022,adam,6.977298719023435e-05,0.0023690657776119757,0.0
10023,adam,6.976071311355772e-05,0.0021548593065041878,0.0
10024,adam,6.974802946826693e-05,0.0018236886568834274,0.0
10025,adam,6.973460188376247e-05,0.0014937791991896578,0.0
10026,adam,6.972106686545465e-05,0.0012794901315588817,0.0
10027,adam,6.970688300552115e-05,0.0012192810462276888,0.0
10028,adam,6.969292787342619e-05,0.0013321947371261224,0.0
10029,adam,6.968008069291232e-05,0.0014191401441699494,0.0
10030,adam,6.966748017986105e-05,0.0014816726465767345,0.0
10031,adam,6.965520006583995e-05,0.0014266782645067048,0.0
10032,adam,6.964283935319128e-05,0.0013126317347296323,0.0
10033,adam,6.963016956326382e-05,0.0011347222795302803,0.0
10034,adam,6.961698501234367e-05,0.0009495139122633462,0.0
10035,adam,6.960334414818231e-05,0.0008341062140673774,0.0
10036,adam,6.959001522286347e-05,0.0007797462980850209,0.0
10037,adam,6.957708654352475e-05,0.0008432946354234403,0.0
10038,adam,6.956381347375664e-05,0.0008854746031848363,0.0
10039,adam,6.955183040031052e-05,0.0009407852403118278,0.0
10040,adam,6.953942054021752e-05,0.0009232414517684844,0.0
10041,adam,6.952674193027713e-05,0.000868338573305469,0.0
10042,adam,6.951437634678015e-05,0.0007604741707371036,0.0
10043,adam,6.950106642789666e-05,0.0006316517219518604,0.0
10044,adam,6.948803588187704e-05,0.0005435761940096178,0.0
10045,adam,6.947480922547929e-05,0.00047431319991705684,0.0
10046,adam,6.946187589920513e-05,0.000508928649402323,0.0
10047,adam,6.944951514373421e-05,0.0005322341466610996,0.0
10048,adam,6.943668262032075e-05,0.0005765122117075658,0.0
10049,adam,6.942424682810601e-05,0.0005721032877991984,0.0
10050,adam,6.941179426413183e-05,0.0005506938489940462,0.0
10051,adam,6.939881431069489e-05,0.0004990260477688233,0.0
10052,adam,6.938612414407293e-05,0.0004226668474993622,0.0
10053,adam,6.937298642904779e-05,0.0003722422174132118,0.0
10054,adam,6.93603987297036e-05,0.00031824355992949904,0.0
10055,adam,6.934753702913608e-05,0.0003327264582881622,0.0
10056,adam,6.933461709495559e-05,0.0003429717966862837,0.0
10057,adam,6.932217458353996e-05,0.00038992271930752447,0.0
10058,adam,6.930955632478145e-05,0.00040347808578168354,0.0
10059,adam,6.929674637344628e-05,0.00040286352167756003,0.0
10060,adam,6.928421362567589e-05,0.0003735845079153227,0.0
10061,adam,6.927155229949796e-05,0.0003242405154369598,0.0
10062,adam,6.925869573930495e-05,0.00027824575559195894,0.0
10063,adam,6.924589647589853e-05,0.0002281231445133565,0.0
10064,adam,6.923343556927828e-05,0.0002195721567993509,0.0
10065,adam,6.92205031073273e-05,0.00022233733022874934,0.0
10066,adam,6.92078678841337e-05,0.00025154844480480793,0.0
10067,adam,6.919536183099524e-05,0.00027405432283832533,0.0
10068,adam,6.918240371527596e-05,0.0002848228674236343,0.0
10069,adam,6.917010428692281e-05,0.0002844654167264697,0.0
10070,adam,6.915691602014248e-05,0.00026555837577468794,0.0
10071,adam,6.9144675921905e-05,0.00024876578840787763,0.0
10072,adam,6.913149526299535e-05,0.0002219650925277008,0.0
10073,adam,6.91190991601347e-05,0.00020858999789996968,0.0
10074,adam,6.910610591567961e-05,0.0002000016669182208,0.0
10075,adam,6.909350760130171e-05,0.00020713311194408483,0.0
10076,adam,6.908101084541162e-05,0.00022357586619627259,0.0
10077,adam,6.906821280173127e-05,0.0002365263617212228,0.0
10078,adam,6.90553980896946e-05,0.00024810655857491055,0.0
10079,adam,6.90429701253672e-05,0.00024798069022898125,0.0
10080,adam,6.90300163157247e-05,0.00024409788685607448,0.0
10081,adam,6.901751609404466e-05,0.00023424055266057364,0.0
10082,adam,6.900458911855235e-05,0.00022136451334504588,0.0
10083,adam,6.899202875404463e-05,0.00021427039744099282,0.0
10084,adam,6.897934077526312e-05,0.00020436256369796193,0.0
10085,adam,6.896673525287637e-05,0.000209971552987659,0.0
10086,adam,6.89540211285935e-05,0.0002070325601821966,0.0
10087,adam,6.894136910021704e-05,0.00021671804134322357,0.0
10088,adam,6.892860728791974e-05,0.00021615939757783348,0.0
10089,adam,6.891603773509264e-05,0.00022012795454035144,0.0
10090,adam,6.890304279284183e-05,0.00021410832121523536,0.0
10091,adam,6.889042278662191e-05,0.00021103283064293404,0.0
10092,adam,6.887763901190929e-05,0.00020417055234506803,0.0
10093,adam,6.886528925370643e-05,0.0002026641008884772,0.0
10094,adam,6.885265708005024e-05,0.00019971057115386804,0.0
10095,adam,6.883990927641082e-05,0.0002008528931015504,0.0
10096,adam,6.882708859353572e-05,0.00020209923576485392,0.0
10097,adam,6.881453904985656e-05,0.00020394892481218145,0.0
10098,adam,6.880172084652363e-05,0.00020538358738740684,0.0
10099,adam,6.878886851684836e-05,0.00020352680141239035,0.0
10100,adam,6.877631628769056e-05,0.00020442099950784202,0.0
10101,adam,6.876367564662257e-05,0.00020164406858298031,0.0
10102,adam,6.875109286070111e-05,0.00020952797696607414,0.0
10103,adam,6.873844472919466e-05,0.0002064110873571545,0.0
10104,adam,6.872531020255924e-05,0.00021513812766388893,0.0
10105,adam,6.871279907921336e-05,0.00020966285362355013,0.0
10106,adam,6.870035232585176e-05,0.00021443761225909625,0.0
10107,adam,6.868731156231279e-05,0.00020932994791244473,0.0
10108,adam,6.867488370937942e-05,0.0002097183253418217,0.0
10109,adam,6.866213450746063e-05,0.00020497885524034537,0.0
10110,adam,6.864918521773251e-05,0.00020190126199132476,0.0
10111,adam,6.86364627238834e-05,0.00020180457706672094,0.0
10112,adam,6.862402605570534e-05,0.00019993868860459344,0.0
10113,adam,6.861131338171334e-05,0.00020388035655475713,0.0
10114,adam,6.859891468039101e-05,0.0002024431989517339,0.0
10115,adam,6.858611609405852e-05,0.00020240918694370156,0.0
10116,adam,6.857343013374872e-05,0.00020188597332500039,0.0
10117,adam,6.856057253522254e-05,0.00020003168900498036,0.0
10118,adam,6.854791960784765e-05,0.00020279789179644385,0.0
10119,adam,6.853483978418821e-05,0.00020071114920067483,0.0
10120,adam,6.852256075802106e-05,0.00020486100023109515,0.0
10121,adam,6.85096885261307e-05,0.00020168776298000227,0.0
10122,adam,6.849728493035114e-05,0.0002020483556596113,0.0
10123,adam,6.848439848443524e-05,0.0002015842511944777,0.0
10124,adam,6.847169409044472e-05,0.00019977228271417824,0.0
10125,adam,6.845914274094175e-05,0.00020456385150012006,0.0
10126,adam,6.84464485367032e-05,0.00020218610716287848,0.0
10127,adam,6.84338521508138e-05,0.00020762194890345623,0.0
10128,adam,6.842089243458006e-05,0.00020196081871869616,0.0
10129,adam,6.84082885521648e-05,0.00020453566577945367,0.0
10130,adam,6.839555146763754e-05,0.00019949054493049846,0.0
10131,adam,6.838290453011709e-05,0.0002004429517314396,0.0
10132,adam,6.837037584225135e-05,0.00019986275288085836,0.0
10133,adam,6.835761019675651e-05,0.00019945012059577062,0.0
10134,adam,6.834490010477035e-05,0.0002015235025748312,0.0
10135,adam,6.833225170272939e-05,0.00019976124779565532,0.0
10136,adam,6.831945442264999e-05,0.00020273348967247414,0.0
10137,adam,6.830688199053133e-05,0.0002000240092175148,0.0
10138,adam,6.829423721338922e-05,0.00020183592495872998,0.0
10139,adam,6.828150946578803e-05,0.00019955070215049733,0.0
10140,adam,6.826895371880222e-05,0.00020020480253351403,0.0
10141,adam,6.825623254460722e-05,0.00020029571924406377,0.0
10142,adam,6.82435630213705e-05,0.00020057294915393683,0.0
10143,adam,6.823102297793465e-05,0.00020347875041104016,0.0
10144,adam,6.821811797028411e-05,0.00020150591503730777,0.0
10145,adam,6.820552688785084e-05,0.00020682556092729886,0.0
10146,adam,6.819270491267187e-05,0.0002019936873605814,0.0
10147,adam,6.81802467945403e-05,0.00020515356427538916,0.0
10148,adam,6.816734119757462e-05,0.00020012267159000483,0.0
10149,adam,6.815469628629559e-05,0.00020295686824459524,0.0
10150,adam,6.8141912547098e-05,0.00019939779572881167,0.0
10151,adam,6.812936147385443e-05,0.00020374124161141294,0.0
10152,adam,6.811666075967484e-05,0.0002005502581972658,0.0
10153,adam,6.81039910815165e-05,0.00020512455212741537,0.0
10154,adam,6.809121371075574e-05,0.0002010503398538748,0.0
10155,adam,6.807852480967729e-05,0.0002046263616879788,0.0
10156,adam,6.80660604307588e-05,0.00019924227787629007,0.0
10157,adam,6.805305573161439e-05,0.00020075003673700016,0.0
10158,adam,6.804054379593984e-05,0.00019940225309266317,0.0
10159,adam,6.802787574745114e-05,0.0002002876264880242,0.0
10160,adam,6.801523756747919e-05,0.00020239048661661416,0.0
10161,adam,6.80025230984271e-05,0.00020163933125408572,0.0
10162,adam,6.798981628488302e-05,0.00020417375492332154,0.0
10163,adam,6.797706587631313e-05,0.00020177461633696852,0.0
10164,adam,6.796449044591202e-05,0.0002042254359410682,0.0
10165,adam,6.795180629515005e-05,0.00020019757719803646,0.0
10166,adam,6.793933657544559e-05,0.00020201198324909717,0.0
10167,adam,6.792663681469847e-05,0.00020036732203934315,0.0
10168,adam,6.791385564421635e-05,0.00020196930742459552,0.0
10169,adam,6.790132940798145e-05,0.0001992458380226825,0.0
10170,adam,6.788850056021148e-05,0.00020183424105562578,0.0
10171,adam,6.787584448915779e-05,0.00019864026943433623,0.0
10172,adam,6.786311010060543e-05,0.00020062610426673438,0.0
10173,adam,6.78503201404248e-05,0.0002001639315869616,0.0
10174,adam,6.783763077437674e-05,0.0002015935694411792,0.0
10175,adam,6.782502278033633e-05,0.00019945540448480805,0.0
10176,adam,6.781243910734538e-05,0.00020160500977156934,0.0
10177,adam,6.779969226553809e-05,0.00019886549403571176,0.0
10178,adam,6.778707490289918e-05,0.00020106365082851442,0.0
10179,adam,6.777431345268882e-05,0.00019864897568162994,0.0
10180,adam,6.776159889420097e-05,0.00019933330238767333,0.0
10181,adam,6.774881416277987e-05,0.0002001458433193255,0.0
10182,adam,6.773612240687884e-05,0.000199240400734351,0.0
10183,adam,6.772359257346302e-05,0.00020387723913021572,0.0
10184,adam,6.771093259506784e-05,0.000201214721976381,0.0
10185,adam,6.769831170071571e-05,0.0002090735283790215,0.0
10186,adam,6.768552465256876e-05,0.00020483091696206046,0.0
10187,adam,6.767262444009334e-05,0.00021364660437570455,0.0
10188,adam,6.766025201288011e-05,0.0002061887753096394,0.0
10189,adam,6.764753501990528e-05,0.00021420474050031377,0.0
10190,adam,6.76349453895116e-05,0.00020473682450988502,0.0
10191,adam,6.762236075585557e-05,0.0002080015515691225,0.0
10192,adam,6.760963095602184e-05,0.00020203160021791972,0.0
10193,adam,6.759691963537253e-05,0.00020551770036735136,0.0
10194,adam,6.758434211363859e-05,0.0002021159515479729,0.0
10195,adam,6.75714083470672e-05,0.00020705040252608006,0.0
10196,adam,6.755903583570855e-05,0.0002032441351845095,0.0
10197,adam,6.754611696486815e-05,0.00020788942333491414,0.0
10198,adam,6.753356709675701e-05,0.00020244794730202564,0.0
10199,adam,6.752078984767983e-05,0.00020364903734554934,0.0
10200,adam,6.750782280783318e-05,0.00019852354376217115,0.0
10201,adam,6.749555702568577e-05,0.00019902029506627667,0.0
10202,adam,6.748285137978532e-05,0.00019975164081528928,0.0
10203,adam,6.746983634165453e-05,0.00020143599207400712,0.0
10204,adam,6.745758354644104e-05,0.00020523986968602994,0.0
10205,adam,6.744452751826613e-05,0.00020824579155315237,0.0
10206,adam,6.743213456374635e-05,0.0002110023113214305,0.0
10207,adam,6.741951889268225e-05,0.00021575594633194115,0.0
10208,adam,6.7406869939492e-05,0.00021878806219886296,0.0
10209,adam,6.739393918378742e-05,0.0002258658698924503,0.0
10210,adam,6.738152071708041e-05,0.00022729726762471498,0.0
10211,adam,6.736852734404824e-05,0.00023674140719247855,0.0
10212,adam,6.735610116892095e-05,0.0002354117490035858,0.0
10213,adam,6.734347885047165e-05,0.0002473464255400634,0.0
10214,adam,6.733094946180076e-05,0.0002444890364109947,0.0
10215,adam,6.731812923011009e-05,0.00025353500843135516,0.0
10216,adam,6.730540590526218e-05,0.0002442613448507012,0.0
10217,adam,6.729266204725113e-05,0.00024766595862861594,0.0
10218,adam,6.728004069268356e-05,0.0002350143841236785,0.0
10219,adam,6.726736699698047e-05,0.00023431504708195376,0.0
10220,adam,6.725462261303631e-05,0.00022426648619159768,0.0
10221,adam,6.724185722102542e-05,0.0002251535251217938,0.0
10222,adam,6.72294034988632e-05,0.00021881247020838005,0.0
10223,adam,6.721680385783048e-05,0.0002206617899896574,0.0
10224,adam,6.720384096460587e-05,0.00021597811562027344,0.0
10225,adam,6.719119203518986e-05,0.00021856755119297925,0.0
10226,adam,6.717869700306162e-05,0.00021563152222479169,0.0
10227,adam,6.716629681579478e-05,0.00022114380386960492,0.0
10228,adam,6.715311252397175e-05,0.00022306954968578628,0.0
10229,adam,6.714062338828591e-05,0.0002363553653883456,0.0
10230,adam,6.712773394865787e-05,0.00024236378979463296,0.0
10231,adam,6.71154626182459e-05,0.00026280661431300745,0.0
10232,adam,6.710251997403053e-05,0.00026698541684649517,0.0
10233,adam,6.708996359990673e-05,0.0002889119451640747,0.0
10234,adam,6.707759963081045e-05,0.0002946381290081513,0.0
10235,adam,6.706453419290492e-05,0.0003234141414392513,0.0
10236,adam,6.705202464445733e-05,0.00033490107029900135,0.0
10237,adam,6.703923132246324e-05,0.0003749965813980435,0.0
10238,adam,6.70268200539376e-05,0.00039392321534186794,0.0
10239,adam,6.701440267283459e-05,0.00044800535307308484,0.0
10240,adam,6.700183357248462e-05,0.00047843977885434505,0.0
10241,adam,6.698905573614521e-05,0.0005411476896162326,0.0
10242,adam,6.69762165428721e-05,0.0005763890407184014,0.0
10243,adam,6.696384699240047e-05,0.0006523008618636384,0.0
10244,adam,6.695106363764373e-05,0.0007002171910288719,0.0
10245,adam,6.693880765476299e-05,0.0007934162685702455,0.0
10246,adam,6.692577387433796e-05,0.0008678950709991617,0.0
10247,adam,6.691359989934297e-05,0.001003618121994177,0.0
10248,adam,6.690120846321486e-05,0.0011270744513303564,0.0
10249,adam,6.688920717754898e-05,0.0013188004602012599,0.0
10250,adam,6.687690082943766e-05,0.001503024545530858,0.0
10251,adam,6.68651476558204e-05,0.001760511783517301,0.0
10252,adam,6.68534844962484e-05,0.0020245022110246505,0.0
10253,adam,6.684236020065731e-05,0.0023819621771990263,0.0
10254,adam,6.683211544153406e-05,0.002759146897211054,0.0
10255,adam,6.682229797533057e-05,0.0032413288369451056,0.0
10256,adam,6.681326654109197e-05,0.003765639799805659,0.0
10257,adam,6.68062724252371e-05,0.004429056237878057,0.0
10258,adam,6.680101907107407e-05,0.005168849651877791,0.0
10259,adam,6.679874298961087e-05,0.006087168002483357,0.0
10260,adam,6.680078015956705e-05,0.007138722955266738,0.0
10261,adam,6.680894149196868e-05,0.008438951282027974,0.0
10262,adam,6.682513752425174e-05,0.009945355675171678,0.0
10263,adam,6.685288742172838e-05,0.011781786430245791,0.0
10264,adam,6.689783936353108e-05,0.01392947417273446,0.0
10265,adam,6.696710779894826e-05,0.01654936108402763,0.0
10266,adam,6.707092591116937e-05,0.01965267858215597,0.0
10267,adam,6.72249933015567e-05,0.02342700977938319,0.0
10268,adam,6.745125348234343e-05,0.02792364795718267,0.0
10269,adam,6.77825020177327e-05,0.03338392168624632,0.0
10270,adam,6.826515708293447e-05,0.039922189757188094,0.0
10271,adam,6.89678782908945e-05,0.04785496362069739,0.0
10272,adam,6.998936470923349e-05,0.05738701853246325,0.0
10273,adam,7.147624136587785e-05,0.06893176196705149,0.0
10274,adam,7.363060879389943e-05,0.0828040186880088,0.0
10275,adam,7.675403785996366e-05,0.09952352666386059,0.0
10276,adam,8.124498020153264e-05,0.11952006703402049,0.0
10277,adam,8.768694037576901e-05,0.14338598875138914,0.0
10278,adam,9.676989116719407e-05,0.1715248684732982,0.0
10279,adam,0.00010942002431731625,0.2042771026925739,0.0
10280,adam,0.0001264065366625259,0.24150967316603084,0.0
10281,adam,0.00014844969939576782,0.28242934961791266,0.0
10282,adam,0.000174800103088088,0.324962857633851,0.0
10283,adam,0.00020341274122211337,0.3652661008933169,0.0
10284,adam,0.00022812843525328515,0.39730180187663255,0.0
10285,adam,0.0002413706525281735,0.413048561686035,0.0
10286,adam,0.0002334679637068113,0.4039557498405725,0.0
10287,adam,0.00020227878909833446,0.3637407463194377,0.0
10288,adam,0.0001541970439787236,0.2916375308602574,0.0
10289,adam,0.00010646578398583993,0.194249662664919,0.0
10290,adam,7.603484019967898e-05,0.08623708478022978,0.0
10291,adam,7.082438176018024e-05,0.04502084911410815,0.0
10292,adam,8.589852451120478e-05,0.12984531752975553,0.0
10293,adam,0.00010778675685555096,0.1968666010707283,0.0
10294,adam,0.00012226156139454356,0.2315347821918837,0.0
10295,adam,0.00012098115235220309,0.2303660435059551,0.0
10296,adam,0.00010565134797076116,0.19573241712976341,0.0
10297,adam,8.553835382690725e-05,0.13555007043968628,0.0
10298,adam,7.162360791655831e-05,0.06370412708482225,0.0
10299,adam,6.943854890477863e-05,0.034670615730778245,0.0
10300,adam,7.672883323672804e-05,0.08941784931134987,0.0
10301,adam,8.617099098435441e-05,0.13226936641554388,0.0
10302,adam,9.060298191551142e-05,0.15018567341596273,0.0
10303,adam,8.735064601105876e-05,0.1419679921003136,0.0
10304,adam,7.900659196475789e-05,0.11138112126904762,0.0
10305,adam,7.105699628413485e-05,0.06666640816980225,0.0
10306,adam,6.77692064918849e-05,0.02480933277900582,0.0
10307,adam,6.971371155820265e-05,0.04353561101968048,0.0
10308,adam,7.406928053059085e-05,0.07702070337444136,0.0
10309,adam,7.705757418967903e-05,0.09567807243660859,0.0
10310,adam,7.654035077616842e-05,0.09642584656383338,0.0
10311,adam,7.308156617157017e-05,0.08069572937631095,0.0
10312,adam,6.912317562543136e-05,0.053387215051205444,0.0
10313,adam,6.701156105323932e-05,0.0232496691889155,0.0
10314,adam,6.748014671948504e-05,0.022886061191178707,0.0
10315,adam,6.946368292522833e-05,0.04587054183751068,0.0
10316,adam,7.112900048834934e-05,0.060977189709167934,0.0
10317,adam,7.120860368224573e-05,0.06433955278113247,0.0
10318,adam,6.97281103778351e-05,0.056207629753151765,0.0
10319,adam,6.775792478714315e-05,0.039462229051701214,0.0
10320,adam,6.651290423723857e-05,0.018987420827382345,0.0
10321,adam,6.65286226704401e-05,0.012054662230752173,0.0
10322,adam,6.743226556152417e-05,0.027295619722858145,0.0
10323,adam,6.835342698413657e-05,0.03886995140734551,0.0
10324,adam,6.857798125396773e-05,0.04282129403825697,0.0
10325,adam,6.798050501589199e-05,0.03890394943863008,0.0
10326,adam,6.700093558819164e-05,0.02871597534221569,0.0
10327,adam,6.625551156528743e-05,0.014957573301250443,0.0
10328,adam,6.610623753035001e-05,0.005549742693167977,0.0
10329,adam,6.647566170945541e-05,0.01557175931243907,0.0
10330,adam,6.697393792299529e-05,0.024514227632768636,0.0
10331,adam,6.720623974625111e-05,0.028510307234372555,0.0
10332,adam,6.702209329681585e-05,0.027124903102573095,0.0
10333,adam,6.656477559199511e-05,0.021206786205485294,0.0
10334,adam,6.6126875969855e-05,0.012233002792616413,0.0
10335,adam,6.593870291764269e-05,0.0027282591255948373,0.0
10336,adam,6.603506134948565e-05,0.007835489171540175,0.0
10337,adam,6.627177504053434e-05,0.01488792859318255,0.0
10338,adam,6.644716666380967e-05,0.018745766435617477,0.0
10339,adam,6.64372884423033e-05,0.01896637216460793,0.0
10340,adam,6.625717754728331e-05,0.015934508682570035,0.0
10341,adam,6.602457778151472e-05,0.010442008531878315,0.0
10342,adam,6.58679879833529e-05,0.0037338364989223227,0.0
10343,adam,6.58469112242925e-05,0.002976890331372992,0.0
10344,adam,6.592928072653699e-05,0.008475832811207198,0.0
10345,adam,6.602755081136795e-05,0.012015655040240875,0.0
10346,adam,6.60636557750093e-05,0.013152212213553189,0.0
10347,adam,6.601165692563809e-05,0.011985510542372483,0.0
10348,adam,6.590539966702437e-05,0.008908815648529581,0.0
10349,adam,6.580445232641322e-05,0.004709483828135212,0.0
10350,adam,6.575394013235965e-05,0.0010751614819360076,0.0
10351,adam,6.576063894396875e-05,0.004313790316875199,0.0
10352,adam,6.579722703746216e-05,0.007336405294515651,0.0
10353,adam,6.582500736010478e-05,0.008881958121293863,0.0
10354,adam,6.581809940113188e-05,0.00887010434923424,0.0
10355,adam,6.577707550702245e-05,0.007405905806018515,0.0
10356,adam,6.57222248383845e-05,0.004946338807626888,0.0
10357,adam,6.567848169983833e-05,0.002104137786960316,0.0
10358,adam,6.565898833503844e-05,0.0017566309895908033,0.0
10359,adam,6.566141891940606e-05,0.0040584812860944945,0.0
10360,adam,6.567070675987657e-05,0.0056908085919384925,0.0
10361,adam,6.567122371891191e-05,0.006342090525177289,0.0
10362,adam,6.56560851316242e-05,0.005926473632883183,0.0
10363,adam,6.562824237334438e-05,0.004662751133684765,0.0
10364,adam,6.559823002848236e-05,0.002817958357090768,0.0
10365,adam,6.557525037603976e-05,0.001047791070995563,0.0
10366,adam,6.556325313631946e-05,0.0017576736623659067,0.0
10367,adam,6.555933422810716e-05,0.0032199379803802297,0.0
10368,adam,6.555581131833092e-05,0.004182997905280971,0.0
10369,adam,6.55477620201447e-05,0.004413525957243658,0.0
10370,adam,6.553264815890123e-05,0.004005059757287668,0.0
10371,adam,6.55126609841193e-05,0.003025408200664736,0.0
10372,adam,6.549349098010793e-05,0.0017405835080748615,0.0
10373,adam,6.547743375781613e-05,0.0005702364911142798,0.0
10374,adam,6.546625321985993e-05,0.0012567174550560502,0.0
10375,adam,6.545786585611002e-05,0.0022765138829110173,0.0
10376,adam,6.544983075019404e-05,0.0028800342185357343,0.0
10377,adam,6.543908506783129e-05,0.003058791017093609,0.0
10378,adam,6.542590368293244e-05,0.0027506441718049323,0.0
10379,adam,6.541051465690836e-05,0.0021122217818858595,0.0
10380,adam,6.539510520563399e-05,0.0012171138600628472,0.0
10381,adam,6.538159704146424e-05,0.00034542561350413644,0.0
10382,adam,6.536998046183454e-05,0.0007724560173643874,0.0
10383,adam,6.535969138637309e-05,0.0014641376968765702,0.0
10384,adam,6.534947840116525e-05,0.0019417427872042783,0.0
10385,adam,6.533830353276234e-05,0.0020836302292353186,0.0
10386,adam,6.532583041399289e-05,0.001970997678949801,0.0
10387,adam,6.531248805434397e-05,0.001577926458868185,0.0
10388,adam,6.529914661061654e-05,0.0010529542105270305,0.0
10389,adam,6.528590247202443e-05,0.0004379054209161066,0.0
10390,adam,6.527414645425921e-05,0.00029212461017552154,0.0
10391,adam,6.526250828292566e-05,0.0007720029754572754,0.0
10392,adam,6.525160645909692e-05,0.001108055388825327,0.0
10393,adam,6.523986133345034e-05,0.0012958899887906155,0.0
10394,adam,6.522818249780176e-05,0.001264850447387075,0.0
10395,adam,6.521590704744115e-05,0.0011080289350306894,0.0
10396,adam,6.520338049201557e-05,0.000805134782223147,0.0
10397,adam,6.519085249085039e-05,0.000491553997420152,0.0
10398,adam,6.517888409074112e-05,0.00023199053899582338,0.0
10399,adam,6.516716911769157e-05,0.00036600065728954783,0.0
10400,adam,6.515553696654082e-05,0.0006078658341827693,0.0
10401,adam,6.514379006911631e-05,0.000751979222229807,0.0
10402,adam,6.513209088611503e-05,0.0008178720552469929,0.0
10403,adam,6.511982387384367e-05,0.0007487990580105561,0.0
10404,adam,6.510756930228984e-05,0.0006311403860960136,0.0
10405,adam,6.509564218273718e-05,0.000435533580650358,0.0
10406,adam,6.508349936146755e-05,0.0002847557718405127,0.0
10407,adam,6.507157146476056e-05,0.00022931842522382948,0.0
10408,adam,6.505963775627191e-05,0.0003223061571790612,0.0
10409,adam,6.504792363565195e-05,0.0004326759159102329,0.0
10410,adam,6.503622498380285e-05,0.0004814749781292605,0.0
10411,adam,6.502427348040687e-05,0.0004933360100139501,0.0
10412,adam,6.501247977099334e-05,0.0004299883525168475,0.0
10413,adam,6.500047289615207e-05,0.00036568974837973393,0.0
10414,adam,6.498835423640972e-05,0.00027104223585373003,0.0
10415,adam,6.497621529757793e-05,0.00023586686164319085,0.0
10416,adam,6.496485259600252e-05,0.00022875870582110544,0.0
10417,adam,6.495268014737623e-05,0.00026559906762098085,0.0
10418,adam,6.494079343943225e-05,0.00029501062987008936,0.0
10419,adam,6.492897813399257e-05,0.0003052528183593953,0.0
10420,adam,6.491690496975582e-05,0.00029955596506657094,0.0
10421,adam,6.490499759340509e-05,0.0002674803146551273,0.0
10422,adam,6.489346989555552e-05,0.0002364425639183938,0.0
10423,adam,6.488132233025173e-05,0.00020476309932713352,0.0
10424,adam,6.486944287270938e-05,0.00019537335658279683,0.0
10425,adam,6.485752522351795e-05,0.00020706131624287333,0.0
10426,adam,6.484564926995066e-05,0.00022094796404145505,0.0
10427,adam,6.48336093991392e-05,0.00023552448061589057,0.0
10428,adam,6.482174806643546e-05,0.00023155231571815704,0.0
10429,adam,6.480999784303301e-05,0.00022434406771764588,0.0
10430,adam,6.479810566396995e-05,0.0002128828005129913,0.0
10431,adam,6.47861705583513e-05,0.0002012577666009683,0.0
10432,adam,6.477419392030063e-05,0.00020626939665927948,0.0
10433,adam,6.476253115268515e-05,0.00020952615145820798,0.0
10434,adam,6.47504256161739e-05,0.00023206737751323817,0.0
10435,adam,6.473855098244706e-05,0.000229731071406404,0.0
10436,adam,6.472657440131468e-05,0.00023742213020621448,0.0
10437,adam,6.471505404023756e-05,0.00022129555042219186,0.0
10438,adam,6.470286985663426e-05,0.00021225486993830243,0.0
10439,adam,6.469103002236783e-05,0.0002020843313197818,0.0
10440,adam,6.467909147517074e-05,0.00019776996896326405,0.0
10441,adam,6.466746097629717e-05,0.00021164791475494584,0.0
10442,adam,6.465525629994009e-05,0.00021402026744093294,0.0
10443,adam,6.464359348012924e-05,0.00023584115288977954,0.0
10444,adam,6.463169884611945e-05,0.00023298495308948176,0.0
10445,adam,6.461968884558447e-05,0.0002469162059057687,0.0
10446,adam,6.46080719737104e-05,0.00023204572051910914,0.0
10447,adam,6.459626253645097e-05,0.0002279097051831766,0.0
10448,adam,6.458426827789804e-05,0.00021018059649727155,0.0
10449,adam,6.457232160095105e-05,0.00020468114990123025,0.0
10450,adam,6.456032698905156e-05,0.00020138742121394215,0.0
10451,adam,6.454850852607796e-05,0.0001993037120700451,0.0
10452,adam,6.453679227368956e-05,0.00021059974485099838,0.0
10453,adam,6.452451435905138e-05,0.00020814060917195238,0.0
10454,adam,6.451271243717431e-05,0.0002257895462487261,0.0
10455,adam,6.450079312397982e-05,0.00022043308146757354,0.0
10456,adam,6.448915945884086e-05,0.00023737985909514321,0.0
10457,adam,6.447696712842614e-05,0.0002253083055593331,0.0
10458,adam,6.44653954987027e-05,0.00023743624837990336,0.0
10459,adam,6.445338885137619e-05,0.00022133857169120253,0.0
10460,adam,6.444169090013207e-05,0.00023085263666779824,0.0
10461,adam,6.442958131815674e-05,0.0002157314490685172,0.0
10462,adam,6.441770727731995e-05,0.00022269367594580737,0.0
10463,adam,6.440613684739788e-05,0.00020816318773146336,0.0
10464,adam,6.439407206410465e-05,0.00021398236503223291,0.0
10465,adam,6.438232210563002e-05,0.00020318092256415527,0.0
10466,adam,6.437006945860388e-05,0.00020673916484638895,0.0
10467,adam,6.435855074081321e-05,0.0002026222976604808,0.0
10468,adam,6.434656413488403e-05,0.00020409949389039157,0.0
10469,adam,6.433456925063042e-05,0.0002053212209393452,0.0
10470,adam,6.432282464555772e-05,0.00020218794191557515,0.0
10471,adam,6.431082161932132e-05,0.0002056323175824676,0.0
10472,adam,6.42990096592911e-05,0.0002003491518335,0.0
10473,adam,6.42871707714961e-05,0.00020494277127423898,0.0
10474,adam,6.427525232206288e-05,0.00019674590641941946,0.0
10475,adam,6.426338741831063e-05,0.00019926104768629445,0.0
10476,adam,6.425117452684776e-05,0.00019558601272658314,0.0
10477,adam,6.423960194962957e-05,0.00019755776609731968,0.0
10478,adam,6.422788892117779e-05,0.00020182270985862373,0.0
10479,adam,6.421606922990623e-05,0.00020394822130146242,0.0
10480,adam,6.420425941219853e-05,0.00021087253832400353,0.0
10481,adam,6.419217804891011e-05,0.00020831638956983933,0.0
10482,adam,6.418033211038178e-05,0.00021639794896522705,0.0
10483,adam,6.416850222944656e-05,0.00021180076495761805,0.0
10484,adam,6.415683966889374e-05,0.00022283792684597931,0.0
10485,adam,6.414451617589329e-05,0.0002140146144065377,0.0
10486,adam,6.413284412021206e-05,0.00022066060112885442,0.0
10487,adam,6.412115069889305e-05,0.00020629614212608598,0.0
10488,adam,6.410915394660448e-05,0.00021007212865299264,0.0
10489,adam,6.409727370254174e-05,0.0001995462105700453,0.0
10490,adam,6.408545201788695e-05,0.0002052517319198514,0.0
10491,adam,6.407345390079406e-05,0.00019975446571561815,0.0
10492,adam,6.406149514508159e-05,0.000204454261372575,0.0
10493,adam,6.405003266901082e-05,0.00019859779956733162,0.0
10494,adam,6.403775773314581e-05,0.0002063509031351813,0.0
10495,adam,6.402627308306536e-05,0.0002007586984115704,0.0
10496,adam,6.401423117835436e-05,0.00021138975054029824,0.0
10497,adam,6.400261487292119e-05,0.00020494023093265988,0.0
10498,adam,6.399029048984527e-05,0.0002115578347106113,0.0
10499,adam,6.397880227827532e-05,0.00020129610527461545,0.0
10500,adam,6.396707968578199e-05,0.00020477626161720592,0.0
10501,adam,6.3954946198124e-05,0.00019727040642780183,0.0
10502,adam,6.394308552917609e-05,0.00019998533369933847,0.0
10503,adam,6.393106863176304e-05,0.00019524883616672402,0.0
10504,adam,6.391900274095103e-05,0.0001972014338285347,0.0
10505,adam,6.390735038440835e-05,0.00019432653742265107,0.0
10506,adam,6.389576662676645e-05,0.00019664842450061826,0.0
10507,adam,6.388357226387653e-05,0.0001944564818825699,0.0
10508,adam,6.387184827453068e-05,0.00019676172510281085,0.0
10509,adam,6.386010607751139e-05,0.00019432089021341817,0.0
10510,adam,6.384816559753647e-05,0.0001970915787445231,0.0
10511,adam,6.383620111636936e-05,0.00019479567668084533,0.0
10512,adam,6.382468375059055e-05,0.0002014629855412282,0.0
10513,adam,6.381266503516027e-05,0.0002004650077752427,0.0
10514,adam,6.38007806011224e-05,0.0002090665093091586,0.0
10515,adam,6.37888771608814e-05,0.0002029185541970315,0.0
10516,adam,6.377711962561043e-05,0.0002077445095916352,0.0
10517,adam,6.376504732972621e-05,0.00020137276798347156,0.0
10518,adam,6.375335680785449e-05,0.0002042682818750437,0.0
10519,adam,6.374155219734415e-05,0.00019866232306351708,0.0
10520,adam,6.372961739067913e-05,0.00019946045031861794,0.0
10521,adam,6.371789645368331e-05,0.00019463398848329556,0.0
10522,adam,6.370595048167091e-05,0.0001965111670773513,0.0
10523,adam,6.369430899009232e-05,0.00019447920241214665,0.0
10524,adam,6.368198460555918e-05,0.00019559821890080358,0.0
10525,adam,6.367049905230818e-05,0.00019968227452466054,0.0
10526,adam,6.365825344783636e-05,0.00020144434044729514,0.0
10527,adam,6.364645674936727e-05,0.00021117224025749871,0.0
10528,adam,6.363499857760146e-05,0.00020741819969338218,0.0
10529,adam,6.362307304178684e-05,0.00021544034318178725,0.0
10530,adam,6.361126648749571e-05,0.00020687865614276858,0.0
10531,adam,6.359922293133414e-05,0.00021485412737888058,0.0
10532,adam,6.35874615095167e-05,0.0002063764049683708,0.0
10533,adam,6.357564278772208e-05,0.00021409072712156668,0.0
10534,adam,6.356401599558656e-05,0.00020237538876290842,0.0
10535,adam,6.355200267541362e-05,0.00020857117502132497,0.0
10536,adam,6.353999806978437e-05,0.00019934750272644408,0.0
10537,adam,6.352830516792289e-05,0.00020575517547665153,0.0
10538,adam,6.35166085351995e-05,0.00019974744898683763,0.0
10539,adam,6.350462059715504e-05,0.0002049417854455755,0.0
10540,adam,6.349260476034104e-05,0.00019892932561423114,0.0
10541,adam,6.348096569348471e-05,0.0002062125137231576,0.0
10542,adam,6.346920052234264e-05,0.00020075944484527477,0.0
10543,adam,6.345730138624495e-05,0.0002126121994054405,0.0
10544,adam,6.34453430022201e-05,0.00020701924309754594,0.0
10545,adam,6.343346951574968e-05,0.0002218934397720097,0.0
10546,adam,6.342166310731835e-05,0.0002140403661305444,0.0
10547,adam,6.341004908168597e-05,0.00023019965844572676,0.0
10548,adam,6.339811931346093e-05,0.00022078097249484286,0.0
10549,adam,6.338614529857321e-05,0.00023557039378892754,0.0
10550,adam,6.33743134243065e-05,0.0002226559887365892,0.0
10551,adam,6.336244165263576e-05,0.00023591049219256953,0.0
10552,adam,6.335062199614835e-05,0.00022265555764733257,0.0
10553,adam,6.333868623955704e-05,0.00023711938213375147,0.0
10554,adam,6.332698849643821e-05,0.0002258556740392195,0.0
10555,adam,6.331537383434205e-05,0.00024189384005565093,0.0
10556,adam,6.330341287802668e-05,0.00023180092511078574,0.0
10557,adam,6.329153079846826e-05,0.0002506681912265832,0.0
10558,adam,6.327961300537643e-05,0.00024115005495284605,0.0
10559,adam,6.326795048872461e-05,0.0002669296434691051,0.0
10560,adam,6.325593401213031e-05,0.00026440623594647396,0.0
10561,adam,6.324428665410606e-05,0.00029891382651912424,0.0
10562,adam,6.323240010837768e-05,0.00029823505704461344,0.0
10563,adam,6.322056230398584e-05,0.00033962864472742707,0.0
10564,adam,6.320878611865361e-05,0.00034200915295156244,0.0
10565,adam,6.319696536789785e-05,0.00039485407314488705,0.0
10566,adam,6.318528642637491e-05,0.0004104399613215484,0.0
10567,adam,6.317328363867887e-05,0.0004736379316547529,0.0
10568,adam,6.3161686492821e-05,0.0004942848717238655,0.0
10569,adam,6.315008796808941e-05,0.0005652675493666374,0.0
10570,adam,6.313821214664897e-05,0.0005911845258382884,0.0
10571,adam,6.312641678567359e-05,0.0006706230121249485,0.0
10572,adam,6.311488082570128e-05,0.0007088229676092465,0.0
10573,adam,6.310311241912308e-05,0.0007997506957961606,0.0
10574,adam,6.309178545827246e-05,0.00084711860853877,0.0
10575,adam,6.307990242007203e-05,0.0009531287697615181,0.0
10576,adam,6.306869574731856e-05,0.0010237936243906948,0.0
10577,adam,6.305708006687643e-05,0.0011605230081566744,0.0
10578,adam,6.304591176128292e-05,0.001261747815707484,0.0
10579,adam,6.303464926492736e-05,0.0014307030016157717,0.0
10580,adam,6.302368992673518e-05,0.0015701713394986544,0.0
10581,adam,6.301304970466295e-05,0.0017857780882852288,0.0
10582,adam,6.300236476573575e-05,0.001980207980793482,0.0
10583,adam,6.299264051624483e-05,0.0022597382958551154,0.0
10584,adam,6.298302672693904e-05,0.0025290969979798157,0.0
10585,adam,6.297437271096116e-05,0.0028952333481530508,0.0
10586,adam,6.296658661630766e-05,0.003265809119009806,0.0
10587,adam,6.296012736104411e-05,0.003750469489108842,0.0
10588,adam,6.295524467365889e-05,0.00425510488292373,0.0
10589,adam,6.295256852329457e-05,0.004887649293338348,0.0
10590,adam,6.295295296798422e-05,0.005560716402132903,0.0
10591,adam,6.295722433468584e-05,0.006398223260158555,0.0
10592,adam,6.296697736159744e-05,0.007318189250180307,0.0
10593,adam,6.298421421514715e-05,0.008441837418251198,0.0
10594,adam,6.30106384912686e-05,0.009686441867958733,0.0
10595,adam,6.305000964127972e-05,0.01118292855058988,0.0
10596,adam,6.31067968155104e-05,0.012871588252855849,0.0
10597,adam,6.318805621578967e-05,0.014899315890557341,0.0
10598,adam,6.33013199652349e-05,0.017212082319793515,0.0
10599,adam,6.345814688248838e-05,0.019966244130102742,0.0
10600,adam,6.367405168968281e-05,0.023122865345770918,0.0
10601,adam,6.396995739463689e-05,0.026862310032811313,0.0
10602,adam,6.437289200851282e-05,0.031165283711296798,0.0
10603,adam,6.491894885989792e-05,0.03622614245154622,0.0
10604,adam,6.565299366944114e-05,0.04203911655831502,0.0
10605,adam,6.663119966678822e-05,0.04880350713112716,0.0
10606,adam,6.791734146800914e-05,0.056495448388401724,0.0
10607,adam,6.958094180209964e-05,0.0652769519156435,0.0
10608,adam,7.167836371294491e-05,0.07504626207620096,0.0
10609,adam,7.424360838250449e-05,0.08583852363047038,0.0
10610,adam,7.723663389741259e-05,0.09735293888081689,0.0
10611,adam,8.053324273301737e-05,0.10936796438967522,0.0
10612,adam,8.385624207775096e-05,0.1212636421706104,0.0
10613,adam,8.684716397556467e-05,0.13251453511064676,0.0
10614,adam,8.907258517629939e-05,0.142304442294907,0.0
10615,adam,9.02581010589202e-05,0.1500919701894041,0.0
10616,adam,9.03161208398331e-05,0.15529512376872595,0.0
10617,adam,8.951065520579747e-05,0.15775326110581214,0.0
10618,adam,8.816069817722595e-05,0.1572926246120892,0.0
10619,adam,8.659673981037039e-05,0.15392849020986832,0.0
10620,adam,8.479484178792256e-05,0.14746723083906654,0.0
10621,adam,8.260106881299044e-05,0.13774371816759284,0.0
10622,adam,7.97080734962845e-05,0.12449068048275655,0.0
10623,adam,7.606587166287209e-05,0.10770228918425005,0.0
10624,adam,7.192298432195903e-05,0.08760045053070036,0.0
10625,adam,6.789390959320957e-05,0.06497789135753723,0.0
10626,adam,6.469596358479516e-05,0.04089319477453402,0.0
10627,adam,6.286324891596954e-05,0.016818076095751765,0.0
10628,adam,6.251699403475897e-05,0.005928032215867285,0.0
10629,adam,6.335062259516273e-05,0.025996703115547696,0.0
10630,adam,6.47855301187196e-05,0.04255054151968763,0.0
10631,adam,6.620818432438421e-05,0.0549645211806261,0.0
10632,adam,6.717771750420736e-05,0.06313231442861782,0.0
10633,adam,6.75170743103382e-05,0.06718090861883969,0.0
10634,adam,6.730566305156955e-05,0.06766185086542063,0.0
10635,adam,6.675569818426677e-05,0.06517036300339481,0.0
10636,adam,6.609387045409423e-05,0.06050657502188471,0.0
10637,adam,6.545345047766625e-05,0.05423575339897584,0.0
10638,adam,6.487020111851599e-05,0.04696020467957097,0.0
10639,adam,6.431038708231217e-05,0.038910821604974964,0.0
10640,adam,6.374668434395796e-05,0.03040948012387434,0.0
10641,adam,6.31996801281828e-05,0.02161344155457054,0.0
10642,adam,6.274124477674704e-05,0.013157017599785145,0.0
10643,adam,6.245558502336205e-05,0.007083756316527895,0.0
10644,adam,6.239361852971163e-05,0.00930893803020158,0.0
10645,adam,6.253781474997903e-05,0.015599173434775085,0.0
10646,adam,6.280961662510284e-05,0.02143360561993167,0.0
10647,adam,6.309765113441968e-05,0.02598437725193724,0.0
10648,adam,6.330347030885412e-05,0.028888741217763483,0.0
10649,adam,6.337318074570072e-05,0.03023037609009423,0.0
10650,adam,6.330618576493941e-05,0.03005395344612465,0.0
10651,adam,6.31447911762958e-05,0.028720417739234616,0.0
10652,adam,6.294701012606023e-05,0.026451827503408396,0.0
10653,adam,6.276130592291999e-05,0.023653481329658284,0.0
10654,adam,6.261014128471388e-05,0.020477535576499808,0.0
10655,adam,6.249408203724304e-05,0.01717439877734678,0.0
10656,adam,6.240077194435167e-05,0.013755892802801453,0.0
10657,adam,6.231776942115501e-05,0.010355338645900582,0.0
10658,adam,6.224319983647348e-05,0.0070613195313856195,0.0
10659,adam,6.218297619423329e-05,0.004424971134177311,0.0
10660,adam,6.214702636727719e-05,0.004044597134809776,0.0
10661,adam,6.214166125689504e-05,0.006022024113643983,0.0
10662,adam,6.21637226785365e-05,0.008546191560076589,0.0
10663,adam,6.220118255030455e-05,0.010743870775548349,0.0
10664,adam,6.223754189536656e-05,0.012435705311475897,0.0
10665,adam,6.225920660024673e-05,0.013443509535364023,0.0
10666,adam,6.225864723390688e-05,0.013841039743623076,0.0
10667,adam,6.223594185028151e-05,0.013619386615490486,0.0
10668,adam,6.219880846197563e-05,0.0129613657634894,0.0
10669,adam,6.215592500647329e-05,0.011924393128110685,0.0
10670,adam,6.211503156922816e-05,0.010732271342682497,0.0
10671,adam,6.207923059756115e-05,0.00939744247200843,0.0
10672,adam,6.204908403013305e-05,0.008080837115481859,0.0
10673,adam,6.202226229988862e-05,0.006720148755518393,0.0
10674,adam,6.19966881996411e-05,0.0054232978626506416,0.0
10675,adam,6.197114142582157e-05,0.004082083566639618,0.0
10676,adam,6.194660903064728e-05,0.0028096174005130974,0.0
10677,adam,6.192579808679649e-05,0.0015843973482297068,0.0
10678,adam,6.19094691545245e-05,0.0009507493574613553,0.0
10679,adam,6.189840445640528e-05,0.0015938663541833508,0.0
10680,adam,6.189161827454808e-05,0.002536219814430415,0.0
10681,adam,6.188788611561982e-05,0.0034405063228275137,0.0
10682,adam,6.188412241752933e-05,0.00412344129803374,0.0
10683,adam,6.187813598754419e-05,0.004661403761902307,0.0
10684,adam,6.186941500819877e-05,0.004960545329896524,0.0
10685,adam,6.185842239886144e-05,0.005150603744644671,0.0
10686,adam,6.18455692606948e-05,0.005174771583621398,0.0
10687,adam,6.183248869456367e-05,0.005166698323101607,0.0
10688,adam,6.181898482414687e-05,0.00505015267035153,0.0
10689,adam,6.180592996639817e-05,0.004922633972664129,0.0
10690,adam,6.179308784067436e-05,0.004690876676769493,0.0
10691,adam,6.177942084209656e-05,0.004437147534913912,0.0
10692,adam,6.176555005137203e-05,0.004079932721914458,0.0
10693,adam,6.175107349971868e-05,0.003697097693899637,0.0
10694,adam,6.173603089088163e-05,0.00322837074881808,0.0
10695,adam,6.17212773935695e-05,0.002769212843605056,0.0
10696,adam,6.170718011908945e-05,0.002265210793710751,0.0
10697,adam,6.1693901613635e-05,0.0018314882759430074,0.0
10698,adam,6.168088016152054e-05,0.001411699034317548,0.0
10699,adam,6.166916137648936e-05,0.0011169139498974196,0.0
10700,adam,6.165757287912449e-05,0.0008622707094280957,0.0
10701,adam,6.16460505929797e-05,0.0007380615047485778,0.0
10702,adam,6.163456672400032e-05,0.000637729010358353,0.0
10703,adam,6.162294043140002e-05,0.0006184186871425527,0.0
10704,adam,6.161133352985321e-05,0.000649217631978791,0.0
10705,adam,6.159966362794873e-05,0.0007161391137148065,0.0
10706,adam,6.158826446059414e-05,0.000852700872926924,0.0
10707,adam,6.157706714419236e-05,0.0009695920291433541,0.0
10708,adam,6.156598122052956e-05,0.0011309243835704163,0.0
10709,adam,6.155525981302215e-05,0.0012294823053311385,0.0
10710,adam,6.154432516763508e-05,0.0013544924235989264,0.0
10711,adam,6.153303033308325e-05,0.001405600062077033,0.0
10712,adam,6.152186130302696e-05,0.0014857858207144537,0.0
10713,adam,6.151029354263092e-05,0.0015022536537415555,0.0
10714,adam,6.149877751398025e-05,0.0015533347304067702,0.0
10715,adam,6.148741429105909e-05,0.001543336989696487,0.0
10716,adam,6.147583361238827e-05,0.0015702451095988197,0.0
10717,adam,6.146437224751098e-05,0.001545738311886935,0.0
10718,adam,6.145308991883813e-05,0.0015570746138864572,0.0
10719,adam,6.144140126149077e-05,0.0015211094663057211,0.0
10720,adam,6.143026873349527e-05,0.0015233112084308326,0.0
10721,adam,6.141887025837985e-05,0.0014832770796464612,0.0
10722,adam,6.140723390881081e-05,0.0014861350783215775,0.0
10723,adam,6.139583978429853e-05,0.0014473408905569239,0.0
10724,adam,6.138450086927958e-05,0.001448790415972011,0.0
10725,adam,6.137289246473424e-05,0.001410825108021897,0.0
10726,adam,6.13615530035353e-05,0.0014246770070072733,0.0
10727,adam,6.135006448321881e-05,0.0014092261663362338,0.0
10728,adam,6.133886185941565e-05,0.0014500053391971598,0.0
10729,adam,6.132757239784973e-05,0.0014477480043786296,0.0
10730,adam,6.131617680856027e-05,0.0014932555991091284,0.0
10731,adam,6.130504579342703e-05,0.0014940100150711566,0.0
10732,adam,6.12937540668902e-05,0.0015449596123811617,0.0
10733,adam,6.128211158468617e-05,0.0015518624773144885,0.0
10734,adam,6.127128612400302e-05,0.0016146481229389396,0.0
10735,adam,6.125950825237235e-05,0.0016418306467238788,0.0
10736,adam,6.124848372134379e-05,0.0017232976619327865,0.0
10737,adam,6.123727331279522e-05,0.001765261509049268,0.0
10738,adam,6.122608921672925e-05,0.0018606777136034246,0.0
10739,adam,6.121538170214598e-05,0.001918120136989806,0.0
10740,adam,6.120411331395165e-05,0.00202650339118408,0.0
10741,adam,6.119305587222286e-05,0.0020978507474486534,0.0
10742,adam,6.118205590085049e-05,0.0022165517544244008,0.0
10743,adam,6.117117080930374e-05,0.0022977537834880848,0.0
10744,adam,6.116036921750659e-05,0.0024351644655568666,0.0
10745,adam,6.114955040436874e-05,0.002541901198157207,0.0
10746,adam,6.113922403782094e-05,0.0027082287269341275,0.0
10747,adam,6.112836385538736e-05,0.0028453926529637898,0.0
10748,adam,6.111805274001148e-05,0.0030463943381088252,0.0
10749,adam,6.110838884155172e-05,0.0032268049187908275,0.0
10750,adam,6.109841092619471e-05,0.0034822305037414416,0.0
10751,adam,6.108881108222037e-05,0.00372128955475703,0.0
10752,adam,6.108003490245341e-05,0.004041778625535296,0.0
10753,adam,6.107127305489753e-05,0.0043561687508803055,0.0
10754,adam,6.106349190635168e-05,0.004756176527728209,0.0
10755,adam,6.105634684255864e-05,0.005155805213773713,0.0
10756,adam,6.104999478284494e-05,0.005651261238978087,0.0
10757,adam,6.104486647214214e-05,0.00615367788760919,0.0
10758,adam,6.10413109227176e-05,0.006758721420749684,0.0
10759,adam,6.103933914626468e-05,0.007380975129778025,0.0
10760,adam,6.103886337958009e-05,0.00812049884309689,0.0
10761,adam,6.104130847135408e-05,0.008895095961654536,0.0
10762,adam,6.104675277202618e-05,0.009809078973768228,0.0
10763,adam,6.105620872428098e-05,0.010785163392705736,0.0
10764,adam,6.107102830166833e-05,0.011932218472803999,0.0
10765,adam,6.109156842882326e-05,0.013173811516987812,0.0
10766,adam,6.112067723765e-05,0.014621302124423611,0.0
10767,adam,6.115929964517915e-05,0.016204828262552127,0.0
10768,adam,6.121118046225075e-05,0.01804616830585641,0.0
10769,adam,6.127970398651898e-05,0.02008346180950144,0.0
10770,adam,6.136893345997895e-05,0.022437140016867804,0.0
10771,adam,6.148488969568721e-05,0.02505879395203178,0.0
10772,adam,6.163571145753664e-05,0.028087961779411565,0.0
10773,adam,6.18302642061713e-05,0.031479460683802064,0.0
10774,adam,6.208221318064255e-05,0.03537886254964795,0.0
10775,adam,6.240580673917729e-05,0.03975658399102697,0.0
10776,adam,6.282218881673119e-05,0.044769801415493984,0.0
10777,adam,6.335602871078231e-05,0.05040141833263726,0.0
10778,adam,6.404036335731761e-05,0.056819874235827905,0.0
10779,adam,6.491200111765681e-05,0.06401268356804364,0.0
10780,adam,6.60218347087727e-05,0.07215150331249233,0.0
10781,adam,6.742318062986796e-05,0.0812271504980912,0.0
10782,adam,6.918833335919229e-05,0.0913912658448865,0.0
10783,adam,7.137693524611376e-05,0.10257901098349988,0.0
10784,adam,7.406919353505502e-05,0.1148542594789698,0.0
10785,adam,7.730141922775654e-05,0.12804307893746653,0.0
10786,adam,8.111405118733445e-05,0.14201660095869265,0.0
10787,adam,8.541697005832452e-05,0.1563228609997401,0.0
10788,adam,9.009100333802546e-05,0.17046993020491272,0.0
10789,adam,9.475208766052657e-05,0.18356760062699878,0.0
10790,adam,9.897665031103088e-05,0.19461867473381678,0.0
10791,adam,0.000101996874013225,0.2022639148061307,0.0
10792,adam,0.00010318588583364951,0.2051635387095751,0.0
10793,adam,0.00010179071377934513,0.20191613396391708,0.0
10794,adam,9.766487074960936e-05,0.19156238958323443,0.0
10795,adam,9.10059207165858e-05,0.17363632116670927,0.0
10796,adam,8.28461759565226e-05,0.14858250941257245,0.0
10797,adam,7.450157407786227e-05,0.11758698557463527,0.0
10798,adam,6.743707959923923e-05,0.08264098674841247,0.0
10799,adam,6.268491323364029e-05,0.04604233566029745,0.0
10800,adam,6.065297410993076e-05,0.010396383341075286,0.0
10801,adam,6.10649163071992e-05,0.022850603794622865,0.0
10802,adam,6.315054693750033e-05,0.05097641855183678,0.0
10803,adam,6.591697211560116e-05,0.07319479329045722,0.0
10804,adam,6.840785905139055e-05,0.08855307127732837,0.0
10805,adam,6.992315757464051e-05,0.09675207598496091,0.0
10806,adam,7.01069848695498e-05,0.09775821760809121,0.0
10807,adam,6.902044723162763e-05,0.09215219653960487,0.0
10808,adam,6.702407768029509e-05,0.08075248495643614,0.0
10809,adam,6.468586393844728e-05,0.06490511548698608,0.0
10810,adam,6.256796162878211e-05,0.04603112304450268,0.0
10811,adam,6.109370086916103e-05,0.025829928290323365,0.0
10812,adam,6.0445399855374615e-05,0.005783187975075459,0.0
10813,adam,6.056191621893607e-05,0.012622868541402838,0.0
10814,adam,6.119869226210645e-05,0.028345404900784667,0.0
10815,adam,6.203071942889195e-05,0.04047441758706701,0.0
10816,adam,6.275003096113915e-05,0.04863131046307739,0.0
10817,adam,6.314151195000218e-05,0.052558038582855786,0.0
10818,adam,6.312182563248566e-05,0.052490235222180416,0.0
10819,adam,6.273038049342421e-05,0.04873474096983717,0.0
10820,adam,6.210369607033963e-05,0.04200538432229724,0.0
10821,adam,6.141363968107714e-05,0.03299296313239855,0.0
10822,adam,6.082201763032537e-05,0.02264327189746597,0.0
10823,adam,6.043398332799203e-05,0.011744818688597171,0.0
10824,adam,6.028495380864255e-05,0.0013640693536193594,0.0
10825,adam,6.034439059660781e-05,0.008513068188286196,0.0
10826,adam,6.053627502341586e-05,0.016544022467586423,0.0
10827,adam,6.076773634559708e-05,0.022704548093972685,0.0
10828,adam,6.0956237602037414e-05,0.026681967230571927,0.0
10829,adam,6.104744979808508e-05,0.02852846799855409,0.0
10830,adam,6.102297613728595e-05,0.028254990796654555,0.0
10831,adam,6.0898063430882825e-05,0.026189696960895858,0.0
10832,adam,6.0710571262321945e-05,0.022571658491424697,0.0
10833,adam,6.050744078771218e-05,0.017878785683065297,0.0
10834,adam,6.033067835038885e-05,0.01245470845110176,0.0
10835,adam,6.020890944871477e-05,0.006813525749148943,0.0
10836,adam,6.0152393873959526e-05,0.0012864566546551756,0.0
10837,adam,6.015434484285576e-05,0.0038079432642090898,0.0
10838,adam,6.019495001668256e-05,0.008136659494867493,0.0
10839,adam,6.025082117474679e-05,0.011481476645382752,0.0
10840,adam,6.0299590579697525e-05,0.013827155645049508,0.0
10841,adam,6.03247823772052e-05,0.015041153029687953,0.0
10842,adam,6.031969220022448e-05,0.015254756642413419,0.0
10843,adam,6.0285865190812775e-05,0.014471909286887751,0.0
10844,adam,6.023175970925913e-05,0.01293591757769248,0.0
10845,adam,6.0168314469245746e-05,0.01073071734489934,0.0
10846,adam,6.010738766862129e-05,0.008144698154023045,0.0
10847,adam,6.005797790150749e-05,0.00528963764302425,0.0
10848,adam,6.002438708170064e-05,0.0024499832355973114,0.0
10849,adam,6.0007668543365134e-05,0.00039178356596284824,0.0
10850,adam,6.000425491344216e-05,0.0027339307863944395,0.0
10851,adam,6.0008402246855615e-05,0.004788231643939861,0.0
10852,adam,6.001523606248321e-05,0.006326474186838703,0.0
10853,adam,6.001862012470665e-05,0.007402455357979377,0.0
10854,adam,6.001603406909286e-05,0.007914880534013218,0.0
10855,adam,6.000549938089672e-05,0.007982255243985424,0.0
10856,adam,5.9988039252159475e-05,0.007563532022473077,0.0
10857,adam,5.996591865300908e-05,0.006814623603819532,0.0
10858,adam,5.994150667515709e-05,0.005731037443617834,0.0
10859,adam,5.9917351005093374e-05,0.004489275286493812,0.0
10860,adam,5.9895851659075756e-05,0.003090543457283933,0.0
10861,adam,5.987811798909265e-05,0.0017127897146124143,0.0
10862,adam,5.986437995364224e-05,0.00038225955396617304,0.0
10863,adam,5.98539415264474e-05,0.0009119872589234332,0.0
10864,adam,5.984605306752913e-05,0.00198526874204944,0.0
10865,adam,5.9839368128563204e-05,0.0028224299408147174,0.0
10866,adam,5.983236598087511e-05,0.003484083109417166,0.0
10867,adam,5.9824386635752516e-05,0.003862383537114944,0.0
10868,adam,5.981423049435811e-05,0.0040518885826112145,0.0
10869,adam,5.9803044554475076e-05,0.003981712477339184,0.0
10870,adam,5.9790147961184085e-05,0.0037625658086659288,0.0
10871,adam,5.9776091374569517e-05,0.0033391853027979366,0.0
10872,adam,5.9762163101673174e-05,0.002844185637237982,0.0
10873,adam,5.974798871652078e-05,0.002227447048678717,0.0
10874,adam,5.97342414202971e-05,0.0016104554101062597,0.0
10875,adam,5.972161031145054e-05,0.0009390690112775539,0.0
10876,adam,5.971000759293086e-05,0.00036458644242785105,0.0
10877,adam,5.969894939042965e-05,0.0003499299769115201,0.0
10878,adam,5.9688569387428335e-05,0.0008000210092994294,0.0
10879,adam,5.9678391726642186e-05,0.001231338804767349,0.0
10880,adam,5.966808425852692e-05,0.0015243064461913502,0.0
10881,adam,5.965768645314556e-05,0.0017580080821506877,0.0
10882,adam,5.96472663408053e-05,0.0018458251879527757,0.0
10883,adam,5.963609320088973e-05,0.0018839507019293988,0.0
10884,adam,5.962518686720358e-05,0.0017968073269883685,0.0
10885,adam,5.9613548356498535e-05,0.0016920280665121644,0.0
10886,adam,5.9602195628423376e-05,0.0014895575746393462,0.0
10887,adam,5.959021940308727e-05,0.0012895437895156237,0.0
10888,adam,5.957879719146109e-05,0.0010147137521730682,0.0
10889,adam,5.956727666976821e-05,0.0007768252922684981,0.0
10890,adam,5.955585617779857e-05,0.000507406109698416,0.0
10891,adam,5.9544696372768583e-05,0.0003076767722870896,0.0
10892,adam,5.953377760419872e-05,0.00019041229666030913,0.0
10893,adam,5.952302009100001e-05,0.0002906604375431777,0.0
10894,adam,5.951202223177185e-05,0.00047451394575734644,0.0
10895,adam,5.950101595817709e-05,0.0006029315390047905,0.0
10896,adam,5.9490300615141566e-05,0.000745199673262808,0.0
10897,adam,5.9479444078609176e-05,0.0008097947686618619,0.0
10898,adam,5.946830963160726e-05,0.0008811768019006035,0.0
10899,adam,5.9457440016039904e-05,0.0008713270478288919,0.0
10900,adam,5.9446480214397794e-05,0.0008819466186086104,0.0
10901,adam,5.943521164114534e-05,0.0008298862304636908,0.0
10902,adam,5.942425980711832e-05,0.0008045519941646529,0.0
10903,adam,5.9413005947725035e-05,0.0007174265236888208,0.0
10904,adam,5.940216384995918e-05,0.000659659868986122,0.0
10905,adam,5.939088704502665e-05,0.0005458497683257073,0.0
10906,adam,5.937996179062487e-05,0.00047254212712501326,0.0
10907,adam,5.93687329705801e-05,0.00036561884261463107,0.0
10908,adam,5.935790946226734e-05,0.00030679057561488473,0.0
10909,adam,5.934666599795873e-05,0.000231659732732884,0.0
10910,adam,5.933575194406984e-05,0.0002009922604617128,0.0
10911,adam,5.932494604224901e-05,0.00019529843614621623,0.0
10912,adam,5.931382738203432e-05,0.00021197974565644143,0.0
10913,adam,5.93027800979715e-05,0.0002586669267114263,0.0
10914,adam,5.92917261295221e-05,0.0002727820518073284,0.0
10915,adam,5.9280680108184236e-05,0.000320210142281949,0.0
10916,adam,5.926995796682562e-05,0.0003227096192573476,0.0
10917,adam,5.9259030379450017e-05,0.00035001877713319277,0.0
10918,adam,5.924792616139962e-05,0.00033082446171071845,0.0
10919,adam,5.9237119421755696e-05,0.00034170352515674855,0.0
10920,adam,5.9225999662384626e-05,0.0003052949494156412,0.0
10921,adam,5.9214742629536796e-05,0.00029894450663279706,0.0
10922,adam,5.9203882303408545e-05,0.000254846592970136,0.0
10923,adam,5.919288791985169e-05,0.00024137009234487868,0.0
10924,adam,5.918193175459333e-05,0.00020705707542938834,0.0
10925,adam,5.91709759528825e-05,0.0002017273448726551,0.0
10926,adam,5.916001897863408e-05,0.00018924451057097976,0.0
10927,adam,5.914907172571076e-05,0.00018942380440739056,0.0
10928,adam,5.9138268680205744e-05,0.0001905790843318576,0.0
10929,adam,5.912697632032168e-05,0.0001898566284596211,0.0
10930,adam,5.911623648800024e-05,0.0001983804237334542,0.0
10931,adam,5.9105175042566695e-05,0.00019659278377185855,0.0
10932,adam,5.9094219898507505e-05,0.0002067653878656468,0.0
10933,adam,5.9083173078987554e-05,0.00020005846919063068,0.0
10934,adam,5.9072235492247996e-05,0.00020777331439841303,0.0
10935,adam,5.906128511975147e-05,0.00019952796804635514,0.0
10936,adam,5.905014454246997e-05,0.00020669311964561675,0.0
10937,adam,5.903914446364316e-05,0.00019670560676321756,0.0
10938,adam,5.90282909733081e-05,0.00020444132636056805,0.0
10939,adam,5.901728980071341e-05,0.00019676172748758265,0.0
10940,adam,5.9006363918474576e-05,0.00020572093109027736,0.0
10941,adam,5.899533793861269e-05,0.00019694640442641467,0.0
10942,adam,5.898457276030295e-05,0.00020212192017369506,0.0
10943,adam,5.8973572104137745e-05,0.00019217013934644107,0.0
10944,adam,5.8962499306955376e-05,0.00019371538246850862,0.0
10945,adam,5.8951600864084974e-05,0.00019027105756466933,0.0
10946,adam,5.894088537170301e-05,0.00019043514648812873,0.0
10947,adam,5.8929834157028246e-05,0.00019228819150947404,0.0
10948,adam,5.891862478939218e-05,0.00018986704592965562,0.0
10949,adam,5.890768998473418e-05,0.0001922212044315035,0.0
10950,adam,5.889678849609603e-05,0.00018906683449089584,0.0
10951,adam,5.888584851877164e-05,0.00019152628669592974,0.0
10952,adam,5.887497550179756e-05,0.0001885366498473636,0.0
10953,adam,5.8863986227369365e-05,0.00019098057851654274,0.0
10954,adam,5.885295290824982e-05,0.00018879818071383485,0.0
10955,adam,5.8841943192047056e-05,0.00019081492445618918,0.0
10956,adam,5.8831353494247796e-05,0.0001900781284601409,0.0
10957,adam,5.882032803231174e-05,0.00019380159309134503,0.0
10958,adam,5.880921738124343e-05,0.00019229697210152536,0.0
10959,adam,5.879822588883423e-05,0.00019611401719731608,0.0
10960,adam,5.878740845065111e-05,0.00019257275572223892,0.0
10961,adam,5.8776319334348035e-05,0.00019238134156776074,0.0
10962,adam,5.876537966219388e-05,0.00019119488574249435,0.0
10963,adam,5.8754022107964534e-05,0.00019024443715760073,0.0
10964,adam,5.87437362251529e-05,0.00018927455488671304,0.0
10965,adam,5.8732343022871974e-05,0.0001899907768584964,0.0
10966,adam,5.8721659611788254e-05,0.00018822723818815015,0.0
10967,adam,5.871078703347858e-05,0.0001893718636981616,0.0
10968,adam,5.8699675641780555e-05,0.0001884810131339445,0.0
10969,adam,5.868885596109134e-05,0.00018950137448243108,0.0
10970,adam,5.867773376280792e-05,0.00018808948892166477,0.0
10971,adam,5.866673692636705e-05,0.00018955051734821505,0.0
10972,adam,5.865579560265304e-05,0.00018841085567808028,0.0
10973,adam,5.864504621117287e-05,0.00018848154553085096,0.0
10974,adam,5.8634106033939734e-05,0.00018948526171604988,0.0
10975,adam,5.862321674879494e-05,0.00018903469279742214,0.0
10976,adam,5.8612314793378715e-05,0.00018933055170005278,0.0
10977,adam,5.8601308691820956e-05,0.00019085931017396462,0.0
10978,adam,5.859038786438211e-05,0.0001926150034815395,0.0
10979,adam,5.857911842854581e-05,0.00019302523972527982,0.0
10980,adam,5.856836943147053e-05,0.00019569896318241418,0.0
10981,adam,5.8557445144436627e-05,0.00019430482217280164,0.0
10982,adam,5.854675668545984e-05,0.00019636309161804067,0.0
10983,adam,5.8535719284684224e-05,0.00019182585186893868,0.0
10984,adam,5.852498922771735e-05,0.00019275356599948138,0.0
10985,adam,5.8513764707267554e-05,0.00018855281845250657,0.0
10986,adam,5.850296661910796e-05,0.0001884921204340161,0.0
10987,adam,5.8491926609876474e-05,0.00019080490187361202,0.0
10988,adam,5.848102100996766e-05,0.00018936641852586525,0.0
10989,adam,5.847016832498596e-05,0.000197841073515372,0.0
10990,adam,5.84593264168444e-05,0.00019493535439008065,0.0
10991,adam,5.844843202220575e-05,0.00020515696626635237,0.0
10992,adam,5.84374210811934e-05,0.00020165493675206188,0.0
10993,adam,5.842622960913462e-05,0.0002129723456758119,0.0
10994,adam,5.841539986455476e-05,0.00021032462294256552,0.0
10995,adam,5.840473279938003e-05,0.00022621261088459234,0.0
10996,adam,5.8394017450068256e-05,0.00022023646731353133,0.0
10997,adam,5.8382749573275395e-05,0.0002271508183358304,0.0
10998,adam,5.837189449102378e-05,0.00021126356941354155,0.0
10999,adam,5.836102597496121e-05,0.00021272902024434756,0.0
11000,adam,5.8350068157512595e-05,0.0001999980018306035,0.0
11001,adam,5.8339058632381805e-05,0.0002033261648979044,0.0
11002,adam,5.832814480620433e-05,0.00019484115639702523,0.0
11003,adam,5.831723570241536e-05,0.000198528329801977,0.0
11004,adam,5.83064197819594e-05,0.00019086730375772804,0.0
11005,adam,5.8295418866230136e-05,0.0001963068784426622,0.0
11006,adam,5.828456570723847e-05,0.00019018901791712387,0.0
11007,adam,5.8273459090490974e-05,0.00019399290947163476,0.0
11008,adam,5.826280567518967e-05,0.0001887052251001936,0.0
11009,adam,5.825175990094686e-05,0.00019087061050570818,0.0
11010,adam,5.824097199401809e-05,0.0001894519509131323,0.0
11011,adam,5.823007984107447e-05,0.0001891519504830319,0.0
11012,adam,5.8219343703227716e-05,0.0001941598385994088,0.0
11013,adam,5.8208175895418025e-05,0.00019018075246394486,0.0
11014,adam,5.8197224503229096e-05,0.00019335905736327604,0.0
11015,adam,5.818632948265211e-05,0.000188459033581512,0.0
11016,adam,5.817571616147445e-05,0.00018987852896431851,0.0
11017,adam,5.816463104925164e-05,0.0001876409901217527,0.0
11018,adam,5.815373410061654e-05,0.00018802311865892486,0.0
11019,adam,5.8143012991721525e-05,0.0001883829241664253,0.0
11020,adam,5.8132042348178056e-05,0.00018743385089975046,0.0
11021,adam,5.812129771080813e-05,0.00018930602381870542,0.0
11022,adam,5.8110314517091405e-05,0.0001876594187509047,0.0
11023,adam,5.809934639047112e-05,0.00019134544812833706,0.0
11024,adam,5.8088423528548106e-05,0.00018876498493687686,0.0
11025,adam,5.8077703898002724e-05,0.00019291947457132443,0.0
11026,adam,5.8066473600799755e-05,0.00018989568488621126,0.0
11027,adam,5.805578827456378e-05,0.0001951402815155182,0.0
11028,adam,5.804480458602512e-05,0.00019012322099886132,0.0
11029,adam,5.8033878650969106e-05,0.00019361142706646273,0.0
11030,adam,5.802309178442874e-05,0.00018797900809343254,0.0
11031,adam,5.8012284677137636e-05,0.00019116492184494564,0.0
11032,adam,5.80013793277388e-05,0.00018791643052563955,0.0
11033,adam,5.7990411598386707e-05,0.00019108982615318007,0.0
11034,adam,5.797943031292699e-05,0.00018772425216270492,0.0
11035,adam,5.7968637895822784e-05,0.00019106838281870685,0.0
11036,adam,5.795764062481264e-05,0.00018727730252085872,0.0
11037,adam,5.7946946096510695e-05,0.0001902642504165323,0.0
11038,adam,5.793594565522761e-05,0.0001881895705568721,0.0
11039,adam,5.792529802267868e-05,0.00019260113154117043,0.0
11040,adam,5.791418418632059e-05,0.00018928621004918826,0.0
11041,adam,5.7903325250341116e-05,0.00019905154616403316,0.0
11042,adam,5.789273929181513e-05,0.00019483775725591426,0.0
11043,adam,5.7881912069632016e-05,0.00020708959159774647,0.0
11044,adam,5.787076033464056e-05,0.00020200226401545157,0.0
11045,adam,5.786014134817518e-05,0.00021545049449635598,0.0
11046,adam,5.784905236562563e-05,0.00021077720467940026,0.0
11047,adam,5.783828528130264e-05,0.0002309583294233695,0.0
11048,adam,5.782741049087108e-05,0.0002284813251390369,0.0
11049,adam,5.781656625266692e-05,0.0002566752701024407,0.0
11050,adam,5.7805837486228695e-05,0.00025432845787634535,0.0
11051,adam,5.77949175871661e-05,0.0002917979180995773,0.0
11052,adam,5.778398408613722e-05,0.00029841652269103924,0.0
11053,adam,5.777322591176422e-05,0.00035045916051780425,0.0
11054,adam,5.7762612930305225e-05,0.0003717485072366246,0.0
11055,adam,5.775143581419096e-05,0.0004468918033016238,0.0
11056,adam,5.774076594181401e-05,0.00048534546893143745,0.0
11057,adam,5.773004168597926e-05,0.0005781038511189761,0.0
11058,adam,5.7718975670784404e-05,0.0006402048276601764,0.0
11059,adam,5.7708592690281975e-05,0.0007672699703921834,0.0
11060,adam,5.7697674478188754e-05,0.0008665029139562386,0.0
11061,adam,5.7687054419144116e-05,0.0010254010605721957,0.0
11062,adam,5.7676760057635354e-05,0.0011523018144683843,0.0
11063,adam,5.766634475501885e-05,0.001350326938082034,0.0
11064,adam,5.765599745285835e-05,0.0015353899247124944,0.0
11065,adam,5.76459765289035e-05,0.0018018838376967841,0.0
11066,adam,5.7636349970952454e-05,0.002055760538763281,0.0
11067,adam,5.762669543314578e-05,0.0023951378404237418,0.0
11068,adam,5.7617763013660495e-05,0.002742294492502391,0.0
11069,adam,5.760973581755148e-05,0.0032103306184433455,0.0
11070,adam,5.760262005941411e-05,0.0037118205160113185,0.0
11071,adam,5.759639320565237e-05,0.004345046819188599,0.0
11072,adam,5.759236587832919e-05,0.005028589140939051,0.0
11073,adam,5.759052245645303e-05,0.005882634167615946,0.0
11074,adam,5.7592367311276853e-05,0.006842547772328613,0.0
11075,adam,5.759898589225374e-05,0.008025612356323984,0.0
11076,adam,5.761199524229645e-05,0.009364260348266668,0.0
11077,adam,5.7634064729485156e-05,0.010992964190169412,0.0
11078,adam,5.766876073667031e-05,0.012863390882640593,0.0
11079,adam,5.772119496407255e-05,0.015130518101690697,0.0
11080,adam,5.779854084475161e-05,0.017758951459165843,0.0
11081,adam,5.790997998879833e-05,0.02091682221987279,0.0
11082,adam,5.806936525488601e-05,0.024602635593423308,0.0
11083,adam,5.829558423872938e-05,0.02901427882199794,0.0
11084,adam,5.861557958683082e-05,0.03418058744240202,0.0
11085,adam,5.906610909241737e-05,0.040343341394016276,0.0
11086,adam,5.969793776999906e-05,0.0475705489134505,0.0
11087,adam,6.0581225780333586e-05,0.05614496902828602,0.0
11088,adam,6.180925962075742e-05,0.06617797753396136,0.0
11089,adam,6.351286938460803e-05,0.07799104544673809,0.0
11090,adam,6.58521119516886e-05,0.09172285883456317,0.0
11091,adam,6.903998036431864e-05,0.10765391344096076,0.0
11092,adam,7.329420908408493e-05,0.12580133621812603,0.0
11093,adam,7.887166969048901e-05,0.14621043932046146,0.0
11094,adam,8.5894376872755e-05,0.168465320356352,0.0
11095,adam,9.43635124916187e-05,0.19186808277674508,0.0
11096,adam,0.00010373642762605967,0.21493473714471298,0.0
11097,adam,0.00011302301868617944,0.2355140680218217,0.0
11098,adam,0.00012017686921540226,0.25043815373716694,0.0
11099,adam,0.00012297878045153975,0.2560579222939408,0.0
11100,adam,0.00011908204717897059,0.24866985714861636,0.0
11101,adam,0.00010819991244992787,0.22582850933956042,0.0
11102,adam,9.222003584217461e-05,0.18728109245543947,0.0
11103,adam,7.562966255643882e-05,0.13570110975443786,0.0
11104,adam,6.31284335036302e-05,0.07628473474020499,0.0
11105,adam,5.7691956739753415e-05,0.017268105023316736,0.0
11106,adam,5.928445314123828e-05,0.043172790502467806,0.0
11107,adam,6.532576965321551e-05,0.08914779578006526,0.0
11108,adam,7.20977242027938e-05,0.12170982204726898,0.0
11109,adam,7.626346033242124e-05,0.13812208331506365,0.0
11110,adam,7.611120709551618e-05,0.13775125145687778,0.0
11111,adam,7.19364837697163e-05,0.12164579011394329,0.0
11112,adam,6.581855179003253e-05,0.0928570068763436,0.0
11113,adam,6.038150499531888e-05,0.055886419351707045,0.0
11114,adam,5.7579683818659865e-05,0.017200579000074122,0.0
11115,adam,5.7856086511596474e-05,0.024442703957109707,0.0
11116,adam,6.021667831460878e-05,0.05494487439283381,0.0
11117,adam,6.29442146375722e-05,0.0762645164771203,0.0
11118,adam,6.449254736654557e-05,0.08605492410541503,0.0
11119,adam,6.41661161576523e-05,0.08416910766785603,0.0
11120,adam,6.226302428786295e-05,0.07179538411086965,0.0
11121,adam,5.979809830782385e-05,0.0516020011452469,0.0
11122,adam,5.787602035234377e-05,0.02700146906783172,0.0
11123,adam,5.716230522086923e-05,0.005915881469295274,0.0
11124,adam,5.763697577850526e-05,0.023448385801502526,0.0
11125,adam,5.873475409144275e-05,0.041082265412104,0.0
11126,adam,5.971481404468981e-05,0.05192682309272216,0.0
11127,adam,6.003895036312101e-05,0.055012209326282646,0.0
11128,adam,5.9591610802713007e-05,0.05072738924078855,0.0
11129,adam,5.865017094067849e-05,0.04027071417845782,0.0
11130,adam,5.7687916342263385e-05,0.025740075115691544,0.0
11131,adam,5.710434186228209e-05,0.009676516840094648,0.0
11132,adam,5.704917680964908e-05,0.007926649166030222,0.0
11133,adam,5.7395867622337536e-05,0.020875169544703396,0.0
11134,adam,5.785683037171046e-05,0.030221802730609745,0.0
11135,adam,5.8147080250695924e-05,0.03483049677753876,0.0
11136,adam,5.812023954268267e-05,0.034457300071300295,0.0
11137,adam,5.781235578413598e-05,0.029712985283403093,0.0
11138,adam,5.738931685448893e-05,0.021576988372100016,0.0
11139,adam,5.704358374425505e-05,0.011566234264144363,0.0
11140,adam,5.689793477123179e-05,0.002176921961604409,0.0
11141,adam,5.6958223512814565e-05,0.009035272323306549,0.0
11142,adam,5.713400811946337e-05,0.01646887662273771,0.0
11143,adam,5.729837068602565e-05,0.02108068552069047,0.0
11144,adam,5.735696829279193e-05,0.022593377698561616,0.0
11145,adam,5.728280679637549e-05,0.021030987864426556,0.0
11146,adam,5.711887625505656e-05,0.016985108477063048,0.0
11147,adam,5.694341290225492e-05,0.011137352007578226,0.0
11148,adam,5.682654948850909e-05,0.0045477324577253165,0.0
11149,adam,5.679846615695295e-05,0.0023411498186067374,0.0
11150,adam,5.684271342704099e-05,0.00781362733145376,0.0
11151,adam,5.691337425020018e-05,0.011913475976221223,0.0
11152,adam,5.696129238910478e-05,0.014075590334546001,0.0
11153,adam,5.695798510550764e-05,0.014291328401742678,0.0
11154,adam,5.6904488988916384e-05,0.012650849478978607,0.0
11155,adam,5.6825388213014766e-05,0.009633937134311581,0.0
11156,adam,5.6753815613492756e-05,0.0056792016010428,0.0
11157,adam,5.671252904554249e-05,0.0014789544112606336,0.0
11158,adam,5.670633953292789e-05,0.002607064263929237,0.0
11159,adam,5.672383181867957e-05,0.005858170505930004,0.0
11160,adam,5.674519765781534e-05,0.008108750125681316,0.0
11161,adam,5.675273901304275e-05,0.009095167170797768,0.0
11162,adam,5.6738561557007015e-05,0.008901852807471772,0.0
11163,adam,5.670654958139941e-05,0.007589765136946586,0.0
11164,adam,5.666863835143825e-05,0.00551566462384213,0.0
11165,adam,5.663629965065418e-05,0.0029405852640742216,0.0
11166,adam,5.661721795392885e-05,0.0003560631143249573,0.0
11167,adam,5.661154029956268e-05,0.002151677701821108,0.0
11168,adam,5.6613115521802514e-05,0.004047700512677448,0.0
11169,adam,5.6614531122728145e-05,0.005308209789713524,0.0
11170,adam,5.66097613712085e-05,0.005758557701145591,0.0
11171,adam,5.659620101526787e-05,0.005511135336946868,0.0
11172,adam,5.657665150296398e-05,0.004587993158440132,0.0
11173,adam,5.655536358900634e-05,0.0032487277954642096,0.0
11174,adam,5.653752260961021e-05,0.0016228187090931885,0.0
11175,adam,5.6524620405603474e-05,0.0002647752625636847,0.0
11176,adam,5.6516756621954427e-05,0.001534063809297372,0.0
11177,adam,5.651105445993796e-05,0.0026504265364888265,0.0
11178,adam,5.650520464885735e-05,0.0033875021243992944,0.0
11179,adam,5.6496592009694084e-05,0.0036138096153173517,0.0
11180,adam,5.648480753185245e-05,0.003437028016558254,0.0
11181,adam,5.647074308436072e-05,0.00284108110020959,0.0
11182,adam,5.64562497446776e-05,0.0020193083746132337,0.0
11183,adam,5.6443186168285847e-05,0.00102129079621105,0.0
11184,adam,5.643194629202989e-05,0.00027987621184820876,0.0
11185,adam,5.642253225959366e-05,0.0009600879688515854,0.0
11186,adam,5.641405969891024e-05,0.0016297624850421016,0.0
11187,adam,5.64052582606928e-05,0.0020958129477328543,0.0
11188,adam,5.6395835710617893e-05,0.002240267562953522,0.0
11189,adam,5.638499086015376e-05,0.0021565538887544167,0.0
11190,adam,5.6373526376957704e-05,0.001798599893501346,0.0
11191,adam,5.636160449705394e-05,0.0013183162113925113,0.0
11192,adam,5.6350274141582754e-05,0.0007106837506228364,0.0
11193,adam,5.633936623987432e-05,0.0002751742426154222,0.0
11194,adam,5.632947963284086e-05,0.0005930452978379567,0.0
11195,adam,5.632020356380549e-05,0.0010036202447529195,0.0
11196,adam,5.631011519031932e-05,0.0013192278066052545,0.0
11197,adam,5.630020915265637e-05,0.001419794836176651,0.0
11198,adam,5.628979590165321e-05,0.0013933593455905241,0.0
11199,adam,5.627922752087807e-05,0.0011818603830378862,0.0
11200,adam,5.62683396652911e-05,0.0009117488523812788,0.0
11201,adam,5.625745176349352e-05,0.0005408628345012775,0.0
11202,adam,5.6246991799548416e-05,0.00025884235301733716,0.0
11203,adam,5.6236822179259606e-05,0.0003278550640573928,0.0
11204,adam,5.622682606576183e-05,0.000568975807117915,0.0
11205,adam,5.621647619780709e-05,0.0007898910366837011,0.0
11206,adam,5.620684853171231e-05,0.0008686973399766199,0.0
11207,adam,5.619628247423488e-05,0.0008882920732079683,0.0
11208,adam,5.6185918210441144e-05,0.0007738843732284235,0.0
11209,adam,5.6175471013623595e-05,0.0006378848699404896,0.0
11210,adam,5.616513178690282e-05,0.0004206274223374612,0.0
11211,adam,5.61547832196984e-05,0.00025769317893904807,0.0
11212,adam,5.614446808176884e-05,0.0002193777283245794,0.0
11213,adam,5.613443700055151e-05,0.0003371173616145049,0.0
11214,adam,5.612402749233032e-05,0.0004812550555951819,0.0
11215,adam,5.611382442446144e-05,0.000532640197671716,0.0
11216,adam,5.610371948943847e-05,0.0005637564110279258,0.0
11217,adam,5.6093339302985176e-05,0.0004937416818036111,0.0
11218,adam,5.60830817620762e-05,0.00042404192454576547,0.0
11219,adam,5.6072843438190005e-05,0.00029384936214845017,0.0
11220,adam,5.606268574569324e-05,0.00021856116768285475,0.0
11221,adam,5.605223422659433e-05,0.00019401665660708864,0.0
11222,adam,5.604211570805361e-05,0.00023193121791851166,0.0
11223,adam,5.603155993355243e-05,0.0003013387391524254,0.0
11224,adam,5.602170629448264e-05,0.0003222865375020582,0.0
11225,adam,5.6011258269612195e-05,0.00035792883483884425,0.0
11226,adam,5.600087141929831e-05,0.00033024069916066327,0.0
11227,adam,5.59909719216311e-05,0.00032327979385404125,0.0
11228,adam,5.598065261004779e-05,0.0002667283707177956,0.0
11229,adam,5.5970542573090475e-05,0.00024135035215776547,0.0
11230,adam,5.596010351469105e-05,0.0001951364812980671,0.0
11231,adam,5.594977320285077e-05,0.0001864347425052962,0.0
11232,adam,5.5939702608197494e-05,0.00019678696358501994,0.0
11233,adam,5.5929395071867405e-05,0.00020407581767899798,0.0
11234,adam,5.591900663305027e-05,0.0002296385658097212,0.0
11235,adam,5.5908814905797736e-05,0.00022156334040643644,0.0
11236,adam,5.589880042640401e-05,0.0002351244162863768,0.0
11237,adam,5.588846993291183e-05,0.00021197972355173664,0.0
11238,adam,5.58782819737037e-05,0.0002068077930680839,0.0
11239,adam,5.586807417891163e-05,0.0001870493939870885,0.0
11240,adam,5.585760388128028e-05,0.00018576767965924857,0.0
11241,adam,5.584771602506874e-05,0.0001890401068352922,0.0
11242,adam,5.583753232883446e-05,0.0001885113915506467,0.0
11243,adam,5.58270474610243e-05,0.00019933157491482624,0.0
11244,adam,5.5816935461221197e-05,0.00019140094325101152,0.0
11245,adam,5.580688789195999e-05,0.00019812882403791047,0.0
11246,adam,5.579675865605807e-05,0.00018910634281868363,0.0
11247,adam,5.578669182548978e-05,0.00019158932749168098,0.0
11248,adam,5.577619711617477e-05,0.00018473474135476182,0.0
11249,adam,5.5765921661893356e-05,0.0001849090580599514,0.0
11250,adam,5.575582564343898e-05,0.00018716615362866738,0.0
11251,adam,5.5745674094332466e-05,0.00018702554571655748,0.0
11252,adam,5.573538132105268e-05,0.0001995807193396367,0.0
11253,adam,5.572533823687555e-05,0.00019536091601539185,0.0
11254,adam,5.571497888281633e-05,0.00020506259797684666,0.0
11255,adam,5.570463593511942e-05,0.00019421192432122735,0.0
11256,adam,5.569457986644482e-05,0.0001970257072634259,0.0
11257,adam,5.5684406297291944e-05,0.00018743449290368818,0.0
11258,adam,5.567402954001067e-05,0.00018725920748414738,0.0
11259,adam,5.566395938120251e-05,0.00018585936262112526,0.0
11260,adam,5.565344384602935e-05,0.00018437765152033126,0.0
11261,adam,5.5643502970396054e-05,0.00018848181637854026,0.0
11262,adam,5.5633349503376206e-05,0.0001859262274162404,0.0
11263,adam,5.562319721458637e-05,0.0001908161783233889,0.0
11264,adam,5.561299892122867e-05,0.0001857128769412285,0.0
11265,adam,5.560266332932287e-05,0.000187717195561904,0.0
11266,adam,5.5592741109698335e-05,0.00018487362465073533,0.0
11267,adam,5.55825054257359e-05,0.00018440982731390406,0.0
11268,adam,5.557236766812722e-05,0.00019000182026218998,0.0
11269,adam,5.5562056245422905e-05,0.0001868891070533947,0.0
11270,adam,5.555189162874554e-05,0.00019475265193014387,0.0
11271,adam,5.55415406523639e-05,0.00018936224322912482,0.0
11272,adam,5.553152169690591e-05,0.00019651068961878076,0.0
11273,adam,5.552113081531904e-05,0.00019071208733592495,0.0
11274,adam,5.5511358132642165e-05,0.00019668251267686176,0.0
11275,adam,5.5501013416918566e-05,0.00019087445849798277,0.0
11276,adam,5.549067690115547e-05,0.00019310185578407218,0.0
11277,adam,5.548076659844524e-05,0.00018879359848688064,0.0
11278,adam,5.547045402890359e-05,0.00018916980406998558,0.0
11279,adam,5.546005104580458e-05,0.0001869999559502545,0.0
11280,adam,5.5450021064248496e-05,0.00018632675669591855,0.0
11281,adam,5.544010247816552e-05,0.0001861842845088675,0.0
11282,adam,5.542954635183e-05,0.00018411552244834505,0.0
11283,adam,5.5419720344685444e-05,0.0001890002300243041,0.0
11284,adam,5.540942856849944e-05,0.000186515946389361,0.0
11285,adam,5.539919738538148e-05,0.0001934251603310773,0.0
11286,adam,5.5389117435140335e-05,0.0001888345890220933,0.0
11287,adam,5.53788682317899e-05,0.00019566694836172657,0.0
11288,adam,5.5368606265054045e-05,0.00018864810058392593,0.0
11289,adam,5.535857799939393e-05,0.00019350524559198873,0.0
11290,adam,5.534837100490988e-05,0.0001874512277725462,0.0
11291,adam,5.533821499406964e-05,0.00019262337753355032,0.0
11292,adam,5.532822023152458e-05,0.00018802181215178416,0.0
11293,adam,5.531806022126554e-05,0.00019619234863379383,0.0
11294,adam,5.530802359393499e-05,0.0001900460157557297,0.0
11295,adam,5.529752770554193e-05,0.00019619591403562592,0.0
11296,adam,5.5287460221590486e-05,0.00018636573733805186,0.0
11297,adam,5.5277454677494005e-05,0.00018866607210643013,0.0
11298,adam,5.5267210640798537e-05,0.00018577910964003196,0.0
11299,adam,5.52570874990257e-05,0.0001860059421314426,0.0
11300,adam,5.524698905593626e-05,0.00019040942735121315,0.0
11301,adam,5.5236790911345244e-05,0.00018820056752427125,0.0
11302,adam,5.5226492565051e-05,0.00019580984051488856,0.0
11303,adam,5.5216348068628723e-05,0.0001925774092014149,0.0
11304,adam,5.5206369032497045e-05,0.00020236790333664652,0.0
11305,adam,5.519621118272653e-05,0.0001948829480268358,0.0
11306,adam,5.5186186720532444e-05,0.00019999768979933423,0.0
11307,adam,5.517585746417305e-05,0.00019024922920871657,0.0
11308,adam,5.516572080226345e-05,0.00019179320100849107,0.0
11309,adam,5.515571794076815e-05,0.00018653282507159267,0.0
11310,adam,5.514564909487323e-05,0.00018592087748753888,0.0
11311,adam,5.5135357174782534e-05,0.00018819407422134877,0.0
11312,adam,5.512553975904245e-05,0.00018604845184479912,0.0
11313,adam,5.511520380791627e-05,0.00019463097085929966,0.0
11314,adam,5.510505844120177e-05,0.00018837702508704324,0.0
11315,adam,5.509482182296155e-05,0.00019312032626808503,0.0
11316,adam,5.508498844778402e-05,0.0001853978635567763,0.0
11317,adam,5.5074733766785297e-05,0.00018791801686557987,0.0
11318,adam,5.506454782287663e-05,0.0001837870282076632,0.0
11319,adam,5.505452717312595e-05,0.00018430504607591522,0.0
11320,adam,5.5044294335480715e-05,0.00018542336034666577,0.0
11321,adam,5.5034228415027366e-05,0.00018381787795796535,0.0
11322,adam,5.502421807715894e-05,0.00018702658485746914,0.0
11323,adam,5.5013918119155256e-05,0.00018386947681196597,0.0
11324,adam,5.500386154264608e-05,0.00018594139192122322,0.0
11325,adam,5.499388648660674e-05,0.00018407899800799822,0.0
11326,adam,5.498363643800121e-05,0.0001849636506714258,0.0
11327,adam,5.4973409765576326e-05,0.0001846483776092886,0.0
11328,adam,5.4963228508072255e-05,0.00018401378448502,0.0
11329,adam,5.4953292410434876e-05,0.00018469972291248435,0.0
11330,adam,5.4942943858499086e-05,0.00018351994789944136,0.0
11331,adam,5.493304262578559e-05,0.00018667551708256798,0.0
11332,adam,5.4922972429553216e-05,0.00018505517547362532,0.0
11333,adam,5.491312471259461e-05,0.00018804486316989293,0.0
11334,adam,5.490295951361118e-05,0.00018595751994607222,0.0
11335,adam,5.489244502584807e-05,0.00018794660991916618,0.0
11336,adam,5.488268453012459e-05,0.00018644133539442043,0.0
11337,adam,5.487238750511918e-05,0.0001859951477504515,0.0
11338,adam,5.4862396129278736e-05,0.00018502994607663077,0.0
11339,adam,5.485224053169044e-05,0.00018430970711964538,0.0
11340,adam,5.4842317211795515e-05,0.00018371482853722328,0.0
11341,adam,5.4832031927619944e-05,0.0001838863643296307,0.0
11342,adam,5.482177261669301e-05,0.000184505095370437,0.0
11343,adam,5.481172265119314e-05,0.00018661129684266034,0.0
11344,adam,5.480208679257409e-05,0.00018727052987599162,0.0
11345,adam,5.47916779895569e-05,0.0001896639963751042,0.0
11346,adam,5.478162141918055e-05,0.00018833874961356057,0.0
11347,adam,5.477142986758633e-05,0.00019115292744015643,0.0
11348,adam,5.476139101829787e-05,0.00018902510496063526,0.0
11349,adam,5.475142895802528e-05,0.00019337951406263768,0.0
11350,adam,5.474129991776811e-05,0.00018912542724816448,0.0
11351,adam,5.473116016539374e-05,0.00019503486177300497,0.0
11352,adam,5.472096160787061e-05,0.00018894189527053658,0.0
11353,adam,5.471094698850027e-05,0.00019574946818679838,0.0
11354,adam,5.470112258088705e-05,0.00018823386612016365,0.0
11355,adam,5.469084776658687e-05,0.00019304256603606309,0.0
11356,adam,5.468085715074702e-05,0.00018581564803317382,0.0
11357,adam,5.4670696193796816e-05,0.00019049211785414856,0.0
11358,adam,5.4660727877730015e-05,0.00018533340562922586,0.0
11359,adam,5.465064855041208e-05,0.00019053548941329844,0.0
11360,adam,5.464038573674677e-05,0.00018540559617862524,0.0
11361,adam,5.463055659617807e-05,0.00019005228096381348,0.0
11362,adam,5.462049761534883e-05,0.00018378691281602496,0.0
11363,adam,5.4610418675955105e-05,0.00018508635259360316,0.0
11364,adam,5.460020660672937e-05,0.00018362704540678048,0.0
11365,adam,5.459031482732993e-05,0.000184003917695202,0.0
11366,adam,5.458011617762388e-05,0.00018992147011837656,0.0
11367,adam,5.4570255671339576e-05,0.00018953502711755463,0.0
11368,adam,5.455990818453754e-05,0.0002020934318549177,0.0
11369,adam,5.454978483216123e-05,0.00019852361071108612,0.0
11370,adam,5.454006049494017e-05,0.00021227836450862268,0.0
11371,adam,5.45299350462694e-05,0.0002012820527554091,0.0
11372,adam,5.451979621538521e-05,0.00021045406606720187,0.0
11373,adam,5.450964665856396e-05,0.00019725038015689264,0.0
11374,adam,5.4499732653078086e-05,0.00020223341321763368,0.0
11375,adam,5.448955076477778e-05,0.00018945724539020913,0.0
11376,adam,5.447960145351326e-05,0.00019232310387225227,0.0
11377,adam,5.446984008291708e-05,0.00018386489130041032,0.0
11378,adam,5.445943304430909e-05,0.00018333101970849532,0.0
11379,adam,5.444957202350946e-05,0.00018855930020686288,0.0
11380,adam,5.4439426766169135e-05,0.00018838195290397602,0.0
11381,adam,5.442937877128121e-05,0.0002054579281182905,0.0
11382,adam,5.441927890280043e-05,0.0002025571849924649,0.0
11383,adam,5.4409092531671683e-05,0.00022080438591726495,0.0
11384,adam,5.439930872816862e-05,0.00020868917379577903,0.0
11385,adam,5.438918468423623e-05,0.00021933981069890328,0.0
11386,adam,5.437918761639998e-05,0.00020579675456461506,0.0
11387,adam,5.436907881543326e-05,0.00021756880793185444,0.0
11388,adam,5.4359149054402534e-05,0.0002051077486802826,0.0
11389,adam,5.434888307794556e-05,0.000213481612232766,0.0
11390,adam,5.433922265733806e-05,0.00020081725729094435,0.0
11391,adam,5.4328942785066635e-05,0.00020582477804058203,0.0
11392,adam,5.43189539848556e-05,0.00019566523843243903,0.0
11393,adam,5.430892476295571e-05,0.00019847510578943164,0.0
11394,adam,5.429897151182442e-05,0.00019006089345953913,0.0
11395,adam,5.428894274325834e-05,0.00019021868556987043,0.0
11396,adam,5.4278852566856114e-05,0.0001858219547861173,0.0
11397,adam,5.4268836131331865e-05,0.00018706098907194282,0.0
11398,adam,5.425871547590816e-05,0.00018389421745012793,0.0
11399,adam,5.4248613230831186e-05,0.000186933284019237,0.0
11400,adam,5.4238842475505616e-05,0.0001847553389190726,0.0
11401,adam,5.422868623279112e-05,0.00018949946808474721,0.0
11402,adam,5.421877467911469e-05,0.0001846284836597181,0.0
11403,adam,5.420875011348528e-05,0.00018881835915790897,0.0
11404,adam,5.4198834267742615e-05,0.0001833931174953208,0.0
11405,adam,5.418865913172092e-05,0.00018671254692900242,0.0
11406,adam,5.417863762666201e-05,0.00018290751505155582,0.0
11407,adam,5.416877132654065e-05,0.00018565246456044582,0.0
11408,adam,5.415868763320748e-05,0.0001833797482493176,0.0
11409,adam,5.4148525897450205e-05,0.0001852366148704987,0.0
11410,adam,5.4138868864374236e-05,0.00018365649172594791,0.0
11411,adam,5.412861439385122e-05,0.0001847455710557578,0.0
11412,adam,5.4118587989121035e-05,0.00018802759288849316,0.0
11413,adam,5.4108477390200475e-05,0.00018856571352615276,0.0
11414,adam,5.409870331670663e-05,0.00019756491545279154,0.0
11415,adam,5.408900369363038e-05,0.0001952540444142615,0.0
11416,adam,5.407857190889051e-05,0.00020409976452846076,0.0
11417,adam,5.406887603156269e-05,0.00019842423725833583,0.0
11418,adam,5.405895318291831e-05,0.00021007691669162944,0.0
11419,adam,5.40489086716792e-05,0.00020290412183919572,0.0
11420,adam,5.403878223320968e-05,0.0002178945713879643,0.0
11421,adam,5.4028894381792184e-05,0.00020742316141609884,0.0
11422,adam,5.401877689696759e-05,0.00022147724950540772,0.0
11423,adam,5.400858815756518e-05,0.00021091307380518507,0.0
11424,adam,5.399899510419477e-05,0.0002277552816006673,0.0
11425,adam,5.3988843348490156e-05,0.0002185540084810062,0.0
11426,adam,5.39787275294631e-05,0.0002365765522901948,0.0
11427,adam,5.3968802870025456e-05,0.00022316357153583316,0.0
11428,adam,5.395881644160093e-05,0.00023767275753277696,0.0
11429,adam,5.3949069278937365e-05,0.00022589309006130733,0.0
11430,adam,5.393906661043152e-05,0.00024028784736952364,0.0
11431,adam,5.3929089804281726e-05,0.00022126036036980055,0.0
11432,adam,5.391913087110056e-05,0.00022696910422526063,0.0
11433,adam,5.390905605058475e-05,0.0002078936335418915,0.0
11434,adam,5.3899035230931874e-05,0.00021562051015378144,0.0
11435,adam,5.388911126185837e-05,0.00019956014640681478,0.0
11436,adam,5.387908674445306e-05,0.0002049559395478721,0.0
11437,adam,5.386912561539504e-05,0.00019109266171062306,0.0
11438,adam,5.385910854652694e-05,0.00019722618700345043,0.0
11439,adam,5.384928534410636e-05,0.00018888518289640564,0.0
11440,adam,5.383943242275953e-05,0.00019290262601049236,0.0
11441,adam,5.38293506754308e-05,0.0001851800712165937,0.0
11442,adam,5.3819283712563806e-05,0.000184601690785859,0.0
11443,adam,5.380935287084476e-05,0.0001840734355846027,0.0
11444,adam,5.3799295953684436e-05,0.000183509081889644,0.0
11445,adam,5.378932519086471e-05,0.00019380934343927707,0.0
11446,adam,5.377949250875901e-05,0.00019076743198958562,0.0
11447,adam,5.3769470078455375e-05,0.00020616807952822196,0.0
11448,adam,5.375969275744146e-05,0.00020051040391614032,0.0
11449,adam,5.3749780670921764e-05,0.0002164748727514579,0.0
11450,adam,5.373940240252566e-05,0.00020442194658610376,0.0
11451,adam,5.372971734556599e-05,0.0002151660474093296,0.0
11452,adam,5.371995945738715e-05,0.00019922120509445322,0.0
11453,adam,5.370992233508537e-05,0.00020667850016781818,0.0
11454,adam,5.3699891934096956e-05,0.0001933575313885697,0.0
11455,adam,5.369012861745147e-05,0.00019751255678994643,0.0
11456,adam,5.368006812824182e-05,0.00018544377845479672,0.0
11457,adam,5.36702029278951e-05,0.00018648551439178819,0.0
11458,adam,5.36599719931136e-05,0.0001822838102142984,0.0
11459,adam,5.365012309529131e-05,0.0001832078996952536,0.0
11460,adam,5.36404301161952e-05,0.00018624197640601132,0.0
11461,adam,5.363028707036114e-05,0.00018665724819001402,0.0
11462,adam,5.3620704078290704e-05,0.00019914803333448365,0.0
11463,adam,5.361041062749384e-05,0.00019745884653901875,0.0
11464,adam,5.360077018618966e-05,0.00021397332321310692,0.0
11465,adam,5.359062185512222e-05,0.00020905935765152829,0.0
11466,adam,5.3580717065414315e-05,0.00022775822266470804,0.0
11467,adam,5.357078070565957e-05,0.0002178913380198515,0.0
11468,adam,5.356094732538629e-05,0.00023711460754454304,0.0
11469,adam,5.355105892849169e-05,0.00022359732391822576,0.0
11470,adam,5.3541106588253585e-05,0.00023650079070277602,0.0
11471,adam,5.353118689643922e-05,0.0002151393028645109,0.0
11472,adam,5.3521328960753844e-05,0.0002209859943673613,0.0
11473,adam,5.351121382245334e-05,0.0002004530565041262,0.0
11474,adam,5.35015387258918e-05,0.00020308785784508283,0.0
11475,adam,5.349144824915974e-05,0.00018587360798551572,0.0
11476,adam,5.3481642070563565e-05,0.00018549995992527183,0.0
11477,adam,5.347156557183043e-05,0.0001846526977561218,0.0
11478,adam,5.3461661049109205e-05,0.00018566330093513272,0.0
11479,adam,5.345186393586436e-05,0.0002007820381436951,0.0
11480,adam,5.3441873518571446e-05,0.00020179424835312058,0.0
11481,adam,5.3432351486858566e-05,0.00022687847979561618,0.0
11482,adam,5.342225494563419e-05,0.00022061285333289666,0.0
11483,adam,5.3412280872118366e-05,0.00023784070878882677,0.0
11484,adam,5.3402218812993754e-05,0.00022120689096752648,0.0
11485,adam,5.3392416330245764e-05,0.0002348730219968609,0.0
11486,adam,5.338260045614168e-05,0.0002150588998474615,0.0
11487,adam,5.337286253361697e-05,0.00021772161677444926,0.0
11488,adam,5.336269793906641e-05,0.00019664305767754274,0.0
11489,adam,5.335281142361608e-05,0.0002000477213198615,0.0
11490,adam,5.3343033294365014e-05,0.0001881072380094996,0.0
11491,adam,5.333315198175049e-05,0.00019096979121895148,0.0
11492,adam,5.33230753102248e-05,0.00018348016464251633,0.0
11493,adam,5.3313239126200716e-05,0.00018363580906484921,0.0
11494,adam,5.33035208395133e-05,0.0001823774508187225,0.0
11495,adam,5.329340738651203e-05,0.00018190898351764186,0.0
11496,adam,5.328377763858691e-05,0.0001895748744107208,0.0
11497,adam,5.327385331631515e-05,0.00018872877509803817,0.0
11498,adam,5.326402983974377e-05,0.00020318199947496002,0.0
11499,adam,5.325411408635497e-05,0.0001975584251165894,0.0
11500,adam,5.324417225071312e-05,0.0002120365324360067,0.0
11501,adam,5.3234186046032264e-05,0.00020472530397592682,0.0
11502,adam,5.322430286023671e-05,0.00021807922023516014,0.0
11503,adam,5.32145052189585e-05,0.0002069050655813739,0.0
11504,adam,5.3204821194741846e-05,0.00022239634850639364,0.0
11505,adam,5.319485704991301e-05,0.0002135375241946843,0.0
11506,adam,5.318494600177003e-05,0.00022894128785012777,0.0
11507,adam,5.317506645079095e-05,0.00021449013120242893,0.0
11508,adam,5.316520887934559e-05,0.00022527003315235433,0.0
11509,adam,5.315533537278542e-05,0.00020712422118877426,0.0
11510,adam,5.314550463581209e-05,0.00021292257074647392,0.0
11511,adam,5.313561954649948e-05,0.00019511126435799064,0.0
11512,adam,5.3125652807253834e-05,0.00020007969709327192,0.0
11513,adam,5.311581580327701e-05,0.0001873128591854837,0.0
11514,adam,5.3106192821331096e-05,0.0001927598580801815,0.0
11515,adam,5.309621507123338e-05,0.00018544052041371393,0.0
11516,adam,5.308611945082567e-05,0.00019254546905383743,0.0
11517,adam,5.3076354187241e-05,0.00018650259628938675,0.0
11518,adam,5.306663812815836e-05,0.00019530593300383833,0.0
11519,adam,5.305681143430842e-05,0.00018920214827920084,0.0
11520,adam,5.304711620094672e-05,0.00020321959318782854,0.0
11521,adam,5.303726590553918e-05,0.00019739302625001735,0.0
11522,adam,5.302738104002315e-05,0.0002141057745712163,0.0
11523,adam,5.3017420809566776e-05,0.00020608521520917297,0.0
11524,adam,5.300770177716824e-05,0.00022211292611757838,0.0
11525,adam,5.299777128899341e-05,0.0002096684389547395,0.0
11526,adam,5.2987965240638834e-05,0.0002241688699189235,0.0
11527,adam,5.297815419931834e-05,0.00021357837204357083,0.0
11528,adam,5.296856625863846e-05,0.0002314254527459931,0.0
11529,adam,5.295855625050524e-05,0.0002228882775625395,0.0
11530,adam,5.2948506895163724e-05,0.00024616561851462457,0.0
11531,adam,5.2938691955068405e-05,0.00023768077505341174,0.0
11532,adam,5.292908903956407e-05,0.00026452922590694056,0.0
11533,adam,5.291912842354901e-05,0.000254342657877809,0.0
11534,adam,5.290946483614267e-05,0.00027835887382162235,0.0
11535,adam,5.2899516225338514e-05,0.0002601653142017952,0.0
11536,adam,5.28896414327341e-05,0.0002746473055921576,0.0
11537,adam,5.287990643675556e-05,0.0002479106619433765,0.0
11538,adam,5.2869781301261675e-05,0.00025268026018008367,0.0
11539,adam,5.28600433329075e-05,0.00022278569913870082,0.0
11540,adam,5.2850488998928695e-05,0.00022540025340553416,0.0
11541,adam,5.284060749710339e-05,0.00020020395414768795,0.0
11542,adam,5.2830505080896256e-05,0.00019937719584549153,0.0
11543,adam,5.2820680087281635e-05,0.00018379018288124566,0.0
11544,adam,5.281111141367062e-05,0.0001824913379944489,0.0
11545,adam,5.280144823817287e-05,0.000185519975153546,0.0
11546,adam,5.279170481916607e-05,0.00018503511184496846,0.0
11547,adam,5.2781703771662754e-05,0.0001962454838955221,0.0
11548,adam,5.2771799631048456e-05,0.00019150640466809927,0.0
11549,adam,5.276198566559192e-05,0.00020835621174860783,0.0
11550,adam,5.275223372575543e-05,0.00020259969110274754,0.0
11551,adam,5.274250916997631e-05,0.0002231523479592519,0.0
11552,adam,5.273266688662776e-05,0.00021747578129114304,0.0
11553,adam,5.272304023042127e-05,0.00024314539950064367,0.0
11554,adam,5.271313435060036e-05,0.00023525548814143363,0.0
11555,adam,5.270352667414521e-05,0.00025477138822646854,0.0
11556,adam,5.2693419409574045e-05,0.0002416886611891237,0.0
11557,adam,5.2683827739320076e-05,0.00026134226988598115,0.0
11558,adam,5.2674134599699304e-05,0.00024401415745365433,0.0
11559,adam,5.2663927774526225e-05,0.00024969168530568407,0.0
11560,adam,5.26543351208101e-05,0.0002228168020240395,0.0
11561,adam,5.2644629566159526e-05,0.000224320054887644,0.0
11562,adam,5.2635035458383605e-05,0.0002004885946432216,0.0
11563,adam,5.2625098625638396e-05,0.00019886370717943084,0.0
11564,adam,5.2615323316043734e-05,0.00018396008798472356,0.0
11565,adam,5.260554361548091e-05,0.00018491653774773296,0.0
11566,adam,5.2595709240721824e-05,0.00018134887199799637,0.0
11567,adam,5.258604410448502e-05,0.0001831971778018743,0.0
11568,adam,5.2576210576289004e-05,0.00018619274665942283,0.0
11569,adam,5.2566591646286425e-05,0.0001859024869948697,0.0
11570,adam,5.2556627948577207e-05,0.00019237738539696695,0.0
11571,adam,5.2546724576881874e-05,0.0001906085055128405,0.0
11572,adam,5.253699882694459e-05,0.00019762829086700573,0.0
11573,adam,5.252713859707577e-05,0.00019226358143331347,0.0
11574,adam,5.251775647553879e-05,0.00019770915999708382,0.0
11575,adam,5.250772888065312e-05,0.00018995439250387363,0.0
11576,adam,5.249782389858521e-05,0.0001951441949841443,0.0
11577,adam,5.248835445258895e-05,0.0001869842301526392,0.0
11578,adam,5.2478600844220604e-05,0.00019390487888081172,0.0
11579,adam,5.2468848664870895e-05,0.00018589083045636518,0.0
11580,adam,5.245921519234948e-05,0.0001916558529439994,0.0
11581,adam,5.24493262254819e-05,0.00018227529894415778,0.0
11582,adam,5.2439427082359465e-05,0.00018423507778292264,0.0
11583,adam,5.2429934189312207e-05,0.00018265177343387457,0.0
11584,adam,5.242030934727857e-05,0.00018408418384763036,0.0
11585,adam,5.241048670658558e-05,0.0001859659531927694,0.0
11586,adam,5.2400554700296566e-05,0.00018448249767227337,0.0
11587,adam,5.2390876790815934e-05,0.00018968100704657982,0.0
11588,adam,5.2381140391157194e-05,0.00018646771710964586,0.0
11589,adam,5.2371279565641325e-05,0.00019241029323627742,0.0
11590,adam,5.2361514486765374e-05,0.00018589887976116975,0.0
11591,adam,5.235200032752909e-05,0.00019338736648059286,0.0
11592,adam,5.234188013961529e-05,0.00018570217770512727,0.0
11593,adam,5.233253740608888e-05,0.00019486276821549758,0.0
11594,adam,5.2322739402870736e-05,0.00018629415625645535,0.0
11595,adam,5.231296105588726e-05,0.00019103133937738127,0.0
11596,adam,5.2303063770424844e-05,0.00018276687772136047,0.0
11597,adam,5.229357045076209e-05,0.00018502077157210784,0.0
11598,adam,5.228370871589976e-05,0.0001826808975192676,0.0
11599,adam,5.2274048642152366e-05,0.00018339109092205732,0.0
11600,adam,5.226417310521008e-05,0.00018442344387299502,0.0
11601,adam,5.225446366608239e-05,0.00018227150790577933,0.0
11602,adam,5.224495578266253e-05,0.00018514937595749085,0.0
11603,adam,5.223503653454487e-05,0.0001816459609209194,0.0
11604,adam,5.222552982836856e-05,0.00018682779666602843,0.0
11605,adam,5.221546232879317e-05,0.00018235178327178766,0.0
11606,adam,5.220605323107862e-05,0.00019033729360011962,0.0
11607,adam,5.219609485281524e-05,0.00018487438674673424,0.0
11608,adam,5.218664140860758e-05,0.00019353563293261915,0.0
11609,adam,5.217694240185901e-05,0.00018644105107042312,0.0
11610,adam,5.216712739507729e-05,0.00019306071008796813,0.0
11611,adam,5.215751604822418e-05,0.00018460597084141498,0.0
11612,adam,5.214767715703897e-05,0.00018983364236056723,0.0
11613,adam,5.2138090627383834e-05,0.0001824399436442417,0.0
11614,adam,5.212844260849489e-05,0.00018620748282278845,0.0
11615,adam,5.211866451383214e-05,0.0001811268276755054,0.0
11616,adam,5.2109136888476335e-05,0.0001824771064835332,0.0
11617,adam,5.209926625414955e-05,0.00017986308200335888,0.0
11618,adam,5.208989703885468e-05,0.0001806710854095942,0.0
11619,adam,5.208035138665157e-05,0.0001804789149159906,0.0
11620,adam,5.207021152725405e-05,0.0001798377632816692,0.0
11621,adam,5.206035815278637e-05,0.00018635061548015396,0.0
11622,adam,5.205103452699092e-05,0.00018443337391382898,0.0
11623,adam,5.204116086553933e-05,0.0001923735275311573,0.0
11624,adam,5.2031438487951905e-05,0.0001822128161908895,0.0
11625,adam,5.2021860791065355e-05,0.00018355343301567294,0.0
11626,adam,5.201200251058595e-05,0.00018032749921155606,0.0
11627,adam,5.200239380450509e-05,0.00018055261896925956,0.0
11628,adam,5.1992652039770856e-05,0.00018361733107302727,0.0
11629,adam,5.198312984179791e-05,0.00018072250613676325,0.0
11630,adam,5.197328656425541e-05,0.00018546784828236116,0.0
11631,adam,5.196383060184488e-05,0.0001808934897071974,0.0
11632,adam,5.195419685695024e-05,0.00018461933344544578,0.0
11633,adam,5.194441586083685e-05,0.0001803655329634181,0.0
11634,adam,5.193491053169498e-05,0.00018375194495745287,0.0
11635,adam,5.1925081940022186e-05,0.0001800770515247022,0.0
11636,adam,5.191526852445723e-05,0.00018291678735618492,0.0
11637,adam,5.190583459187027e-05,0.00018074655284697422,0.0
11638,adam,5.1896137934921696e-05,0.00018655253145800303,0.0
11639,adam,5.1886435965891464e-05,0.00018249736818858766,0.0
11640,adam,5.187670113574687e-05,0.00018919785304593966,0.0
11641,adam,5.1867258986744556e-05,0.00018455959920768913,0.0
11642,adam,5.1857509759909206e-05,0.00019200165457605693,0.0
11643,adam,5.1847846001538064e-05,0.0001870877391153776,0.0
11644,adam,5.183815620101579e-05,0.00019418384326026756,0.0
11645,adam,5.182860562160655e-05,0.00018641079118733264,0.0
11646,adam,5.181891842557283e-05,0.00019227998349886637,0.0
11647,adam,5.180921897441278e-05,0.00018433211898806305,0.0
11648,adam,5.17996119295254e-05,0.00018691090701786095,0.0
11649,adam,5.1789823770879996e-05,0.00018005233113721817,0.0
11650,adam,5.178035310891433e-05,0.0001830458242151849,0.0
11651,adam,5.177062650134087e-05,0.00018160741026510764,0.0
11652,adam,5.176119711019098e-05,0.0001849039194846824,0.0
11653,adam,5.17515458344142e-05,0.00018485176493945857,0.0
11654,adam,5.1741656280752444e-05,0.00018538398549887726,0.0
11655,adam,5.173201846209049e-05,0.00019076238896959262,0.0
11656,adam,5.172258138984922e-05,0.00018902532787743812,0.0
11657,adam,5.171288099623536e-05,0.00019789121104601273,0.0
11658,adam,5.1703314427206104e-05,0.00019112551104853105,0.0
11659,adam,5.169365362069062e-05,0.00020386050378709105,0.0
11660,adam,5.1683899238344066e-05,0.00019660469402045766,0.0
11661,adam,5.167419450737982e-05,0.0002181337050092449,0.0
11662,adam,5.1664702768690354e-05,0.00021473775772155754,0.0
11663,adam,5.1655037992964493e-05,0.00024018864898508636,0.0
11664,adam,5.164558226611199e-05,0.00023447090283302524,0.0
11665,adam,5.163592446848817e-05,0.00026807663280398,0.0
11666,adam,5.162674794430752e-05,0.0002632992161524856,0.0
11667,adam,5.1616580350753486e-05,0.00029025349071912243,0.0
11668,adam,5.160723678481699e-05,0.00026900596781115056,0.0
11669,adam,5.159760161735195e-05,0.00028423786064624623,0.0
11670,adam,5.158773753704719e-05,0.00025830694499468925,0.0
11671,adam,5.1578420997518334e-05,0.00027040650969721304,0.0
11672,adam,5.1568581250472e-05,0.00024379197719961808,0.0
11673,adam,5.155907875976879e-05,0.0002525964395139591,0.0
11674,adam,5.1549438299643674e-05,0.00022838835680198325,0.0
11675,adam,5.153983453694849e-05,0.0002423826318075537,0.0
11676,adam,5.153044716539828e-05,0.00022653935639348105,0.0
11677,adam,5.1520658517158264e-05,0.00024460852305116645,0.0
11678,adam,5.151116989950199e-05,0.00022560424288722728,0.0
11679,adam,5.150149521542256e-05,0.00023836256038219143,0.0
11680,adam,5.149181381452843e-05,0.00021968295381948725,0.0
11681,adam,5.148229739238298e-05,0.00023563029025727868,0.0
11682,adam,5.1472730049294934e-05,0.00021956180076085179,0.0
11683,adam,5.1463142182616414e-05,0.00022991670304054268,0.0
11684,adam,5.145358689181965e-05,0.00020762368722007573,0.0
11685,adam,5.1444156118332445e-05,0.0002138702111881223,0.0
11686,adam,5.143441262657009e-05,0.00019615584251307213,0.0
11687,adam,5.142490788253024e-05,0.0002030035720628789,0.0
11688,adam,5.141549067275699e-05,0.00019120470802787794,0.0
11689,adam,5.140576849232811e-05,0.00019620147973666162,0.0
11690,adam,5.13961823602556e-05,0.0001846871211178968,0.0
11691,adam,5.138657746627936e-05,0.00018843644735219475,0.0
11692,adam,5.137693192954533e-05,0.00018269964157733827,0.0
11693,adam,5.1367506526198634e-05,0.00018619606435318857,0.0
11694,adam,5.135754439509354e-05,0.00018207316685963217,0.0
11695,adam,5.134831381469748e-05,0.00018616627511747487,0.0
11696,adam,5.133854031668162e-05,0.00018143292077698196,0.0
11697,adam,5.132942858670503e-05,0.0001858995748838345,0.0
11698,adam,5.131974637447936e-05,0.000181534882767719,0.0
11699,adam,5.130992898922201e-05,0.00018669478759139228,0.0
11700,adam,5.130035306092917e-05,0.0001814483245062049,0.0
11701,adam,5.12911893123632e-05,0.0001863392504066989,0.0
11702,adam,5.128130219561618e-05,0.00018146407433287525,0.0
11703,adam,5.127186904389862e-05,0.00018679797761571315,0.0
11704,adam,5.126223981698524e-05,0.00018191258582934863,0.0
11705,adam,5.1252661948218485e-05,0.00018832078604566648,0.0
11706,adam,5.1243148811359635e-05,0.00018331604554068254,0.0
11707,adam,5.123344048549535e-05,0.00018993262051844243,0.0
11708,adam,5.122408945758147e-05,0.00018406152877050575,0.0
11709,adam,5.121481473187517e-05,0.00018749898920718052,0.0
11710,adam,5.120503503331772e-05,0.00018166157621786293,0.0
11711,adam,5.119558656467995e-05,0.0001853801273962873,0.0
11712,adam,5.118586719432377e-05,0.00018041571754323746,0.0
11713,adam,5.117650305441939e-05,0.0001840350894027071,0.0
11714,adam,5.1166875894955345e-05,0.00018000359897015449,0.0
11715,adam,5.115743596380447e-05,0.00018610667089187573,0.0
11716,adam,5.1147713081073576e-05,0.00018179443608504897,0.0
11717,adam,5.1138353034963524e-05,0.00018907606812345584,0.0
11718,adam,5.1128829324728176e-05,0.00018306749528878,0.0
11719,adam,5.1119193396405535e-05,0.0001919696009566048,0.0
11720,adam,5.110981455154542e-05,0.00018473122186803633,0.0
11721,adam,5.1100151128551326e-05,0.00019460248631671633,0.0
11722,adam,5.1090704122970095e-05,0.000187305440307819,0.0
11723,adam,5.1081185558057256e-05,0.00019880541927193613,0.0
11724,adam,5.1071780027173535e-05,0.00019127488644965764,0.0
11725,adam,5.1062219233795126e-05,0.00020622903565249956,0.0
11726,adam,5.1052666423102485e-05,0.0001972127358703811,0.0
11727,adam,5.1043291918549655e-05,0.00021108984263324792,0.0
11728,adam,5.103383913388848e-05,0.00020104014057426941,0.0
11729,adam,5.1024144073474496e-05,0.0002173245031037188,0.0
11730,adam,5.101457804163498e-05,0.00020409327434080815,0.0
11731,adam,5.1005166907478924e-05,0.0002189476878814622,0.0
11732,adam,5.0995574937602154e-05,0.00020684497514454888,0.0
11733,adam,5.098602955602434e-05,0.00022048726143080775,0.0
11734,adam,5.097659475881411e-05,0.00020275160456028065,0.0
11735,adam,5.0967024531338585e-05,0.00021106756933020744,0.0
11736,adam,5.0957774341641426e-05,0.00019304418899324598,0.0
11737,adam,5.094813825824545e-05,0.00019949682652211398,0.0
11738,adam,5.0938682516360465e-05,0.00018929553968094376,0.0
11739,adam,5.092908565282531e-05,0.00019809806709108034,0.0
11740,adam,5.091969633957015e-05,0.000188206252969242,0.0
11741,adam,5.091040088284433e-05,0.00019533949014916764,0.0
11742,adam,5.090093687339151e-05,0.0001851777080097792,0.0
11743,adam,5.0891301031372435e-05,0.0001922337043288033,0.0
11744,adam,5.088177792802093e-05,0.0001840928776743673,0.0
11745,adam,5.0872614163030535e-05,0.00019167665036970205,0.0
11746,adam,5.086270435236302e-05,0.00018428572771245948,0.0
11747,adam,5.0853493062349754e-05,0.00019492024097919408,0.0
11748,adam,5.0843729860847264e-05,0.00018787775763282952,0.0
11749,adam,5.083441774126175e-05,0.00020069032115176588,0.0
11750,adam,5.082499874057489e-05,0.00018948066755388411,0.0
11751,adam,5.081545213470833e-05,0.00019612842147942743,0.0
11752,adam,5.080617273534646e-05,0.00018437422343933155,0.0
11753,adam,5.079659237751761e-05,0.00019116748952972766,0.0
11754,adam,5.078718289574061e-05,0.00018457525522164953,0.0
11755,adam,5.077782372641005e-05,0.00019570931505338672,0.0
11756,adam,5.0768368164797964e-05,0.00018896944181346292,0.0
11757,adam,5.0758668445302776e-05,0.0002037157976363819,0.0
11758,adam,5.07492841789388e-05,0.00019576490792127605,0.0
11759,adam,5.073980780383706e-05,0.00020931954892172865,0.0
11760,adam,5.073048065048386e-05,0.0001947958544386803,0.0
11761,adam,5.072122269100012e-05,0.00020277821374377523,0.0
11762,adam,5.0711384617708385e-05,0.00018766550539309348,0.0
11763,adam,5.070190801528328e-05,0.00019324542816852436,0.0
11764,adam,5.069267158793844e-05,0.0001830153111567259,0.0
11765,adam,5.068318106007474e-05,0.00018927221276155519,0.0
11766,adam,5.06738073736069e-05,0.00018206892374395293,0.0
11767,adam,5.06642166044152e-05,0.00019098799421374016,0.0
11768,adam,5.06547747964549e-05,0.00018548154860851615,0.0
11769,adam,5.064549976565247e-05,0.00019945037435680255,0.0
11770,adam,5.063596274821124e-05,0.00019408209320813922,0.0
11771,adam,5.062669976276399e-05,0.00021349562107990627,0.0
11772,adam,5.06173301984933e-05,0.00020820383981953234,0.0
11773,adam,5.0607832818533854e-05,0.00023305304393761566,0.0
11774,adam,5.059842108335405e-05,0.00022532534797469093,0.0
11775,adam,5.058885649172643e-05,0.00024748701861060574,0.0
11776,adam,5.057946849882005e-05,0.0002321542803030355,0.0
11777,adam,5.057030540141764e-05,0.0002523117856911966,0.0
11778,adam,5.056076829739557e-05,0.00023741480584341123,0.0
11779,adam,5.055135226623691e-05,0.0002579735211373674,0.0
11780,adam,5.054206324083778e-05,0.00023663815005850193,0.0
11781,adam,5.053250131869351e-05,0.00024534798648403295,0.0
11782,adam,5.052305650927859e-05,0.00021559634164140313,0.0
11783,adam,5.051385589600981e-05,0.00021966175439181194,0.0
11784,adam,5.050442507633543e-05,0.00019583766250720963,0.0
11785,adam,5.049451452210569e-05,0.00019515701594281136,0.0
11786,adam,5.0485517955802416e-05,0.00017896770908342182,0.0
11787,adam,5.047603088087334e-05,0.00017818030411200254,0.0
11788,adam,5.0466744905567806e-05,0.0001842930873096107,0.0
11789,adam,5.045722993700576e-05,0.0001852935425657563,0.0
11790,adam,5.044781845500435e-05,0.00020570956735222842,0.0
11791,adam,5.043842083643703e-05,0.00020421167172079415,0.0
11792,adam,5.042910583020017e-05,0.00023187174360290392,0.0
11793,adam,5.0419621535051466e-05,0.00023112018155992692,0.0
11794,adam,5.041016840019119e-05,0.00026611572686032934,0.0
11795,adam,5.0401091427203984e-05,0.0002631080831376397,0.0
11796,adam,5.039158633378048e-05,0.00029967065425604873,0.0
11797,adam,5.038245508844962e-05,0.0002937907598105605,0.0
11798,adam,5.0372960088246926e-05,0.00033192908737913535,0.0
11799,adam,5.0363365340096777e-05,0.0003266252751000938,0.0
11800,adam,5.0354037219177345e-05,0.00036072312867736707,0.0
11801,adam,5.034473665809256e-05,0.00034660245893344257,0.0
11802,adam,5.033558719817963e-05,0.0003796322455745717,0.0
11803,adam,5.0326039217365946e-05,0.0003688452923154907,0.0
11804,adam,5.031663336273793e-05,0.0004048436095259334,0.0
11805,adam,5.030735633189833e-05,0.00039555062348651984,0.0
11806,adam,5.029784769560571e-05,0.00043495492261573813,0.0
11807,adam,5.02885071703967e-05,0.0004252941911074875,0.0
11808,adam,5.027899871734306e-05,0.00045356119345834814,0.0
11809,adam,5.027005955245236e-05,0.00042587961472259324,0.0
11810,adam,5.026050694440148e-05,0.00043582193302818344,0.0
11811,adam,5.025109375087458e-05,0.00039298810188816906,0.0
11812,adam,5.024173745323773e-05,0.00039070764466805024,0.0
11813,adam,5.023243666726445e-05,0.00034097811582563963,0.0
11814,adam,5.0222912575053666e-05,0.00033328716162194004,0.0
11815,adam,5.02136663678964e-05,0.000283327639220099,0.0
11816,adam,5.020398094738265e-05,0.00027987525911119643,0.0
11817,adam,5.019478191709822e-05,0.00024152124211018332,0.0
11818,adam,5.018576758441081e-05,0.0002429699222862713,0.0
11819,adam,5.0176331016590313e-05,0.00021069240284920076,0.0
11820,adam,5.016713838145669e-05,0.0002110882304458919,0.0
11821,adam,5.0157569531181453e-05,0.000191538366223027,0.0
11822,adam,5.014807939116484e-05,0.00019553568775555744,0.0
11823,adam,5.013889671596944e-05,0.0001830840441013839,0.0
11824,adam,5.012942794304104e-05,0.00018307277411318756,0.0
11825,adam,5.012019793589795e-05,0.0001804928438283271,0.0
11826,adam,5.0110812181764184e-05,0.00017896474388189308,0.0
11827,adam,5.0101589291387646e-05,0.00018515293881548166,0.0
11828,adam,5.009209698097027e-05,0.0001820058584244875,0.0
11829,adam,5.008307967647265e-05,0.00019636906306165565,0.0
11830,adam,5.007361934192784e-05,0.00019280214828280498,0.0
11831,adam,5.0064321714259854e-05,0.0002134315677867165,0.0
11832,adam,5.0055067604431535e-05,0.00020453529324480124,0.0
11833,adam,5.0045755332681045e-05,0.00022051161464063285,0.0
11834,adam,5.0036249104058805e-05,0.0002035573527737364,0.0
11835,adam,5.0026805584797504e-05,0.00021197686527892537,0.0
11836,adam,5.0017625925819685e-05,0.00019330535214073623,0.0
11837,adam,5.000828992515624e-05,0.00019844336962272435,0.0
11838,adam,4.999907183992922e-05,0.00018367586609060996,0.0
11839,adam,4.998986180983772e-05,0.00018801178677970028,0.0
11840,adam,4.998056246816313e-05,0.00018047950222471789,0.0
11841,adam,4.9971284476219104e-05,0.00018973601428862175,0.0
11842,adam,4.9962088216976056e-05,0.0001884627141283958,0.0
11843,adam,4.9952535404232944e-05,0.00020427624446789626,0.0
11844,adam,4.994314703498778e-05,0.00019950600861335215,0.0
11845,adam,4.993382945419905e-05,0.00021328519616068458,0.0
11846,adam,4.992493713656831e-05,0.00019933371688132448,0.0
11847,adam,4.991528862936259e-05,0.00020200409438728953,0.0
11848,adam,4.9906261665547404e-05,0.0001823633610328449,0.0
11849,adam,4.989685288495781e-05,0.00018058121490248873,0.0
11850,adam,4.9887575763027775e-05,0.00017760038005491607,0.0
11851,adam,4.98780871934139e-05,0.0001785887512336768,0.0
11852,adam,4.9868936112068915e-05,0.00018934874668904446,0.0
11853,adam,4.98599861471867e-05,0.00019062854613739573,0.0
11854,adam,4.985065944300917e-05,0.00020641302887992795,0.0
11855,adam,4.984131140975057e-05,0.00019806238742639008,0.0
11856,adam,4.983197187889793e-05,0.0002103260847528809,0.0
11857,adam,4.98226424276656e-05,0.00019692808874244703,0.0
11858,adam,4.981335708228263e-05,0.00020467013810763026,0.0
11859,adam,4.9804308630525e-05,0.00018722997100288071,0.0
11860,adam,4.979500842656091e-05,0.00018930917526697538,0.0
11861,adam,4.978572733824302e-05,0.00017932969973759959,0.0
11862,adam,4.977622799225465e-05,0.00018345769773785552,0.0
11863,adam,4.9767083837325855e-05,0.000181490408804458,0.0
11864,adam,4.975794819532993e-05,0.00018365366351214688,0.0
11865,adam,4.974849723908163e-05,0.00018240938938502807,0.0
11866,adam,4.973931688518898e-05,0.00018168798475372072,0.0
11867,adam,4.973023244241078e-05,0.00017893527028297715,0.0
11868,adam,4.972077073019399e-05,0.0001804596512772844,0.0
11869,adam,4.97113155417008e-05,0.00017733770825871035,0.0
11870,adam,4.970232380251782e-05,0.00018016987504824585,0.0
11871,adam,4.969321487892171e-05,0.00017725789885974,0.0
11872,adam,4.968400465338785e-05,0.00018094251666426214,0.0
11873,adam,4.9674619313757476e-05,0.00017954288613451,0.0
11874,adam,4.966554842442134e-05,0.00018185876376767337,0.0
11875,adam,4.9656291840855885e-05,0.0001834838642190243,0.0
11876,adam,4.964674274180046e-05,0.000183123541270471,0.0
11877,adam,4.963779137816052e-05,0.0001870074035407984,0.0
11878,adam,4.9628532685003454e-05,0.0001827935944267826,0.0
11879,adam,4.961943164469587e-05,0.00018641163306523087,0.0
11880,adam,4.960999615813318e-05,0.00017993777358712326,0.0
11881,adam,4.960071644569437e-05,0.00018197979072051446,0.0
11882,adam,4.95916282494657e-05,0.00017755128626577445,0.0
11883,adam,4.95824065194623e-05,0.00017887623187362735,0.0
11884,adam,4.957318859438611e-05,0.00017700047354373368,0.0
11885,adam,4.956393209482327e-05,0.00018015761375003912,0.0
11886,adam,4.95548002756414e-05,0.00017820886803396397,0.0
11887,adam,4.9545341677090186e-05,0.000182212884318261,0.0
11888,adam,4.9536358884822225e-05,0.0001795345194542796,0.0
11889,adam,4.952754703815868e-05,0.000181342077077072,0.0
11890,adam,4.951780837768302e-05,0.00017968985721877976,0.0
11891,adam,4.950886224653717e-05,0.00017973187209267328,0.0
11892,adam,4.9499712641185905e-05,0.00017836359984031277,0.0
11893,adam,4.949042798266168e-05,0.000181529704430926,0.0
11894,adam,4.94812114732275e-05,0.0001792453683856047,0.0
11895,adam,4.947198165282296e-05,0.00018789596407339915,0.0
11896,adam,4.9462662010774496e-05,0.00018284086123478233,0.0
11897,adam,4.945356915265911e-05,0.00019310867750569423,0.0
11898,adam,4.9444389693690995e-05,0.00018471151829618993,0.0
11899,adam,4.943531874613313e-05,0.00019180636482634013,0.0
11900,adam,4.942601502182907e-05,0.00018104659799529356,0.0
11901,adam,4.9416815567771536e-05,0.00018428902954933338,0.0
11902,adam,4.9407464879462314e-05,0.00017709764991783795,0.0
11903,adam,4.939831079936185e-05,0.0001792340838291504,0.0
11904,adam,4.9389234560621236e-05,0.0001765345719362568,0.0
11905,adam,4.938003548261325e-05,0.00017743448376115935,0.0
11906,adam,4.937099127878981e-05,0.00017649923682800278,0.0
11907,adam,4.9361852258233764e-05,0.00017701116156306824,0.0
11908,adam,4.9352613383150944e-05,0.0001763871359636212,0.0
11909,adam,4.934333481755075e-05,0.00017746403760897695,0.0
11910,adam,4.933437635974748e-05,0.0001767122100452745,0.0
11911,adam,4.932508801530713e-05,0.00017684100777705562,0.0
11912,adam,4.931601853949926e-05,0.00017900506472590325,0.0
11913,adam,4.9306802284166387e-05,0.00017752818679294275,0.0
11914,adam,4.929753601647486e-05,0.0001880307178112747,0.0
11915,adam,4.928839842901834e-05,0.00018450084751877165,0.0
11916,adam,4.9279261968567424e-05,0.00019883078890604923,0.0
11917,adam,4.9270001650993084e-05,0.00019015276010582685,0.0
11918,adam,4.9261012459873785e-05,0.0002001939176864739,0.0
11919,adam,4.925210937412881e-05,0.00018678478251069243,0.0
11920,adam,4.924247481797308e-05,0.00018935482959372147,0.0
11921,adam,4.9233594738771185e-05,0.0001783483520157356,0.0
11922,adam,4.922437330909491e-05,0.0001784777367230095,0.0
11923,adam,4.921526003769817e-05,0.0001774397495483643,0.0
11924,adam,4.920636235699611e-05,0.00017719684543862386,0.0
11925,adam,4.919695507004467e-05,0.0001846831651472454,0.0
11926,adam,4.918793983211514e-05,0.00018346879049903174,0.0
11927,adam,4.917876830191379e-05,0.00019480194958279307,0.0
11928,adam,4.916962765792708e-05,0.0001928777800738601,0.0
11929,adam,4.9160338447981036e-05,0.0002079744328042135,0.0
11930,adam,4.915161685731269e-05,0.00019981118111374788,0.0
11931,adam,4.914228405221009e-05,0.00021359555098151436,0.0
11932,adam,4.9133231416744226e-05,0.00020044620535796895,0.0
11933,adam,4.9124151081301914e-05,0.0002181006508214398,0.0
11934,adam,4.911495456449228e-05,0.00020682250481204227,0.0
11935,adam,4.9105860557286684e-05,0.00022335742198925862,0.0
11936,adam,4.909678677845806e-05,0.00020740614420599248,0.0
11937,adam,4.908758666934063e-05,0.00021887053082641995,0.0
11938,adam,4.907845544011577e-05,0.00020095076111281525,0.0
11939,adam,4.906928771870207e-05,0.0002097378969233449,0.0
11940,adam,4.9060362456456025e-05,0.00019453545847838568,0.0
11941,adam,4.9051113011201744e-05,0.0002016249965368825,0.0
11942,adam,4.9041928256009093e-05,0.0001870080656496151,0.0
11943,adam,4.903291050000304e-05,0.00019606294201146755,0.0
11944,adam,4.902388434859788e-05,0.00018774274746205183,0.0
11945,adam,4.90146226507518e-05,0.00020015587775903666,0.0
11946,adam,4.900559564600764e-05,0.00018883595101698214,0.0
11947,adam,4.899657805203494e-05,0.0001975569052992023,0.0
11948,adam,4.8987398019798615e-05,0.00018432424047994982,0.0
11949,adam,4.89784931705767e-05,0.00019051880869446963,0.0
11950,adam,4.8969222456231656e-05,0.00017911884731093724,0.0
11951,adam,4.8960228827859126e-05,0.0001816636783983393,0.0
11952,adam,4.895120004433988e-05,0.00017588888895387936,0.0
11953,adam,4.894205215362413e-05,0.00017664431400301353,0.0
11954,adam,4.893308309803367e-05,0.00017844109250119984,0.0
11955,adam,4.892373012765151e-05,0.0001771533268274166,0.0
11956,adam,4.891479175746933e-05,0.00018899903975790083,0.0
11957,adam,4.890563752405222e-05,0.00018639966348441957,0.0
11958,adam,4.8896828734101174e-05,0.00020258997738806939,0.0
11959,adam,4.8887571518618504e-05,0.00019300541543714215,0.0
11960,adam,4.887860449519327e-05,0.000204922800963625,0.0
11961,adam,4.886931596639666e-05,0.00019107462509288057,0.0
11962,adam,4.8860311134577666e-05,0.00020305511705207493,0.0
11963,adam,4.885133853438425e-05,0.0001933305776673913,0.0
11964,adam,4.8842511819094056e-05,0.0002101384677762973,0.0
11965,adam,4.883304482271563e-05,0.00019956686129288912,0.0
11966,adam,4.8824454867970674e-05,0.00021753101135519993,0.0
11967,adam,4.881510851693664e-05,0.0002062079324415919,0.0
11968,adam,4.8806121384499654e-05,0.0002233697505716436,0.0
11969,adam,4.8797175769774455e-05,0.00020622138779341503,0.0
11970,adam,4.878797375479969e-05,0.00021754917367439676,0.0
11971,adam,4.877909206137362e-05,0.00019922158162374742,0.0
11972,adam,4.877011185060106e-05,0.00020829559238436392,0.0
11973,adam,4.876110438539641e-05,0.00019209564091273194,0.0
11974,adam,4.8751614234351534e-05,0.00019695908160374757,0.0
11975,adam,4.874269137529546e-05,0.00018367899818944153,0.0
11976,adam,4.87338827471368e-05,0.0001860430946033165,0.0
11977,adam,4.872471291536101e-05,0.00017731855860980236,0.0
11978,adam,4.871589073083107e-05,0.00017656495977731626,0.0
11979,adam,4.8706715860601975e-05,0.0001781878059216483,0.0
11980,adam,4.869766900935723e-05,0.00017593007331815223,0.0
11981,adam,4.868866651241453e-05,0.00018245777675234928,0.0
11982,adam,4.8679609031235524e-05,0.00017813982243878825,0.0
11983,adam,4.867059061441199e-05,0.00018310615702950503,0.0
11984,adam,4.86615893631486e-05,0.00017659489840371416,0.0
11985,adam,4.865273169301559e-05,0.00017971445172374061,0.0
11986,adam,4.864367710544099e-05,0.00017561533521629646,0.0
11987,adam,4.8634574558217845e-05,0.00017715572528595417,0.0
11988,adam,4.8625743526150347e-05,0.00017578115258982268,0.0
11989,adam,4.861647719138562e-05,0.0001755705038529934,0.0
11990,adam,4.860759075654038e-05,0.0001778354451521117,0.0
11991,adam,4.859862759421416e-05,0.00017605958259663346,0.0
11992,adam,4.85895261001226e-05,0.00018330295717778572,0.0
11993,adam,4.858056695274977e-05,0.00017850327293600452,0.0
11994,adam,4.8571657389104686e-05,0.00018615715810933191,0.0
11995,adam,4.8562926067199975e-05,0.00017858660545980772,0.0
11996,adam,4.8553479263729005e-05,0.00018348901965989196,0.0
11997,adam,4.854459536890982e-05,0.00017679692491439166,0.0
11998,adam,4.85354540126429e-05,0.00017981981306407015,0.0
11999,adam,4.852662232459439e-05,0.00017578794992154816,0.0
12000,adam,4.8517597724137496e-05,0.00017792857637755603,0.0
12001,adam,4.8508755781455015e-05,0.00017570388847129272,0.0
12002,adam,4.8499787592314586e-05,0.000177096726469599,0.0
12003,adam,4.849094562279548e-05,0.00017539375305621112,0.0
12004,adam,4.848170780626583e-05,0.0001779549874910483,0.0
12005,adam,4.847272892913473e-05,0.0001756704200896706,0.0
12006,adam,4.846387125685031e-05,0.0001845477265308569,0.0
12007,adam,4.845488082178527e-05,0.0001811520489627058,0.0
12008,adam,4.844567315821487e-05,0.0001915487345975151,0.0
12009,adam,4.843684639371515e-05,0.00018129290569406084,0.0
12010,adam,4.842813696713605e-05,0.00018622069462207588,0.0
12011,adam,4.841889521855478e-05,0.0001766547891362524,0.0
12012,adam,4.840998352194363e-05,0.00017889490662531616,0.0
12013,adam,4.840119876798735e-05,0.00017512149709564243,0.0
12014,adam,4.8392114521331566e-05,0.00017525867206860026,0.0
12015,adam,4.838298191267845e-05,0.00017664264281848238,0.0
12016,adam,4.8374312585478275e-05,0.00017515298756363664,0.0
12017,adam,4.8365302179572247e-05,0.0001770482464304427,0.0
12018,adam,4.8356286070349323e-05,0.00017518017126620747,0.0
12019,adam,4.834740797687005e-05,0.00017520456798411898,0.0
12020,adam,4.8338498374119754e-05,0.00017699621077714667,0.0
12021,adam,4.8329521402399715e-05,0.00017526323327968988,0.0
12022,adam,4.8320626208085865e-05,0.00018060771629210793,0.0
12023,adam,4.8311479384725735e-05,0.00017715531086549423,0.0
12024,adam,4.8302934616165546e-05,0.00018364444358515524,0.0
12025,adam,4.829386881844689e-05,0.00017858643575852033,0.0
12026,adam,4.8285015498550796e-05,0.000182474802702585,0.0
12027,adam,4.827584983792474e-05,0.00017577066514274758,0.0
12028,adam,4.826697681017422e-05,0.00017704256363113455,0.0
12029,adam,4.825831915414994e-05,0.00017586542665482902,0.0
12030,adam,4.824895829127513e-05,0.00017525185017858285,0.0
12031,adam,4.824020114301e-05,0.00018236953722792002,0.0
12032,adam,4.823121433527318e-05,0.00017900889043089417,0.0
12033,adam,4.82223138900252e-05,0.00018592141304497455,0.0
12034,adam,4.821360087240206e-05,0.00017781889099448059,0.0
12035,adam,4.8204596316294894e-05,0.00017952691884607337,0.0
12036,adam,4.8195872960690803e-05,0.00017564872899938908,0.0
12037,adam,4.8186959491391845e-05,0.0001751087041990892,0.0
12038,adam,4.817786327815728e-05,0.00017953896597603083,0.0
12039,adam,4.816903144814294e-05,0.00017660381224490423,0.0
12040,adam,4.8160161877264156e-05,0.0001859409881245885,0.0
12041,adam,4.815116246905347e-05,0.00018167967467347916,0.0
12042,adam,4.8142216364732263e-05,0.00019498235204179647,0.0
12043,adam,4.813328535947125e-05,0.00018895003892452193,0.0
12044,adam,4.812473417962203e-05,0.00020273567395920033,0.0
12045,adam,4.811560699365071e-05,0.00019340082968117794,0.0
12046,adam,4.8106840988048904e-05,0.00020831458435637047,0.0
12047,adam,4.809785980082922e-05,0.0001945538918524292,0.0
12048,adam,4.808906545329504e-05,0.00020344497659656018,0.0
12049,adam,4.808029362006459e-05,0.00018659140735440203,0.0
12050,adam,4.807129563070387e-05,0.00019049491644714138,0.0
12051,adam,4.806237685047687e-05,0.0001761671274206497,0.0
12052,adam,4.805352621563612e-05,0.0001751723999844492,0.0
12053,adam,4.804454206178377e-05,0.00017894475992061976,0.0
12054,adam,4.803583046728233e-05,0.00017714081372366796,0.0
12055,adam,4.802700358362969e-05,0.0001837505736057473,0.0
12056,adam,4.801787154370549e-05,0.00017545609108011878,0.0
12057,adam,4.800914887984066e-05,0.00017658365157059605,0.0
12058,adam,4.8000349371697826e-05,0.0001757861290427805,0.0
12059,adam,4.799137151476919e-05,0.00017529294309871204,0.0
12060,adam,4.798264209557816e-05,0.00018741367777974513,0.0
12061,adam,4.797368380505919e-05,0.00018417456507514992,0.0
12062,adam,4.796494133117144e-05,0.00019851537861936564,0.0
12063,adam,4.7956164256517865e-05,0.00018849549123145618,0.0
12064,adam,4.7947298353429703e-05,0.00019789618329104183,0.0
12065,adam,4.793825135832099e-05,0.00018176504703445914,0.0
12066,adam,4.79295025062e-05,0.00018411277989372252,0.0
12067,adam,4.7920778787357935e-05,0.00017482446405877819,0.0
12068,adam,4.7912176053144805e-05,0.00017455108478559822,0.0
12069,adam,4.7903234243976516e-05,0.00018350545952331554,0.0
12070,adam,4.789434047913846e-05,0.00018033363887109944,0.0
12071,adam,4.7885364387925276e-05,0.00019307083070566365,0.0
12072,adam,4.7876697148373474e-05,0.00018564200581894789,0.0
12073,adam,4.786780393115423e-05,0.00019773947803743976,0.0
12074,adam,4.7858800637825015e-05,0.0001870041918064802,0.0
12075,adam,4.7850013786394306e-05,0.00019500118359764502,0.0
12076,adam,4.7841094068066784e-05,0.0001820234570298958,0.0
12077,adam,4.7832413603537973e-05,0.0001841936980868085,0.0
12078,adam,4.782371337409025e-05,0.00017517043606720903,0.0
12079,adam,4.781494025361605e-05,0.00017428912500027478,0.0
12080,adam,4.7805959918398127e-05,0.00018118347251416453,0.0
12081,adam,4.779714999040564e-05,0.00017921848930993844,0.0
12082,adam,4.7788269347631476e-05,0.00019366694648118455,0.0
12083,adam,4.7779479264218655e-05,0.00018892506398164084,0.0
12084,adam,4.777115448928024e-05,0.000206143503683263,0.0
12085,adam,4.776190285872041e-05,0.0001954654169680202,0.0
12086,adam,4.775334506983167e-05,0.00020703110663283395,0.0
12087,adam,4.7744444979455405e-05,0.00019060723329699487,0.0
12088,adam,4.7735640858775785e-05,0.0001972865956796489,0.0
12089,adam,4.772698811779962e-05,0.00018199016055423767,0.0
12090,adam,4.7718005790742316e-05,0.000185530483910537,0.0
12091,adam,4.77092458260324e-05,0.00017825874031282627,0.0
12092,adam,4.770042458920033e-05,0.00017999163300782794,0.0
12093,adam,4.7691826713483364e-05,0.00017947812486238018,0.0
12094,adam,4.768284891595401e-05,0.00017746045067555994,0.0
12095,adam,4.767410184793991e-05,0.00017930408617958975,0.0
12096,adam,4.7665473916454106e-05,0.00017543743474380294,0.0
12097,adam,4.7656532731281756e-05,0.00017576074799120103,0.0
12098,adam,4.764787963358858e-05,0.0001750335444553696,0.0
12099,adam,4.76389929281854e-05,0.00017503361816333378,0.0
12100,adam,4.7630244920906225e-05,0.000180521364054861,0.0
12101,adam,4.7621383806480294e-05,0.00018029569998463102,0.0
12102,adam,4.761265268597068e-05,0.00018655816999835483,0.0
12103,adam,4.760407659477828e-05,0.00018453574672337556,0.0
12104,adam,4.7595164240549255e-05,0.00018447151610528927,0.0
12105,adam,4.758646955366878e-05,0.0001810713950796377,0.0
12106,adam,4.757779626071075e-05,0.00017740122278368353,0.0
12107,adam,4.756890164231126e-05,0.00017707297168620162,0.0
12108,adam,4.756011309815204e-05,0.00017406579907732226,0.0
12109,adam,4.755150275384217e-05,0.0001765756560327705,0.0
12110,adam,4.7542573529164874e-05,0.00017379152592945614,0.0
12111,adam,4.753376222883882e-05,0.00017647772033933242,0.0
12112,adam,4.7525373440047647e-05,0.00017419541332002164,0.0
12113,adam,4.7516520133882224e-05,0.00017488157055717987,0.0
12114,adam,4.750762589925683e-05,0.00017503120406145483,0.0
12115,adam,4.7498987715913546e-05,0.00017385771963243958,0.0
12116,adam,4.749021466946185e-05,0.0001757963116568778,0.0
12117,adam,4.74815593383389e-05,0.00017385770341530262,0.0
12118,adam,4.747253974013713e-05,0.00017491161501624115,0.0
12119,adam,4.746397109486551e-05,0.00017532349024418478,0.0
12120,adam,4.745543109291118e-05,0.00017443334064496096,0.0
12121,adam,4.7446516439531906e-05,0.0001767195251962761,0.0
12122,adam,4.743769663430409e-05,0.00017438319575579115,0.0
12123,adam,4.742907845001042e-05,0.00017546138807121524,0.0
12124,adam,4.742039135830869e-05,0.00017402192844792318,0.0
12125,adam,4.741171015042188e-05,0.00017463726983209832,0.0
12126,adam,4.740312885998364e-05,0.0001737480523276822,0.0
12127,adam,4.739450422428552e-05,0.00017459369663381765,0.0
12128,adam,4.738584704128555e-05,0.0001749184097588191,0.0
12129,adam,4.737710006460949e-05,0.00017385209524398992,0.0
12130,adam,4.736824549601983e-05,0.00017738976313715557,0.0
12131,adam,4.735963008652658e-05,0.0001743989484156539,0.0
12132,adam,4.735076455700883e-05,0.00017987714856391283,0.0
12133,adam,4.734185263514061e-05,0.00017759953219679961,0.0
12134,adam,4.733337457093861e-05,0.00018067292126991698,0.0
12135,adam,4.732467521929449e-05,0.00018047339170047233,0.0
12136,adam,4.731611735421516e-05,0.00017907100218948595,0.0
12137,adam,4.730730675389634e-05,0.00017885588868857456,0.0
12138,adam,4.729875448492896e-05,0.0001754362894907455,0.0
12139,adam,4.728984812024147e-05,0.00017410937940602313,0.0
12140,adam,4.728151225660917e-05,0.00017512629840834784,0.0
12141,adam,4.727290462182541e-05,0.0001748011358185265,0.0
12142,adam,4.726385855320804e-05,0.00018056178175079535,0.0
12143,adam,4.7255328883679805e-05,0.00017831115986758584,0.0
12144,adam,4.724664852684009e-05,0.00018090353417186722,0.0
12145,adam,4.72379200289975e-05,0.0001774857979493291,0.0
12146,adam,4.722927161342124e-05,0.00017606731858602688,0.0
12147,adam,4.722072381578792e-05,0.00017816598467119128,0.0
12148,adam,4.7212084693380355e-05,0.00017417135743544424,0.0
12149,adam,4.7203244173824635e-05,0.0001788899152947523,0.0
12150,adam,4.719459156659194e-05,0.0001749009877946312,0.0
12151,adam,4.718598851576564e-05,0.00018124922604931918,0.0
12152,adam,4.7177346140963845e-05,0.0001778439933523978,0.0
12153,adam,4.716867354487674e-05,0.00017908062199873502,0.0
12154,adam,4.7160081013618735e-05,0.0001759174396759051,0.0
12155,adam,4.715123969834234e-05,0.00017388060315642604,0.0
12156,adam,4.714276631149075e-05,0.00017477525157633106,0.0
12157,adam,4.713402551909012e-05,0.0001733194246247031,0.0
12158,adam,4.7125511167554486e-05,0.00017467679616144782,0.0
12159,adam,4.7116673176161164e-05,0.00017482592544427873,0.0
12160,adam,4.710832023511201e-05,0.00017732605034457665,0.0
12161,adam,4.709954506656582e-05,0.0001747850184302342,0.0
12162,adam,4.709087210036768e-05,0.00017618851889149103,0.0
12163,adam,4.7082389214366595e-05,0.00017443040495288106,0.0
12164,adam,4.707384720739488e-05,0.00017514005453845097,0.0
12165,adam,4.706497008813729e-05,0.00017332613172282103,0.0
12166,adam,4.705655608194312e-05,0.00017375995747433831,0.0
12167,adam,4.704774033933947e-05,0.00017543607971358296,0.0
12168,adam,4.703923879218867e-05,0.0001751446543193691,0.0
12169,adam,4.7030774604387606e-05,0.0001812367342054999,0.0
12170,adam,4.702210925570998e-05,0.00017691224021478474,0.0
12171,adam,4.701333241351556e-05,0.00018100953015213664,0.0
12172,adam,4.700474256746628e-05,0.00017483011000446211,0.0
12173,adam,4.699607289014697e-05,0.0001763818234365268,0.0
12174,adam,4.6987476220490826e-05,0.0001734189267277528,0.0
12175,adam,4.697892514735036e-05,0.00017310517315951454,0.0
12176,adam,4.697040177188309e-05,0.0001770699815153384,0.0
12177,adam,4.6961742761560495e-05,0.0001752480144467709,0.0
12178,adam,4.695321896604681e-05,0.0001824685340859624,0.0
12179,adam,4.6944314830680694e-05,0.00017782738158533153,0.0
12180,adam,4.6935921230117815e-05,0.0001842828238505904,0.0
12181,adam,4.692732234460934e-05,0.00017575666390019795,0.0
12182,adam,4.6918704105398566e-05,0.0001778850109306473,0.0
12183,adam,4.691018412730055e-05,0.0001730894401501448,0.0
12184,adam,4.6901636708474115e-05,0.0001733371454083033,0.0
12185,adam,4.6892907003476256e-05,0.0001775544901405067,0.0
12186,adam,4.688440252207271e-05,0.00017615923407765928,0.0
12187,adam,4.687591450584706e-05,0.0001823691310860691,0.0
12188,adam,4.6867416336681504e-05,0.00017871943844316457,0.0
12189,adam,4.685866646781546e-05,0.00018056941719515356,0.0
12190,adam,4.68498989801491e-05,0.00017466449622718534,0.0
12191,adam,4.6841814220288896e-05,0.00017439882859546078,0.0
12192,adam,4.6832985528513996e-05,0.0001741419715708414,0.0
12193,adam,4.6824392095737196e-05,0.00017325668813417786,0.0
12194,adam,4.681600737616988e-05,0.00017600193255484396,0.0
12195,adam,4.680753279878498e-05,0.00017365709089946715,0.0
12196,adam,4.679882886621909e-05,0.00017365072242589996,0.0
12197,adam,4.6790366575065087e-05,0.0001748870418192571,0.0
12198,adam,4.678172703515949e-05,0.00017264223343497402,0.0
12199,adam,4.6772972418215746e-05,0.00017671004071980953,0.0
12200,adam,4.676474965890366e-05,0.00017410102415165278,0.0
12201,adam,4.675612946724519e-05,0.00017473981511496045,0.0
12202,adam,4.674758792924765e-05,0.000177001258984925,0.0
12203,adam,4.673903608592262e-05,0.0001753186615432351,0.0
12204,adam,4.673067368219621e-05,0.0001893297642476974,0.0
12205,adam,4.672181439260815e-05,0.00018784834277111017,0.0
12206,adam,4.671336320291438e-05,0.00021361687887209687,0.0
12207,adam,4.6704977938737896e-05,0.00021036009670018514,0.0
12208,adam,4.6696350562506095e-05,0.00023410095835402553,0.0
12209,adam,4.6687710795007314e-05,0.00021577321691037703,0.0
12210,adam,4.6679384889793246e-05,0.0002206024701267363,0.0
12211,adam,4.667075084969342e-05,0.00018990739829930877,0.0
12212,adam,4.6662221575721436e-05,0.0001848780434354034,0.0
12213,adam,4.665373703602695e-05,0.0001727566538403832,0.0
12214,adam,4.664506816718276e-05,0.00017533282586482425,0.0
12215,adam,4.663661845935246e-05,0.0001958826406181809,0.0
12216,adam,4.662819307224461e-05,0.000196682377838206,0.0
12217,adam,4.661983578448318e-05,0.0002232423542092632,0.0
12218,adam,4.661130734730185e-05,0.0002166557513984713,0.0
12219,adam,4.66026540364744e-05,0.00023671016845506565,0.0
12220,adam,4.659416045688324e-05,0.00021616244768679472,0.0
12221,adam,4.6585714757737875e-05,0.00022468839048221448,0.0
12222,adam,4.6577129567935006e-05,0.00019679038969448907,0.0
12223,adam,4.6568862652582646e-05,0.00019765125244500833,0.0
12224,adam,4.656042344186278e-05,0.00017781645069894967,0.0
12225,adam,4.655175267078389e-05,0.00017743523502020527,0.0
12226,adam,4.654320426194959e-05,0.0001746045698510559,0.0
12227,adam,4.6534889388176074e-05,0.00017449164912696866,0.0
12228,adam,4.652616943441932e-05,0.00018357261261059104,0.0
12229,adam,4.6517785799872046e-05,0.00017711540675993613,0.0
12230,adam,4.650941161228977e-05,0.0001851981535741143,0.0
12231,adam,4.650099869243422e-05,0.0001768296447181674,0.0
12232,adam,4.64924372415733e-05,0.00018208201542654808,0.0
12233,adam,4.6483841422981375e-05,0.00017492238582365714,0.0
12234,adam,4.6475324762985355e-05,0.00017625139228308245,0.0
12235,adam,4.646708313902302e-05,0.00017416286556065294,0.0
12236,adam,4.645858383395245e-05,0.00017371038218813473,0.0
12237,adam,4.645010013873848e-05,0.00017238055803676312,0.0
12238,adam,4.644173879270117e-05,0.00017383739375679964,0.0
12239,adam,4.6433272049414525e-05,0.0001720468637015217,0.0
12240,adam,4.642478617768061e-05,0.00017513918434856803,0.0
12241,adam,4.6416550491953255e-05,0.00017253776089855706,0.0
12242,adam,4.640779232230393e-05,0.00017598452080699807,0.0
12243,adam,4.639955446686218e-05,0.000172742881134713,0.0
12244,adam,4.639100154423121e-05,0.00017701037358762447,0.0
12245,adam,4.638250189326137e-05,0.00017332203509309017,0.0
12246,adam,4.6374177471275204e-05,0.00017563981210168882,0.0
12247,adam,4.636576512494515e-05,0.0001727230042011672,0.0
12248,adam,4.635724879282669e-05,0.0001755791096414272,0.0
12249,adam,4.6348801334341226e-05,0.00017270056939449436,0.0
12250,adam,4.634055420957928e-05,0.0001804961347221973,0.0
12251,adam,4.6332007178540656e-05,0.00017534060435640624,0.0
12252,adam,4.632360198753747e-05,0.0001851578211626561,0.0
12253,adam,4.6315405601476396e-05,0.00017993861256505986,0.0
12254,adam,4.630683284741134e-05,0.0001949532477819783,0.0
12255,adam,4.6298487086368685e-05,0.00018766945995780978,0.0
12256,adam,4.628968777833212e-05,0.0002026228098782269,0.0
12257,adam,4.628161651917844e-05,0.00018874312148873967,0.0
12258,adam,4.627312691602574e-05,0.0001996969566689168,0.0
12259,adam,4.626462985458092e-05,0.00018535113527309857,0.0
12260,adam,4.625645004719289e-05,0.00019132850566317206,0.0
12261,adam,4.624780969690039e-05,0.00017647644455511785,0.0
12262,adam,4.6239564046074816e-05,0.00017733251101995,0.0
12263,adam,4.623092077817586e-05,0.00017182091056066996,0.0
12264,adam,4.6222717758766e-05,0.0001721930839354262,0.0
12265,adam,4.6214106659454586e-05,0.00017443490076489472,0.0
12266,adam,4.620601028392335e-05,0.0001725587850783291,0.0
12267,adam,4.619746655455438e-05,0.00018210477606466315,0.0
12268,adam,4.618914345203986e-05,0.00017734990288436077,0.0
12269,adam,4.6180553225462973e-05,0.00018559901931241012,0.0
12270,adam,4.6172365661860394e-05,0.00017646628303136252,0.0
12271,adam,4.616395820288195e-05,0.00018453617080101852,0.0
12272,adam,4.615543596149201e-05,0.00017563990606243385,0.0
12273,adam,4.614722237369752e-05,0.00017973653203950336,0.0
12274,adam,4.613908135708503e-05,0.00017193507260437738,0.0
12275,adam,4.6130564293945346e-05,0.00017244303400083098,0.0
12276,adam,4.6121924422292235e-05,0.000175883247102927,0.0
12277,adam,4.6113747794953134e-05,0.00017464655087367866,0.0
12278,adam,4.610531586818652e-05,0.00018777112450111904,0.0
12279,adam,4.6096798856407945e-05,0.00018085408664777504,0.0
12280,adam,4.608852709819143e-05,0.00019442152676707678,0.0
12281,adam,4.6080203947533665e-05,0.00018465943126807658,0.0
12282,adam,4.607201128433589e-05,0.0001961156858587074,0.0
12283,adam,4.606369178279689e-05,0.00018394359855769825,0.0
12284,adam,4.60552140207318e-05,0.00019645963554334848,0.0
12285,adam,4.604709011662632e-05,0.00018588374211273874,0.0
12286,adam,4.603870391967299e-05,0.00019732607910474565,0.0
12287,adam,4.603029486864843e-05,0.00018390585038457165,0.0
12288,adam,4.602203054244008e-05,0.00019403047389492066,0.0
12289,adam,4.601359977293013e-05,0.00018125593993468755,0.0
12290,adam,4.6005365018530305e-05,0.00018939049342391555,0.0
12291,adam,4.599676023886884e-05,0.00017741331390101883,0.0
12292,adam,4.598856855630818e-05,0.00018262479727310462,0.0
12293,adam,4.598048696717632e-05,0.0001735598012957432,0.0
12294,adam,4.597204105233955e-05,0.0001783463961641252,0.0
12295,adam,4.596383887349769e-05,0.00017264581564578827,0.0
12296,adam,4.595529573189796e-05,0.00017798389157622465,0.0
12297,adam,4.5946960267531375e-05,0.00017299063369418706,0.0
12298,adam,4.593862386746196e-05,0.00017902621795283245,0.0
12299,adam,4.5930416569044087e-05,0.0001730810263388127,0.0
12300,adam,4.592199497442135e-05,0.00017892443786356326,0.0
12301,adam,4.591396056895632e-05,0.00017337164221622344,0.0
12302,adam,4.5905374850128776e-05,0.00017975342301784634,0.0
12303,adam,4.589707463137107e-05,0.0001733883593560984,0.0
12304,adam,4.588896433973494e-05,0.00017775882386276604,0.0
12305,adam,4.588051061519618e-05,0.0001717610189481608,0.0
12306,adam,4.58724023163562e-05,0.00017277999172404755,0.0
12307,adam,4.586392828925111e-05,0.0001725952995168882,0.0
12308,adam,4.585580732092561e-05,0.00017180322375704801,0.0
12309,adam,4.584728743531857e-05,0.00017953816931301494,0.0
12310,adam,4.583920598431048e-05,0.0001758015635198185,0.0
12311,adam,4.5830694927733894e-05,0.00018342688583190153,0.0
12312,adam,4.58226156200595e-05,0.00017601337580347093,0.0
12313,adam,4.5814177911614564e-05,0.00017924418442764832,0.0
12314,adam,4.5806191310317985e-05,0.00017343243384171012,0.0
12315,adam,4.579777569091659e-05,0.00017208577439973335,0.0
12316,adam,4.5789532030122315e-05,0.00017430849114260431,0.0
12317,adam,4.578123705577644e-05,0.00017245646786732922,0.0
12318,adam,4.5772978858196195e-05,0.00018215807609025942,0.0
12319,adam,4.5764712965469646e-05,0.00017849029138874222,0.0
12320,adam,4.57564757158442e-05,0.00018861202923449482,0.0
12321,adam,4.5748033934139546e-05,0.00017748616659996104,0.0
12322,adam,4.574010335100501e-05,0.00018139045516888083,0.0
12323,adam,4.573152194693463e-05,0.00017190898563615323,0.0
12324,adam,4.5723349469989645e-05,0.00017255434468295088,0.0
12325,adam,4.5715149448786915e-05,0.00017194809250069043,0.0
12326,adam,4.570688648884097e-05,0.0001710385725478704,0.0
12327,adam,4.569861261483974e-05,0.00017305072274617216,0.0
12328,adam,4.569036656766055e-05,0.0001716580095136777,0.0
12329,adam,4.5682220059021075e-05,0.00017215163987530812,0.0
12330,adam,4.5674050403226606e-05,0.00017341681641372606,0.0
12331,adam,4.566571887581687e-05,0.00017188609110526006,0.0
12332,adam,4.5657675297997785e-05,0.00017508307222680953,0.0
12333,adam,4.564938013673178e-05,0.00017200112482094684,0.0
12334,adam,4.5640997554753025e-05,0.00017742339816352107,0.0
12335,adam,4.5632709410400886e-05,0.0001722063387734382,0.0
12336,adam,4.5624564300585916e-05,0.00017787087333435191,0.0
12337,adam,4.561636635336581e-05,0.0001726337778040298,0.0
12338,adam,4.560820585288726e-05,0.00017662152256250606,0.0
12339,adam,4.559994234822719e-05,0.0001719898181678314,0.0
12340,adam,4.559182760725161e-05,0.00017245442714531638,0.0
12341,adam,4.5583524364789606e-05,0.00017308858119061815,0.0
12342,adam,4.557535447840885e-05,0.0001710028349590928,0.0
12343,adam,4.556721435344805e-05,0.0001731127604071182,0.0
12344,adam,4.5558954407608215e-05,0.00017176527594375357,0.0
12345,adam,4.555080394480969e-05,0.00017258480313484169,0.0
12346,adam,4.5542624325604167e-05,0.00017324104585768172,0.0
12347,adam,4.5534555945511904e-05,0.00017122146876895371,0.0
12348,adam,4.552628147772846e-05,0.000171709888957347,0.0
12349,adam,4.551791239286262e-05,0.00017173942898755424,0.0
12350,adam,4.550980810550844e-05,0.00017133204951778422,0.0
12351,adam,4.550160742897323e-05,0.0001726057803885718,0.0
12352,adam,4.549332284172881e-05,0.00017206112436244964,0.0
12353,adam,4.5485197899560463e-05,0.00017113801101738203,0.0
12354,adam,4.5476932994836496e-05,0.0001774182684711742,0.0
12355,adam,4.54689473952574e-05,0.00017323813821324354,0.0
12356,adam,4.5460786634093064e-05,0.00018249819865900462,0.0
12357,adam,4.545279614008169e-05,0.00017546804530539672,0.0
12358,adam,4.5444198725775074e-05,0.00018150223002673632,0.0
12359,adam,4.543623936634231e-05,0.00017178364536838406,0.0
12360,adam,4.542788911862917e-05,0.00017298829872515266,0.0
12361,adam,4.541990727698965e-05,0.0001732997216997461,0.0
12362,adam,4.541159814878955e-05,0.00017369233550489075,0.0
12363,adam,4.5403741452446375e-05,0.00018421096310426976,0.0
12364,adam,4.539530062138947e-05,0.00017852196204640097,0.0
12365,adam,4.538737507923556e-05,0.00018809535242920902,0.0
12366,adam,4.537899609014049e-05,0.00017775476864531717,0.0
12367,adam,4.537099552407802e-05,0.00018488453155269396,0.0
12368,adam,4.536289237599223e-05,0.00017423167083924302,0.0
12369,adam,4.535474097426611e-05,0.000177914203295641,0.0
12370,adam,4.5346555306010595e-05,0.00017331701107775087,0.0
12371,adam,4.533851435722328e-05,0.00017335732772076783,0.0
12372,adam,4.533023335656609e-05,0.00017330657968415758,0.0
12373,adam,4.5322185300283565e-05,0.0001710956822507614,0.0
12374,adam,4.5314093859861994e-05,0.00017669718549919017,0.0
12375,adam,4.5305943423393776e-05,0.00017175905488978015,0.0
12376,adam,4.529772591001984e-05,0.00017475639403504331,0.0
12377,adam,4.5289687159077584e-05,0.0001710555221772573,0.0
12378,adam,4.528165531425245e-05,0.00017137442625183387,0.0
12379,adam,4.527348569173168e-05,0.00017664842835843881,0.0
12380,adam,4.5265205212873795e-05,0.0001737217058902915,0.0
12381,adam,4.525713497259275e-05,0.00018320204915643482,0.0
12382,adam,4.5248921503705866e-05,0.0001756190061532301,0.0
12383,adam,4.524081547889711e-05,0.00018001408748527192,0.0
12384,adam,4.5233083850355924e-05,0.00017061247371832634,0.0
12385,adam,4.52248478179835e-05,0.00017113034047882915,0.0
12386,adam,4.521657099466422e-05,0.000180619571666606,0.0
12387,adam,4.520866394010921e-05,0.00017968793773011387,0.0
12388,adam,4.5200671774645115e-05,0.00020140351202519108,0.0
12389,adam,4.519251336326127e-05,0.0001999991187332514,0.0
12390,adam,4.518440429221361e-05,0.00022518942949567298,0.0
12391,adam,4.5176073913086706e-05,0.00021029803816019672,0.0
12392,adam,4.516817925671467e-05,0.00022201541411915154,0.0
12393,adam,4.516020114577301e-05,0.00019561172387601023,0.0
12394,adam,4.5151912757462164e-05,0.00019718186310564096,0.0
12395,adam,4.514390379566487e-05,0.00017445938078366666,0.0
12396,adam,4.513577410682956e-05,0.00017148848432929672,0.0
12397,adam,4.5127931397066945e-05,0.00017697367337698444,0.0
12398,adam,4.5119720675258e-05,0.0001775943132719024,0.0
12399,adam,4.51115704094327e-05,0.0001963163951451899,0.0
12400,adam,4.510353451674326e-05,0.00018923216810073942,0.0
12401,adam,4.509552617447232e-05,0.00020669191885695418,0.0
12402,adam,4.508754663510729e-05,0.00019315109626928982,0.0
12403,adam,4.5079430570359565e-05,0.00020486349869211376,0.0
12404,adam,4.507136994236456e-05,0.00018624902348934592,0.0
12405,adam,4.506343727179982e-05,0.00019143040436952845,0.0
12406,adam,4.50552909746994e-05,0.00017545057415242524,0.0
12407,adam,4.5047233241055055e-05,0.0001761289570646651,0.0
12408,adam,4.5039167778507274e-05,0.0001710525443409939,0.0
12409,adam,4.503125333757333e-05,0.000170537301916198,0.0
12410,adam,4.502292697869675e-05,0.00018146565614005956,0.0
12411,adam,4.501486817075328e-05,0.0001774579227969505,0.0
12412,adam,4.50071127406028e-05,0.0001887512712573106,0.0
12413,adam,4.499897114259412e-05,0.00017698751182398538,0.0
12414,adam,4.499101542460293e-05,0.00018241289205105638,0.0
12415,adam,4.498318622403379e-05,0.00017194652397207555,0.0
12416,adam,4.497500017134477e-05,0.00017280763495223725,0.0
12417,adam,4.4966760246776403e-05,0.0001749382266499577,0.0
12418,adam,4.495899412101512e-05,0.00017594988179971767,0.0
12419,adam,4.495094009837804e-05,0.000190977638086368,0.0
12420,adam,4.494285665954049e-05,0.00018305218122423544,0.0
12421,adam,4.493489905282346e-05,0.00019403815659042512,0.0
12422,adam,4.492675389608921e-05,0.00018153801835506654,0.0
12423,adam,4.491885556757478e-05,0.00019082084208212093,0.0
12424,adam,4.491075205091139e-05,0.00017795338306051179,0.0
12425,adam,4.4902861601611e-05,0.00018080069810802004,0.0
12426,adam,4.4894757787816574e-05,0.00017368557606216,0.0
12427,adam,4.4886939477146716e-05,0.0001720741795309008,0.0
12428,adam,4.487886824922454e-05,0.00017913256870776597,0.0
12429,adam,4.48708880388727e-05,0.0001750194946712928,0.0
12430,adam,4.4862800345477173e-05,0.0001889474021907919,0.0
12431,adam,4.48550799755392e-05,0.00017987385021454516,0.0
12432,adam,4.4846856547627555e-05,0.00018630686198368423,0.0
12433,adam,4.483893714942806e-05,0.000174502042597588,0.0
12434,adam,4.483090453276808e-05,0.000174783927106769,0.0
12435,adam,4.482271234605029e-05,0.0001707530297054799,0.0
12436,adam,4.481516691230874e-05,0.0001706183688131749,0.0
12437,adam,4.4807031337120093e-05,0.00018256309191182945,0.0
12438,adam,4.479892348813485e-05,0.00017895682794728059,0.0
12439,adam,4.479099568632589e-05,0.0001915539646453604,0.0
12440,adam,4.478321384838559e-05,0.00018013747047953058,0.0
12441,adam,4.477501772517725e-05,0.00018489618196863668,0.0
12442,adam,4.4767283222985714e-05,0.00017072422266262442,0.0
12443,adam,4.4759384521226854e-05,0.0001700403934109421,0.0
12444,adam,4.475120089503927e-05,0.00017705898606097163,0.0
12445,adam,4.4743175375213146e-05,0.00017652930581555696,0.0
12446,adam,4.473529204783289e-05,0.00019216170403030117,0.0
12447,adam,4.4727574811180595e-05,0.00018008108304703131,0.0
12448,adam,4.471947209324137e-05,0.00018406630938453748,0.0
12449,adam,4.471151638801228e-05,0.0001719338293219838,0.0
12450,adam,4.470362577217175e-05,0.00017256692435381368,0.0
12451,adam,4.4695744046613795e-05,0.00017547941588540714,0.0
12452,adam,4.468762897407346e-05,0.00017324943977100682,0.0
12453,adam,4.4679728687269674e-05,0.00018529236318377674,0.0
12454,adam,4.467185172655773e-05,0.0001777751943017403,0.0
12455,adam,4.466398302244126e-05,0.0001864378671018136,0.0
12456,adam,4.4655894693195797e-05,0.00017473745583432556,0.0
12457,adam,4.4648074527992e-05,0.00017718438544163034,0.0
12458,adam,4.464020492361975e-05,0.0001705907830835074,0.0
12459,adam,4.463224258561067e-05,0.00016976267390519497,0.0
12460,adam,4.4624370122084794e-05,0.0001757967811328369,0.0
12461,adam,4.4616344415695394e-05,0.00017287652350395154,0.0
12462,adam,4.460885187604534e-05,0.00017919277623461473,0.0
12463,adam,4.460061986939419e-05,0.0001702828027292186,0.0
12464,adam,4.4592847648648805e-05,0.00017096878320888693,0.0
12465,adam,4.458464485677772e-05,0.0001707466838522201,0.0
12466,adam,4.45770885919411e-05,0.00016958750529217032,0.0
12467,adam,4.456908471055278e-05,0.0001723073308118075,0.0
12468,adam,4.45610749857469e-05,0.00016981380138165,0.0
12469,adam,4.455338900282754e-05,0.0001698371370126384,0.0
12470,adam,4.454535149139427e-05,0.00017022949065498478,0.0
12471,adam,4.4537471386291916e-05,0.00016954082461105544,0.0
12472,adam,4.452958190092788e-05,0.00016980578023731644,0.0
12473,adam,4.452186454153612e-05,0.00017042038618159466,0.0
12474,adam,4.4513791868954766e-05,0.00016928315304271834,0.0
12475,adam,4.45058824766612e-05,0.00017090445685734944,0.0
12476,adam,4.449808421084093e-05,0.00016991979264043523,0.0
12477,adam,4.4490406987369596e-05,0.00016950328323333822,0.0
12478,adam,4.44825831955136e-05,0.00017166488850608032,0.0
12479,adam,4.4474571256596166e-05,0.00016956706050682112,0.0
12480,adam,4.446672525904218e-05,0.00017786290580889012,0.0
12481,adam,4.445858428231136e-05,0.00017454525989384873,0.0
12482,adam,4.445113822449163e-05,0.00018796141216824886,0.0
12483,adam,4.444300565469012e-05,0.00017717950827550628,0.0
12484,adam,4.4435394882298475e-05,0.00018251171760148735,0.0
12485,adam,4.4427521891380006e-05,0.00017065118881483341,0.0
12486,adam,4.441950599265208e-05,0.00017106701006776816,0.0
12487,adam,4.441164929199244e-05,0.00017057998364641692,0.0
12488,adam,4.440381099060942e-05,0.00016944792396479335,0.0
12489,adam,4.439593138875568e-05,0.00017807744422484897,0.0
12490,adam,4.4388132090256365e-05,0.00017373699963541483,0.0
12491,adam,4.438039781743821e-05,0.00018410025955875077,0.0
12492,adam,4.437266991009291e-05,0.00017393756237336057,0.0
12493,adam,4.4364631319840885e-05,0.00017627013146577546,0.0
12494,adam,4.4356952493309255e-05,0.00017031976416630954,0.0
12495,adam,4.434895549493957e-05,0.00017080163808650762,0.0
12496,adam,4.434127441033615e-05,0.00018858083090108775,0.0
12497,adam,4.433340438486288e-05,0.00018726540857267856,0.0
12498,adam,4.432555101856062e-05,0.0002060039880156216,0.0
12499,adam,4.431792722208714e-05,0.00018873690456795733,0.0
12500,adam,4.430999024528957e-05,0.0001904053584272065,0.0
12501,adam,4.430215351218354e-05,0.00017177748469786582,0.0
12502,adam,4.4294370406273585e-05,0.0001707167512786126,0.0
12503,adam,4.428657698967695e-05,0.00017195938784321887,0.0
12504,adam,4.4278590518549836e-05,0.00017270129052166696,0.0
12505,adam,4.42709222432731e-05,0.0001876042346730608,0.0
12506,adam,4.426323594614367e-05,0.00017925330297800985,0.0
12507,adam,4.425541439312288e-05,0.00018658247066439932,0.0
12508,adam,4.424754753394203e-05,0.00017262465236092731,0.0
12509,adam,4.423995232968253e-05,0.000173182773633549,0.0
12510,adam,4.423198662596508e-05,0.00016987517820380753,0.0
12511,adam,4.422422484097145e-05,0.0001692435289012748,0.0
12512,adam,4.421653751877269e-05,0.00017820290012248474,0.0
12513,adam,4.420863266314708e-05,0.00017417226842854878,0.0
12514,adam,4.4200962130798884e-05,0.00018430390028710864,0.0
12515,adam,4.419308612181941e-05,0.00017294095442487288,0.0
12516,adam,4.418551978011517e-05,0.0001752869238571224,0.0
12517,adam,4.417760563636326e-05,0.00016953824185247975,0.0
12518,adam,4.416984673985047e-05,0.00016984006696994615,0.0
12519,adam,4.416206344892477e-05,0.00017537586183342358,0.0
12520,adam,4.415429441222938e-05,0.00017087223698928383,0.0
12521,adam,4.414664615935754e-05,0.00017950676146415772,0.0
12522,adam,4.4138767644377165e-05,0.00017309448216642326,0.0
12523,adam,4.4131146048198696e-05,0.0001796271579370338,0.0
12524,adam,4.412334464208637e-05,0.0001704094102747541,0.0
12525,adam,4.41155307718204e-05,0.00017408948218679916,0.0
12526,adam,4.410778874563165e-05,0.00016935033902653197,0.0
12527,adam,4.4099932282597054e-05,0.00017118127642437003,0.0
12528,adam,4.409228081868324e-05,0.000170390959090378,0.0
12529,adam,4.408460700043118e-05,0.00016941529243283212,0.0
12530,adam,4.407678213708399e-05,0.00016920246372604478,0.0
12531,adam,4.406904687141166e-05,0.00016977178566751725,0.0
12532,adam,4.406153795865127e-05,0.00017014296813119657,0.0
12533,adam,4.405376396973728e-05,0.00017165912304458809,0.0
12534,adam,4.404598441823147e-05,0.0001718212772909233,0.0
12535,adam,4.4038301008720784e-05,0.00016985380155776548,0.0
12536,adam,4.403050124271537e-05,0.0001728807018909461,0.0
12537,adam,4.402278008921803e-05,0.0001695013099802884,0.0
12538,adam,4.401516798779115e-05,0.00017852627494299999,0.0
12539,adam,4.400744493401489e-05,0.00017426232338423796,0.0
12540,adam,4.399954655700227e-05,0.00018320234471592192,0.0
12541,adam,4.3991763227228345e-05,0.00017184508644645005,0.0
12542,adam,4.39841862441029e-05,0.00017441521491667796,0.0
12543,adam,4.397672450606187e-05,0.00016919163845941258,0.0
12544,adam,4.396909856185959e-05,0.00017096849865494732,0.0
12545,adam,4.3961184514329097e-05,0.00017376202561763182,0.0
12546,adam,4.395336687981205e-05,0.00017083530560821494,0.0
12547,adam,4.394579281149281e-05,0.00017825980201107504,0.0
12548,adam,4.393806719882253e-05,0.00017169917270020593,0.0
12549,adam,4.393043963755681e-05,0.00017748025140129604,0.0
12550,adam,4.3922684835368655e-05,0.00017237565756969135,0.0
12551,adam,4.39150627169546e-05,0.00017389067424259682,0.0
12552,adam,4.390735832487461e-05,0.00017138020153468147,0.0
12553,adam,4.3899656450411974e-05,0.00016904769647758025,0.0
12554,adam,4.389191410698491e-05,0.00017047742095345567,0.0
12555,adam,4.388450174317676e-05,0.0001686034669265997,0.0
12556,adam,4.3876756754015326e-05,0.00017127076433055678,0.0
12557,adam,4.3869265104382954e-05,0.00017033580968481076,0.0
12558,adam,4.386129162299994e-05,0.00016941273621803459,0.0
12559,adam,4.385381934641475e-05,0.00017093945074804232,0.0
12560,adam,4.384612624249214e-05,0.00016976767554340965,0.0
12561,adam,4.383846783285523e-05,0.00018170364395021267,0.0
12562,adam,4.3830749242639636e-05,0.00017670697563483334,0.0
12563,adam,4.382302885019768e-05,0.0001824006232428113,0.0
12564,adam,4.3815593113481864e-05,0.0001698944364305121,0.0
12565,adam,4.380792377972684e-05,0.00017063630853746725,0.0
12566,adam,4.3800186300427444e-05,0.0001707133355574341,0.0
12567,adam,4.379257948329569e-05,0.00017142392986063912,0.0
12568,adam,4.378486699604467e-05,0.00017373460163657353,0.0
12569,adam,4.377742685526411e-05,0.00017005110150685704,0.0
12570,adam,4.376970934059643e-05,0.00016845127917182847,0.0
12571,adam,4.376195611244586e-05,0.0001704872603606569,0.0
12572,adam,4.375439803330493e-05,0.00016915130905496015,0.0
12573,adam,4.374675145621204e-05,0.00017284565841233586,0.0
12574,adam,4.3739506094305463e-05,0.00016910285155893103,0.0
12575,adam,4.3731609411514956e-05,0.00017036336912029014,0.0
12576,adam,4.372400621204304e-05,0.00016792860501478512,0.0
12577,adam,4.3716394973491406e-05,0.00016951505395450869,0.0
12578,adam,4.370891567441715e-05,0.00016870038592603273,0.0
12579,adam,4.3701188575561545e-05,0.0001710427590305339,0.0
12580,adam,4.369357069931398e-05,0.0001685762544793184,0.0
12581,adam,4.368588422523607e-05,0.0001717322094466091,0.0
12582,adam,4.3678482588304324e-05,0.0001680769563032265,0.0
12583,adam,4.367071893534694e-05,0.00017073398314146606,0.0
12584,adam,4.366307838333645e-05,0.00016814672580828127,0.0
12585,adam,4.36554404724232e-05,0.00016834381433640112,0.0
12586,adam,4.3648063906401234e-05,0.00017355952924188097,0.0
12587,adam,4.364022275147656e-05,0.0001710218229100881,0.0
12588,adam,4.363288978632901e-05,0.0001808823962687216,0.0
12589,adam,4.362529857113617e-05,0.00017222191918134846,0.0
12590,adam,4.361743038845078e-05,0.00017553095885211017,0.0
12591,adam,4.3610146180458984e-05,0.00016812264087446975,0.0
12592,adam,4.360258586412422e-05,0.00016821470483064692,0.0
12593,adam,4.3594944335490694e-05,0.00017867613157777483,0.0
12594,adam,4.358751305708531e-05,0.00017337106899722505,0.0
12595,adam,4.357981974160758e-05,0.00017844500459163036,0.0
12596,adam,4.357205706911136e-05,0.00016805347157270153,0.0
12597,adam,4.356469553001757e-05,0.00016821567996980744,0.0
12598,adam,4.3557293116483156e-05,0.00017202869805274014,0.0
12599,adam,4.3549620558435726e-05,0.00016954127425952828,0.0
12600,adam,4.35419296038058e-05,0.0001750073215500627,0.0
12601,adam,4.353451251925318e-05,0.00016832444371520414,0.0
12602,adam,4.3527107722141705e-05,0.00017002002721187382,0.0
12603,adam,4.351918833925068e-05,0.0001681807481734038,0.0
12604,adam,4.351193699759237e-05,0.00016772082148893935,0.0
12605,adam,4.3504418885911616e-05,0.0001716897888523394,0.0
12606,adam,4.3497016691021185e-05,0.00016822109103088357,0.0
12607,adam,4.348948534814247e-05,0.0001721129620137121,0.0
12608,adam,4.348187323136594e-05,0.00016793231660615138,0.0
12609,adam,4.3474359494848926e-05,0.0001704056970677504,0.0
12610,adam,4.346688093029789e-05,0.00016807301580316108,0.0
12611,adam,4.3459221422885146e-05,0.00016770668594803893,0.0
12612,adam,4.345175494157067e-05,0.0001704467036960559,0.0
12613,adam,4.3444365273111176e-05,0.0001679563579334227,0.0
12614,adam,4.3436683351763165e-05,0.00016945640756998965,0.0
12615,adam,4.3429041165775873e-05,0.00016835693857653058,0.0
12616,adam,4.3421701926885e-05,0.00016814193381329697,0.0
12617,adam,4.34140700676621e-05,0.00016779684396317677,0.0
12618,adam,4.3406755827977995e-05,0.00016945120061960623,0.0
12619,adam,4.339911133867663e-05,0.0001673982405788516,0.0
12620,adam,4.339178417855362e-05,0.0001709714981969928,0.0
12621,adam,4.338406151619741e-05,0.00016773197179293498,0.0
12622,adam,4.337656412724356e-05,0.0001696007716679264,0.0
12623,adam,4.336909408665229e-05,0.00016894400719848733,0.0
12624,adam,4.336175859055396e-05,0.0001677983965228499,0.0
12625,adam,4.3354326116529315e-05,0.00017325644538394974,0.0
12626,adam,4.33466343660694e-05,0.00016837088039252466,0.0
12627,adam,4.3339324362175295e-05,0.00017381869602978766,0.0
12628,adam,4.333184363177832e-05,0.00016816659826742573,0.0
12629,adam,4.332430587036029e-05,0.0001708188590212964,0.0
12630,adam,4.3316778652209784e-05,0.0001673567781350375,0.0
12631,adam,4.3309437126478957e-05,0.00017096319208295926,0.0
12632,adam,4.330187868804031e-05,0.00016819170378758476,0.0
12633,adam,4.329450390626148e-05,0.00017517652719036044,0.0
12634,adam,4.3286996843814374e-05,0.00016917721529079472,0.0
12635,adam,4.327960182187716e-05,0.00017328095448949262,0.0
12636,adam,4.327210894661627e-05,0.00016753655440627792,0.0
12637,adam,4.326470232743596e-05,0.00016961214234646464,0.0
12638,adam,4.3257116354765445e-05,0.0001679676001304596,0.0
12639,adam,4.3249893875857677e-05,0.0001674260371153878,0.0
12640,adam,4.3242340219294025e-05,0.0001707075594207103,0.0
12641,adam,4.323481721632346e-05,0.00016776651130186895,0.0
12642,adam,4.322749353103211e-05,0.00017337956475216036,0.0
12643,adam,4.321984574887801e-05,0.00016794535909444417,0.0
12644,adam,4.3212613901751014e-05,0.00017088358227822353,0.0
12645,adam,4.320517422115086e-05,0.00016717193122343626,0.0
12646,adam,4.3197611245958084e-05,0.00016819743498773128,0.0
12647,adam,4.3190252895058964e-05,0.00016797844585189677,0.0
12648,adam,4.318301746473699e-05,0.0001672093208860742,0.0
12649,adam,4.317548111780906e-05,0.0001694852707479599,0.0
12650,adam,4.316803047005224e-05,0.00016742702505634095,0.0
12651,adam,4.316044750048904e-05,0.00017263833328440105,0.0
12652,adam,4.315315741840147e-05,0.0001685071959145794,0.0
12653,adam,4.314571164570804e-05,0.00017293450298781497,0.0
12654,adam,4.313837705945475e-05,0.00016724489637532858,0.0
12655,adam,4.313104011492786e-05,0.00016777448118063945,0.0
12656,adam,4.312373778175852e-05,0.00017022391913015,0.0
12657,adam,4.3116287996270866e-05,0.0001687467908435963,0.0
12658,adam,4.3108836047069494e-05,0.0001780004508366463,0.0
12659,adam,4.3101447053582256e-05,0.0001698987155440737,0.0
12660,adam,4.309383030404807e-05,0.00017317118050574743,0.0
12661,adam,4.30865746604698e-05,0.00016721141425148225,0.0
12662,adam,4.3079101042075604e-05,0.00016799586930952085,0.0
12663,adam,4.3071872294432434e-05,0.00016778667552979503,0.0
12664,adam,4.306450556095587e-05,0.00016779518804359712,0.0
12665,adam,4.3057260419648964e-05,0.00016717285437293302,0.0
12666,adam,4.3049798999025925e-05,0.00017039146577628626,0.0
12667,adam,4.304235171587574e-05,0.00016739627017988952,0.0
12668,adam,4.303493023312116e-05,0.00017210235343892942,0.0
12669,adam,4.3027607847938826e-05,0.00016728747514225888,0.0
12670,adam,4.3020456327996465e-05,0.00016827904275317298,0.0
12671,adam,4.3012679149627826e-05,0.00016884829899671834,0.0
12672,adam,4.300573861315979e-05,0.00016741081148738548,0.0
12673,adam,4.299809081528791e-05,0.00017078285489316393,0.0
12674,adam,4.2990890344521755e-05,0.00016673184632885602,0.0
12675,adam,4.298342749149171e-05,0.00016834609368434017,0.0
12676,adam,4.297629625431441e-05,0.00016787180347699017,0.0
12677,adam,4.296876411232832e-05,0.00016702166736444444,0.0
12678,adam,4.2961436722122635e-05,0.00016838050686913944,0.0
12679,adam,4.295394346580373e-05,0.0001671075483844345,0.0
12680,adam,4.294681082518434e-05,0.00016810215443894928,0.0
12681,adam,4.293962939671676e-05,0.0001672150201535136,0.0
12682,adam,4.293214872920204e-05,0.00016761412766500082,0.0
12683,adam,4.292478442282935e-05,0.00016703426961626246,0.0
12684,adam,4.2917474157468256e-05,0.00016742950751921714,0.0
12685,adam,4.291029351623905e-05,0.00016778577252502558,0.0
12686,adam,4.290296493324898e-05,0.00016702076068775973,0.0
12687,adam,4.289577295006053e-05,0.00016830089762192457,0.0
12688,adam,4.288831795120678e-05,0.00016681583035468904,0.0
12689,adam,4.288091914457891e-05,0.00016818170795122886,0.0
12690,adam,4.287364822141607e-05,0.00016723883758440862,0.0
12691,adam,4.286633133516029e-05,0.00016673352602238542,0.0
12692,adam,4.285896866080332e-05,0.00016847616574102727,0.0
12693,adam,4.2851815607491016e-05,0.00016745772887935762,0.0
12694,adam,4.284438626700043e-05,0.00016685332344945,0.0
12695,adam,4.2837127670362756e-05,0.00016965996228172437,0.0
12696,adam,4.2830075821082934e-05,0.00016668618326304776,0.0
12697,adam,4.2822581313981175e-05,0.00016883610668249761,0.0
12698,adam,4.281522262855246e-05,0.00016690524701003023,0.0
12699,adam,4.2807741762864644e-05,0.00016680877205176457,0.0
12700,adam,4.2800827787189425e-05,0.00016777204965143168,0.0
12701,adam,4.279345137307555e-05,0.00016738511932695802,0.0
12702,adam,4.2786210258841655e-05,0.00016686253359532753,0.0
12703,adam,4.277887741821352e-05,0.0001684047026891716,0.0
12704,adam,4.277164103121974e-05,0.00016639571332397276,0.0
12705,adam,4.2764495253118625e-05,0.0001679907994054947,0.0
12706,adam,4.2757191880485456e-05,0.00016714501146486736,0.0
12707,adam,4.2749996695099636e-05,0.0001664701501884738,0.0
12708,adam,4.2742500145134975e-05,0.00016919914494599095,0.0
12709,adam,4.273531511116723e-05,0.0001667487474303505,0.0
12710,adam,4.272812171011476e-05,0.00016669497106591792,0.0
12711,adam,4.2720915266397826e-05,0.00016944090523942143,0.0
12712,adam,4.271367477205029e-05,0.0001665713787646908,0.0
12713,adam,4.270625824786029e-05,0.00016757050380674675,0.0
12714,adam,4.269902645553518e-05,0.00016807724083871877,0.0
12715,adam,4.269204349841585e-05,0.0001665038925731293,0.0
12716,adam,4.26846434723557e-05,0.00016828856093274123,0.0
12717,adam,4.267748706343998e-05,0.0001670372683242398,0.0
12718,adam,4.267026398472656e-05,0.0001662141957291616,0.0
12719,adam,4.266299979825658e-05,0.00016844148455408853,0.0
12720,adam,4.265561011835848e-05,0.0001665648101126054,0.0
12721,adam,4.2648647485851e-05,0.000166733579385668,0.0
12722,adam,4.264127426990936e-05,0.00016895703274775773,0.0
12723,adam,4.2633971838961014e-05,0.0001664559153659274,0.0
12724,adam,4.2626950219708224e-05,0.00016840982139387455,0.0
12725,adam,4.261971022743471e-05,0.00016690834477013758,0.0
12726,adam,4.2612206185172476e-05,0.00016640154879323053,0.0
12727,adam,4.2605358203636054e-05,0.00016755756721167046,0.0
12728,adam,4.2598034907671176e-05,0.00016626033507671518,0.0
12729,adam,4.25907433689057e-05,0.00016771808136937984,0.0
12730,adam,4.258365346554057e-05,0.00016702656877577246,0.0
12731,adam,4.2576358700856067e-05,0.00016632833885563041,0.0
12732,adam,4.25690714138834e-05,0.00016768224061702137,0.0
12733,adam,4.2562074015148865e-05,0.00016643869544816507,0.0
12734,adam,4.2554747837861765e-05,0.00016658501594714762,0.0
12735,adam,4.254783650320372e-05,0.00016751664926268275,0.0
12736,adam,4.254061925492047e-05,0.00016628206837314226,0.0
12737,adam,4.2533442693648945e-05,0.00016764587362660052,0.0
12738,adam,4.252610926355025e-05,0.0001670879112130186,0.0
12739,adam,4.251897507191488e-05,0.00016632574521165027,0.0
12740,adam,4.251173076658127e-05,0.0001678973224291244,0.0
12741,adam,4.2504812012372345e-05,0.00016641387168461635,0.0
12742,adam,4.249743069282292e-05,0.00016625613080635242,0.0
12743,adam,4.249027365568603e-05,0.0001681924489661953,0.0
12744,adam,4.248338334480112e-05,0.00016616665491587563,0.0
12745,adam,4.247604948803876e-05,0.00016788326672115332,0.0
12746,adam,4.246882394961423e-05,0.00016659107569184285,0.0
12747,adam,4.24615881696556e-05,0.00016645394780061843,0.0
12748,adam,4.2454602620630945e-05,0.00016924136272865886,0.0
12749,adam,4.244738062068993e-05,0.00016619840775530966,0.0
12750,adam,4.244030204771193e-05,0.00016678968839011128,0.0
12751,adam,4.243309020435229e-05,0.0001681837832746298,0.0
12752,adam,4.2425807795854345e-05,0.00016643092250816547,0.0
12753,adam,4.241887993292131e-05,0.00016840834506024613,0.0
12754,adam,4.2411659913107454e-05,0.00016633516174025553,0.0
12755,adam,4.240450835189453e-05,0.00016614378602144034,0.0
12756,adam,4.239745543061949e-05,0.00016876709835979514,0.0
12757,adam,4.239035947134476e-05,0.00016659835491386344,0.0
12758,adam,4.238303107264111e-05,0.0001712709897789214,0.0
12759,adam,4.2376151215790204e-05,0.00016644939475610329,0.0
12760,adam,4.236900969130973e-05,0.00016723499887069546,0.0
12761,adam,4.236188942611797e-05,0.00016701460799820617,0.0
12762,adam,4.235451006360174e-05,0.00016621422721638227,0.0
12763,adam,4.23473989650625e-05,0.0001666153400288169,0.0
12764,adam,4.2340440862973465e-05,0.00016872033383981703,0.0
12765,adam,4.2333319477392196e-05,0.00016591015527836505,0.0
12766,adam,4.2326435327976196e-05,0.0001682207577318888,0.0
12767,adam,4.231919600622973e-05,0.0001659483597913926,0.0
12768,adam,4.2312162172351656e-05,0.0001668796243169657,0.0
12769,adam,4.230528146064589e-05,0.0001672519963269743,0.0
12770,adam,4.22977721579257e-05,0.00016568657920959818,0.0
12771,adam,4.229091232223831e-05,0.00016862494523001086,0.0
12772,adam,4.2283727358316773e-05,0.00016578355639307261,0.0
12773,adam,4.22766479260185e-05,0.0001659603306790198,0.0
12774,adam,4.226948022151705e-05,0.0001696578916284299,0.0
12775,adam,4.2262625128785694e-05,0.00016647432919445935,0.0
12776,adam,4.225543821651607e-05,0.00017027660465159986,0.0
12777,adam,4.2248355675283076e-05,0.00016583839201128494,0.0
12778,adam,4.224137567046892e-05,0.0001662240673995341,0.0
12779,adam,4.2234193979557144e-05,0.00016832444852731804,0.0
12780,adam,4.222734501261721e-05,0.00016596943725106434,0.0
12781,adam,4.2220258252983e-05,0.00017068523497471577,0.0
12782,adam,4.221311447082338e-05,0.0001658890124733916,0.0
12783,adam,4.2206111384040285e-05,0.000167165049223557,0.0
12784,adam,4.219917956611263e-05,0.0001678383760722862,0.0
12785,adam,4.2192011826938814e-05,0.00016597603187520104,0.0
12786,adam,4.218500910633099e-05,0.00017129174809632253,0.0
12787,adam,4.2177903133911934e-05,0.00016613716256065232,0.0
12788,adam,4.2170846585620235e-05,0.00016707117991122936,0.0
12789,adam,4.216383279629584e-05,0.00016752963917344939,0.0
12790,adam,4.215688286108566e-05,0.00016570604031157594,0.0
12791,adam,4.214973055386608e-05,0.00016903204525910108,0.0
12792,adam,4.214284363654353e-05,0.00016562096562944308,0.0
12793,adam,4.213567091679404e-05,0.00016570509381229936,0.0
12794,adam,4.212875813922797e-05,0.00016936056556073354,0.0
12795,adam,4.2121663445545475e-05,0.0001660823746569612,0.0
12796,adam,4.2114749875715644e-05,0.00016899838177367792,0.0
12797,adam,4.2107390710257674e-05,0.00016539976368287935,0.0
12798,adam,4.210047922728404e-05,0.000167000447602447,0.0
12799,adam,4.2093541235661505e-05,0.00016591643165219045,0.0
12800,adam,4.208670617052903e-05,0.0001671804779203724,0.0
12801,adam,4.207945109719438e-05,0.0001654557819336498,0.0
12802,adam,4.2072698035204596e-05,0.00016659767038411345,0.0
12803,adam,4.2065740631747986e-05,0.00016562790528411124,0.0
12804,adam,4.205857775533957e-05,0.00016591824354257194,0.0
12805,adam,4.2051507850011537e-05,0.00016685423309519012,0.0
12806,adam,4.204475177160252e-05,0.00016533530283685825,0.0
12807,adam,4.2037506408798593e-05,0.00016730089742284472,0.0
12808,adam,4.203085672435386e-05,0.00016576918472885989,0.0
12809,adam,4.2023715071624953e-05,0.00016623353643722437,0.0
12810,adam,4.201675575059879e-05,0.0001661011240691405,0.0
12811,adam,4.200965004841575e-05,0.0001653972720932079,0.0
12812,adam,4.20028109569005e-05,0.0001684961357924017,0.0
12813,adam,4.199577668948001e-05,0.0001652736326802047,0.0
12814,adam,4.198888354217622e-05,0.00016750282757365255,0.0
12815,adam,4.198191178495416e-05,0.00016562031465670914,0.0
12816,adam,4.1974908001089466e-05,0.0001653145043717672,0.0
12817,adam,4.1967862888814275e-05,0.00016968194674685545,0.0
12818,adam,4.196088591583951e-05,0.00016612364619359652,0.0
12819,adam,4.19538608348247e-05,0.0001702218933272548,0.0
12820,adam,4.194738522946316e-05,0.00016521936027449142,0.0
12821,adam,4.1940091236784886e-05,0.00016514595377138623,0.0
12822,adam,4.1933369947881526e-05,0.00017044535710918006,0.0
12823,adam,4.1926382065279525e-05,0.0001665313178393869,0.0
12824,adam,4.191926018501957e-05,0.0001697164769894959,0.0
12825,adam,4.191253388728823e-05,0.0001653336007893263,0.0
12826,adam,4.190556639730277e-05,0.0001655123739242508,0.0
12827,adam,4.1898600075705635e-05,0.00017109279620670256,0.0
12828,adam,4.189171322291632e-05,0.00016667915991543802,0.0
12829,adam,4.1884746765536534e-05,0.0001704781972750227,0.0
12830,adam,4.187781254923708e-05,0.00016513905133035836,0.0
12831,adam,4.18710069622044e-05,0.0001652138534898911,0.0
12832,adam,4.1863721345460796e-05,0.00017181832791423628,0.0
12833,adam,4.185721372964872e-05,0.00016833547916897032,0.0
12834,adam,4.185012537960519e-05,0.00017471301366931704,0.0
12835,adam,4.184319685762558e-05,0.0001656679846365816,0.0
12836,adam,4.183628190113675e-05,0.00016664381612462872,0.0
12837,adam,4.1829389333806685e-05,0.00016651467761628086,0.0
12838,adam,4.182247826050641e-05,0.00016542076954724076,0.0
12839,adam,4.181571002991438e-05,0.00017011270021454614,0.0
12840,adam,4.180870255903307e-05,0.00016530382218131234,0.0
12841,adam,4.180184592239111e-05,0.0001679822347627223,0.0
12842,adam,4.179468230239001e-05,0.00016517860525952076,0.0
12843,adam,4.178805300147583e-05,0.00016598093788997888,0.0
12844,adam,4.178114580298485e-05,0.00016790075743964753,0.0
12845,adam,4.1774241634037354e-05,0.00016517950057484747,0.0
12846,adam,4.176743828220871e-05,0.00016692551578913322,0.0
12847,adam,4.1760470006367444e-05,0.00016549447842240613,0.0
12848,adam,4.1753526873334544e-05,0.00016880613182784966,0.0
12849,adam,4.1746803770109934e-05,0.0001655521212402855,0.0
12850,adam,4.1740023143594615e-05,0.00016937816383092932,0.0
12851,adam,4.1733116384587516e-05,0.00016493122678647875,0.0
12852,adam,4.1726337579942997e-05,0.0001654585877804943,0.0
12853,adam,4.17193636199429e-05,0.00016786632801654055,0.0
12854,adam,4.1712522379243225e-05,0.0001652094696683817,0.0
12855,adam,4.17056768814946e-05,0.00017172224684718307,0.0
12856,adam,4.169894831720502e-05,0.00016615468738588086,0.0
12857,adam,4.16920297506927e-05,0.00016933210276789436,0.0
12858,adam,4.168507219866124e-05,0.00016489054789466876,0.0
12859,adam,4.1678226747368416e-05,0.00016496379932066178,0.0
12860,adam,4.167148606821368e-05,0.00016940305974687375,0.0
12861,adam,4.16646982633773e-05,0.00016576725369778228,0.0
12862,adam,4.1657885713635536e-05,0.00017048957334417144,0.0
12863,adam,4.165104328353342e-05,0.00016489029025935984,0.0
12864,adam,4.164407036632876e-05,0.00016589874454506752,0.0
12865,adam,4.1637371523587293e-05,0.0001654961667866438,0.0
12866,adam,4.163038261516133e-05,0.0001644987642210268,0.0
12867,adam,4.162380397885567e-05,0.00016780111573872747,0.0
12868,adam,4.1616912456553866e-05,0.0001654673832648732,0.0
12869,adam,4.1609945926209426e-05,0.0001681923971181166,0.0
12870,adam,4.1603205208236804e-05,0.00016479717723710873,0.0
12871,adam,4.1596400171940655e-05,0.00016600809246552353,0.0
12872,adam,4.158975377231261e-05,0.00016537830627806632,0.0
12873,adam,4.1582850168184566e-05,0.00016487767102215696,0.0
12874,adam,4.15760835780245e-05,0.00016882483238204083,0.0
12875,adam,4.15691026572024e-05,0.00016588242125340036,0.0
12876,adam,4.156235300746664e-05,0.00017129298635433507,0.0
12877,adam,4.155551749975092e-05,0.00016536494670773354,0.0
12878,adam,4.1548797818250107e-05,0.00016688156176226126,0.0
12879,adam,4.1541916788617435e-05,0.00016574834142441444,0.0
12880,adam,4.1535118529863585e-05,0.00016442014533215275,0.0
12881,adam,4.15284479407654e-05,0.0001692216345417557,0.0
12882,adam,4.152171273750935e-05,0.00016465953982965997,0.0
12883,adam,4.15149010154163e-05,0.0001659119346324449,0.0
12884,adam,4.150828412844574e-05,0.000166689416261221,0.0
12885,adam,4.1501357545662336e-05,0.00016573390910261978,0.0
12886,adam,4.1494608607381695e-05,0.00017582153861561668,0.0
12887,adam,4.148785790960851e-05,0.00016790911554535008,0.0
12888,adam,4.148135876858449e-05,0.00017037522204712982,0.0
12889,adam,4.14743862410035e-05,0.0001652519096329565,0.0
12890,adam,4.146764121688575e-05,0.00016496418591567,0.0
12891,adam,4.146100973264334e-05,0.00017221359388167146,0.0
12892,adam,4.145396641787656e-05,0.0001656335683271875,0.0
12893,adam,4.1447473374156725e-05,0.00016848360276937354,0.0
12894,adam,4.144069880412373e-05,0.00016449501322810984,0.0
12895,adam,4.143401797482168e-05,0.0001644956701541637,0.0
12896,adam,4.14272604224631e-05,0.00016763895796052984,0.0
12897,adam,4.142030728635067e-05,0.0001645180227712129,0.0
12898,adam,4.1413672324654545e-05,0.00016681998129592583,0.0
12899,adam,4.1407071992992255e-05,0.00016473067267526245,0.0
12900,adam,4.1400273928929687e-05,0.00016512542694269045,0.0
12901,adam,4.1393683107458994e-05,0.00016523153341422368,0.0
12902,adam,4.138696233946182e-05,0.00016438403691815826,0.0
12903,adam,4.138004293629767e-05,0.00016668751073692793,0.0
12904,adam,4.137346459819706e-05,0.00016442284093019728,0.0
12905,adam,4.1366802642683535e-05,0.00016628287050345317,0.0
12906,adam,4.136000853501325e-05,0.00016520019406114856,0.0
12907,adam,4.135338740280725e-05,0.0001643010085834692,0.0
12908,adam,4.134651519515378e-05,0.00016934034757382603,0.0
12909,adam,4.133994270570154e-05,0.00016504145408114865,0.0
12910,adam,4.133317766683641e-05,0.00016695779471309106,0.0
12911,adam,4.132645464273805e-05,0.00016500854661652552,0.0
12912,adam,4.131975397585026e-05,0.00016421233649407168,0.0
12913,adam,4.1313071976339896e-05,0.00017051611117962739,0.0
12914,adam,4.13062982071044e-05,0.00016476737681243004,0.0
12915,adam,4.129967837814093e-05,0.00016618225554366342,0.0
12916,adam,4.1293029104443904e-05,0.00016551254954152105,0.0
12917,adam,4.1286273413448936e-05,0.00016444157997401945,0.0
12918,adam,4.1279559764242434e-05,0.0001686834400068019,0.0
12919,adam,4.1273019942233746e-05,0.00016404879019364405,0.0
12920,adam,4.126661539172254e-05,0.00016502999334559094,0.0
12921,adam,4.125977603282667e-05,0.00016672817130584442,0.0
12922,adam,4.125297540224767e-05,0.00016453799648278976,0.0
12923,adam,4.124620984654734e-05,0.00017054048974311458,0.0
12924,adam,4.1239786688783584e-05,0.0001644297742878601,0.0
12925,adam,4.1233107949993416e-05,0.00016520481086930124,0.0
12926,adam,4.122635709194315e-05,0.00016820943788811374,0.0
12927,adam,4.1219754986386613e-05,0.0001664950993557963,0.0
12928,adam,4.12131889026053e-05,0.0001751137699800354,0.0
12929,adam,4.120640238811285e-05,0.00016504935132698488,0.0
12930,adam,4.1199885976039444e-05,0.00016446563183254132,0.0
12931,adam,4.119326242318096e-05,0.00017073539881228632,0.0
12932,adam,4.118657166690963e-05,0.00016863556603363382,0.0
12933,adam,4.1179882832808e-05,0.00017632704979205567,0.0
12934,adam,4.117332629408763e-05,0.00016433938120738795,0.0
12935,adam,4.116655958370262e-05,0.0001644134875667267,0.0
12936,adam,4.116006992389073e-05,0.00017522943878545504,0.0
12937,adam,4.115347850647539e-05,0.00016979978210348944,0.0
12938,adam,4.1146639421942005e-05,0.00017388935712539912,0.0
12939,adam,4.1140166824425357e-05,0.00016415253943517696,0.0
12940,adam,4.113361095313441e-05,0.0001645564833710606,0.0
12941,adam,4.112689334808138e-05,0.00017209260836454048,0.0
12942,adam,4.1120387994184056e-05,0.00016662600311700336,0.0
12943,adam,4.111379033431196e-05,0.00017033897130484409,0.0
12944,adam,4.110722256949122e-05,0.0001645477101324216,0.0
12945,adam,4.1100627017539076e-05,0.00016399234245511853,0.0
12946,adam,4.109380738937942e-05,0.00017012791462343318,0.0
12947,adam,4.1087362346364456e-05,0.0001656695508379778,0.0
12948,adam,4.108075132696659e-05,0.00016930409905021918,0.0
12949,adam,4.1074125770964695e-05,0.00016393453453168616,0.0
12950,adam,4.106755257540064e-05,0.00016481051604944817,0.0
12951,adam,4.1060956027230454e-05,0.00016487808589334978,0.0
12952,adam,4.105442453183588e-05,0.00016479276665395262,0.0
12953,adam,4.1047886746533185e-05,0.00016477851767076788,0.0
12954,adam,4.1041374798337625e-05,0.00016555668971972353,0.0
12955,adam,4.103479810706919e-05,0.0001637084127394134,0.0
12956,adam,4.102801883578289e-05,0.00016745022371312296,0.0
12957,adam,4.102154707841129e-05,0.00016421785045748815,0.0
12958,adam,4.101502977018511e-05,0.0001658110921681491,0.0
12959,adam,4.100839967701145e-05,0.00016408531020201586,0.0
12960,adam,4.1001765215120384e-05,0.00016461708648707609,0.0
12961,adam,4.099539427194673e-05,0.0001650891866894988,0.0
12962,adam,4.098883192402873e-05,0.000163768095945468,0.0
12963,adam,4.098229308294945e-05,0.00016581852191192777,0.0
12964,adam,4.09757449661053e-05,0.00016368734875210793,0.0
12965,adam,4.096911777198787e-05,0.00016477951900314118,0.0
12966,adam,4.096266470876315e-05,0.00016433083397648137,0.0
12967,adam,4.095621759331352e-05,0.00016399025066693204,0.0
12968,adam,4.094957735597727e-05,0.00016868634562143724,0.0
12969,adam,4.094294106832977e-05,0.0001640887176142097,0.0
12970,adam,4.0936640701267264e-05,0.00016694441230177676,0.0
12971,adam,4.093010256467277e-05,0.00016387379459797236,0.0
12972,adam,4.092351554216684e-05,0.00016546672559509583,0.0
12973,adam,4.0916976706039776e-05,0.00016368225885652702,0.0
12974,adam,4.091043479544737e-05,0.00016572573816711156,0.0
12975,adam,4.090402217610142e-05,0.00016375235965552273,0.0
12976,adam,4.089749832813283e-05,0.00016836922457203612,0.0
12977,adam,4.089088588736765e-05,0.00016382232532531255,0.0
12978,adam,4.0884494386566235e-05,0.00016757163020072395,0.0
12979,adam,4.087779657979091e-05,0.00016357661350265812,0.0
12980,adam,4.087143413502229e-05,0.0001653247354051562,0.0
12981,adam,4.0864861348840866e-05,0.00016385741821795343,0.0
12982,adam,4.085845573964304e-05,0.00016375566770836206,0.0
12983,adam,4.08520158514214e-05,0.00016431749649295033,0.0
12984,adam,4.0845605533647854e-05,0.00016377475944996482,0.0
12985,adam,4.083893437682666e-05,0.00016464544472216013,0.0
12986,adam,4.08324925130114e-05,0.0001637573544030057,0.0
12987,adam,4.0825990991414366e-05,0.00016415425789467132,0.0
12988,adam,4.081955933555184e-05,0.00016380504817248593,0.0
12989,adam,4.081314138695359e-05,0.00016472652330882357,0.0
12990,adam,4.0806652701112995e-05,0.0001638195861387749,0.0
12991,adam,4.08000400992748e-05,0.00016380079576635946,0.0
12992,adam,4.079382517071148e-05,0.00016473166164260734,0.0
12993,adam,4.0787262363042507e-05,0.0001637292808044722,0.0
12994,adam,4.0780823981774074e-05,0.00016487701651274914,0.0
12995,adam,4.077427980173949e-05,0.0001633970289714969,0.0
12996,adam,4.076789760053952e-05,0.00016475645747419373,0.0
12997,adam,4.0761541424480524e-05,0.00016375955997315295,0.0
12998,adam,4.07550326767549e-05,0.00016375859416290533,0.0
12999,adam,4.074851058784809e-05,0.0001638009786700905,0.0
13000,adam,4.074200453528965e-05,0.00016392749562623525,0.0
13001,adam,4.0735682931585715e-05,0.0001635192984053567,0.0
13002,adam,4.0729147027794097e-05,0.0001641158796226599,0.0
13003,adam,4.07227782927639e-05,0.0001636254257287284,0.0
13004,adam,4.071626533459885e-05,0.00016377874777051074,0.0
13005,adam,4.070992940943203e-05,0.00016402750739828798,0.0
13006,adam,4.0703590637014015e-05,0.00016326451966544136,0.0
13007,adam,4.0697200502636324e-05,0.00016541326504182835,0.0
13008,adam,4.069073288125353e-05,0.00016399931699943396,0.0
13009,adam,4.0684439604490057e-05,0.0001635985469833668,0.0
13010,adam,4.067802847160466e-05,0.00016531791490835302,0.0
13011,adam,4.0671282055324955e-05,0.0001633926420214804,0.0
13012,adam,4.066506327887216e-05,0.00016738790634023858,0.0
13013,adam,4.065868066929424e-05,0.0001633178878121562,0.0
13014,adam,4.065227730545098e-05,0.00016479537552378817,0.0
13015,adam,4.064596583008814e-05,0.00016487572615640083,0.0
13016,adam,4.063943644083793e-05,0.0001630637312112471,0.0
13017,adam,4.063306110195556e-05,0.00016412197487280383,0.0
13018,adam,4.062664580435121e-05,0.00016456772328088084,0.0
13019,adam,4.0620386992726094e-05,0.0001636306041883599,0.0
13020,adam,4.061394872929212e-05,0.0001666862772530717,0.0
13021,adam,4.060751709157523e-05,0.0001630978321779989,0.0
13022,adam,4.0601149717182194e-05,0.00016532423801846142,0.0
13023,adam,4.0594751670233846e-05,0.00016398388352663337,0.0
13024,adam,4.058847598133904e-05,0.00016301644830280895,0.0
13025,adam,4.0581843450767634e-05,0.00016608712934665986,0.0
13026,adam,4.057575258536693e-05,0.0001631829234123717,0.0
13027,adam,4.05694178440743e-05,0.0001631484245070056,0.0
13028,adam,4.0563060959249995e-05,0.0001641578322958379,0.0
13029,adam,4.055660648187217e-05,0.00016425152707752873,0.0
13030,adam,4.0550083548162356e-05,0.00016298912545733047,0.0
13031,adam,4.0543900062949113e-05,0.00016665431532556703,0.0
13032,adam,4.0537630952251704e-05,0.00016302260302262557,0.0
13033,adam,4.053116105899758e-05,0.00016644069040912016,0.0
13034,adam,4.052497221847076e-05,0.0001631775755852109,0.0
13035,adam,4.05185400516717e-05,0.00016296654665136736,0.0
13036,adam,4.0512055905325096e-05,0.00016718501435507107,0.0
13037,adam,4.0505901369136664e-05,0.00016300419966356057,0.0
13038,adam,4.049934662414159e-05,0.00016382407195926526,0.0
13039,adam,4.049319333112098e-05,0.00016511719247320927,0.0
13040,adam,4.0486845066160195e-05,0.00016362571123190064,0.0
13041,adam,4.048031994929071e-05,0.00016827255974263022,0.0
13042,adam,4.0474145232344054e-05,0.00016267850270874844,0.0
13043,adam,4.046784092222352e-05,0.00016315263198111323,0.0
13044,adam,4.046157027578942e-05,0.00016439556620224396,0.0
13045,adam,4.0455289680922314e-05,0.00016302731069735735,0.0
13046,adam,4.044908320087204e-05,0.00016386288650538833,0.0
13047,adam,4.044273825175974e-05,0.00016357107236016105,0.0
13048,adam,4.043636730951216e-05,0.00016278136679937774,0.0
13049,adam,4.0430032788347765e-05,0.0001653142870200263,0.0
13050,adam,4.0423761106348006e-05,0.00016258106291852238,0.0
13051,adam,4.0417437556336476e-05,0.00016526156556755195,0.0
13052,adam,4.041104568640199e-05,0.00016260012209773215,0.0
13053,adam,4.040495545077513e-05,0.00016452786701204585,0.0
13054,adam,4.0398498108535574e-05,0.0001628980686126844,0.0
13055,adam,4.039212838089711e-05,0.0001631783218474262,0.0
13056,adam,4.038606061414564e-05,0.00016370091916908966,0.0
13057,adam,4.037981118650083e-05,0.00016264566409329286,0.0
13058,adam,4.037344885895724e-05,0.00016417854307427342,0.0
13059,adam,4.036705773755213e-05,0.0001628546992907995,0.0
13060,adam,4.036087229755648e-05,0.00016251061899797594,0.0
13061,adam,4.035475887056296e-05,0.00016502037788529642,0.0
13062,adam,4.0348371158155724e-05,0.0001627883246823436,0.0
13063,adam,4.0342024672791216e-05,0.0001626847667114308,0.0
13064,adam,4.033581087325629e-05,0.0001661673568210633,0.0
13065,adam,4.032945455489873e-05,0.00016264221200866486,0.0
13066,adam,4.032342513397969e-05,0.0001635697882963994,0.0
13067,adam,4.0316879963162265e-05,0.00016327820750992747,0.0
13068,adam,4.031101050898706e-05,0.00016342561854547572,0.0
13069,adam,4.030470854123632e-05,0.00016259357934490969,0.0
13070,adam,4.02984682176401e-05,0.0001636332977068002,0.0
13071,adam,4.029226266007634e-05,0.00016305550643991006,0.0
13072,adam,4.028593706467501e-05,0.00016339571797824065,0.0
13073,adam,4.027961639714277e-05,0.0001635498371396254,0.0
13074,adam,4.027343778421548e-05,0.00016250850798112338,0.0
13075,adam,4.026718127460765e-05,0.00016364643562544838,0.0
13076,adam,4.026110529129724e-05,0.00016293195464942952,0.0
13077,adam,4.025473177558824e-05,0.00016276173380137539,0.0
13078,adam,4.024860900799563e-05,0.00016408531829279247,0.0
13079,adam,4.024242335212442e-05,0.00016259324438119165,0.0
13080,adam,4.0236157537404494e-05,0.0001628471151767093,0.0
13081,adam,4.022997799732762e-05,0.000164722748326148,0.0
13082,adam,4.0223827933813126e-05,0.0001624461745994731,0.0
13083,adam,4.0217416658265966e-05,0.00016508545526939633,0.0
13084,adam,4.021128118508458e-05,0.00016256609073284778,0.0
13085,adam,4.020504316457907e-05,0.00016255986649841843,0.0
13086,adam,4.019890863060907e-05,0.00016364438897178862,0.0
13087,adam,4.019282263711156e-05,0.00016293221908805135,0.0
13088,adam,4.0186491594230585e-05,0.00016265277022813605,0.0
13089,adam,4.0180546380953236e-05,0.000164003791496636,0.0
13090,adam,4.0174159866847156e-05,0.00016239382801198836,0.0
13091,adam,4.0168087318034346e-05,0.00016310998201634808,0.0
13092,adam,4.0161888676816045e-05,0.00016272871367674263,0.0
13093,adam,4.015565958078359e-05,0.00016255140461660854,0.0
13094,adam,4.014959286796891e-05,0.00016374562326152775,0.0
13095,adam,4.014352450965748e-05,0.0001623394440448256,0.0
13096,adam,4.013705127411419e-05,0.0001643735521176806,0.0
13097,adam,4.0131056449395315e-05,0.00016263249030561304,0.0
13098,adam,4.012483985572732e-05,0.00016272104500871253,0.0
13099,adam,4.0118854760373034e-05,0.00016610663971347567,0.0
13100,adam,4.011270086779549e-05,0.0001623158905807351,0.0
13101,adam,4.010637831945814e-05,0.00016486561601307986,0.0
13102,adam,4.01002598886585e-05,0.00016250149740447666,0.0
13103,adam,4.0094081007875496e-05,0.00016203963888577894,0.0
13104,adam,4.008793356664849e-05,0.00016667778207052675,0.0
13105,adam,4.00817854354647e-05,0.00016271648768535898,0.0
13106,adam,4.007572116682911e-05,0.00016594422544908343,0.0
13107,adam,4.00694717399941e-05,0.00016219242221275347,0.0
13108,adam,4.0063296246672185e-05,0.00016215640713397573,0.0
13109,adam,4.005741330204952e-05,0.00016423093119211766,0.0
13110,adam,4.005111556575116e-05,0.0001619613726043934,0.0
13111,adam,4.00449867440409e-05,0.00016314926087870494,0.0
13112,adam,4.003887615861732e-05,0.00016367321271272138,0.0
13113,adam,4.00328689806635e-05,0.00016202715459682492,0.0
13114,adam,4.002674411655122e-05,0.0001649636054485156,0.0
13115,adam,4.0020637979482875e-05,0.0001621075904014507,0.0
13116,adam,4.001444858677431e-05,0.00016267626070646222,0.0
13117,adam,4.0008526868382913e-05,0.00016374268394078138,0.0
13118,adam,4.000230936833407e-05,0.00016207066445188107,0.0
13119,adam,3.999609804519553e-05,0.0001646269776657098,0.0
13120,adam,3.999008563589737e-05,0.00016221841169805238,0.0
13121,adam,3.998408720004335e-05,0.000162844321118332,0.0
13122,adam,3.9977995414073915e-05,0.00016317033697298432,0.0
13123,adam,3.997176321818055e-05,0.00016273421618798504,0.0
13124,adam,3.9965811507290004e-05,0.00016253118403496158,0.0
13125,adam,3.995957034272689e-05,0.00016406894012462506,0.0
13126,adam,3.995354750099781e-05,0.00016261104176273049,0.0
13127,adam,3.9947519099529816e-05,0.00016327456868033666,0.0
13128,adam,3.994135821012492e-05,0.00016449643333693646,0.0
13129,adam,3.9935405836863284e-05,0.00016277206578940942,0.0
13130,adam,3.9929329289772665e-05,0.0001660954180311756,0.0
13131,adam,3.9923126351644605e-05,0.00016241604084004854,0.0
13132,adam,3.991703786099746e-05,0.00016194454408610554,0.0
13133,adam,3.991103871185115e-05,0.00016576576970804373,0.0
13134,adam,3.990496848181186e-05,0.00016218946671529627,0.0
13135,adam,3.989906784281559e-05,0.00016486244803455807,0.0
13136,adam,3.989287299911347e-05,0.00016224024095754506,0.0
13137,adam,3.98868736787386e-05,0.0001625811024227103,0.0
13138,adam,3.988085746193801e-05,0.00016312588839606762,0.0
13139,adam,3.987474947313758e-05,0.00016166969400487248,0.0
13140,adam,3.9868895714315814e-05,0.00016411789476207487,0.0
13141,adam,3.986293528646516e-05,0.00016189098765666385,0.0
13142,adam,3.985680393436266e-05,0.00016185720704731585,0.0
13143,adam,3.9850575830273695e-05,0.00016404549625598127,0.0
13144,adam,3.984478761659412e-05,0.00016178788633482968,0.0
13145,adam,3.98387389306527e-05,0.00016255736625650163,0.0
13146,adam,3.9832594685170994e-05,0.0001637395579073151,0.0
13147,adam,3.982665805895098e-05,0.00016244700666333045,0.0
13148,adam,3.982050487927126e-05,0.00016468626503869814,0.0
13149,adam,3.981451300950092e-05,0.00016216259840723596,0.0
13150,adam,3.980848754516102e-05,0.0001618437129222782,0.0
13151,adam,3.980249302603791e-05,0.000165970645904359,0.0
13152,adam,3.9796440686495016e-05,0.0001615574436296753,0.0
13153,adam,3.9790596831659334e-05,0.00016309468008621455,0.0
13154,adam,3.978457228139469e-05,0.00016292857913140498,0.0
13155,adam,3.9778609674785535e-05,0.00016154123441684644,0.0
13156,adam,3.977280015473968e-05,0.00016541830804675777,0.0
13157,adam,3.976658868746718e-05,0.0001616599740023794,0.0
13158,adam,3.976059616927314e-05,0.00016270829474781704,0.0
13159,adam,3.975460183811886e-05,0.00016254027824631965,0.0
13160,adam,3.9748753629667785e-05,0.00016171895519364866,0.0
13161,adam,3.974266030397998e-05,0.0001643813707561128,0.0
13162,adam,3.973660240942602e-05,0.00016170809445053096,0.0
13163,adam,3.973059817191512e-05,0.0001616241293452336,0.0
13164,adam,3.972468712367763e-05,0.00016482772163274934,0.0
13165,adam,3.971882581781569e-05,0.000161504636871229,0.0
13166,adam,3.971278930492056e-05,0.00016305857145362302,0.0
13167,adam,3.970682556697898e-05,0.00016253743531526951,0.0
13168,adam,3.97008433598977e-05,0.00016131172684996918,0.0
13169,adam,3.969498982439037e-05,0.00016500864178766028,0.0
13170,adam,3.968901598675782e-05,0.00016141990308904375,0.0
13171,adam,3.9682996744237776e-05,0.0001624118668560893,0.0
13172,adam,3.967711443441642e-05,0.000163703653895759,0.0
13173,adam,3.967115220496403e-05,0.00016185776413840599,0.0
13174,adam,3.966519153439837e-05,0.00016325942228643406,0.0
13175,adam,3.9659058404419865e-05,0.000163015237640986,0.0
13176,adam,3.9653323266274834e-05,0.00016143266219126326,0.0
13177,adam,3.9647441399932035e-05,0.0001637266966557119,0.0
13178,adam,3.964141244781351e-05,0.00016243982193884124,0.0
13179,adam,3.9635562628282406e-05,0.00016147474958025108,0.0
13180,adam,3.9629627808843496e-05,0.00016403355280062657,0.0
13181,adam,3.962354264721478e-05,0.00016170636591926859,0.0
13182,adam,3.961771982610479e-05,0.00016166071842331264,0.0
13183,adam,3.9611907733386345e-05,0.00016228144417770984,0.0
13184,adam,3.960618263946069e-05,0.00016324331312190412,0.0
13185,adam,3.960000455214169e-05,0.00016116325275998075,0.0
13186,adam,3.959407147915245e-05,0.00016265949878490824,0.0
13187,adam,3.9588286855089e-05,0.00016183092476151323,0.0
13188,adam,3.9582295539523153e-05,0.00016121882474207964,0.0
13189,adam,3.957649264146267e-05,0.00016339422560236437,0.0
13190,adam,3.9570631595198595e-05,0.0001617682128177353,0.0
13191,adam,3.9564550944272364e-05,0.00016117683824930953,0.0
13192,adam,3.955882126955568e-05,0.0001650034443197804,0.0
13193,adam,3.9552873167542864e-05,0.0001611543507926416,0.0
13194,adam,3.954701543052124e-05,0.00016164922182066078,0.0
13195,adam,3.954102745913635e-05,0.0001633030712363465,0.0
13196,adam,3.953516063657754e-05,0.0001611396476370825,0.0
13197,adam,3.952956808076384e-05,0.00016161607172026382,0.0
13198,adam,3.952341366214872e-05,0.000162932952248079,0.0
13199,adam,3.9517851955042356e-05,0.00016161203535556816,0.0
13200,adam,3.951178351556427e-05,0.00016209755967539922,0.0
13201,adam,3.950585264025703e-05,0.0001625380979021086,0.0
13202,adam,3.950013230442294e-05,0.00016124148320187455,0.0
13203,adam,3.9494135673392346e-05,0.00016190654196671062,0.0
13204,adam,3.9488502862758993e-05,0.00016282879485414602,0.0
13205,adam,3.948252994385754e-05,0.00016105510809846972,0.0
13206,adam,3.9476846100431626e-05,0.00016245173134792401,0.0
13207,adam,3.947080537416314e-05,0.00016187817699823048,0.0
13208,adam,3.946514864364987e-05,0.00016113759027310104,0.0
13209,adam,3.945901731541889e-05,0.00016187947195107265,0.0
13210,adam,3.9453216119519284e-05,0.00016235739663087204,0.0
13211,adam,3.9447511389209886e-05,0.00016108298893703177,0.0
13212,adam,3.9441637068130634e-05,0.00016282679801299694,0.0
13213,adam,3.943576751266652e-05,0.00016137228285538436,0.0
13214,adam,3.942993567688424e-05,0.00016123823394315572,0.0
13215,adam,3.9424136872936224e-05,0.00016235014153572703,0.0
13216,adam,3.9418389737487286e-05,0.00016127687863764015,0.0
13217,adam,3.941276106831683e-05,0.00016185026363404618,0.0
13218,adam,3.940673500730049e-05,0.00016167479885297463,0.0
13219,adam,3.940071230474907e-05,0.00016120298044364377,0.0
13220,adam,3.9395172965897916e-05,0.0001624641997784728,0.0
13221,adam,3.938942043742295e-05,0.00016114344957572762,0.0
13222,adam,3.9383554206206425e-05,0.0001615582707043698,0.0
13223,adam,3.937760204406889e-05,0.00016192250846301914,0.0
13224,adam,3.937181380636786e-05,0.0001607747711760856,0.0
13225,adam,3.9366137884026166e-05,0.0001633264543474834,0.0
13226,adam,3.936020165382574e-05,0.0001607579074537829,0.0
13227,adam,3.935431207937918e-05,0.0001620561330894775,0.0
13228,adam,3.934888096752048e-05,0.00016222680660708987,0.0
13229,adam,3.934311487036153e-05,0.000160916648840232,0.0
13230,adam,3.9337071801763557e-05,0.0001633466476717015,0.0
13231,adam,3.9331519281630215e-05,0.0001612795171724702,0.0
13232,adam,3.932567048453305e-05,0.00016080584533940975,0.0
13233,adam,3.931992304303539e-05,0.00016397871149063185,0.0
13234,adam,3.93141572277877e-05,0.00016081448642363546,0.0
13235,adam,3.930834332294878e-05,0.0001609533049705869,0.0
13236,adam,3.930258450107967e-05,0.00016305028216592897,0.0
13237,adam,3.929682382748948e-05,0.00016109023592092545,0.0
13238,adam,3.929107485859101e-05,0.00016095266167789906,0.0
13239,adam,3.928526544439001e-05,0.00016251591617790143,0.0
13240,adam,3.927964209087593e-05,0.0001611554307795944,0.0
13241,adam,3.9273843709665604e-05,0.00016081818715250336,0.0
13242,adam,3.92681261264003e-05,0.0001617228896644808,0.0
13243,adam,3.926239429480626e-05,0.00016153049158054524,0.0
13244,adam,3.9256801884064383e-05,0.00016067368102622083,0.0
13245,adam,3.925091002267371e-05,0.00016210016660302528,0.0
13246,adam,3.9245270715794306e-05,0.00016125246890318323,0.0
13247,adam,3.9239419001996356e-05,0.00016089372512448943,0.0
13248,adam,3.9233868519609986e-05,0.00016171772717614162,0.0
13249,adam,3.922804967103911e-05,0.00016174934890478645,0.0
13250,adam,3.922226335287493e-05,0.00016069208013814507,0.0
13251,adam,3.921642449196023e-05,0.00016078724132276948,0.0
13252,adam,3.921096674503963e-05,0.00016228062398872028,0.0
13253,adam,3.9205234774059536e-05,0.00016071823316443892,0.0
13254,adam,3.919935737099607e-05,0.00016205466021684305,0.0
13255,adam,3.919368573913211e-05,0.00016120569311246294,0.0
13256,adam,3.918809458141017e-05,0.00016086047158165415,0.0
13257,adam,3.918236815898631e-05,0.00016224843812472978,0.0
13258,adam,3.917676237012986e-05,0.0001609524548615412,0.0
13259,adam,3.917082558757035e-05,0.00016056035633640447,0.0
13260,adam,3.9165145195232345e-05,0.0001626178152707466,0.0
13261,adam,3.9159505186966637e-05,0.0001609006719935324,0.0
13262,adam,3.9153901692081016e-05,0.00016071680693783687,0.0
13263,adam,3.914816309511844e-05,0.0001620324105647318,0.0
13264,adam,3.9142523377506155e-05,0.000161288012397345,0.0
13265,adam,3.913678375593108e-05,0.0001603669334645939,0.0
13266,adam,3.913113532747446e-05,0.00016253423152255605,0.0
13267,adam,3.912545448230933e-05,0.00016075643161161515,0.0
13268,adam,3.91198321044262e-05,0.00016050520241477366,0.0
13269,adam,3.911420967761206e-05,0.00016222118456460724,0.0
13270,adam,3.9108383553084644e-05,0.0001610728638811796,0.0
13271,adam,3.910295935767553e-05,0.0001606624278968793,0.0
13272,adam,3.909718255453416e-05,0.00016116773240017912,0.0
13273,adam,3.909152648547703e-05,0.00016168946821625582,0.0
13274,adam,3.908578399890157e-05,0.00016032086168454914,0.0
13275,adam,3.908016112220489e-05,0.00016213357865366704,0.0
13276,adam,3.907462416738739e-05,0.00016102906766680402,0.0
13277,adam,3.906891339222272e-05,0.0001608511776674623,0.0
13278,adam,3.906331350806309e-05,0.00016076373840372544,0.0
13279,adam,3.905781513949569e-05,0.0001616384342565143,0.0
13280,adam,3.905219637804114e-05,0.00016078473032622752,0.0
13281,adam,3.9046502645876336e-05,0.00016119623650399876,0.0
13282,adam,3.904081165746129e-05,0.0001618334246475847,0.0
13283,adam,3.903520104952186e-05,0.0001603435994241278,0.0
13284,adam,3.9029706423990466e-05,0.00016201743643206142,0.0
13285,adam,3.9023717858366536e-05,0.00016103042473552306,0.0
13286,adam,3.901833734793457e-05,0.00016030592468601677,0.0
13287,adam,3.901289448213747e-05,0.00016185384425148084,0.0
13288,adam,3.9007112999191135e-05,0.00016140030397918508,0.0
13289,adam,3.900143279400404e-05,0.00016017114648861117,0.0
13290,adam,3.899580919674543e-05,0.0001640132102914844,0.0
13291,adam,3.8990437126182186e-05,0.00016032645702608085,0.0
13292,adam,3.8984815402593656e-05,0.00016055755042157974,0.0
13293,adam,3.897931478034006e-05,0.0001627382271030169,0.0
13294,adam,3.897338928168551e-05,0.00016027121953258986,0.0
13295,adam,3.8967884382173954e-05,0.0001612243833170598,0.0
13296,adam,3.896227753047425e-05,0.00016139528694036187,0.0
13297,adam,3.8956952547794817e-05,0.00016047049698657785,0.0
13298,adam,3.895104324719505e-05,0.00016182651837246489,0.0
13299,adam,3.894558983354268e-05,0.00016056984551896647,0.0
13300,adam,3.89401222696798e-05,0.00016089117092283318,0.0
13301,adam,3.893438228466809e-05,0.00016085723338195952,0.0
13302,adam,3.8928827527286486e-05,0.0001602225020878524,0.0
13303,adam,3.8923335535169636e-05,0.00016110357501884233,0.0
13304,adam,3.8917873856180024e-05,0.00016102195172779113,0.0
13305,adam,3.891216320986307e-05,0.00016020324984268266,0.0
13306,adam,3.89065177254037e-05,0.00016289080129719112,0.0
13307,adam,3.890104640599745e-05,0.00016059382062661505,0.0
13308,adam,3.889539407281846e-05,0.00016012074996460605,0.0
13309,adam,3.888993802442402e-05,0.000163253335043606,0.0
13310,adam,3.888444418153034e-05,0.0001603184480792564,0.0
13311,adam,3.8879056859039556e-05,0.00016155205115123497,0.0
13312,adam,3.887305434918974e-05,0.00016034067941760754,0.0
13313,adam,3.8867855921559566e-05,0.0001620724852890452,0.0
13314,adam,3.886220059433765e-05,0.00016056247484415328,0.0
13315,adam,3.885670234785458e-05,0.0001606029638413335,0.0
13316,adam,3.885125765378674e-05,0.00016145145984996153,0.0
13317,adam,3.8845736310657124e-05,0.00016028826179976188,0.0
13318,adam,3.884011921342194e-05,0.0001604223821947413,0.0
13319,adam,3.883470385382256e-05,0.0001619586073405346,0.0
13320,adam,3.88290352854706e-05,0.0001602764892788869,0.0
13321,adam,3.88237069158963e-05,0.00016142271744368393,0.0
13322,adam,3.881813307309066e-05,0.0001607391445644013,0.0
13323,adam,3.881261615609456e-05,0.0001600600471420074,0.0
13324,adam,3.8807106142744445e-05,0.00016275860871535838,0.0
13325,adam,3.88015403644394e-05,0.00015997281626567924,0.0
13326,adam,3.879595421528042e-05,0.00016005658100105432,0.0
13327,adam,3.8790613277801406e-05,0.00016291330661539826,0.0
13328,adam,3.878512523363408e-05,0.00015990699405912172,0.0
13329,adam,3.877961208673808e-05,0.00016075212778361017,0.0
13330,adam,3.8774112853218597e-05,0.0001617096586275572,0.0
13331,adam,3.876852389813601e-05,0.00016001299534125425,0.0
13332,adam,3.876311643084695e-05,0.00016064407048131695,0.0
13333,adam,3.875759762719777e-05,0.0001615869177217532,0.0
13334,adam,3.875226917946217e-05,0.00015976217744021872,0.0
13335,adam,3.87466965681119e-05,0.00016040576011856032,0.0
13336,adam,3.874131132543784e-05,0.00016220618109985682,0.0
13337,adam,3.873584690454879e-05,0.00015972889915014137,0.0
13338,adam,3.873031113169599e-05,0.00016100713353864768,0.0
13339,adam,3.872480190094869e-05,0.000161356406125302,0.0
13340,adam,3.871949654851514e-05,0.00015977476911368935,0.0
13341,adam,3.871399673486968e-05,0.0001616174921186736,0.0
13342,adam,3.870848775769013e-05,0.0001606973440195269,0.0
13343,adam,3.8703081921343283e-05,0.0001596822526863684,0.0
13344,adam,3.869758719344571e-05,0.00016165852856855846,0.0
13345,adam,3.8692192862266916e-05,0.0001600297502754126,0.0
13346,adam,3.868658617298892e-05,0.00015952826202277607,0.0
13347,adam,3.868138503767487e-05,0.00016103061949935402,0.0
13348,adam,3.867580770055487e-05,0.00016043343847339377,0.0
13349,adam,3.867031897404917e-05,0.0001598848261773555,0.0
13350,adam,3.866485240894076e-05,0.00016021751991211763,0.0
13351,adam,3.865941861534244e-05,0.00016150179438575082,0.0
13352,adam,3.8653994640016695e-05,0.00015962603924551011,0.0
13353,adam,3.8648741681215006e-05,0.00016060366646388567,0.0
13354,adam,3.864319457291906e-05,0.0001614307561352544,0.0
13355,adam,3.863791420098377e-05,0.00015951773914370119,0.0
13356,adam,3.863241422636522e-05,0.00016064342178233784,0.0
13357,adam,3.862703004813915e-05,0.00016104215611161956,0.0
13358,adam,3.8621600367175206e-05,0.00015944519784718712,0.0
13359,adam,3.8616270289316425e-05,0.00016162040630001535,0.0
13360,adam,3.861080699396533e-05,0.0001601399619371819,0.0
13361,adam,3.8605278007701746e-05,0.0001595395756420514,0.0
13362,adam,3.860006932207354e-05,0.00016345205241011744,0.0
13363,adam,3.8594724855788595e-05,0.00015939650248869317,0.0
13364,adam,3.858939038668585e-05,0.0001602789685247319,0.0
13365,adam,3.8583863561014695e-05,0.0001610475086534127,0.0
13366,adam,3.857847542313733e-05,0.00015951818779423433,0.0
13367,adam,3.8573027773576975e-05,0.0001602585519482828,0.0
13368,adam,3.856771961274016e-05,0.00016099893201430658,0.0
13369,adam,3.856233783458843e-05,0.00015984254739727352,0.0
13370,adam,3.8557156512601196e-05,0.00016200816411909545,0.0
13371,adam,3.855150774371013e-05,0.00015928188781669662,0.0
13372,adam,3.854617527482522e-05,0.00016073115039506273,0.0
13373,adam,3.854067640409898e-05,0.00015992922837789391,0.0
13374,adam,3.853553422756466e-05,0.0001602326435951507,0.0
13375,adam,3.8530060031870885e-05,0.0001604234379101784,0.0
13376,adam,3.8524827646440856e-05,0.00015964336779673282,0.0
13377,adam,3.851939044028976e-05,0.000162762831372314,0.0
13378,adam,3.851414265436261e-05,0.00015946449508022048,0.0
13379,adam,3.850871728342331e-05,0.00015929451737213077,0.0
13380,adam,3.850340500281228e-05,0.0001626760279013179,0.0
13381,adam,3.84979984634672e-05,0.00015916368726044322,0.0
13382,adam,3.849279721403197e-05,0.0001595926207572131,0.0
13383,adam,3.8487550158111395e-05,0.00016197620100265686,0.0
13384,adam,3.848220525459402e-05,0.00015926343770249627,0.0
13385,adam,3.8476710790299844e-05,0.00016040953068457677,0.0
13386,adam,3.8471452730379625e-05,0.0001613292811663461,0.0
13387,adam,3.846620195145708e-05,0.0001592738490253206,0.0
13388,adam,3.846090016352253e-05,0.00016078026617338231,0.0
13389,adam,3.845538400199634e-05,0.00016103545881053508,0.0
13390,adam,3.8450018635950096e-05,0.00015954798158573417,0.0
13391,adam,3.8444858513310986e-05,0.0001629250682949521,0.0
13392,adam,3.8439460235713014e-05,0.0001600217537203186,0.0
13393,adam,3.843419558581544e-05,0.00015915648110928596,0.0
13394,adam,3.842876934795824e-05,0.0001622377870740428,0.0
13395,adam,3.842361235564671e-05,0.0001595397452713202,0.0
13396,adam,3.841830700393601e-05,0.00015900463059369025,0.0
13397,adam,3.841304071509908e-05,0.00016045483137375636,0.0
13398,adam,3.840773456434997e-05,0.00016036481680270018,0.0
13399,adam,3.8402301870223035e-05,0.0001591229675573457,0.0
13400,adam,3.839714250779318e-05,0.000160453638218461,0.0
13401,adam,3.8391581462831116e-05,0.00016079975991039374,0.0
13402,adam,3.838662818422683e-05,0.00015922677467722864,0.0
13403,adam,3.8381236134598424e-05,0.00015914869591966788,0.0
13404,adam,3.837606024387914e-05,0.00016308765217021512,0.0
13405,adam,3.837070143565982e-05,0.00015904006438811577,0.0
13406,adam,3.8365493978460624e-05,0.0001592421399254708,0.0
13407,adam,3.8360251121176634e-05,0.00016168769980828796,0.0
13408,adam,3.835487704589788e-05,0.00015949286072432025,0.0
13409,adam,3.834962535266109e-05,0.00015914352450534578,0.0
13410,adam,3.8344247193329564e-05,0.00016172366573680467,0.0
13411,adam,3.8339274860828095e-05,0.00015941305060798456,0.0
13412,adam,3.8333886636182897e-05,0.00015928837207221234,0.0
13413,adam,3.832858829457244e-05,0.00016084355812859462,0.0
13414,adam,3.832357389079841e-05,0.00015947527746821533,0.0
13415,adam,3.83181459169577e-05,0.00015898641469589664,0.0
13416,adam,3.831295815894424e-05,0.00016090642451850644,0.0
13417,adam,3.8307608469191e-05,0.00015918757726000654,0.0
13418,adam,3.8302474804085426e-05,0.00015982150713993846,0.0
13419,adam,3.829712991495054e-05,0.00016034195348538875,0.0
13420,adam,3.829207899390227e-05,0.00015957663520794435,0.0
13421,adam,3.82868429751377e-05,0.0001594785522861917,0.0
13422,adam,3.8281591576543714e-05,0.00016025378704539653,0.0
13423,adam,3.8276077004876025e-05,0.0001589713427622756,0.0
13424,adam,3.8271223490744825e-05,0.00016006153924078185,0.0
13425,adam,3.8265924434039775e-05,0.00016011586787570601,0.0
13426,adam,3.8260724910060164e-05,0.00015946118313630602,0.0
13427,adam,3.8255314508454936e-05,0.00015932354968245456,0.0
13428,adam,3.825026895517787e-05,0.00016066683695509603,0.0
13429,adam,3.824503516253369e-05,0.00015901534593404498,0.0
13430,adam,3.8239949871750155e-05,0.00015941409235133657,0.0
13431,adam,3.8234716297286906e-05,0.00016061450283441484,0.0
13432,adam,3.822948331727802e-05,0.00015918169866503738,0.0
13433,adam,3.822424410856e-05,0.0001592348351192322,0.0
13434,adam,3.821902428248981e-05,0.0001617489729521762,0.0
13435,adam,3.821408263046392e-05,0.00015880300363719596,0.0
13436,adam,3.820877734042028e-05,0.00015896428466676872,0.0
13437,adam,3.8203716577258685e-05,0.00016139130198153037,0.0
13438,adam,3.8198453306217266e-05,0.0001586586694799388,0.0
13439,adam,3.819309597919993e-05,0.00015901559245662744,0.0
13440,adam,3.818824679617485e-05,0.0001619018958062306,0.0
13441,adam,3.818290949062474e-05,0.0001588693294992658,0.0
13442,adam,3.817774915096574e-05,0.0001593188686190585,0.0
13443,adam,3.8172657674461684e-05,0.00016111475952840161,0.0
13444,adam,3.816737489126488e-05,0.0001586609655834527,0.0
13445,adam,3.816218291558589e-05,0.00015933265742779567,0.0
13446,adam,3.8157191964780424e-05,0.00016061195557606344,0.0
13447,adam,3.8151995531063464e-05,0.0001585574229764368,0.0
13448,adam,3.814657967932508e-05,0.00016006834674406936,0.0
13449,adam,3.814150937492886e-05,0.00016001810834303064,0.0
13450,adam,3.8136429828472865e-05,0.0001587591654251659,0.0
13451,adam,3.8131384020398846e-05,0.00015961698922979474,0.0
13452,adam,3.812620939707192e-05,0.000160677251997648,0.0
13453,adam,3.8120884590252394e-05,0.00015845690353386485,0.0
13454,adam,3.8115924595402516e-05,0.00015990529360369212,0.0
13455,adam,3.811059744795739e-05,0.00015934216090004376,0.0
13456,adam,3.810538159826423e-05,0.00015841479003179368,0.0
13457,adam,3.810034825393204e-05,0.00016099627896994602,0.0
13458,adam,3.8095276943934725e-05,0.00015889426698891906,0.0
13459,adam,3.809050427345036e-05,0.00015887039758499824,0.0
13460,adam,3.8085168635097625e-05,0.0001608966369403074,0.0
13461,adam,3.8079978215150666e-05,0.00015858563466520062,0.0
13462,adam,3.80749807014797e-05,0.00015871584130662086,0.0
13463,adam,3.806983620338386e-05,0.0001598087505650676,0.0
13464,adam,3.806477586825146e-05,0.0001593457235331779,0.0
13465,adam,3.80596210376714e-05,0.00015873742214086688,0.0
13466,adam,3.805442646411651e-05,0.00016006159023770317,0.0
13467,adam,3.8049417831834285e-05,0.00015902150960993194,0.0
13468,adam,3.804450675721198e-05,0.00015907095212619463,0.0
13469,adam,3.803925087443772e-05,0.000159364034637949,0.0
13470,adam,3.803411740851138e-05,0.00015935168438746495,0.0
13471,adam,3.8029017614085034e-05,0.0001587060238238729,0.0
13472,adam,3.802390665709266e-05,0.00015936256913120798,0.0
13473,adam,3.801923499978388e-05,0.0001596769411781146,0.0
13474,adam,3.801390578399023e-05,0.00015856142561616643,0.0
13475,adam,3.8008838930004485e-05,0.00015905063333474496,0.0
13476,adam,3.800385841612792e-05,0.00016039200590537559,0.0
13477,adam,3.799883063801005e-05,0.00015846159087090078,0.0
13478,adam,3.799367116971414e-05,0.0001589997794223726,0.0
13479,adam,3.7988355726374494e-05,0.00016061078026830304,0.0
13480,adam,3.798350331213251e-05,0.00015831453479923772,0.0
13481,adam,3.797834095987487e-05,0.000159073655036562,0.0
13482,adam,3.797333585814798e-05,0.00016077012196116092,0.0
13483,adam,3.796827699804235e-05,0.00015836348150488288,0.0
13484,adam,3.796321835980049e-05,0.00015892462059943608,0.0
13485,adam,3.7958358667610875e-05,0.00016100787380371687,0.0
13486,adam,3.795335968058094e-05,0.00015816644763672711,0.0
13487,adam,3.794827861185759e-05,0.00015901438826790328,0.0
13488,adam,3.79431570888273e-05,0.00016068511326620155,0.0
13489,adam,3.793784640038772e-05,0.00015817297251004327,0.0
13490,adam,3.793307979534872e-05,0.00015966779734431061,0.0
13491,adam,3.7928061302412155e-05,0.00015951583937010448,0.0
13492,adam,3.7923105264319284e-05,0.00015857469263580955,0.0
13493,adam,3.791798282417377e-05,0.00015884208668356557,0.0
13494,adam,3.791295087546843e-05,0.0001589358339133216,0.0
13495,adam,3.790789444481512e-05,0.00015869431293563053,0.0
13496,adam,3.790310856012281e-05,0.00015904380807331173,0.0
13497,adam,3.789794585039255e-05,0.00015835934351457343,0.0
13498,adam,3.789307582076979e-05,0.00015978971991338295,0.0
13499,adam,3.7887934922416847e-05,0.00015817590962871668,0.0
13500,adam,3.788302795442041e-05,0.0001591657145702422,0.0
13501,adam,3.787783260324512e-05,0.00015897153821640162,0.0
13502,adam,3.787300575018482e-05,0.00015889105361940946,0.0
13503,adam,3.786805334584557e-05,0.00015874739004483062,0.0
13504,adam,3.7862940043846175e-05,0.00015910517287391767,0.0
13505,adam,3.785814015878811e-05,0.00015857811125313438,0.0
13506,adam,3.7852855793086905e-05,0.00015815231940408266,0.0
13507,adam,3.784794291516259e-05,0.00015973599830809856,0.0
13508,adam,3.7843116182674494e-05,0.0001589103583913152,0.0
13509,adam,3.783806770366464e-05,0.0001583160019174643,0.0
13510,adam,3.783298331548832e-05,0.0001604108921296556,0.0
13511,adam,3.782821807307694e-05,0.00015854996619781443,0.0
13512,adam,3.7823154717465924e-05,0.00015843142603369517,0.0
13513,adam,3.7818274432649575e-05,0.00015957115905034593,0.0
13514,adam,3.7813442134969084e-05,0.00015846911268462395,0.0
13515,adam,3.78081936452723e-05,0.00015842746121727582,0.0
13516,adam,3.780335690173834e-05,0.00015948936448344773,0.0
13517,adam,3.7798474417534344e-05,0.0001584307685140892,0.0
13518,adam,3.7793619113411554e-05,0.00015849906086845696,0.0
13519,adam,3.7788546193199926e-05,0.00015964466993762465,0.0
13520,adam,3.7783278011257896e-05,0.00015819637979765826,0.0
13521,adam,3.777871098794718e-05,0.0001587087824156019,0.0
13522,adam,3.7773696699934376e-05,0.000158865351552823,0.0
13523,adam,3.776861100960858e-05,0.0001586096136934582,0.0
13524,adam,3.77638951965458e-05,0.00015818700319757362,0.0
13525,adam,3.775886120464857e-05,0.0001588496957009479,0.0
13526,adam,3.7754179880489564e-05,0.00015964879641338552,0.0
13527,adam,3.774902837437076e-05,0.00015802799556712043,0.0
13528,adam,3.7744220269731304e-05,0.00015917976422740067,0.0
13529,adam,3.773919916930514e-05,0.0001589642732609413,0.0
13530,adam,3.7734397403607846e-05,0.00015789737386449803,0.0
13531,adam,3.7729418267744845e-05,0.0001602327234304597,0.0
13532,adam,3.772436997774771e-05,0.00015816821407494693,0.0
13533,adam,3.771940628327557e-05,0.00015798622221269357,0.0
13534,adam,3.7714539554763e-05,0.00016130118810720357,0.0
13535,adam,3.770973205427548e-05,0.00015791449919672754,0.0
13536,adam,3.770480531647565e-05,0.000158622442684539,0.0
13537,adam,3.7699907405362396e-05,0.0001603591684504578,0.0
13538,adam,3.769526367440776e-05,0.00015773659710582147,0.0
13539,adam,3.769022042632416e-05,0.00015825858435198508,0.0
13540,adam,3.768522431805084e-05,0.00016046537318089717,0.0
13541,adam,3.768056081089492e-05,0.00015776661237264656,0.0
13542,adam,3.7675512638120485e-05,0.00015958114060563909,0.0
13543,adam,3.767065647128781e-05,0.00015858541968561104,0.0
13544,adam,3.766578981825432e-05,0.00015773973168959875,0.0
13545,adam,3.7660943492681316e-05,0.00016056432014555593,0.0
13546,adam,3.7655977806945416e-05,0.00015757617601604778,0.0
13547,adam,3.765126842057884e-05,0.0001584530337773318,0.0
13548,adam,3.764631688967059e-05,0.0001586899038658794,0.0
13549,adam,3.7641434296382054e-05,0.00015796449582624483,0.0
13550,adam,3.763643503186412e-05,0.00015926518741995254,0.0
13551,adam,3.7631719970635464e-05,0.00015851416811457907,0.0
13552,adam,3.762688298095915e-05,0.00015811375449483066,0.0
13553,adam,3.762184370115843e-05,0.000158344453652129,0.0
13554,adam,3.761727527703755e-05,0.00015938975721224637,0.0
13555,adam,3.761214678104327e-05,0.00015739022301847853,0.0
13556,adam,3.760754522985255e-05,0.00015843084451175497,0.0
13557,adam,3.760252385328942e-05,0.00016035788485505047,0.0
13558,adam,3.759786443017171e-05,0.0001577543773742655,0.0
13559,adam,3.7593088546887335e-05,0.00015836288782504666,0.0
13560,adam,3.758821406436628e-05,0.00016002621186385788,0.0
13561,adam,3.7583217138035934e-05,0.00015753052668053847,0.0
13562,adam,3.75784674076142e-05,0.00015805799484058453,0.0
13563,adam,3.7573703355573336e-05,0.0001593970920470365,0.0
13564,adam,3.7569029208405374e-05,0.0001575166586203656,0.0
13565,adam,3.756409730341608e-05,0.0001582099388353345,0.0
13566,adam,3.7559180144078864e-05,0.00015884253327285545,0.0
13567,adam,3.755444312146017e-05,0.0001577344981476544,0.0
13568,adam,3.754968017723686e-05,0.00015869161363153068,0.0
13569,adam,3.754487303802986e-05,0.00015893137814602064,0.0
13570,adam,3.7539972988397616e-05,0.00015792462506380314,0.0
13571,adam,3.753530245935897e-05,0.00015837969913024368,0.0
13572,adam,3.753049162295251e-05,0.0001584302273693095,0.0
13573,adam,3.7525661802317846e-05,0.000158011068397269,0.0
13574,adam,3.7520770328393027e-05,0.00015743362679497905,0.0
13575,adam,3.7516062323874785e-05,0.0001582785604214133,0.0
13576,adam,3.751125550037639e-05,0.00015874051414746998,0.0
13577,adam,3.7506480266362334e-05,0.00015778546971669492,0.0
13578,adam,3.7501817980872495e-05,0.000157599704636182,0.0
13579,adam,3.7496907386975055e-05,0.0001602492168663474,0.0
13580,adam,3.749222139041162e-05,0.0001578101733698027,0.0
13581,adam,3.7487388728645534e-05,0.00015775116074878334,0.0
13582,adam,3.748266796448265e-05,0.00015839671252213596,0.0
13583,adam,3.747782439025404e-05,0.00015799734791568977,0.0
13584,adam,3.747318392550552e-05,0.00015777730094253866,0.0
13585,adam,3.746839687251507e-05,0.00015853216658062556,0.0
13586,adam,3.746350929517075e-05,0.000157973487345013,0.0
13587,adam,3.745877990369996e-05,0.0001576622702438202,0.0
13588,adam,3.7454109609929935e-05,0.00015926137933758527,0.0
13589,adam,3.744936860261597e-05,0.00015775635746651553,0.0
13590,adam,3.744448851165144e-05,0.00015762634496899563,0.0
13591,adam,3.743984868229374e-05,0.00015863758933530632,0.0
13592,adam,3.743508270972862e-05,0.0001576123269000247,0.0
13593,adam,3.743051100946475e-05,0.00015803726835450713,0.0
13594,adam,3.7425773935734755e-05,0.00015813547472898882,0.0
13595,adam,3.74207546832841e-05,0.00015764734552808075,0.0
13596,adam,3.741611370125261e-05,0.00015890142308548245,0.0
13597,adam,3.741148712243814e-05,0.00015808319701784816,0.0
13598,adam,3.740671618903437e-05,0.00015751651030283107,0.0
13599,adam,3.7401931204424785e-05,0.00015826015505424396,0.0
13600,adam,3.7397530677891395e-05,0.0001592145816786139,0.0
13601,adam,3.7392420476250474e-05,0.00015736838734652892,0.0
13602,adam,3.7388005869930507e-05,0.00015803060677269877,0.0
13603,adam,3.738320434025222e-05,0.00015909146569874886,0.0
13604,adam,3.737825438761748e-05,0.00015738030989934773,0.0
13605,adam,3.737385414833446e-05,0.00015815350031366906,0.0
13606,adam,3.736921688301365e-05,0.00015948779728054168,0.0
13607,adam,3.736434424520658e-05,0.00015720609889924517,0.0
13608,adam,3.735940791248033e-05,0.0001581226264019398,0.0
13609,adam,3.735499280847359e-05,0.00015996754377076258,0.0
13610,adam,3.735012096055717e-05,0.00015712188370930894,0.0
13611,adam,3.7345486826059075e-05,0.0001581481072339158,0.0
13612,adam,3.7340977199778586e-05,0.00015877501951982653,0.0
13613,adam,3.733622916947519e-05,0.00015766195076003382,0.0
13614,adam,3.7331515257579935e-05,0.00015766383240959955,0.0
13615,adam,3.7327065193385e-05,0.00015800487454089969,0.0
13616,adam,3.7322383228758175e-05,0.0001587908265010891,0.0
13617,adam,3.731764271690693e-05,0.00015761511484385695,0.0
13618,adam,3.731279969083818e-05,0.00015735648969533484,0.0
13619,adam,3.730816359737782e-05,0.00015873158177443107,0.0
13620,adam,3.730360958428019e-05,0.00015760979161917775,0.0
13621,adam,3.72987240471579e-05,0.00015742523609061908,0.0
13622,adam,3.72943855048476e-05,0.00015760351692155745,0.0
13623,adam,3.728948511192094e-05,0.00015843063236271017,0.0
13624,adam,3.728492580921191e-05,0.00015742405577765805,0.0
13625,adam,3.728007138511641e-05,0.00015733239514911188,0.0
13626,adam,3.7275485195679815e-05,0.00015819027998247742,0.0
13627,adam,3.727100839210497e-05,0.0001576818839571172,0.0
13628,adam,3.726624993251701e-05,0.00015728313889917252,0.0
13629,adam,3.726190571973148e-05,0.00015787416410893812,0.0
13630,adam,3.725725413631512e-05,0.00015732521955856611,0.0
13631,adam,3.7252296177949016e-05,0.0001575934256437326,0.0
13632,adam,3.7247871050993566e-05,0.00015854287793006568,0.0
13633,adam,3.724321353037549e-05,0.0001572279436917419,0.0
13634,adam,3.723859159539008e-05,0.00015735367727735353,0.0
13635,adam,3.723392785376035e-05,0.00015789781926158752,0.0
13636,adam,3.722928089724381e-05,0.000157470278068315,0.0
13637,adam,3.72247165311897e-05,0.0001571601347768754,0.0
13638,adam,3.722016394182762e-05,0.0001578641530974452,0.0
13639,adam,3.7215541373290674e-05,0.00015739699098642313,0.0
13640,adam,3.721091505958759e-05,0.00015796158159054078,0.0
13641,adam,3.720631804652394e-05,0.00015756379237139186,0.0
13642,adam,3.720168325533035e-05,0.00015737412610853773,0.0
13643,adam,3.7196991816608505e-05,0.000157542177870453,0.0
13644,adam,3.719251898416942e-05,0.00015738718372474816,0.0
13645,adam,3.718781882676867e-05,0.0001574177436351864,0.0
13646,adam,3.718329813736449e-05,0.00015738716435828533,0.0
13647,adam,3.717887394606818e-05,0.00015732113804397917,0.0
13648,adam,3.717398431726174e-05,0.0001574101479233859,0.0
13649,adam,3.716957058267033e-05,0.00015813028360850387,0.0
13650,adam,3.7164942560371216e-05,0.00015729466989187314,0.0
13651,adam,3.7160296818539585e-05,0.00015714399119406188,0.0
13652,adam,3.715590759777638e-05,0.00015875050240158313,0.0
13653,adam,3.715126971622422e-05,0.0001570493457865818,0.0
13654,adam,3.714681692209636e-05,0.00015697460410206532,0.0
13655,adam,3.7142128296208555e-05,0.0001577185558840207,0.0
13656,adam,3.7137549460437226e-05,0.00015804722086002065,0.0
13657,adam,3.7133052542913425e-05,0.00015682931997258476,0.0
13658,adam,3.712848396634451e-05,0.00015703969694599992,0.0
13659,adam,3.7123815840979514e-05,0.00015888685722595,0.0
13660,adam,3.71192694787134e-05,0.0001574110175174224,0.0
13661,adam,3.711480500764546e-05,0.00015681620274518812,0.0
13662,adam,3.711029060606974e-05,0.00015801478175686727,0.0
13663,adam,3.71057748288344e-05,0.00015765780010238624,0.0
13664,adam,3.7101026071117795e-05,0.00015694034082796557,0.0
13665,adam,3.709655052312808e-05,0.0001574407403830156,0.0
13666,adam,3.7091927503766554e-05,0.00015814619795243985,0.0
13667,adam,3.7087582127058e-05,0.00015673305064372862,0.0
13668,adam,3.708288115159241e-05,0.00015730577881421093,0.0
13669,adam,3.707856299308467e-05,0.00015895859769081945,0.0
13670,adam,3.7073950293097965e-05,0.00015679314915496327,0.0
13671,adam,3.7069380040749996e-05,0.00015675223220051947,0.0
13672,adam,3.7065085660703166e-05,0.0001610664607549768,0.0
13673,adam,3.706035335410955e-05,0.0001571866597529261,0.0
13674,adam,3.705598851493573e-05,0.0001567985960923437,0.0
13675,adam,3.705140251956877e-05,0.00015878199538726397,0.0
13676,adam,3.704689271545819e-05,0.00015977952739536103,0.0
13677,adam,3.704231012693008e-05,0.00015690437749458057,0.0
13678,adam,3.7037932527578246e-05,0.000157515201303416,0.0
13679,adam,3.703323994435776e-05,0.00015955637044893147,0.0
13680,adam,3.702889060416235e-05,0.00015692245561630834,0.0
13681,adam,3.7024370874506084e-05,0.0001571923478965279,0.0
13682,adam,3.701992977866986e-05,0.00015881700146965955,0.0
13683,adam,3.7015389638140624e-05,0.00015766558028890642,0.0
13684,adam,3.7010948384014834e-05,0.00015664139060240609,0.0
13685,adam,3.7006469078751784e-05,0.00015833739313290173,0.0
13686,adam,3.7002017746461394e-05,0.00015723385320289983,0.0
13687,adam,3.699734372980519e-05,0.00015656722067465832,0.0
13688,adam,3.699296491816409e-05,0.00015776780079055164,0.0
13689,adam,3.6988623498839824e-05,0.000158476962407358,0.0
13690,adam,3.698407561443573e-05,0.0001567579447599415,0.0
13691,adam,3.697975714697546e-05,0.0001568591671392791,0.0
13692,adam,3.697520051755511e-05,0.0001590400730938643,0.0
13693,adam,3.6970682094350924e-05,0.00015724552927992396,0.0
13694,adam,3.696631671200852e-05,0.0001565417732222144,0.0
13695,adam,3.6961676435176766e-05,0.0001567636759022121,0.0
13696,adam,3.6957384194655275e-05,0.0001607076327325142,0.0
13697,adam,3.6952869225362926e-05,0.0001566190075412641,0.0
13698,adam,3.6948481327329386e-05,0.00015676998593899667,0.0
13699,adam,3.694385631554069e-05,0.00015839017441576659,0.0
13700,adam,3.693957333110366e-05,0.00015897272249576909,0.0
13701,adam,3.693502428741902e-05,0.00015673016714209845,0.0
13702,adam,3.693077902536537e-05,0.00015679868520727835,0.0
13703,adam,3.692642631219243e-05,0.00015999250360791616,0.0
13704,adam,3.6921818222833395e-05,0.0001563509041898043,0.0
13705,adam,3.691739187757207e-05,0.0001565290009721653,0.0
13706,adam,3.691296559831943e-05,0.0001582232756781425,0.0
13707,adam,3.690851096476754e-05,0.00015739945918270086,0.0
13708,adam,3.690424120979034e-05,0.00015644062840084437,0.0
13709,adam,3.689967538125115e-05,0.00015710252005166428,0.0
13710,adam,3.689537558403149e-05,0.00015836472746705253,0.0
13711,adam,3.689096835431078e-05,0.00015614992086993392,0.0
13712,adam,3.688654455102938e-05,0.00015684665488576504,0.0
13713,adam,3.6881862278001607e-05,0.00015817026576424767,0.0
13714,adam,3.6877627442256835e-05,0.00015748902207698553,0.0
13715,adam,3.6873198793389327e-05,0.0001563775642130992,0.0
13716,adam,3.686876563234673e-05,0.00015810707558156084,0.0
13717,adam,3.686438174955271e-05,0.00015804254054621353,0.0
13718,adam,3.6860059059485e-05,0.00015626852477677893,0.0
13719,adam,3.685585031737882e-05,0.0001563960423048297,0.0
13720,adam,3.6851437984417306e-05,0.00015827018361835003,0.0
13721,adam,3.684701890131338e-05,0.00015674719073792407,0.0
13722,adam,3.684259460613491e-05,0.00015645485953009593,0.0
13723,adam,3.683808235126738e-05,0.0001565074415026741,0.0
13724,adam,3.68336754317171e-05,0.00015747963992005588,0.0
13725,adam,3.682934335281482e-05,0.00015703059848563215,0.0
13726,adam,3.68250470065908e-05,0.00015644557308321888,0.0
13727,adam,3.682071051016605e-05,0.00015683480864796826,0.0
13728,adam,3.681626038745952e-05,0.00015790028727035758,0.0
13729,adam,3.681193603666242e-05,0.00015645023311284937,0.0
13730,adam,3.6807695279771394e-05,0.00015690152639177187,0.0
13731,adam,3.6803192656508666e-05,0.00015717289543566116,0.0
13732,adam,3.6798981590548036e-05,0.00015660800724043826,0.0
13733,adam,3.6794440773771845e-05,0.00015688781345035667,0.0
13734,adam,3.678984252140169e-05,0.00015704832631041404,0.0
13735,adam,3.67859916207912e-05,0.0001566380716362229,0.0
13736,adam,3.6781471716879044e-05,0.00015681659029749973,0.0
13737,adam,3.6777035103048984e-05,0.00015661284134702808,0.0
13738,adam,3.677291583985186e-05,0.00015802972322456562,0.0
13739,adam,3.6768366060108845e-05,0.00015599369824399417,0.0
13740,adam,3.676415452280327e-05,0.00015627939798580848,0.0
13741,adam,3.675979912147271e-05,0.00015816284908755845,0.0
13742,adam,3.675540281834381e-05,0.00015667366403452018,0.0
13743,adam,3.675091239628955e-05,0.0001559145310608153,0.0
13744,adam,3.674669542135135e-05,0.00015788896541945325,0.0
13745,adam,3.674255121280725e-05,0.00015796044232219315,0.0
13746,adam,3.6738179233924265e-05,0.0001560667312848681,0.0
13747,adam,3.673391846607629e-05,0.00015627731584806108,0.0
13748,adam,3.672962063986826e-05,0.00015875853691880618,0.0
13749,adam,3.6725491534393664e-05,0.0001567757130052956,0.0
13750,adam,3.6721020293889876e-05,0.0001559878548337497,0.0
13751,adam,3.671662842713198e-05,0.00015719764001633914,0.0
13752,adam,3.671235320771487e-05,0.0001582635868721241,0.0
13753,adam,3.670800719071446e-05,0.0001561012831947798,0.0
13754,adam,3.670381447960366e-05,0.00015629328463448734,0.0
13755,adam,3.6699376998718934e-05,0.00015862515667634523,0.0
13756,adam,3.669514829808443e-05,0.00015662645568187967,0.0
13757,adam,3.669097388048456e-05,0.00015620987860402496,0.0
13758,adam,3.668655588084955e-05,0.000156551110547333,0.0
13759,adam,3.668234214386867e-05,0.00015747021605843825,0.0
13760,adam,3.667812778816248e-05,0.00015610835936013016,0.0
13761,adam,3.6673850546877286e-05,0.0001565664488281627,0.0
13762,adam,3.66693246400094e-05,0.00015654089222862517,0.0
13763,adam,3.666526855635961e-05,0.00015637139491161495,0.0
13764,adam,3.666098296558492e-05,0.00015673183633307635,0.0
13765,adam,3.665658051688391e-05,0.00015678613528915795,0.0
13766,adam,3.665234850685789e-05,0.00015688807252619164,0.0
13767,adam,3.664815082676573e-05,0.00015614942096527497,0.0
13768,adam,3.664382672967143e-05,0.00015642262987276357,0.0
13769,adam,3.663942995296018e-05,0.00015730847367838145,0.0
13770,adam,3.6635314772208804e-05,0.00015606684513340554,0.0
13771,adam,3.6631132278691875e-05,0.0001561668414443881,0.0
13772,adam,3.6626979300885316e-05,0.00015679817194143343,0.0
13773,adam,3.662266024331333e-05,0.00015665476777741637,0.0
13774,adam,3.661826602844978e-05,0.00015648579531176077,0.0
13775,adam,3.661407916975001e-05,0.0001568489188738763,0.0
13776,adam,3.660983905560645e-05,0.0001565344400796877,0.0
13777,adam,3.6605904636456707e-05,0.000156303378317191,0.0
13778,adam,3.6601578423268874e-05,0.00015679178555642057,0.0
13779,adam,3.659702587029542e-05,0.00015591404036396212,0.0
13780,adam,3.659302858406316e-05,0.00015658470984306283,0.0
13781,adam,3.658862047393326e-05,0.0001566472842458633,0.0
13782,adam,3.65844755437519e-05,0.00015581591815961847,0.0
13783,adam,3.658036562484253e-05,0.0001569066345084797,0.0
13784,adam,3.657607187915382e-05,0.00015668676481012992,0.0
13785,adam,3.6571665616464763e-05,0.00015602761464633718,0.0
13786,adam,3.656770361270289e-05,0.00015674853175393343,0.0
13787,adam,3.65635037435644e-05,0.00015635180171469422,0.0
13788,adam,3.6559022705626326e-05,0.00015652566796275146,0.0
13789,adam,3.655502269509968e-05,0.0001562037857053912,0.0
13790,adam,3.6550696876085796e-05,0.00015618658453750154,0.0
13791,adam,3.654649771588386e-05,0.0001564840744800244,0.0
13792,adam,3.654243401404559e-05,0.0001561839770583763,0.0
13793,adam,3.65383961379647e-05,0.00015616410112886126,0.0
13794,adam,3.653404157720311e-05,0.0001564995578157236,0.0
13795,adam,3.6529750756774736e-05,0.00015651306963160273,0.0
13796,adam,3.6525806677997126e-05,0.0001560456242378848,0.0
13797,adam,3.652160239039411e-05,0.00015644705625324345,0.0
13798,adam,3.651742628320847e-05,0.00015616850556871668,0.0
13799,adam,3.6513223920123065e-05,0.00015599431060507807,0.0
13800,adam,3.650904523120363e-05,0.00015611674642646383,0.0
13801,adam,3.650468672853241e-05,0.0001570814571857153,0.0
13802,adam,3.650058822372893e-05,0.0001556097037053466,0.0
13803,adam,3.649660753683789e-05,0.0001566399342040396,0.0
13804,adam,3.649230630900366e-05,0.00015682745099994906,0.0
13805,adam,3.648833717240575e-05,0.00015606606560986068,0.0
13806,adam,3.64839689346614e-05,0.00015611663532735229,0.0
13807,adam,3.647994387498256e-05,0.00015742824798654247,0.0
13808,adam,3.647559558039718e-05,0.00015570970436610488,0.0
13809,adam,3.6471487512178186e-05,0.00015667725680921097,0.0
13810,adam,3.6467429895797076e-05,0.00015654340251367206,0.0
13811,adam,3.646335192202706e-05,0.0001557066031348776,0.0
13812,adam,3.645893771729491e-05,0.00015617850031478863,0.0
13813,adam,3.6455027515454524e-05,0.00015760666267210588,0.0
13814,adam,3.6450925907183205e-05,0.00015551968426306273,0.0
13815,adam,3.644655687253109e-05,0.000157541271314111,0.0
13816,adam,3.6442556984907016e-05,0.00015657655372351104,0.0
13817,adam,3.64383980411807e-05,0.00015552792114053486,0.0
13818,adam,3.643420022145535e-05,0.00015636953560516656,0.0
13819,adam,3.643015632705078e-05,0.00015769202582353455,0.0
13820,adam,3.642594154468267e-05,0.0001554629025680855,0.0
13821,adam,3.642209031929869e-05,0.00015614720848777553,0.0
13822,adam,3.6417852688997814e-05,0.00015818331623968532,0.0
13823,adam,3.641365768358548e-05,0.00015539308377583282,0.0
13824,adam,3.6409650704318156e-05,0.00015565169362578076,0.0
13825,adam,3.6405523951095795e-05,0.0001565413642421361,0.0
13826,adam,3.6401500695804966e-05,0.00015616315392134303,0.0
13827,adam,3.6397244788492364e-05,0.0001553117751859352,0.0
13828,adam,3.6393291482637196e-05,0.00015684699981651147,0.0
13829,adam,3.638905892095994e-05,0.00015600195295153332,0.0
13830,adam,3.6385098439014804e-05,0.00015565171405659847,0.0
13831,adam,3.638080023128192e-05,0.00015604826249901837,0.0
13832,adam,3.637693061334008e-05,0.00015571512787161936,0.0
13833,adam,3.6372670378829485e-05,0.00015659986914583408,0.0
13834,adam,3.63687820163644e-05,0.000155534755164812,0.0
13835,adam,3.6364600466529546e-05,0.00015579623324624888,0.0
13836,adam,3.636050992296066e-05,0.00015676074857101522,0.0
13837,adam,3.635638916360068e-05,0.00015601415872242762,0.0
13838,adam,3.635234005649488e-05,0.00015554506591851483,0.0
13839,adam,3.634835427903139e-05,0.00015634127324834845,0.0
13840,adam,3.634411249685732e-05,0.00015659837053736482,0.0
13841,adam,3.634012826556239e-05,0.00015563662720335093,0.0
13842,adam,3.6336201292091535e-05,0.00015571748317784668,0.0
13843,adam,3.6332156266067825e-05,0.00015616896540578777,0.0
13844,adam,3.632766633381517e-05,0.00015661425874521713,0.0
13845,adam,3.632385104061204e-05,0.00015536310039257817,0.0
13846,adam,3.631962087920089e-05,0.00015595010132735818,0.0
13847,adam,3.631581282484169e-05,0.00015697513068587475,0.0
13848,adam,3.6311707474743785e-05,0.00015510218593276805,0.0
13849,adam,3.6307822488216786e-05,0.0001561618213008522,0.0
13850,adam,3.630365560706477e-05,0.00015676314254217628,0.0
13851,adam,3.629951428525391e-05,0.0001552487091233805,0.0
13852,adam,3.6295538237477703e-05,0.00015581208083995422,0.0
13853,adam,3.629146542623957e-05,0.00015681859470300126,0.0
13854,adam,3.6287492775132304e-05,0.00015528428975357324,0.0
13855,adam,3.62833970734806e-05,0.0001566322052654599,0.0
13856,adam,3.627952601428133e-05,0.00015592333463554186,0.0
13857,adam,3.62754190355248e-05,0.0001553585801866597,0.0
13858,adam,3.627139828261801e-05,0.00015648549166643276,0.0
13859,adam,3.6267255430897215e-05,0.0001557041701832452,0.0
13860,adam,3.626337777428665e-05,0.0001551339475371918,0.0
13861,adam,3.625923835530918e-05,0.00015693680604894454,0.0
13862,adam,3.625534838547594e-05,0.00015636447268875937,0.0
13863,adam,3.6251394441933525e-05,0.00015519479790619407,0.0
13864,adam,3.624726412590431e-05,0.0001562044998756632,0.0
13865,adam,3.624319683947929e-05,0.00015761412946025663,0.0
13866,adam,3.6239405022475976e-05,0.0001549641176076645,0.0
13867,adam,3.623542874789682e-05,0.00015628691571264753,0.0
13868,adam,3.6231377234673694e-05,0.0001565311441398553,0.0
13869,adam,3.6227434911479115e-05,0.00015529048267723494,0.0
13870,adam,3.622343895706427e-05,0.00015555103529516417,0.0
13871,adam,3.621952439661331e-05,0.00015675571863051974,0.0
13872,adam,3.6215307532795214e-05,0.0001551323425664929,0.0
13873,adam,3.6211473500285865e-05,0.00015569558744105372,0.0
13874,adam,3.6207489221373665e-05,0.00015610950413192547,0.0
13875,adam,3.6203367512991995e-05,0.00015518843670156665,0.0
13876,adam,3.619947742937134e-05,0.00015530941255825366,0.0
13877,adam,3.619549364033001e-05,0.00015579431242569876,0.0
13878,adam,3.619130842221408e-05,0.0001556311231046229,0.0
13879,adam,3.618760126459788e-05,0.00015560151017883595,0.0
13880,adam,3.61836427806607e-05,0.000155455889392581,0.0
13881,adam,3.617960847474307e-05,0.00015599506153524522,0.0
13882,adam,3.6175757492479595e-05,0.00015559997726826842,0.0
13883,adam,3.6171875510845784e-05,0.00015503839803789686,0.0
13884,adam,3.6167769045671486e-05,0.00015641933821130725,0.0
13885,adam,3.616400877951047e-05,0.0001556551009991451,0.0
13886,adam,3.6159809848254915e-05,0.0001548762718670386,0.0
13887,adam,3.615595974468866e-05,0.00015628898619334908,0.0
13888,adam,3.615197664743713e-05,0.00015563494392319737,0.0
13889,adam,3.6148055403438646e-05,0.00015491495414271617,0.0
13890,adam,3.6144009189540586e-05,0.00015645611722816784,0.0
13891,adam,3.6140283979044676e-05,0.00015612645563207436,0.0
13892,adam,3.613613836647792e-05,0.0001549633236521706,0.0
13893,adam,3.613236124779545e-05,0.00015604085164979358,0.0
13894,adam,3.6128274672675714e-05,0.0001553557064023039,0.0
13895,adam,3.612450156215562e-05,0.00015576713647004004,0.0
13896,adam,3.6120664783767605e-05,0.00015495871925577792,0.0
13897,adam,3.611671977535067e-05,0.00015603315841755444,0.0
13898,adam,3.611255527694439e-05,0.00015502657147956338,0.0
13899,adam,3.610884747323219e-05,0.00015577714526549599,0.0
13900,adam,3.610491396709403e-05,0.00015550299144893886,0.0
13901,adam,3.610094678482755e-05,0.00015537240205085997,0.0
13902,adam,3.609689483471213e-05,0.00015523614832643035,0.0
13903,adam,3.609311396508487e-05,0.00015606929385785615,0.0
13904,adam,3.608920031521309e-05,0.00015508242034178223,0.0
13905,adam,3.6085377052146766e-05,0.00015509495402683517,0.0
13906,adam,3.6081350937429435e-05,0.0001556689217896144,0.0
13907,adam,3.607749935811883e-05,0.0001558678607876923,0.0
13908,adam,3.607365706980815e-05,0.00015473960966976924,0.0
13909,adam,3.606991122871594e-05,0.00015514751131851683,0.0
13910,adam,3.606586019772016e-05,0.0001568293997141222,0.0
13911,adam,3.60618663770511e-05,0.00015496986093722182,0.0
13912,adam,3.605808155997627e-05,0.00015489943147806759,0.0
13913,adam,3.605424959629423e-05,0.000156758026341791,0.0
13914,adam,3.6050257460189014e-05,0.00015492700957979376,0.0
13915,adam,3.6046396118363723e-05,0.00015495286315719899,0.0
13916,adam,3.604249125259173e-05,0.00015597771279928207,0.0
13917,adam,3.6038694532012126e-05,0.00015549522875228514,0.0
13918,adam,3.6034904051807605e-05,0.00015493668231413197,0.0
13919,adam,3.603083224532043e-05,0.00015579555068287047,0.0
13920,adam,3.6027049305208177e-05,0.00015527539166457354,0.0
13921,adam,3.602320983523869e-05,0.0001549456467805221,0.0
13922,adam,3.601928632356481e-05,0.00015503585103708361,0.0
13923,adam,3.6015437844823305e-05,0.00015630143641097438,0.0
13924,adam,3.6011734305607345e-05,0.00015530649308305683,0.0
13925,adam,3.6007732850386356e-05,0.0001545846460073724,0.0
13926,adam,3.600395763843586e-05,0.00015591219953513995,0.0
13927,adam,3.600011012712768e-05,0.0001558646546097268,0.0
13928,adam,3.5996163117009556e-05,0.00015459874832809097,0.0
13929,adam,3.599250299160673e-05,0.00015537158476994616,0.0
13930,adam,3.5988678798988205e-05,0.0001556504108619884,0.0
13931,adam,3.598462616154239e-05,0.0001548580313365814,0.0
13932,adam,3.5980812196960475e-05,0.00015542274105940026,0.0
13933,adam,3.597716088239712e-05,0.0001556473828164456,0.0
13934,adam,3.597320651905623e-05,0.00015483824264477992,0.0
13935,adam,3.596953460438862e-05,0.00015526031127123378,0.0
13936,adam,3.5965747261981296e-05,0.00015564763336908377,0.0
13937,adam,3.596176113827197e-05,0.00015453512594885773,0.0
13938,adam,3.595813691527379e-05,0.0001551536185139319,0.0
13939,adam,3.595415979927295e-05,0.00015558022117689768,0.0
13940,adam,3.5950256289291947e-05,0.00015488482828545112,0.0
13941,adam,3.5946635587749e-05,0.00015474267089882004,0.0
13942,adam,3.594288029478294e-05,0.0001556978557677155,0.0
13943,adam,3.593906266089067e-05,0.00015541848312643634,0.0
13944,adam,3.593513857985176e-05,0.00015469095427890803,0.0
13945,adam,3.5931285576251366e-05,0.0001553372811100172,0.0
13946,adam,3.5927322016584496e-05,0.00015536583509477802,0.0
13947,adam,3.592379511209566e-05,0.00015469259227359099,0.0
13948,adam,3.591986402121154e-05,0.0001548670676892666,0.0
13949,adam,3.591610002945867e-05,0.00015592015001633175,0.0
13950,adam,3.591231815863715e-05,0.00015549959647048314,0.0
13951,adam,3.59086563030885e-05,0.00015460009082359825,0.0
13952,adam,3.590484315857227e-05,0.0001552364154535133,0.0
13953,adam,3.5900857192608925e-05,0.00015690489099337947,0.0
13954,adam,3.5897134667492874e-05,0.00015420236102270084,0.0
13955,adam,3.589342819551474e-05,0.0001552453720524032,0.0
13956,adam,3.58898289183499e-05,0.00015582982116310067,0.0
13957,adam,3.5885775420305764e-05,0.00015498390564703507,0.0
13958,adam,3.588200743664753e-05,0.00015454947188635134,0.0
13959,adam,3.587798916780576e-05,0.00015593440782978593,0.0
13960,adam,3.587465034003706e-05,0.00015687961929066743,0.0
13961,adam,3.587081730812344e-05,0.00015439526373842535,0.0
13962,adam,3.5866986845631124e-05,0.0001549987086002265,0.0
13963,adam,3.586335658628135e-05,0.00015737205791439,0.0
13964,adam,3.585936767455843e-05,0.00015471074506608689,0.0
13965,adam,3.585571724825804e-05,0.00015417626806630256,0.0
13966,adam,3.58518996700067e-05,0.0001561648351743749,0.0
13967,adam,3.5848309040842e-05,0.00015620583496839287,0.0
13968,adam,3.584459246207514e-05,0.0001543954435775546,0.0
13969,adam,3.5840716060044195e-05,0.00015459710090433485,0.0
13970,adam,3.5837041532827656e-05,0.0001577930546595927,0.0
13971,adam,3.5833203455958075e-05,0.00015459349744546691,0.0
13972,adam,3.5829508931345883e-05,0.0001545922119489261,0.0
13973,adam,3.582574457621604e-05,0.00015555468098350306,0.0
13974,adam,3.582197875550253e-05,0.00015520304498366263,0.0
13975,adam,3.581836559309934e-05,0.00015450952996410626,0.0
13976,adam,3.5814629147396784e-05,0.00015494902177013554,0.0
13977,adam,3.5810971808093e-05,0.0001554554020279625,0.0
13978,adam,3.580721770940977e-05,0.00015458122262796447,0.0
13979,adam,3.580341716613852e-05,0.00015512608098003743,0.0
13980,adam,3.579978961815334e-05,0.00015486584934886282,0.0
13981,adam,3.5796044997434755e-05,0.0001550069840566217,0.0
13982,adam,3.5792223795700164e-05,0.00015457774127980957,0.0
13983,adam,3.578860469463224e-05,0.00015490060481922852,0.0
13984,adam,3.578494718178588e-05,0.0001552792593309846,0.0
13985,adam,3.578121102795061e-05,0.00015476181620986847,0.0
13986,adam,3.5777448905504714e-05,0.00015427456513870258,0.0
13987,adam,3.5773740623863275e-05,0.00015492026980580515,0.0
13988,adam,3.576990499339996e-05,0.0001554721189385809,0.0
13989,adam,3.576644817660925e-05,0.00015491693194503796,0.0
13990,adam,3.5762811333514696e-05,0.0001543186942374817,0.0
13991,adam,3.57589054897014e-05,0.0001543963776711142,0.0
13992,adam,3.575527328450672e-05,0.00015557006643073562,0.0
13993,adam,3.5751785996320245e-05,0.00015518361318722095,0.0
13994,adam,3.574807483685272e-05,0.0001542298071348163,0.0
13995,adam,3.574432028980648e-05,0.0001543408765262283,0.0
13996,adam,3.574059815280191e-05,0.00015621937875560831,0.0
13997,adam,3.5736767344880126e-05,0.00015464836670070985,0.0
13998,adam,3.573319837301861e-05,0.00015419859976767504,0.0
13999,adam,3.572947995822588e-05,0.00015453890948916884,0.0
14000,adam,3.5725800194487556e-05,0.00015616438748939127,0.0
14001,adam,3.57221963449362e-05,0.0001544311143683686,0.0
14002,adam,3.571858547682028e-05,0.00015399744456949215,0.0
14003,adam,3.5714903969460115e-05,0.00015681852392739702,0.0
14004,adam,3.571117062672514e-05,0.00015527676948039594,0.0
14005,adam,3.5707489764372947e-05,0.00015395269803605754,0.0
14006,adam,3.5704033485665435e-05,0.00015480366592159143,0.0
14007,adam,3.5700371092537626e-05,0.0001566696946749006,0.0
14008,adam,3.569666097238672e-05,0.00015416965313730933,0.0
14009,adam,3.569308883127767e-05,0.00015397223325043508,0.0
14010,adam,3.5689342813302136e-05,0.0001564453985858527,0.0
14011,adam,3.56856494898886e-05,0.0001548029407122079,0.0
14012,adam,3.5681978313090355e-05,0.00015420051671758388,0.0
14013,adam,3.567850780789881e-05,0.0001540574886632056,0.0
14014,adam,3.567467303414021e-05,0.00015532622666436134,0.0
14015,adam,3.567109656603631e-05,0.00015501152118461284,0.0
14016,adam,3.566756993254666e-05,0.00015406252133364412,0.0
14017,adam,3.5663976931486805e-05,0.00015464953756412142,0.0
14018,adam,3.5660225026371744e-05,0.00015519852649344295,0.0
14019,adam,3.565648421928355e-05,0.00015483131718610463,0.0
14020,adam,3.565294052564432e-05,0.00015421033777285288,0.0
14021,adam,3.564937785955491e-05,0.00015436128104050353,0.0
14022,adam,3.564572201698278e-05,0.00015489936481608886,0.0
14023,adam,3.5642184303756476e-05,0.0001543470098676027,0.0
14024,adam,3.563871366756865e-05,0.00015435772651587837,0.0
14025,adam,3.5635031755339095e-05,0.00015411768197835817,0.0
14026,adam,3.563150475973308e-05,0.0001554012163368487,0.0
14027,adam,3.5627599163984265e-05,0.00015410372050341864,0.0
14028,adam,3.562401702866095e-05,0.0001545728465493577,0.0
14029,adam,3.562079509202663e-05,0.0001549610311822712,0.0
14030,adam,3.561689741580169e-05,0.00015430228710901269,0.0
14031,adam,3.5613433396667613e-05,0.00015429267033875463,0.0
14032,adam,3.5609812373066756e-05,0.00015498890048638026,0.0
14033,adam,3.560615070984471e-05,0.0001546330174549199,0.0
14034,adam,3.5602493093695184e-05,0.0001537707425634114,0.0
14035,adam,3.5598844641011186e-05,0.00015478877923727206,0.0
14036,adam,3.559545678266117e-05,0.00015580333871646288,0.0
14037,adam,3.5591856852054044e-05,0.00015413751316467543,0.0
14038,adam,3.558834421251356e-05,0.0001539215300168901,0.0
14039,adam,3.558474965613427e-05,0.00015504360515921088,0.0
14040,adam,3.558098787149045e-05,0.0001553088074001888,0.0
14041,adam,3.557757172548827e-05,0.00015419488541820788,0.0
14042,adam,3.55740452532893e-05,0.0001536899976871258,0.0
14043,adam,3.55703884538261e-05,0.00015484275133062088,0.0
14044,adam,3.5566753390781995e-05,0.00015577329155854096,0.0
14045,adam,3.5563170427810385e-05,0.0001538184271103143,0.0
14046,adam,3.55597678928106e-05,0.0001537259121980116,0.0
14047,adam,3.55560951166595e-05,0.00015580970263755713,0.0
14048,adam,3.555240074578909e-05,0.0001545802273983702,0.0
14049,adam,3.554900013353992e-05,0.00015363341211616324,0.0
14050,adam,3.554538345175055e-05,0.00015448282826541486,0.0
14051,adam,3.5541849148924784e-05,0.0001558358651052103,0.0
14052,adam,3.553823298851483e-05,0.00015398358357806324,0.0
14053,adam,3.5534675935815534e-05,0.00015361093662566666,0.0
14054,adam,3.553117158397441e-05,0.0001558266498648019,0.0
14055,adam,3.5527570076630305e-05,0.000154295831310685,0.0
14056,adam,3.5524473994815885e-05,0.00015383085282985723,0.0
14057,adam,3.552058680685841e-05,0.00015441263973682944,0.0
14058,adam,3.551721721097896e-05,0.0001547776882129933,0.0
14059,adam,3.551384385597008e-05,0.0001539686396123401,0.0
14060,adam,3.5510113481925575e-05,0.00015375883383722923,0.0
14061,adam,3.5506437267663086e-05,0.00015466832893725607,0.0
14062,adam,3.550312513926472e-05,0.00015495329888043992,0.0
14063,adam,3.549952686694111e-05,0.00015349374144227334,0.0
14064,adam,3.549589664888618e-05,0.00015403183247310497,0.0
14065,adam,3.549251663624549e-05,0.00015626703123670837,0.0
14066,adam,3.5488848101395274e-05,0.00015365473902672282,0.0
14067,adam,3.548539288758649e-05,0.000153771622812074,0.0
14068,adam,3.548193783184076e-05,0.0001556223856726953,0.0
14069,adam,3.547856153725834e-05,0.0001542645174384016,0.0
14070,adam,3.5474854868985164e-05,0.00015379491268931108,0.0
14071,adam,3.54716892996004e-05,0.0001549707462977039,0.0
14072,adam,3.546802077440135e-05,0.0001545656617233002,0.0
14073,adam,3.546460997166069e-05,0.00015378041377229668,0.0
14074,adam,3.546094611243105e-05,0.0001539259387585715,0.0
14075,adam,3.5457513425534844e-05,0.00015469536229962525,0.0
14076,adam,3.545394566482662e-05,0.00015469572904743776,0.0
14077,adam,3.545027652473042e-05,0.0001537126037908774,0.0
14078,adam,3.5446970899543656e-05,0.0001540624536369614,0.0
14079,adam,3.544361558883337e-05,0.0001555383197894194,0.0
14080,adam,3.544008973134061e-05,0.00015373590948633559,0.0
14081,adam,3.5436554683162605e-05,0.0001534713329633935,0.0
14082,adam,3.5433072266280516e-05,0.00015458497570895754,0.0
14083,adam,3.5429631073511626e-05,0.0001542927866225422,0.0
14084,adam,3.542610827081996e-05,0.00015393523539453105,0.0
14085,adam,3.5422607293234825e-05,0.00015367071227249905,0.0
14086,adam,3.541912077938204e-05,0.00015548433565803395,0.0
14087,adam,3.54156574665872e-05,0.00015389006144426545,0.0
14088,adam,3.5412270435789674e-05,0.000153549191402188,0.0
14089,adam,3.54087838319827e-05,0.00015469710725995198,0.0
14090,adam,3.5405329439196176e-05,0.0001542264882444961,0.0
14091,adam,3.540163147243493e-05,0.00015339801679208106,0.0
14092,adam,3.53983631540338e-05,0.00015458123696567648,0.0
14093,adam,3.53948166614958e-05,0.00015445678410241437,0.0
14094,adam,3.539131440285572e-05,0.00015399841447354638,0.0
14095,adam,3.5388028189466184e-05,0.00015388668229142054,0.0
14096,adam,3.538458286754301e-05,0.00015421108954733194,0.0
14097,adam,3.538130457954025e-05,0.00015381668942331364,0.0
14098,adam,3.53777854430501e-05,0.00015452968461740884,0.0
14099,adam,3.537424392606616e-05,0.00015379691157812523,0.0
14100,adam,3.53705781983848e-05,0.00015370267953568196,0.0
14101,adam,3.5367463007250746e-05,0.00015438880548014516,0.0
14102,adam,3.536399189069513e-05,0.00015393774776487407,0.0
14103,adam,3.5360435313678334e-05,0.0001536120257178022,0.0
14104,adam,3.535713676642452e-05,0.00015470797009180408,0.0
14105,adam,3.535393974138516e-05,0.00015398767195147,0.0
14106,adam,3.535022623811731e-05,0.0001532866432794839,0.0
14107,adam,3.534681750714472e-05,0.00015514855588758135,0.0
14108,adam,3.534334617682978e-05,0.00015373173415222355,0.0
14109,adam,3.53396689873578e-05,0.000153214252422717,0.0
14110,adam,3.5336473140771044e-05,0.00015544439422965773,0.0
14111,adam,3.533326714782003e-05,0.0001553078818918941,0.0
14112,adam,3.532968003222269e-05,0.00015323555803573765,0.0
14113,adam,3.532614903862825e-05,0.000153538710051454,0.0
14114,adam,3.532275207740286e-05,0.00015798527461830918,0.0
14115,adam,3.5319220445571586e-05,0.00015322382277308262,0.0
14116,adam,3.5316101959390826e-05,0.00015324680058172142,0.0
14117,adam,3.531281534244909e-05,0.00015523497996066144,0.0
14118,adam,3.530920831078836e-05,0.0001558654263492562,0.0
14119,adam,3.5305937360909624e-05,0.00015342284311803972,0.0
14120,adam,3.530257324662234e-05,0.00015341715564060472,0.0
14121,adam,3.529903152379966e-05,0.00015606234225888502,0.0
14122,adam,3.529587863249982e-05,0.00015509236516847948,0.0
14123,adam,3.5292295985967005e-05,0.00015353080375636832,0.0
14124,adam,3.528893770181654e-05,0.0001538987965223109,0.0
14125,adam,3.52856603126282e-05,0.000157838105977557,0.0
14126,adam,3.528218902607061e-05,0.00015331279893827517,0.0
14127,adam,3.5278865655283475e-05,0.0001535386304293986,0.0
14128,adam,3.5275513137758674e-05,0.00015576916405682918,0.0
14129,adam,3.527227173702278e-05,0.00015617214779166665,0.0
14130,adam,3.526873972841505e-05,0.0001530153237931292,0.0
14131,adam,3.526543354852811e-05,0.00015302408860586806,0.0
14132,adam,3.526203475497577e-05,0.00015733009012140083,0.0
14133,adam,3.525873026865017e-05,0.00015396273635438423,0.0
14134,adam,3.525523691254979e-05,0.00015310572707303256,0.0
14135,adam,3.525189873328282e-05,0.00015388124039009875,0.0
14136,adam,3.524853692651229e-05,0.00015588121370818664,0.0
14137,adam,3.524505726700759e-05,0.0001532631815286557,0.0
14138,adam,3.524181295283105e-05,0.00015329465058667457,0.0
14139,adam,3.523843519522431e-05,0.00015372653470676774,0.0
14140,adam,3.5235214401817146e-05,0.00015539350987685147,0.0
14141,adam,3.5231794780388436e-05,0.00015322206602636594,0.0
14142,adam,3.522828682899601e-05,0.00015315192885547653,0.0
14143,adam,3.522517405834279e-05,0.00015415705742876311,0.0
14144,adam,3.522192167642137e-05,0.00015420255875846074,0.0
14145,adam,3.5218502914418735e-05,0.00015328619103741298,0.0
14146,adam,3.5215335095950765e-05,0.00015349480715645935,0.0
14147,adam,3.521169860886369e-05,0.000153533162123461,0.0
14148,adam,3.520841943378917e-05,0.00015444600473801294,0.0
14149,adam,3.520517401699985e-05,0.00015313514009253123,0.0
14150,adam,3.520169101924329e-05,0.00015304945309015217,0.0
14151,adam,3.519836830525499e-05,0.0001547945376447725,0.0
14152,adam,3.519525368019983e-05,0.00015469477482380958,0.0
14153,adam,3.5191665561991054e-05,0.00015292082430613493,0.0
14154,adam,3.5188324805140306e-05,0.00015357403959020898,0.0
14155,adam,3.518518569246802e-05,0.00015617641395725788,0.0
14156,adam,3.518178734791493e-05,0.0001530580014015028,0.0
14157,adam,3.517850069078284e-05,0.00015275588441438894,0.0
14158,adam,3.5175326601547945e-05,0.0001558482787634912,0.0
14159,adam,3.517185800119072e-05,0.00015373993221793461,0.0
14160,adam,3.5168644777970036e-05,0.00015309480135209286,0.0
14161,adam,3.516510697030245e-05,0.0001528825983037662,0.0
14162,adam,3.51619272913547e-05,0.00015595911132854765,0.0
14163,adam,3.5158777249258205e-05,0.0001539966648682346,0.0
14164,adam,3.515547939788651e-05,0.00015300236131962096,0.0
14165,adam,3.5152052672190514e-05,0.00015324100242822595,0.0
14166,adam,3.514869847377895e-05,0.0001552982409093103,0.0
14167,adam,3.514555300644701e-05,0.0001541020664844332,0.0
14168,adam,3.514232237835011e-05,0.00015275164848861425,0.0
14169,adam,3.513892543315576e-05,0.00015304968049433185,0.0
14170,adam,3.5135503912222735e-05,0.0001559690795533853,0.0
14171,adam,3.513223670854174e-05,0.00015375764999085153,0.0
14172,adam,3.512899067931647e-05,0.00015288959952903145,0.0
14173,adam,3.512563439230236e-05,0.00015359437985086136,0.0
14174,adam,3.512249727484976e-05,0.00015452445476649498,0.0
14175,adam,3.511916131082382e-05,0.0001537150647424205,0.0
14176,adam,3.511599219763926e-05,0.00015283719091964073,0.0
14177,adam,3.511261224523962e-05,0.00015295083156903626,0.0
14178,adam,3.510917396503819e-05,0.00015568353799743305,0.0
14179,adam,3.510616437009023e-05,0.00015397477778552457,0.0
14180,adam,3.5102944595701974e-05,0.00015289623996592627,0.0
14181,adam,3.509955171078447e-05,0.00015320659305746964,0.0
14182,adam,3.509649955639694e-05,0.00015704378813510977,0.0
14183,adam,3.509292570113337e-05,0.00015323481265937835,0.0
14184,adam,3.508980673960812e-05,0.00015293317533735822,0.0
14185,adam,3.508661438782476e-05,0.00015373461351142633,0.0
14186,adam,3.508335882362429e-05,0.00015590627662981173,0.0
14187,adam,3.507999485013537e-05,0.00015285834194345138,0.0
14188,adam,3.5076661501650326e-05,0.00015270338936853952,0.0
14189,adam,3.5073510408088354e-05,0.00015354741206493434,0.0
14190,adam,3.507045846554111e-05,0.00015490232797816693,0.0
14191,adam,3.506714948838492e-05,0.00015326489106533986,0.0
14192,adam,3.506384877239718e-05,0.0001527566784585615,0.0
14193,adam,3.506064036034963e-05,0.00015489886415830098,0.0
14194,adam,3.505741033330257e-05,0.0001543292576029471,0.0
14195,adam,3.505404058109148e-05,0.00015291776239129633,0.0
14196,adam,3.505076656693469e-05,0.00015325505518238132,0.0
14197,adam,3.5047665211939174e-05,0.0001550569995437613,0.0
14198,adam,3.5044294618876874e-05,0.00015315430319858122,0.0
14199,adam,3.5041129307851955e-05,0.00015303634983092958,0.0
14200,adam,3.503800637972299e-05,0.00015369276725261252,0.0
14201,adam,3.503483942845211e-05,0.0001538745470510964,0.0
14202,adam,3.503163799162019e-05,0.00015400012029470993,0.0
14203,adam,3.502819185287864e-05,0.00015271787981790687,0.0
14204,adam,3.502517484069217e-05,0.00015355823077311826,0.0
14205,adam,3.5022070953900725e-05,0.00015387151519535413,0.0
14206,adam,3.501861785865764e-05,0.00015348818940569,0.0
14207,adam,3.501545097762927e-05,0.00015291230503121882,0.0
14208,adam,3.501236540044208e-05,0.0001537816570580863,0.0
14209,adam,3.500910339745478e-05,0.0001531642292193929,0.0
14210,adam,3.50059608485983e-05,0.00015376955462523815,0.0
14211,adam,3.500260056829977e-05,0.00015269322634749803,0.0
14212,adam,3.4999438253211616e-05,0.00015359477544167125,0.0
14213,adam,3.499620633415649e-05,0.00015299188111411803,0.0
14214,adam,3.4993191214350135e-05,0.00015351017716062237,0.0
14215,adam,3.498988836051782e-05,0.0001534145834228661,0.0
14216,adam,3.4986720566660525e-05,0.00015339164616579452,0.0
14217,adam,3.4983589368147656e-05,0.00015269329983764465,0.0
14218,adam,3.4980315160356505e-05,0.0001550132098657904,0.0
14219,adam,3.4977239791488106e-05,0.0001534637840841188,0.0
14220,adam,3.4974065275864034e-05,0.0001524896590355304,0.0
14221,adam,3.497070127389683e-05,0.0001529410236857742,0.0
14222,adam,3.496764433360847e-05,0.0001547529004167856,0.0
14223,adam,3.4964425354714896e-05,0.0001526494560632496,0.0
14224,adam,3.496112110580988e-05,0.0001525106377126857,0.0
14225,adam,3.4958125218129275e-05,0.0001539980298719875,0.0
14226,adam,3.495487243648213e-05,0.00015428250720213432,0.0
14227,adam,3.495171610919464e-05,0.00015268633091730747,0.0
14228,adam,3.4948606266278355e-05,0.0001525882805044299,0.0
14229,adam,3.494559137229027e-05,0.0001539757640588548,0.0
14230,adam,3.4942226569254235e-05,0.0001550432392441824,0.0
14231,adam,3.493913146069261e-05,0.00015243604745737575,0.0
14232,adam,3.493598532255438e-05,0.00015233128376644536,0.0
14233,adam,3.493276122161851e-05,0.0001539078794589686,0.0
14234,adam,3.4929425483039566e-05,0.000154709868848557,0.0
14235,adam,3.4926413052887416e-05,0.00015234038732985734,0.0
14236,adam,3.4923278912817834e-05,0.00015263427819345608,0.0
14237,adam,3.4920161731461446e-05,0.0001546253342944446,0.0
14238,adam,3.491715443168244e-05,0.00015333125100549375,0.0
14239,adam,3.4914026323292495e-05,0.00015232637554462206,0.0
14240,adam,3.491093493790219e-05,0.00015391964358872653,0.0
14241,adam,3.4907563502917325e-05,0.0001533582390650193,0.0
14242,adam,3.490439394201624e-05,0.00015268267738098636,0.0
14243,adam,3.4901198272733244e-05,0.00015236638852275837,0.0
14244,adam,3.48983583781873e-05,0.0001536877510235162,0.0
14245,adam,3.489512630409982e-05,0.00015347759889031964,0.0
14246,adam,3.489203167914167e-05,0.00015253752784744816,0.0
14247,adam,3.488879912369461e-05,0.00015263483085393027,0.0
14248,adam,3.488572807722301e-05,0.0001540907312071811,0.0
14249,adam,3.488253956709651e-05,0.00015323429648135824,0.0
14250,adam,3.487939303111214e-05,0.0001524975683363754,0.0
14251,adam,3.48763776141264e-05,0.00015376505945849327,0.0
14252,adam,3.487315103898897e-05,0.00015252677761269697,0.0
14253,adam,3.4869893989664877e-05,0.00015293250674308686,0.0
14254,adam,3.4866953463628344e-05,0.00015328674865031888,0.0
14255,adam,3.486374065406569e-05,0.00015282320755857198,0.0
14256,adam,3.4860717041614515e-05,0.00015292407742838348,0.0
14257,adam,3.485755442422183e-05,0.00015241711756515608,0.0
14258,adam,3.485450689906518e-05,0.00015382622908821576,0.0
14259,adam,3.485137246568381e-05,0.00015353191463959328,0.0
14260,adam,3.4848389818572627e-05,0.00015275259136102143,0.0
14261,adam,3.48449895658653e-05,0.00015239368246309617,0.0
14262,adam,3.484195581598334e-05,0.00015373301946487852,0.0
14263,adam,3.483893908798946e-05,0.0001537567913851568,0.0
14264,adam,3.483600299901744e-05,0.00015231548780385493,0.0
14265,adam,3.48327088814781e-05,0.0001523782924909273,0.0
14266,adam,3.4829752777837056e-05,0.00015507998452404714,0.0
14267,adam,3.482654943090215e-05,0.0001533916543920682,0.0
14268,adam,3.4823423299535555e-05,0.00015259100219628172,0.0
14269,adam,3.4820333800418264e-05,0.00015301908147250616,0.0
14270,adam,3.481723980766991e-05,0.00015558106136902413,0.0
14271,adam,3.481436244769136e-05,0.00015260288655120967,0.0
14272,adam,3.4811220754652604e-05,0.00015257394732349987,0.0
14273,adam,3.480804814582196e-05,0.00015313250260098852,0.0
14274,adam,3.480488020178734e-05,0.00015426778929097682,0.0
14275,adam,3.480199759455949e-05,0.0001529473622496375,0.0
14276,adam,3.479893388792206e-05,0.00015241079587107655,0.0
14277,adam,3.479581174783144e-05,0.00015312056549370435,0.0
14278,adam,3.4792664111690054e-05,0.00015458213655542564,0.0
14279,adam,3.478963367789117e-05,0.0001527230671674557,0.0
14280,adam,3.47865479834357e-05,0.00015249465214460482,0.0
14281,adam,3.4783425812172146e-05,0.00015435372917356986,0.0
14282,adam,3.478039422967346e-05,0.00015322004840610408,0.0
14283,adam,3.477743949622247e-05,0.00015225339760590575,0.0
14284,adam,3.4774302227757085e-05,0.00015258704889094726,0.0
14285,adam,3.477122142890182e-05,0.00015385628527131288,0.0
14286,adam,3.476809851939941e-05,0.00015318534167693516,0.0
14287,adam,3.47649397377723e-05,0.00015231962671556295,0.0
14288,adam,3.476197748775119e-05,0.00015258179564015562,0.0
14289,adam,3.475892322599078e-05,0.00015391078410855144,0.0
14290,adam,3.4756061106170644e-05,0.00015344922347746646,0.0
14291,adam,3.475283002589583e-05,0.00015199939185004524,0.0
14292,adam,3.474984107044399e-05,0.00015237611223054465,0.0
14293,adam,3.4746740290319384e-05,0.00015411902199727535,0.0
14294,adam,3.4743693831762764e-05,0.00015281985656896748,0.0
14295,adam,3.47406723878747e-05,0.00015215703216930844,0.0
14296,adam,3.473745602484411e-05,0.0001530420064609896,0.0
14297,adam,3.473461840639419e-05,0.0001537633152846355,0.0
14298,adam,3.4731703501715504e-05,0.00015248453893143787,0.0
14299,adam,3.4728595805404535e-05,0.0001524437915667944,0.0
14300,adam,3.472560127254805e-05,0.0001524441869248827,0.0
14301,adam,3.4722532898356794e-05,0.00015373439673314735,0.0
14302,adam,3.471956453106756e-05,0.00015335331565031037,0.0
14303,adam,3.471620799910317e-05,0.00015192442784805647,0.0
14304,adam,3.471346766093344e-05,0.0001522397358970182,0.0
14305,adam,3.471051703445125e-05,0.00015421636214224893,0.0
14306,adam,3.470738283002296e-05,0.00015228306563114987,0.0
14307,adam,3.470450214888864e-05,0.00015233405144762284,0.0
14308,adam,3.4701154264079326e-05,0.0001523707449541945,0.0
14309,adam,3.4698376084779115e-05,0.00015405663522921278,0.0
14310,adam,3.469524489475433e-05,0.00015216258238678518,0.0
14311,adam,3.4692231495114364e-05,0.00015223959000716395,0.0
14312,adam,3.4689401380974443e-05,0.00015320463358763076,0.0
14313,adam,3.468637308136028e-05,0.00015292196086889192,0.0
14314,adam,3.468332277005562e-05,0.0001521402038246913,0.0
14315,adam,3.468028615965463e-05,0.00015218411594817283,0.0
14316,adam,3.46773899610361e-05,0.00015300739640895282,0.0
14317,adam,3.467435181090067e-05,0.00015293816435606668,0.0
14318,adam,3.467129632808413e-05,0.00015256619178118913,0.0
14319,adam,3.4668406423287915e-05,0.00015240312252251328,0.0
14320,adam,3.4665323900447534e-05,0.00015224860741786534,0.0
14321,adam,3.466222709038081e-05,0.00015292659447968516,0.0
14322,adam,3.465924036697088e-05,0.00015280227854129106,0.0
14323,adam,3.465643525820055e-05,0.00015266576697584166,0.0
14324,adam,3.4653350216766e-05,0.00015246585690734487,0.0
14325,adam,3.465036367970232e-05,0.00015247732254161433,0.0
14326,adam,3.464740029521889e-05,0.00015275719516802524,0.0
14327,adam,3.464438485409441e-05,0.000152527294999495,0.0
14328,adam,3.464138081387145e-05,0.00015224114259665406,0.0
14329,adam,3.4638480021250704e-05,0.00015265488478361655,0.0
14330,adam,3.463536856793903e-05,0.00015218547809968692,0.0
14331,adam,3.4632488211875545e-05,0.000152305004078441,0.0
14332,adam,3.462948230008416e-05,0.00015230423151779918,0.0
14333,adam,3.4626531064724636e-05,0.00015270030169316348,0.0
14334,adam,3.462344819356633e-05,0.00015266323813299768,0.0
14335,adam,3.4620552087189086e-05,0.00015207816542363423,0.0
14336,adam,3.461762638521216e-05,0.0001526249740966891,0.0
14337,adam,3.4614541946109304e-05,0.0001532025353064162,0.0
14338,adam,3.461159436525361e-05,0.00015231074197515884,0.0
14339,adam,3.460872642707187e-05,0.00015217149171701852,0.0
14340,adam,3.460585849752454e-05,0.00015254570491613574,0.0
14341,adam,3.460284843401241e-05,0.00015284239358197244,0.0
14342,adam,3.459991345496793e-05,0.00015256209992277578,0.0
14343,adam,3.459694654577666e-05,0.00015187341505611644,0.0
14344,adam,3.459397407065116e-05,0.00015233472418691108,0.0
14345,adam,3.459099194913647e-05,0.0001529615707250294,0.0
14346,adam,3.4588021858209377e-05,0.00015252360072209658,0.0
14347,adam,3.458521154249557e-05,0.00015198262860552074,0.0
14348,adam,3.4582121036190865e-05,0.00015234809411713698,0.0
14349,adam,3.457911413578815e-05,0.0001522489359763943,0.0
14350,adam,3.457640121576205e-05,0.00015343010690471788,0.0
14351,adam,3.457332124299546e-05,0.00015202794440062275,0.0
14352,adam,3.457033730971288e-05,0.0001516866020141911,0.0
14353,adam,3.4567533340734e-05,0.00015243044480900758,0.0
14354,adam,3.456445100073233e-05,0.0001529956873323847,0.0
14355,adam,3.4561435657859414e-05,0.00015230406625717143,0.0
14356,adam,3.455866505096905e-05,0.00015194622860948792,0.0
14357,adam,3.455574235755722e-05,0.00015240236350043512,0.0
14358,adam,3.4552728048532035e-05,0.0001527660270751665,0.0
14359,adam,3.454974160090618e-05,0.0001519829600922368,0.0
14360,adam,3.454700308151827e-05,0.0001520737537362412,0.0
14361,adam,3.454397745381764e-05,0.00015295862486786114,0.0
14362,adam,3.454093522086643e-05,0.00015243165528940945,0.0
14363,adam,3.453798175496761e-05,0.00015175470097860417,0.0
14364,adam,3.453506383565115e-05,0.00015214114684818433,0.0
14365,adam,3.45321412769052e-05,0.00015336124682037964,0.0
14366,adam,3.452946969050787e-05,0.000152507488407433,0.0
14367,adam,3.452632609829491e-05,0.00015187510150336162,0.0
14368,adam,3.452362239663355e-05,0.00015221893622333987,0.0
14369,adam,3.452071571899505e-05,0.0001531763209998213,0.0
14370,adam,3.451759991288084e-05,0.0001523986467375592,0.0
14371,adam,3.451463963652613e-05,0.0001518886034428331,0.0
14372,adam,3.4511973964474706e-05,0.00015262515749425728,0.0
14373,adam,3.450902798633521e-05,0.00015212451522696643,0.0
14374,adam,3.450610543327421e-05,0.00015214459666981325,0.0
14375,adam,3.450329948379525e-05,0.0001522062488699193,0.0
14376,adam,3.450015047229225e-05,0.00015221391091346212,0.0
14377,adam,3.44973704503465e-05,0.00015175047077474284,0.0
14378,adam,3.449439909044389e-05,0.00015245895496881953,0.0
14379,adam,3.449161059076955e-05,0.00015253257987383773,0.0
14380,adam,3.44886422773097e-05,0.00015245997484672217,0.0
14381,adam,3.44858982863688e-05,0.0001517739293405688,0.0
14382,adam,3.4482826100356436e-05,0.00015222064202522186,0.0
14383,adam,3.447996551037933e-05,0.00015231737875382736,0.0
14384,adam,3.447724153095127e-05,0.00015289359300955956,0.0
14385,adam,3.4474312382241265e-05,0.0001515837309745383,0.0
14386,adam,3.447142626178667e-05,0.00015163646070433473,0.0
14387,adam,3.446847580802238e-05,0.0001525750003807318,0.0
14388,adam,3.446575507439974e-05,0.00015324915064344783,0.0
14389,adam,3.446270787532082e-05,0.00015206284006833036,0.0
14390,adam,3.445985870287764e-05,0.00015179550585772174,0.0
14391,adam,3.445698015251889e-05,0.00015234210540467487,0.0
14392,adam,3.445406549794293e-05,0.00015293867434949384,0.0
14393,adam,3.44511705659834e-05,0.00015243472882917695,0.0
14394,adam,3.444828722604933e-05,0.00015165222550983054,0.0
14395,adam,3.444543996420774e-05,0.0001519487885463624,0.0
14396,adam,3.4442570312145254e-05,0.0001533123382933551,0.0
14397,adam,3.443962450595525e-05,0.0001518466842791725,0.0
14398,adam,3.443692242744026e-05,0.00015141199902906786,0.0
14399,adam,3.4433978172615905e-05,0.00015232654930935188,0.0
14400,adam,3.443130293892285e-05,0.00015296679362405556,0.0
14401,adam,3.442798202106275e-05,0.00015170697254064647,0.0
14402,adam,3.442544523322331e-05,0.00015205288493435384,0.0
14403,adam,3.442247755275411e-05,0.00015204627638463602,0.0
14404,adam,3.4419681454676586e-05,0.0001527749247649688,0.0
14405,adam,3.441703118681292e-05,0.00015185406912750793,0.0
14406,adam,3.441387638606381e-05,0.00015191878166585283,0.0
14407,adam,3.441122488137569e-05,0.0001519305328029128,0.0
14408,adam,3.440830460707138e-05,0.000152176220347042,0.0
14409,adam,3.440547306008291e-05,0.00015266982810690737,0.0
14410,adam,3.440257751631358e-05,0.00015160994626762817,0.0
14411,adam,3.439988889229118e-05,0.00015188377642589838,0.0
14412,adam,3.439704395726586e-05,0.00015246522171099983,0.0
14413,adam,3.439420436236543e-05,0.00015284262127818052,0.0
14414,adam,3.439104906767048e-05,0.0001512965694758957,0.0
14415,adam,3.43884267517458e-05,0.00015184241882478428,0.0
14416,adam,3.4385632236192724e-05,0.00015327944253362726,0.0
14417,adam,3.438278858424908e-05,0.0001518016083383249,0.0
14418,adam,3.4379659540295056e-05,0.00015129814230236606,0.0
14419,adam,3.437695098618862e-05,0.0001519954947527931,0.0
14420,adam,3.4374313921145724e-05,0.0001530998533539337,0.0
14421,adam,3.4371376740614e-05,0.00015194301706313398,0.0
14422,adam,3.436843562802789e-05,0.00015136072847098586,0.0
14423,adam,3.436574153667423e-05,0.00015179302473670813,0.0
14424,adam,3.436286746160957e-05,0.00015329372563859355,0.0
14425,adam,3.4359998561530854e-05,0.0001519341257987022,0.0
14426,adam,3.435715864615403e-05,0.00015148245308146296,0.0
14427,adam,3.435451587473253e-05,0.00015201380250022192,0.0
14428,adam,3.435176786652282e-05,0.00015252357432076502,0.0
14429,adam,3.4348780039686696e-05,0.00015179084393873097,0.0
14430,adam,3.434606871355313e-05,0.00015148663561141468,0.0
14431,adam,3.434328364612321e-05,0.00015211162951441257,0.0
14432,adam,3.4340455743043164e-05,0.00015235335062517373,0.0
14433,adam,3.433778919020881e-05,0.00015171417722125723,0.0
14434,adam,3.433464376221615e-05,0.0001512668831766164,0.0
14435,adam,3.433206960663939e-05,0.000152375364759674,0.0
14436,adam,3.4329162885645486e-05,0.00015223016519125884,0.0
14437,adam,3.432656074415283e-05,0.000151762003870317,0.0
14438,adam,3.432344378501731e-05,0.00015144905591317828,0.0
14439,adam,3.432061136541489e-05,0.0001517741853816992,0.0
14440,adam,3.431787751149344e-05,0.0001530108839349721,0.0
14441,adam,3.431526651928764e-05,0.00015195083505279021,0.0
14442,adam,3.431235833895765e-05,0.00015113161260354245,0.0
14443,adam,3.430944586503791e-05,0.00015168192929630684,0.0
14444,adam,3.4306724870747526e-05,0.00015271910989391894,0.0
14445,adam,3.430393852414455e-05,0.00015170543593439562,0.0
14446,adam,3.430110170254856e-05,0.00015132075341965846,0.0
14447,adam,3.429813215282501e-05,0.00015164254480186875,0.0
14448,adam,3.429566909832379e-05,0.00015257107829860222,0.0
14449,adam,3.42927101476447e-05,0.00015178571245245091,0.0
14450,adam,3.428978029030264e-05,0.0001514629036280025,0.0
14451,adam,3.428713216629257e-05,0.00015166064883005936,0.0
14452,adam,3.428427570010632e-05,0.00015199941937438113,0.0
14453,adam,3.42816401941379e-05,0.00015195059579701712,0.0
14454,adam,3.427885006553227e-05,0.00015179237022657405,0.0
14455,adam,3.4276030382919727e-05,0.00015143683536670386,0.0
14456,adam,3.4273201324607554e-05,0.00015175090355884504,0.0
14457,adam,3.4270563765339996e-05,0.00015159773554124584,0.0
14458,adam,3.426761502320163e-05,0.0001520039423861729,0.0
14459,adam,3.4264919257286674e-05,0.00015181453484999614,0.0
14460,adam,3.426207202517667e-05,0.00015212173928037112,0.0
14461,adam,3.425935883206057e-05,0.00015119756099534547,0.0
14462,adam,3.4256644303204246e-05,0.0001521610713748668,0.0
14463,adam,3.4253803295119346e-05,0.00015265759403703966,0.0
14464,adam,3.425109611088465e-05,0.00015198977534689153,0.0
14465,adam,3.424819414277229e-05,0.0001510544408420791,0.0
14466,adam,3.4245528162665914e-05,0.0001520097264669822,0.0
14467,adam,3.424278877766431e-05,0.0001524633123934516,0.0
14468,adam,3.4240040626477576e-05,0.00015166214371418674,0.0
14469,adam,3.4237391243288666e-05,0.00015105858028760473,0.0
14470,adam,3.4234499730717674e-05,0.00015173351970615613,0.0
14471,adam,3.42316396573288e-05,0.00015221641704179877,0.0
14472,adam,3.42288910849909e-05,0.0001515863703661341,0.0
14473,adam,3.422629541713434e-05,0.00015112540726953805,0.0
14474,adam,3.422345166397997e-05,0.00015154671372434662,0.0
14475,adam,3.42207706173093e-05,0.00015320108202051413,0.0
14476,adam,3.421792115663238e-05,0.0001516805198261434,0.0
14477,adam,3.421518565312884e-05,0.00015098127961148244,0.0
14478,adam,3.421225402378855e-05,0.00015118114719031263,0.0
14479,adam,3.4209638551795964e-05,0.00015265993067504542,0.0
14480,adam,3.4206999866051924e-05,0.00015152138190326628,0.0
14481,adam,3.420424505554767e-05,0.00015122210425395663,0.0
14482,adam,3.420145691525065e-05,0.00015118534604628827,0.0
14483,adam,3.4198731091239706e-05,0.0001521949600386145,0.0
14484,adam,3.4196088859344846e-05,0.00015200391355729364,0.0
14485,adam,3.419336155752151e-05,0.0001509118640560672,0.0
14486,adam,3.419051347042114e-05,0.00015176694003981117,0.0
14487,adam,3.418783158854969e-05,0.00015205986833962141,0.0
14488,adam,3.418510598374173e-05,0.00015161932128251868,0.0
14489,adam,3.418213680098608e-05,0.00015124999940604038,0.0
14490,adam,3.41794113115036e-05,0.00015119924836016268,0.0
14491,adam,3.41768071946132e-05,0.00015162988657528925,0.0
14492,adam,3.417399949242821e-05,0.00015230770874184285,0.0
14493,adam,3.417121085156896e-05,0.00015168644130972742,0.0
14494,adam,3.416854979532952e-05,0.00015094974255656332,0.0
14495,adam,3.416612853027526e-05,0.00015111469437347304,0.0
14496,adam,3.416306553347907e-05,0.0001529575119148397,0.0
14497,adam,3.4160570379892736e-05,0.00015210876772513133,0.0
14498,adam,3.4157740431847466e-05,0.00015122439155001215,0.0
14499,adam,3.415494800770031e-05,0.00015080542743131105,0.0
14500,adam,3.415227656151682e-05,0.0001519805804112669,0.0
14501,adam,3.41494328951796e-05,0.00015250066160749475,0.0
14502,adam,3.414699620324656e-05,0.0001514984330956681,0.0
14503,adam,3.41440665464287e-05,0.00015066666894980965,0.0
14504,adam,3.414140451365849e-05,0.00015155398520707287,0.0
14505,adam,3.413873336244874e-05,0.00015272624744566682,0.0
14506,adam,3.413576324119252e-05,0.00015180224885146066,0.0
14507,adam,3.413321611077949e-05,0.00015104012653017533,0.0
14508,adam,3.4130577905178546e-05,0.00015122046976110456,0.0
14509,adam,3.412776651430158e-05,0.00015268935108308197,0.0
14510,adam,3.412512692487733e-05,0.00015157498401128128,0.0
14511,adam,3.4122251996400644e-05,0.0001507556733935865,0.0
14512,adam,3.411987683852509e-05,0.0001511676200751778,0.0
14513,adam,3.411693134613277e-05,0.00015232924051218285,0.0
14514,adam,3.411411349584682e-05,0.00015199597782735512,0.0
14515,adam,3.4111575765125246e-05,0.00015111338178713807,0.0
14516,adam,3.410872703726998e-05,0.0001507639344790489,0.0
14517,adam,3.4106118877102174e-05,0.0001514906083333912,0.0
14518,adam,3.410335660009241e-05,0.00015310251589880334,0.0
14519,adam,3.410079818707292e-05,0.00015092273341718617,0.0
14520,adam,3.4098038436427826e-05,0.00015074529134981524,0.0
14521,adam,3.409543619592428e-05,0.00015165488256725136,0.0
14522,adam,3.4092768631572904e-05,0.00015193684838190558,0.0
14523,adam,3.4089955873801205e-05,0.00015129740134685272,0.0
14524,adam,3.408720149984795e-05,0.000150868792841304,0.0
14525,adam,3.408459073635215e-05,0.00015123342382319512,0.0
14526,adam,3.408177773030529e-05,0.0001519018132668351,0.0
14527,adam,3.4079220377564704e-05,0.0001515014881403028,0.0
14528,adam,3.407660557491409e-05,0.00015092812811809514,0.0
14529,adam,3.4073818363173394e-05,0.00015088228698139058,0.0
14530,adam,3.40710970201696e-05,0.00015183545209176248,0.0
14531,adam,3.406848114839036e-05,0.0001516513357929273,0.0
14532,adam,3.406575505352082e-05,0.00015124642705708133,0.0
14533,adam,3.406320136026073e-05,0.00015113962219891577,0.0
14534,adam,3.406039213606888e-05,0.00015131098192082892,0.0
14535,adam,3.405777239429279e-05,0.00015085778439279769,0.0
14536,adam,3.405501739250592e-05,0.00015092462964843716,0.0
14537,adam,3.405238747463333e-05,0.00015240504969116602,0.0
14538,adam,3.4049743287580857e-05,0.0001515007369954544,0.0
14539,adam,3.40470533453925e-05,0.0001507572335316732,0.0
14540,adam,3.404436204047123e-05,0.00015128608295339842,0.0
14541,adam,3.404153655136568e-05,0.00015165797143202816,0.0
14542,adam,3.403902684588809e-05,0.00015158053240564283,0.0
14543,adam,3.4036267240006014e-05,0.0001510317955779005,0.0
14544,adam,3.403364802880707e-05,0.00015060139250644823,0.0
14545,adam,3.403088169626545e-05,0.00015150457392698605,0.0
14546,adam,3.402823270848034e-05,0.00015234929926188388,0.0
14547,adam,3.4025675369878336e-05,0.00015118628282702744,0.0
14548,adam,3.40228038158073e-05,0.00015072807049544296,0.0
14549,adam,3.402035807797476e-05,0.00015132898298621494,0.0
14550,adam,3.401762472679567e-05,0.0001522193598447051,0.0
14551,adam,3.401496701264592e-05,0.00015116589050007793,0.0
14552,adam,3.401225618209015e-05,0.00015060823124105782,0.0
14553,adam,3.400963251538334e-05,0.00015084402328659219,0.0
14554,adam,3.4006991236901275e-05,0.00015213178358898925,0.0
14555,adam,3.400428004140159e-05,0.00015138273749850422,0.0
14556,adam,3.4001452594169094e-05,0.0001507062453007464,0.0
14557,adam,3.3999075921602756e-05,0.00015059224840469637,0.0
14558,adam,3.399636651144502e-05,0.00015166363056343704,0.0
14559,adam,3.3993592408506525e-05,0.00015210235135200255,0.0
14560,adam,3.399105914515913e-05,0.0001507048436316597,0.0
14561,adam,3.39882723602431e-05,0.0001507590022301982,0.0
14562,adam,3.398570647083304e-05,0.0001521496345977963,0.0
14563,adam,3.3983059047239926e-05,0.00015103114958099062,0.0
14564,adam,3.398037873667758e-05,0.00015112340491089086,0.0
14565,adam,3.397779591418456e-05,0.00015081451897169194,0.0
14566,adam,3.397520299881586e-05,0.0001511651100031751,0.0
14567,adam,3.39724420514678e-05,0.00015094130983276812,0.0
14568,adam,3.396992394895745e-05,0.0001508037977671847,0.0
14569,adam,3.396734487322435e-05,0.00015106008314603295,0.0
14570,adam,3.396437065811194e-05,0.00015127743369845945,0.0
14571,adam,3.396164914965333e-05,0.00015065044644085456,0.0
14572,adam,3.395918614763285e-05,0.0001512941763696969,0.0
14573,adam,3.3956438019463905e-05,0.00015101869474368987,0.0
14574,adam,3.395387395796698e-05,0.00015120271611938845,0.0
14575,adam,3.395124610258974e-05,0.00015111090125938993,0.0
14576,adam,3.3948729675644363e-05,0.0001511670359127292,0.0
14577,adam,3.394626749341513e-05,0.00015078564402531814,0.0
14578,adam,3.3943338771672997e-05,0.00015091608768877108,0.0
14579,adam,3.3940704467414555e-05,0.00015067281267288328,0.0
14580,adam,3.393788519239201e-05,0.00015129070063112015,0.0
14581,adam,3.3935440599808014e-05,0.00015180274245280435,0.0
14582,adam,3.393285533948308e-05,0.0001505748945238119,0.0
14583,adam,3.393023542703111e-05,0.0001504583210299983,0.0
14584,adam,3.39276525452157e-05,0.00015153387366838097,0.0
14585,adam,3.3924960380917854e-05,0.00015199085338999974,0.0
14586,adam,3.3922179782038586e-05,0.00015066624212231147,0.0
14587,adam,3.3919739810644385e-05,0.00015039338006371763,0.0
14588,adam,3.391708119296153e-05,0.00015193758056113404,0.0
14589,adam,3.3914338338872206e-05,0.00015105059379390227,0.0
14590,adam,3.391174340910296e-05,0.00015047900721988297,0.0
14591,adam,3.390901768235531e-05,0.00015067101727249838,0.0
14592,adam,3.390656340539368e-05,0.000151388786689481,0.0
14593,adam,3.390395777818206e-05,0.00015111106979605234,0.0
14594,adam,3.39012355701854e-05,0.00015070767370199757,0.0
14595,adam,3.3898813832800704e-05,0.00015074237814701401,0.0
14596,adam,3.389595401326719e-05,0.0001514942285644132,0.0
14597,adam,3.389351531469166e-05,0.00015109904109814057,0.0
14598,adam,3.38908096464497e-05,0.00015029277643724656,0.0
14599,adam,3.388806726831174e-05,0.0001508842200171776,0.0
14600,adam,3.388549880331377e-05,0.0001512576580394223,0.0
14601,adam,3.388300379597254e-05,0.00015138141491665558,0.0
14602,adam,3.3880431077334033e-05,0.00015043963102317454,0.0
14603,adam,3.38778032096571e-05,0.0001505933655784086,0.0
14604,adam,3.387512074051898e-05,0.0001521720615118549,0.0
14605,adam,3.387245075688073e-05,0.00015103119939783972,0.0
14606,adam,3.386989650358316e-05,0.0001505081157100791,0.0
14607,adam,3.3867254810855514e-05,0.00015082829655807168,0.0
14608,adam,3.386466354823782e-05,0.00015155524465727905,0.0
14609,adam,3.3862093413575156e-05,0.00015110674796270327,0.0
14610,adam,3.385951027896676e-05,0.00015043474868309207,0.0
14611,adam,3.385675047425084e-05,0.00015029661034189433,0.0
14612,adam,3.385422344495362e-05,0.00015217586003904603,0.0
14613,adam,3.3851711949236e-05,0.0001521209939824727,0.0
14614,adam,3.3849193119861344e-05,0.00015052786478165638,0.0
14615,adam,3.384666938375688e-05,0.00015022319729839697,0.0
14616,adam,3.384396516846992e-05,0.00015139161576080247,0.0
14617,adam,3.384131445693693e-05,0.00015305930567479942,0.0
14618,adam,3.383879581881259e-05,0.00015034246776868816,0.0
14619,adam,3.383605463940771e-05,0.00015002871690339783,0.0
14620,adam,3.383355397374611e-05,0.00015154027244644234,0.0
14621,adam,3.383106662767703e-05,0.00015179307146415765,0.0
14622,adam,3.382833717852222e-05,0.00015070692873277918,0.0
14623,adam,3.3825806547399644e-05,0.0001501928481874743,0.0
14624,adam,3.382313607061137e-05,0.0001508201789636616,0.0
14625,adam,3.382034859341296e-05,0.0001532577800926299,0.0
14626,adam,3.38180276041995e-05,0.0001508520233413601,0.0
14627,adam,3.381530807884984e-05,0.00015021132485551353,0.0
14628,adam,3.3812951770268034e-05,0.00015066789728315424,0.0
14629,adam,3.381022757820661e-05,0.0001521812794432575,0.0
14630,adam,3.380749219315388e-05,0.00015050896978176945,0.0
14631,adam,3.3805017146408146e-05,0.00015015592673734093,0.0
14632,adam,3.3802447498288404e-05,0.00015073320607885977,0.0
14633,adam,3.379998706677569e-05,0.00015169578698368403,0.0
14634,adam,3.3796994930630687e-05,0.00015031608153918814,0.0
14635,adam,3.379452563207746e-05,0.00015013690131276543,0.0
14636,adam,3.379204059048088e-05,0.00015152646456868297,0.0
14637,adam,3.378940624885042e-05,0.00015239654956248957,0.0
14638,adam,3.37868642383433e-05,0.00015033538485736836,0.0
14639,adam,3.378402644925423e-05,0.00015012307463460308,0.0
14640,adam,3.3781701347099606e-05,0.00015096049593180455,0.0
14641,adam,3.377907231084911e-05,0.00015251775372806641,0.0
14642,adam,3.377639012035743e-05,0.00015075730094952098,0.0
14643,adam,3.377403628043798e-05,0.00014998881798915204,0.0
14644,adam,3.377142049593949e-05,0.00015045007106934667,0.0
14645,adam,3.3768964577974486e-05,0.0001523724211598703,0.0
14646,adam,3.3766190353869564e-05,0.00015081215935427156,0.0
14647,adam,3.3763595392836855e-05,0.00014998129518822744,0.0
14648,adam,3.3761039275604684e-05,0.0001507368273123257,0.0
14649,adam,3.3758504848015495e-05,0.00015153374938650142,0.0
14650,adam,3.375586296682058e-05,0.00015097562732634722,0.0
14651,adam,3.375334944475788e-05,0.00015006620973190022,0.0
14652,adam,3.37508966179419e-05,0.00015073752957185275,0.0
14653,adam,3.37481840496194e-05,0.0001514440518453132,0.0
14654,adam,3.374561513384612e-05,0.00015044190128003643,0.0
14655,adam,3.3742867911489154e-05,0.00015029458872766114,0.0
14656,adam,3.374049773495572e-05,0.00015124162729912116,0.0
14657,adam,3.373806948078699e-05,0.00015037589989327303,0.0
14658,adam,3.373540882453741e-05,0.00015059706773864754,0.0
14659,adam,3.3732635126397975e-05,0.00015047558039913287,0.0
14660,adam,3.373019722967576e-05,0.00015100803851474616,0.0
14661,adam,3.372768907696004e-05,0.00015057514565998493,0.0
14662,adam,3.372523763048965e-05,0.00015035198003321478,0.0
14663,adam,3.37225109958783e-05,0.000150602512300558,0.0
14664,adam,3.371993549030649e-05,0.00015071133923581423,0.0
14665,adam,3.3717304528346214e-05,0.00015065546187785142,0.0
14666,adam,3.371472084840374e-05,0.0001501777302101234,0.0
14667,adam,3.3712201824203446e-05,0.00015076283706205132,0.0
14668,adam,3.370970632246362e-05,0.000151129429708115,0.0
14669,adam,3.370711688278768e-05,0.00015049491073437066,0.0
14670,adam,3.370446078071954e-05,0.0001502059491225562,0.0
14671,adam,3.37021011848256e-05,0.00015069364810041657,0.0
14672,adam,3.369943100459223e-05,0.00015061121843733548,0.0
14673,adam,3.3696938353830365e-05,0.00015118227283827365,0.0
14674,adam,3.369435970822382e-05,0.00015044314802539454,0.0
14675,adam,3.369177357634421e-05,0.0001500717538364243,0.0
14676,adam,3.368936678094559e-05,0.00015068136325614722,0.0
14677,adam,3.3686614734298366e-05,0.00015056461092951718,0.0
14678,adam,3.36842290845158e-05,0.00015116654567081736,0.0
14679,adam,3.36815360615085e-05,0.00015025002712891543,0.0
14680,adam,3.3679012619549706e-05,0.00015033644719559188,0.0
14681,adam,3.367653504478186e-05,0.00015059588628621166,0.0
14682,adam,3.367392575164857e-05,0.00015050799034176693,0.0
14683,adam,3.3671293324407633e-05,0.00015037465298267576,0.0
14684,adam,3.36689380388574e-05,0.00015117600337578914,0.0
14685,adam,3.366631484650612e-05,0.00015038714506793302,0.0
14686,adam,3.366348082537411e-05,0.00015014532848235996,0.0
14687,adam,3.366091612103899e-05,0.00015042160150278535,0.0
14688,adam,3.365860088542145e-05,0.00015076460633059381,0.0
14689,adam,3.3655935516412176e-05,0.00015072878932490758,0.0
14690,adam,3.365345210522607e-05,0.00015029142394204191,0.0
14691,adam,3.365085886764535e-05,0.00015037833015533772,0.0
14692,adam,3.3648583741384535e-05,0.00015029428285019466,0.0
14693,adam,3.364597237996376e-05,0.00015027431445265946,0.0
14694,adam,3.364320761165247e-05,0.00015010535207678332,0.0
14695,adam,3.364071993966054e-05,0.00015093125563023127,0.0
14696,adam,3.3638018058941026e-05,0.00015041949290070498,0.0
14697,adam,3.363567930422413e-05,0.0001506646314831051,0.0
14698,adam,3.3633026182896e-05,0.0001502200823542997,0.0
14699,adam,3.363069788511309e-05,0.00015019857285824515,0.0
14700,adam,3.362792223901521e-05,0.00015036677291066305,0.0
14701,adam,3.362560454655592e-05,0.00015054823050429672,0.0
14702,adam,3.3622911302765276e-05,0.0001505752828657517,0.0
14703,adam,3.36202707040052e-05,0.00015073458812143762,0.0
14704,adam,3.361792734490929e-05,0.00015003641657758434,0.0
14705,adam,3.361523406072171e-05,0.0001503535427576782,0.0
14706,adam,3.3612800458685625e-05,0.00015049858753246297,0.0
14707,adam,3.3610199699986784e-05,0.00015065100672249538,0.0
14708,adam,3.360777639368336e-05,0.00015036463687928428,0.0
14709,adam,3.3605026487106495e-05,0.00015014396611301767,0.0
14710,adam,3.3602439735973845e-05,0.00014994448916463233,0.0
14711,adam,3.3600128690846286e-05,0.00015021772263584533,0.0
14712,adam,3.359756163132444e-05,0.00015064585456649217,0.0
14713,adam,3.359498959687903e-05,0.00015091281406383187,0.0
14714,adam,3.359255023166878e-05,0.00014985858103117893,0.0
14715,adam,3.358970579186592e-05,0.00014987924660276938,0.0
14716,adam,3.358728930412615e-05,0.00015033180384904898,0.0
14717,adam,3.358470862577883e-05,0.0001510058320996512,0.0
14718,adam,3.358229874636388e-05,0.0001509160434357036,0.0
14719,adam,3.3579567220665496e-05,0.0001496746660455068,0.0
14720,adam,3.3577099774760625e-05,0.00014960180061640604,0.0
14721,adam,3.35746671802399e-05,0.0001512469289908331,0.0
14722,adam,3.3572119274351e-05,0.00015183040024529783,0.0
14723,adam,3.356955126216644e-05,0.00014996020488691338,0.0
14724,adam,3.3567169044621494e-05,0.0001496992212296325,0.0
14725,adam,3.3564560950678566e-05,0.00014987545446845522,0.0
14726,adam,3.3561941980683505e-05,0.00015085947407605845,0.0
14727,adam,3.3559453831562345e-05,0.00015141168874997573,0.0
14728,adam,3.355711844857018e-05,0.00014959643079453806,0.0
14729,adam,3.355433610200495e-05,0.00014973237501360393,0.0
14730,adam,3.355185751821508e-05,0.00015061271502883668,0.0
14731,adam,3.354913080648396e-05,0.00015053104842954553,0.0
14732,adam,3.35467277398454e-05,0.00015087679631629438,0.0
14733,adam,3.354415582726884e-05,0.00014980563381975117,0.0
14734,adam,3.354184578104025e-05,0.00014974648779347204,0.0
14735,adam,3.3539182609365826e-05,0.00015047796219254384,0.0
14736,adam,3.353668615796666e-05,0.0001516068011215547,0.0
14737,adam,3.3534095605171845e-05,0.00014995161823087492,0.0
14738,adam,3.353162083014004e-05,0.00014931769588528784,0.0
14739,adam,3.352900496367198e-05,0.00015009391317121666,0.0
14740,adam,3.352635727154323e-05,0.0001517480147582366,0.0
14741,adam,3.352406531815049e-05,0.00015043718543169304,0.0
14742,adam,3.352148372856661e-05,0.00014954167588827514,0.0
14743,adam,3.351896167306358e-05,0.00014984847890081273,0.0
14744,adam,3.3516638867972626e-05,0.00015082049309245063,0.0
14745,adam,3.351395063717653e-05,0.0001513496708901116,0.0
14746,adam,3.351146044654933e-05,0.0001495889386046068,0.0
14747,adam,3.350879898977361e-05,0.00014971103845130693,0.0
14748,adam,3.350636848957357e-05,0.0001511606091758735,0.0
14749,adam,3.3503937730153436e-05,0.0001500177315972933,0.0
14750,adam,3.3501354758426916e-05,0.00014967008143624254,0.0
14751,adam,3.349876894906296e-05,0.00014988102786166614,0.0
14752,adam,3.3496308121893416e-05,0.00015032997881075425,0.0
14753,adam,3.349373021873185e-05,0.00015030814903434786,0.0
14754,adam,3.349128039661973e-05,0.00015040714616544013,0.0
14755,adam,3.348877986285759e-05,0.0001499774166899456,0.0
14756,adam,3.34861685671575e-05,0.00014985085692939052,0.0
14757,adam,3.348366680790032e-05,0.00015053148043202248,0.0
14758,adam,3.34813252051879e-05,0.000150094836459601,0.0
14759,adam,3.347861025991275e-05,0.00014997653776257347,0.0
14760,adam,3.347618339166763e-05,0.00014983497707061032,0.0
14761,adam,3.3473340053429205e-05,0.00015040386137496565,0.0
14762,adam,3.34710295452529e-05,0.00015006822277106163,0.0
14763,adam,3.3468332319980194e-05,0.00014961785591790185,0.0
14764,adam,3.346596629099662e-05,0.00015022347683506525,0.0
14765,adam,3.346349722837809e-05,0.00015042222767765474,0.0
14766,adam,3.34610006359981e-05,0.00015019221000560086,0.0
14767,adam,3.3458310307434334e-05,0.000149579477190237,0.0
14768,adam,3.345593084911303e-05,0.00014972367732529363,0.0
14769,adam,3.345341627799224e-05,0.0001506230927037275,0.0
14770,adam,3.345086546302776e-05,0.00015003810813861792,0.0
14771,adam,3.344834758553945e-05,0.00014955652185288617,0.0
14772,adam,3.3445757729510866e-05,0.0001500241235952579,0.0
14773,adam,3.344352733640896e-05,0.00015049737027201697,0.0
14774,adam,3.344092822862583e-05,0.0001500145747608448,0.0
14775,adam,3.3438193222743104e-05,0.00014975096991255306,0.0
14776,adam,3.3435695280054736e-05,0.00014975555732542976,0.0
14777,adam,3.343332525224053e-05,0.00015039099210196203,0.0
14778,adam,3.343055538892243e-05,0.00015017508144303806,0.0
14779,adam,3.3428097889397915e-05,0.00014998700470297694,0.0
14780,adam,3.3425642836346944e-05,0.00015029834998258218,0.0
14781,adam,3.34231773678044e-05,0.000149361874157092,0.0
14782,adam,3.342065720602128e-05,0.00014955651975621904,0.0
14783,adam,3.3418227446063134e-05,0.0001506528648826517,0.0
14784,adam,3.3415636307499005e-05,0.0001505810202758995,0.0
14785,adam,3.341307432586415e-05,0.00014957895280670044,0.0
14786,adam,3.341038069674146e-05,0.000149625749933245,0.0
14787,adam,3.3408087405599505e-05,0.00014979687199240659,0.0
14788,adam,3.3405315067958996e-05,0.00015068027771114722,0.0
14789,adam,3.340298554997675e-05,0.00015023430211038937,0.0
14790,adam,3.3400557832462126e-05,0.00014962407697945244,0.0
14791,adam,3.339788939869249e-05,0.0001496239542401528,0.0
14792,adam,3.339559467175502e-05,0.00014984136506917157,0.0
14793,adam,3.339292978910703e-05,0.00015045220856216065,0.0
14794,adam,3.3390510990860564e-05,0.00014977416775613082,0.0
14795,adam,3.338794851880863e-05,0.0001494859233931564,0.0
14796,adam,3.3385369272498816e-05,0.00015005081432470377,0.0
14797,adam,3.3383006399864514e-05,0.00015037206754976427,0.0
14798,adam,3.3380308545554106e-05,0.000149454860647817,0.0
14799,adam,3.33777472915743e-05,0.00014945684540984157,0.0
14800,adam,3.3375309189212066e-05,0.0001497243280100323,0.0
14801,adam,3.337271630245311e-05,0.00015062196128874157,0.0
14802,adam,3.33703232145812e-05,0.00015001763602727868,0.0
14803,adam,3.3367789074685124e-05,0.00014955943081417205,0.0
14804,adam,3.336522012681847e-05,0.00014956568792275177,0.0
14805,adam,3.33628675650407e-05,0.00014970112366622995,0.0
14806,adam,3.3360410334005997e-05,0.00015016171997444183,0.0
14807,adam,3.3357609984466555e-05,0.00015047858145456156,0.0
14808,adam,3.33553213320596e-05,0.0001495848307900437,0.0
14809,adam,3.335271967350177e-05,0.00014949503890530688,0.0
14810,adam,3.335022866042578e-05,0.00014955240304067007,0.0
14811,adam,3.3347746507880594e-05,0.0001497645065463675,0.0
14812,adam,3.334512012656161e-05,0.00015012209359212332,0.0
14813,adam,3.3342718609672866e-05,0.00014999035728364282,0.0
14814,adam,3.33401545446629e-05,0.00014954655659642162,0.0
14815,adam,3.333761169017836e-05,0.00014969844691887517,0.0
14816,adam,3.333502489404825e-05,0.0001497875444757546,0.0
14817,adam,3.3332620970313024e-05,0.00014965379643094737,0.0
14818,adam,3.3330125153209486e-05,0.00014995018100905671,0.0
14819,adam,3.3327564137465245e-05,0.00014969549593176412,0.0
14820,adam,3.332495401653345e-05,0.00014955681739623055,0.0
14821,adam,3.3322585396683985e-05,0.00014982096752431332,0.0
14822,adam,3.331984210024067e-05,0.00014967463155687256,0.0
14823,adam,3.33175460774837e-05,0.00014966834140159508,0.0
14824,adam,3.3315106126402454e-05,0.0001497843456651578,0.0
14825,adam,3.331259548842994e-05,0.00015005060724510995,0.0
14826,adam,3.3310076285807516e-05,0.00014948168817996446,0.0
14827,adam,3.330755173648198e-05,0.00014959288084839971,0.0
14828,adam,3.3304915211980764e-05,0.00014962431412629274,0.0
14829,adam,3.3302425168405407e-05,0.0001500637907862887,0.0
14830,adam,3.329990039214337e-05,0.0001492464496420137,0.0
14831,adam,3.3297408030178347e-05,0.00014993407275231768,0.0
14832,adam,3.3294889613254803e-05,0.00014992565422960338,0.0
14833,adam,3.329224803607872e-05,0.0001494006334394205,0.0
14834,adam,3.328980317751601e-05,0.00014945671352699228,0.0
14835,adam,3.328723883902371e-05,0.0001496348443619734,0.0
14836,adam,3.328486950374871e-05,0.00014975840011102919,0.0
14837,adam,3.328214624512564e-05,0.00014987605062878533,0.0
14838,adam,3.327978751396183e-05,0.00014960595933412072,0.0
14839,adam,3.3277211113426796e-05,0.00014957940617393327,0.0
14840,adam,3.327473834136451e-05,0.00014921895105884586,0.0
14841,adam,3.3272088862910034e-05,0.0001500685323430286,0.0
14842,adam,3.326973554268894e-05,0.00015015713967514042,0.0
14843,adam,3.3267051569210834e-05,0.00014938484286761998,0.0
14844,adam,3.326444024487383e-05,0.00014960173670969555,0.0
14845,adam,3.326210206100565e-05,0.00014949281600284495,0.0
14846,adam,3.325963243228746e-05,0.00014941512183885088,0.0
14847,adam,3.325698894852751e-05,0.00014958765112634443,0.0
14848,adam,3.3254562137108174e-05,0.00015017638839124966,0.0
14849,adam,3.325209368614428e-05,0.00014948103797218922,0.0
14850,adam,3.324946104707028e-05,0.00014903608316364257,0.0
14851,adam,3.324693778130948e-05,0.0001498785826722713,0.0
14852,adam,3.324452772337136e-05,0.00014970241068489913,0.0
14853,adam,3.3241834599387826e-05,0.0001499023900292879,0.0
14854,adam,3.32393205691785e-05,0.0001492982856856644,0.0
14855,adam,3.323695769771819e-05,0.00014962324069742362,0.0
14856,adam,3.3234266491683986e-05,0.00014949111307639216,0.0
14857,adam,3.3231870499950986e-05,0.0001501946139520606,0.0
14858,adam,3.3229342544831086e-05,0.00014963831358177758,0.0
14859,adam,3.3226569661970356e-05,0.00014910856576629786,0.0
14860,adam,3.322434145289739e-05,0.00014991378863384556,0.0
14861,adam,3.3221891577190764e-05,0.00014959602655791417,0.0
14862,adam,3.321921533814408e-05,0.00014909390425691017,0.0
14863,adam,3.321673010643966e-05,0.00014938996632423706,0.0
14864,adam,3.321422079941417e-05,0.00015003289913781198,0.0
14865,adam,3.321175411025688e-05,0.00015008806931200648,0.0
14866,adam,3.320911848726247e-05,0.00014929227422494208,0.0
14867,adam,3.320642260385108e-05,0.00014895929624554458,0.0
14868,adam,3.320408613515684e-05,0.00015034851794449487,0.0
14869,adam,3.3201564830835216e-05,0.00015067663508355964,0.0
14870,adam,3.319902491420518e-05,0.00014929710248493485,0.0
14871,adam,3.31967965113695e-05,0.0001489286865904366,0.0
14872,adam,3.319411894090227e-05,0.000149406350755326,0.0
14873,adam,3.3191461061253515e-05,0.00015075144813810052,0.0
14874,adam,3.3188938249877295e-05,0.0001494833382806035,0.0
14875,adam,3.318639911267808e-05,0.00014877142493677169,0.0
14876,adam,3.318397697319342e-05,0.00015016376587620496,0.0
14877,adam,3.318147654471011e-05,0.0001498124186164713,0.0
14878,adam,3.317901849789601e-05,0.00014930434043099885,0.0
14879,adam,3.317646822379152e-05,0.0001488579228719113,0.0
14880,adam,3.3173777369709025e-05,0.0001495250460765131,0.0
14881,adam,3.31712991669627e-05,0.0001505326155797202,0.0
14882,adam,3.316898430677223e-05,0.00014981124927184662,0.0
14883,adam,3.3166145315781313e-05,0.00014866934718523096,0.0
14884,adam,3.3163799030878904e-05,0.00014935387892764807,0.0
14885,adam,3.316110865809886e-05,0.00015056702551041162,0.0
14886,adam,3.3158745806995626e-05,0.00015011656379192712,0.0
14887,adam,3.31560793941573e-05,0.00014884110171305137,0.0
14888,adam,3.315360271774889e-05,0.00014898922757866862,0.0
14889,adam,3.3151095768108174e-05,0.0001496226151218816,0.0
14890,adam,3.314865173697619e-05,0.00014991178666000723,0.0
14891,adam,3.3145939485896687e-05,0.00014939146849372615,0.0
14892,adam,3.314355996993882e-05,0.00014864319434456844,0.0
14893,adam,3.314100468782833e-05,0.00014978875037264633,0.0
14894,adam,3.3138494631968095e-05,0.00014980601881728575,0.0
14895,adam,3.3135903053139544e-05,0.0001492493577937266,0.0
14896,adam,3.3133299002791e-05,0.0001490804341012393,0.0
14897,adam,3.313079761666586e-05,0.00014911902187728727,0.0
14898,adam,3.312809849575776e-05,0.00014936534111012804,0.0
14899,adam,3.3125767670390796e-05,0.00014972262650170582,0.0
14900,adam,3.3123255037204376e-05,0.00014981173374978076,0.0
14901,adam,3.3120541856952646e-05,0.00014899235325778002,0.0
14902,adam,3.311825583082993e-05,0.00014902161739053642,0.0
14903,adam,3.311544252062521e-05,0.00014928166987666374,0.0
14904,adam,3.311308101723517e-05,0.0001497767784951505,0.0
14905,adam,3.31105885683754e-05,0.00014980325347803807,0.0
14906,adam,3.3108152308427584e-05,0.00014870665478913719,0.0
14907,adam,3.310546061573386e-05,0.0001486446635205958,0.0
14908,adam,3.31028813717718e-05,0.00014997732275669903,0.0
14909,adam,3.310037676837522e-05,0.00014962748234106002,0.0
14910,adam,3.3097791547288745e-05,0.0001488080686346782,0.0
14911,adam,3.309529010684674e-05,0.00014927937487491235,0.0
14912,adam,3.309261114020787e-05,0.0001493105927276727,0.0
14913,adam,3.309017269841119e-05,0.0001491649447697555,0.0
14914,adam,3.308771460207825e-05,0.0001491079256127403,0.0
14915,adam,3.308514005370752e-05,0.00014951385058060878,0.0
14916,adam,3.308282577805117e-05,0.00014976543887844636,0.0
14917,adam,3.307984502580589e-05,0.00014865014810447262,0.0
14918,adam,3.307752977727502e-05,0.00014879744983200202,0.0
14919,adam,3.3075102285699175e-05,0.00014979050115587164,0.0
14920,adam,3.3072378163526804e-05,0.0001494736780600581,0.0
14921,adam,3.306988302484084e-05,0.0001487727371052174,0.0
14922,adam,3.306723475732571e-05,0.0001489026786729134,0.0
14923,adam,3.306494579833232e-05,0.00014954702782887932,0.0
14924,adam,3.306207717963297e-05,0.00014947466276694953,0.0
14925,adam,3.3059693025713635e-05,0.00014867004660511777,0.0
14926,adam,3.305715909705433e-05,0.00014932408319894838,0.0
14927,adam,3.305456011311224e-05,0.00014989745672078076,0.0
14928,adam,3.3052234278243616e-05,0.00014891533379157455,0.0
14929,adam,3.304976444717375e-05,0.00014866928874160849,0.0
14930,adam,3.3046959271780196e-05,0.0001497358492713454,0.0
14931,adam,3.304445088692054e-05,0.00014979890039273553,0.0
14932,adam,3.304196629649206e-05,0.0001487293459902443,0.0
14933,adam,3.303944536597413e-05,0.00014880879223541177,0.0
14934,adam,3.303679761012367e-05,0.00014911900974654804,0.0
14935,adam,3.3034097813874726e-05,0.00014955890512520625,0.0
14936,adam,3.303158276823855e-05,0.00014929450232644456,0.0
14937,adam,3.302908556152874e-05,0.00014905620694008012,0.0
14938,adam,3.302657316741981e-05,0.00014883427888967565,0.0
14939,adam,3.302391553409542e-05,0.00014880627799382937,0.0
14940,adam,3.3021587835459665e-05,0.00014990755446968025,0.0
14941,adam,3.301881897218911e-05,0.0001488921162934284,0.0
14942,adam,3.301636597741482e-05,0.00014877551544126047,0.0
14943,adam,3.301363478323508e-05,0.0001488217774823797,0.0
14944,adam,3.301127811495532e-05,0.00014929553620841456,0.0
14945,adam,3.300862988892554e-05,0.00014904367979840384,0.0
14946,adam,3.300618501441651e-05,0.00014927390882147603,0.0
14947,adam,3.300356863484168e-05,0.00014911826149118703,0.0
14948,adam,3.300099159019025e-05,0.0001485032937172361,0.0
14949,adam,3.299829218834742e-05,0.00014957477150297313,0.0
14950,adam,3.299573737484214e-05,0.000149348567988123,0.0
14951,adam,3.29931318698816e-05,0.00014844639273318307,0.0
14952,adam,3.2990631545896363e-05,0.0001485881240398287,0.0
14953,adam,3.298807324272431e-05,0.00014967152181027087,0.0
14954,adam,3.298542506799016e-05,0.00014894686037927407,0.0
14955,adam,3.2983029773430675e-05,0.00014853409890742836,0.0
14956,adam,3.298043690069887e-05,0.00014904741699168394,0.0
14957,adam,3.297791772723937e-05,0.00014870014287269033,0.0
14958,adam,3.297519779137677e-05,0.00014933843677961215,0.0
14959,adam,3.297270548443848e-05,0.00014912178445047864,0.0
14960,adam,3.297027980600457e-05,0.00014866452693245284,0.0
14961,adam,3.296749660412986e-05,0.0001485059853592639,0.0
14962,adam,3.296502945931332e-05,0.00014988484531421522,0.0
14963,adam,3.2962461108232516e-05,0.00014860932271119694,0.0
14964,adam,3.295991430108229e-05,0.00014873753037777826,0.0
14965,adam,3.2957207077598724e-05,0.00014905934108520278,0.0
14966,adam,3.295464819659213e-05,0.00014917214145121678,0.0
14967,adam,3.295201018809598e-05,0.00014844106642248288,0.0
14968,adam,3.294956106637573e-05,0.00014886401299121188,0.0
14969,adam,3.2946922190239976e-05,0.00014923986072569014,0.0
14970,adam,3.294435339342357e-05,0.00014849113774338153,0.0
14971,adam,3.294160896021409e-05,0.00014876143394409783,0.0
14972,adam,3.293930129940451e-05,0.00014907523579906366,0.0
14973,adam,3.293657284931093e-05,0.00014853872414152973,0.0
14974,adam,3.293404565243339e-05,0.00014911031120021947,0.0
14975,adam,3.2931371721185856e-05,0.00014871166206815724,0.0
14976,adam,3.2928792863717464e-05,0.00014896530664022402,0.0
14977,adam,3.2926020689641335e-05,0.00014825747012745015,0.0
14978,adam,3.2923685970735004e-05,0.00014880567601159955,0.0
14979,adam,3.292108827929527e-05,0.00014995568190872942,0.0
14980,adam,3.291866575184825e-05,0.00014891173898615905,0.0
14981,adam,3.291587146614586e-05,0.00014816513749355402,0.0
14982,adam,3.291343297472028e-05,0.00014882912603502208,0.0
14983,adam,3.291070856521782e-05,0.00015052315629511935,0.0
14984,adam,3.2908473094981116e-05,0.00014924345076749708,0.0
14985,adam,3.290561819724508e-05,0.00014811157783275775,0.0
14986,adam,3.290282875745316e-05,0.00014819758024452753,0.0
14987,adam,3.2900309225252405e-05,0.00015026582930680984,0.0
14988,adam,3.289777061425724e-05,0.0001500181711478846,0.0
14989,adam,3.289521866943208e-05,0.00014807688318979508,0.0
14990,adam,3.289261199112306e-05,0.00014842687189859554,0.0
14991,adam,3.288995768197882e-05,0.00015034998598515068,0.0
14992,adam,3.288734110729684e-05,0.00014932437046056256,0.0
14993,adam,3.288461677033811e-05,0.00014816354650608755,0.0
14994,adam,3.28822152387889e-05,0.0001483892410410529,0.0
14995,adam,3.2879472519869025e-05,0.00014892414073791076,0.0
14996,adam,3.28770426064376e-05,0.0001492063272253136,0.0
14997,adam,3.287430051158378e-05,0.0001485379720887181,0.0
14998,adam,3.287180891626779e-05,0.0001487512305333168,0.0
14999,adam,3.286904694694181e-05,0.0001484205124393715,0.0
