section,case,kind,backend,n_qubits,n_layers,batch,n_params,seed,stage,rep,seconds
qubit_sweep,q12,hybrid,default.qubit,12,2,2540,3161,1,forward,0,3.217434000
qubit_sweep,q12,hybrid,default.qubit,12,2,2540,3161,1,forward_quantum,0,3.216470700
qubit_sweep,q12,hybrid,default.qubit,12,2,2540,3161,1,forward_classical,0,0.000963300
qubit_sweep,q8,hybrid,default.qubit,8,2,2540,2865,1,forward,0,0.120270300
qubit_sweep,q8,hybrid,default.qubit,8,2,2540,2865,1,forward_quantum,0,0.119424900
qubit_sweep,q8,hybrid,default.qubit,8,2,2540,2865,1,forward_classical,0,0.000845400
qubit_sweep,q8,hybrid,default.qubit,8,2,2540,2865,1,first_grad,0,0.337991600
qubit_sweep,q8,hybrid,default.qubit,8,2,2540,2865,1,first_grad_quantum,0,0.300933100
qubit_sweep,q8,hybrid,default.qubit,8,2,2540,2865,1,first_grad_classical,0,0.037058500
qubit_sweep,q8,hybrid,default.qubit,8,2,2540,2865,1,second_grad,0,0.787498300
qubit_sweep,q8,hybrid,default.qubit,8,2,2540,2865,1,second_grad_quantum,0,0.514032300
qubit_sweep,q8,hybrid,default.qubit,8,2,2540,2865,1,second_grad_classical,0,0.273466000
qubit_sweep,q8,hybrid,default.qubit,8,2,2540,2865,1,param_grad,0,2.247420000
qubit_sweep,q8,hybrid,default.qubit,8,2,2540,2865,1,param_grad_quantum,0,0.844869200
qubit_sweep,q8,hybrid,default.qubit,8,2,2540,2865,1,param_grad_classical,0,1.402550800
qubit_sweep,q2,hybrid,default.qubit,2,2,2540,2421,0,forward,0,0.007917500
qubit_sweep,q2,hybrid,default.qubit,2,2,2540,2421,0,forward_quantum,0,0.007011700
qubit_sweep,q2,hybrid,default.qubit,2,2,2540,2421,0,forward_classical,0,0.000905800
qubit_sweep,q2,hybrid,default.qubit,2,2,2540,2421,0,first_grad,0,0.016909400
qubit_sweep,q2,hybrid,default.qubit,2,2,2540,2421,0,first_grad_quantum,0,0.014923400
qubit_sweep,q2,hybrid,default.qubit,2,2,2540,2421,0,first_grad_classical,0,0.001986000
qubit_sweep,q2,hybrid,default.qubit,2,2,2540,2421,0,second_grad,0,0.024550800
qubit_sweep,q2,hybrid,default.qubit,2,2,2540,2421,0,second_grad_quantum,0,0.014271900
qubit_sweep,q2,hybrid,default.qubit,2,2,2540,2421,0,second_grad_classical,0,0.010278900
qubit_sweep,q2,hybrid,default.qubit,2,2,2540,2421,0,param_grad,0,0.041718500
qubit_sweep,q2,hybrid,default.qubit,2,2,2540,2421,0,param_grad_quantum,0,0.018799900
qubit_sweep,q2,hybrid,default.qubit,2,2,2540,2421,0,param_grad_classical,0,0.022918600
qubit_sweep,q10,hybrid,default.qubit,10,2,2540,3013,2,forward,0,0.674717400
qubit_sweep,q10,hybrid,default.qubit,10,2,2540,3013,2,forward_quantum,0,0.673924000
qubit_sweep,q10,hybrid,default.qubit,10,2,2540,3013,2,forward_classical,0,0.000793400
qubit_sweep,q6,hybrid,default.qubit,6,2,2540,2717,0,forward,0,0.031889900
qubit_sweep,q6,hybrid,default.qubit,6,2,2540,2717,0,forward_quantum,0,0.031141900
qubit_sweep,q6,hybrid,default.qubit,6,2,2540,2717,0,forward_classical,0,0.000748000
qubit_sweep,q6,hybrid,default.qubit,6,2,2540,2717,0,first_grad,0,0.078326500
qubit_sweep,q6,hybrid,default.qubit,6,2,2540,2717,0,first_grad_quantum,0,0.074708700
qubit_sweep,q6,hybrid,default.qubit,6,2,2540,2717,0,first_grad_classical,0,0.003617800
qubit_sweep,q6,hybrid,default.qubit,6,2,2540,2717,0,second_grad,0,0.140251200
qubit_sweep,q6,hybrid,default.qubit,6,2,2540,2717,0,second_grad_quantum,0,0.096640000
qubit_sweep,q6,hybrid,default.qubit,6,2,2540,2717,0,second_grad_classical,0,0.043611200
qubit_sweep,q6,hybrid,default.qubit,6,2,2540,2717,0,param_grad,0,0.383196500
qubit_sweep,q6,hybrid,default.qubit,6,2,2540,2717,0,param_grad_quantum,0,0.155544000
qubit_sweep,q6,hybrid,default.qubit,6,2,2540,2717,0,param_grad_classical,0,0.227652500
qubit_sweep,q8,hybrid,default.qubit,8,2,2540,2865,2,forward,0,0.121251700
qubit_sweep,q8,hybrid,default.qubit,8,2,2540,2865,2,forward_quantum,0,0.120321100
qubit_sweep,q8,hybrid,default.qubit,8,2,2540,2865,2,forward_classical,0,0.000930600
qubit_sweep,q8,hybrid,default.qubit,8,2,2540,2865,2,first_grad,0,0.338214400
qubit_sweep,q8,hybrid,default.qubit,8,2,2540,2865,2,first_grad_quantum,0,0.306499900
qubit_sweep,q8,hybrid,default.qubit,8,2,2540,2865,2,first_grad_classical,0,0.031714500
qubit_sweep,q8,hybrid,default.qubit,8,2,2540,2865,2,second_grad,0,0.789351600
qubit_sweep,q8,hybrid,default.qubit,8,2,2540,2865,2,second_grad_quantum,0,0.502656400
qubit_sweep,q8,hybrid,default.qubit,8,2,2540,2865,2,second_grad_classical,0,0.286695200
qubit_sweep,q8,hybrid,default.qubit,8,2,2540,2865,2,param_grad,0,2.219724100
qubit_sweep,q8,hybrid,default.qubit,8,2,2540,2865,2,param_grad_quantum,0,0.839511200
qubit_sweep,q8,hybrid,default.qubit,8,2,2540,2865,2,param_grad_classical,0,1.380212900
qubit_sweep,q10,hybrid,default.qubit,10,2,2540,3013,1,forward,0,0.668399200
qubit_sweep,q10,hybrid,default.qubit,10,2,2540,3013,1,forward_quantum,0,0.667446200
qubit_sweep,q10,hybrid,default.qubit,10,2,2540,3013,1,forward_classical,0,0.000953000
qubit_sweep,q8,hybrid,default.qubit,8,2,2540,2865,0,forward,0,0.124424500
qubit_sweep,q8,hybrid,default.qubit,8,2,2540,2865,0,forward_quantum,0,0.123440400
qubit_sweep,q8,hybrid,default.qubit,8,2,2540,2865,0,forward_classical,0,0.000984100
qubit_sweep,q8,hybrid,default.qubit,8,2,2540,2865,0,first_grad,0,0.332126400
qubit_sweep,q8,hybrid,default.qubit,8,2,2540,2865,0,first_grad_quantum,0,0.301482000
qubit_sweep,q8,hybrid,default.qubit,8,2,2540,2865,0,first_grad_classical,0,0.030644400
qubit_sweep,q8,hybrid,default.qubit,8,2,2540,2865,0,second_grad,0,0.779547900
qubit_sweep,q8,hybrid,default.qubit,8,2,2540,2865,0,second_grad_quantum,0,0.504236900
qubit_sweep,q8,hybrid,default.qubit,8,2,2540,2865,0,second_grad_classical,0,0.275311000
qubit_sweep,q8,hybrid,default.qubit,8,2,2540,2865,0,param_grad,0,2.250930200
qubit_sweep,q8,hybrid,default.qubit,8,2,2540,2865,0,param_grad_quantum,0,0.850513400
qubit_sweep,q8,hybrid,default.qubit,8,2,2540,2865,0,param_grad_classical,0,1.400416800
qubit_sweep,q12,hybrid,default.qubit,12,2,2540,3161,0,forward,0,3.167500600
qubit_sweep,q12,hybrid,default.qubit,12,2,2540,3161,0,forward_quantum,0,3.166541800
qubit_sweep,q12,hybrid,default.qubit,12,2,2540,3161,0,forward_classical,0,0.000958800
qubit_sweep,q12,hybrid,default.qubit,12,2,2540,3161,2,forward,0,3.167433400
qubit_sweep,q12,hybrid,default.qubit,12,2,2540,3161,2,forward_quantum,0,3.166617500
qubit_sweep,q12,hybrid,default.qubit,12,2,2540,3161,2,forward_classical,0,0.000815900
qubit_sweep,q6,hybrid,default.qubit,6,2,2540,2717,2,forward,0,0.031850900
qubit_sweep,q6,hybrid,default.qubit,6,2,2540,2717,2,forward_quantum,0,0.031083800
qubit_sweep,q6,hybrid,default.qubit,6,2,2540,2717,2,forward_classical,0,0.000767100
qubit_sweep,q6,hybrid,default.qubit,6,2,2540,2717,2,first_grad,0,0.078408600
qubit_sweep,q6,hybrid,default.qubit,6,2,2540,2717,2,first_grad_quantum,0,0.074470500
qubit_sweep,q6,hybrid,default.qubit,6,2,2540,2717,2,first_grad_classical,0,0.003938100
qubit_sweep,q6,hybrid,default.qubit,6,2,2540,2717,2,second_grad,0,0.145545000
qubit_sweep,q6,hybrid,default.qubit,6,2,2540,2717,2,second_grad_quantum,0,0.100574600
qubit_sweep,q6,hybrid,default.qubit,6,2,2540,2717,2,second_grad_classical,0,0.044970400
qubit_sweep,q6,hybrid,default.qubit,6,2,2540,2717,2,param_grad,0,0.384991200
qubit_sweep,q6,hybrid,default.qubit,6,2,2540,2717,2,param_grad_quantum,0,0.158627400
qubit_sweep,q6,hybrid,default.qubit,6,2,2540,2717,2,param_grad_classical,0,0.226363800
qubit_sweep,q2,hybrid,default.qubit,2,2,2540,2421,1,forward,0,0.007874300
qubit_sweep,q2,hybrid,default.qubit,2,2,2540,2421,1,forward_quantum,0,0.007149500
qubit_sweep,q2,hybrid,default.qubit,2,2,2540,2421,1,forward_classical,0,0.000724800
qubit_sweep,q2,hybrid,default.qubit,2,2,2540,2421,1,first_grad,0,0.010564800
qubit_sweep,q2,hybrid,default.qubit,2,2,2540,2421,1,first_grad_quantum,0,0.008925100
qubit_sweep,q2,hybrid,default.qubit,2,2,2540,2421,1,first_grad_classical,0,0.001639700
qubit_sweep,q2,hybrid,default.qubit,2,2,2540,2421,1,second_grad,0,0.022777800
qubit_sweep,q2,hybrid,default.qubit,2,2,2540,2421,1,second_grad_quantum,0,0.013100200
qubit_sweep,q2,hybrid,default.qubit,2,2,2540,2421,1,second_grad_classical,0,0.009677600
qubit_sweep,q2,hybrid,default.qubit,2,2,2540,2421,1,param_grad,0,0.045552800
qubit_sweep,q2,hybrid,default.qubit,2,2,2540,2421,1,param_grad_quantum,0,0.020764700
qubit_sweep,q2,hybrid,default.qubit,2,2,2540,2421,1,param_grad_classical,0,0.024788100
qubit_sweep,q4,hybrid,default.qubit,4,2,2540,2569,1,forward,0,0.015378300
qubit_sweep,q4,hybrid,default.qubit,4,2,2540,2569,1,forward_quantum,0,0.014687700
qubit_sweep,q4,hybrid,default.qubit,4,2,2540,2569,1,forward_classical,0,0.000690600
qubit_sweep,q4,hybrid,default.qubit,4,2,2540,2569,1,first_grad,0,0.030747700
qubit_sweep,q4,hybrid,default.qubit,4,2,2540,2569,1,first_grad_quantum,0,0.028166800
qubit_sweep,q4,hybrid,default.qubit,4,2,2540,2569,1,first_grad_classical,0,0.002580900
qubit_sweep,q4,hybrid,default.qubit,4,2,2540,2569,1,second_grad,0,0.063217700
qubit_sweep,q4,hybrid,default.qubit,4,2,2540,2569,1,second_grad_quantum,0,0.041637800
qubit_sweep,q4,hybrid,default.qubit,4,2,2540,2569,1,second_grad_classical,0,0.021579900
qubit_sweep,q4,hybrid,default.qubit,4,2,2540,2569,1,param_grad,0,0.117646400
qubit_sweep,q4,hybrid,default.qubit,4,2,2540,2569,1,param_grad_quantum,0,0.052039000
qubit_sweep,q4,hybrid,default.qubit,4,2,2540,2569,1,param_grad_classical,0,0.065607400
qubit_sweep,q6,hybrid,default.qubit,6,2,2540,2717,1,forward,0,0.030256100
qubit_sweep,q6,hybrid,default.qubit,6,2,2540,2717,1,forward_quantum,0,0.029492300
qubit_sweep,q6,hybrid,default.qubit,6,2,2540,2717,1,forward_classical,0,0.000763800
qubit_sweep,q6,hybrid,default.qubit,6,2,2540,2717,1,first_grad,0,0.071808000
qubit_sweep,q6,hybrid,default.qubit,6,2,2540,2717,1,first_grad_quantum,0,0.067863600
qubit_sweep,q6,hybrid,default.qubit,6,2,2540,2717,1,first_grad_classical,0,0.003944400
qubit_sweep,q6,hybrid,default.qubit,6,2,2540,2717,1,second_grad,0,0.147720200
qubit_sweep,q6,hybrid,default.qubit,6,2,2540,2717,1,second_grad_quantum,0,0.101579600
qubit_sweep,q6,hybrid,default.qubit,6,2,2540,2717,1,second_grad_classical,0,0.046140600
qubit_sweep,q6,hybrid,default.qubit,6,2,2540,2717,1,param_grad,0,0.387207900
qubit_sweep,q6,hybrid,default.qubit,6,2,2540,2717,1,param_grad_quantum,0,0.154958300
qubit_sweep,q6,hybrid,default.qubit,6,2,2540,2717,1,param_grad_classical,0,0.232249600
qubit_sweep,q10,hybrid,default.qubit,10,2,2540,3013,0,forward,0,0.675662500
qubit_sweep,q10,hybrid,default.qubit,10,2,2540,3013,0,forward_quantum,0,0.674860000
qubit_sweep,q10,hybrid,default.qubit,10,2,2540,3013,0,forward_classical,0,0.000802500
qubit_sweep,q4,hybrid,default.qubit,4,2,2540,2569,0,forward,0,0.016619100
qubit_sweep,q4,hybrid,default.qubit,4,2,2540,2569,0,forward_quantum,0,0.015852500
qubit_sweep,q4,hybrid,default.qubit,4,2,2540,2569,0,forward_classical,0,0.000766600
qubit_sweep,q4,hybrid,default.qubit,4,2,2540,2569,0,first_grad,0,0.040921200
qubit_sweep,q4,hybrid,default.qubit,4,2,2540,2569,0,first_grad_quantum,0,0.033020700
qubit_sweep,q4,hybrid,default.qubit,4,2,2540,2569,0,first_grad_classical,0,0.007900500
qubit_sweep,q4,hybrid,default.qubit,4,2,2540,2569,0,second_grad,0,0.060259500
qubit_sweep,q4,hybrid,default.qubit,4,2,2540,2569,0,second_grad_quantum,0,0.038316000
qubit_sweep,q4,hybrid,default.qubit,4,2,2540,2569,0,second_grad_classical,0,0.021943500
qubit_sweep,q4,hybrid,default.qubit,4,2,2540,2569,0,param_grad,0,0.126993800
qubit_sweep,q4,hybrid,default.qubit,4,2,2540,2569,0,param_grad_quantum,0,0.058007500
qubit_sweep,q4,hybrid,default.qubit,4,2,2540,2569,0,param_grad_classical,0,0.068986300
qubit_sweep,q4,hybrid,default.qubit,4,2,2540,2569,2,forward,0,0.014150100
qubit_sweep,q4,hybrid,default.qubit,4,2,2540,2569,2,forward_quantum,0,0.013445800
qubit_sweep,q4,hybrid,default.qubit,4,2,2540,2569,2,forward_classical,0,0.000704300
qubit_sweep,q4,hybrid,default.qubit,4,2,2540,2569,2,first_grad,0,0.027479200
qubit_sweep,q4,hybrid,default.qubit,4,2,2540,2569,2,first_grad_quantum,0,0.023168400
qubit_sweep,q4,hybrid,default.qubit,4,2,2540,2569,2,first_grad_classical,0,0.004310800
qubit_sweep,q4,hybrid,default.qubit,4,2,2540,2569,2,second_grad,0,0.061668900
qubit_sweep,q4,hybrid,default.qubit,4,2,2540,2569,2,second_grad_quantum,0,0.043012700
qubit_sweep,q4,hybrid,default.qubit,4,2,2540,2569,2,second_grad_classical,0,0.018656200
qubit_sweep,q4,hybrid,default.qubit,4,2,2540,2569,2,param_grad,0,0.126304300
qubit_sweep,q4,hybrid,default.qubit,4,2,2540,2569,2,param_grad_quantum,0,0.057231200
qubit_sweep,q4,hybrid,default.qubit,4,2,2540,2569,2,param_grad_classical,0,0.069073100
qubit_sweep,q2,hybrid,default.qubit,2,2,2540,2421,2,forward,0,0.007822500
qubit_sweep,q2,hybrid,default.qubit,2,2,2540,2421,2,forward_quantum,0,0.007075400
qubit_sweep,q2,hybrid,default.qubit,2,2,2540,2421,2,forward_classical,0,0.000747100
qubit_sweep,q2,hybrid,default.qubit,2,2,2540,2421,2,first_grad,0,0.012439900
qubit_sweep,q2,hybrid,default.qubit,2,2,2540,2421,2,first_grad_quantum,0,0.010755800
qubit_sweep,q2,hybrid,default.qubit,2,2,2540,2421,2,first_grad_classical,0,0.001684100
qubit_sweep,q2,hybrid,default.qubit,2,2,2540,2421,2,second_grad,0,0.023083100
qubit_sweep,q2,hybrid,default.qubit,2,2,2540,2421,2,second_grad_quantum,0,0.012341100
qubit_sweep,q2,hybrid,default.qubit,2,2,2540,2421,2,second_grad_classical,0,0.010742000
qubit_sweep,q2,hybrid,default.qubit,2,2,2540,2421,2,param_grad,0,0.041385700
qubit_sweep,q2,hybrid,default.qubit,2,2,2540,2421,2,param_grad_quantum,0,0.017935900
qubit_sweep,q2,hybrid,default.qubit,2,2,2540,2421,2,param_grad_classical,0,0.023449800
qubit_sweep,q2,hybrid,default.qubit,2,2,2540,2421,0,forward,1,0.006812700
qubit_sweep,q2,hybrid,default.qubit,2,2,2540,2421,0,forward_quantum,1,0.006102500
qubit_sweep,q2,hybrid,default.qubit,2,2,2540,2421,0,forward_classical,1,0.000710200
qubit_sweep,q2,hybrid,default.qubit,2,2,2540,2421,0,first_grad,1,0.011492500
qubit_sweep,q2,hybrid,default.qubit,2,2,2540,2421,0,first_grad_quantum,1,0.009922900
qubit_sweep,q2,hybrid,default.qubit,2,2,2540,2421,0,first_grad_classical,1,0.001569600
qubit_sweep,q2,hybrid,default.qubit,2,2,2540,2421,0,second_grad,1,0.020727000
qubit_sweep,q2,hybrid,default.qubit,2,2,2540,2421,0,second_grad_quantum,1,0.013176500
qubit_sweep,q2,hybrid,default.qubit,2,2,2540,2421,0,second_grad_classical,1,0.007550500
qubit_sweep,q2,hybrid,default.qubit,2,2,2540,2421,0,param_grad,1,0.040204000
qubit_sweep,q2,hybrid,default.qubit,2,2,2540,2421,0,param_grad_quantum,1,0.018649600
qubit_sweep,q2,hybrid,default.qubit,2,2,2540,2421,0,param_grad_classical,1,0.021554400
qubit_sweep,q4,hybrid,default.qubit,4,2,2540,2569,2,forward,1,0.016240400
qubit_sweep,q4,hybrid,default.qubit,4,2,2540,2569,2,forward_quantum,1,0.015502500
qubit_sweep,q4,hybrid,default.qubit,4,2,2540,2569,2,forward_classical,1,0.000737900
qubit_sweep,q4,hybrid,default.qubit,4,2,2540,2569,2,first_grad,1,0.029209700
qubit_sweep,q4,hybrid,default.qubit,4,2,2540,2569,2,first_grad_quantum,1,0.026966400
qubit_sweep,q4,hybrid,default.qubit,4,2,2540,2569,2,first_grad_classical,1,0.002243300
qubit_sweep,q4,hybrid,default.qubit,4,2,2540,2569,2,second_grad,1,0.062938900
qubit_sweep,q4,hybrid,default.qubit,4,2,2540,2569,2,second_grad_quantum,1,0.040848300
qubit_sweep,q4,hybrid,default.qubit,4,2,2540,2569,2,second_grad_classical,1,0.022090600
qubit_sweep,q4,hybrid,default.qubit,4,2,2540,2569,2,param_grad,1,0.129185100
qubit_sweep,q4,hybrid,default.qubit,4,2,2540,2569,2,param_grad_quantum,1,0.059927100
qubit_sweep,q4,hybrid,default.qubit,4,2,2540,2569,2,param_grad_classical,1,0.069258000
qubit_sweep,q10,hybrid,default.qubit,10,2,2540,3013,2,forward,1,0.712942000
qubit_sweep,q10,hybrid,default.qubit,10,2,2540,3013,2,forward_quantum,1,0.712122000
qubit_sweep,q10,hybrid,default.qubit,10,2,2540,3013,2,forward_classical,1,0.000820000
qubit_sweep,q8,hybrid,default.qubit,8,2,2540,2865,2,forward,1,0.119033200
qubit_sweep,q8,hybrid,default.qubit,8,2,2540,2865,2,forward_quantum,1,0.118094600
qubit_sweep,q8,hybrid,default.qubit,8,2,2540,2865,2,forward_classical,1,0.000938600
qubit_sweep,q8,hybrid,default.qubit,8,2,2540,2865,2,first_grad,1,0.332307800
qubit_sweep,q8,hybrid,default.qubit,8,2,2540,2865,2,first_grad_quantum,1,0.298667000
qubit_sweep,q8,hybrid,default.qubit,8,2,2540,2865,2,first_grad_classical,1,0.033640800
qubit_sweep,q8,hybrid,default.qubit,8,2,2540,2865,2,second_grad,1,0.788735500
qubit_sweep,q8,hybrid,default.qubit,8,2,2540,2865,2,second_grad_quantum,1,0.508436300
qubit_sweep,q8,hybrid,default.qubit,8,2,2540,2865,2,second_grad_classical,1,0.280299200
qubit_sweep,q8,hybrid,default.qubit,8,2,2540,2865,2,param_grad,1,2.246068800
qubit_sweep,q8,hybrid,default.qubit,8,2,2540,2865,2,param_grad_quantum,1,0.837437000
qubit_sweep,q8,hybrid,default.qubit,8,2,2540,2865,2,param_grad_classical,1,1.408631800
qubit_sweep,q2,hybrid,default.qubit,2,2,2540,2421,1,forward,1,0.007758600
qubit_sweep,q2,hybrid,default.qubit,2,2,2540,2421,1,forward_quantum,1,0.007028600
qubit_sweep,q2,hybrid,default.qubit,2,2,2540,2421,1,forward_classical,1,0.000730000
qubit_sweep,q2,hybrid,default.qubit,2,2,2540,2421,1,first_grad,1,0.016426800
qubit_sweep,q2,hybrid,default.qubit,2,2,2540,2421,1,first_grad_quantum,1,0.012645400
qubit_sweep,q2,hybrid,default.qubit,2,2,2540,2421,1,first_grad_classical,1,0.003781400
qubit_sweep,q2,hybrid,default.qubit,2,2,2540,2421,1,second_grad,1,0.023157800
qubit_sweep,q2,hybrid,default.qubit,2,2,2540,2421,1,second_grad_quantum,1,0.013954000
qubit_sweep,q2,hybrid,default.qubit,2,2,2540,2421,1,second_grad_classical,1,0.009203800
qubit_sweep,q2,hybrid,default.qubit,2,2,2540,2421,1,param_grad,1,0.040891000
qubit_sweep,q2,hybrid,default.qubit,2,2,2540,2421,1,param_grad_quantum,1,0.018377700
qubit_sweep,q2,hybrid,default.qubit,2,2,2540,2421,1,param_grad_classical,1,0.022513300
qubit_sweep,q8,hybrid,default.qubit,8,2,2540,2865,0,forward,1,0.121604000
qubit_sweep,q8,hybrid,default.qubit,8,2,2540,2865,0,forward_quantum,1,0.120813300
qubit_sweep,q8,hybrid,default.qubit,8,2,2540,2865,0,forward_classical,1,0.000790700
qubit_sweep,q8,hybrid,default.qubit,8,2,2540,2865,0,first_grad,1,0.329992500
qubit_sweep,q8,hybrid,default.qubit,8,2,2540,2865,0,first_grad_quantum,1,0.301774700
qubit_sweep,q8,hybrid,default.qubit,8,2,2540,2865,0,first_grad_classical,1,0.028217800
qubit_sweep,q8,hybrid,default.qubit,8,2,2540,2865,0,second_grad,1,0.784415500
qubit_sweep,q8,hybrid,default.qubit,8,2,2540,2865,0,second_grad_quantum,1,0.509473600
qubit_sweep,q8,hybrid,default.qubit,8,2,2540,2865,0,second_grad_classical,1,0.274941900
qubit_sweep,q8,hybrid,default.qubit,8,2,2540,2865,0,param_grad,1,2.220309900
qubit_sweep,q8,hybrid,default.qubit,8,2,2540,2865,0,param_grad_quantum,1,0.836264100
qubit_sweep,q8,hybrid,default.qubit,8,2,2540,2865,0,param_grad_classical,1,1.384045800
qubit_sweep,q6,hybrid,default.qubit,6,2,2540,2717,0,forward,1,0.032886800
qubit_sweep,q6,hybrid,default.qubit,6,2,2540,2717,0,forward_quantum,1,0.032109800
qubit_sweep,q6,hybrid,default.qubit,6,2,2540,2717,0,forward_classical,1,0.000777000
qubit_sweep,q6,hybrid,default.qubit,6,2,2540,2717,0,first_grad,1,0.080155800
qubit_sweep,q6,hybrid,default.qubit,6,2,2540,2717,0,first_grad_quantum,1,0.076549500
qubit_sweep,q6,hybrid,default.qubit,6,2,2540,2717,0,first_grad_classical,1,0.003606300
qubit_sweep,q6,hybrid,default.qubit,6,2,2540,2717,0,second_grad,1,0.142752500
qubit_sweep,q6,hybrid,default.qubit,6,2,2540,2717,0,second_grad_quantum,1,0.097145000
qubit_sweep,q6,hybrid,default.qubit,6,2,2540,2717,0,second_grad_classical,1,0.045607500
qubit_sweep,q6,hybrid,default.qubit,6,2,2540,2717,0,param_grad,1,0.400584000
qubit_sweep,q6,hybrid,default.qubit,6,2,2540,2717,0,param_grad_quantum,1,0.156482200
qubit_sweep,q6,hybrid,default.qubit,6,2,2540,2717,0,param_grad_classical,1,0.244101800
qubit_sweep,q2,hybrid,default.qubit,2,2,2540,2421,2,forward,1,0.006621400
qubit_sweep,q2,hybrid,default.qubit,2,2,2540,2421,2,forward_quantum,1,0.005954800
qubit_sweep,q2,hybrid,default.qubit,2,2,2540,2421,2,forward_classical,1,0.000666600
qubit_sweep,q2,hybrid,default.qubit,2,2,2540,2421,2,first_grad,1,0.017300400
qubit_sweep,q2,hybrid,default.qubit,2,2,2540,2421,2,first_grad_quantum,1,0.010835000
qubit_sweep,q2,hybrid,default.qubit,2,2,2540,2421,2,first_grad_classical,1,0.006465400
qubit_sweep,q2,hybrid,default.qubit,2,2,2540,2421,2,second_grad,1,0.026066700
qubit_sweep,q2,hybrid,default.qubit,2,2,2540,2421,2,second_grad_quantum,1,0.014935600
qubit_sweep,q2,hybrid,default.qubit,2,2,2540,2421,2,second_grad_classical,1,0.011131100
qubit_sweep,q2,hybrid,default.qubit,2,2,2540,2421,2,param_grad,1,0.039467400
qubit_sweep,q2,hybrid,default.qubit,2,2,2540,2421,2,param_grad_quantum,1,0.016905900
qubit_sweep,q2,hybrid,default.qubit,2,2,2540,2421,2,param_grad_classical,1,0.022561500
qubit_sweep,q6,hybrid,default.qubit,6,2,2540,2717,1,forward,1,0.027242200
qubit_sweep,q6,hybrid,default.qubit,6,2,2540,2717,1,forward_quantum,1,0.026486500
qubit_sweep,q6,hybrid,default.qubit,6,2,2540,2717,1,forward_classical,1,0.000755700
qubit_sweep,q6,hybrid,default.qubit,6,2,2540,2717,1,first_grad,1,0.085464500
qubit_sweep,q6,hybrid,default.qubit,6,2,2540,2717,1,first_grad_quantum,1,0.081061100
qubit_sweep,q6,hybrid,default.qubit,6,2,2540,2717,1,first_grad_classical,1,0.004403400
qubit_sweep,q6,hybrid,default.qubit,6,2,2540,2717,1,second_grad,1,0.151721400
qubit_sweep,q6,hybrid,default.qubit,6,2,2540,2717,1,second_grad_quantum,1,0.101731600
qubit_sweep,q6,hybrid,default.qubit,6,2,2540,2717,1,second_grad_classical,1,0.049989800
qubit_sweep,q6,hybrid,default.qubit,6,2,2540,2717,1,param_grad,1,0.374967800
qubit_sweep,q6,hybrid,default.qubit,6,2,2540,2717,1,param_grad_quantum,1,0.154867800
qubit_sweep,q6,hybrid,default.qubit,6,2,2540,2717,1,param_grad_classical,1,0.220100000
qubit_sweep,q4,hybrid,default.qubit,4,2,2540,2569,1,forward,1,0.016624000
qubit_sweep,q4,hybrid,default.qubit,4,2,2540,2569,1,forward_quantum,1,0.015881800
qubit_sweep,q4,hybrid,default.qubit,4,2,2540,2569,1,forward_classical,1,0.000742200
qubit_sweep,q4,hybrid,default.qubit,4,2,2540,2569,1,first_grad,1,0.032723600
qubit_sweep,q4,hybrid,default.qubit,4,2,2540,2569,1,first_grad_quantum,1,0.028518400
qubit_sweep,q4,hybrid,default.qubit,4,2,2540,2569,1,first_grad_classical,1,0.004205200
qubit_sweep,q4,hybrid,default.qubit,4,2,2540,2569,1,second_grad,1,0.064339300
qubit_sweep,q4,hybrid,default.qubit,4,2,2540,2569,1,second_grad_quantum,1,0.041685600
qubit_sweep,q4,hybrid,default.qubit,4,2,2540,2569,1,second_grad_classical,1,0.022653700
qubit_sweep,q4,hybrid,default.qubit,4,2,2540,2569,1,param_grad,1,0.134753100
qubit_sweep,q4,hybrid,default.qubit,4,2,2540,2569,1,param_grad_quantum,1,0.060677500
qubit_sweep,q4,hybrid,default.qubit,4,2,2540,2569,1,param_grad_classical,1,0.074075600
qubit_sweep,q12,hybrid,default.qubit,12,2,2540,3161,0,forward,1,3.162271100
qubit_sweep,q12,hybrid,default.qubit,12,2,2540,3161,0,forward_quantum,1,3.161352500
qubit_sweep,q12,hybrid,default.qubit,12,2,2540,3161,0,forward_classical,1,0.000918600
qubit_sweep,q10,hybrid,default.qubit,10,2,2540,3013,1,forward,1,0.688594400
qubit_sweep,q10,hybrid,default.qubit,10,2,2540,3013,1,forward_quantum,1,0.687801500
qubit_sweep,q10,hybrid,default.qubit,10,2,2540,3013,1,forward_classical,1,0.000792900
qubit_sweep,q6,hybrid,default.qubit,6,2,2540,2717,2,forward,1,0.030971600
qubit_sweep,q6,hybrid,default.qubit,6,2,2540,2717,2,forward_quantum,1,0.030213500
qubit_sweep,q6,hybrid,default.qubit,6,2,2540,2717,2,forward_classical,1,0.000758100
qubit_sweep,q6,hybrid,default.qubit,6,2,2540,2717,2,first_grad,1,0.077181800
qubit_sweep,q6,hybrid,default.qubit,6,2,2540,2717,2,first_grad_quantum,1,0.073030600
qubit_sweep,q6,hybrid,default.qubit,6,2,2540,2717,2,first_grad_classical,1,0.004151200
qubit_sweep,q6,hybrid,default.qubit,6,2,2540,2717,2,second_grad,1,0.144285900
qubit_sweep,q6,hybrid,default.qubit,6,2,2540,2717,2,second_grad_quantum,1,0.100438600
qubit_sweep,q6,hybrid,default.qubit,6,2,2540,2717,2,second_grad_classical,1,0.043847300
qubit_sweep,q6,hybrid,default.qubit,6,2,2540,2717,2,param_grad,1,0.378624200
qubit_sweep,q6,hybrid,default.qubit,6,2,2540,2717,2,param_grad_quantum,1,0.153630300
qubit_sweep,q6,hybrid,default.qubit,6,2,2540,2717,2,param_grad_classical,1,0.224993900
qubit_sweep,q12,hybrid,default.qubit,12,2,2540,3161,1,forward,1,3.168202100
qubit_sweep,q12,hybrid,default.qubit,12,2,2540,3161,1,forward_quantum,1,3.167215400
qubit_sweep,q12,hybrid,default.qubit,12,2,2540,3161,1,forward_classical,1,0.000986700
qubit_sweep,q4,hybrid,default.qubit,4,2,2540,2569,0,forward,1,0.014363400
qubit_sweep,q4,hybrid,default.qubit,4,2,2540,2569,0,forward_quantum,1,0.013653400
qubit_sweep,q4,hybrid,default.qubit,4,2,2540,2569,0,forward_classical,1,0.000710000
qubit_sweep,q4,hybrid,default.qubit,4,2,2540,2569,0,first_grad,1,0.035136400
qubit_sweep,q4,hybrid,default.qubit,4,2,2540,2569,0,first_grad_quantum,1,0.032520300
qubit_sweep,q4,hybrid,default.qubit,4,2,2540,2569,0,first_grad_classical,1,0.002616100
qubit_sweep,q4,hybrid,default.qubit,4,2,2540,2569,0,second_grad,1,0.063476300
qubit_sweep,q4,hybrid,default.qubit,4,2,2540,2569,0,second_grad_quantum,1,0.042708500
qubit_sweep,q4,hybrid,default.qubit,4,2,2540,2569,0,second_grad_classical,1,0.020767800
qubit_sweep,q4,hybrid,default.qubit,4,2,2540,2569,0,param_grad,1,0.126365900
qubit_sweep,q4,hybrid,default.qubit,4,2,2540,2569,0,param_grad_quantum,1,0.058431500
qubit_sweep,q4,hybrid,default.qubit,4,2,2540,2569,0,param_grad_classical,1,0.067934400
qubit_sweep,q8,hybrid,default.qubit,8,2,2540,2865,1,forward,1,0.122761100
qubit_sweep,q8,hybrid,default.qubit,8,2,2540,2865,1,forward_quantum,1,0.121858900
qubit_sweep,q8,hybrid,default.qubit,8,2,2540,2865,1,forward_classical,1,0.000902200
qubit_sweep,q8,hybrid,default.qubit,8,2,2540,2865,1,first_grad,1,0.335892300
qubit_sweep,q8,hybrid,default.qubit,8,2,2540,2865,1,first_grad_quantum,1,0.300585300
qubit_sweep,q8,hybrid,default.qubit,8,2,2540,2865,1,first_grad_classical,1,0.035307000
qubit_sweep,q8,hybrid,default.qubit,8,2,2540,2865,1,second_grad,1,0.772937200
qubit_sweep,q8,hybrid,default.qubit,8,2,2540,2865,1,second_grad_quantum,1,0.499730000
qubit_sweep,q8,hybrid,default.qubit,8,2,2540,2865,1,second_grad_classical,1,0.273207200
qubit_sweep,q8,hybrid,default.qubit,8,2,2540,2865,1,param_grad,1,2.235295100
qubit_sweep,q8,hybrid,default.qubit,8,2,2540,2865,1,param_grad_quantum,1,0.855329900
qubit_sweep,q8,hybrid,default.qubit,8,2,2540,2865,1,param_grad_classical,1,1.379965200
qubit_sweep,q10,hybrid,default.qubit,10,2,2540,3013,0,forward,1,0.661681200
qubit_sweep,q10,hybrid,default.qubit,10,2,2540,3013,0,forward_quantum,1,0.660618500
qubit_sweep,q10,hybrid,default.qubit,10,2,2540,3013,0,forward_classical,1,0.001062700
qubit_sweep,q12,hybrid,default.qubit,12,2,2540,3161,2,forward,1,3.181421800
qubit_sweep,q12,hybrid,default.qubit,12,2,2540,3161,2,forward_quantum,1,3.180644100
qubit_sweep,q12,hybrid,default.qubit,12,2,2540,3161,2,forward_classical,1,0.000777700
qubit_sweep,q10,hybrid,default.qubit,10,2,2540,3013,0,forward,2,0.682591200
qubit_sweep,q10,hybrid,default.qubit,10,2,2540,3013,0,forward_quantum,2,0.681683200
qubit_sweep,q10,hybrid,default.qubit,10,2,2540,3013,0,forward_classical,2,0.000908000
qubit_sweep,q4,hybrid,default.qubit,4,2,2540,2569,2,forward,2,0.020911100
qubit_sweep,q4,hybrid,default.qubit,4,2,2540,2569,2,forward_quantum,2,0.020138100
qubit_sweep,q4,hybrid,default.qubit,4,2,2540,2569,2,forward_classical,2,0.000773000
qubit_sweep,q4,hybrid,default.qubit,4,2,2540,2569,2,first_grad,2,0.034701600
qubit_sweep,q4,hybrid,default.qubit,4,2,2540,2569,2,first_grad_quantum,2,0.032111200
qubit_sweep,q4,hybrid,default.qubit,4,2,2540,2569,2,first_grad_classical,2,0.002590400
qubit_sweep,q4,hybrid,default.qubit,4,2,2540,2569,2,second_grad,2,0.066289300
qubit_sweep,q4,hybrid,default.qubit,4,2,2540,2569,2,second_grad_quantum,2,0.043251800
qubit_sweep,q4,hybrid,default.qubit,4,2,2540,2569,2,second_grad_classical,2,0.023037500
qubit_sweep,q4,hybrid,default.qubit,4,2,2540,2569,2,param_grad,2,0.133848300
qubit_sweep,q4,hybrid,default.qubit,4,2,2540,2569,2,param_grad_quantum,2,0.061876900
qubit_sweep,q4,hybrid,default.qubit,4,2,2540,2569,2,param_grad_classical,2,0.071971400
qubit_sweep,q8,hybrid,default.qubit,8,2,2540,2865,0,forward,2,0.127660800
qubit_sweep,q8,hybrid,default.qubit,8,2,2540,2865,0,forward_quantum,2,0.126817000
qubit_sweep,q8,hybrid,default.qubit,8,2,2540,2865,0,forward_classical,2,0.000843800
qubit_sweep,q8,hybrid,default.qubit,8,2,2540,2865,0,first_grad,2,0.324342000
qubit_sweep,q8,hybrid,default.qubit,8,2,2540,2865,0,first_grad_quantum,2,0.296273300
qubit_sweep,q8,hybrid,default.qubit,8,2,2540,2865,0,first_grad_classical,2,0.028068700
qubit_sweep,q8,hybrid,default.qubit,8,2,2540,2865,0,second_grad,2,0.779498400
qubit_sweep,q8,hybrid,default.qubit,8,2,2540,2865,0,second_grad_quantum,2,0.507857400
qubit_sweep,q8,hybrid,default.qubit,8,2,2540,2865,0,second_grad_classical,2,0.271641000
qubit_sweep,q8,hybrid,default.qubit,8,2,2540,2865,0,param_grad,2,2.293063800
qubit_sweep,q8,hybrid,default.qubit,8,2,2540,2865,0,param_grad_quantum,2,0.863716500
qubit_sweep,q8,hybrid,default.qubit,8,2,2540,2865,0,param_grad_classical,2,1.429347300
qubit_sweep,q12,hybrid,default.qubit,12,2,2540,3161,0,forward,2,3.179309600
qubit_sweep,q12,hybrid,default.qubit,12,2,2540,3161,0,forward_quantum,2,3.178447000
qubit_sweep,q12,hybrid,default.qubit,12,2,2540,3161,0,forward_classical,2,0.000862600
qubit_sweep,q10,hybrid,default.qubit,10,2,2540,3013,1,forward,2,0.659540100
qubit_sweep,q10,hybrid,default.qubit,10,2,2540,3013,1,forward_quantum,2,0.658676100
qubit_sweep,q10,hybrid,default.qubit,10,2,2540,3013,1,forward_classical,2,0.000864000
qubit_sweep,q6,hybrid,default.qubit,6,2,2540,2717,0,forward,2,0.033988900
qubit_sweep,q6,hybrid,default.qubit,6,2,2540,2717,0,forward_quantum,2,0.033206300
qubit_sweep,q6,hybrid,default.qubit,6,2,2540,2717,0,forward_classical,2,0.000782600
qubit_sweep,q6,hybrid,default.qubit,6,2,2540,2717,0,first_grad,2,0.084231400
qubit_sweep,q6,hybrid,default.qubit,6,2,2540,2717,0,first_grad_quantum,2,0.080100400
qubit_sweep,q6,hybrid,default.qubit,6,2,2540,2717,0,first_grad_classical,2,0.004131000
qubit_sweep,q6,hybrid,default.qubit,6,2,2540,2717,0,second_grad,2,0.135618200
qubit_sweep,q6,hybrid,default.qubit,6,2,2540,2717,0,second_grad_quantum,2,0.094729100
qubit_sweep,q6,hybrid,default.qubit,6,2,2540,2717,0,second_grad_classical,2,0.040889100
qubit_sweep,q6,hybrid,default.qubit,6,2,2540,2717,0,param_grad,2,0.387855500
qubit_sweep,q6,hybrid,default.qubit,6,2,2540,2717,0,param_grad_quantum,2,0.155813700
qubit_sweep,q6,hybrid,default.qubit,6,2,2540,2717,0,param_grad_classical,2,0.232041800
qubit_sweep,q8,hybrid,default.qubit,8,2,2540,2865,1,forward,2,0.121262000
qubit_sweep,q8,hybrid,default.qubit,8,2,2540,2865,1,forward_quantum,2,0.120423500
qubit_sweep,q8,hybrid,default.qubit,8,2,2540,2865,1,forward_classical,2,0.000838500
qubit_sweep,q8,hybrid,default.qubit,8,2,2540,2865,1,first_grad,2,0.332475500
qubit_sweep,q8,hybrid,default.qubit,8,2,2540,2865,1,first_grad_quantum,2,0.300784800
qubit_sweep,q8,hybrid,default.qubit,8,2,2540,2865,1,first_grad_classical,2,0.031690700
qubit_sweep,q8,hybrid,default.qubit,8,2,2540,2865,1,second_grad,2,0.779620200
qubit_sweep,q8,hybrid,default.qubit,8,2,2540,2865,1,second_grad_quantum,2,0.504430400
qubit_sweep,q8,hybrid,default.qubit,8,2,2540,2865,1,second_grad_classical,2,0.275189800
qubit_sweep,q8,hybrid,default.qubit,8,2,2540,2865,1,param_grad,2,2.241231300
qubit_sweep,q8,hybrid,default.qubit,8,2,2540,2865,1,param_grad_quantum,2,0.858609000
qubit_sweep,q8,hybrid,default.qubit,8,2,2540,2865,1,param_grad_classical,2,1.382622300
qubit_sweep,q4,hybrid,default.qubit,4,2,2540,2569,1,forward,2,0.015625100
qubit_sweep,q4,hybrid,default.qubit,4,2,2540,2569,1,forward_quantum,2,0.014923400
qubit_sweep,q4,hybrid,default.qubit,4,2,2540,2569,1,forward_classical,2,0.000701700
qubit_sweep,q4,hybrid,default.qubit,4,2,2540,2569,1,first_grad,2,0.038550000
qubit_sweep,q4,hybrid,default.qubit,4,2,2540,2569,1,first_grad_quantum,2,0.035940700
qubit_sweep,q4,hybrid,default.qubit,4,2,2540,2569,1,first_grad_classical,2,0.002609300
qubit_sweep,q4,hybrid,default.qubit,4,2,2540,2569,1,second_grad,2,0.066255100
qubit_sweep,q4,hybrid,default.qubit,4,2,2540,2569,1,second_grad_quantum,2,0.043055500
qubit_sweep,q4,hybrid,default.qubit,4,2,2540,2569,1,second_grad_classical,2,0.023199600
qubit_sweep,q4,hybrid,default.qubit,4,2,2540,2569,1,param_grad,2,0.126579400
qubit_sweep,q4,hybrid,default.qubit,4,2,2540,2569,1,param_grad_quantum,2,0.057412300
qubit_sweep,q4,hybrid,default.qubit,4,2,2540,2569,1,param_grad_classical,2,0.069167100
qubit_sweep,q12,hybrid,default.qubit,12,2,2540,3161,1,forward,2,3.181227000
qubit_sweep,q12,hybrid,default.qubit,12,2,2540,3161,1,forward_quantum,2,3.180473200
qubit_sweep,q12,hybrid,default.qubit,12,2,2540,3161,1,forward_classical,2,0.000753800
qubit_sweep,q2,hybrid,default.qubit,2,2,2540,2421,1,forward,2,0.006834500
qubit_sweep,q2,hybrid,default.qubit,2,2,2540,2421,1,forward_quantum,2,0.006117300
qubit_sweep,q2,hybrid,default.qubit,2,2,2540,2421,1,forward_classical,2,0.000717200
qubit_sweep,q2,hybrid,default.qubit,2,2,2540,2421,1,first_grad,2,0.010403900
qubit_sweep,q2,hybrid,default.qubit,2,2,2540,2421,1,first_grad_quantum,2,0.008820800
qubit_sweep,q2,hybrid,default.qubit,2,2,2540,2421,1,first_grad_classical,2,0.001583100
qubit_sweep,q2,hybrid,default.qubit,2,2,2540,2421,1,second_grad,2,0.020776900
qubit_sweep,q2,hybrid,default.qubit,2,2,2540,2421,1,second_grad_quantum,2,0.013082700
qubit_sweep,q2,hybrid,default.qubit,2,2,2540,2421,1,second_grad_classical,2,0.007694200
qubit_sweep,q2,hybrid,default.qubit,2,2,2540,2421,1,param_grad,2,0.035691000
qubit_sweep,q2,hybrid,default.qubit,2,2,2540,2421,1,param_grad_quantum,2,0.015798200
qubit_sweep,q2,hybrid,default.qubit,2,2,2540,2421,1,param_grad_classical,2,0.019892800
qubit_sweep,q4,hybrid,default.qubit,4,2,2540,2569,0,forward,2,0.017934000
qubit_sweep,q4,hybrid,default.qubit,4,2,2540,2569,0,forward_quantum,2,0.017168400
qubit_sweep,q4,hybrid,default.qubit,4,2,2540,2569,0,forward_classical,2,0.000765600
qubit_sweep,q4,hybrid,default.qubit,4,2,2540,2569,0,first_grad,2,0.030100300
qubit_sweep,q4,hybrid,default.qubit,4,2,2540,2569,0,first_grad_quantum,2,0.027568300
qubit_sweep,q4,hybrid,default.qubit,4,2,2540,2569,0,first_grad_classical,2,0.002532000
qubit_sweep,q4,hybrid,default.qubit,4,2,2540,2569,0,second_grad,2,0.055283000
qubit_sweep,q4,hybrid,default.qubit,4,2,2540,2569,0,second_grad_quantum,2,0.039397000
qubit_sweep,q4,hybrid,default.qubit,4,2,2540,2569,0,second_grad_classical,2,0.015886000
qubit_sweep,q4,hybrid,default.qubit,4,2,2540,2569,0,param_grad,2,0.122755900
qubit_sweep,q4,hybrid,default.qubit,4,2,2540,2569,0,param_grad_quantum,2,0.053697600
qubit_sweep,q4,hybrid,default.qubit,4,2,2540,2569,0,param_grad_classical,2,0.069058300
qubit_sweep,q12,hybrid,default.qubit,12,2,2540,3161,2,forward,2,3.187666300
qubit_sweep,q12,hybrid,default.qubit,12,2,2540,3161,2,forward_quantum,2,3.186597700
qubit_sweep,q12,hybrid,default.qubit,12,2,2540,3161,2,forward_classical,2,0.001068600
qubit_sweep,q8,hybrid,default.qubit,8,2,2540,2865,2,forward,2,0.122621400
qubit_sweep,q8,hybrid,default.qubit,8,2,2540,2865,2,forward_quantum,2,0.121738900
qubit_sweep,q8,hybrid,default.qubit,8,2,2540,2865,2,forward_classical,2,0.000882500
qubit_sweep,q8,hybrid,default.qubit,8,2,2540,2865,2,first_grad,2,0.325062500
qubit_sweep,q8,hybrid,default.qubit,8,2,2540,2865,2,first_grad_quantum,2,0.297981400
qubit_sweep,q8,hybrid,default.qubit,8,2,2540,2865,2,first_grad_classical,2,0.027081100
qubit_sweep,q8,hybrid,default.qubit,8,2,2540,2865,2,second_grad,2,0.772279100
qubit_sweep,q8,hybrid,default.qubit,8,2,2540,2865,2,second_grad_quantum,2,0.498377000
qubit_sweep,q8,hybrid,default.qubit,8,2,2540,2865,2,second_grad_classical,2,0.273902100
qubit_sweep,q8,hybrid,default.qubit,8,2,2540,2865,2,param_grad,2,2.227403200
qubit_sweep,q8,hybrid,default.qubit,8,2,2540,2865,2,param_grad_quantum,2,0.850278000
qubit_sweep,q8,hybrid,default.qubit,8,2,2540,2865,2,param_grad_classical,2,1.377125200
qubit_sweep,q2,hybrid,default.qubit,2,2,2540,2421,2,forward,2,0.008083500
qubit_sweep,q2,hybrid,default.qubit,2,2,2540,2421,2,forward_quantum,2,0.007281800
qubit_sweep,q2,hybrid,default.qubit,2,2,2540,2421,2,forward_classical,2,0.000801700
qubit_sweep,q2,hybrid,default.qubit,2,2,2540,2421,2,first_grad,2,0.019016100
qubit_sweep,q2,hybrid,default.qubit,2,2,2540,2421,2,first_grad_quantum,2,0.017034400
qubit_sweep,q2,hybrid,default.qubit,2,2,2540,2421,2,first_grad_classical,2,0.001981700
qubit_sweep,q2,hybrid,default.qubit,2,2,2540,2421,2,second_grad,2,0.021097500
qubit_sweep,q2,hybrid,default.qubit,2,2,2540,2421,2,second_grad_quantum,2,0.013261600
qubit_sweep,q2,hybrid,default.qubit,2,2,2540,2421,2,second_grad_classical,2,0.007835900
qubit_sweep,q2,hybrid,default.qubit,2,2,2540,2421,2,param_grad,2,0.036206600
qubit_sweep,q2,hybrid,default.qubit,2,2,2540,2421,2,param_grad_quantum,2,0.015882500
qubit_sweep,q2,hybrid,default.qubit,2,2,2540,2421,2,param_grad_classical,2,0.020324100
qubit_sweep,q2,hybrid,default.qubit,2,2,2540,2421,0,forward,2,0.006622400
qubit_sweep,q2,hybrid,default.qubit,2,2,2540,2421,0,forward_quantum,2,0.005949800
qubit_sweep,q2,hybrid,default.qubit,2,2,2540,2421,0,forward_classical,2,0.000672600
qubit_sweep,q2,hybrid,default.qubit,2,2,2540,2421,0,first_grad,2,0.011343000
qubit_sweep,q2,hybrid,default.qubit,2,2,2540,2421,0,first_grad_quantum,2,0.009781200
qubit_sweep,q2,hybrid,default.qubit,2,2,2540,2421,0,first_grad_classical,2,0.001561800
qubit_sweep,q2,hybrid,default.qubit,2,2,2540,2421,0,second_grad,2,0.020911000
qubit_sweep,q2,hybrid,default.qubit,2,2,2540,2421,0,second_grad_quantum,2,0.013581000
qubit_sweep,q2,hybrid,default.qubit,2,2,2540,2421,0,second_grad_classical,2,0.007330000
qubit_sweep,q2,hybrid,default.qubit,2,2,2540,2421,0,param_grad,2,0.043249300
qubit_sweep,q2,hybrid,default.qubit,2,2,2540,2421,0,param_grad_quantum,2,0.019354900
qubit_sweep,q2,hybrid,default.qubit,2,2,2540,2421,0,param_grad_classical,2,0.023894400
qubit_sweep,q6,hybrid,default.qubit,6,2,2540,2717,1,forward,2,0.032535500
qubit_sweep,q6,hybrid,default.qubit,6,2,2540,2717,1,forward_quantum,2,0.031744600
qubit_sweep,q6,hybrid,default.qubit,6,2,2540,2717,1,forward_classical,2,0.000790900
qubit_sweep,q6,hybrid,default.qubit,6,2,2540,2717,1,first_grad,2,0.076373000
qubit_sweep,q6,hybrid,default.qubit,6,2,2540,2717,1,first_grad_quantum,2,0.072164300
qubit_sweep,q6,hybrid,default.qubit,6,2,2540,2717,1,first_grad_classical,2,0.004208700
qubit_sweep,q6,hybrid,default.qubit,6,2,2540,2717,1,second_grad,2,0.134213400
qubit_sweep,q6,hybrid,default.qubit,6,2,2540,2717,1,second_grad_quantum,2,0.095948100
qubit_sweep,q6,hybrid,default.qubit,6,2,2540,2717,1,second_grad_classical,2,0.038265300
qubit_sweep,q6,hybrid,default.qubit,6,2,2540,2717,1,param_grad,2,0.369175100
qubit_sweep,q6,hybrid,default.qubit,6,2,2540,2717,1,param_grad_quantum,2,0.155212000
qubit_sweep,q6,hybrid,default.qubit,6,2,2540,2717,1,param_grad_classical,2,0.213963100
qubit_sweep,q10,hybrid,default.qubit,10,2,2540,3013,2,forward,2,0.687286400
qubit_sweep,q10,hybrid,default.qubit,10,2,2540,3013,2,forward_quantum,2,0.686471500
qubit_sweep,q10,hybrid,default.qubit,10,2,2540,3013,2,forward_classical,2,0.000814900
qubit_sweep,q6,hybrid,default.qubit,6,2,2540,2717,2,forward,2,0.041185800
qubit_sweep,q6,hybrid,default.qubit,6,2,2540,2717,2,forward_quantum,2,0.040431100
qubit_sweep,q6,hybrid,default.qubit,6,2,2540,2717,2,forward_classical,2,0.000754700
qubit_sweep,q6,hybrid,default.qubit,6,2,2540,2717,2,first_grad,2,0.074443600
qubit_sweep,q6,hybrid,default.qubit,6,2,2540,2717,2,first_grad_quantum,2,0.070301700
qubit_sweep,q6,hybrid,default.qubit,6,2,2540,2717,2,first_grad_classical,2,0.004141900
qubit_sweep,q6,hybrid,default.qubit,6,2,2540,2717,2,second_grad,2,0.142804600
qubit_sweep,q6,hybrid,default.qubit,6,2,2540,2717,2,second_grad_quantum,2,0.096753000
qubit_sweep,q6,hybrid,default.qubit,6,2,2540,2717,2,second_grad_classical,2,0.046051600
qubit_sweep,q6,hybrid,default.qubit,6,2,2540,2717,2,param_grad,2,0.387227900
qubit_sweep,q6,hybrid,default.qubit,6,2,2540,2717,2,param_grad_quantum,2,0.160776800
qubit_sweep,q6,hybrid,default.qubit,6,2,2540,2717,2,param_grad_classical,2,0.226451100
qubit_sweep,q12,hybrid,default.qubit,12,2,2540,3161,2,forward,3,3.205994500
qubit_sweep,q12,hybrid,default.qubit,12,2,2540,3161,2,forward_quantum,3,3.205031600
qubit_sweep,q12,hybrid,default.qubit,12,2,2540,3161,2,forward_classical,3,0.000962900
qubit_sweep,q12,hybrid,default.qubit,12,2,2540,3161,1,forward,3,3.160180100
qubit_sweep,q12,hybrid,default.qubit,12,2,2540,3161,1,forward_quantum,3,3.159270300
qubit_sweep,q12,hybrid,default.qubit,12,2,2540,3161,1,forward_classical,3,0.000909800
qubit_sweep,q10,hybrid,default.qubit,10,2,2540,3013,1,forward,3,0.676118100
qubit_sweep,q10,hybrid,default.qubit,10,2,2540,3013,1,forward_quantum,3,0.675368200
qubit_sweep,q10,hybrid,default.qubit,10,2,2540,3013,1,forward_classical,3,0.000749900
qubit_sweep,q4,hybrid,default.qubit,4,2,2540,2569,2,forward,3,0.016989500
qubit_sweep,q4,hybrid,default.qubit,4,2,2540,2569,2,forward_quantum,3,0.016236900
qubit_sweep,q4,hybrid,default.qubit,4,2,2540,2569,2,forward_classical,3,0.000752600
qubit_sweep,q4,hybrid,default.qubit,4,2,2540,2569,2,first_grad,3,0.036546500
qubit_sweep,q4,hybrid,default.qubit,4,2,2540,2569,2,first_grad_quantum,3,0.034057500
qubit_sweep,q4,hybrid,default.qubit,4,2,2540,2569,2,first_grad_classical,3,0.002489000
qubit_sweep,q4,hybrid,default.qubit,4,2,2540,2569,2,second_grad,3,0.060915800
qubit_sweep,q4,hybrid,default.qubit,4,2,2540,2569,2,second_grad_quantum,3,0.041698300
qubit_sweep,q4,hybrid,default.qubit,4,2,2540,2569,2,second_grad_classical,3,0.019217500
qubit_sweep,q4,hybrid,default.qubit,4,2,2540,2569,2,param_grad,3,0.119446600
qubit_sweep,q4,hybrid,default.qubit,4,2,2540,2569,2,param_grad_quantum,3,0.054490400
qubit_sweep,q4,hybrid,default.qubit,4,2,2540,2569,2,param_grad_classical,3,0.064956200
qubit_sweep,q2,hybrid,default.qubit,2,2,2540,2421,0,forward,3,0.006654600
qubit_sweep,q2,hybrid,default.qubit,2,2,2540,2421,0,forward_quantum,3,0.005988400
qubit_sweep,q2,hybrid,default.qubit,2,2,2540,2421,0,forward_classical,3,0.000666200
qubit_sweep,q2,hybrid,default.qubit,2,2,2540,2421,0,first_grad,3,0.011009400
qubit_sweep,q2,hybrid,default.qubit,2,2,2540,2421,0,first_grad_quantum,3,0.009435800
qubit_sweep,q2,hybrid,default.qubit,2,2,2540,2421,0,first_grad_classical,3,0.001573600
qubit_sweep,q2,hybrid,default.qubit,2,2,2540,2421,0,second_grad,3,0.023267900
qubit_sweep,q2,hybrid,default.qubit,2,2,2540,2421,0,second_grad_quantum,3,0.012805700
qubit_sweep,q2,hybrid,default.qubit,2,2,2540,2421,0,second_grad_classical,3,0.010462200
qubit_sweep,q2,hybrid,default.qubit,2,2,2540,2421,0,param_grad,3,0.043548000
qubit_sweep,q2,hybrid,default.qubit,2,2,2540,2421,0,param_grad_quantum,3,0.019318900
qubit_sweep,q2,hybrid,default.qubit,2,2,2540,2421,0,param_grad_classical,3,0.024229100
qubit_sweep,q8,hybrid,default.qubit,8,2,2540,2865,0,forward,3,0.118253000
qubit_sweep,q8,hybrid,default.qubit,8,2,2540,2865,0,forward_quantum,3,0.117456800
qubit_sweep,q8,hybrid,default.qubit,8,2,2540,2865,0,forward_classical,3,0.000796200
qubit_sweep,q8,hybrid,default.qubit,8,2,2540,2865,0,first_grad,3,0.330825100
qubit_sweep,q8,hybrid,default.qubit,8,2,2540,2865,0,first_grad_quantum,3,0.299096300
qubit_sweep,q8,hybrid,default.qubit,8,2,2540,2865,0,first_grad_classical,3,0.031728800
qubit_sweep,q8,hybrid,default.qubit,8,2,2540,2865,0,second_grad,3,0.770320300
qubit_sweep,q8,hybrid,default.qubit,8,2,2540,2865,0,second_grad_quantum,3,0.496869800
qubit_sweep,q8,hybrid,default.qubit,8,2,2540,2865,0,second_grad_classical,3,0.273450500
qubit_sweep,q8,hybrid,default.qubit,8,2,2540,2865,0,param_grad,3,2.194119500
qubit_sweep,q8,hybrid,default.qubit,8,2,2540,2865,0,param_grad_quantum,3,0.832127500
qubit_sweep,q8,hybrid,default.qubit,8,2,2540,2865,0,param_grad_classical,3,1.361992000
qubit_sweep,q10,hybrid,default.qubit,10,2,2540,3013,0,forward,3,0.681424300
qubit_sweep,q10,hybrid,default.qubit,10,2,2540,3013,0,forward_quantum,3,0.680616500
qubit_sweep,q10,hybrid,default.qubit,10,2,2540,3013,0,forward_classical,3,0.000807800
qubit_sweep,q12,hybrid,default.qubit,12,2,2540,3161,0,forward,3,3.161393600
qubit_sweep,q12,hybrid,default.qubit,12,2,2540,3161,0,forward_quantum,3,3.160518100
qubit_sweep,q12,hybrid,default.qubit,12,2,2540,3161,0,forward_classical,3,0.000875500
qubit_sweep,q8,hybrid,default.qubit,8,2,2540,2865,1,forward,3,0.122582700
qubit_sweep,q8,hybrid,default.qubit,8,2,2540,2865,1,forward_quantum,3,0.121706300
qubit_sweep,q8,hybrid,default.qubit,8,2,2540,2865,1,forward_classical,3,0.000876400
qubit_sweep,q8,hybrid,default.qubit,8,2,2540,2865,1,first_grad,3,0.327808600
qubit_sweep,q8,hybrid,default.qubit,8,2,2540,2865,1,first_grad_quantum,3,0.304122300
qubit_sweep,q8,hybrid,default.qubit,8,2,2540,2865,1,first_grad_classical,3,0.023686300
qubit_sweep,q8,hybrid,default.qubit,8,2,2540,2865,1,second_grad,3,0.768868100
qubit_sweep,q8,hybrid,default.qubit,8,2,2540,2865,1,second_grad_quantum,3,0.504985300
qubit_sweep,q8,hybrid,default.qubit,8,2,2540,2865,1,second_grad_classical,3,0.263882800
qubit_sweep,q8,hybrid,default.qubit,8,2,2540,2865,1,param_grad,3,2.198120900
qubit_sweep,q8,hybrid,default.qubit,8,2,2540,2865,1,param_grad_quantum,3,0.846439400
qubit_sweep,q8,hybrid,default.qubit,8,2,2540,2865,1,param_grad_classical,3,1.351681500
qubit_sweep,q4,hybrid,default.qubit,4,2,2540,2569,0,forward,3,0.017388300
qubit_sweep,q4,hybrid,default.qubit,4,2,2540,2569,0,forward_quantum,3,0.016462700
qubit_sweep,q4,hybrid,default.qubit,4,2,2540,2569,0,forward_classical,3,0.000925600
qubit_sweep,q4,hybrid,default.qubit,4,2,2540,2569,0,first_grad,3,0.039069300
qubit_sweep,q4,hybrid,default.qubit,4,2,2540,2569,0,first_grad_quantum,3,0.036391300
qubit_sweep,q4,hybrid,default.qubit,4,2,2540,2569,0,first_grad_classical,3,0.002678000
qubit_sweep,q4,hybrid,default.qubit,4,2,2540,2569,0,second_grad,3,0.069299500
qubit_sweep,q4,hybrid,default.qubit,4,2,2540,2569,0,second_grad_quantum,3,0.045991800
qubit_sweep,q4,hybrid,default.qubit,4,2,2540,2569,0,second_grad_classical,3,0.023307700
qubit_sweep,q4,hybrid,default.qubit,4,2,2540,2569,0,param_grad,3,0.130143400
qubit_sweep,q4,hybrid,default.qubit,4,2,2540,2569,0,param_grad_quantum,3,0.058657400
qubit_sweep,q4,hybrid,default.qubit,4,2,2540,2569,0,param_grad_classical,3,0.071486000
qubit_sweep,q8,hybrid,default.qubit,8,2,2540,2865,2,forward,3,0.117648900
qubit_sweep,q8,hybrid,default.qubit,8,2,2540,2865,2,forward_quantum,3,0.116935100
qubit_sweep,q8,hybrid,default.qubit,8,2,2540,2865,2,forward_classical,3,0.000713800
qubit_sweep,q8,hybrid,default.qubit,8,2,2540,2865,2,first_grad,3,0.332293900
qubit_sweep,q8,hybrid,default.qubit,8,2,2540,2865,2,first_grad_quantum,3,0.300990600
qubit_sweep,q8,hybrid,default.qubit,8,2,2540,2865,2,first_grad_classical,3,0.031303300
qubit_sweep,q8,hybrid,default.qubit,8,2,2540,2865,2,second_grad,3,0.754117700
qubit_sweep,q8,hybrid,default.qubit,8,2,2540,2865,2,second_grad_quantum,3,0.490065700
qubit_sweep,q8,hybrid,default.qubit,8,2,2540,2865,2,second_grad_classical,3,0.264052000
qubit_sweep,q8,hybrid,default.qubit,8,2,2540,2865,2,param_grad,3,2.234356300
qubit_sweep,q8,hybrid,default.qubit,8,2,2540,2865,2,param_grad_quantum,3,0.811436900
qubit_sweep,q8,hybrid,default.qubit,8,2,2540,2865,2,param_grad_classical,3,1.422919400
qubit_sweep,q6,hybrid,default.qubit,6,2,2540,2717,1,forward,3,0.034528200
qubit_sweep,q6,hybrid,default.qubit,6,2,2540,2717,1,forward_quantum,3,0.033572600
qubit_sweep,q6,hybrid,default.qubit,6,2,2540,2717,1,forward_classical,3,0.000955600
qubit_sweep,q6,hybrid,default.qubit,6,2,2540,2717,1,first_grad,3,0.076518900
qubit_sweep,q6,hybrid,default.qubit,6,2,2540,2717,1,first_grad_quantum,3,0.072310800
qubit_sweep,q6,hybrid,default.qubit,6,2,2540,2717,1,first_grad_classical,3,0.004208100
qubit_sweep,q6,hybrid,default.qubit,6,2,2540,2717,1,second_grad,3,0.136902400
qubit_sweep,q6,hybrid,default.qubit,6,2,2540,2717,1,second_grad_quantum,3,0.095128700
qubit_sweep,q6,hybrid,default.qubit,6,2,2540,2717,1,second_grad_classical,3,0.041773700
qubit_sweep,q6,hybrid,default.qubit,6,2,2540,2717,1,param_grad,3,0.370033600
qubit_sweep,q6,hybrid,default.qubit,6,2,2540,2717,1,param_grad_quantum,3,0.148404600
qubit_sweep,q6,hybrid,default.qubit,6,2,2540,2717,1,param_grad_classical,3,0.221629000
qubit_sweep,q6,hybrid,default.qubit,6,2,2540,2717,2,forward,3,0.030843300
qubit_sweep,q6,hybrid,default.qubit,6,2,2540,2717,2,forward_quantum,3,0.030082900
qubit_sweep,q6,hybrid,default.qubit,6,2,2540,2717,2,forward_classical,3,0.000760400
qubit_sweep,q6,hybrid,default.qubit,6,2,2540,2717,2,first_grad,3,0.081161100
qubit_sweep,q6,hybrid,default.qubit,6,2,2540,2717,2,first_grad_quantum,3,0.076220500
qubit_sweep,q6,hybrid,default.qubit,6,2,2540,2717,2,first_grad_classical,3,0.004940600
qubit_sweep,q6,hybrid,default.qubit,6,2,2540,2717,2,second_grad,3,0.149374900
qubit_sweep,q6,hybrid,default.qubit,6,2,2540,2717,2,second_grad_quantum,3,0.102641500
qubit_sweep,q6,hybrid,default.qubit,6,2,2540,2717,2,second_grad_classical,3,0.046733400
qubit_sweep,q6,hybrid,default.qubit,6,2,2540,2717,2,param_grad,3,0.393296000
qubit_sweep,q6,hybrid,default.qubit,6,2,2540,2717,2,param_grad_quantum,3,0.157637000
qubit_sweep,q6,hybrid,default.qubit,6,2,2540,2717,2,param_grad_classical,3,0.235659000
qubit_sweep,q6,hybrid,default.qubit,6,2,2540,2717,0,forward,3,0.029604800
qubit_sweep,q6,hybrid,default.qubit,6,2,2540,2717,0,forward_quantum,3,0.028879600
qubit_sweep,q6,hybrid,default.qubit,6,2,2540,2717,0,forward_classical,3,0.000725200
qubit_sweep,q6,hybrid,default.qubit,6,2,2540,2717,0,first_grad,3,0.083092700
qubit_sweep,q6,hybrid,default.qubit,6,2,2540,2717,0,first_grad_quantum,3,0.078823700
qubit_sweep,q6,hybrid,default.qubit,6,2,2540,2717,0,first_grad_classical,3,0.004269000
qubit_sweep,q6,hybrid,default.qubit,6,2,2540,2717,0,second_grad,3,0.156703100
qubit_sweep,q6,hybrid,default.qubit,6,2,2540,2717,0,second_grad_quantum,3,0.106561700
qubit_sweep,q6,hybrid,default.qubit,6,2,2540,2717,0,second_grad_classical,3,0.050141400
qubit_sweep,q6,hybrid,default.qubit,6,2,2540,2717,0,param_grad,3,0.376637500
qubit_sweep,q6,hybrid,default.qubit,6,2,2540,2717,0,param_grad_quantum,3,0.151407100
qubit_sweep,q6,hybrid,default.qubit,6,2,2540,2717,0,param_grad_classical,3,0.225230400
qubit_sweep,q2,hybrid,default.qubit,2,2,2540,2421,2,forward,3,0.006606300
qubit_sweep,q2,hybrid,default.qubit,2,2,2540,2421,2,forward_quantum,3,0.005915500
qubit_sweep,q2,hybrid,default.qubit,2,2,2540,2421,2,forward_classical,3,0.000690800
qubit_sweep,q2,hybrid,default.qubit,2,2,2540,2421,2,first_grad,3,0.016383000
qubit_sweep,q2,hybrid,default.qubit,2,2,2540,2421,2,first_grad_quantum,3,0.014215900
qubit_sweep,q2,hybrid,default.qubit,2,2,2540,2421,2,first_grad_classical,3,0.002167100
qubit_sweep,q2,hybrid,default.qubit,2,2,2540,2421,2,second_grad,3,0.026103700
qubit_sweep,q2,hybrid,default.qubit,2,2,2540,2421,2,second_grad_quantum,3,0.014062400
qubit_sweep,q2,hybrid,default.qubit,2,2,2540,2421,2,second_grad_classical,3,0.012041300
qubit_sweep,q2,hybrid,default.qubit,2,2,2540,2421,2,param_grad,3,0.040406100
qubit_sweep,q2,hybrid,default.qubit,2,2,2540,2421,2,param_grad_quantum,3,0.018715200
qubit_sweep,q2,hybrid,default.qubit,2,2,2540,2421,2,param_grad_classical,3,0.021690900
qubit_sweep,q10,hybrid,default.qubit,10,2,2540,3013,2,forward,3,0.678014400
qubit_sweep,q10,hybrid,default.qubit,10,2,2540,3013,2,forward_quantum,3,0.677213300
qubit_sweep,q10,hybrid,default.qubit,10,2,2540,3013,2,forward_classical,3,0.000801100
qubit_sweep,q4,hybrid,default.qubit,4,2,2540,2569,1,forward,3,0.016494200
qubit_sweep,q4,hybrid,default.qubit,4,2,2540,2569,1,forward_quantum,3,0.015755300
qubit_sweep,q4,hybrid,default.qubit,4,2,2540,2569,1,forward_classical,3,0.000738900
qubit_sweep,q4,hybrid,default.qubit,4,2,2540,2569,1,first_grad,3,0.029552600
qubit_sweep,q4,hybrid,default.qubit,4,2,2540,2569,1,first_grad_quantum,3,0.027339100
qubit_sweep,q4,hybrid,default.qubit,4,2,2540,2569,1,first_grad_classical,3,0.002213500
qubit_sweep,q4,hybrid,default.qubit,4,2,2540,2569,1,second_grad,3,0.060166300
qubit_sweep,q4,hybrid,default.qubit,4,2,2540,2569,1,second_grad_quantum,3,0.038940200
qubit_sweep,q4,hybrid,default.qubit,4,2,2540,2569,1,second_grad_classical,3,0.021226100
qubit_sweep,q4,hybrid,default.qubit,4,2,2540,2569,1,param_grad,3,0.127652200
qubit_sweep,q4,hybrid,default.qubit,4,2,2540,2569,1,param_grad_quantum,3,0.056796800
qubit_sweep,q4,hybrid,default.qubit,4,2,2540,2569,1,param_grad_classical,3,0.070855400
qubit_sweep,q2,hybrid,default.qubit,2,2,2540,2421,1,forward,3,0.007593300
qubit_sweep,q2,hybrid,default.qubit,2,2,2540,2421,1,forward_quantum,3,0.006905200
qubit_sweep,q2,hybrid,default.qubit,2,2,2540,2421,1,forward_classical,3,0.000688100
qubit_sweep,q2,hybrid,default.qubit,2,2,2540,2421,1,first_grad,3,0.011871900
qubit_sweep,q2,hybrid,default.qubit,2,2,2540,2421,1,first_grad_quantum,3,0.010167600
qubit_sweep,q2,hybrid,default.qubit,2,2,2540,2421,1,first_grad_classical,3,0.001704300
qubit_sweep,q2,hybrid,default.qubit,2,2,2540,2421,1,second_grad,3,0.021428700
qubit_sweep,q2,hybrid,default.qubit,2,2,2540,2421,1,second_grad_quantum,3,0.012471700
qubit_sweep,q2,hybrid,default.qubit,2,2,2540,2421,1,second_grad_classical,3,0.008957000
qubit_sweep,q2,hybrid,default.qubit,2,2,2540,2421,1,param_grad,3,0.037698500
qubit_sweep,q2,hybrid,default.qubit,2,2,2540,2421,1,param_grad_quantum,3,0.016338600
qubit_sweep,q2,hybrid,default.qubit,2,2,2540,2421,1,param_grad_classical,3,0.021359900
qubit_sweep,q12,hybrid,default.qubit,12,2,2540,3161,0,forward,4,3.184691500
qubit_sweep,q12,hybrid,default.qubit,12,2,2540,3161,0,forward_quantum,4,3.183846200
qubit_sweep,q12,hybrid,default.qubit,12,2,2540,3161,0,forward_classical,4,0.000845300
qubit_sweep,q12,hybrid,default.qubit,12,2,2540,3161,2,forward,4,3.167285700
qubit_sweep,q12,hybrid,default.qubit,12,2,2540,3161,2,forward_quantum,4,3.166343700
qubit_sweep,q12,hybrid,default.qubit,12,2,2540,3161,2,forward_classical,4,0.000942000
qubit_sweep,q2,hybrid,default.qubit,2,2,2540,2421,0,forward,4,0.007209700
qubit_sweep,q2,hybrid,default.qubit,2,2,2540,2421,0,forward_quantum,4,0.006492100
qubit_sweep,q2,hybrid,default.qubit,2,2,2540,2421,0,forward_classical,4,0.000717600
qubit_sweep,q2,hybrid,default.qubit,2,2,2540,2421,0,first_grad,4,0.010093900
qubit_sweep,q2,hybrid,default.qubit,2,2,2540,2421,0,first_grad_quantum,4,0.008626500
qubit_sweep,q2,hybrid,default.qubit,2,2,2540,2421,0,first_grad_classical,4,0.001467400
qubit_sweep,q2,hybrid,default.qubit,2,2,2540,2421,0,second_grad,4,0.016676300
qubit_sweep,q2,hybrid,default.qubit,2,2,2540,2421,0,second_grad_quantum,4,0.010821000
qubit_sweep,q2,hybrid,default.qubit,2,2,2540,2421,0,second_grad_classical,4,0.005855300
qubit_sweep,q2,hybrid,default.qubit,2,2,2540,2421,0,param_grad,4,0.036727500
qubit_sweep,q2,hybrid,default.qubit,2,2,2540,2421,0,param_grad_quantum,4,0.016438900
qubit_sweep,q2,hybrid,default.qubit,2,2,2540,2421,0,param_grad_classical,4,0.020288600
qubit_sweep,q12,hybrid,default.qubit,12,2,2540,3161,1,forward,4,3.160083100
qubit_sweep,q12,hybrid,default.qubit,12,2,2540,3161,1,forward_quantum,4,3.159211800
qubit_sweep,q12,hybrid,default.qubit,12,2,2540,3161,1,forward_classical,4,0.000871300
qubit_sweep,q6,hybrid,default.qubit,6,2,2540,2717,2,forward,4,0.029724300
qubit_sweep,q6,hybrid,default.qubit,6,2,2540,2717,2,forward_quantum,4,0.028940600
qubit_sweep,q6,hybrid,default.qubit,6,2,2540,2717,2,forward_classical,4,0.000783700
qubit_sweep,q6,hybrid,default.qubit,6,2,2540,2717,2,first_grad,4,0.084799800
qubit_sweep,q6,hybrid,default.qubit,6,2,2540,2717,2,first_grad_quantum,4,0.080549800
qubit_sweep,q6,hybrid,default.qubit,6,2,2540,2717,2,first_grad_classical,4,0.004250000
qubit_sweep,q6,hybrid,default.qubit,6,2,2540,2717,2,second_grad,4,0.149118100
qubit_sweep,q6,hybrid,default.qubit,6,2,2540,2717,2,second_grad_quantum,4,0.104155600
qubit_sweep,q6,hybrid,default.qubit,6,2,2540,2717,2,second_grad_classical,4,0.044962500
qubit_sweep,q6,hybrid,default.qubit,6,2,2540,2717,2,param_grad,4,0.379415100
qubit_sweep,q6,hybrid,default.qubit,6,2,2540,2717,2,param_grad_quantum,4,0.163934900
qubit_sweep,q6,hybrid,default.qubit,6,2,2540,2717,2,param_grad_classical,4,0.215480200
qubit_sweep,q10,hybrid,default.qubit,10,2,2540,3013,2,forward,4,0.689763100
qubit_sweep,q10,hybrid,default.qubit,10,2,2540,3013,2,forward_quantum,4,0.688923700
qubit_sweep,q10,hybrid,default.qubit,10,2,2540,3013,2,forward_classical,4,0.000839400
qubit_sweep,q6,hybrid,default.qubit,6,2,2540,2717,0,forward,4,0.031158400
qubit_sweep,q6,hybrid,default.qubit,6,2,2540,2717,0,forward_quantum,4,0.030405100
qubit_sweep,q6,hybrid,default.qubit,6,2,2540,2717,0,forward_classical,4,0.000753300
qubit_sweep,q6,hybrid,default.qubit,6,2,2540,2717,0,first_grad,4,0.088356200
qubit_sweep,q6,hybrid,default.qubit,6,2,2540,2717,0,first_grad_quantum,4,0.084190900
qubit_sweep,q6,hybrid,default.qubit,6,2,2540,2717,0,first_grad_classical,4,0.004165300
qubit_sweep,q6,hybrid,default.qubit,6,2,2540,2717,0,second_grad,4,0.149608800
qubit_sweep,q6,hybrid,default.qubit,6,2,2540,2717,0,second_grad_quantum,4,0.104097300
qubit_sweep,q6,hybrid,default.qubit,6,2,2540,2717,0,second_grad_classical,4,0.045511500
qubit_sweep,q6,hybrid,default.qubit,6,2,2540,2717,0,param_grad,4,0.372176800
qubit_sweep,q6,hybrid,default.qubit,6,2,2540,2717,0,param_grad_quantum,4,0.150524400
qubit_sweep,q6,hybrid,default.qubit,6,2,2540,2717,0,param_grad_classical,4,0.221652400
qubit_sweep,q8,hybrid,default.qubit,8,2,2540,2865,2,forward,4,0.125631900
qubit_sweep,q8,hybrid,default.qubit,8,2,2540,2865,2,forward_quantum,4,0.124818500
qubit_sweep,q8,hybrid,default.qubit,8,2,2540,2865,2,forward_classical,4,0.000813400
qubit_sweep,q8,hybrid,default.qubit,8,2,2540,2865,2,first_grad,4,0.345382400
qubit_sweep,q8,hybrid,default.qubit,8,2,2540,2865,2,first_grad_quantum,4,0.309563300
qubit_sweep,q8,hybrid,default.qubit,8,2,2540,2865,2,first_grad_classical,4,0.035819100
qubit_sweep,q8,hybrid,default.qubit,8,2,2540,2865,2,second_grad,4,0.786410000
qubit_sweep,q8,hybrid,default.qubit,8,2,2540,2865,2,second_grad_quantum,4,0.506373900
qubit_sweep,q8,hybrid,default.qubit,8,2,2540,2865,2,second_grad_classical,4,0.280036100
qubit_sweep,q8,hybrid,default.qubit,8,2,2540,2865,2,param_grad,4,2.205747700
qubit_sweep,q8,hybrid,default.qubit,8,2,2540,2865,2,param_grad_quantum,4,0.822531600
qubit_sweep,q8,hybrid,default.qubit,8,2,2540,2865,2,param_grad_classical,4,1.383216100
qubit_sweep,q4,hybrid,default.qubit,4,2,2540,2569,0,forward,4,0.015466300
qubit_sweep,q4,hybrid,default.qubit,4,2,2540,2569,0,forward_quantum,4,0.014764000
qubit_sweep,q4,hybrid,default.qubit,4,2,2540,2569,0,forward_classical,4,0.000702300
qubit_sweep,q4,hybrid,default.qubit,4,2,2540,2569,0,first_grad,4,0.040411800
qubit_sweep,q4,hybrid,default.qubit,4,2,2540,2569,0,first_grad_quantum,4,0.035292200
qubit_sweep,q4,hybrid,default.qubit,4,2,2540,2569,0,first_grad_classical,4,0.005119600
qubit_sweep,q4,hybrid,default.qubit,4,2,2540,2569,0,second_grad,4,0.065061100
qubit_sweep,q4,hybrid,default.qubit,4,2,2540,2569,0,second_grad_quantum,4,0.042735200
qubit_sweep,q4,hybrid,default.qubit,4,2,2540,2569,0,second_grad_classical,4,0.022325900
qubit_sweep,q4,hybrid,default.qubit,4,2,2540,2569,0,param_grad,4,0.130652100
qubit_sweep,q4,hybrid,default.qubit,4,2,2540,2569,0,param_grad_quantum,4,0.060621500
qubit_sweep,q4,hybrid,default.qubit,4,2,2540,2569,0,param_grad_classical,4,0.070030600
qubit_sweep,q4,hybrid,default.qubit,4,2,2540,2569,1,forward,4,0.016295200
qubit_sweep,q4,hybrid,default.qubit,4,2,2540,2569,1,forward_quantum,4,0.015570700
qubit_sweep,q4,hybrid,default.qubit,4,2,2540,2569,1,forward_classical,4,0.000724500
qubit_sweep,q4,hybrid,default.qubit,4,2,2540,2569,1,first_grad,4,0.029927800
qubit_sweep,q4,hybrid,default.qubit,4,2,2540,2569,1,first_grad_quantum,4,0.025786600
qubit_sweep,q4,hybrid,default.qubit,4,2,2540,2569,1,first_grad_classical,4,0.004141200
qubit_sweep,q4,hybrid,default.qubit,4,2,2540,2569,1,second_grad,4,0.056030500
qubit_sweep,q4,hybrid,default.qubit,4,2,2540,2569,1,second_grad_quantum,4,0.039008600
qubit_sweep,q4,hybrid,default.qubit,4,2,2540,2569,1,second_grad_classical,4,0.017021900
qubit_sweep,q4,hybrid,default.qubit,4,2,2540,2569,1,param_grad,4,0.122018100
qubit_sweep,q4,hybrid,default.qubit,4,2,2540,2569,1,param_grad_quantum,4,0.056085600
qubit_sweep,q4,hybrid,default.qubit,4,2,2540,2569,1,param_grad_classical,4,0.065932500
qubit_sweep,q10,hybrid,default.qubit,10,2,2540,3013,0,forward,4,0.661956200
qubit_sweep,q10,hybrid,default.qubit,10,2,2540,3013,0,forward_quantum,4,0.661123900
qubit_sweep,q10,hybrid,default.qubit,10,2,2540,3013,0,forward_classical,4,0.000832300
qubit_sweep,q4,hybrid,default.qubit,4,2,2540,2569,2,forward,4,0.016115700
qubit_sweep,q4,hybrid,default.qubit,4,2,2540,2569,2,forward_quantum,4,0.015367900
qubit_sweep,q4,hybrid,default.qubit,4,2,2540,2569,2,forward_classical,4,0.000747800
qubit_sweep,q4,hybrid,default.qubit,4,2,2540,2569,2,first_grad,4,0.030207400
qubit_sweep,q4,hybrid,default.qubit,4,2,2540,2569,2,first_grad_quantum,4,0.025800100
qubit_sweep,q4,hybrid,default.qubit,4,2,2540,2569,2,first_grad_classical,4,0.004407300
qubit_sweep,q4,hybrid,default.qubit,4,2,2540,2569,2,second_grad,4,0.064789300
qubit_sweep,q4,hybrid,default.qubit,4,2,2540,2569,2,second_grad_quantum,4,0.042605500
qubit_sweep,q4,hybrid,default.qubit,4,2,2540,2569,2,second_grad_classical,4,0.022183800
qubit_sweep,q4,hybrid,default.qubit,4,2,2540,2569,2,param_grad,4,0.127252000
qubit_sweep,q4,hybrid,default.qubit,4,2,2540,2569,2,param_grad_quantum,4,0.058646700
qubit_sweep,q4,hybrid,default.qubit,4,2,2540,2569,2,param_grad_classical,4,0.068605300
qubit_sweep,q6,hybrid,default.qubit,6,2,2540,2717,1,forward,4,0.032676800
qubit_sweep,q6,hybrid,default.qubit,6,2,2540,2717,1,forward_quantum,4,0.031809100
qubit_sweep,q6,hybrid,default.qubit,6,2,2540,2717,1,forward_classical,4,0.000867700
qubit_sweep,q6,hybrid,default.qubit,6,2,2540,2717,1,first_grad,4,0.072280500
qubit_sweep,q6,hybrid,default.qubit,6,2,2540,2717,1,first_grad_quantum,4,0.068217400
qubit_sweep,q6,hybrid,default.qubit,6,2,2540,2717,1,first_grad_classical,4,0.004063100
qubit_sweep,q6,hybrid,default.qubit,6,2,2540,2717,1,second_grad,4,0.137856100
qubit_sweep,q6,hybrid,default.qubit,6,2,2540,2717,1,second_grad_quantum,4,0.096210700
qubit_sweep,q6,hybrid,default.qubit,6,2,2540,2717,1,second_grad_classical,4,0.041645400
qubit_sweep,q6,hybrid,default.qubit,6,2,2540,2717,1,param_grad,4,0.382971500
qubit_sweep,q6,hybrid,default.qubit,6,2,2540,2717,1,param_grad_quantum,4,0.155358800
qubit_sweep,q6,hybrid,default.qubit,6,2,2540,2717,1,param_grad_classical,4,0.227612700
qubit_sweep,q8,hybrid,default.qubit,8,2,2540,2865,1,forward,4,0.120291300
qubit_sweep,q8,hybrid,default.qubit,8,2,2540,2865,1,forward_quantum,4,0.119462400
qubit_sweep,q8,hybrid,default.qubit,8,2,2540,2865,1,forward_classical,4,0.000828900
qubit_sweep,q8,hybrid,default.qubit,8,2,2540,2865,1,first_grad,4,0.332434700
qubit_sweep,q8,hybrid,default.qubit,8,2,2540,2865,1,first_grad_quantum,4,0.302208500
qubit_sweep,q8,hybrid,default.qubit,8,2,2540,2865,1,first_grad_classical,4,0.030226200
qubit_sweep,q8,hybrid,default.qubit,8,2,2540,2865,1,second_grad,4,0.785831100
qubit_sweep,q8,hybrid,default.qubit,8,2,2540,2865,1,second_grad_quantum,4,0.506385100
qubit_sweep,q8,hybrid,default.qubit,8,2,2540,2865,1,second_grad_classical,4,0.279446000
qubit_sweep,q8,hybrid,default.qubit,8,2,2540,2865,1,param_grad,4,2.223620200
qubit_sweep,q8,hybrid,default.qubit,8,2,2540,2865,1,param_grad_quantum,4,0.846061800
qubit_sweep,q8,hybrid,default.qubit,8,2,2540,2865,1,param_grad_classical,4,1.377558400
qubit_sweep,q2,hybrid,default.qubit,2,2,2540,2421,2,forward,4,0.006784000
qubit_sweep,q2,hybrid,default.qubit,2,2,2540,2421,2,forward_quantum,4,0.006077300
qubit_sweep,q2,hybrid,default.qubit,2,2,2540,2421,2,forward_classical,4,0.000706700
qubit_sweep,q2,hybrid,default.qubit,2,2,2540,2421,2,first_grad,4,0.013410500
qubit_sweep,q2,hybrid,default.qubit,2,2,2540,2421,2,first_grad_quantum,4,0.011575100
qubit_sweep,q2,hybrid,default.qubit,2,2,2540,2421,2,first_grad_classical,4,0.001835400
qubit_sweep,q2,hybrid,default.qubit,2,2,2540,2421,2,second_grad,4,0.027831300
qubit_sweep,q2,hybrid,default.qubit,2,2,2540,2421,2,second_grad_quantum,4,0.014725300
qubit_sweep,q2,hybrid,default.qubit,2,2,2540,2421,2,second_grad_classical,4,0.013106000
qubit_sweep,q2,hybrid,default.qubit,2,2,2540,2421,2,param_grad,4,0.041734800
qubit_sweep,q2,hybrid,default.qubit,2,2,2540,2421,2,param_grad_quantum,4,0.018627900
qubit_sweep,q2,hybrid,default.qubit,2,2,2540,2421,2,param_grad_classical,4,0.023106900
qubit_sweep,q2,hybrid,default.qubit,2,2,2540,2421,1,forward,4,0.006620100
qubit_sweep,q2,hybrid,default.qubit,2,2,2540,2421,1,forward_quantum,4,0.005950600
qubit_sweep,q2,hybrid,default.qubit,2,2,2540,2421,1,forward_classical,4,0.000669500
qubit_sweep,q2,hybrid,default.qubit,2,2,2540,2421,1,first_grad,4,0.010774200
qubit_sweep,q2,hybrid,default.qubit,2,2,2540,2421,1,first_grad_quantum,4,0.009198500
qubit_sweep,q2,hybrid,default.qubit,2,2,2540,2421,1,first_grad_classical,4,0.001575700
qubit_sweep,q2,hybrid,default.qubit,2,2,2540,2421,1,second_grad,4,0.020181700
qubit_sweep,q2,hybrid,default.qubit,2,2,2540,2421,1,second_grad_quantum,4,0.013101900
qubit_sweep,q2,hybrid,default.qubit,2,2,2540,2421,1,second_grad_classical,4,0.007079800
qubit_sweep,q2,hybrid,default.qubit,2,2,2540,2421,1,param_grad,4,0.041791300
qubit_sweep,q2,hybrid,default.qubit,2,2,2540,2421,1,param_grad_quantum,4,0.018231700
qubit_sweep,q2,hybrid,default.qubit,2,2,2540,2421,1,param_grad_classical,4,0.023559600
qubit_sweep,q10,hybrid,default.qubit,10,2,2540,3013,1,forward,4,0.658812400
qubit_sweep,q10,hybrid,default.qubit,10,2,2540,3013,1,forward_quantum,4,0.657797100
qubit_sweep,q10,hybrid,default.qubit,10,2,2540,3013,1,forward_classical,4,0.001015300
qubit_sweep,q8,hybrid,default.qubit,8,2,2540,2865,0,forward,4,0.117293300
qubit_sweep,q8,hybrid,default.qubit,8,2,2540,2865,0,forward_quantum,4,0.116549200
qubit_sweep,q8,hybrid,default.qubit,8,2,2540,2865,0,forward_classical,4,0.000744100
qubit_sweep,q8,hybrid,default.qubit,8,2,2540,2865,0,first_grad,4,0.327050100
qubit_sweep,q8,hybrid,default.qubit,8,2,2540,2865,0,first_grad_quantum,4,0.295168200
qubit_sweep,q8,hybrid,default.qubit,8,2,2540,2865,0,first_grad_classical,4,0.031881900
qubit_sweep,q8,hybrid,default.qubit,8,2,2540,2865,0,second_grad,4,0.782152500
qubit_sweep,q8,hybrid,default.qubit,8,2,2540,2865,0,second_grad_quantum,4,0.501638500
qubit_sweep,q8,hybrid,default.qubit,8,2,2540,2865,0,second_grad_classical,4,0.280514000
qubit_sweep,q8,hybrid,default.qubit,8,2,2540,2865,0,param_grad,4,2.205509900
qubit_sweep,q8,hybrid,default.qubit,8,2,2540,2865,0,param_grad_quantum,4,0.847880500
qubit_sweep,q8,hybrid,default.qubit,8,2,2540,2865,0,param_grad_classical,4,1.357629400
qubit_sweep,q10,hybrid,default.qubit,10,2,2540,3013,0,forward,5,0.672045500
qubit_sweep,q10,hybrid,default.qubit,10,2,2540,3013,0,forward_quantum,5,0.671017800
qubit_sweep,q10,hybrid,default.qubit,10,2,2540,3013,0,forward_classical,5,0.001027700
qubit_sweep,q12,hybrid,default.qubit,12,2,2540,3161,2,forward,5,3.181001800
qubit_sweep,q12,hybrid,default.qubit,12,2,2540,3161,2,forward_quantum,5,3.180100200
qubit_sweep,q12,hybrid,default.qubit,12,2,2540,3161,2,forward_classical,5,0.000901600
qubit_sweep,q4,hybrid,default.qubit,4,2,2540,2569,1,forward,5,0.015353700
qubit_sweep,q4,hybrid,default.qubit,4,2,2540,2569,1,forward_quantum,5,0.014664200
qubit_sweep,q4,hybrid,default.qubit,4,2,2540,2569,1,forward_classical,5,0.000689500
qubit_sweep,q4,hybrid,default.qubit,4,2,2540,2569,1,first_grad,5,0.034916300
qubit_sweep,q4,hybrid,default.qubit,4,2,2540,2569,1,first_grad_quantum,5,0.032503400
qubit_sweep,q4,hybrid,default.qubit,4,2,2540,2569,1,first_grad_classical,5,0.002412900
qubit_sweep,q4,hybrid,default.qubit,4,2,2540,2569,1,second_grad,5,0.064417400
qubit_sweep,q4,hybrid,default.qubit,4,2,2540,2569,1,second_grad_quantum,5,0.041736000
qubit_sweep,q4,hybrid,default.qubit,4,2,2540,2569,1,second_grad_classical,5,0.022681400
qubit_sweep,q4,hybrid,default.qubit,4,2,2540,2569,1,param_grad,5,0.129092700
qubit_sweep,q4,hybrid,default.qubit,4,2,2540,2569,1,param_grad_quantum,5,0.059955300
qubit_sweep,q4,hybrid,default.qubit,4,2,2540,2569,1,param_grad_classical,5,0.069137400
qubit_sweep,q4,hybrid,default.qubit,4,2,2540,2569,2,forward,5,0.015909300
qubit_sweep,q4,hybrid,default.qubit,4,2,2540,2569,2,forward_quantum,5,0.015175400
qubit_sweep,q4,hybrid,default.qubit,4,2,2540,2569,2,forward_classical,5,0.000733900
qubit_sweep,q4,hybrid,default.qubit,4,2,2540,2569,2,first_grad,5,0.033453600
qubit_sweep,q4,hybrid,default.qubit,4,2,2540,2569,2,first_grad_quantum,5,0.028800700
qubit_sweep,q4,hybrid,default.qubit,4,2,2540,2569,2,first_grad_classical,5,0.004652900
qubit_sweep,q4,hybrid,default.qubit,4,2,2540,2569,2,second_grad,5,0.063669600
qubit_sweep,q4,hybrid,default.qubit,4,2,2540,2569,2,second_grad_quantum,5,0.041747800
qubit_sweep,q4,hybrid,default.qubit,4,2,2540,2569,2,second_grad_classical,5,0.021921800
qubit_sweep,q4,hybrid,default.qubit,4,2,2540,2569,2,param_grad,5,0.134998100
qubit_sweep,q4,hybrid,default.qubit,4,2,2540,2569,2,param_grad_quantum,5,0.061997100
qubit_sweep,q4,hybrid,default.qubit,4,2,2540,2569,2,param_grad_classical,5,0.073001000
qubit_sweep,q10,hybrid,default.qubit,10,2,2540,3013,1,forward,5,0.672293400
qubit_sweep,q10,hybrid,default.qubit,10,2,2540,3013,1,forward_quantum,5,0.671345900
qubit_sweep,q10,hybrid,default.qubit,10,2,2540,3013,1,forward_classical,5,0.000947500
qubit_sweep,q2,hybrid,default.qubit,2,2,2540,2421,1,forward,5,0.007843400
qubit_sweep,q2,hybrid,default.qubit,2,2,2540,2421,1,forward_quantum,5,0.007047600
qubit_sweep,q2,hybrid,default.qubit,2,2,2540,2421,1,forward_classical,5,0.000795800
qubit_sweep,q2,hybrid,default.qubit,2,2,2540,2421,1,first_grad,5,0.012312000
qubit_sweep,q2,hybrid,default.qubit,2,2,2540,2421,1,first_grad_quantum,5,0.010586600
qubit_sweep,q2,hybrid,default.qubit,2,2,2540,2421,1,first_grad_classical,5,0.001725400
qubit_sweep,q2,hybrid,default.qubit,2,2,2540,2421,1,second_grad,5,0.017866800
qubit_sweep,q2,hybrid,default.qubit,2,2,2540,2421,1,second_grad_quantum,5,0.011366800
qubit_sweep,q2,hybrid,default.qubit,2,2,2540,2421,1,second_grad_classical,5,0.006500000
qubit_sweep,q2,hybrid,default.qubit,2,2,2540,2421,1,param_grad,5,0.039398600
qubit_sweep,q2,hybrid,default.qubit,2,2,2540,2421,1,param_grad_quantum,5,0.018445300
qubit_sweep,q2,hybrid,default.qubit,2,2,2540,2421,1,param_grad_classical,5,0.020953300
qubit_sweep,q6,hybrid,default.qubit,6,2,2540,2717,2,forward,5,0.030876000
qubit_sweep,q6,hybrid,default.qubit,6,2,2540,2717,2,forward_quantum,5,0.030160300
qubit_sweep,q6,hybrid,default.qubit,6,2,2540,2717,2,forward_classical,5,0.000715700
qubit_sweep,q6,hybrid,default.qubit,6,2,2540,2717,2,first_grad,5,0.077892700
qubit_sweep,q6,hybrid,default.qubit,6,2,2540,2717,2,first_grad_quantum,5,0.073416900
qubit_sweep,q6,hybrid,default.qubit,6,2,2540,2717,2,first_grad_classical,5,0.004475800
qubit_sweep,q6,hybrid,default.qubit,6,2,2540,2717,2,second_grad,5,0.144623400
qubit_sweep,q6,hybrid,default.qubit,6,2,2540,2717,2,second_grad_quantum,5,0.102781700
qubit_sweep,q6,hybrid,default.qubit,6,2,2540,2717,2,second_grad_classical,5,0.041841700
qubit_sweep,q6,hybrid,default.qubit,6,2,2540,2717,2,param_grad,5,0.368699900
qubit_sweep,q6,hybrid,default.qubit,6,2,2540,2717,2,param_grad_quantum,5,0.147118500
qubit_sweep,q6,hybrid,default.qubit,6,2,2540,2717,2,param_grad_classical,5,0.221581400
qubit_sweep,q4,hybrid,default.qubit,4,2,2540,2569,0,forward,5,0.018075300
qubit_sweep,q4,hybrid,default.qubit,4,2,2540,2569,0,forward_quantum,5,0.017381100
qubit_sweep,q4,hybrid,default.qubit,4,2,2540,2569,0,forward_classical,5,0.000694200
qubit_sweep,q4,hybrid,default.qubit,4,2,2540,2569,0,first_grad,5,0.030978500
qubit_sweep,q4,hybrid,default.qubit,4,2,2540,2569,0,first_grad_quantum,5,0.028698600
qubit_sweep,q4,hybrid,default.qubit,4,2,2540,2569,0,first_grad_classical,5,0.002279900
qubit_sweep,q4,hybrid,default.qubit,4,2,2540,2569,0,second_grad,5,0.059201300
qubit_sweep,q4,hybrid,default.qubit,4,2,2540,2569,0,second_grad_quantum,5,0.040242600
qubit_sweep,q4,hybrid,default.qubit,4,2,2540,2569,0,second_grad_classical,5,0.018958700
qubit_sweep,q4,hybrid,default.qubit,4,2,2540,2569,0,param_grad,5,0.118187200
qubit_sweep,q4,hybrid,default.qubit,4,2,2540,2569,0,param_grad_quantum,5,0.054755800
qubit_sweep,q4,hybrid,default.qubit,4,2,2540,2569,0,param_grad_classical,5,0.063431400
qubit_sweep,q6,hybrid,default.qubit,6,2,2540,2717,1,forward,5,0.030260500
qubit_sweep,q6,hybrid,default.qubit,6,2,2540,2717,1,forward_quantum,5,0.029527300
qubit_sweep,q6,hybrid,default.qubit,6,2,2540,2717,1,forward_classical,5,0.000733200
qubit_sweep,q6,hybrid,default.qubit,6,2,2540,2717,1,first_grad,5,0.079310200
qubit_sweep,q6,hybrid,default.qubit,6,2,2540,2717,1,first_grad_quantum,5,0.073846500
qubit_sweep,q6,hybrid,default.qubit,6,2,2540,2717,1,first_grad_classical,5,0.005463700
qubit_sweep,q6,hybrid,default.qubit,6,2,2540,2717,1,second_grad,5,0.145710100
qubit_sweep,q6,hybrid,default.qubit,6,2,2540,2717,1,second_grad_quantum,5,0.101506100
qubit_sweep,q6,hybrid,default.qubit,6,2,2540,2717,1,second_grad_classical,5,0.044204000
qubit_sweep,q6,hybrid,default.qubit,6,2,2540,2717,1,param_grad,5,0.377278800
qubit_sweep,q6,hybrid,default.qubit,6,2,2540,2717,1,param_grad_quantum,5,0.149879000
qubit_sweep,q6,hybrid,default.qubit,6,2,2540,2717,1,param_grad_classical,5,0.227399800
qubit_sweep,q12,hybrid,default.qubit,12,2,2540,3161,0,forward,5,3.172972600
qubit_sweep,q12,hybrid,default.qubit,12,2,2540,3161,0,forward_quantum,5,3.172044500
qubit_sweep,q12,hybrid,default.qubit,12,2,2540,3161,0,forward_classical,5,0.000928100
qubit_sweep,q2,hybrid,default.qubit,2,2,2540,2421,2,forward,5,0.007817600
qubit_sweep,q2,hybrid,default.qubit,2,2,2540,2421,2,forward_quantum,5,0.007084300
qubit_sweep,q2,hybrid,default.qubit,2,2,2540,2421,2,forward_classical,5,0.000733300
qubit_sweep,q2,hybrid,default.qubit,2,2,2540,2421,2,first_grad,5,0.019524900
qubit_sweep,q2,hybrid,default.qubit,2,2,2540,2421,2,first_grad_quantum,5,0.011836200
qubit_sweep,q2,hybrid,default.qubit,2,2,2540,2421,2,first_grad_classical,5,0.007688700
qubit_sweep,q2,hybrid,default.qubit,2,2,2540,2421,2,second_grad,5,0.023279500
qubit_sweep,q2,hybrid,default.qubit,2,2,2540,2421,2,second_grad_quantum,5,0.014408800
qubit_sweep,q2,hybrid,default.qubit,2,2,2540,2421,2,second_grad_classical,5,0.008870700
qubit_sweep,q2,hybrid,default.qubit,2,2,2540,2421,2,param_grad,5,0.040379200
qubit_sweep,q2,hybrid,default.qubit,2,2,2540,2421,2,param_grad_quantum,5,0.017270600
qubit_sweep,q2,hybrid,default.qubit,2,2,2540,2421,2,param_grad_classical,5,0.023108600
qubit_sweep,q12,hybrid,default.qubit,12,2,2540,3161,1,forward,5,3.169532100
qubit_sweep,q12,hybrid,default.qubit,12,2,2540,3161,1,forward_quantum,5,3.168642800
qubit_sweep,q12,hybrid,default.qubit,12,2,2540,3161,1,forward_classical,5,0.000889300
qubit_sweep,q2,hybrid,default.qubit,2,2,2540,2421,0,forward,5,0.007874700
qubit_sweep,q2,hybrid,default.qubit,2,2,2540,2421,0,forward_quantum,5,0.007113400
qubit_sweep,q2,hybrid,default.qubit,2,2,2540,2421,0,forward_classical,5,0.000761300
qubit_sweep,q2,hybrid,default.qubit,2,2,2540,2421,0,first_grad,5,0.012349500
qubit_sweep,q2,hybrid,default.qubit,2,2,2540,2421,0,first_grad_quantum,5,0.010546200
qubit_sweep,q2,hybrid,default.qubit,2,2,2540,2421,0,first_grad_classical,5,0.001803300
qubit_sweep,q2,hybrid,default.qubit,2,2,2540,2421,0,second_grad,5,0.020469900
qubit_sweep,q2,hybrid,default.qubit,2,2,2540,2421,0,second_grad_quantum,5,0.012605900
qubit_sweep,q2,hybrid,default.qubit,2,2,2540,2421,0,second_grad_classical,5,0.007864000
qubit_sweep,q2,hybrid,default.qubit,2,2,2540,2421,0,param_grad,5,0.037422200
qubit_sweep,q2,hybrid,default.qubit,2,2,2540,2421,0,param_grad_quantum,5,0.016222100
qubit_sweep,q2,hybrid,default.qubit,2,2,2540,2421,0,param_grad_classical,5,0.021200100
qubit_sweep,q6,hybrid,default.qubit,6,2,2540,2717,0,forward,5,0.030454700
qubit_sweep,q6,hybrid,default.qubit,6,2,2540,2717,0,forward_quantum,5,0.029663700
qubit_sweep,q6,hybrid,default.qubit,6,2,2540,2717,0,forward_classical,5,0.000791000
qubit_sweep,q6,hybrid,default.qubit,6,2,2540,2717,0,first_grad,5,0.089874000
qubit_sweep,q6,hybrid,default.qubit,6,2,2540,2717,0,first_grad_quantum,5,0.084459400
qubit_sweep,q6,hybrid,default.qubit,6,2,2540,2717,0,first_grad_classical,5,0.005414600
qubit_sweep,q6,hybrid,default.qubit,6,2,2540,2717,0,second_grad,5,0.152704700
qubit_sweep,q6,hybrid,default.qubit,6,2,2540,2717,0,second_grad_quantum,5,0.104128100
qubit_sweep,q6,hybrid,default.qubit,6,2,2540,2717,0,second_grad_classical,5,0.048576600
qubit_sweep,q6,hybrid,default.qubit,6,2,2540,2717,0,param_grad,5,0.392152100
qubit_sweep,q6,hybrid,default.qubit,6,2,2540,2717,0,param_grad_quantum,5,0.151736200
qubit_sweep,q6,hybrid,default.qubit,6,2,2540,2717,0,param_grad_classical,5,0.240415900
qubit_sweep,q10,hybrid,default.qubit,10,2,2540,3013,2,forward,5,0.680765200
qubit_sweep,q10,hybrid,default.qubit,10,2,2540,3013,2,forward_quantum,5,0.679973200
qubit_sweep,q10,hybrid,default.qubit,10,2,2540,3013,2,forward_classical,5,0.000792000
qubit_sweep,q2,hybrid,default.qubit,2,2,2540,2421,0,forward,6,0.008205600
qubit_sweep,q2,hybrid,default.qubit,2,2,2540,2421,0,forward_quantum,6,0.007319300
qubit_sweep,q2,hybrid,default.qubit,2,2,2540,2421,0,forward_classical,6,0.000886300
qubit_sweep,q2,hybrid,default.qubit,2,2,2540,2421,0,first_grad,6,0.016349200
qubit_sweep,q2,hybrid,default.qubit,2,2,2540,2421,0,first_grad_quantum,6,0.014181800
qubit_sweep,q2,hybrid,default.qubit,2,2,2540,2421,0,first_grad_classical,6,0.002167400
qubit_sweep,q2,hybrid,default.qubit,2,2,2540,2421,0,second_grad,6,0.022450400
qubit_sweep,q2,hybrid,default.qubit,2,2,2540,2421,0,second_grad_quantum,6,0.014171500
qubit_sweep,q2,hybrid,default.qubit,2,2,2540,2421,0,second_grad_classical,6,0.008278900
qubit_sweep,q2,hybrid,default.qubit,2,2,2540,2421,0,param_grad,6,0.035258000
qubit_sweep,q2,hybrid,default.qubit,2,2,2540,2421,0,param_grad_quantum,6,0.015573800
qubit_sweep,q2,hybrid,default.qubit,2,2,2540,2421,0,param_grad_classical,6,0.019684200
qubit_sweep,q4,hybrid,default.qubit,4,2,2540,2569,2,forward,6,0.016425300
qubit_sweep,q4,hybrid,default.qubit,4,2,2540,2569,2,forward_quantum,6,0.015696300
qubit_sweep,q4,hybrid,default.qubit,4,2,2540,2569,2,forward_classical,6,0.000729000
qubit_sweep,q4,hybrid,default.qubit,4,2,2540,2569,2,first_grad,6,0.031522000
qubit_sweep,q4,hybrid,default.qubit,4,2,2540,2569,2,first_grad_quantum,6,0.028927200
qubit_sweep,q4,hybrid,default.qubit,4,2,2540,2569,2,first_grad_classical,6,0.002594800
qubit_sweep,q4,hybrid,default.qubit,4,2,2540,2569,2,second_grad,6,0.060988800
qubit_sweep,q4,hybrid,default.qubit,4,2,2540,2569,2,second_grad_quantum,6,0.039868200
qubit_sweep,q4,hybrid,default.qubit,4,2,2540,2569,2,second_grad_classical,6,0.021120600
qubit_sweep,q4,hybrid,default.qubit,4,2,2540,2569,2,param_grad,6,0.122630100
qubit_sweep,q4,hybrid,default.qubit,4,2,2540,2569,2,param_grad_quantum,6,0.055515600
qubit_sweep,q4,hybrid,default.qubit,4,2,2540,2569,2,param_grad_classical,6,0.067114500
qubit_sweep,q6,hybrid,default.qubit,6,2,2540,2717,0,forward,6,0.032283800
qubit_sweep,q6,hybrid,default.qubit,6,2,2540,2717,0,forward_quantum,6,0.031453900
qubit_sweep,q6,hybrid,default.qubit,6,2,2540,2717,0,forward_classical,6,0.000829900
qubit_sweep,q6,hybrid,default.qubit,6,2,2540,2717,0,first_grad,6,0.088637300
qubit_sweep,q6,hybrid,default.qubit,6,2,2540,2717,0,first_grad_quantum,6,0.082952800
qubit_sweep,q6,hybrid,default.qubit,6,2,2540,2717,0,first_grad_classical,6,0.005684500
qubit_sweep,q6,hybrid,default.qubit,6,2,2540,2717,0,second_grad,6,0.162111100
qubit_sweep,q6,hybrid,default.qubit,6,2,2540,2717,0,second_grad_quantum,6,0.108749200
qubit_sweep,q6,hybrid,default.qubit,6,2,2540,2717,0,second_grad_classical,6,0.053361900
qubit_sweep,q6,hybrid,default.qubit,6,2,2540,2717,0,param_grad,6,0.388177400
qubit_sweep,q6,hybrid,default.qubit,6,2,2540,2717,0,param_grad_quantum,6,0.159829200
qubit_sweep,q6,hybrid,default.qubit,6,2,2540,2717,0,param_grad_classical,6,0.228348200
qubit_sweep,q10,hybrid,default.qubit,10,2,2540,3013,0,forward,6,0.671299100
qubit_sweep,q10,hybrid,default.qubit,10,2,2540,3013,0,forward_quantum,6,0.670454200
qubit_sweep,q10,hybrid,default.qubit,10,2,2540,3013,0,forward_classical,6,0.000844900
qubit_sweep,q4,hybrid,default.qubit,4,2,2540,2569,1,forward,6,0.014383400
qubit_sweep,q4,hybrid,default.qubit,4,2,2540,2569,1,forward_quantum,6,0.013694800
qubit_sweep,q4,hybrid,default.qubit,4,2,2540,2569,1,forward_classical,6,0.000688600
qubit_sweep,q4,hybrid,default.qubit,4,2,2540,2569,1,first_grad,6,0.030373800
qubit_sweep,q4,hybrid,default.qubit,4,2,2540,2569,1,first_grad_quantum,6,0.025264100
qubit_sweep,q4,hybrid,default.qubit,4,2,2540,2569,1,first_grad_classical,6,0.005109700
qubit_sweep,q4,hybrid,default.qubit,4,2,2540,2569,1,second_grad,6,0.065200300
qubit_sweep,q4,hybrid,default.qubit,4,2,2540,2569,1,second_grad_quantum,6,0.043058300
qubit_sweep,q4,hybrid,default.qubit,4,2,2540,2569,1,second_grad_classical,6,0.022142000
qubit_sweep,q4,hybrid,default.qubit,4,2,2540,2569,1,param_grad,6,0.114478300
qubit_sweep,q4,hybrid,default.qubit,4,2,2540,2569,1,param_grad_quantum,6,0.050086700
qubit_sweep,q4,hybrid,default.qubit,4,2,2540,2569,1,param_grad_classical,6,0.064391600
qubit_sweep,q4,hybrid,default.qubit,4,2,2540,2569,0,forward,6,0.017243400
qubit_sweep,q4,hybrid,default.qubit,4,2,2540,2569,0,forward_quantum,6,0.016441000
qubit_sweep,q4,hybrid,default.qubit,4,2,2540,2569,0,forward_classical,6,0.000802400
qubit_sweep,q4,hybrid,default.qubit,4,2,2540,2569,0,first_grad,6,0.032814700
qubit_sweep,q4,hybrid,default.qubit,4,2,2540,2569,0,first_grad_quantum,6,0.028339800
qubit_sweep,q4,hybrid,default.qubit,4,2,2540,2569,0,first_grad_classical,6,0.004474900
qubit_sweep,q4,hybrid,default.qubit,4,2,2540,2569,0,second_grad,6,0.057340300
qubit_sweep,q4,hybrid,default.qubit,4,2,2540,2569,0,second_grad_quantum,6,0.040151600
qubit_sweep,q4,hybrid,default.qubit,4,2,2540,2569,0,second_grad_classical,6,0.017188700
qubit_sweep,q4,hybrid,default.qubit,4,2,2540,2569,0,param_grad,6,0.125506500
qubit_sweep,q4,hybrid,default.qubit,4,2,2540,2569,0,param_grad_quantum,6,0.056840500
qubit_sweep,q4,hybrid,default.qubit,4,2,2540,2569,0,param_grad_classical,6,0.068666000
qubit_sweep,q10,hybrid,default.qubit,10,2,2540,3013,1,forward,6,0.672584200
qubit_sweep,q10,hybrid,default.qubit,10,2,2540,3013,1,forward_quantum,6,0.671817000
qubit_sweep,q10,hybrid,default.qubit,10,2,2540,3013,1,forward_classical,6,0.000767200
qubit_sweep,q2,hybrid,default.qubit,2,2,2540,2421,1,forward,6,0.007787500
qubit_sweep,q2,hybrid,default.qubit,2,2,2540,2421,1,forward_quantum,6,0.007060300
qubit_sweep,q2,hybrid,default.qubit,2,2,2540,2421,1,forward_classical,6,0.000727200
qubit_sweep,q2,hybrid,default.qubit,2,2,2540,2421,1,first_grad,6,0.010615300
qubit_sweep,q2,hybrid,default.qubit,2,2,2540,2421,1,first_grad_quantum,6,0.009088500
qubit_sweep,q2,hybrid,default.qubit,2,2,2540,2421,1,first_grad_classical,6,0.001526800
qubit_sweep,q2,hybrid,default.qubit,2,2,2540,2421,1,second_grad,6,0.020497500
qubit_sweep,q2,hybrid,default.qubit,2,2,2540,2421,1,second_grad_quantum,6,0.011588800
qubit_sweep,q2,hybrid,default.qubit,2,2,2540,2421,1,second_grad_classical,6,0.008908700
qubit_sweep,q2,hybrid,default.qubit,2,2,2540,2421,1,param_grad,6,0.039298600
qubit_sweep,q2,hybrid,default.qubit,2,2,2540,2421,1,param_grad_quantum,6,0.017727500
qubit_sweep,q2,hybrid,default.qubit,2,2,2540,2421,1,param_grad_classical,6,0.021571100
qubit_sweep,q6,hybrid,default.qubit,6,2,2540,2717,2,forward,6,0.028974000
qubit_sweep,q6,hybrid,default.qubit,6,2,2540,2717,2,forward_quantum,6,0.027965300
qubit_sweep,q6,hybrid,default.qubit,6,2,2540,2717,2,forward_classical,6,0.001008700
qubit_sweep,q6,hybrid,default.qubit,6,2,2540,2717,2,first_grad,6,0.074714300
qubit_sweep,q6,hybrid,default.qubit,6,2,2540,2717,2,first_grad_quantum,6,0.071307600
qubit_sweep,q6,hybrid,default.qubit,6,2,2540,2717,2,first_grad_classical,6,0.003406700
qubit_sweep,q6,hybrid,default.qubit,6,2,2540,2717,2,second_grad,6,0.149696600
qubit_sweep,q6,hybrid,default.qubit,6,2,2540,2717,2,second_grad_quantum,6,0.102068600
qubit_sweep,q6,hybrid,default.qubit,6,2,2540,2717,2,second_grad_classical,6,0.047628000
qubit_sweep,q6,hybrid,default.qubit,6,2,2540,2717,2,param_grad,6,0.390202100
qubit_sweep,q6,hybrid,default.qubit,6,2,2540,2717,2,param_grad_quantum,6,0.154769700
qubit_sweep,q6,hybrid,default.qubit,6,2,2540,2717,2,param_grad_classical,6,0.235432400
qubit_sweep,q6,hybrid,default.qubit,6,2,2540,2717,1,forward,6,0.033305800
qubit_sweep,q6,hybrid,default.qubit,6,2,2540,2717,1,forward_quantum,6,0.032534600
qubit_sweep,q6,hybrid,default.qubit,6,2,2540,2717,1,forward_classical,6,0.000771200
qubit_sweep,q6,hybrid,default.qubit,6,2,2540,2717,1,first_grad,6,0.081573900
qubit_sweep,q6,hybrid,default.qubit,6,2,2540,2717,1,first_grad_quantum,6,0.076862500
qubit_sweep,q6,hybrid,default.qubit,6,2,2540,2717,1,first_grad_classical,6,0.004711400
qubit_sweep,q6,hybrid,default.qubit,6,2,2540,2717,1,second_grad,6,0.152240300
qubit_sweep,q6,hybrid,default.qubit,6,2,2540,2717,1,second_grad_quantum,6,0.102420500
qubit_sweep,q6,hybrid,default.qubit,6,2,2540,2717,1,second_grad_classical,6,0.049819800
qubit_sweep,q6,hybrid,default.qubit,6,2,2540,2717,1,param_grad,6,0.389280000
qubit_sweep,q6,hybrid,default.qubit,6,2,2540,2717,1,param_grad_quantum,6,0.162099300
qubit_sweep,q6,hybrid,default.qubit,6,2,2540,2717,1,param_grad_classical,6,0.227180700
qubit_sweep,q2,hybrid,default.qubit,2,2,2540,2421,2,forward,6,0.006787900
qubit_sweep,q2,hybrid,default.qubit,2,2,2540,2421,2,forward_quantum,6,0.006102700
qubit_sweep,q2,hybrid,default.qubit,2,2,2540,2421,2,forward_classical,6,0.000685200
qubit_sweep,q2,hybrid,default.qubit,2,2,2540,2421,2,first_grad,6,0.010552600
qubit_sweep,q2,hybrid,default.qubit,2,2,2540,2421,2,first_grad_quantum,6,0.008924400
qubit_sweep,q2,hybrid,default.qubit,2,2,2540,2421,2,first_grad_classical,6,0.001628200
qubit_sweep,q2,hybrid,default.qubit,2,2,2540,2421,2,second_grad,6,0.017638200
qubit_sweep,q2,hybrid,default.qubit,2,2,2540,2421,2,second_grad_quantum,6,0.011240900
qubit_sweep,q2,hybrid,default.qubit,2,2,2540,2421,2,second_grad_classical,6,0.006397300
qubit_sweep,q2,hybrid,default.qubit,2,2,2540,2421,2,param_grad,6,0.044445500
qubit_sweep,q2,hybrid,default.qubit,2,2,2540,2421,2,param_grad_quantum,6,0.018759000
qubit_sweep,q2,hybrid,default.qubit,2,2,2540,2421,2,param_grad_classical,6,0.025686500
qubit_sweep,q10,hybrid,default.qubit,10,2,2540,3013,2,forward,6,0.681184000
qubit_sweep,q10,hybrid,default.qubit,10,2,2540,3013,2,forward_quantum,6,0.680404400
qubit_sweep,q10,hybrid,default.qubit,10,2,2540,3013,2,forward_classical,6,0.000779600
qubit_sweep,q2,hybrid,default.qubit,2,2,2540,2421,2,forward,7,0.007416400
qubit_sweep,q2,hybrid,default.qubit,2,2,2540,2421,2,forward_quantum,7,0.006716000
qubit_sweep,q2,hybrid,default.qubit,2,2,2540,2421,2,forward_classical,7,0.000700400
qubit_sweep,q2,hybrid,default.qubit,2,2,2540,2421,2,first_grad,7,0.011893400
qubit_sweep,q2,hybrid,default.qubit,2,2,2540,2421,2,first_grad_quantum,7,0.010288000
qubit_sweep,q2,hybrid,default.qubit,2,2,2540,2421,2,first_grad_classical,7,0.001605400
qubit_sweep,q2,hybrid,default.qubit,2,2,2540,2421,2,second_grad,7,0.019550600
qubit_sweep,q2,hybrid,default.qubit,2,2,2540,2421,2,second_grad_quantum,7,0.012309300
qubit_sweep,q2,hybrid,default.qubit,2,2,2540,2421,2,second_grad_classical,7,0.007241300
qubit_sweep,q2,hybrid,default.qubit,2,2,2540,2421,2,param_grad,7,0.043394800
qubit_sweep,q2,hybrid,default.qubit,2,2,2540,2421,2,param_grad_quantum,7,0.019012900
qubit_sweep,q2,hybrid,default.qubit,2,2,2540,2421,2,param_grad_classical,7,0.024381900
qubit_sweep,q6,hybrid,default.qubit,6,2,2540,2717,1,forward,7,0.033174700
qubit_sweep,q6,hybrid,default.qubit,6,2,2540,2717,1,forward_quantum,7,0.032432900
qubit_sweep,q6,hybrid,default.qubit,6,2,2540,2717,1,forward_classical,7,0.000741800
qubit_sweep,q6,hybrid,default.qubit,6,2,2540,2717,1,first_grad,7,0.079161400
qubit_sweep,q6,hybrid,default.qubit,6,2,2540,2717,1,first_grad_quantum,7,0.075327100
qubit_sweep,q6,hybrid,default.qubit,6,2,2540,2717,1,first_grad_classical,7,0.003834300
qubit_sweep,q6,hybrid,default.qubit,6,2,2540,2717,1,second_grad,7,0.159821700
qubit_sweep,q6,hybrid,default.qubit,6,2,2540,2717,1,second_grad_quantum,7,0.109936500
qubit_sweep,q6,hybrid,default.qubit,6,2,2540,2717,1,second_grad_classical,7,0.049885200
qubit_sweep,q6,hybrid,default.qubit,6,2,2540,2717,1,param_grad,7,0.403780900
qubit_sweep,q6,hybrid,default.qubit,6,2,2540,2717,1,param_grad_quantum,7,0.163538500
qubit_sweep,q6,hybrid,default.qubit,6,2,2540,2717,1,param_grad_classical,7,0.240242400
qubit_sweep,q6,hybrid,default.qubit,6,2,2540,2717,2,forward,7,0.032109100
qubit_sweep,q6,hybrid,default.qubit,6,2,2540,2717,2,forward_quantum,7,0.031148700
qubit_sweep,q6,hybrid,default.qubit,6,2,2540,2717,2,forward_classical,7,0.000960400
qubit_sweep,q6,hybrid,default.qubit,6,2,2540,2717,2,first_grad,7,0.079180100
qubit_sweep,q6,hybrid,default.qubit,6,2,2540,2717,2,first_grad_quantum,7,0.075722700
qubit_sweep,q6,hybrid,default.qubit,6,2,2540,2717,2,first_grad_classical,7,0.003457400
qubit_sweep,q6,hybrid,default.qubit,6,2,2540,2717,2,second_grad,7,0.161791300
qubit_sweep,q6,hybrid,default.qubit,6,2,2540,2717,2,second_grad_quantum,7,0.108434400
qubit_sweep,q6,hybrid,default.qubit,6,2,2540,2717,2,second_grad_classical,7,0.053356900
qubit_sweep,q6,hybrid,default.qubit,6,2,2540,2717,2,param_grad,7,0.388951100
qubit_sweep,q6,hybrid,default.qubit,6,2,2540,2717,2,param_grad_quantum,7,0.159145000
qubit_sweep,q6,hybrid,default.qubit,6,2,2540,2717,2,param_grad_classical,7,0.229806100
qubit_sweep,q6,hybrid,default.qubit,6,2,2540,2717,0,forward,7,0.031567300
qubit_sweep,q6,hybrid,default.qubit,6,2,2540,2717,0,forward_quantum,7,0.030784100
qubit_sweep,q6,hybrid,default.qubit,6,2,2540,2717,0,forward_classical,7,0.000783200
qubit_sweep,q6,hybrid,default.qubit,6,2,2540,2717,0,first_grad,7,0.086005500
qubit_sweep,q6,hybrid,default.qubit,6,2,2540,2717,0,first_grad_quantum,7,0.081574800
qubit_sweep,q6,hybrid,default.qubit,6,2,2540,2717,0,first_grad_classical,7,0.004430700
qubit_sweep,q6,hybrid,default.qubit,6,2,2540,2717,0,second_grad,7,0.146849900
qubit_sweep,q6,hybrid,default.qubit,6,2,2540,2717,0,second_grad_quantum,7,0.098081500
qubit_sweep,q6,hybrid,default.qubit,6,2,2540,2717,0,second_grad_classical,7,0.048768400
qubit_sweep,q6,hybrid,default.qubit,6,2,2540,2717,0,param_grad,7,0.386166200
qubit_sweep,q6,hybrid,default.qubit,6,2,2540,2717,0,param_grad_quantum,7,0.157287200
qubit_sweep,q6,hybrid,default.qubit,6,2,2540,2717,0,param_grad_classical,7,0.228879000
qubit_sweep,q10,hybrid,default.qubit,10,2,2540,3013,0,forward,7,0.682416700
qubit_sweep,q10,hybrid,default.qubit,10,2,2540,3013,0,forward_quantum,7,0.681664100
qubit_sweep,q10,hybrid,default.qubit,10,2,2540,3013,0,forward_classical,7,0.000752600
qubit_sweep,q2,hybrid,default.qubit,2,2,2540,2421,0,forward,7,0.007860500
qubit_sweep,q2,hybrid,default.qubit,2,2,2540,2421,0,forward_quantum,7,0.007133300
qubit_sweep,q2,hybrid,default.qubit,2,2,2540,2421,0,forward_classical,7,0.000727200
qubit_sweep,q2,hybrid,default.qubit,2,2,2540,2421,0,first_grad,7,0.020143500
qubit_sweep,q2,hybrid,default.qubit,2,2,2540,2421,0,first_grad_quantum,7,0.014212200
qubit_sweep,q2,hybrid,default.qubit,2,2,2540,2421,0,first_grad_classical,7,0.005931300
qubit_sweep,q2,hybrid,default.qubit,2,2,2540,2421,0,second_grad,7,0.024584100
qubit_sweep,q2,hybrid,default.qubit,2,2,2540,2421,0,second_grad_quantum,7,0.013217600
qubit_sweep,q2,hybrid,default.qubit,2,2,2540,2421,0,second_grad_classical,7,0.011366500
qubit_sweep,q2,hybrid,default.qubit,2,2,2540,2421,0,param_grad,7,0.042845600
qubit_sweep,q2,hybrid,default.qubit,2,2,2540,2421,0,param_grad_quantum,7,0.018991100
qubit_sweep,q2,hybrid,default.qubit,2,2,2540,2421,0,param_grad_classical,7,0.023854500
qubit_sweep,q2,hybrid,default.qubit,2,2,2540,2421,1,forward,7,0.007726000
qubit_sweep,q2,hybrid,default.qubit,2,2,2540,2421,1,forward_quantum,7,0.006994400
qubit_sweep,q2,hybrid,default.qubit,2,2,2540,2421,1,forward_classical,7,0.000731600
qubit_sweep,q2,hybrid,default.qubit,2,2,2540,2421,1,first_grad,7,0.010595400
qubit_sweep,q2,hybrid,default.qubit,2,2,2540,2421,1,first_grad_quantum,7,0.009238300
qubit_sweep,q2,hybrid,default.qubit,2,2,2540,2421,1,first_grad_classical,7,0.001357100
qubit_sweep,q2,hybrid,default.qubit,2,2,2540,2421,1,second_grad,7,0.018525400
qubit_sweep,q2,hybrid,default.qubit,2,2,2540,2421,1,second_grad_quantum,7,0.011421200
qubit_sweep,q2,hybrid,default.qubit,2,2,2540,2421,1,second_grad_classical,7,0.007104200
qubit_sweep,q2,hybrid,default.qubit,2,2,2540,2421,1,param_grad,7,0.038293000
qubit_sweep,q2,hybrid,default.qubit,2,2,2540,2421,1,param_grad_quantum,7,0.017717100
qubit_sweep,q2,hybrid,default.qubit,2,2,2540,2421,1,param_grad_classical,7,0.020575900
qubit_sweep,q4,hybrid,default.qubit,4,2,2540,2569,2,forward,7,0.014639500
qubit_sweep,q4,hybrid,default.qubit,4,2,2540,2569,2,forward_quantum,7,0.013608800
qubit_sweep,q4,hybrid,default.qubit,4,2,2540,2569,2,forward_classical,7,0.001030700
qubit_sweep,q4,hybrid,default.qubit,4,2,2540,2569,2,first_grad,7,0.027313500
qubit_sweep,q4,hybrid,default.qubit,4,2,2540,2569,2,first_grad_quantum,7,0.025163900
qubit_sweep,q4,hybrid,default.qubit,4,2,2540,2569,2,first_grad_classical,7,0.002149600
qubit_sweep,q4,hybrid,default.qubit,4,2,2540,2569,2,second_grad,7,0.060308600
qubit_sweep,q4,hybrid,default.qubit,4,2,2540,2569,2,second_grad_quantum,7,0.038838400
qubit_sweep,q4,hybrid,default.qubit,4,2,2540,2569,2,second_grad_classical,7,0.021470200
qubit_sweep,q4,hybrid,default.qubit,4,2,2540,2569,2,param_grad,7,0.128568400
qubit_sweep,q4,hybrid,default.qubit,4,2,2540,2569,2,param_grad_quantum,7,0.057426500
qubit_sweep,q4,hybrid,default.qubit,4,2,2540,2569,2,param_grad_classical,7,0.071141900
qubit_sweep,q4,hybrid,default.qubit,4,2,2540,2569,0,forward,7,0.014143500
qubit_sweep,q4,hybrid,default.qubit,4,2,2540,2569,0,forward_quantum,7,0.013459800
qubit_sweep,q4,hybrid,default.qubit,4,2,2540,2569,0,forward_classical,7,0.000683700
qubit_sweep,q4,hybrid,default.qubit,4,2,2540,2569,0,first_grad,7,0.027781100
qubit_sweep,q4,hybrid,default.qubit,4,2,2540,2569,0,first_grad_quantum,7,0.023348800
qubit_sweep,q4,hybrid,default.qubit,4,2,2540,2569,0,first_grad_classical,7,0.004432300
qubit_sweep,q4,hybrid,default.qubit,4,2,2540,2569,0,second_grad,7,0.059307100
qubit_sweep,q4,hybrid,default.qubit,4,2,2540,2569,0,second_grad_quantum,7,0.038951300
qubit_sweep,q4,hybrid,default.qubit,4,2,2540,2569,0,second_grad_classical,7,0.020355800
qubit_sweep,q4,hybrid,default.qubit,4,2,2540,2569,0,param_grad,7,0.118720100
qubit_sweep,q4,hybrid,default.qubit,4,2,2540,2569,0,param_grad_quantum,7,0.054651800
qubit_sweep,q4,hybrid,default.qubit,4,2,2540,2569,0,param_grad_classical,7,0.064068300
qubit_sweep,q4,hybrid,default.qubit,4,2,2540,2569,1,forward,7,0.014156700
qubit_sweep,q4,hybrid,default.qubit,4,2,2540,2569,1,forward_quantum,7,0.013479300
qubit_sweep,q4,hybrid,default.qubit,4,2,2540,2569,1,forward_classical,7,0.000677400
qubit_sweep,q4,hybrid,default.qubit,4,2,2540,2569,1,first_grad,7,0.028721000
qubit_sweep,q4,hybrid,default.qubit,4,2,2540,2569,1,first_grad_quantum,7,0.023131200
qubit_sweep,q4,hybrid,default.qubit,4,2,2540,2569,1,first_grad_classical,7,0.005589800
qubit_sweep,q4,hybrid,default.qubit,4,2,2540,2569,1,second_grad,7,0.060622200
qubit_sweep,q4,hybrid,default.qubit,4,2,2540,2569,1,second_grad_quantum,7,0.041979700
qubit_sweep,q4,hybrid,default.qubit,4,2,2540,2569,1,second_grad_classical,7,0.018642500
qubit_sweep,q4,hybrid,default.qubit,4,2,2540,2569,1,param_grad,7,0.122895200
qubit_sweep,q4,hybrid,default.qubit,4,2,2540,2569,1,param_grad_quantum,7,0.054234800
qubit_sweep,q4,hybrid,default.qubit,4,2,2540,2569,1,param_grad_classical,7,0.068660400
qubit_sweep,q10,hybrid,default.qubit,10,2,2540,3013,2,forward,7,0.668622500
qubit_sweep,q10,hybrid,default.qubit,10,2,2540,3013,2,forward_quantum,7,0.667813000
qubit_sweep,q10,hybrid,default.qubit,10,2,2540,3013,2,forward_classical,7,0.000809500
qubit_sweep,q10,hybrid,default.qubit,10,2,2540,3013,1,forward,7,0.673857800
qubit_sweep,q10,hybrid,default.qubit,10,2,2540,3013,1,forward_quantum,7,0.673057300
qubit_sweep,q10,hybrid,default.qubit,10,2,2540,3013,1,forward_classical,7,0.000800500
qubit_sweep,q10,hybrid,default.qubit,10,2,2540,3013,1,forward,8,0.694620600
qubit_sweep,q10,hybrid,default.qubit,10,2,2540,3013,1,forward_quantum,8,0.693783800
qubit_sweep,q10,hybrid,default.qubit,10,2,2540,3013,1,forward_classical,8,0.000836800
qubit_sweep,q6,hybrid,default.qubit,6,2,2540,2717,2,forward,8,0.030863800
qubit_sweep,q6,hybrid,default.qubit,6,2,2540,2717,2,forward_quantum,8,0.030029900
qubit_sweep,q6,hybrid,default.qubit,6,2,2540,2717,2,forward_classical,8,0.000833900
qubit_sweep,q6,hybrid,default.qubit,6,2,2540,2717,2,first_grad,8,0.081493800
qubit_sweep,q6,hybrid,default.qubit,6,2,2540,2717,2,first_grad_quantum,8,0.077545900
qubit_sweep,q6,hybrid,default.qubit,6,2,2540,2717,2,first_grad_classical,8,0.003947900
qubit_sweep,q6,hybrid,default.qubit,6,2,2540,2717,2,second_grad,8,0.158416900
qubit_sweep,q6,hybrid,default.qubit,6,2,2540,2717,2,second_grad_quantum,8,0.108624900
qubit_sweep,q6,hybrid,default.qubit,6,2,2540,2717,2,second_grad_classical,8,0.049792000
qubit_sweep,q6,hybrid,default.qubit,6,2,2540,2717,2,param_grad,8,0.389613500
qubit_sweep,q6,hybrid,default.qubit,6,2,2540,2717,2,param_grad_quantum,8,0.162520200
qubit_sweep,q6,hybrid,default.qubit,6,2,2540,2717,2,param_grad_classical,8,0.227093300
qubit_sweep,q10,hybrid,default.qubit,10,2,2540,3013,2,forward,8,0.684375400
qubit_sweep,q10,hybrid,default.qubit,10,2,2540,3013,2,forward_quantum,8,0.683532300
qubit_sweep,q10,hybrid,default.qubit,10,2,2540,3013,2,forward_classical,8,0.000843100
qubit_sweep,q2,hybrid,default.qubit,2,2,2540,2421,2,forward,8,0.007710700
qubit_sweep,q2,hybrid,default.qubit,2,2,2540,2421,2,forward_quantum,8,0.006989500
qubit_sweep,q2,hybrid,default.qubit,2,2,2540,2421,2,forward_classical,8,0.000721200
qubit_sweep,q2,hybrid,default.qubit,2,2,2540,2421,2,first_grad,8,0.016741200
qubit_sweep,q2,hybrid,default.qubit,2,2,2540,2421,2,first_grad_quantum,8,0.014778900
qubit_sweep,q2,hybrid,default.qubit,2,2,2540,2421,2,first_grad_classical,8,0.001962300
qubit_sweep,q2,hybrid,default.qubit,2,2,2540,2421,2,second_grad,8,0.022239800
qubit_sweep,q2,hybrid,default.qubit,2,2,2540,2421,2,second_grad_quantum,8,0.013739400
qubit_sweep,q2,hybrid,default.qubit,2,2,2540,2421,2,second_grad_classical,8,0.008500400
qubit_sweep,q2,hybrid,default.qubit,2,2,2540,2421,2,param_grad,8,0.041827200
qubit_sweep,q2,hybrid,default.qubit,2,2,2540,2421,2,param_grad_quantum,8,0.017579100
qubit_sweep,q2,hybrid,default.qubit,2,2,2540,2421,2,param_grad_classical,8,0.024248100
qubit_sweep,q6,hybrid,default.qubit,6,2,2540,2717,0,forward,8,0.028430800
qubit_sweep,q6,hybrid,default.qubit,6,2,2540,2717,0,forward_quantum,8,0.027583000
qubit_sweep,q6,hybrid,default.qubit,6,2,2540,2717,0,forward_classical,8,0.000847800
qubit_sweep,q6,hybrid,default.qubit,6,2,2540,2717,0,first_grad,8,0.080024400
qubit_sweep,q6,hybrid,default.qubit,6,2,2540,2717,0,first_grad_quantum,8,0.076528400
qubit_sweep,q6,hybrid,default.qubit,6,2,2540,2717,0,first_grad_classical,8,0.003496000
qubit_sweep,q6,hybrid,default.qubit,6,2,2540,2717,0,second_grad,8,0.143165500
qubit_sweep,q6,hybrid,default.qubit,6,2,2540,2717,0,second_grad_quantum,8,0.096522600
qubit_sweep,q6,hybrid,default.qubit,6,2,2540,2717,0,second_grad_classical,8,0.046642900
qubit_sweep,q6,hybrid,default.qubit,6,2,2540,2717,0,param_grad,8,0.391369600
qubit_sweep,q6,hybrid,default.qubit,6,2,2540,2717,0,param_grad_quantum,8,0.165802900
qubit_sweep,q6,hybrid,default.qubit,6,2,2540,2717,0,param_grad_classical,8,0.225566700
qubit_sweep,q4,hybrid,default.qubit,4,2,2540,2569,2,forward,8,0.015895600
qubit_sweep,q4,hybrid,default.qubit,4,2,2540,2569,2,forward_quantum,8,0.015164900
qubit_sweep,q4,hybrid,default.qubit,4,2,2540,2569,2,forward_classical,8,0.000730700
qubit_sweep,q4,hybrid,default.qubit,4,2,2540,2569,2,first_grad,8,0.031634800
qubit_sweep,q4,hybrid,default.qubit,4,2,2540,2569,2,first_grad_quantum,8,0.028423800
qubit_sweep,q4,hybrid,default.qubit,4,2,2540,2569,2,first_grad_classical,8,0.003211000
qubit_sweep,q4,hybrid,default.qubit,4,2,2540,2569,2,second_grad,8,0.064559200
qubit_sweep,q4,hybrid,default.qubit,4,2,2540,2569,2,second_grad_quantum,8,0.043190300
qubit_sweep,q4,hybrid,default.qubit,4,2,2540,2569,2,second_grad_classical,8,0.021368900
qubit_sweep,q4,hybrid,default.qubit,4,2,2540,2569,2,param_grad,8,0.127339000
qubit_sweep,q4,hybrid,default.qubit,4,2,2540,2569,2,param_grad_quantum,8,0.056182000
qubit_sweep,q4,hybrid,default.qubit,4,2,2540,2569,2,param_grad_classical,8,0.071157000
qubit_sweep,q6,hybrid,default.qubit,6,2,2540,2717,1,forward,8,0.030487600
qubit_sweep,q6,hybrid,default.qubit,6,2,2540,2717,1,forward_quantum,8,0.029758500
qubit_sweep,q6,hybrid,default.qubit,6,2,2540,2717,1,forward_classical,8,0.000729100
qubit_sweep,q6,hybrid,default.qubit,6,2,2540,2717,1,first_grad,8,0.077404700
qubit_sweep,q6,hybrid,default.qubit,6,2,2540,2717,1,first_grad_quantum,8,0.072626500
qubit_sweep,q6,hybrid,default.qubit,6,2,2540,2717,1,first_grad_classical,8,0.004778200
qubit_sweep,q6,hybrid,default.qubit,6,2,2540,2717,1,second_grad,8,0.153496400
qubit_sweep,q6,hybrid,default.qubit,6,2,2540,2717,1,second_grad_quantum,8,0.100692900
qubit_sweep,q6,hybrid,default.qubit,6,2,2540,2717,1,second_grad_classical,8,0.052803500
qubit_sweep,q6,hybrid,default.qubit,6,2,2540,2717,1,param_grad,8,0.391398100
qubit_sweep,q6,hybrid,default.qubit,6,2,2540,2717,1,param_grad_quantum,8,0.160463200
qubit_sweep,q6,hybrid,default.qubit,6,2,2540,2717,1,param_grad_classical,8,0.230934900
qubit_sweep,q4,hybrid,default.qubit,4,2,2540,2569,1,forward,8,0.016075800
qubit_sweep,q4,hybrid,default.qubit,4,2,2540,2569,1,forward_quantum,8,0.015389500
qubit_sweep,q4,hybrid,default.qubit,4,2,2540,2569,1,forward_classical,8,0.000686300
qubit_sweep,q4,hybrid,default.qubit,4,2,2540,2569,1,first_grad,8,0.039915600
qubit_sweep,q4,hybrid,default.qubit,4,2,2540,2569,1,first_grad_quantum,8,0.037023000
qubit_sweep,q4,hybrid,default.qubit,4,2,2540,2569,1,first_grad_classical,8,0.002892600
qubit_sweep,q4,hybrid,default.qubit,4,2,2540,2569,1,second_grad,8,0.065436600
qubit_sweep,q4,hybrid,default.qubit,4,2,2540,2569,1,second_grad_quantum,8,0.042480800
qubit_sweep,q4,hybrid,default.qubit,4,2,2540,2569,1,second_grad_classical,8,0.022955800
qubit_sweep,q4,hybrid,default.qubit,4,2,2540,2569,1,param_grad,8,0.136114100
qubit_sweep,q4,hybrid,default.qubit,4,2,2540,2569,1,param_grad_quantum,8,0.060299200
qubit_sweep,q4,hybrid,default.qubit,4,2,2540,2569,1,param_grad_classical,8,0.075814900
qubit_sweep,q10,hybrid,default.qubit,10,2,2540,3013,0,forward,8,0.669989300
qubit_sweep,q10,hybrid,default.qubit,10,2,2540,3013,0,forward_quantum,8,0.669199900
qubit_sweep,q10,hybrid,default.qubit,10,2,2540,3013,0,forward_classical,8,0.000789400
qubit_sweep,q4,hybrid,default.qubit,4,2,2540,2569,0,forward,8,0.016643300
qubit_sweep,q4,hybrid,default.qubit,4,2,2540,2569,0,forward_quantum,8,0.015892300
qubit_sweep,q4,hybrid,default.qubit,4,2,2540,2569,0,forward_classical,8,0.000751000
qubit_sweep,q4,hybrid,default.qubit,4,2,2540,2569,0,first_grad,8,0.027741100
qubit_sweep,q4,hybrid,default.qubit,4,2,2540,2569,0,first_grad_quantum,8,0.025366700
qubit_sweep,q4,hybrid,default.qubit,4,2,2540,2569,0,first_grad_classical,8,0.002374400
qubit_sweep,q4,hybrid,default.qubit,4,2,2540,2569,0,second_grad,8,0.060065100
qubit_sweep,q4,hybrid,default.qubit,4,2,2540,2569,0,second_grad_quantum,8,0.042124400
qubit_sweep,q4,hybrid,default.qubit,4,2,2540,2569,0,second_grad_classical,8,0.017940700
qubit_sweep,q4,hybrid,default.qubit,4,2,2540,2569,0,param_grad,8,0.123440800
qubit_sweep,q4,hybrid,default.qubit,4,2,2540,2569,0,param_grad_quantum,8,0.056434500
qubit_sweep,q4,hybrid,default.qubit,4,2,2540,2569,0,param_grad_classical,8,0.067006300
qubit_sweep,q2,hybrid,default.qubit,2,2,2540,2421,1,forward,8,0.006562900
qubit_sweep,q2,hybrid,default.qubit,2,2,2540,2421,1,forward_quantum,8,0.005906600
qubit_sweep,q2,hybrid,default.qubit,2,2,2540,2421,1,forward_classical,8,0.000656300
qubit_sweep,q2,hybrid,default.qubit,2,2,2540,2421,1,first_grad,8,0.010226900
qubit_sweep,q2,hybrid,default.qubit,2,2,2540,2421,1,first_grad_quantum,8,0.008861500
qubit_sweep,q2,hybrid,default.qubit,2,2,2540,2421,1,first_grad_classical,8,0.001365400
qubit_sweep,q2,hybrid,default.qubit,2,2,2540,2421,1,second_grad,8,0.018160500
qubit_sweep,q2,hybrid,default.qubit,2,2,2540,2421,1,second_grad_quantum,8,0.011786800
qubit_sweep,q2,hybrid,default.qubit,2,2,2540,2421,1,second_grad_classical,8,0.006373700
qubit_sweep,q2,hybrid,default.qubit,2,2,2540,2421,1,param_grad,8,0.041957900
qubit_sweep,q2,hybrid,default.qubit,2,2,2540,2421,1,param_grad_quantum,8,0.017766600
qubit_sweep,q2,hybrid,default.qubit,2,2,2540,2421,1,param_grad_classical,8,0.024191300
qubit_sweep,q2,hybrid,default.qubit,2,2,2540,2421,0,forward,8,0.007327700
qubit_sweep,q2,hybrid,default.qubit,2,2,2540,2421,0,forward_quantum,8,0.006643900
qubit_sweep,q2,hybrid,default.qubit,2,2,2540,2421,0,forward_classical,8,0.000683800
qubit_sweep,q2,hybrid,default.qubit,2,2,2540,2421,0,first_grad,8,0.011681000
qubit_sweep,q2,hybrid,default.qubit,2,2,2540,2421,0,first_grad_quantum,8,0.010129900
qubit_sweep,q2,hybrid,default.qubit,2,2,2540,2421,0,first_grad_classical,8,0.001551100
qubit_sweep,q2,hybrid,default.qubit,2,2,2540,2421,0,second_grad,8,0.019498600
qubit_sweep,q2,hybrid,default.qubit,2,2,2540,2421,0,second_grad_quantum,8,0.012839400
qubit_sweep,q2,hybrid,default.qubit,2,2,2540,2421,0,second_grad_classical,8,0.006659200
qubit_sweep,q2,hybrid,default.qubit,2,2,2540,2421,0,param_grad,8,0.041033900
qubit_sweep,q2,hybrid,default.qubit,2,2,2540,2421,0,param_grad_quantum,8,0.017270400
qubit_sweep,q2,hybrid,default.qubit,2,2,2540,2421,0,param_grad_classical,8,0.023763500
qubit_sweep,q10,hybrid,default.qubit,10,2,2540,3013,2,forward,9,0.686563000
qubit_sweep,q10,hybrid,default.qubit,10,2,2540,3013,2,forward_quantum,9,0.685740100
qubit_sweep,q10,hybrid,default.qubit,10,2,2540,3013,2,forward_classical,9,0.000822900
qubit_sweep,q6,hybrid,default.qubit,6,2,2540,2717,2,forward,9,0.030492100
qubit_sweep,q6,hybrid,default.qubit,6,2,2540,2717,2,forward_quantum,9,0.029711600
qubit_sweep,q6,hybrid,default.qubit,6,2,2540,2717,2,forward_classical,9,0.000780500
qubit_sweep,q6,hybrid,default.qubit,6,2,2540,2717,2,first_grad,9,0.088865400
qubit_sweep,q6,hybrid,default.qubit,6,2,2540,2717,2,first_grad_quantum,9,0.084789800
qubit_sweep,q6,hybrid,default.qubit,6,2,2540,2717,2,first_grad_classical,9,0.004075600
qubit_sweep,q6,hybrid,default.qubit,6,2,2540,2717,2,second_grad,9,0.149288500
qubit_sweep,q6,hybrid,default.qubit,6,2,2540,2717,2,second_grad_quantum,9,0.102918800
qubit_sweep,q6,hybrid,default.qubit,6,2,2540,2717,2,second_grad_classical,9,0.046369700
qubit_sweep,q6,hybrid,default.qubit,6,2,2540,2717,2,param_grad,9,0.395049600
qubit_sweep,q6,hybrid,default.qubit,6,2,2540,2717,2,param_grad_quantum,9,0.162124400
qubit_sweep,q6,hybrid,default.qubit,6,2,2540,2717,2,param_grad_classical,9,0.232925200
qubit_sweep,q2,hybrid,default.qubit,2,2,2540,2421,1,forward,9,0.007430400
qubit_sweep,q2,hybrid,default.qubit,2,2,2540,2421,1,forward_quantum,9,0.006661000
qubit_sweep,q2,hybrid,default.qubit,2,2,2540,2421,1,forward_classical,9,0.000769400
qubit_sweep,q2,hybrid,default.qubit,2,2,2540,2421,1,first_grad,9,0.014760600
qubit_sweep,q2,hybrid,default.qubit,2,2,2540,2421,1,first_grad_quantum,9,0.012889500
qubit_sweep,q2,hybrid,default.qubit,2,2,2540,2421,1,first_grad_classical,9,0.001871100
qubit_sweep,q2,hybrid,default.qubit,2,2,2540,2421,1,second_grad,9,0.022402600
qubit_sweep,q2,hybrid,default.qubit,2,2,2540,2421,1,second_grad_quantum,9,0.014080500
qubit_sweep,q2,hybrid,default.qubit,2,2,2540,2421,1,second_grad_classical,9,0.008322100
qubit_sweep,q2,hybrid,default.qubit,2,2,2540,2421,1,param_grad,9,0.038455600
qubit_sweep,q2,hybrid,default.qubit,2,2,2540,2421,1,param_grad_quantum,9,0.017348700
qubit_sweep,q2,hybrid,default.qubit,2,2,2540,2421,1,param_grad_classical,9,0.021106900
qubit_sweep,q4,hybrid,default.qubit,4,2,2540,2569,1,forward,9,0.014610400
qubit_sweep,q4,hybrid,default.qubit,4,2,2540,2569,1,forward_quantum,9,0.013856300
qubit_sweep,q4,hybrid,default.qubit,4,2,2540,2569,1,forward_classical,9,0.000754100
qubit_sweep,q4,hybrid,default.qubit,4,2,2540,2569,1,first_grad,9,0.029768600
qubit_sweep,q4,hybrid,default.qubit,4,2,2540,2569,1,first_grad_quantum,9,0.027574800
qubit_sweep,q4,hybrid,default.qubit,4,2,2540,2569,1,first_grad_classical,9,0.002193800
qubit_sweep,q4,hybrid,default.qubit,4,2,2540,2569,1,second_grad,9,0.063681400
qubit_sweep,q4,hybrid,default.qubit,4,2,2540,2569,1,second_grad_quantum,9,0.042627700
qubit_sweep,q4,hybrid,default.qubit,4,2,2540,2569,1,second_grad_classical,9,0.021053700
qubit_sweep,q4,hybrid,default.qubit,4,2,2540,2569,1,param_grad,9,0.131266600
qubit_sweep,q4,hybrid,default.qubit,4,2,2540,2569,1,param_grad_quantum,9,0.062842100
qubit_sweep,q4,hybrid,default.qubit,4,2,2540,2569,1,param_grad_classical,9,0.068424500
qubit_sweep,q10,hybrid,default.qubit,10,2,2540,3013,1,forward,9,0.675333600
qubit_sweep,q10,hybrid,default.qubit,10,2,2540,3013,1,forward_quantum,9,0.674502400
qubit_sweep,q10,hybrid,default.qubit,10,2,2540,3013,1,forward_classical,9,0.000831200
qubit_sweep,q6,hybrid,default.qubit,6,2,2540,2717,1,forward,9,0.030382600
qubit_sweep,q6,hybrid,default.qubit,6,2,2540,2717,1,forward_quantum,9,0.029651600
qubit_sweep,q6,hybrid,default.qubit,6,2,2540,2717,1,forward_classical,9,0.000731000
qubit_sweep,q6,hybrid,default.qubit,6,2,2540,2717,1,first_grad,9,0.081127600
qubit_sweep,q6,hybrid,default.qubit,6,2,2540,2717,1,first_grad_quantum,9,0.077084300
qubit_sweep,q6,hybrid,default.qubit,6,2,2540,2717,1,first_grad_classical,9,0.004043300
qubit_sweep,q6,hybrid,default.qubit,6,2,2540,2717,1,second_grad,9,0.153464900
qubit_sweep,q6,hybrid,default.qubit,6,2,2540,2717,1,second_grad_quantum,9,0.104964600
qubit_sweep,q6,hybrid,default.qubit,6,2,2540,2717,1,second_grad_classical,9,0.048500300
qubit_sweep,q6,hybrid,default.qubit,6,2,2540,2717,1,param_grad,9,0.402385500
qubit_sweep,q6,hybrid,default.qubit,6,2,2540,2717,1,param_grad_quantum,9,0.174376500
qubit_sweep,q6,hybrid,default.qubit,6,2,2540,2717,1,param_grad_classical,9,0.228009000
qubit_sweep,q4,hybrid,default.qubit,4,2,2540,2569,2,forward,9,0.016970600
qubit_sweep,q4,hybrid,default.qubit,4,2,2540,2569,2,forward_quantum,9,0.016205900
qubit_sweep,q4,hybrid,default.qubit,4,2,2540,2569,2,forward_classical,9,0.000764700
qubit_sweep,q4,hybrid,default.qubit,4,2,2540,2569,2,first_grad,9,0.033246900
qubit_sweep,q4,hybrid,default.qubit,4,2,2540,2569,2,first_grad_quantum,9,0.030754800
qubit_sweep,q4,hybrid,default.qubit,4,2,2540,2569,2,first_grad_classical,9,0.002492100
qubit_sweep,q4,hybrid,default.qubit,4,2,2540,2569,2,second_grad,9,0.062371400
qubit_sweep,q4,hybrid,default.qubit,4,2,2540,2569,2,second_grad_quantum,9,0.040826900
qubit_sweep,q4,hybrid,default.qubit,4,2,2540,2569,2,second_grad_classical,9,0.021544500
qubit_sweep,q4,hybrid,default.qubit,4,2,2540,2569,2,param_grad,9,0.126005400
qubit_sweep,q4,hybrid,default.qubit,4,2,2540,2569,2,param_grad_quantum,9,0.055724100
qubit_sweep,q4,hybrid,default.qubit,4,2,2540,2569,2,param_grad_classical,9,0.070281300
qubit_sweep,q4,hybrid,default.qubit,4,2,2540,2569,0,forward,9,0.016529300
qubit_sweep,q4,hybrid,default.qubit,4,2,2540,2569,0,forward_quantum,9,0.015786700
qubit_sweep,q4,hybrid,default.qubit,4,2,2540,2569,0,forward_classical,9,0.000742600
qubit_sweep,q4,hybrid,default.qubit,4,2,2540,2569,0,first_grad,9,0.028763600
qubit_sweep,q4,hybrid,default.qubit,4,2,2540,2569,0,first_grad_quantum,9,0.026265800
qubit_sweep,q4,hybrid,default.qubit,4,2,2540,2569,0,first_grad_classical,9,0.002497800
qubit_sweep,q4,hybrid,default.qubit,4,2,2540,2569,0,second_grad,9,0.058350300
qubit_sweep,q4,hybrid,default.qubit,4,2,2540,2569,0,second_grad_quantum,9,0.039478700
qubit_sweep,q4,hybrid,default.qubit,4,2,2540,2569,0,second_grad_classical,9,0.018871600
qubit_sweep,q4,hybrid,default.qubit,4,2,2540,2569,0,param_grad,9,0.133521400
qubit_sweep,q4,hybrid,default.qubit,4,2,2540,2569,0,param_grad_quantum,9,0.056902500
qubit_sweep,q4,hybrid,default.qubit,4,2,2540,2569,0,param_grad_classical,9,0.076618900
qubit_sweep,q2,hybrid,default.qubit,2,2,2540,2421,2,forward,9,0.007909200
qubit_sweep,q2,hybrid,default.qubit,2,2,2540,2421,2,forward_quantum,9,0.007150800
qubit_sweep,q2,hybrid,default.qubit,2,2,2540,2421,2,forward_classical,9,0.000758400
qubit_sweep,q2,hybrid,default.qubit,2,2,2540,2421,2,first_grad,9,0.011919100
qubit_sweep,q2,hybrid,default.qubit,2,2,2540,2421,2,first_grad_quantum,9,0.010388400
qubit_sweep,q2,hybrid,default.qubit,2,2,2540,2421,2,first_grad_classical,9,0.001530700
qubit_sweep,q2,hybrid,default.qubit,2,2,2540,2421,2,second_grad,9,0.020588900
qubit_sweep,q2,hybrid,default.qubit,2,2,2540,2421,2,second_grad_quantum,9,0.011869700
qubit_sweep,q2,hybrid,default.qubit,2,2,2540,2421,2,second_grad_classical,9,0.008719200
qubit_sweep,q2,hybrid,default.qubit,2,2,2540,2421,2,param_grad,9,0.039553800
qubit_sweep,q2,hybrid,default.qubit,2,2,2540,2421,2,param_grad_quantum,9,0.017932600
qubit_sweep,q2,hybrid,default.qubit,2,2,2540,2421,2,param_grad_classical,9,0.021621200
qubit_sweep,q2,hybrid,default.qubit,2,2,2540,2421,0,forward,9,0.006652100
qubit_sweep,q2,hybrid,default.qubit,2,2,2540,2421,0,forward_quantum,9,0.005984600
qubit_sweep,q2,hybrid,default.qubit,2,2,2540,2421,0,forward_classical,9,0.000667500
qubit_sweep,q2,hybrid,default.qubit,2,2,2540,2421,0,first_grad,9,0.009593500
qubit_sweep,q2,hybrid,default.qubit,2,2,2540,2421,0,first_grad_quantum,9,0.008290200
qubit_sweep,q2,hybrid,default.qubit,2,2,2540,2421,0,first_grad_classical,9,0.001303300
qubit_sweep,q2,hybrid,default.qubit,2,2,2540,2421,0,second_grad,9,0.016616200
qubit_sweep,q2,hybrid,default.qubit,2,2,2540,2421,0,second_grad_quantum,9,0.010845100
qubit_sweep,q2,hybrid,default.qubit,2,2,2540,2421,0,second_grad_classical,9,0.005771100
qubit_sweep,q2,hybrid,default.qubit,2,2,2540,2421,0,param_grad,9,0.036427500
qubit_sweep,q2,hybrid,default.qubit,2,2,2540,2421,0,param_grad_quantum,9,0.015876900
qubit_sweep,q2,hybrid,default.qubit,2,2,2540,2421,0,param_grad_classical,9,0.020550600
qubit_sweep,q10,hybrid,default.qubit,10,2,2540,3013,0,forward,9,0.677247300
qubit_sweep,q10,hybrid,default.qubit,10,2,2540,3013,0,forward_quantum,9,0.676511400
qubit_sweep,q10,hybrid,default.qubit,10,2,2540,3013,0,forward_classical,9,0.000735900
qubit_sweep,q6,hybrid,default.qubit,6,2,2540,2717,0,forward,9,0.035195500
qubit_sweep,q6,hybrid,default.qubit,6,2,2540,2717,0,forward_quantum,9,0.034421200
qubit_sweep,q6,hybrid,default.qubit,6,2,2540,2717,0,forward_classical,9,0.000774300
qubit_sweep,q6,hybrid,default.qubit,6,2,2540,2717,0,first_grad,9,0.085535000
qubit_sweep,q6,hybrid,default.qubit,6,2,2540,2717,0,first_grad_quantum,9,0.081389200
qubit_sweep,q6,hybrid,default.qubit,6,2,2540,2717,0,first_grad_classical,9,0.004145800
qubit_sweep,q6,hybrid,default.qubit,6,2,2540,2717,0,second_grad,9,0.145088200
qubit_sweep,q6,hybrid,default.qubit,6,2,2540,2717,0,second_grad_quantum,9,0.100563000
qubit_sweep,q6,hybrid,default.qubit,6,2,2540,2717,0,second_grad_classical,9,0.044525200
qubit_sweep,q6,hybrid,default.qubit,6,2,2540,2717,0,param_grad,9,0.389102200
qubit_sweep,q6,hybrid,default.qubit,6,2,2540,2717,0,param_grad_quantum,9,0.152434300
qubit_sweep,q6,hybrid,default.qubit,6,2,2540,2717,0,param_grad_classical,9,0.236667900
qubit_sweep,q6,hybrid,default.qubit,6,2,2540,2717,1,forward,10,0.029995500
qubit_sweep,q6,hybrid,default.qubit,6,2,2540,2717,1,forward_quantum,10,0.029217900
qubit_sweep,q6,hybrid,default.qubit,6,2,2540,2717,1,forward_classical,10,0.000777600
qubit_sweep,q6,hybrid,default.qubit,6,2,2540,2717,1,first_grad,10,0.079826100
qubit_sweep,q6,hybrid,default.qubit,6,2,2540,2717,1,first_grad_quantum,10,0.075915500
qubit_sweep,q6,hybrid,default.qubit,6,2,2540,2717,1,first_grad_classical,10,0.003910600
qubit_sweep,q6,hybrid,default.qubit,6,2,2540,2717,1,second_grad,10,0.150864200
qubit_sweep,q6,hybrid,default.qubit,6,2,2540,2717,1,second_grad_quantum,10,0.097527200
qubit_sweep,q6,hybrid,default.qubit,6,2,2540,2717,1,second_grad_classical,10,0.053337000
qubit_sweep,q6,hybrid,default.qubit,6,2,2540,2717,1,param_grad,10,0.403004200
qubit_sweep,q6,hybrid,default.qubit,6,2,2540,2717,1,param_grad_quantum,10,0.156010600
qubit_sweep,q6,hybrid,default.qubit,6,2,2540,2717,1,param_grad_classical,10,0.246993600
qubit_sweep,q6,hybrid,default.qubit,6,2,2540,2717,0,forward,10,0.034731100
qubit_sweep,q6,hybrid,default.qubit,6,2,2540,2717,0,forward_quantum,10,0.033934400
qubit_sweep,q6,hybrid,default.qubit,6,2,2540,2717,0,forward_classical,10,0.000796700
qubit_sweep,q6,hybrid,default.qubit,6,2,2540,2717,0,first_grad,10,0.087263300
qubit_sweep,q6,hybrid,default.qubit,6,2,2540,2717,0,first_grad_quantum,10,0.083137400
qubit_sweep,q6,hybrid,default.qubit,6,2,2540,2717,0,first_grad_classical,10,0.004125900
qubit_sweep,q6,hybrid,default.qubit,6,2,2540,2717,0,second_grad,10,0.159204900
qubit_sweep,q6,hybrid,default.qubit,6,2,2540,2717,0,second_grad_quantum,10,0.103973600
qubit_sweep,q6,hybrid,default.qubit,6,2,2540,2717,0,second_grad_classical,10,0.055231300
qubit_sweep,q6,hybrid,default.qubit,6,2,2540,2717,0,param_grad,10,0.389620200
qubit_sweep,q6,hybrid,default.qubit,6,2,2540,2717,0,param_grad_quantum,10,0.157094400
qubit_sweep,q6,hybrid,default.qubit,6,2,2540,2717,0,param_grad_classical,10,0.232525800
qubit_sweep,q2,hybrid,default.qubit,2,2,2540,2421,1,forward,10,0.006624000
qubit_sweep,q2,hybrid,default.qubit,2,2,2540,2421,1,forward_quantum,10,0.005950200
qubit_sweep,q2,hybrid,default.qubit,2,2,2540,2421,1,forward_classical,10,0.000673800
qubit_sweep,q2,hybrid,default.qubit,2,2,2540,2421,1,first_grad,10,0.012666700
qubit_sweep,q2,hybrid,default.qubit,2,2,2540,2421,1,first_grad_quantum,10,0.010871600
qubit_sweep,q2,hybrid,default.qubit,2,2,2540,2421,1,first_grad_classical,10,0.001795100
qubit_sweep,q2,hybrid,default.qubit,2,2,2540,2421,1,second_grad,10,0.017682900
qubit_sweep,q2,hybrid,default.qubit,2,2,2540,2421,1,second_grad_quantum,10,0.011521300
qubit_sweep,q2,hybrid,default.qubit,2,2,2540,2421,1,second_grad_classical,10,0.006161600
qubit_sweep,q2,hybrid,default.qubit,2,2,2540,2421,1,param_grad,10,0.042460600
qubit_sweep,q2,hybrid,default.qubit,2,2,2540,2421,1,param_grad_quantum,10,0.018725000
qubit_sweep,q2,hybrid,default.qubit,2,2,2540,2421,1,param_grad_classical,10,0.023735600
qubit_sweep,q10,hybrid,default.qubit,10,2,2540,3013,1,forward,10,0.668405900
qubit_sweep,q10,hybrid,default.qubit,10,2,2540,3013,1,forward_quantum,10,0.667568200
qubit_sweep,q10,hybrid,default.qubit,10,2,2540,3013,1,forward_classical,10,0.000837700
qubit_sweep,q2,hybrid,default.qubit,2,2,2540,2421,2,forward,10,0.006614500
qubit_sweep,q2,hybrid,default.qubit,2,2,2540,2421,2,forward_quantum,10,0.005933800
qubit_sweep,q2,hybrid,default.qubit,2,2,2540,2421,2,forward_classical,10,0.000680700
qubit_sweep,q2,hybrid,default.qubit,2,2,2540,2421,2,first_grad,10,0.011672000
qubit_sweep,q2,hybrid,default.qubit,2,2,2540,2421,2,first_grad_quantum,10,0.010063200
qubit_sweep,q2,hybrid,default.qubit,2,2,2540,2421,2,first_grad_classical,10,0.001608800
qubit_sweep,q2,hybrid,default.qubit,2,2,2540,2421,2,second_grad,10,0.020201100
qubit_sweep,q2,hybrid,default.qubit,2,2,2540,2421,2,second_grad_quantum,10,0.013194700
qubit_sweep,q2,hybrid,default.qubit,2,2,2540,2421,2,second_grad_classical,10,0.007006400
qubit_sweep,q2,hybrid,default.qubit,2,2,2540,2421,2,param_grad,10,0.040721100
qubit_sweep,q2,hybrid,default.qubit,2,2,2540,2421,2,param_grad_quantum,10,0.019119100
qubit_sweep,q2,hybrid,default.qubit,2,2,2540,2421,2,param_grad_classical,10,0.021602000
qubit_sweep,q10,hybrid,default.qubit,10,2,2540,3013,2,forward,10,0.670881700
qubit_sweep,q10,hybrid,default.qubit,10,2,2540,3013,2,forward_quantum,10,0.670052400
qubit_sweep,q10,hybrid,default.qubit,10,2,2540,3013,2,forward_classical,10,0.000829300
qubit_sweep,q6,hybrid,default.qubit,6,2,2540,2717,2,forward,10,0.028111100
qubit_sweep,q6,hybrid,default.qubit,6,2,2540,2717,2,forward_quantum,10,0.027352200
qubit_sweep,q6,hybrid,default.qubit,6,2,2540,2717,2,forward_classical,10,0.000758900
qubit_sweep,q6,hybrid,default.qubit,6,2,2540,2717,2,first_grad,10,0.082704000
qubit_sweep,q6,hybrid,default.qubit,6,2,2540,2717,2,first_grad_quantum,10,0.078734700
qubit_sweep,q6,hybrid,default.qubit,6,2,2540,2717,2,first_grad_classical,10,0.003969300
qubit_sweep,q6,hybrid,default.qubit,6,2,2540,2717,2,second_grad,10,0.143638100
qubit_sweep,q6,hybrid,default.qubit,6,2,2540,2717,2,second_grad_quantum,10,0.097738200
qubit_sweep,q6,hybrid,default.qubit,6,2,2540,2717,2,second_grad_classical,10,0.045899900
qubit_sweep,q6,hybrid,default.qubit,6,2,2540,2717,2,param_grad,10,0.395945400
qubit_sweep,q6,hybrid,default.qubit,6,2,2540,2717,2,param_grad_quantum,10,0.161656100
qubit_sweep,q6,hybrid,default.qubit,6,2,2540,2717,2,param_grad_classical,10,0.234289300
qubit_sweep,q10,hybrid,default.qubit,10,2,2540,3013,0,forward,10,0.704061700
qubit_sweep,q10,hybrid,default.qubit,10,2,2540,3013,0,forward_quantum,10,0.703217500
qubit_sweep,q10,hybrid,default.qubit,10,2,2540,3013,0,forward_classical,10,0.000844200
qubit_sweep,q4,hybrid,default.qubit,4,2,2540,2569,2,forward,10,0.016031200
qubit_sweep,q4,hybrid,default.qubit,4,2,2540,2569,2,forward_quantum,10,0.015324300
qubit_sweep,q4,hybrid,default.qubit,4,2,2540,2569,2,forward_classical,10,0.000706900
qubit_sweep,q4,hybrid,default.qubit,4,2,2540,2569,2,first_grad,10,0.033883400
qubit_sweep,q4,hybrid,default.qubit,4,2,2540,2569,2,first_grad_quantum,10,0.027378300
qubit_sweep,q4,hybrid,default.qubit,4,2,2540,2569,2,first_grad_classical,10,0.006505100
qubit_sweep,q4,hybrid,default.qubit,4,2,2540,2569,2,second_grad,10,0.062816900
qubit_sweep,q4,hybrid,default.qubit,4,2,2540,2569,2,second_grad_quantum,10,0.041529300
qubit_sweep,q4,hybrid,default.qubit,4,2,2540,2569,2,second_grad_classical,10,0.021287600
qubit_sweep,q4,hybrid,default.qubit,4,2,2540,2569,2,param_grad,10,0.126999800
qubit_sweep,q4,hybrid,default.qubit,4,2,2540,2569,2,param_grad_quantum,10,0.058113300
qubit_sweep,q4,hybrid,default.qubit,4,2,2540,2569,2,param_grad_classical,10,0.068886500
qubit_sweep,q2,hybrid,default.qubit,2,2,2540,2421,0,forward,10,0.006580300
qubit_sweep,q2,hybrid,default.qubit,2,2,2540,2421,0,forward_quantum,10,0.005912600
qubit_sweep,q2,hybrid,default.qubit,2,2,2540,2421,0,forward_classical,10,0.000667700
qubit_sweep,q2,hybrid,default.qubit,2,2,2540,2421,0,first_grad,10,0.010476000
qubit_sweep,q2,hybrid,default.qubit,2,2,2540,2421,0,first_grad_quantum,10,0.009048300
qubit_sweep,q2,hybrid,default.qubit,2,2,2540,2421,0,first_grad_classical,10,0.001427700
qubit_sweep,q2,hybrid,default.qubit,2,2,2540,2421,0,second_grad,10,0.017134500
qubit_sweep,q2,hybrid,default.qubit,2,2,2540,2421,0,second_grad_quantum,10,0.011104600
qubit_sweep,q2,hybrid,default.qubit,2,2,2540,2421,0,second_grad_classical,10,0.006029900
qubit_sweep,q2,hybrid,default.qubit,2,2,2540,2421,0,param_grad,10,0.042829200
qubit_sweep,q2,hybrid,default.qubit,2,2,2540,2421,0,param_grad_quantum,10,0.017446900
qubit_sweep,q2,hybrid,default.qubit,2,2,2540,2421,0,param_grad_classical,10,0.025382300
qubit_sweep,q4,hybrid,default.qubit,4,2,2540,2569,0,forward,10,0.013846200
qubit_sweep,q4,hybrid,default.qubit,4,2,2540,2569,0,forward_quantum,10,0.013178900
qubit_sweep,q4,hybrid,default.qubit,4,2,2540,2569,0,forward_classical,10,0.000667300
qubit_sweep,q4,hybrid,default.qubit,4,2,2540,2569,0,first_grad,10,0.029683100
qubit_sweep,q4,hybrid,default.qubit,4,2,2540,2569,0,first_grad_quantum,10,0.027341200
qubit_sweep,q4,hybrid,default.qubit,4,2,2540,2569,0,first_grad_classical,10,0.002341900
qubit_sweep,q4,hybrid,default.qubit,4,2,2540,2569,0,second_grad,10,0.061753500
qubit_sweep,q4,hybrid,default.qubit,4,2,2540,2569,0,second_grad_quantum,10,0.042218100
qubit_sweep,q4,hybrid,default.qubit,4,2,2540,2569,0,second_grad_classical,10,0.019535400
qubit_sweep,q4,hybrid,default.qubit,4,2,2540,2569,0,param_grad,10,0.119528300
qubit_sweep,q4,hybrid,default.qubit,4,2,2540,2569,0,param_grad_quantum,10,0.054796900
qubit_sweep,q4,hybrid,default.qubit,4,2,2540,2569,0,param_grad_classical,10,0.064731400
qubit_sweep,q4,hybrid,default.qubit,4,2,2540,2569,1,forward,10,0.016463400
qubit_sweep,q4,hybrid,default.qubit,4,2,2540,2569,1,forward_quantum,10,0.015727700
qubit_sweep,q4,hybrid,default.qubit,4,2,2540,2569,1,forward_classical,10,0.000735700
qubit_sweep,q4,hybrid,default.qubit,4,2,2540,2569,1,first_grad,10,0.032885400
qubit_sweep,q4,hybrid,default.qubit,4,2,2540,2569,1,first_grad_quantum,10,0.028219100
qubit_sweep,q4,hybrid,default.qubit,4,2,2540,2569,1,first_grad_classical,10,0.004666300
qubit_sweep,q4,hybrid,default.qubit,4,2,2540,2569,1,second_grad,10,0.063098900
qubit_sweep,q4,hybrid,default.qubit,4,2,2540,2569,1,second_grad_quantum,10,0.041597300
qubit_sweep,q4,hybrid,default.qubit,4,2,2540,2569,1,second_grad_classical,10,0.021501600
qubit_sweep,q4,hybrid,default.qubit,4,2,2540,2569,1,param_grad,10,0.127084900
qubit_sweep,q4,hybrid,default.qubit,4,2,2540,2569,1,param_grad_quantum,10,0.056988300
qubit_sweep,q4,hybrid,default.qubit,4,2,2540,2569,1,param_grad_classical,10,0.070096600
qubit_sweep,q4,hybrid,default.qubit,4,2,2540,2569,1,forward,11,0.017496600
qubit_sweep,q4,hybrid,default.qubit,4,2,2540,2569,1,forward_quantum,11,0.016587900
qubit_sweep,q4,hybrid,default.qubit,4,2,2540,2569,1,forward_classical,11,0.000908700
qubit_sweep,q4,hybrid,default.qubit,4,2,2540,2569,1,first_grad,11,0.032781500
qubit_sweep,q4,hybrid,default.qubit,4,2,2540,2569,1,first_grad_quantum,11,0.028828300
qubit_sweep,q4,hybrid,default.qubit,4,2,2540,2569,1,first_grad_classical,11,0.003953200
qubit_sweep,q4,hybrid,default.qubit,4,2,2540,2569,1,second_grad,11,0.058299100
qubit_sweep,q4,hybrid,default.qubit,4,2,2540,2569,1,second_grad_quantum,11,0.037362300
qubit_sweep,q4,hybrid,default.qubit,4,2,2540,2569,1,second_grad_classical,11,0.020936800
qubit_sweep,q4,hybrid,default.qubit,4,2,2540,2569,1,param_grad,11,0.121399000
qubit_sweep,q4,hybrid,default.qubit,4,2,2540,2569,1,param_grad_quantum,11,0.055286500
qubit_sweep,q4,hybrid,default.qubit,4,2,2540,2569,1,param_grad_classical,11,0.066112500
qubit_sweep,q10,hybrid,default.qubit,10,2,2540,3013,0,forward,11,0.702720600
qubit_sweep,q10,hybrid,default.qubit,10,2,2540,3013,0,forward_quantum,11,0.701900800
qubit_sweep,q10,hybrid,default.qubit,10,2,2540,3013,0,forward_classical,11,0.000819800
qubit_sweep,q2,hybrid,default.qubit,2,2,2540,2421,1,forward,11,0.007985800
qubit_sweep,q2,hybrid,default.qubit,2,2,2540,2421,1,forward_quantum,11,0.007174500
qubit_sweep,q2,hybrid,default.qubit,2,2,2540,2421,1,forward_classical,11,0.000811300
qubit_sweep,q2,hybrid,default.qubit,2,2,2540,2421,1,first_grad,11,0.012372900
qubit_sweep,q2,hybrid,default.qubit,2,2,2540,2421,1,first_grad_quantum,11,0.010671400
qubit_sweep,q2,hybrid,default.qubit,2,2,2540,2421,1,first_grad_classical,11,0.001701500
qubit_sweep,q2,hybrid,default.qubit,2,2,2540,2421,1,second_grad,11,0.023536400
qubit_sweep,q2,hybrid,default.qubit,2,2,2540,2421,1,second_grad_quantum,11,0.014201900
qubit_sweep,q2,hybrid,default.qubit,2,2,2540,2421,1,second_grad_classical,11,0.009334500
qubit_sweep,q2,hybrid,default.qubit,2,2,2540,2421,1,param_grad,11,0.046640300
qubit_sweep,q2,hybrid,default.qubit,2,2,2540,2421,1,param_grad_quantum,11,0.020386700
qubit_sweep,q2,hybrid,default.qubit,2,2,2540,2421,1,param_grad_classical,11,0.026253600
qubit_sweep,q10,hybrid,default.qubit,10,2,2540,3013,1,forward,11,0.672840900
qubit_sweep,q10,hybrid,default.qubit,10,2,2540,3013,1,forward_quantum,11,0.672056500
qubit_sweep,q10,hybrid,default.qubit,10,2,2540,3013,1,forward_classical,11,0.000784400
qubit_sweep,q10,hybrid,default.qubit,10,2,2540,3013,2,forward,11,0.668655200
qubit_sweep,q10,hybrid,default.qubit,10,2,2540,3013,2,forward_quantum,11,0.667844000
qubit_sweep,q10,hybrid,default.qubit,10,2,2540,3013,2,forward_classical,11,0.000811200
qubit_sweep,q6,hybrid,default.qubit,6,2,2540,2717,0,forward,11,0.029323800
qubit_sweep,q6,hybrid,default.qubit,6,2,2540,2717,0,forward_quantum,11,0.028606600
qubit_sweep,q6,hybrid,default.qubit,6,2,2540,2717,0,forward_classical,11,0.000717200
qubit_sweep,q6,hybrid,default.qubit,6,2,2540,2717,0,first_grad,11,0.080533100
qubit_sweep,q6,hybrid,default.qubit,6,2,2540,2717,0,first_grad_quantum,11,0.075520300
qubit_sweep,q6,hybrid,default.qubit,6,2,2540,2717,0,first_grad_classical,11,0.005012800
qubit_sweep,q6,hybrid,default.qubit,6,2,2540,2717,0,second_grad,11,0.143038400
qubit_sweep,q6,hybrid,default.qubit,6,2,2540,2717,0,second_grad_quantum,11,0.098539200
qubit_sweep,q6,hybrid,default.qubit,6,2,2540,2717,0,second_grad_classical,11,0.044499200
qubit_sweep,q6,hybrid,default.qubit,6,2,2540,2717,0,param_grad,11,0.383782200
qubit_sweep,q6,hybrid,default.qubit,6,2,2540,2717,0,param_grad_quantum,11,0.152222800
qubit_sweep,q6,hybrid,default.qubit,6,2,2540,2717,0,param_grad_classical,11,0.231559400
qubit_sweep,q4,hybrid,default.qubit,4,2,2540,2569,2,forward,11,0.016452000
qubit_sweep,q4,hybrid,default.qubit,4,2,2540,2569,2,forward_quantum,11,0.015706800
qubit_sweep,q4,hybrid,default.qubit,4,2,2540,2569,2,forward_classical,11,0.000745200
qubit_sweep,q4,hybrid,default.qubit,4,2,2540,2569,2,first_grad,11,0.030400700
qubit_sweep,q4,hybrid,default.qubit,4,2,2540,2569,2,first_grad_quantum,11,0.025872500
qubit_sweep,q4,hybrid,default.qubit,4,2,2540,2569,2,first_grad_classical,11,0.004528200
qubit_sweep,q4,hybrid,default.qubit,4,2,2540,2569,2,second_grad,11,0.060788600
qubit_sweep,q4,hybrid,default.qubit,4,2,2540,2569,2,second_grad_quantum,11,0.040737700
qubit_sweep,q4,hybrid,default.qubit,4,2,2540,2569,2,second_grad_classical,11,0.020050900
qubit_sweep,q4,hybrid,default.qubit,4,2,2540,2569,2,param_grad,11,0.130110800
qubit_sweep,q4,hybrid,default.qubit,4,2,2540,2569,2,param_grad_quantum,11,0.059757900
qubit_sweep,q4,hybrid,default.qubit,4,2,2540,2569,2,param_grad_classical,11,0.070352900
qubit_sweep,q4,hybrid,default.qubit,4,2,2540,2569,0,forward,11,0.015987500
qubit_sweep,q4,hybrid,default.qubit,4,2,2540,2569,0,forward_quantum,11,0.015254900
qubit_sweep,q4,hybrid,default.qubit,4,2,2540,2569,0,forward_classical,11,0.000732600
qubit_sweep,q4,hybrid,default.qubit,4,2,2540,2569,0,first_grad,11,0.032972300
qubit_sweep,q4,hybrid,default.qubit,4,2,2540,2569,0,first_grad_quantum,11,0.028737700
qubit_sweep,q4,hybrid,default.qubit,4,2,2540,2569,0,first_grad_classical,11,0.004234600
qubit_sweep,q4,hybrid,default.qubit,4,2,2540,2569,0,second_grad,11,0.058605200
qubit_sweep,q4,hybrid,default.qubit,4,2,2540,2569,0,second_grad_quantum,11,0.040170000
qubit_sweep,q4,hybrid,default.qubit,4,2,2540,2569,0,second_grad_classical,11,0.018435200
qubit_sweep,q4,hybrid,default.qubit,4,2,2540,2569,0,param_grad,11,0.132612800
qubit_sweep,q4,hybrid,default.qubit,4,2,2540,2569,0,param_grad_quantum,11,0.057286700
qubit_sweep,q4,hybrid,default.qubit,4,2,2540,2569,0,param_grad_classical,11,0.075326100
qubit_sweep,q6,hybrid,default.qubit,6,2,2540,2717,1,forward,11,0.030430800
qubit_sweep,q6,hybrid,default.qubit,6,2,2540,2717,1,forward_quantum,11,0.029681900
qubit_sweep,q6,hybrid,default.qubit,6,2,2540,2717,1,forward_classical,11,0.000748900
qubit_sweep,q6,hybrid,default.qubit,6,2,2540,2717,1,first_grad,11,0.081168300
qubit_sweep,q6,hybrid,default.qubit,6,2,2540,2717,1,first_grad_quantum,11,0.076920700
qubit_sweep,q6,hybrid,default.qubit,6,2,2540,2717,1,first_grad_classical,11,0.004247600
qubit_sweep,q6,hybrid,default.qubit,6,2,2540,2717,1,second_grad,11,0.143078600
qubit_sweep,q6,hybrid,default.qubit,6,2,2540,2717,1,second_grad_quantum,11,0.094254500
qubit_sweep,q6,hybrid,default.qubit,6,2,2540,2717,1,second_grad_classical,11,0.048824100
qubit_sweep,q6,hybrid,default.qubit,6,2,2540,2717,1,param_grad,11,0.353657600
qubit_sweep,q6,hybrid,default.qubit,6,2,2540,2717,1,param_grad_quantum,11,0.147301000
qubit_sweep,q6,hybrid,default.qubit,6,2,2540,2717,1,param_grad_classical,11,0.206356600
qubit_sweep,q2,hybrid,default.qubit,2,2,2540,2421,2,forward,11,0.007254700
qubit_sweep,q2,hybrid,default.qubit,2,2,2540,2421,2,forward_quantum,11,0.006544200
qubit_sweep,q2,hybrid,default.qubit,2,2,2540,2421,2,forward_classical,11,0.000710500
qubit_sweep,q2,hybrid,default.qubit,2,2,2540,2421,2,first_grad,11,0.012899900
qubit_sweep,q2,hybrid,default.qubit,2,2,2540,2421,2,first_grad_quantum,11,0.010925900
qubit_sweep,q2,hybrid,default.qubit,2,2,2540,2421,2,first_grad_classical,11,0.001974000
qubit_sweep,q2,hybrid,default.qubit,2,2,2540,2421,2,second_grad,11,0.019502600
qubit_sweep,q2,hybrid,default.qubit,2,2,2540,2421,2,second_grad_quantum,11,0.011301200
qubit_sweep,q2,hybrid,default.qubit,2,2,2540,2421,2,second_grad_classical,11,0.008201400
qubit_sweep,q2,hybrid,default.qubit,2,2,2540,2421,2,param_grad,11,0.040952300
qubit_sweep,q2,hybrid,default.qubit,2,2,2540,2421,2,param_grad_quantum,11,0.016888200
qubit_sweep,q2,hybrid,default.qubit,2,2,2540,2421,2,param_grad_classical,11,0.024064100
qubit_sweep,q2,hybrid,default.qubit,2,2,2540,2421,0,forward,11,0.006610800
qubit_sweep,q2,hybrid,default.qubit,2,2,2540,2421,0,forward_quantum,11,0.005936600
qubit_sweep,q2,hybrid,default.qubit,2,2,2540,2421,0,forward_classical,11,0.000674200
qubit_sweep,q2,hybrid,default.qubit,2,2,2540,2421,0,first_grad,11,0.011355100
qubit_sweep,q2,hybrid,default.qubit,2,2,2540,2421,0,first_grad_quantum,11,0.009807300
qubit_sweep,q2,hybrid,default.qubit,2,2,2540,2421,0,first_grad_classical,11,0.001547800
qubit_sweep,q2,hybrid,default.qubit,2,2,2540,2421,0,second_grad,11,0.018590200
qubit_sweep,q2,hybrid,default.qubit,2,2,2540,2421,0,second_grad_quantum,11,0.012557800
qubit_sweep,q2,hybrid,default.qubit,2,2,2540,2421,0,second_grad_classical,11,0.006032400
qubit_sweep,q2,hybrid,default.qubit,2,2,2540,2421,0,param_grad,11,0.038917700
qubit_sweep,q2,hybrid,default.qubit,2,2,2540,2421,0,param_grad_quantum,11,0.017046500
qubit_sweep,q2,hybrid,default.qubit,2,2,2540,2421,0,param_grad_classical,11,0.021871200
qubit_sweep,q6,hybrid,default.qubit,6,2,2540,2717,2,forward,11,0.035525300
qubit_sweep,q6,hybrid,default.qubit,6,2,2540,2717,2,forward_quantum,11,0.034665900
qubit_sweep,q6,hybrid,default.qubit,6,2,2540,2717,2,forward_classical,11,0.000859400
qubit_sweep,q6,hybrid,default.qubit,6,2,2540,2717,2,first_grad,11,0.087466200
qubit_sweep,q6,hybrid,default.qubit,6,2,2540,2717,2,first_grad_quantum,11,0.083625300
qubit_sweep,q6,hybrid,default.qubit,6,2,2540,2717,2,first_grad_classical,11,0.003840900
qubit_sweep,q6,hybrid,default.qubit,6,2,2540,2717,2,second_grad,11,0.154791300
qubit_sweep,q6,hybrid,default.qubit,6,2,2540,2717,2,second_grad_quantum,11,0.105995100
qubit_sweep,q6,hybrid,default.qubit,6,2,2540,2717,2,second_grad_classical,11,0.048796200
qubit_sweep,q6,hybrid,default.qubit,6,2,2540,2717,2,param_grad,11,0.380086100
qubit_sweep,q6,hybrid,default.qubit,6,2,2540,2717,2,param_grad_quantum,11,0.155661800
qubit_sweep,q6,hybrid,default.qubit,6,2,2540,2717,2,param_grad_classical,11,0.224424300
qubit_sweep,q4,hybrid,default.qubit,4,2,2540,2569,2,forward,12,0.016964000
qubit_sweep,q4,hybrid,default.qubit,4,2,2540,2569,2,forward_quantum,12,0.016159200
qubit_sweep,q4,hybrid,default.qubit,4,2,2540,2569,2,forward_classical,12,0.000804800
qubit_sweep,q4,hybrid,default.qubit,4,2,2540,2569,2,first_grad,12,0.029816600
qubit_sweep,q4,hybrid,default.qubit,4,2,2540,2569,2,first_grad_quantum,12,0.027235400
qubit_sweep,q4,hybrid,default.qubit,4,2,2540,2569,2,first_grad_classical,12,0.002581200
qubit_sweep,q4,hybrid,default.qubit,4,2,2540,2569,2,second_grad,12,0.066027400
qubit_sweep,q4,hybrid,default.qubit,4,2,2540,2569,2,second_grad_quantum,12,0.042915000
qubit_sweep,q4,hybrid,default.qubit,4,2,2540,2569,2,second_grad_classical,12,0.023112400
qubit_sweep,q4,hybrid,default.qubit,4,2,2540,2569,2,param_grad,12,0.120682200
qubit_sweep,q4,hybrid,default.qubit,4,2,2540,2569,2,param_grad_quantum,12,0.054086200
qubit_sweep,q4,hybrid,default.qubit,4,2,2540,2569,2,param_grad_classical,12,0.066596000
qubit_sweep,q4,hybrid,default.qubit,4,2,2540,2569,0,forward,12,0.016326400
qubit_sweep,q4,hybrid,default.qubit,4,2,2540,2569,0,forward_quantum,12,0.015573200
qubit_sweep,q4,hybrid,default.qubit,4,2,2540,2569,0,forward_classical,12,0.000753200
qubit_sweep,q4,hybrid,default.qubit,4,2,2540,2569,0,first_grad,12,0.030085200
qubit_sweep,q4,hybrid,default.qubit,4,2,2540,2569,0,first_grad_quantum,12,0.027404100
qubit_sweep,q4,hybrid,default.qubit,4,2,2540,2569,0,first_grad_classical,12,0.002681100
qubit_sweep,q4,hybrid,default.qubit,4,2,2540,2569,0,second_grad,12,0.063260300
qubit_sweep,q4,hybrid,default.qubit,4,2,2540,2569,0,second_grad_quantum,12,0.044881500
qubit_sweep,q4,hybrid,default.qubit,4,2,2540,2569,0,second_grad_classical,12,0.018378800
qubit_sweep,q4,hybrid,default.qubit,4,2,2540,2569,0,param_grad,12,0.142637100
qubit_sweep,q4,hybrid,default.qubit,4,2,2540,2569,0,param_grad_quantum,12,0.065839600
qubit_sweep,q4,hybrid,default.qubit,4,2,2540,2569,0,param_grad_classical,12,0.076797500
qubit_sweep,q10,hybrid,default.qubit,10,2,2540,3013,2,forward,12,0.746510600
qubit_sweep,q10,hybrid,default.qubit,10,2,2540,3013,2,forward_quantum,12,0.745684200
qubit_sweep,q10,hybrid,default.qubit,10,2,2540,3013,2,forward_classical,12,0.000826400
qubit_sweep,q10,hybrid,default.qubit,10,2,2540,3013,0,forward,12,0.687805400
qubit_sweep,q10,hybrid,default.qubit,10,2,2540,3013,0,forward_quantum,12,0.686850700
qubit_sweep,q10,hybrid,default.qubit,10,2,2540,3013,0,forward_classical,12,0.000954700
qubit_sweep,q6,hybrid,default.qubit,6,2,2540,2717,2,forward,12,0.028878400
qubit_sweep,q6,hybrid,default.qubit,6,2,2540,2717,2,forward_quantum,12,0.027975500
qubit_sweep,q6,hybrid,default.qubit,6,2,2540,2717,2,forward_classical,12,0.000902900
qubit_sweep,q6,hybrid,default.qubit,6,2,2540,2717,2,first_grad,12,0.077164000
qubit_sweep,q6,hybrid,default.qubit,6,2,2540,2717,2,first_grad_quantum,12,0.073752500
qubit_sweep,q6,hybrid,default.qubit,6,2,2540,2717,2,first_grad_classical,12,0.003411500
qubit_sweep,q6,hybrid,default.qubit,6,2,2540,2717,2,second_grad,12,0.147631800
qubit_sweep,q6,hybrid,default.qubit,6,2,2540,2717,2,second_grad_quantum,12,0.101826300
qubit_sweep,q6,hybrid,default.qubit,6,2,2540,2717,2,second_grad_classical,12,0.045805500
qubit_sweep,q6,hybrid,default.qubit,6,2,2540,2717,2,param_grad,12,0.387497800
qubit_sweep,q6,hybrid,default.qubit,6,2,2540,2717,2,param_grad_quantum,12,0.171089900
qubit_sweep,q6,hybrid,default.qubit,6,2,2540,2717,2,param_grad_classical,12,0.216407900
qubit_sweep,q2,hybrid,default.qubit,2,2,2540,2421,1,forward,12,0.007708900
qubit_sweep,q2,hybrid,default.qubit,2,2,2540,2421,1,forward_quantum,12,0.007021400
qubit_sweep,q2,hybrid,default.qubit,2,2,2540,2421,1,forward_classical,12,0.000687500
qubit_sweep,q2,hybrid,default.qubit,2,2,2540,2421,1,first_grad,12,0.017509000
qubit_sweep,q2,hybrid,default.qubit,2,2,2540,2421,1,first_grad_quantum,12,0.014925700
qubit_sweep,q2,hybrid,default.qubit,2,2,2540,2421,1,first_grad_classical,12,0.002583300
qubit_sweep,q2,hybrid,default.qubit,2,2,2540,2421,1,second_grad,12,0.018990900
qubit_sweep,q2,hybrid,default.qubit,2,2,2540,2421,1,second_grad_quantum,12,0.012139700
qubit_sweep,q2,hybrid,default.qubit,2,2,2540,2421,1,second_grad_classical,12,0.006851200
qubit_sweep,q2,hybrid,default.qubit,2,2,2540,2421,1,param_grad,12,0.035431400
qubit_sweep,q2,hybrid,default.qubit,2,2,2540,2421,1,param_grad_quantum,12,0.015787100
qubit_sweep,q2,hybrid,default.qubit,2,2,2540,2421,1,param_grad_classical,12,0.019644300
qubit_sweep,q2,hybrid,default.qubit,2,2,2540,2421,2,forward,12,0.007867700
qubit_sweep,q2,hybrid,default.qubit,2,2,2540,2421,2,forward_quantum,12,0.007101900
qubit_sweep,q2,hybrid,default.qubit,2,2,2540,2421,2,forward_classical,12,0.000765800
qubit_sweep,q2,hybrid,default.qubit,2,2,2540,2421,2,first_grad,12,0.011658500
qubit_sweep,q2,hybrid,default.qubit,2,2,2540,2421,2,first_grad_quantum,12,0.010109100
qubit_sweep,q2,hybrid,default.qubit,2,2,2540,2421,2,first_grad_classical,12,0.001549400
qubit_sweep,q2,hybrid,default.qubit,2,2,2540,2421,2,second_grad,12,0.020140400
qubit_sweep,q2,hybrid,default.qubit,2,2,2540,2421,2,second_grad_quantum,12,0.013231800
qubit_sweep,q2,hybrid,default.qubit,2,2,2540,2421,2,second_grad_classical,12,0.006908600
qubit_sweep,q2,hybrid,default.qubit,2,2,2540,2421,2,param_grad,12,0.037045500
qubit_sweep,q2,hybrid,default.qubit,2,2,2540,2421,2,param_grad_quantum,12,0.016569800
qubit_sweep,q2,hybrid,default.qubit,2,2,2540,2421,2,param_grad_classical,12,0.020475700
qubit_sweep,q10,hybrid,default.qubit,10,2,2540,3013,1,forward,12,0.686609900
qubit_sweep,q10,hybrid,default.qubit,10,2,2540,3013,1,forward_quantum,12,0.685774200
qubit_sweep,q10,hybrid,default.qubit,10,2,2540,3013,1,forward_classical,12,0.000835700
qubit_sweep,q2,hybrid,default.qubit,2,2,2540,2421,0,forward,12,0.006774700
qubit_sweep,q2,hybrid,default.qubit,2,2,2540,2421,0,forward_quantum,12,0.005932400
qubit_sweep,q2,hybrid,default.qubit,2,2,2540,2421,0,forward_classical,12,0.000842300
qubit_sweep,q2,hybrid,default.qubit,2,2,2540,2421,0,first_grad,12,0.010130100
qubit_sweep,q2,hybrid,default.qubit,2,2,2540,2421,0,first_grad_quantum,12,0.008654200
qubit_sweep,q2,hybrid,default.qubit,2,2,2540,2421,0,first_grad_classical,12,0.001475900
qubit_sweep,q2,hybrid,default.qubit,2,2,2540,2421,0,second_grad,12,0.019674200
qubit_sweep,q2,hybrid,default.qubit,2,2,2540,2421,0,second_grad_quantum,12,0.012604000
qubit_sweep,q2,hybrid,default.qubit,2,2,2540,2421,0,second_grad_classical,12,0.007070200
qubit_sweep,q2,hybrid,default.qubit,2,2,2540,2421,0,param_grad,12,0.035860100
qubit_sweep,q2,hybrid,default.qubit,2,2,2540,2421,0,param_grad_quantum,12,0.015500700
qubit_sweep,q2,hybrid,default.qubit,2,2,2540,2421,0,param_grad_classical,12,0.020359400
qubit_sweep,q6,hybrid,default.qubit,6,2,2540,2717,0,forward,12,0.030491000
qubit_sweep,q6,hybrid,default.qubit,6,2,2540,2717,0,forward_quantum,12,0.029671700
qubit_sweep,q6,hybrid,default.qubit,6,2,2540,2717,0,forward_classical,12,0.000819300
qubit_sweep,q6,hybrid,default.qubit,6,2,2540,2717,0,first_grad,12,0.083472900
qubit_sweep,q6,hybrid,default.qubit,6,2,2540,2717,0,first_grad_quantum,12,0.080034300
qubit_sweep,q6,hybrid,default.qubit,6,2,2540,2717,0,first_grad_classical,12,0.003438600
qubit_sweep,q6,hybrid,default.qubit,6,2,2540,2717,0,second_grad,12,0.146622900
qubit_sweep,q6,hybrid,default.qubit,6,2,2540,2717,0,second_grad_quantum,12,0.098018800
qubit_sweep,q6,hybrid,default.qubit,6,2,2540,2717,0,second_grad_classical,12,0.048604100
qubit_sweep,q6,hybrid,default.qubit,6,2,2540,2717,0,param_grad,12,0.391169800
qubit_sweep,q6,hybrid,default.qubit,6,2,2540,2717,0,param_grad_quantum,12,0.160944500
qubit_sweep,q6,hybrid,default.qubit,6,2,2540,2717,0,param_grad_classical,12,0.230225300
qubit_sweep,q6,hybrid,default.qubit,6,2,2540,2717,1,forward,12,0.033147500
qubit_sweep,q6,hybrid,default.qubit,6,2,2540,2717,1,forward_quantum,12,0.032299000
qubit_sweep,q6,hybrid,default.qubit,6,2,2540,2717,1,forward_classical,12,0.000848500
qubit_sweep,q6,hybrid,default.qubit,6,2,2540,2717,1,first_grad,12,0.084414000
qubit_sweep,q6,hybrid,default.qubit,6,2,2540,2717,1,first_grad_quantum,12,0.079342200
qubit_sweep,q6,hybrid,default.qubit,6,2,2540,2717,1,first_grad_classical,12,0.005071800
qubit_sweep,q6,hybrid,default.qubit,6,2,2540,2717,1,second_grad,12,0.154180400
qubit_sweep,q6,hybrid,default.qubit,6,2,2540,2717,1,second_grad_quantum,12,0.100474800
qubit_sweep,q6,hybrid,default.qubit,6,2,2540,2717,1,second_grad_classical,12,0.053705600
qubit_sweep,q6,hybrid,default.qubit,6,2,2540,2717,1,param_grad,12,0.392004600
qubit_sweep,q6,hybrid,default.qubit,6,2,2540,2717,1,param_grad_quantum,12,0.162948700
qubit_sweep,q6,hybrid,default.qubit,6,2,2540,2717,1,param_grad_classical,12,0.229055900
qubit_sweep,q4,hybrid,default.qubit,4,2,2540,2569,1,forward,12,0.016709100
qubit_sweep,q4,hybrid,default.qubit,4,2,2540,2569,1,forward_quantum,12,0.015965300
qubit_sweep,q4,hybrid,default.qubit,4,2,2540,2569,1,forward_classical,12,0.000743800
qubit_sweep,q4,hybrid,default.qubit,4,2,2540,2569,1,first_grad,12,0.038439900
qubit_sweep,q4,hybrid,default.qubit,4,2,2540,2569,1,first_grad_quantum,12,0.033188200
qubit_sweep,q4,hybrid,default.qubit,4,2,2540,2569,1,first_grad_classical,12,0.005251700
qubit_sweep,q4,hybrid,default.qubit,4,2,2540,2569,1,second_grad,12,0.064916700
qubit_sweep,q4,hybrid,default.qubit,4,2,2540,2569,1,second_grad_quantum,12,0.042094700
qubit_sweep,q4,hybrid,default.qubit,4,2,2540,2569,1,second_grad_classical,12,0.022822000
qubit_sweep,q4,hybrid,default.qubit,4,2,2540,2569,1,param_grad,12,0.122566900
qubit_sweep,q4,hybrid,default.qubit,4,2,2540,2569,1,param_grad_quantum,12,0.055702400
qubit_sweep,q4,hybrid,default.qubit,4,2,2540,2569,1,param_grad_classical,12,0.066864500
qubit_sweep,q10,hybrid,default.qubit,10,2,2540,3013,2,forward,13,0.702023200
qubit_sweep,q10,hybrid,default.qubit,10,2,2540,3013,2,forward_quantum,13,0.701180800
qubit_sweep,q10,hybrid,default.qubit,10,2,2540,3013,2,forward_classical,13,0.000842400
qubit_sweep,q2,hybrid,default.qubit,2,2,2540,2421,2,forward,13,0.007894300
qubit_sweep,q2,hybrid,default.qubit,2,2,2540,2421,2,forward_quantum,13,0.007138300
qubit_sweep,q2,hybrid,default.qubit,2,2,2540,2421,2,forward_classical,13,0.000756000
qubit_sweep,q2,hybrid,default.qubit,2,2,2540,2421,2,first_grad,13,0.012152100
qubit_sweep,q2,hybrid,default.qubit,2,2,2540,2421,2,first_grad_quantum,13,0.010444900
qubit_sweep,q2,hybrid,default.qubit,2,2,2540,2421,2,first_grad_classical,13,0.001707200
qubit_sweep,q2,hybrid,default.qubit,2,2,2540,2421,2,second_grad,13,0.022329300
qubit_sweep,q2,hybrid,default.qubit,2,2,2540,2421,2,second_grad_quantum,13,0.013444300
qubit_sweep,q2,hybrid,default.qubit,2,2,2540,2421,2,second_grad_classical,13,0.008885000
qubit_sweep,q2,hybrid,default.qubit,2,2,2540,2421,2,param_grad,13,0.044219500
qubit_sweep,q2,hybrid,default.qubit,2,2,2540,2421,2,param_grad_quantum,13,0.018866000
qubit_sweep,q2,hybrid,default.qubit,2,2,2540,2421,2,param_grad_classical,13,0.025353500
qubit_sweep,q6,hybrid,default.qubit,6,2,2540,2717,2,forward,13,0.030687500
qubit_sweep,q6,hybrid,default.qubit,6,2,2540,2717,2,forward_quantum,13,0.029894000
qubit_sweep,q6,hybrid,default.qubit,6,2,2540,2717,2,forward_classical,13,0.000793500
qubit_sweep,q6,hybrid,default.qubit,6,2,2540,2717,2,first_grad,13,0.080755800
qubit_sweep,q6,hybrid,default.qubit,6,2,2540,2717,2,first_grad_quantum,13,0.076645700
qubit_sweep,q6,hybrid,default.qubit,6,2,2540,2717,2,first_grad_classical,13,0.004110100
qubit_sweep,q6,hybrid,default.qubit,6,2,2540,2717,2,second_grad,13,0.148572700
qubit_sweep,q6,hybrid,default.qubit,6,2,2540,2717,2,second_grad_quantum,13,0.102432000
qubit_sweep,q6,hybrid,default.qubit,6,2,2540,2717,2,second_grad_classical,13,0.046140700
qubit_sweep,q6,hybrid,default.qubit,6,2,2540,2717,2,param_grad,13,0.391667100
qubit_sweep,q6,hybrid,default.qubit,6,2,2540,2717,2,param_grad_quantum,13,0.166354100
qubit_sweep,q6,hybrid,default.qubit,6,2,2540,2717,2,param_grad_classical,13,0.225313000
qubit_sweep,q2,hybrid,default.qubit,2,2,2540,2421,1,forward,13,0.007833900
qubit_sweep,q2,hybrid,default.qubit,2,2,2540,2421,1,forward_quantum,13,0.007077900
qubit_sweep,q2,hybrid,default.qubit,2,2,2540,2421,1,forward_classical,13,0.000756000
qubit_sweep,q2,hybrid,default.qubit,2,2,2540,2421,1,first_grad,13,0.014995000
qubit_sweep,q2,hybrid,default.qubit,2,2,2540,2421,1,first_grad_quantum,13,0.012803400
qubit_sweep,q2,hybrid,default.qubit,2,2,2540,2421,1,first_grad_classical,13,0.002191600
qubit_sweep,q2,hybrid,default.qubit,2,2,2540,2421,1,second_grad,13,0.019187300
qubit_sweep,q2,hybrid,default.qubit,2,2,2540,2421,1,second_grad_quantum,13,0.011861000
qubit_sweep,q2,hybrid,default.qubit,2,2,2540,2421,1,second_grad_classical,13,0.007326300
qubit_sweep,q2,hybrid,default.qubit,2,2,2540,2421,1,param_grad,13,0.043039500
qubit_sweep,q2,hybrid,default.qubit,2,2,2540,2421,1,param_grad_quantum,13,0.018423100
qubit_sweep,q2,hybrid,default.qubit,2,2,2540,2421,1,param_grad_classical,13,0.024616400
qubit_sweep,q4,hybrid,default.qubit,4,2,2540,2569,0,forward,13,0.017153800
qubit_sweep,q4,hybrid,default.qubit,4,2,2540,2569,0,forward_quantum,13,0.016372500
qubit_sweep,q4,hybrid,default.qubit,4,2,2540,2569,0,forward_classical,13,0.000781300
qubit_sweep,q4,hybrid,default.qubit,4,2,2540,2569,0,first_grad,13,0.030046100
qubit_sweep,q4,hybrid,default.qubit,4,2,2540,2569,0,first_grad_quantum,13,0.027477100
qubit_sweep,q4,hybrid,default.qubit,4,2,2540,2569,0,first_grad_classical,13,0.002569000
qubit_sweep,q4,hybrid,default.qubit,4,2,2540,2569,0,second_grad,13,0.064567700
qubit_sweep,q4,hybrid,default.qubit,4,2,2540,2569,0,second_grad_quantum,13,0.042342000
qubit_sweep,q4,hybrid,default.qubit,4,2,2540,2569,0,second_grad_classical,13,0.022225700
qubit_sweep,q4,hybrid,default.qubit,4,2,2540,2569,0,param_grad,13,0.131455300
qubit_sweep,q4,hybrid,default.qubit,4,2,2540,2569,0,param_grad_quantum,13,0.058049600
qubit_sweep,q4,hybrid,default.qubit,4,2,2540,2569,0,param_grad_classical,13,0.073405700
qubit_sweep,q2,hybrid,default.qubit,2,2,2540,2421,0,forward,13,0.007957900
qubit_sweep,q2,hybrid,default.qubit,2,2,2540,2421,0,forward_quantum,13,0.007202700
qubit_sweep,q2,hybrid,default.qubit,2,2,2540,2421,0,forward_classical,13,0.000755200
qubit_sweep,q2,hybrid,default.qubit,2,2,2540,2421,0,first_grad,13,0.012161300
qubit_sweep,q2,hybrid,default.qubit,2,2,2540,2421,0,first_grad_quantum,13,0.010564700
qubit_sweep,q2,hybrid,default.qubit,2,2,2540,2421,0,first_grad_classical,13,0.001596600
qubit_sweep,q2,hybrid,default.qubit,2,2,2540,2421,0,second_grad,13,0.018662800
qubit_sweep,q2,hybrid,default.qubit,2,2,2540,2421,0,second_grad_quantum,13,0.012404000
qubit_sweep,q2,hybrid,default.qubit,2,2,2540,2421,0,second_grad_classical,13,0.006258800
qubit_sweep,q2,hybrid,default.qubit,2,2,2540,2421,0,param_grad,13,0.046888900
qubit_sweep,q2,hybrid,default.qubit,2,2,2540,2421,0,param_grad_quantum,13,0.018733400
qubit_sweep,q2,hybrid,default.qubit,2,2,2540,2421,0,param_grad_classical,13,0.028155500
qubit_sweep,q6,hybrid,default.qubit,6,2,2540,2717,1,forward,13,0.035292800
qubit_sweep,q6,hybrid,default.qubit,6,2,2540,2717,1,forward_quantum,13,0.034411600
qubit_sweep,q6,hybrid,default.qubit,6,2,2540,2717,1,forward_classical,13,0.000881200
qubit_sweep,q6,hybrid,default.qubit,6,2,2540,2717,1,first_grad,13,0.089374700
qubit_sweep,q6,hybrid,default.qubit,6,2,2540,2717,1,first_grad_quantum,13,0.084092500
qubit_sweep,q6,hybrid,default.qubit,6,2,2540,2717,1,first_grad_classical,13,0.005282200
qubit_sweep,q6,hybrid,default.qubit,6,2,2540,2717,1,second_grad,13,0.151809400
qubit_sweep,q6,hybrid,default.qubit,6,2,2540,2717,1,second_grad_quantum,13,0.100129900
qubit_sweep,q6,hybrid,default.qubit,6,2,2540,2717,1,second_grad_classical,13,0.051679500
qubit_sweep,q6,hybrid,default.qubit,6,2,2540,2717,1,param_grad,13,0.392428100
qubit_sweep,q6,hybrid,default.qubit,6,2,2540,2717,1,param_grad_quantum,13,0.155736400
qubit_sweep,q6,hybrid,default.qubit,6,2,2540,2717,1,param_grad_classical,13,0.236691700
qubit_sweep,q10,hybrid,default.qubit,10,2,2540,3013,0,forward,13,0.688432000
qubit_sweep,q10,hybrid,default.qubit,10,2,2540,3013,0,forward_quantum,13,0.687648600
qubit_sweep,q10,hybrid,default.qubit,10,2,2540,3013,0,forward_classical,13,0.000783400
qubit_sweep,q6,hybrid,default.qubit,6,2,2540,2717,0,forward,13,0.031286700
qubit_sweep,q6,hybrid,default.qubit,6,2,2540,2717,0,forward_quantum,13,0.030413100
qubit_sweep,q6,hybrid,default.qubit,6,2,2540,2717,0,forward_classical,13,0.000873600
qubit_sweep,q6,hybrid,default.qubit,6,2,2540,2717,0,first_grad,13,0.082052900
qubit_sweep,q6,hybrid,default.qubit,6,2,2540,2717,0,first_grad_quantum,13,0.078105600
qubit_sweep,q6,hybrid,default.qubit,6,2,2540,2717,0,first_grad_classical,13,0.003947300
qubit_sweep,q6,hybrid,default.qubit,6,2,2540,2717,0,second_grad,13,0.148982900
qubit_sweep,q6,hybrid,default.qubit,6,2,2540,2717,0,second_grad_quantum,13,0.105365500
qubit_sweep,q6,hybrid,default.qubit,6,2,2540,2717,0,second_grad_classical,13,0.043617400
qubit_sweep,q6,hybrid,default.qubit,6,2,2540,2717,0,param_grad,13,0.397897700
qubit_sweep,q6,hybrid,default.qubit,6,2,2540,2717,0,param_grad_quantum,13,0.164101700
qubit_sweep,q6,hybrid,default.qubit,6,2,2540,2717,0,param_grad_classical,13,0.233796000
qubit_sweep,q4,hybrid,default.qubit,4,2,2540,2569,2,forward,13,0.016728000
qubit_sweep,q4,hybrid,default.qubit,4,2,2540,2569,2,forward_quantum,13,0.015966000
qubit_sweep,q4,hybrid,default.qubit,4,2,2540,2569,2,forward_classical,13,0.000762000
qubit_sweep,q4,hybrid,default.qubit,4,2,2540,2569,2,first_grad,13,0.035133100
qubit_sweep,q4,hybrid,default.qubit,4,2,2540,2569,2,first_grad_quantum,13,0.031908400
qubit_sweep,q4,hybrid,default.qubit,4,2,2540,2569,2,first_grad_classical,13,0.003224700
qubit_sweep,q4,hybrid,default.qubit,4,2,2540,2569,2,second_grad,13,0.061929800
qubit_sweep,q4,hybrid,default.qubit,4,2,2540,2569,2,second_grad_quantum,13,0.042480100
qubit_sweep,q4,hybrid,default.qubit,4,2,2540,2569,2,second_grad_classical,13,0.019449700
qubit_sweep,q4,hybrid,default.qubit,4,2,2540,2569,2,param_grad,13,0.125558600
qubit_sweep,q4,hybrid,default.qubit,4,2,2540,2569,2,param_grad_quantum,13,0.058674400
qubit_sweep,q4,hybrid,default.qubit,4,2,2540,2569,2,param_grad_classical,13,0.066884200
qubit_sweep,q10,hybrid,default.qubit,10,2,2540,3013,1,forward,13,0.682284800
qubit_sweep,q10,hybrid,default.qubit,10,2,2540,3013,1,forward_quantum,13,0.681428800
qubit_sweep,q10,hybrid,default.qubit,10,2,2540,3013,1,forward_classical,13,0.000856000
qubit_sweep,q4,hybrid,default.qubit,4,2,2540,2569,1,forward,13,0.016141600
qubit_sweep,q4,hybrid,default.qubit,4,2,2540,2569,1,forward_quantum,13,0.015390000
qubit_sweep,q4,hybrid,default.qubit,4,2,2540,2569,1,forward_classical,13,0.000751600
qubit_sweep,q4,hybrid,default.qubit,4,2,2540,2569,1,first_grad,13,0.029794600
qubit_sweep,q4,hybrid,default.qubit,4,2,2540,2569,1,first_grad_quantum,13,0.027128200
qubit_sweep,q4,hybrid,default.qubit,4,2,2540,2569,1,first_grad_classical,13,0.002666400
qubit_sweep,q4,hybrid,default.qubit,4,2,2540,2569,1,second_grad,13,0.058137900
qubit_sweep,q4,hybrid,default.qubit,4,2,2540,2569,1,second_grad_quantum,13,0.039921300
qubit_sweep,q4,hybrid,default.qubit,4,2,2540,2569,1,second_grad_classical,13,0.018216600
qubit_sweep,q4,hybrid,default.qubit,4,2,2540,2569,1,param_grad,13,0.118020500
qubit_sweep,q4,hybrid,default.qubit,4,2,2540,2569,1,param_grad_quantum,13,0.055598800
qubit_sweep,q4,hybrid,default.qubit,4,2,2540,2569,1,param_grad_classical,13,0.062421700
qubit_sweep,q6,hybrid,default.qubit,6,2,2540,2717,2,forward,14,0.032988900
qubit_sweep,q6,hybrid,default.qubit,6,2,2540,2717,2,forward_quantum,14,0.032074200
qubit_sweep,q6,hybrid,default.qubit,6,2,2540,2717,2,forward_classical,14,0.000914700
qubit_sweep,q6,hybrid,default.qubit,6,2,2540,2717,2,first_grad,14,0.075323700
qubit_sweep,q6,hybrid,default.qubit,6,2,2540,2717,2,first_grad_quantum,14,0.071193100
qubit_sweep,q6,hybrid,default.qubit,6,2,2540,2717,2,first_grad_classical,14,0.004130600
qubit_sweep,q6,hybrid,default.qubit,6,2,2540,2717,2,second_grad,14,0.148842000
qubit_sweep,q6,hybrid,default.qubit,6,2,2540,2717,2,second_grad_quantum,14,0.103038900
qubit_sweep,q6,hybrid,default.qubit,6,2,2540,2717,2,second_grad_classical,14,0.045803100
qubit_sweep,q6,hybrid,default.qubit,6,2,2540,2717,2,param_grad,14,0.403416400
qubit_sweep,q6,hybrid,default.qubit,6,2,2540,2717,2,param_grad_quantum,14,0.167925900
qubit_sweep,q6,hybrid,default.qubit,6,2,2540,2717,2,param_grad_classical,14,0.235490500
qubit_sweep,q10,hybrid,default.qubit,10,2,2540,3013,2,forward,14,0.694535500
qubit_sweep,q10,hybrid,default.qubit,10,2,2540,3013,2,forward_quantum,14,0.693709100
qubit_sweep,q10,hybrid,default.qubit,10,2,2540,3013,2,forward_classical,14,0.000826400
qubit_sweep,q2,hybrid,default.qubit,2,2,2540,2421,1,forward,14,0.007743500
qubit_sweep,q2,hybrid,default.qubit,2,2,2540,2421,1,forward_quantum,14,0.007019000
qubit_sweep,q2,hybrid,default.qubit,2,2,2540,2421,1,forward_classical,14,0.000724500
qubit_sweep,q2,hybrid,default.qubit,2,2,2540,2421,1,first_grad,14,0.015772000
qubit_sweep,q2,hybrid,default.qubit,2,2,2540,2421,1,first_grad_quantum,14,0.013715700
qubit_sweep,q2,hybrid,default.qubit,2,2,2540,2421,1,first_grad_classical,14,0.002056300
qubit_sweep,q2,hybrid,default.qubit,2,2,2540,2421,1,second_grad,14,0.021651200
qubit_sweep,q2,hybrid,default.qubit,2,2,2540,2421,1,second_grad_quantum,14,0.013393300
qubit_sweep,q2,hybrid,default.qubit,2,2,2540,2421,1,second_grad_classical,14,0.008257900
qubit_sweep,q2,hybrid,default.qubit,2,2,2540,2421,1,param_grad,14,0.042756900
qubit_sweep,q2,hybrid,default.qubit,2,2,2540,2421,1,param_grad_quantum,14,0.018754800
qubit_sweep,q2,hybrid,default.qubit,2,2,2540,2421,1,param_grad_classical,14,0.024002100
qubit_sweep,q2,hybrid,default.qubit,2,2,2540,2421,2,forward,14,0.007842700
qubit_sweep,q2,hybrid,default.qubit,2,2,2540,2421,2,forward_quantum,14,0.007075200
qubit_sweep,q2,hybrid,default.qubit,2,2,2540,2421,2,forward_classical,14,0.000767500
qubit_sweep,q2,hybrid,default.qubit,2,2,2540,2421,2,first_grad,14,0.011749800
qubit_sweep,q2,hybrid,default.qubit,2,2,2540,2421,2,first_grad_quantum,14,0.010126600
qubit_sweep,q2,hybrid,default.qubit,2,2,2540,2421,2,first_grad_classical,14,0.001623200
qubit_sweep,q2,hybrid,default.qubit,2,2,2540,2421,2,second_grad,14,0.019418600
qubit_sweep,q2,hybrid,default.qubit,2,2,2540,2421,2,second_grad_quantum,14,0.013097400
qubit_sweep,q2,hybrid,default.qubit,2,2,2540,2421,2,second_grad_classical,14,0.006321200
qubit_sweep,q2,hybrid,default.qubit,2,2,2540,2421,2,param_grad,14,0.042826700
qubit_sweep,q2,hybrid,default.qubit,2,2,2540,2421,2,param_grad_quantum,14,0.018488600
qubit_sweep,q2,hybrid,default.qubit,2,2,2540,2421,2,param_grad_classical,14,0.024338100
qubit_sweep,q6,hybrid,default.qubit,6,2,2540,2717,1,forward,14,0.030184800
qubit_sweep,q6,hybrid,default.qubit,6,2,2540,2717,1,forward_quantum,14,0.029297000
qubit_sweep,q6,hybrid,default.qubit,6,2,2540,2717,1,forward_classical,14,0.000887800
qubit_sweep,q6,hybrid,default.qubit,6,2,2540,2717,1,first_grad,14,0.080597800
qubit_sweep,q6,hybrid,default.qubit,6,2,2540,2717,1,first_grad_quantum,14,0.076325700
qubit_sweep,q6,hybrid,default.qubit,6,2,2540,2717,1,first_grad_classical,14,0.004272100
qubit_sweep,q6,hybrid,default.qubit,6,2,2540,2717,1,second_grad,14,0.148340500
qubit_sweep,q6,hybrid,default.qubit,6,2,2540,2717,1,second_grad_quantum,14,0.102051600
qubit_sweep,q6,hybrid,default.qubit,6,2,2540,2717,1,second_grad_classical,14,0.046288900
qubit_sweep,q6,hybrid,default.qubit,6,2,2540,2717,1,param_grad,14,0.395431400
qubit_sweep,q6,hybrid,default.qubit,6,2,2540,2717,1,param_grad_quantum,14,0.160876500
qubit_sweep,q6,hybrid,default.qubit,6,2,2540,2717,1,param_grad_classical,14,0.234554900
qubit_sweep,q4,hybrid,default.qubit,4,2,2540,2569,1,forward,14,0.016782300
qubit_sweep,q4,hybrid,default.qubit,4,2,2540,2569,1,forward_quantum,14,0.015935500
qubit_sweep,q4,hybrid,default.qubit,4,2,2540,2569,1,forward_classical,14,0.000846800
qubit_sweep,q4,hybrid,default.qubit,4,2,2540,2569,1,first_grad,14,0.034723200
qubit_sweep,q4,hybrid,default.qubit,4,2,2540,2569,1,first_grad_quantum,14,0.032279900
qubit_sweep,q4,hybrid,default.qubit,4,2,2540,2569,1,first_grad_classical,14,0.002443300
qubit_sweep,q4,hybrid,default.qubit,4,2,2540,2569,1,second_grad,14,0.061317800
qubit_sweep,q4,hybrid,default.qubit,4,2,2540,2569,1,second_grad_quantum,14,0.040634000
qubit_sweep,q4,hybrid,default.qubit,4,2,2540,2569,1,second_grad_classical,14,0.020683800
qubit_sweep,q4,hybrid,default.qubit,4,2,2540,2569,1,param_grad,14,0.129906500
qubit_sweep,q4,hybrid,default.qubit,4,2,2540,2569,1,param_grad_quantum,14,0.062292300
qubit_sweep,q4,hybrid,default.qubit,4,2,2540,2569,1,param_grad_classical,14,0.067614200
qubit_sweep,q10,hybrid,default.qubit,10,2,2540,3013,0,forward,14,0.673475600
qubit_sweep,q10,hybrid,default.qubit,10,2,2540,3013,0,forward_quantum,14,0.672670900
qubit_sweep,q10,hybrid,default.qubit,10,2,2540,3013,0,forward_classical,14,0.000804700
qubit_sweep,q2,hybrid,default.qubit,2,2,2540,2421,0,forward,14,0.007800200
qubit_sweep,q2,hybrid,default.qubit,2,2,2540,2421,0,forward_quantum,14,0.007053300
qubit_sweep,q2,hybrid,default.qubit,2,2,2540,2421,0,forward_classical,14,0.000746900
qubit_sweep,q2,hybrid,default.qubit,2,2,2540,2421,0,first_grad,14,0.012885800
qubit_sweep,q2,hybrid,default.qubit,2,2,2540,2421,0,first_grad_quantum,14,0.011028800
qubit_sweep,q2,hybrid,default.qubit,2,2,2540,2421,0,first_grad_classical,14,0.001857000
qubit_sweep,q2,hybrid,default.qubit,2,2,2540,2421,0,second_grad,14,0.021040100
qubit_sweep,q2,hybrid,default.qubit,2,2,2540,2421,0,second_grad_quantum,14,0.013439100
qubit_sweep,q2,hybrid,default.qubit,2,2,2540,2421,0,second_grad_classical,14,0.007601000
qubit_sweep,q2,hybrid,default.qubit,2,2,2540,2421,0,param_grad,14,0.040895600
qubit_sweep,q2,hybrid,default.qubit,2,2,2540,2421,0,param_grad_quantum,14,0.016974600
qubit_sweep,q2,hybrid,default.qubit,2,2,2540,2421,0,param_grad_classical,14,0.023921000
qubit_sweep,q6,hybrid,default.qubit,6,2,2540,2717,0,forward,14,0.030048900
qubit_sweep,q6,hybrid,default.qubit,6,2,2540,2717,0,forward_quantum,14,0.029295100
qubit_sweep,q6,hybrid,default.qubit,6,2,2540,2717,0,forward_classical,14,0.000753800
qubit_sweep,q6,hybrid,default.qubit,6,2,2540,2717,0,first_grad,14,0.082779400
qubit_sweep,q6,hybrid,default.qubit,6,2,2540,2717,0,first_grad_quantum,14,0.078396800
qubit_sweep,q6,hybrid,default.qubit,6,2,2540,2717,0,first_grad_classical,14,0.004382600
qubit_sweep,q6,hybrid,default.qubit,6,2,2540,2717,0,second_grad,14,0.152596500
qubit_sweep,q6,hybrid,default.qubit,6,2,2540,2717,0,second_grad_quantum,14,0.106189300
qubit_sweep,q6,hybrid,default.qubit,6,2,2540,2717,0,second_grad_classical,14,0.046407200
qubit_sweep,q6,hybrid,default.qubit,6,2,2540,2717,0,param_grad,14,0.387825300
qubit_sweep,q6,hybrid,default.qubit,6,2,2540,2717,0,param_grad_quantum,14,0.158164800
qubit_sweep,q6,hybrid,default.qubit,6,2,2540,2717,0,param_grad_classical,14,0.229660500
qubit_sweep,q10,hybrid,default.qubit,10,2,2540,3013,1,forward,14,0.695381500
qubit_sweep,q10,hybrid,default.qubit,10,2,2540,3013,1,forward_quantum,14,0.694263600
qubit_sweep,q10,hybrid,default.qubit,10,2,2540,3013,1,forward_classical,14,0.001117900
qubit_sweep,q4,hybrid,default.qubit,4,2,2540,2569,2,forward,14,0.017010600
qubit_sweep,q4,hybrid,default.qubit,4,2,2540,2569,2,forward_quantum,14,0.016300300
qubit_sweep,q4,hybrid,default.qubit,4,2,2540,2569,2,forward_classical,14,0.000710300
qubit_sweep,q4,hybrid,default.qubit,4,2,2540,2569,2,first_grad,14,0.033191500
qubit_sweep,q4,hybrid,default.qubit,4,2,2540,2569,2,first_grad_quantum,14,0.027598900
qubit_sweep,q4,hybrid,default.qubit,4,2,2540,2569,2,first_grad_classical,14,0.005592600
qubit_sweep,q4,hybrid,default.qubit,4,2,2540,2569,2,second_grad,14,0.065548500
qubit_sweep,q4,hybrid,default.qubit,4,2,2540,2569,2,second_grad_quantum,14,0.044352200
qubit_sweep,q4,hybrid,default.qubit,4,2,2540,2569,2,second_grad_classical,14,0.021196300
qubit_sweep,q4,hybrid,default.qubit,4,2,2540,2569,2,param_grad,14,0.135740700
qubit_sweep,q4,hybrid,default.qubit,4,2,2540,2569,2,param_grad_quantum,14,0.058313500
qubit_sweep,q4,hybrid,default.qubit,4,2,2540,2569,2,param_grad_classical,14,0.077427200
qubit_sweep,q4,hybrid,default.qubit,4,2,2540,2569,0,forward,14,0.015054300
qubit_sweep,q4,hybrid,default.qubit,4,2,2540,2569,0,forward_quantum,14,0.014274700
qubit_sweep,q4,hybrid,default.qubit,4,2,2540,2569,0,forward_classical,14,0.000779600
qubit_sweep,q4,hybrid,default.qubit,4,2,2540,2569,0,first_grad,14,0.032240300
qubit_sweep,q4,hybrid,default.qubit,4,2,2540,2569,0,first_grad_quantum,14,0.027289900
qubit_sweep,q4,hybrid,default.qubit,4,2,2540,2569,0,first_grad_classical,14,0.004950400
qubit_sweep,q4,hybrid,default.qubit,4,2,2540,2569,0,second_grad,14,0.060568900
qubit_sweep,q4,hybrid,default.qubit,4,2,2540,2569,0,second_grad_quantum,14,0.040741600
qubit_sweep,q4,hybrid,default.qubit,4,2,2540,2569,0,second_grad_classical,14,0.019827300
qubit_sweep,q4,hybrid,default.qubit,4,2,2540,2569,0,param_grad,14,0.137172300
qubit_sweep,q4,hybrid,default.qubit,4,2,2540,2569,0,param_grad_quantum,14,0.057530700
qubit_sweep,q4,hybrid,default.qubit,4,2,2540,2569,0,param_grad_classical,14,0.079641600
qubit_sweep,q4,hybrid,default.qubit,4,2,2540,2569,0,forward,15,0.016787200
qubit_sweep,q4,hybrid,default.qubit,4,2,2540,2569,0,forward_quantum,15,0.016002600
qubit_sweep,q4,hybrid,default.qubit,4,2,2540,2569,0,forward_classical,15,0.000784600
qubit_sweep,q4,hybrid,default.qubit,4,2,2540,2569,0,first_grad,15,0.028276900
qubit_sweep,q4,hybrid,default.qubit,4,2,2540,2569,0,first_grad_quantum,15,0.024111400
qubit_sweep,q4,hybrid,default.qubit,4,2,2540,2569,0,first_grad_classical,15,0.004165500
qubit_sweep,q4,hybrid,default.qubit,4,2,2540,2569,0,second_grad,15,0.058546500
qubit_sweep,q4,hybrid,default.qubit,4,2,2540,2569,0,second_grad_quantum,15,0.037616100
qubit_sweep,q4,hybrid,default.qubit,4,2,2540,2569,0,second_grad_classical,15,0.020930400
qubit_sweep,q4,hybrid,default.qubit,4,2,2540,2569,0,param_grad,15,0.135904500
qubit_sweep,q4,hybrid,default.qubit,4,2,2540,2569,0,param_grad_quantum,15,0.053331300
qubit_sweep,q4,hybrid,default.qubit,4,2,2540,2569,0,param_grad_classical,15,0.082573200
qubit_sweep,q4,hybrid,default.qubit,4,2,2540,2569,2,forward,15,0.014052500
qubit_sweep,q4,hybrid,default.qubit,4,2,2540,2569,2,forward_quantum,15,0.013392400
qubit_sweep,q4,hybrid,default.qubit,4,2,2540,2569,2,forward_classical,15,0.000660100
qubit_sweep,q4,hybrid,default.qubit,4,2,2540,2569,2,first_grad,15,0.030539300
qubit_sweep,q4,hybrid,default.qubit,4,2,2540,2569,2,first_grad_quantum,15,0.025354200
qubit_sweep,q4,hybrid,default.qubit,4,2,2540,2569,2,first_grad_classical,15,0.005185100
qubit_sweep,q4,hybrid,default.qubit,4,2,2540,2569,2,second_grad,15,0.066588700
qubit_sweep,q4,hybrid,default.qubit,4,2,2540,2569,2,second_grad_quantum,15,0.042831900
qubit_sweep,q4,hybrid,default.qubit,4,2,2540,2569,2,second_grad_classical,15,0.023756800
qubit_sweep,q4,hybrid,default.qubit,4,2,2540,2569,2,param_grad,15,0.136453400
qubit_sweep,q4,hybrid,default.qubit,4,2,2540,2569,2,param_grad_quantum,15,0.059975500
qubit_sweep,q4,hybrid,default.qubit,4,2,2540,2569,2,param_grad_classical,15,0.076477900
qubit_sweep,q10,hybrid,default.qubit,10,2,2540,3013,2,forward,15,0.693286800
qubit_sweep,q10,hybrid,default.qubit,10,2,2540,3013,2,forward_quantum,15,0.692386300
qubit_sweep,q10,hybrid,default.qubit,10,2,2540,3013,2,forward_classical,15,0.000900500
qubit_sweep,q2,hybrid,default.qubit,2,2,2540,2421,2,forward,15,0.007881700
qubit_sweep,q2,hybrid,default.qubit,2,2,2540,2421,2,forward_quantum,15,0.007092200
qubit_sweep,q2,hybrid,default.qubit,2,2,2540,2421,2,forward_classical,15,0.000789500
qubit_sweep,q2,hybrid,default.qubit,2,2,2540,2421,2,first_grad,15,0.012457600
qubit_sweep,q2,hybrid,default.qubit,2,2,2540,2421,2,first_grad_quantum,15,0.010586500
qubit_sweep,q2,hybrid,default.qubit,2,2,2540,2421,2,first_grad_classical,15,0.001871100
qubit_sweep,q2,hybrid,default.qubit,2,2,2540,2421,2,second_grad,15,0.023376900
qubit_sweep,q2,hybrid,default.qubit,2,2,2540,2421,2,second_grad_quantum,15,0.012702800
qubit_sweep,q2,hybrid,default.qubit,2,2,2540,2421,2,second_grad_classical,15,0.010674100
qubit_sweep,q2,hybrid,default.qubit,2,2,2540,2421,2,param_grad,15,0.043233800
qubit_sweep,q2,hybrid,default.qubit,2,2,2540,2421,2,param_grad_quantum,15,0.019224000
qubit_sweep,q2,hybrid,default.qubit,2,2,2540,2421,2,param_grad_classical,15,0.024009800
qubit_sweep,q10,hybrid,default.qubit,10,2,2540,3013,1,forward,15,0.674788700
qubit_sweep,q10,hybrid,default.qubit,10,2,2540,3013,1,forward_quantum,15,0.674002700
qubit_sweep,q10,hybrid,default.qubit,10,2,2540,3013,1,forward_classical,15,0.000786000
qubit_sweep,q4,hybrid,default.qubit,4,2,2540,2569,1,forward,15,0.013830000
qubit_sweep,q4,hybrid,default.qubit,4,2,2540,2569,1,forward_quantum,15,0.013153100
qubit_sweep,q4,hybrid,default.qubit,4,2,2540,2569,1,forward_classical,15,0.000676900
qubit_sweep,q4,hybrid,default.qubit,4,2,2540,2569,1,first_grad,15,0.026097900
qubit_sweep,q4,hybrid,default.qubit,4,2,2540,2569,1,first_grad_quantum,15,0.023728400
qubit_sweep,q4,hybrid,default.qubit,4,2,2540,2569,1,first_grad_classical,15,0.002369500
qubit_sweep,q4,hybrid,default.qubit,4,2,2540,2569,1,second_grad,15,0.065035000
qubit_sweep,q4,hybrid,default.qubit,4,2,2540,2569,1,second_grad_quantum,15,0.042739100
qubit_sweep,q4,hybrid,default.qubit,4,2,2540,2569,1,second_grad_classical,15,0.022295900
qubit_sweep,q4,hybrid,default.qubit,4,2,2540,2569,1,param_grad,15,0.129958200
qubit_sweep,q4,hybrid,default.qubit,4,2,2540,2569,1,param_grad_quantum,15,0.061581800
qubit_sweep,q4,hybrid,default.qubit,4,2,2540,2569,1,param_grad_classical,15,0.068376400
qubit_sweep,q10,hybrid,default.qubit,10,2,2540,3013,0,forward,15,0.670420500
qubit_sweep,q10,hybrid,default.qubit,10,2,2540,3013,0,forward_quantum,15,0.669673300
qubit_sweep,q10,hybrid,default.qubit,10,2,2540,3013,0,forward_classical,15,0.000747200
qubit_sweep,q2,hybrid,default.qubit,2,2,2540,2421,0,forward,15,0.007796300
qubit_sweep,q2,hybrid,default.qubit,2,2,2540,2421,0,forward_quantum,15,0.007053300
qubit_sweep,q2,hybrid,default.qubit,2,2,2540,2421,0,forward_classical,15,0.000743000
qubit_sweep,q2,hybrid,default.qubit,2,2,2540,2421,0,first_grad,15,0.012284700
qubit_sweep,q2,hybrid,default.qubit,2,2,2540,2421,0,first_grad_quantum,15,0.010617400
qubit_sweep,q2,hybrid,default.qubit,2,2,2540,2421,0,first_grad_classical,15,0.001667300
qubit_sweep,q2,hybrid,default.qubit,2,2,2540,2421,0,second_grad,15,0.018851500
qubit_sweep,q2,hybrid,default.qubit,2,2,2540,2421,0,second_grad_quantum,15,0.012717200
qubit_sweep,q2,hybrid,default.qubit,2,2,2540,2421,0,second_grad_classical,15,0.006134300
qubit_sweep,q2,hybrid,default.qubit,2,2,2540,2421,0,param_grad,15,0.041125900
qubit_sweep,q2,hybrid,default.qubit,2,2,2540,2421,0,param_grad_quantum,15,0.016825600
qubit_sweep,q2,hybrid,default.qubit,2,2,2540,2421,0,param_grad_classical,15,0.024300300
qubit_sweep,q6,hybrid,default.qubit,6,2,2540,2717,0,forward,15,0.037980200
qubit_sweep,q6,hybrid,default.qubit,6,2,2540,2717,0,forward_quantum,15,0.037048000
qubit_sweep,q6,hybrid,default.qubit,6,2,2540,2717,0,forward_classical,15,0.000932200
qubit_sweep,q6,hybrid,default.qubit,6,2,2540,2717,0,first_grad,15,0.084268300
qubit_sweep,q6,hybrid,default.qubit,6,2,2540,2717,0,first_grad_quantum,15,0.079571300
qubit_sweep,q6,hybrid,default.qubit,6,2,2540,2717,0,first_grad_classical,15,0.004697000
qubit_sweep,q6,hybrid,default.qubit,6,2,2540,2717,0,second_grad,15,0.148103300
qubit_sweep,q6,hybrid,default.qubit,6,2,2540,2717,0,second_grad_quantum,15,0.101757200
qubit_sweep,q6,hybrid,default.qubit,6,2,2540,2717,0,second_grad_classical,15,0.046346100
qubit_sweep,q6,hybrid,default.qubit,6,2,2540,2717,0,param_grad,15,0.374374000
qubit_sweep,q6,hybrid,default.qubit,6,2,2540,2717,0,param_grad_quantum,15,0.150482400
qubit_sweep,q6,hybrid,default.qubit,6,2,2540,2717,0,param_grad_classical,15,0.223891600
qubit_sweep,q2,hybrid,default.qubit,2,2,2540,2421,1,forward,15,0.007977800
qubit_sweep,q2,hybrid,default.qubit,2,2,2540,2421,1,forward_quantum,15,0.007183300
qubit_sweep,q2,hybrid,default.qubit,2,2,2540,2421,1,forward_classical,15,0.000794500
qubit_sweep,q2,hybrid,default.qubit,2,2,2540,2421,1,first_grad,15,0.011444800
qubit_sweep,q2,hybrid,default.qubit,2,2,2540,2421,1,first_grad_quantum,15,0.009781600
qubit_sweep,q2,hybrid,default.qubit,2,2,2540,2421,1,first_grad_classical,15,0.001663200
qubit_sweep,q2,hybrid,default.qubit,2,2,2540,2421,1,second_grad,15,0.023502500
qubit_sweep,q2,hybrid,default.qubit,2,2,2540,2421,1,second_grad_quantum,15,0.012895800
qubit_sweep,q2,hybrid,default.qubit,2,2,2540,2421,1,second_grad_classical,15,0.010606700
qubit_sweep,q2,hybrid,default.qubit,2,2,2540,2421,1,param_grad,15,0.044888700
qubit_sweep,q2,hybrid,default.qubit,2,2,2540,2421,1,param_grad_quantum,15,0.019435900
qubit_sweep,q2,hybrid,default.qubit,2,2,2540,2421,1,param_grad_classical,15,0.025452800
qubit_sweep,q6,hybrid,default.qubit,6,2,2540,2717,2,forward,15,0.029729100
qubit_sweep,q6,hybrid,default.qubit,6,2,2540,2717,2,forward_quantum,15,0.029027200
qubit_sweep,q6,hybrid,default.qubit,6,2,2540,2717,2,forward_classical,15,0.000701900
qubit_sweep,q6,hybrid,default.qubit,6,2,2540,2717,2,first_grad,15,0.088220100
qubit_sweep,q6,hybrid,default.qubit,6,2,2540,2717,2,first_grad_quantum,15,0.084142900
qubit_sweep,q6,hybrid,default.qubit,6,2,2540,2717,2,first_grad_classical,15,0.004077200
qubit_sweep,q6,hybrid,default.qubit,6,2,2540,2717,2,second_grad,15,0.141787000
qubit_sweep,q6,hybrid,default.qubit,6,2,2540,2717,2,second_grad_quantum,15,0.101239400
qubit_sweep,q6,hybrid,default.qubit,6,2,2540,2717,2,second_grad_classical,15,0.040547600
qubit_sweep,q6,hybrid,default.qubit,6,2,2540,2717,2,param_grad,15,0.381247700
qubit_sweep,q6,hybrid,default.qubit,6,2,2540,2717,2,param_grad_quantum,15,0.156778500
qubit_sweep,q6,hybrid,default.qubit,6,2,2540,2717,2,param_grad_classical,15,0.224469200
qubit_sweep,q6,hybrid,default.qubit,6,2,2540,2717,1,forward,15,0.030841700
qubit_sweep,q6,hybrid,default.qubit,6,2,2540,2717,1,forward_quantum,15,0.030041200
qubit_sweep,q6,hybrid,default.qubit,6,2,2540,2717,1,forward_classical,15,0.000800500
qubit_sweep,q6,hybrid,default.qubit,6,2,2540,2717,1,first_grad,15,0.088374000
qubit_sweep,q6,hybrid,default.qubit,6,2,2540,2717,1,first_grad_quantum,15,0.083999800
qubit_sweep,q6,hybrid,default.qubit,6,2,2540,2717,1,first_grad_classical,15,0.004374200
qubit_sweep,q6,hybrid,default.qubit,6,2,2540,2717,1,second_grad,15,0.146755900
qubit_sweep,q6,hybrid,default.qubit,6,2,2540,2717,1,second_grad_quantum,15,0.099866700
qubit_sweep,q6,hybrid,default.qubit,6,2,2540,2717,1,second_grad_classical,15,0.046889200
qubit_sweep,q6,hybrid,default.qubit,6,2,2540,2717,1,param_grad,15,0.375757500
qubit_sweep,q6,hybrid,default.qubit,6,2,2540,2717,1,param_grad_quantum,15,0.155520300
qubit_sweep,q6,hybrid,default.qubit,6,2,2540,2717,1,param_grad_classical,15,0.220237200
qubit_sweep,q4,hybrid,default.qubit,4,2,2540,2569,0,forward,16,0.018563300
qubit_sweep,q4,hybrid,default.qubit,4,2,2540,2569,0,forward_quantum,16,0.017731700
qubit_sweep,q4,hybrid,default.qubit,4,2,2540,2569,0,forward_classical,16,0.000831600
qubit_sweep,q4,hybrid,default.qubit,4,2,2540,2569,0,first_grad,16,0.039186000
qubit_sweep,q4,hybrid,default.qubit,4,2,2540,2569,0,first_grad_quantum,16,0.036293300
qubit_sweep,q4,hybrid,default.qubit,4,2,2540,2569,0,first_grad_classical,16,0.002892700
qubit_sweep,q4,hybrid,default.qubit,4,2,2540,2569,0,second_grad,16,0.063976600
qubit_sweep,q4,hybrid,default.qubit,4,2,2540,2569,0,second_grad_quantum,16,0.043087800
qubit_sweep,q4,hybrid,default.qubit,4,2,2540,2569,0,second_grad_classical,16,0.020888800
qubit_sweep,q4,hybrid,default.qubit,4,2,2540,2569,0,param_grad,16,0.122689500
qubit_sweep,q4,hybrid,default.qubit,4,2,2540,2569,0,param_grad_quantum,16,0.055477400
qubit_sweep,q4,hybrid,default.qubit,4,2,2540,2569,0,param_grad_classical,16,0.067212100
qubit_sweep,q2,hybrid,default.qubit,2,2,2540,2421,0,forward,16,0.008024500
qubit_sweep,q2,hybrid,default.qubit,2,2,2540,2421,0,forward_quantum,16,0.007229600
qubit_sweep,q2,hybrid,default.qubit,2,2,2540,2421,0,forward_classical,16,0.000794900
qubit_sweep,q2,hybrid,default.qubit,2,2,2540,2421,0,first_grad,16,0.010525000
qubit_sweep,q2,hybrid,default.qubit,2,2,2540,2421,0,first_grad_quantum,16,0.009036000
qubit_sweep,q2,hybrid,default.qubit,2,2,2540,2421,0,first_grad_classical,16,0.001489000
qubit_sweep,q2,hybrid,default.qubit,2,2,2540,2421,0,second_grad,16,0.022793100
qubit_sweep,q2,hybrid,default.qubit,2,2,2540,2421,0,second_grad_quantum,16,0.011544900
qubit_sweep,q2,hybrid,default.qubit,2,2,2540,2421,0,second_grad_classical,16,0.011248200
qubit_sweep,q2,hybrid,default.qubit,2,2,2540,2421,0,param_grad,16,0.045168000
qubit_sweep,q2,hybrid,default.qubit,2,2,2540,2421,0,param_grad_quantum,16,0.019895800
qubit_sweep,q2,hybrid,default.qubit,2,2,2540,2421,0,param_grad_classical,16,0.025272200
qubit_sweep,q10,hybrid,default.qubit,10,2,2540,3013,2,forward,16,0.708300000
qubit_sweep,q10,hybrid,default.qubit,10,2,2540,3013,2,forward_quantum,16,0.707440800
qubit_sweep,q10,hybrid,default.qubit,10,2,2540,3013,2,forward_classical,16,0.000859200
qubit_sweep,q4,hybrid,default.qubit,4,2,2540,2569,1,forward,16,0.016449800
qubit_sweep,q4,hybrid,default.qubit,4,2,2540,2569,1,forward_quantum,16,0.015645800
qubit_sweep,q4,hybrid,default.qubit,4,2,2540,2569,1,forward_classical,16,0.000804000
qubit_sweep,q4,hybrid,default.qubit,4,2,2540,2569,1,first_grad,16,0.032255600
qubit_sweep,q4,hybrid,default.qubit,4,2,2540,2569,1,first_grad_quantum,16,0.029563500
qubit_sweep,q4,hybrid,default.qubit,4,2,2540,2569,1,first_grad_classical,16,0.002692100
qubit_sweep,q4,hybrid,default.qubit,4,2,2540,2569,1,second_grad,16,0.066862900
qubit_sweep,q4,hybrid,default.qubit,4,2,2540,2569,1,second_grad_quantum,16,0.043319600
qubit_sweep,q4,hybrid,default.qubit,4,2,2540,2569,1,second_grad_classical,16,0.023543300
qubit_sweep,q4,hybrid,default.qubit,4,2,2540,2569,1,param_grad,16,0.127824500
qubit_sweep,q4,hybrid,default.qubit,4,2,2540,2569,1,param_grad_quantum,16,0.061065700
qubit_sweep,q4,hybrid,default.qubit,4,2,2540,2569,1,param_grad_classical,16,0.066758800
qubit_sweep,q6,hybrid,default.qubit,6,2,2540,2717,1,forward,16,0.031233600
qubit_sweep,q6,hybrid,default.qubit,6,2,2540,2717,1,forward_quantum,16,0.030515400
qubit_sweep,q6,hybrid,default.qubit,6,2,2540,2717,1,forward_classical,16,0.000718200
qubit_sweep,q6,hybrid,default.qubit,6,2,2540,2717,1,first_grad,16,0.075660500
qubit_sweep,q6,hybrid,default.qubit,6,2,2540,2717,1,first_grad_quantum,16,0.071817400
qubit_sweep,q6,hybrid,default.qubit,6,2,2540,2717,1,first_grad_classical,16,0.003843100
qubit_sweep,q6,hybrid,default.qubit,6,2,2540,2717,1,second_grad,16,0.142727000
qubit_sweep,q6,hybrid,default.qubit,6,2,2540,2717,1,second_grad_quantum,16,0.098061500
qubit_sweep,q6,hybrid,default.qubit,6,2,2540,2717,1,second_grad_classical,16,0.044665500
qubit_sweep,q6,hybrid,default.qubit,6,2,2540,2717,1,param_grad,16,0.371497200
qubit_sweep,q6,hybrid,default.qubit,6,2,2540,2717,1,param_grad_quantum,16,0.153070600
qubit_sweep,q6,hybrid,default.qubit,6,2,2540,2717,1,param_grad_classical,16,0.218426600
qubit_sweep,q6,hybrid,default.qubit,6,2,2540,2717,2,forward,16,0.028553200
qubit_sweep,q6,hybrid,default.qubit,6,2,2540,2717,2,forward_quantum,16,0.027751100
qubit_sweep,q6,hybrid,default.qubit,6,2,2540,2717,2,forward_classical,16,0.000802100
qubit_sweep,q6,hybrid,default.qubit,6,2,2540,2717,2,first_grad,16,0.084482500
qubit_sweep,q6,hybrid,default.qubit,6,2,2540,2717,2,first_grad_quantum,16,0.078978900
qubit_sweep,q6,hybrid,default.qubit,6,2,2540,2717,2,first_grad_classical,16,0.005503600
qubit_sweep,q6,hybrid,default.qubit,6,2,2540,2717,2,second_grad,16,0.143733700
qubit_sweep,q6,hybrid,default.qubit,6,2,2540,2717,2,second_grad_quantum,16,0.096925900
qubit_sweep,q6,hybrid,default.qubit,6,2,2540,2717,2,second_grad_classical,16,0.046807800
qubit_sweep,q6,hybrid,default.qubit,6,2,2540,2717,2,param_grad,16,0.396039400
qubit_sweep,q6,hybrid,default.qubit,6,2,2540,2717,2,param_grad_quantum,16,0.158679100
qubit_sweep,q6,hybrid,default.qubit,6,2,2540,2717,2,param_grad_classical,16,0.237360300
qubit_sweep,q4,hybrid,default.qubit,4,2,2540,2569,2,forward,16,0.014195200
qubit_sweep,q4,hybrid,default.qubit,4,2,2540,2569,2,forward_quantum,16,0.013534000
qubit_sweep,q4,hybrid,default.qubit,4,2,2540,2569,2,forward_classical,16,0.000661200
qubit_sweep,q4,hybrid,default.qubit,4,2,2540,2569,2,first_grad,16,0.034351500
qubit_sweep,q4,hybrid,default.qubit,4,2,2540,2569,2,first_grad_quantum,16,0.029203700
qubit_sweep,q4,hybrid,default.qubit,4,2,2540,2569,2,first_grad_classical,16,0.005147800
qubit_sweep,q4,hybrid,default.qubit,4,2,2540,2569,2,second_grad,16,0.069006800
qubit_sweep,q4,hybrid,default.qubit,4,2,2540,2569,2,second_grad_quantum,16,0.044521800
qubit_sweep,q4,hybrid,default.qubit,4,2,2540,2569,2,second_grad_classical,16,0.024485000
qubit_sweep,q4,hybrid,default.qubit,4,2,2540,2569,2,param_grad,16,0.119674600
qubit_sweep,q4,hybrid,default.qubit,4,2,2540,2569,2,param_grad_quantum,16,0.055626100
qubit_sweep,q4,hybrid,default.qubit,4,2,2540,2569,2,param_grad_classical,16,0.064048500
qubit_sweep,q10,hybrid,default.qubit,10,2,2540,3013,1,forward,16,0.669750700
qubit_sweep,q10,hybrid,default.qubit,10,2,2540,3013,1,forward_quantum,16,0.668833500
qubit_sweep,q10,hybrid,default.qubit,10,2,2540,3013,1,forward_classical,16,0.000917200
qubit_sweep,q10,hybrid,default.qubit,10,2,2540,3013,0,forward,16,0.672198500
qubit_sweep,q10,hybrid,default.qubit,10,2,2540,3013,0,forward_quantum,16,0.671389000
qubit_sweep,q10,hybrid,default.qubit,10,2,2540,3013,0,forward_classical,16,0.000809500
qubit_sweep,q6,hybrid,default.qubit,6,2,2540,2717,0,forward,16,0.031377000
qubit_sweep,q6,hybrid,default.qubit,6,2,2540,2717,0,forward_quantum,16,0.030369400
qubit_sweep,q6,hybrid,default.qubit,6,2,2540,2717,0,forward_classical,16,0.001007600
qubit_sweep,q6,hybrid,default.qubit,6,2,2540,2717,0,first_grad,16,0.079758800
qubit_sweep,q6,hybrid,default.qubit,6,2,2540,2717,0,first_grad_quantum,16,0.074602100
qubit_sweep,q6,hybrid,default.qubit,6,2,2540,2717,0,first_grad_classical,16,0.005156700
qubit_sweep,q6,hybrid,default.qubit,6,2,2540,2717,0,second_grad,16,0.151472300
qubit_sweep,q6,hybrid,default.qubit,6,2,2540,2717,0,second_grad_quantum,16,0.101768100
qubit_sweep,q6,hybrid,default.qubit,6,2,2540,2717,0,second_grad_classical,16,0.049704200
qubit_sweep,q6,hybrid,default.qubit,6,2,2540,2717,0,param_grad,16,0.374251300
qubit_sweep,q6,hybrid,default.qubit,6,2,2540,2717,0,param_grad_quantum,16,0.152285000
qubit_sweep,q6,hybrid,default.qubit,6,2,2540,2717,0,param_grad_classical,16,0.221966300
qubit_sweep,q2,hybrid,default.qubit,2,2,2540,2421,1,forward,16,0.007718700
qubit_sweep,q2,hybrid,default.qubit,2,2,2540,2421,1,forward_quantum,16,0.007033000
qubit_sweep,q2,hybrid,default.qubit,2,2,2540,2421,1,forward_classical,16,0.000685700
qubit_sweep,q2,hybrid,default.qubit,2,2,2540,2421,1,first_grad,16,0.012669300
qubit_sweep,q2,hybrid,default.qubit,2,2,2540,2421,1,first_grad_quantum,16,0.010765000
qubit_sweep,q2,hybrid,default.qubit,2,2,2540,2421,1,first_grad_classical,16,0.001904300
qubit_sweep,q2,hybrid,default.qubit,2,2,2540,2421,1,second_grad,16,0.020444900
qubit_sweep,q2,hybrid,default.qubit,2,2,2540,2421,1,second_grad_quantum,16,0.013062000
qubit_sweep,q2,hybrid,default.qubit,2,2,2540,2421,1,second_grad_classical,16,0.007382900
qubit_sweep,q2,hybrid,default.qubit,2,2,2540,2421,1,param_grad,16,0.039064000
qubit_sweep,q2,hybrid,default.qubit,2,2,2540,2421,1,param_grad_quantum,16,0.017863900
qubit_sweep,q2,hybrid,default.qubit,2,2,2540,2421,1,param_grad_classical,16,0.021200100
qubit_sweep,q2,hybrid,default.qubit,2,2,2540,2421,2,forward,16,0.006566500
qubit_sweep,q2,hybrid,default.qubit,2,2,2540,2421,2,forward_quantum,16,0.005894900
qubit_sweep,q2,hybrid,default.qubit,2,2,2540,2421,2,forward_classical,16,0.000671600
qubit_sweep,q2,hybrid,default.qubit,2,2,2540,2421,2,first_grad,16,0.010663200
qubit_sweep,q2,hybrid,default.qubit,2,2,2540,2421,2,first_grad_quantum,16,0.009133500
qubit_sweep,q2,hybrid,default.qubit,2,2,2540,2421,2,first_grad_classical,16,0.001529700
qubit_sweep,q2,hybrid,default.qubit,2,2,2540,2421,2,second_grad,16,0.020603200
qubit_sweep,q2,hybrid,default.qubit,2,2,2540,2421,2,second_grad_quantum,16,0.013256300
qubit_sweep,q2,hybrid,default.qubit,2,2,2540,2421,2,second_grad_classical,16,0.007346900
qubit_sweep,q2,hybrid,default.qubit,2,2,2540,2421,2,param_grad,16,0.043384300
qubit_sweep,q2,hybrid,default.qubit,2,2,2540,2421,2,param_grad_quantum,16,0.018562600
qubit_sweep,q2,hybrid,default.qubit,2,2,2540,2421,2,param_grad_classical,16,0.024821700
qubit_sweep,q4,hybrid,default.qubit,4,2,2540,2569,1,forward,17,0.016714700
qubit_sweep,q4,hybrid,default.qubit,4,2,2540,2569,1,forward_quantum,17,0.015801700
qubit_sweep,q4,hybrid,default.qubit,4,2,2540,2569,1,forward_classical,17,0.000913000
qubit_sweep,q4,hybrid,default.qubit,4,2,2540,2569,1,first_grad,17,0.032113600
qubit_sweep,q4,hybrid,default.qubit,4,2,2540,2569,1,first_grad_quantum,17,0.029301100
qubit_sweep,q4,hybrid,default.qubit,4,2,2540,2569,1,first_grad_classical,17,0.002812500
qubit_sweep,q4,hybrid,default.qubit,4,2,2540,2569,1,second_grad,17,0.063391700
qubit_sweep,q4,hybrid,default.qubit,4,2,2540,2569,1,second_grad_quantum,17,0.043085200
qubit_sweep,q4,hybrid,default.qubit,4,2,2540,2569,1,second_grad_classical,17,0.020306500
qubit_sweep,q4,hybrid,default.qubit,4,2,2540,2569,1,param_grad,17,0.133612100
qubit_sweep,q4,hybrid,default.qubit,4,2,2540,2569,1,param_grad_quantum,17,0.061081200
qubit_sweep,q4,hybrid,default.qubit,4,2,2540,2569,1,param_grad_classical,17,0.072530900
qubit_sweep,q10,hybrid,default.qubit,10,2,2540,3013,0,forward,17,0.700248200
qubit_sweep,q10,hybrid,default.qubit,10,2,2540,3013,0,forward_quantum,17,0.699506900
qubit_sweep,q10,hybrid,default.qubit,10,2,2540,3013,0,forward_classical,17,0.000741300
qubit_sweep,q2,hybrid,default.qubit,2,2,2540,2421,2,forward,17,0.008068900
qubit_sweep,q2,hybrid,default.qubit,2,2,2540,2421,2,forward_quantum,17,0.007277500
qubit_sweep,q2,hybrid,default.qubit,2,2,2540,2421,2,forward_classical,17,0.000791400
qubit_sweep,q2,hybrid,default.qubit,2,2,2540,2421,2,first_grad,17,0.012072300
qubit_sweep,q2,hybrid,default.qubit,2,2,2540,2421,2,first_grad_quantum,17,0.010402800
qubit_sweep,q2,hybrid,default.qubit,2,2,2540,2421,2,first_grad_classical,17,0.001669500
qubit_sweep,q2,hybrid,default.qubit,2,2,2540,2421,2,second_grad,17,0.019380900
qubit_sweep,q2,hybrid,default.qubit,2,2,2540,2421,2,second_grad_quantum,17,0.012878400
qubit_sweep,q2,hybrid,default.qubit,2,2,2540,2421,2,second_grad_classical,17,0.006502500
qubit_sweep,q2,hybrid,default.qubit,2,2,2540,2421,2,param_grad,17,0.039248900
qubit_sweep,q2,hybrid,default.qubit,2,2,2540,2421,2,param_grad_quantum,17,0.016695400
qubit_sweep,q2,hybrid,default.qubit,2,2,2540,2421,2,param_grad_classical,17,0.022553500
qubit_sweep,q6,hybrid,default.qubit,6,2,2540,2717,0,forward,17,0.029923200
qubit_sweep,q6,hybrid,default.qubit,6,2,2540,2717,0,forward_quantum,17,0.028681300
qubit_sweep,q6,hybrid,default.qubit,6,2,2540,2717,0,forward_classical,17,0.001241900
qubit_sweep,q6,hybrid,default.qubit,6,2,2540,2717,0,first_grad,17,0.074561900
qubit_sweep,q6,hybrid,default.qubit,6,2,2540,2717,0,first_grad_quantum,17,0.071062700
qubit_sweep,q6,hybrid,default.qubit,6,2,2540,2717,0,first_grad_classical,17,0.003499200
qubit_sweep,q6,hybrid,default.qubit,6,2,2540,2717,0,second_grad,17,0.145508900
qubit_sweep,q6,hybrid,default.qubit,6,2,2540,2717,0,second_grad_quantum,17,0.097996800
qubit_sweep,q6,hybrid,default.qubit,6,2,2540,2717,0,second_grad_classical,17,0.047512100
qubit_sweep,q6,hybrid,default.qubit,6,2,2540,2717,0,param_grad,17,0.385024300
qubit_sweep,q6,hybrid,default.qubit,6,2,2540,2717,0,param_grad_quantum,17,0.158785800
qubit_sweep,q6,hybrid,default.qubit,6,2,2540,2717,0,param_grad_classical,17,0.226238500
qubit_sweep,q10,hybrid,default.qubit,10,2,2540,3013,1,forward,17,0.679764200
qubit_sweep,q10,hybrid,default.qubit,10,2,2540,3013,1,forward_quantum,17,0.679034100
qubit_sweep,q10,hybrid,default.qubit,10,2,2540,3013,1,forward_classical,17,0.000730100
qubit_sweep,q6,hybrid,default.qubit,6,2,2540,2717,2,forward,17,0.039942200
qubit_sweep,q6,hybrid,default.qubit,6,2,2540,2717,2,forward_quantum,17,0.039176400
qubit_sweep,q6,hybrid,default.qubit,6,2,2540,2717,2,forward_classical,17,0.000765800
qubit_sweep,q6,hybrid,default.qubit,6,2,2540,2717,2,first_grad,17,0.083626200
qubit_sweep,q6,hybrid,default.qubit,6,2,2540,2717,2,first_grad_quantum,17,0.078480100
qubit_sweep,q6,hybrid,default.qubit,6,2,2540,2717,2,first_grad_classical,17,0.005146100
qubit_sweep,q6,hybrid,default.qubit,6,2,2540,2717,2,second_grad,17,0.143996900
qubit_sweep,q6,hybrid,default.qubit,6,2,2540,2717,2,second_grad_quantum,17,0.098207500
qubit_sweep,q6,hybrid,default.qubit,6,2,2540,2717,2,second_grad_classical,17,0.045789400
qubit_sweep,q6,hybrid,default.qubit,6,2,2540,2717,2,param_grad,17,0.377603100
qubit_sweep,q6,hybrid,default.qubit,6,2,2540,2717,2,param_grad_quantum,17,0.164046400
qubit_sweep,q6,hybrid,default.qubit,6,2,2540,2717,2,param_grad_classical,17,0.213556700
qubit_sweep,q2,hybrid,default.qubit,2,2,2540,2421,0,forward,17,0.006550200
qubit_sweep,q2,hybrid,default.qubit,2,2,2540,2421,0,forward_quantum,17,0.005883400
qubit_sweep,q2,hybrid,default.qubit,2,2,2540,2421,0,forward_classical,17,0.000666800
qubit_sweep,q2,hybrid,default.qubit,2,2,2540,2421,0,first_grad,17,0.014509500
qubit_sweep,q2,hybrid,default.qubit,2,2,2540,2421,0,first_grad_quantum,17,0.012769300
qubit_sweep,q2,hybrid,default.qubit,2,2,2540,2421,0,first_grad_classical,17,0.001740200
qubit_sweep,q2,hybrid,default.qubit,2,2,2540,2421,0,second_grad,17,0.022834600
qubit_sweep,q2,hybrid,default.qubit,2,2,2540,2421,0,second_grad_quantum,17,0.013575100
qubit_sweep,q2,hybrid,default.qubit,2,2,2540,2421,0,second_grad_classical,17,0.009259500
qubit_sweep,q2,hybrid,default.qubit,2,2,2540,2421,0,param_grad,17,0.038273200
qubit_sweep,q2,hybrid,default.qubit,2,2,2540,2421,0,param_grad_quantum,17,0.017491700
qubit_sweep,q2,hybrid,default.qubit,2,2,2540,2421,0,param_grad_classical,17,0.020781500
qubit_sweep,q4,hybrid,default.qubit,4,2,2540,2569,0,forward,17,0.016993900
qubit_sweep,q4,hybrid,default.qubit,4,2,2540,2569,0,forward_quantum,17,0.016182800
qubit_sweep,q4,hybrid,default.qubit,4,2,2540,2569,0,forward_classical,17,0.000811100
qubit_sweep,q4,hybrid,default.qubit,4,2,2540,2569,0,first_grad,17,0.033409900
qubit_sweep,q4,hybrid,default.qubit,4,2,2540,2569,0,first_grad_quantum,17,0.030819900
qubit_sweep,q4,hybrid,default.qubit,4,2,2540,2569,0,first_grad_classical,17,0.002590000
qubit_sweep,q4,hybrid,default.qubit,4,2,2540,2569,0,second_grad,17,0.059712900
qubit_sweep,q4,hybrid,default.qubit,4,2,2540,2569,0,second_grad_quantum,17,0.038954600
qubit_sweep,q4,hybrid,default.qubit,4,2,2540,2569,0,second_grad_classical,17,0.020758300
qubit_sweep,q4,hybrid,default.qubit,4,2,2540,2569,0,param_grad,17,0.124796000
qubit_sweep,q4,hybrid,default.qubit,4,2,2540,2569,0,param_grad_quantum,17,0.054564900
qubit_sweep,q4,hybrid,default.qubit,4,2,2540,2569,0,param_grad_classical,17,0.070231100
qubit_sweep,q4,hybrid,default.qubit,4,2,2540,2569,2,forward,17,0.016829800
qubit_sweep,q4,hybrid,default.qubit,4,2,2540,2569,2,forward_quantum,17,0.016087300
qubit_sweep,q4,hybrid,default.qubit,4,2,2540,2569,2,forward_classical,17,0.000742500
qubit_sweep,q4,hybrid,default.qubit,4,2,2540,2569,2,first_grad,17,0.029211300
qubit_sweep,q4,hybrid,default.qubit,4,2,2540,2569,2,first_grad_quantum,17,0.026720700
qubit_sweep,q4,hybrid,default.qubit,4,2,2540,2569,2,first_grad_classical,17,0.002490600
qubit_sweep,q4,hybrid,default.qubit,4,2,2540,2569,2,second_grad,17,0.062900600
qubit_sweep,q4,hybrid,default.qubit,4,2,2540,2569,2,second_grad_quantum,17,0.041080800
qubit_sweep,q4,hybrid,default.qubit,4,2,2540,2569,2,second_grad_classical,17,0.021819800
qubit_sweep,q4,hybrid,default.qubit,4,2,2540,2569,2,param_grad,17,0.118160900
qubit_sweep,q4,hybrid,default.qubit,4,2,2540,2569,2,param_grad_quantum,17,0.051249000
qubit_sweep,q4,hybrid,default.qubit,4,2,2540,2569,2,param_grad_classical,17,0.066911900
qubit_sweep,q6,hybrid,default.qubit,6,2,2540,2717,1,forward,17,0.027736900
qubit_sweep,q6,hybrid,default.qubit,6,2,2540,2717,1,forward_quantum,17,0.027036100
qubit_sweep,q6,hybrid,default.qubit,6,2,2540,2717,1,forward_classical,17,0.000700800
qubit_sweep,q6,hybrid,default.qubit,6,2,2540,2717,1,first_grad,17,0.077341700
qubit_sweep,q6,hybrid,default.qubit,6,2,2540,2717,1,first_grad_quantum,17,0.073833200
qubit_sweep,q6,hybrid,default.qubit,6,2,2540,2717,1,first_grad_classical,17,0.003508500
qubit_sweep,q6,hybrid,default.qubit,6,2,2540,2717,1,second_grad,17,0.138255800
qubit_sweep,q6,hybrid,default.qubit,6,2,2540,2717,1,second_grad_quantum,17,0.088517400
qubit_sweep,q6,hybrid,default.qubit,6,2,2540,2717,1,second_grad_classical,17,0.049738400
qubit_sweep,q6,hybrid,default.qubit,6,2,2540,2717,1,param_grad,17,0.381128700
qubit_sweep,q6,hybrid,default.qubit,6,2,2540,2717,1,param_grad_quantum,17,0.162760300
qubit_sweep,q6,hybrid,default.qubit,6,2,2540,2717,1,param_grad_classical,17,0.218368400
qubit_sweep,q2,hybrid,default.qubit,2,2,2540,2421,1,forward,17,0.007964000
qubit_sweep,q2,hybrid,default.qubit,2,2,2540,2421,1,forward_quantum,17,0.007127200
qubit_sweep,q2,hybrid,default.qubit,2,2,2540,2421,1,forward_classical,17,0.000836800
qubit_sweep,q2,hybrid,default.qubit,2,2,2540,2421,1,first_grad,17,0.016686200
qubit_sweep,q2,hybrid,default.qubit,2,2,2540,2421,1,first_grad_quantum,17,0.014556900
qubit_sweep,q2,hybrid,default.qubit,2,2,2540,2421,1,first_grad_classical,17,0.002129300
qubit_sweep,q2,hybrid,default.qubit,2,2,2540,2421,1,second_grad,17,0.022522200
qubit_sweep,q2,hybrid,default.qubit,2,2,2540,2421,1,second_grad_quantum,17,0.013880400
qubit_sweep,q2,hybrid,default.qubit,2,2,2540,2421,1,second_grad_classical,17,0.008641800
qubit_sweep,q2,hybrid,default.qubit,2,2,2540,2421,1,param_grad,17,0.045023100
qubit_sweep,q2,hybrid,default.qubit,2,2,2540,2421,1,param_grad_quantum,17,0.020131500
qubit_sweep,q2,hybrid,default.qubit,2,2,2540,2421,1,param_grad_classical,17,0.024891600
qubit_sweep,q10,hybrid,default.qubit,10,2,2540,3013,2,forward,17,0.681289000
qubit_sweep,q10,hybrid,default.qubit,10,2,2540,3013,2,forward_quantum,17,0.680518900
qubit_sweep,q10,hybrid,default.qubit,10,2,2540,3013,2,forward_classical,17,0.000770100
qubit_sweep,q4,hybrid,default.qubit,4,2,2540,2569,0,forward,18,0.016475700
qubit_sweep,q4,hybrid,default.qubit,4,2,2540,2569,0,forward_quantum,18,0.015764000
qubit_sweep,q4,hybrid,default.qubit,4,2,2540,2569,0,forward_classical,18,0.000711700
qubit_sweep,q4,hybrid,default.qubit,4,2,2540,2569,0,first_grad,18,0.032819300
qubit_sweep,q4,hybrid,default.qubit,4,2,2540,2569,0,first_grad_quantum,18,0.030143900
qubit_sweep,q4,hybrid,default.qubit,4,2,2540,2569,0,first_grad_classical,18,0.002675400
qubit_sweep,q4,hybrid,default.qubit,4,2,2540,2569,0,second_grad,18,0.071981000
qubit_sweep,q4,hybrid,default.qubit,4,2,2540,2569,0,second_grad_quantum,18,0.048218500
qubit_sweep,q4,hybrid,default.qubit,4,2,2540,2569,0,second_grad_classical,18,0.023762500
qubit_sweep,q4,hybrid,default.qubit,4,2,2540,2569,0,param_grad,18,0.123638400
qubit_sweep,q4,hybrid,default.qubit,4,2,2540,2569,0,param_grad_quantum,18,0.059764600
qubit_sweep,q4,hybrid,default.qubit,4,2,2540,2569,0,param_grad_classical,18,0.063873800
qubit_sweep,q4,hybrid,default.qubit,4,2,2540,2569,2,forward,18,0.016406500
qubit_sweep,q4,hybrid,default.qubit,4,2,2540,2569,2,forward_quantum,18,0.015674400
qubit_sweep,q4,hybrid,default.qubit,4,2,2540,2569,2,forward_classical,18,0.000732100
qubit_sweep,q4,hybrid,default.qubit,4,2,2540,2569,2,first_grad,18,0.031528900
qubit_sweep,q4,hybrid,default.qubit,4,2,2540,2569,2,first_grad_quantum,18,0.027580500
qubit_sweep,q4,hybrid,default.qubit,4,2,2540,2569,2,first_grad_classical,18,0.003948400
qubit_sweep,q4,hybrid,default.qubit,4,2,2540,2569,2,second_grad,18,0.062997900
qubit_sweep,q4,hybrid,default.qubit,4,2,2540,2569,2,second_grad_quantum,18,0.040992400
qubit_sweep,q4,hybrid,default.qubit,4,2,2540,2569,2,second_grad_classical,18,0.022005500
qubit_sweep,q4,hybrid,default.qubit,4,2,2540,2569,2,param_grad,18,0.124236000
qubit_sweep,q4,hybrid,default.qubit,4,2,2540,2569,2,param_grad_quantum,18,0.053525400
qubit_sweep,q4,hybrid,default.qubit,4,2,2540,2569,2,param_grad_classical,18,0.070710600
qubit_sweep,q6,hybrid,default.qubit,6,2,2540,2717,0,forward,18,0.029454300
qubit_sweep,q6,hybrid,default.qubit,6,2,2540,2717,0,forward_quantum,18,0.028727100
qubit_sweep,q6,hybrid,default.qubit,6,2,2540,2717,0,forward_classical,18,0.000727200
qubit_sweep,q6,hybrid,default.qubit,6,2,2540,2717,0,first_grad,18,0.080475800
qubit_sweep,q6,hybrid,default.qubit,6,2,2540,2717,0,first_grad_quantum,18,0.075079000
qubit_sweep,q6,hybrid,default.qubit,6,2,2540,2717,0,first_grad_classical,18,0.005396800
qubit_sweep,q6,hybrid,default.qubit,6,2,2540,2717,0,second_grad,18,0.150716500
qubit_sweep,q6,hybrid,default.qubit,6,2,2540,2717,0,second_grad_quantum,18,0.103174700
qubit_sweep,q6,hybrid,default.qubit,6,2,2540,2717,0,second_grad_classical,18,0.047541800
qubit_sweep,q6,hybrid,default.qubit,6,2,2540,2717,0,param_grad,18,0.397269500
qubit_sweep,q6,hybrid,default.qubit,6,2,2540,2717,0,param_grad_quantum,18,0.159373400
qubit_sweep,q6,hybrid,default.qubit,6,2,2540,2717,0,param_grad_classical,18,0.237896100
qubit_sweep,q4,hybrid,default.qubit,4,2,2540,2569,1,forward,18,0.015947000
qubit_sweep,q4,hybrid,default.qubit,4,2,2540,2569,1,forward_quantum,18,0.015170700
qubit_sweep,q4,hybrid,default.qubit,4,2,2540,2569,1,forward_classical,18,0.000776300
qubit_sweep,q4,hybrid,default.qubit,4,2,2540,2569,1,first_grad,18,0.036531500
qubit_sweep,q4,hybrid,default.qubit,4,2,2540,2569,1,first_grad_quantum,18,0.033855500
qubit_sweep,q4,hybrid,default.qubit,4,2,2540,2569,1,first_grad_classical,18,0.002676000
qubit_sweep,q4,hybrid,default.qubit,4,2,2540,2569,1,second_grad,18,0.068906100
qubit_sweep,q4,hybrid,default.qubit,4,2,2540,2569,1,second_grad_quantum,18,0.045382000
qubit_sweep,q4,hybrid,default.qubit,4,2,2540,2569,1,second_grad_classical,18,0.023524100
qubit_sweep,q4,hybrid,default.qubit,4,2,2540,2569,1,param_grad,18,0.128893200
qubit_sweep,q4,hybrid,default.qubit,4,2,2540,2569,1,param_grad_quantum,18,0.053310500
qubit_sweep,q4,hybrid,default.qubit,4,2,2540,2569,1,param_grad_classical,18,0.075582700
qubit_sweep,q2,hybrid,default.qubit,2,2,2540,2421,1,forward,18,0.007938800
qubit_sweep,q2,hybrid,default.qubit,2,2,2540,2421,1,forward_quantum,18,0.007169000
qubit_sweep,q2,hybrid,default.qubit,2,2,2540,2421,1,forward_classical,18,0.000769800
qubit_sweep,q2,hybrid,default.qubit,2,2,2540,2421,1,first_grad,18,0.012542400
qubit_sweep,q2,hybrid,default.qubit,2,2,2540,2421,1,first_grad_quantum,18,0.010781300
qubit_sweep,q2,hybrid,default.qubit,2,2,2540,2421,1,first_grad_classical,18,0.001761100
qubit_sweep,q2,hybrid,default.qubit,2,2,2540,2421,1,second_grad,18,0.022777700
qubit_sweep,q2,hybrid,default.qubit,2,2,2540,2421,1,second_grad_quantum,18,0.014110900
qubit_sweep,q2,hybrid,default.qubit,2,2,2540,2421,1,second_grad_classical,18,0.008666800
qubit_sweep,q2,hybrid,default.qubit,2,2,2540,2421,1,param_grad,18,0.044870600
qubit_sweep,q2,hybrid,default.qubit,2,2,2540,2421,1,param_grad_quantum,18,0.017676700
qubit_sweep,q2,hybrid,default.qubit,2,2,2540,2421,1,param_grad_classical,18,0.027193900
qubit_sweep,q10,hybrid,default.qubit,10,2,2540,3013,2,forward,18,0.672056500
qubit_sweep,q10,hybrid,default.qubit,10,2,2540,3013,2,forward_quantum,18,0.671261500
qubit_sweep,q10,hybrid,default.qubit,10,2,2540,3013,2,forward_classical,18,0.000795000
qubit_sweep,q2,hybrid,default.qubit,2,2,2540,2421,0,forward,18,0.007864300
qubit_sweep,q2,hybrid,default.qubit,2,2,2540,2421,0,forward_quantum,18,0.007089000
qubit_sweep,q2,hybrid,default.qubit,2,2,2540,2421,0,forward_classical,18,0.000775300
qubit_sweep,q2,hybrid,default.qubit,2,2,2540,2421,0,first_grad,18,0.011754200
qubit_sweep,q2,hybrid,default.qubit,2,2,2540,2421,0,first_grad_quantum,18,0.010153800
qubit_sweep,q2,hybrid,default.qubit,2,2,2540,2421,0,first_grad_classical,18,0.001600400
qubit_sweep,q2,hybrid,default.qubit,2,2,2540,2421,0,second_grad,18,0.021957300
qubit_sweep,q2,hybrid,default.qubit,2,2,2540,2421,0,second_grad_quantum,18,0.014164100
qubit_sweep,q2,hybrid,default.qubit,2,2,2540,2421,0,second_grad_classical,18,0.007793200
qubit_sweep,q2,hybrid,default.qubit,2,2,2540,2421,0,param_grad,18,0.043329600
qubit_sweep,q2,hybrid,default.qubit,2,2,2540,2421,0,param_grad_quantum,18,0.019727100
qubit_sweep,q2,hybrid,default.qubit,2,2,2540,2421,0,param_grad_classical,18,0.023602500
qubit_sweep,q2,hybrid,default.qubit,2,2,2540,2421,2,forward,18,0.007986600
qubit_sweep,q2,hybrid,default.qubit,2,2,2540,2421,2,forward_quantum,18,0.007235700
qubit_sweep,q2,hybrid,default.qubit,2,2,2540,2421,2,forward_classical,18,0.000750900
qubit_sweep,q2,hybrid,default.qubit,2,2,2540,2421,2,first_grad,18,0.011551800
qubit_sweep,q2,hybrid,default.qubit,2,2,2540,2421,2,first_grad_quantum,18,0.010113400
qubit_sweep,q2,hybrid,default.qubit,2,2,2540,2421,2,first_grad_classical,18,0.001438400
qubit_sweep,q2,hybrid,default.qubit,2,2,2540,2421,2,second_grad,18,0.017215000
qubit_sweep,q2,hybrid,default.qubit,2,2,2540,2421,2,second_grad_quantum,18,0.011196400
qubit_sweep,q2,hybrid,default.qubit,2,2,2540,2421,2,second_grad_classical,18,0.006018600
qubit_sweep,q2,hybrid,default.qubit,2,2,2540,2421,2,param_grad,18,0.041384200
qubit_sweep,q2,hybrid,default.qubit,2,2,2540,2421,2,param_grad_quantum,18,0.017556300
qubit_sweep,q2,hybrid,default.qubit,2,2,2540,2421,2,param_grad_classical,18,0.023827900
qubit_sweep,q6,hybrid,default.qubit,6,2,2540,2717,1,forward,18,0.031529400
qubit_sweep,q6,hybrid,default.qubit,6,2,2540,2717,1,forward_quantum,18,0.030774700
qubit_sweep,q6,hybrid,default.qubit,6,2,2540,2717,1,forward_classical,18,0.000754700
qubit_sweep,q6,hybrid,default.qubit,6,2,2540,2717,1,first_grad,18,0.080018200
qubit_sweep,q6,hybrid,default.qubit,6,2,2540,2717,1,first_grad_quantum,18,0.076056100
qubit_sweep,q6,hybrid,default.qubit,6,2,2540,2717,1,first_grad_classical,18,0.003962100
qubit_sweep,q6,hybrid,default.qubit,6,2,2540,2717,1,second_grad,18,0.145359700
qubit_sweep,q6,hybrid,default.qubit,6,2,2540,2717,1,second_grad_quantum,18,0.103455700
qubit_sweep,q6,hybrid,default.qubit,6,2,2540,2717,1,second_grad_classical,18,0.041904000
qubit_sweep,q6,hybrid,default.qubit,6,2,2540,2717,1,param_grad,18,0.379152600
qubit_sweep,q6,hybrid,default.qubit,6,2,2540,2717,1,param_grad_quantum,18,0.161925800
qubit_sweep,q6,hybrid,default.qubit,6,2,2540,2717,1,param_grad_classical,18,0.217226800
qubit_sweep,q10,hybrid,default.qubit,10,2,2540,3013,1,forward,18,0.677932800
qubit_sweep,q10,hybrid,default.qubit,10,2,2540,3013,1,forward_quantum,18,0.677116300
qubit_sweep,q10,hybrid,default.qubit,10,2,2540,3013,1,forward_classical,18,0.000816500
qubit_sweep,q6,hybrid,default.qubit,6,2,2540,2717,2,forward,18,0.031120400
qubit_sweep,q6,hybrid,default.qubit,6,2,2540,2717,2,forward_quantum,18,0.030335900
qubit_sweep,q6,hybrid,default.qubit,6,2,2540,2717,2,forward_classical,18,0.000784500
qubit_sweep,q6,hybrid,default.qubit,6,2,2540,2717,2,first_grad,18,0.076387600
qubit_sweep,q6,hybrid,default.qubit,6,2,2540,2717,2,first_grad_quantum,18,0.072203600
qubit_sweep,q6,hybrid,default.qubit,6,2,2540,2717,2,first_grad_classical,18,0.004184000
qubit_sweep,q6,hybrid,default.qubit,6,2,2540,2717,2,second_grad,18,0.138836300
qubit_sweep,q6,hybrid,default.qubit,6,2,2540,2717,2,second_grad_quantum,18,0.097848700
qubit_sweep,q6,hybrid,default.qubit,6,2,2540,2717,2,second_grad_classical,18,0.040987600
qubit_sweep,q6,hybrid,default.qubit,6,2,2540,2717,2,param_grad,18,0.380316200
qubit_sweep,q6,hybrid,default.qubit,6,2,2540,2717,2,param_grad_quantum,18,0.160343600
qubit_sweep,q6,hybrid,default.qubit,6,2,2540,2717,2,param_grad_classical,18,0.219972600
qubit_sweep,q10,hybrid,default.qubit,10,2,2540,3013,0,forward,18,0.691607800
qubit_sweep,q10,hybrid,default.qubit,10,2,2540,3013,0,forward_quantum,18,0.690771500
qubit_sweep,q10,hybrid,default.qubit,10,2,2540,3013,0,forward_classical,18,0.000836300
qubit_sweep,q6,hybrid,default.qubit,6,2,2540,2717,2,forward,19,0.033003400
qubit_sweep,q6,hybrid,default.qubit,6,2,2540,2717,2,forward_quantum,19,0.032168900
qubit_sweep,q6,hybrid,default.qubit,6,2,2540,2717,2,forward_classical,19,0.000834500
qubit_sweep,q6,hybrid,default.qubit,6,2,2540,2717,2,first_grad,19,0.088628400
qubit_sweep,q6,hybrid,default.qubit,6,2,2540,2717,2,first_grad_quantum,19,0.084826800
qubit_sweep,q6,hybrid,default.qubit,6,2,2540,2717,2,first_grad_classical,19,0.003801600
qubit_sweep,q6,hybrid,default.qubit,6,2,2540,2717,2,second_grad,19,0.139771900
qubit_sweep,q6,hybrid,default.qubit,6,2,2540,2717,2,second_grad_quantum,19,0.094284900
qubit_sweep,q6,hybrid,default.qubit,6,2,2540,2717,2,second_grad_classical,19,0.045487000
qubit_sweep,q6,hybrid,default.qubit,6,2,2540,2717,2,param_grad,19,0.412197300
qubit_sweep,q6,hybrid,default.qubit,6,2,2540,2717,2,param_grad_quantum,19,0.167540200
qubit_sweep,q6,hybrid,default.qubit,6,2,2540,2717,2,param_grad_classical,19,0.244657100
qubit_sweep,q4,hybrid,default.qubit,4,2,2540,2569,2,forward,19,0.019093600
qubit_sweep,q4,hybrid,default.qubit,4,2,2540,2569,2,forward_quantum,19,0.018333700
qubit_sweep,q4,hybrid,default.qubit,4,2,2540,2569,2,forward_classical,19,0.000759900
qubit_sweep,q4,hybrid,default.qubit,4,2,2540,2569,2,first_grad,19,0.035689400
qubit_sweep,q4,hybrid,default.qubit,4,2,2540,2569,2,first_grad_quantum,19,0.033222000
qubit_sweep,q4,hybrid,default.qubit,4,2,2540,2569,2,first_grad_classical,19,0.002467400
qubit_sweep,q4,hybrid,default.qubit,4,2,2540,2569,2,second_grad,19,0.067343000
qubit_sweep,q4,hybrid,default.qubit,4,2,2540,2569,2,second_grad_quantum,19,0.043546400
qubit_sweep,q4,hybrid,default.qubit,4,2,2540,2569,2,second_grad_classical,19,0.023796600
qubit_sweep,q4,hybrid,default.qubit,4,2,2540,2569,2,param_grad,19,0.130207500
qubit_sweep,q4,hybrid,default.qubit,4,2,2540,2569,2,param_grad_quantum,19,0.059587800
qubit_sweep,q4,hybrid,default.qubit,4,2,2540,2569,2,param_grad_classical,19,0.070619700
qubit_sweep,q4,hybrid,default.qubit,4,2,2540,2569,1,forward,19,0.016686200
qubit_sweep,q4,hybrid,default.qubit,4,2,2540,2569,1,forward_quantum,19,0.015871400
qubit_sweep,q4,hybrid,default.qubit,4,2,2540,2569,1,forward_classical,19,0.000814800
qubit_sweep,q4,hybrid,default.qubit,4,2,2540,2569,1,first_grad,19,0.029684400
qubit_sweep,q4,hybrid,default.qubit,4,2,2540,2569,1,first_grad_quantum,19,0.027028000
qubit_sweep,q4,hybrid,default.qubit,4,2,2540,2569,1,first_grad_classical,19,0.002656400
qubit_sweep,q4,hybrid,default.qubit,4,2,2540,2569,1,second_grad,19,0.063810800
qubit_sweep,q4,hybrid,default.qubit,4,2,2540,2569,1,second_grad_quantum,19,0.044932900
qubit_sweep,q4,hybrid,default.qubit,4,2,2540,2569,1,second_grad_classical,19,0.018877900
qubit_sweep,q4,hybrid,default.qubit,4,2,2540,2569,1,param_grad,19,0.124422500
qubit_sweep,q4,hybrid,default.qubit,4,2,2540,2569,1,param_grad_quantum,19,0.056998200
qubit_sweep,q4,hybrid,default.qubit,4,2,2540,2569,1,param_grad_classical,19,0.067424300
qubit_sweep,q2,hybrid,default.qubit,2,2,2540,2421,0,forward,19,0.007842700
qubit_sweep,q2,hybrid,default.qubit,2,2,2540,2421,0,forward_quantum,19,0.007084200
qubit_sweep,q2,hybrid,default.qubit,2,2,2540,2421,0,forward_classical,19,0.000758500
qubit_sweep,q2,hybrid,default.qubit,2,2,2540,2421,0,first_grad,19,0.012307700
qubit_sweep,q2,hybrid,default.qubit,2,2,2540,2421,0,first_grad_quantum,19,0.010653100
qubit_sweep,q2,hybrid,default.qubit,2,2,2540,2421,0,first_grad_classical,19,0.001654600
qubit_sweep,q2,hybrid,default.qubit,2,2,2540,2421,0,second_grad,19,0.027282600
qubit_sweep,q2,hybrid,default.qubit,2,2,2540,2421,0,second_grad_quantum,19,0.013658500
qubit_sweep,q2,hybrid,default.qubit,2,2,2540,2421,0,second_grad_classical,19,0.013624100
qubit_sweep,q2,hybrid,default.qubit,2,2,2540,2421,0,param_grad,19,0.044589100
qubit_sweep,q2,hybrid,default.qubit,2,2,2540,2421,0,param_grad_quantum,19,0.019899300
qubit_sweep,q2,hybrid,default.qubit,2,2,2540,2421,0,param_grad_classical,19,0.024689800
qubit_sweep,q6,hybrid,default.qubit,6,2,2540,2717,1,forward,19,0.030263900
qubit_sweep,q6,hybrid,default.qubit,6,2,2540,2717,1,forward_quantum,19,0.029548900
qubit_sweep,q6,hybrid,default.qubit,6,2,2540,2717,1,forward_classical,19,0.000715000
qubit_sweep,q6,hybrid,default.qubit,6,2,2540,2717,1,first_grad,19,0.084372000
qubit_sweep,q6,hybrid,default.qubit,6,2,2540,2717,1,first_grad_quantum,19,0.079295600
qubit_sweep,q6,hybrid,default.qubit,6,2,2540,2717,1,first_grad_classical,19,0.005076400
qubit_sweep,q6,hybrid,default.qubit,6,2,2540,2717,1,second_grad,19,0.149521500
qubit_sweep,q6,hybrid,default.qubit,6,2,2540,2717,1,second_grad_quantum,19,0.100152900
qubit_sweep,q6,hybrid,default.qubit,6,2,2540,2717,1,second_grad_classical,19,0.049368600
qubit_sweep,q6,hybrid,default.qubit,6,2,2540,2717,1,param_grad,19,0.379078100
qubit_sweep,q6,hybrid,default.qubit,6,2,2540,2717,1,param_grad_quantum,19,0.155244500
qubit_sweep,q6,hybrid,default.qubit,6,2,2540,2717,1,param_grad_classical,19,0.223833600
qubit_sweep,q2,hybrid,default.qubit,2,2,2540,2421,2,forward,19,0.007932300
qubit_sweep,q2,hybrid,default.qubit,2,2,2540,2421,2,forward_quantum,19,0.007030700
qubit_sweep,q2,hybrid,default.qubit,2,2,2540,2421,2,forward_classical,19,0.000901600
qubit_sweep,q2,hybrid,default.qubit,2,2,2540,2421,2,first_grad,19,0.012780300
qubit_sweep,q2,hybrid,default.qubit,2,2,2540,2421,2,first_grad_quantum,19,0.010922800
qubit_sweep,q2,hybrid,default.qubit,2,2,2540,2421,2,first_grad_classical,19,0.001857500
qubit_sweep,q2,hybrid,default.qubit,2,2,2540,2421,2,second_grad,19,0.022183000
qubit_sweep,q2,hybrid,default.qubit,2,2,2540,2421,2,second_grad_quantum,19,0.012413500
qubit_sweep,q2,hybrid,default.qubit,2,2,2540,2421,2,second_grad_classical,19,0.009769500
qubit_sweep,q2,hybrid,default.qubit,2,2,2540,2421,2,param_grad,19,0.043831400
qubit_sweep,q2,hybrid,default.qubit,2,2,2540,2421,2,param_grad_quantum,19,0.019250700
qubit_sweep,q2,hybrid,default.qubit,2,2,2540,2421,2,param_grad_classical,19,0.024580700
qubit_sweep,q10,hybrid,default.qubit,10,2,2540,3013,0,forward,19,0.681385200
qubit_sweep,q10,hybrid,default.qubit,10,2,2540,3013,0,forward_quantum,19,0.680585300
qubit_sweep,q10,hybrid,default.qubit,10,2,2540,3013,0,forward_classical,19,0.000799900
qubit_sweep,q10,hybrid,default.qubit,10,2,2540,3013,2,forward,19,0.679951900
qubit_sweep,q10,hybrid,default.qubit,10,2,2540,3013,2,forward_quantum,19,0.679192800
qubit_sweep,q10,hybrid,default.qubit,10,2,2540,3013,2,forward_classical,19,0.000759100
qubit_sweep,q2,hybrid,default.qubit,2,2,2540,2421,1,forward,19,0.006652400
qubit_sweep,q2,hybrid,default.qubit,2,2,2540,2421,1,forward_quantum,19,0.005978600
qubit_sweep,q2,hybrid,default.qubit,2,2,2540,2421,1,forward_classical,19,0.000673800
qubit_sweep,q2,hybrid,default.qubit,2,2,2540,2421,1,first_grad,19,0.009943100
qubit_sweep,q2,hybrid,default.qubit,2,2,2540,2421,1,first_grad_quantum,19,0.008547300
qubit_sweep,q2,hybrid,default.qubit,2,2,2540,2421,1,first_grad_classical,19,0.001395800
qubit_sweep,q2,hybrid,default.qubit,2,2,2540,2421,1,second_grad,19,0.016761400
qubit_sweep,q2,hybrid,default.qubit,2,2,2540,2421,1,second_grad_quantum,19,0.010975500
qubit_sweep,q2,hybrid,default.qubit,2,2,2540,2421,1,second_grad_classical,19,0.005785900
qubit_sweep,q2,hybrid,default.qubit,2,2,2540,2421,1,param_grad,19,0.040208000
qubit_sweep,q2,hybrid,default.qubit,2,2,2540,2421,1,param_grad_quantum,19,0.018024000
qubit_sweep,q2,hybrid,default.qubit,2,2,2540,2421,1,param_grad_classical,19,0.022184000
qubit_sweep,q4,hybrid,default.qubit,4,2,2540,2569,0,forward,19,0.013993200
qubit_sweep,q4,hybrid,default.qubit,4,2,2540,2569,0,forward_quantum,19,0.013310500
qubit_sweep,q4,hybrid,default.qubit,4,2,2540,2569,0,forward_classical,19,0.000682700
qubit_sweep,q4,hybrid,default.qubit,4,2,2540,2569,0,first_grad,19,0.028801500
qubit_sweep,q4,hybrid,default.qubit,4,2,2540,2569,0,first_grad_quantum,19,0.026682600
qubit_sweep,q4,hybrid,default.qubit,4,2,2540,2569,0,first_grad_classical,19,0.002118900
qubit_sweep,q4,hybrid,default.qubit,4,2,2540,2569,0,second_grad,19,0.057755700
qubit_sweep,q4,hybrid,default.qubit,4,2,2540,2569,0,second_grad_quantum,19,0.037424800
qubit_sweep,q4,hybrid,default.qubit,4,2,2540,2569,0,second_grad_classical,19,0.020330900
qubit_sweep,q4,hybrid,default.qubit,4,2,2540,2569,0,param_grad,19,0.122641800
qubit_sweep,q4,hybrid,default.qubit,4,2,2540,2569,0,param_grad_quantum,19,0.058671100
qubit_sweep,q4,hybrid,default.qubit,4,2,2540,2569,0,param_grad_classical,19,0.063970700
qubit_sweep,q10,hybrid,default.qubit,10,2,2540,3013,1,forward,19,0.677327000
qubit_sweep,q10,hybrid,default.qubit,10,2,2540,3013,1,forward_quantum,19,0.676568400
qubit_sweep,q10,hybrid,default.qubit,10,2,2540,3013,1,forward_classical,19,0.000758600
qubit_sweep,q6,hybrid,default.qubit,6,2,2540,2717,0,forward,19,0.030921900
qubit_sweep,q6,hybrid,default.qubit,6,2,2540,2717,0,forward_quantum,19,0.030169600
qubit_sweep,q6,hybrid,default.qubit,6,2,2540,2717,0,forward_classical,19,0.000752300
qubit_sweep,q6,hybrid,default.qubit,6,2,2540,2717,0,first_grad,19,0.081475300
qubit_sweep,q6,hybrid,default.qubit,6,2,2540,2717,0,first_grad_quantum,19,0.077997100
qubit_sweep,q6,hybrid,default.qubit,6,2,2540,2717,0,first_grad_classical,19,0.003478200
qubit_sweep,q6,hybrid,default.qubit,6,2,2540,2717,0,second_grad,19,0.141852000
qubit_sweep,q6,hybrid,default.qubit,6,2,2540,2717,0,second_grad_quantum,19,0.095811100
qubit_sweep,q6,hybrid,default.qubit,6,2,2540,2717,0,second_grad_classical,19,0.046040900
qubit_sweep,q6,hybrid,default.qubit,6,2,2540,2717,0,param_grad,19,0.383886800
qubit_sweep,q6,hybrid,default.qubit,6,2,2540,2717,0,param_grad_quantum,19,0.153999300
qubit_sweep,q6,hybrid,default.qubit,6,2,2540,2717,0,param_grad_classical,19,0.229887500
