section,case,kind,backend,n_qubits,n_layers,batch,n_params,seed,stage,rep,seconds
main,ctrl_n4,control,default.qubit,4,0,2540,2537,1,forward,0,0.000634800
main,ctrl_n4,control,default.qubit,4,0,2540,2537,1,first_grad,0,0.001153600
main,ctrl_n4,control,default.qubit,4,0,2540,2537,1,second_grad,0,0.001853700
main,ctrl_n4,control,default.qubit,4,0,2540,2537,1,param_grad,0,0.004733400
main,classical,classical,default.qubit,,,2540,4353,0,forward,0,0.000516000
main,classical,classical,default.qubit,,,2540,4353,0,first_grad,0,0.000750600
main,classical,classical,default.qubit,,,2540,4353,0,second_grad,0,0.001598900
main,classical,classical,default.qubit,,,2540,4353,0,param_grad,0,0.003950600
main,narrow,hybrid,default.qubit,2,2,2540,2421,2,forward,0,0.007905700
main,narrow,hybrid,default.qubit,2,2,2540,2421,2,first_grad,0,0.011082400
main,narrow,hybrid,default.qubit,2,2,2540,2421,2,second_grad,0,0.022654700
main,narrow,hybrid,default.qubit,2,2,2540,2421,2,param_grad,0,0.043988300
main,ctrl_n6,control,default.qubit,6,0,2540,2669,0,forward,0,0.000718800
main,ctrl_n6,control,default.qubit,6,0,2540,2669,0,first_grad,0,0.001083700
main,ctrl_n6,control,default.qubit,6,0,2540,2669,0,second_grad,0,0.002193900
main,ctrl_n6,control,default.qubit,6,0,2540,2669,0,param_grad,0,0.004658900
main,ctrl_n4,control,default.qubit,4,0,2540,2537,0,forward,0,0.000787600
main,ctrl_n4,control,default.qubit,4,0,2540,2537,0,first_grad,0,0.001267800
main,ctrl_n4,control,default.qubit,4,0,2540,2537,0,second_grad,0,0.002150700
main,ctrl_n4,control,default.qubit,4,0,2540,2537,0,param_grad,0,0.005020900
main,wide,hybrid,default.qubit,6,2,2540,2717,1,forward,0,0.032256200
main,wide,hybrid,default.qubit,6,2,2540,2717,1,first_grad,0,0.083249200
main,wide,hybrid,default.qubit,6,2,2540,2717,1,second_grad,0,0.160862700
main,wide,hybrid,default.qubit,6,2,2540,2717,1,param_grad,0,0.403239500
main,ctrl_n4,control,default.qubit,4,0,2540,2537,2,forward,0,0.000757300
main,ctrl_n4,control,default.qubit,4,0,2540,2537,2,first_grad,0,0.001583900
main,ctrl_n4,control,default.qubit,4,0,2540,2537,2,second_grad,0,0.001973100
main,ctrl_n4,control,default.qubit,4,0,2540,2537,2,param_grad,0,0.004630600
main,ctrl_n2,control,default.qubit,2,0,2540,2405,2,forward,0,0.000749700
main,ctrl_n2,control,default.qubit,2,0,2540,2405,2,first_grad,0,0.000949400
main,ctrl_n2,control,default.qubit,2,0,2540,2405,2,second_grad,0,0.001785400
main,ctrl_n2,control,default.qubit,2,0,2540,2405,2,param_grad,0,0.003965200
main,baseline,hybrid,default.qubit,4,2,2540,2569,1,forward,0,0.017424000
main,baseline,hybrid,default.qubit,4,2,2540,2569,1,first_grad,0,0.034054900
main,baseline,hybrid,default.qubit,4,2,2540,2569,1,second_grad,0,0.062244700
main,baseline,hybrid,default.qubit,4,2,2540,2569,1,param_grad,0,0.130525100
main,deep,hybrid,default.qubit,4,4,2540,2601,0,forward,0,0.028272600
main,deep,hybrid,default.qubit,4,4,2540,2601,0,first_grad,0,0.049776900
main,deep,hybrid,default.qubit,4,4,2540,2601,0,second_grad,0,0.099824900
main,deep,hybrid,default.qubit,4,4,2540,2601,0,param_grad,0,0.220502100
main,baseline,hybrid,default.qubit,4,2,2540,2569,0,forward,0,0.016704700
main,baseline,hybrid,default.qubit,4,2,2540,2569,0,first_grad,0,0.031462900
main,baseline,hybrid,default.qubit,4,2,2540,2569,0,second_grad,0,0.065728300
main,baseline,hybrid,default.qubit,4,2,2540,2569,0,param_grad,0,0.128723400
main,deep,hybrid,default.qubit,4,4,2540,2601,2,forward,0,0.025830300
main,deep,hybrid,default.qubit,4,4,2540,2601,2,first_grad,0,0.048768900
main,deep,hybrid,default.qubit,4,4,2540,2601,2,second_grad,0,0.097362400
main,deep,hybrid,default.qubit,4,4,2540,2601,2,param_grad,0,0.205776800
main,wide,hybrid,default.qubit,6,2,2540,2717,0,forward,0,0.032995000
main,wide,hybrid,default.qubit,6,2,2540,2717,0,first_grad,0,0.081694000
main,wide,hybrid,default.qubit,6,2,2540,2717,0,second_grad,0,0.156518900
main,wide,hybrid,default.qubit,6,2,2540,2717,0,param_grad,0,0.400598500
main,wide,hybrid,default.qubit,6,2,2540,2717,2,forward,0,0.032292600
main,wide,hybrid,default.qubit,6,2,2540,2717,2,first_grad,0,0.087336600
main,wide,hybrid,default.qubit,6,2,2540,2717,2,second_grad,0,0.159302100
main,wide,hybrid,default.qubit,6,2,2540,2717,2,param_grad,0,0.403186400
main,ctrl_n2,control,default.qubit,2,0,2540,2405,0,forward,0,0.000732400
main,ctrl_n2,control,default.qubit,2,0,2540,2405,0,first_grad,0,0.001473900
main,ctrl_n2,control,default.qubit,2,0,2540,2405,0,second_grad,0,0.002015700
main,ctrl_n2,control,default.qubit,2,0,2540,2405,0,param_grad,0,0.004820600
main,baseline,hybrid,default.qubit,4,2,2540,2569,2,forward,0,0.016799200
main,baseline,hybrid,default.qubit,4,2,2540,2569,2,first_grad,0,0.029864900
main,baseline,hybrid,default.qubit,4,2,2540,2569,2,second_grad,0,0.062742900
main,baseline,hybrid,default.qubit,4,2,2540,2569,2,param_grad,0,0.130090500
main,narrow,hybrid,default.qubit,2,2,2540,2421,1,forward,0,0.007808700
main,narrow,hybrid,default.qubit,2,2,2540,2421,1,first_grad,0,0.012166800
main,narrow,hybrid,default.qubit,2,2,2540,2421,1,second_grad,0,0.018032000
main,narrow,hybrid,default.qubit,2,2,2540,2421,1,param_grad,0,0.038775200
main,ctrl_n6,control,default.qubit,6,0,2540,2669,2,forward,0,0.000713800
main,ctrl_n6,control,default.qubit,6,0,2540,2669,2,first_grad,0,0.001126700
main,ctrl_n6,control,default.qubit,6,0,2540,2669,2,second_grad,0,0.001985700
main,ctrl_n6,control,default.qubit,6,0,2540,2669,2,param_grad,0,0.005040000
main,ctrl_n6,control,default.qubit,6,0,2540,2669,1,forward,0,0.000707100
main,ctrl_n6,control,default.qubit,6,0,2540,2669,1,first_grad,0,0.001102100
main,ctrl_n6,control,default.qubit,6,0,2540,2669,1,second_grad,0,0.002153900
main,ctrl_n6,control,default.qubit,6,0,2540,2669,1,param_grad,0,0.005564100
main,classical,classical,default.qubit,,,2540,4353,2,forward,0,0.000534300
main,classical,classical,default.qubit,,,2540,4353,2,first_grad,0,0.000834200
main,classical,classical,default.qubit,,,2540,4353,2,second_grad,0,0.001659500
main,classical,classical,default.qubit,,,2540,4353,2,param_grad,0,0.003922600
main,classical,classical,default.qubit,,,2540,4353,1,forward,0,0.000515000
main,classical,classical,default.qubit,,,2540,4353,1,first_grad,0,0.000773700
main,classical,classical,default.qubit,,,2540,4353,1,second_grad,0,0.001607600
main,classical,classical,default.qubit,,,2540,4353,1,param_grad,0,0.004396000
main,narrow,hybrid,default.qubit,2,2,2540,2421,0,forward,0,0.007251400
main,narrow,hybrid,default.qubit,2,2,2540,2421,0,first_grad,0,0.011606500
main,narrow,hybrid,default.qubit,2,2,2540,2421,0,second_grad,0,0.020474200
main,narrow,hybrid,default.qubit,2,2,2540,2421,0,param_grad,0,0.040548800
main,ctrl_n2,control,default.qubit,2,0,2540,2405,1,forward,0,0.000699600
main,ctrl_n2,control,default.qubit,2,0,2540,2405,1,first_grad,0,0.001054900
main,ctrl_n2,control,default.qubit,2,0,2540,2405,1,second_grad,0,0.001864800
main,ctrl_n2,control,default.qubit,2,0,2540,2405,1,param_grad,0,0.004499700
main,deep,hybrid,default.qubit,4,4,2540,2601,1,forward,0,0.027968600
main,deep,hybrid,default.qubit,4,4,2540,2601,1,first_grad,0,0.048616400
main,deep,hybrid,default.qubit,4,4,2540,2601,1,second_grad,0,0.105798900
main,deep,hybrid,default.qubit,4,4,2540,2601,1,param_grad,0,0.216257400
main,classical,classical,default.qubit,,,2540,4353,2,forward,1,0.000515900
main,classical,classical,default.qubit,,,2540,4353,2,first_grad,1,0.000776900
main,classical,classical,default.qubit,,,2540,4353,2,second_grad,1,0.001706500
main,classical,classical,default.qubit,,,2540,4353,2,param_grad,1,0.004615700
main,narrow,hybrid,default.qubit,2,2,2540,2421,0,forward,1,0.008101200
main,narrow,hybrid,default.qubit,2,2,2540,2421,0,first_grad,1,0.011932700
main,narrow,hybrid,default.qubit,2,2,2540,2421,0,second_grad,1,0.021866500
main,narrow,hybrid,default.qubit,2,2,2540,2421,0,param_grad,1,0.046405600
main,ctrl_n4,control,default.qubit,4,0,2540,2537,2,forward,1,0.000783900
main,ctrl_n4,control,default.qubit,4,0,2540,2537,2,first_grad,1,0.001100300
main,ctrl_n4,control,default.qubit,4,0,2540,2537,2,second_grad,1,0.002091400
main,ctrl_n4,control,default.qubit,4,0,2540,2537,2,param_grad,1,0.005753300
main,ctrl_n4,control,default.qubit,4,0,2540,2537,1,forward,1,0.000769300
main,ctrl_n4,control,default.qubit,4,0,2540,2537,1,first_grad,1,0.001135400
main,ctrl_n4,control,default.qubit,4,0,2540,2537,1,second_grad,1,0.002400200
main,ctrl_n4,control,default.qubit,4,0,2540,2537,1,param_grad,1,0.005944400
main,ctrl_n4,control,default.qubit,4,0,2540,2537,0,forward,1,0.000622900
main,ctrl_n4,control,default.qubit,4,0,2540,2537,0,first_grad,1,0.000911500
main,ctrl_n4,control,default.qubit,4,0,2540,2537,0,second_grad,1,0.003404100
main,ctrl_n4,control,default.qubit,4,0,2540,2537,0,param_grad,1,0.022399800
main,deep,hybrid,default.qubit,4,4,2540,2601,1,forward,1,0.028988300
main,deep,hybrid,default.qubit,4,4,2540,2601,1,first_grad,1,0.053424100
main,deep,hybrid,default.qubit,4,4,2540,2601,1,second_grad,1,0.099991700
main,deep,hybrid,default.qubit,4,4,2540,2601,1,param_grad,1,0.222206700
main,classical,classical,default.qubit,,,2540,4353,0,forward,1,0.000497900
main,classical,classical,default.qubit,,,2540,4353,0,first_grad,1,0.000789100
main,classical,classical,default.qubit,,,2540,4353,0,second_grad,1,0.001444100
main,classical,classical,default.qubit,,,2540,4353,0,param_grad,1,0.004068800
main,deep,hybrid,default.qubit,4,4,2540,2601,0,forward,1,0.025793400
main,deep,hybrid,default.qubit,4,4,2540,2601,0,first_grad,1,0.054270700
main,deep,hybrid,default.qubit,4,4,2540,2601,0,second_grad,1,0.094831700
main,deep,hybrid,default.qubit,4,4,2540,2601,0,param_grad,1,0.215202600
main,wide,hybrid,default.qubit,6,2,2540,2717,2,forward,1,0.031772500
main,wide,hybrid,default.qubit,6,2,2540,2717,2,first_grad,1,0.079987000
main,wide,hybrid,default.qubit,6,2,2540,2717,2,second_grad,1,0.151802300
main,wide,hybrid,default.qubit,6,2,2540,2717,2,param_grad,1,0.389071900
main,ctrl_n6,control,default.qubit,6,0,2540,2669,0,forward,1,0.000751300
main,ctrl_n6,control,default.qubit,6,0,2540,2669,0,first_grad,1,0.001186000
main,ctrl_n6,control,default.qubit,6,0,2540,2669,0,second_grad,1,0.002094200
main,ctrl_n6,control,default.qubit,6,0,2540,2669,0,param_grad,1,0.004839000
main,classical,classical,default.qubit,,,2540,4353,1,forward,1,0.000518400
main,classical,classical,default.qubit,,,2540,4353,1,first_grad,1,0.000753200
main,classical,classical,default.qubit,,,2540,4353,1,second_grad,1,0.001490200
main,classical,classical,default.qubit,,,2540,4353,1,param_grad,1,0.005092100
main,baseline,hybrid,default.qubit,4,2,2540,2569,2,forward,1,0.016751700
main,baseline,hybrid,default.qubit,4,2,2540,2569,2,first_grad,1,0.030425700
main,baseline,hybrid,default.qubit,4,2,2540,2569,2,second_grad,1,0.064354600
main,baseline,hybrid,default.qubit,4,2,2540,2569,2,param_grad,1,0.126339800
main,deep,hybrid,default.qubit,4,4,2540,2601,2,forward,1,0.027785500
main,deep,hybrid,default.qubit,4,4,2540,2601,2,first_grad,1,0.049458000
main,deep,hybrid,default.qubit,4,4,2540,2601,2,second_grad,1,0.103555600
main,deep,hybrid,default.qubit,4,4,2540,2601,2,param_grad,1,0.206192200
main,narrow,hybrid,default.qubit,2,2,2540,2421,1,forward,1,0.007950500
main,narrow,hybrid,default.qubit,2,2,2540,2421,1,first_grad,1,0.011968200
main,narrow,hybrid,default.qubit,2,2,2540,2421,1,second_grad,1,0.023903400
main,narrow,hybrid,default.qubit,2,2,2540,2421,1,param_grad,1,0.045869200
main,ctrl_n2,control,default.qubit,2,0,2540,2405,0,forward,1,0.000698400
main,ctrl_n2,control,default.qubit,2,0,2540,2405,0,first_grad,1,0.001168900
main,ctrl_n2,control,default.qubit,2,0,2540,2405,0,second_grad,1,0.002024100
main,ctrl_n2,control,default.qubit,2,0,2540,2405,0,param_grad,1,0.004712600
main,ctrl_n2,control,default.qubit,2,0,2540,2405,1,forward,1,0.000885500
main,ctrl_n2,control,default.qubit,2,0,2540,2405,1,first_grad,1,0.001062400
main,ctrl_n2,control,default.qubit,2,0,2540,2405,1,second_grad,1,0.001749500
main,ctrl_n2,control,default.qubit,2,0,2540,2405,1,param_grad,1,0.004470200
main,wide,hybrid,default.qubit,6,2,2540,2717,1,forward,1,0.030908700
main,wide,hybrid,default.qubit,6,2,2540,2717,1,first_grad,1,0.086780300
main,wide,hybrid,default.qubit,6,2,2540,2717,1,second_grad,1,0.157064000
main,wide,hybrid,default.qubit,6,2,2540,2717,1,param_grad,1,0.388883400
main,wide,hybrid,default.qubit,6,2,2540,2717,0,forward,1,0.029837800
main,wide,hybrid,default.qubit,6,2,2540,2717,0,first_grad,1,0.083054300
main,wide,hybrid,default.qubit,6,2,2540,2717,0,second_grad,1,0.157805400
main,wide,hybrid,default.qubit,6,2,2540,2717,0,param_grad,1,0.385483600
main,narrow,hybrid,default.qubit,2,2,2540,2421,2,forward,1,0.007890300
main,narrow,hybrid,default.qubit,2,2,2540,2421,2,first_grad,1,0.009987300
main,narrow,hybrid,default.qubit,2,2,2540,2421,2,second_grad,1,0.024114500
main,narrow,hybrid,default.qubit,2,2,2540,2421,2,param_grad,1,0.041788600
main,ctrl_n6,control,default.qubit,6,0,2540,2669,1,forward,1,0.000708800
main,ctrl_n6,control,default.qubit,6,0,2540,2669,1,first_grad,1,0.001092800
main,ctrl_n6,control,default.qubit,6,0,2540,2669,1,second_grad,1,0.002047400
main,ctrl_n6,control,default.qubit,6,0,2540,2669,1,param_grad,1,0.004904800
main,baseline,hybrid,default.qubit,4,2,2540,2569,1,forward,1,0.016377400
main,baseline,hybrid,default.qubit,4,2,2540,2569,1,first_grad,1,0.030900800
main,baseline,hybrid,default.qubit,4,2,2540,2569,1,second_grad,1,0.067366300
main,baseline,hybrid,default.qubit,4,2,2540,2569,1,param_grad,1,0.129641400
main,ctrl_n2,control,default.qubit,2,0,2540,2405,2,forward,1,0.000716500
main,ctrl_n2,control,default.qubit,2,0,2540,2405,2,first_grad,1,0.001178100
main,ctrl_n2,control,default.qubit,2,0,2540,2405,2,second_grad,1,0.002392300
main,ctrl_n2,control,default.qubit,2,0,2540,2405,2,param_grad,1,0.005327000
main,baseline,hybrid,default.qubit,4,2,2540,2569,0,forward,1,0.016420600
main,baseline,hybrid,default.qubit,4,2,2540,2569,0,first_grad,1,0.028915300
main,baseline,hybrid,default.qubit,4,2,2540,2569,0,second_grad,1,0.059544500
main,baseline,hybrid,default.qubit,4,2,2540,2569,0,param_grad,1,0.128888700
main,ctrl_n6,control,default.qubit,6,0,2540,2669,2,forward,1,0.000867600
main,ctrl_n6,control,default.qubit,6,0,2540,2669,2,first_grad,1,0.001070900
main,ctrl_n6,control,default.qubit,6,0,2540,2669,2,second_grad,1,0.002050700
main,ctrl_n6,control,default.qubit,6,0,2540,2669,2,param_grad,1,0.005464000
main,classical,classical,default.qubit,,,2540,4353,2,forward,2,0.000492600
main,classical,classical,default.qubit,,,2540,4353,2,first_grad,2,0.000741800
main,classical,classical,default.qubit,,,2540,4353,2,second_grad,2,0.001456900
main,classical,classical,default.qubit,,,2540,4353,2,param_grad,2,0.004179300
main,deep,hybrid,default.qubit,4,4,2540,2601,1,forward,2,0.028391900
main,deep,hybrid,default.qubit,4,4,2540,2601,1,first_grad,2,0.050915500
main,deep,hybrid,default.qubit,4,4,2540,2601,1,second_grad,2,0.107392000
main,deep,hybrid,default.qubit,4,4,2540,2601,1,param_grad,2,0.214048500
main,ctrl_n2,control,default.qubit,2,0,2540,2405,0,forward,2,0.000690300
main,ctrl_n2,control,default.qubit,2,0,2540,2405,0,first_grad,2,0.001086400
main,ctrl_n2,control,default.qubit,2,0,2540,2405,0,second_grad,2,0.002110600
main,ctrl_n2,control,default.qubit,2,0,2540,2405,0,param_grad,2,0.004597000
main,ctrl_n6,control,default.qubit,6,0,2540,2669,2,forward,2,0.000738600
main,ctrl_n6,control,default.qubit,6,0,2540,2669,2,first_grad,2,0.001117500
main,ctrl_n6,control,default.qubit,6,0,2540,2669,2,second_grad,2,0.002039200
main,ctrl_n6,control,default.qubit,6,0,2540,2669,2,param_grad,2,0.005232300
main,classical,classical,default.qubit,,,2540,4353,1,forward,2,0.000535000
main,classical,classical,default.qubit,,,2540,4353,1,first_grad,2,0.000977000
main,classical,classical,default.qubit,,,2540,4353,1,second_grad,2,0.001611000
main,classical,classical,default.qubit,,,2540,4353,1,param_grad,2,0.004574900
main,deep,hybrid,default.qubit,4,4,2540,2601,0,forward,2,0.024499500
main,deep,hybrid,default.qubit,4,4,2540,2601,0,first_grad,2,0.051745000
main,deep,hybrid,default.qubit,4,4,2540,2601,0,second_grad,2,0.099387400
main,deep,hybrid,default.qubit,4,4,2540,2601,0,param_grad,2,0.202552200
main,ctrl_n4,control,default.qubit,4,0,2540,2537,0,forward,2,0.000824700
main,ctrl_n4,control,default.qubit,4,0,2540,2537,0,first_grad,2,0.001096400
main,ctrl_n4,control,default.qubit,4,0,2540,2537,0,second_grad,2,0.002105300
main,ctrl_n4,control,default.qubit,4,0,2540,2537,0,param_grad,2,0.004646400
main,baseline,hybrid,default.qubit,4,2,2540,2569,0,forward,2,0.017072100
main,baseline,hybrid,default.qubit,4,2,2540,2569,0,first_grad,2,0.029695400
main,baseline,hybrid,default.qubit,4,2,2540,2569,0,second_grad,2,0.063395100
main,baseline,hybrid,default.qubit,4,2,2540,2569,0,param_grad,2,0.129656300
main,baseline,hybrid,default.qubit,4,2,2540,2569,2,forward,2,0.016244000
main,baseline,hybrid,default.qubit,4,2,2540,2569,2,first_grad,2,0.036078400
main,baseline,hybrid,default.qubit,4,2,2540,2569,2,second_grad,2,0.063356800
main,baseline,hybrid,default.qubit,4,2,2540,2569,2,param_grad,2,0.138169800
main,ctrl_n4,control,default.qubit,4,0,2540,2537,1,forward,2,0.000718500
main,ctrl_n4,control,default.qubit,4,0,2540,2537,1,first_grad,2,0.001144600
main,ctrl_n4,control,default.qubit,4,0,2540,2537,1,second_grad,2,0.002129700
main,ctrl_n4,control,default.qubit,4,0,2540,2537,1,param_grad,2,0.005258000
main,narrow,hybrid,default.qubit,2,2,2540,2421,1,forward,2,0.007669400
main,narrow,hybrid,default.qubit,2,2,2540,2421,1,first_grad,2,0.012302100
main,narrow,hybrid,default.qubit,2,2,2540,2421,1,second_grad,2,0.023287200
main,narrow,hybrid,default.qubit,2,2,2540,2421,1,param_grad,2,0.042294000
main,wide,hybrid,default.qubit,6,2,2540,2717,0,forward,2,0.030487200
main,wide,hybrid,default.qubit,6,2,2540,2717,0,first_grad,2,0.081286900
main,wide,hybrid,default.qubit,6,2,2540,2717,0,second_grad,2,0.159022800
main,wide,hybrid,default.qubit,6,2,2540,2717,0,param_grad,2,0.408787100
main,narrow,hybrid,default.qubit,2,2,2540,2421,0,forward,2,0.008223600
main,narrow,hybrid,default.qubit,2,2,2540,2421,0,first_grad,2,0.013248200
main,narrow,hybrid,default.qubit,2,2,2540,2421,0,second_grad,2,0.022218000
main,narrow,hybrid,default.qubit,2,2,2540,2421,0,param_grad,2,0.043270300
main,ctrl_n2,control,default.qubit,2,0,2540,2405,1,forward,2,0.000687800
main,ctrl_n2,control,default.qubit,2,0,2540,2405,1,first_grad,2,0.001100100
main,ctrl_n2,control,default.qubit,2,0,2540,2405,1,second_grad,2,0.002053100
main,ctrl_n2,control,default.qubit,2,0,2540,2405,1,param_grad,2,0.004692100
main,wide,hybrid,default.qubit,6,2,2540,2717,1,forward,2,0.032093700
main,wide,hybrid,default.qubit,6,2,2540,2717,1,first_grad,2,0.086898900
main,wide,hybrid,default.qubit,6,2,2540,2717,1,second_grad,2,0.157850200
main,wide,hybrid,default.qubit,6,2,2540,2717,1,param_grad,2,0.395647300
main,narrow,hybrid,default.qubit,2,2,2540,2421,2,forward,2,0.008108500
main,narrow,hybrid,default.qubit,2,2,2540,2421,2,first_grad,2,0.011391700
main,narrow,hybrid,default.qubit,2,2,2540,2421,2,second_grad,2,0.020594900
main,narrow,hybrid,default.qubit,2,2,2540,2421,2,param_grad,2,0.040498000
main,ctrl_n6,control,default.qubit,6,0,2540,2669,0,forward,2,0.000729500
main,ctrl_n6,control,default.qubit,6,0,2540,2669,0,first_grad,2,0.001189100
main,ctrl_n6,control,default.qubit,6,0,2540,2669,0,second_grad,2,0.002129900
main,ctrl_n6,control,default.qubit,6,0,2540,2669,0,param_grad,2,0.005820600
main,baseline,hybrid,default.qubit,4,2,2540,2569,1,forward,2,0.016695400
main,baseline,hybrid,default.qubit,4,2,2540,2569,1,first_grad,2,0.029991300
main,baseline,hybrid,default.qubit,4,2,2540,2569,1,second_grad,2,0.067328500
main,baseline,hybrid,default.qubit,4,2,2540,2569,1,param_grad,2,0.131634900
main,ctrl_n6,control,default.qubit,6,0,2540,2669,1,forward,2,0.000710400
main,ctrl_n6,control,default.qubit,6,0,2540,2669,1,first_grad,2,0.001275600
main,ctrl_n6,control,default.qubit,6,0,2540,2669,1,second_grad,2,0.002178700
main,ctrl_n6,control,default.qubit,6,0,2540,2669,1,param_grad,2,0.004556400
main,wide,hybrid,default.qubit,6,2,2540,2717,2,forward,2,0.031845700
main,wide,hybrid,default.qubit,6,2,2540,2717,2,first_grad,2,0.079976200
main,wide,hybrid,default.qubit,6,2,2540,2717,2,second_grad,2,0.153975100
main,wide,hybrid,default.qubit,6,2,2540,2717,2,param_grad,2,0.404709700
main,classical,classical,default.qubit,,,2540,4353,0,forward,2,0.000509200
main,classical,classical,default.qubit,,,2540,4353,0,first_grad,2,0.001085400
main,classical,classical,default.qubit,,,2540,4353,0,second_grad,2,0.001844000
main,classical,classical,default.qubit,,,2540,4353,0,param_grad,2,0.004709600
main,deep,hybrid,default.qubit,4,4,2540,2601,2,forward,2,0.028887500
main,deep,hybrid,default.qubit,4,4,2540,2601,2,first_grad,2,0.051578100
main,deep,hybrid,default.qubit,4,4,2540,2601,2,second_grad,2,0.100998800
main,deep,hybrid,default.qubit,4,4,2540,2601,2,param_grad,2,0.213575000
main,ctrl_n2,control,default.qubit,2,0,2540,2405,2,forward,2,0.000687400
main,ctrl_n2,control,default.qubit,2,0,2540,2405,2,first_grad,2,0.001094000
main,ctrl_n2,control,default.qubit,2,0,2540,2405,2,second_grad,2,0.001868000
main,ctrl_n2,control,default.qubit,2,0,2540,2405,2,param_grad,2,0.005053100
main,ctrl_n4,control,default.qubit,4,0,2540,2537,2,forward,2,0.000744700
main,ctrl_n4,control,default.qubit,4,0,2540,2537,2,first_grad,2,0.001038500
main,ctrl_n4,control,default.qubit,4,0,2540,2537,2,second_grad,2,0.001879200
main,ctrl_n4,control,default.qubit,4,0,2540,2537,2,param_grad,2,0.004706100
main,ctrl_n2,control,default.qubit,2,0,2540,2405,0,forward,3,0.000703800
main,ctrl_n2,control,default.qubit,2,0,2540,2405,0,first_grad,3,0.001095200
main,ctrl_n2,control,default.qubit,2,0,2540,2405,0,second_grad,3,0.002127800
main,ctrl_n2,control,default.qubit,2,0,2540,2405,0,param_grad,3,0.004510500
main,wide,hybrid,default.qubit,6,2,2540,2717,2,forward,3,0.031746200
main,wide,hybrid,default.qubit,6,2,2540,2717,2,first_grad,3,0.080667000
main,wide,hybrid,default.qubit,6,2,2540,2717,2,second_grad,3,0.149349700
main,wide,hybrid,default.qubit,6,2,2540,2717,2,param_grad,3,0.393873500
main,classical,classical,default.qubit,,,2540,4353,0,forward,3,0.000534500
main,classical,classical,default.qubit,,,2540,4353,0,first_grad,3,0.001259100
main,classical,classical,default.qubit,,,2540,4353,0,second_grad,3,0.001837600
main,classical,classical,default.qubit,,,2540,4353,0,param_grad,3,0.004146900
main,wide,hybrid,default.qubit,6,2,2540,2717,1,forward,3,0.031611000
main,wide,hybrid,default.qubit,6,2,2540,2717,1,first_grad,3,0.089127900
main,wide,hybrid,default.qubit,6,2,2540,2717,1,second_grad,3,0.150784100
main,wide,hybrid,default.qubit,6,2,2540,2717,1,param_grad,3,0.404035200
main,ctrl_n4,control,default.qubit,4,0,2540,2537,1,forward,3,0.000717200
main,ctrl_n4,control,default.qubit,4,0,2540,2537,1,first_grad,3,0.001429000
main,ctrl_n4,control,default.qubit,4,0,2540,2537,1,second_grad,3,0.002173100
main,ctrl_n4,control,default.qubit,4,0,2540,2537,1,param_grad,3,0.004655700
main,ctrl_n6,control,default.qubit,6,0,2540,2669,2,forward,3,0.000940000
main,ctrl_n6,control,default.qubit,6,0,2540,2669,2,first_grad,3,0.001149900
main,ctrl_n6,control,default.qubit,6,0,2540,2669,2,second_grad,3,0.002182000
main,ctrl_n6,control,default.qubit,6,0,2540,2669,2,param_grad,3,0.005425600
main,baseline,hybrid,default.qubit,4,2,2540,2569,0,forward,3,0.016694800
main,baseline,hybrid,default.qubit,4,2,2540,2569,0,first_grad,3,0.030384900
main,baseline,hybrid,default.qubit,4,2,2540,2569,0,second_grad,3,0.065460800
main,baseline,hybrid,default.qubit,4,2,2540,2569,0,param_grad,3,0.128958900
main,ctrl_n4,control,default.qubit,4,0,2540,2537,2,forward,3,0.000831200
main,ctrl_n4,control,default.qubit,4,0,2540,2537,2,first_grad,3,0.000964100
main,ctrl_n4,control,default.qubit,4,0,2540,2537,2,second_grad,3,0.001719600
main,ctrl_n4,control,default.qubit,4,0,2540,2537,2,param_grad,3,0.004031100
main,narrow,hybrid,default.qubit,2,2,2540,2421,0,forward,3,0.008207700
main,narrow,hybrid,default.qubit,2,2,2540,2421,0,first_grad,3,0.010748600
main,narrow,hybrid,default.qubit,2,2,2540,2421,0,second_grad,3,0.022756000
main,narrow,hybrid,default.qubit,2,2,2540,2421,0,param_grad,3,0.044406300
main,ctrl_n6,control,default.qubit,6,0,2540,2669,0,forward,3,0.000722500
main,ctrl_n6,control,default.qubit,6,0,2540,2669,0,first_grad,3,0.001065500
main,ctrl_n6,control,default.qubit,6,0,2540,2669,0,second_grad,3,0.001895100
main,ctrl_n6,control,default.qubit,6,0,2540,2669,0,param_grad,3,0.004842500
main,deep,hybrid,default.qubit,4,4,2540,2601,0,forward,3,0.027305700
main,deep,hybrid,default.qubit,4,4,2540,2601,0,first_grad,3,0.051180900
main,deep,hybrid,default.qubit,4,4,2540,2601,0,second_grad,3,0.104663700
main,deep,hybrid,default.qubit,4,4,2540,2601,0,param_grad,3,0.202956100
main,ctrl_n2,control,default.qubit,2,0,2540,2405,1,forward,3,0.000607900
main,ctrl_n2,control,default.qubit,2,0,2540,2405,1,first_grad,3,0.000962500
main,ctrl_n2,control,default.qubit,2,0,2540,2405,1,second_grad,3,0.002293500
main,ctrl_n2,control,default.qubit,2,0,2540,2405,1,param_grad,3,0.004457300
main,classical,classical,default.qubit,,,2540,4353,1,forward,3,0.000526600
main,classical,classical,default.qubit,,,2540,4353,1,first_grad,3,0.000900100
main,classical,classical,default.qubit,,,2540,4353,1,second_grad,3,0.001999400
main,classical,classical,default.qubit,,,2540,4353,1,param_grad,3,0.004619900
main,baseline,hybrid,default.qubit,4,2,2540,2569,2,forward,3,0.016879900
main,baseline,hybrid,default.qubit,4,2,2540,2569,2,first_grad,3,0.029626300
main,baseline,hybrid,default.qubit,4,2,2540,2569,2,second_grad,3,0.066976500
main,baseline,hybrid,default.qubit,4,2,2540,2569,2,param_grad,3,0.133017600
main,deep,hybrid,default.qubit,4,4,2540,2601,1,forward,3,0.027464300
main,deep,hybrid,default.qubit,4,4,2540,2601,1,first_grad,3,0.050096200
main,deep,hybrid,default.qubit,4,4,2540,2601,1,second_grad,3,0.100035000
main,deep,hybrid,default.qubit,4,4,2540,2601,1,param_grad,3,0.210216200
main,ctrl_n4,control,default.qubit,4,0,2540,2537,0,forward,3,0.000718000
main,ctrl_n4,control,default.qubit,4,0,2540,2537,0,first_grad,3,0.001105500
main,ctrl_n4,control,default.qubit,4,0,2540,2537,0,second_grad,3,0.002317500
main,ctrl_n4,control,default.qubit,4,0,2540,2537,0,param_grad,3,0.005922400
main,baseline,hybrid,default.qubit,4,2,2540,2569,1,forward,3,0.016846700
main,baseline,hybrid,default.qubit,4,2,2540,2569,1,first_grad,3,0.030957000
main,baseline,hybrid,default.qubit,4,2,2540,2569,1,second_grad,3,0.065494100
main,baseline,hybrid,default.qubit,4,2,2540,2569,1,param_grad,3,0.123444800
main,ctrl_n2,control,default.qubit,2,0,2540,2405,2,forward,3,0.000693700
main,ctrl_n2,control,default.qubit,2,0,2540,2405,2,first_grad,3,0.001068300
main,ctrl_n2,control,default.qubit,2,0,2540,2405,2,second_grad,3,0.002028600
main,ctrl_n2,control,default.qubit,2,0,2540,2405,2,param_grad,3,0.005250800
main,deep,hybrid,default.qubit,4,4,2540,2601,2,forward,3,0.027203000
main,deep,hybrid,default.qubit,4,4,2540,2601,2,first_grad,3,0.049751100
main,deep,hybrid,default.qubit,4,4,2540,2601,2,second_grad,3,0.094428000
main,deep,hybrid,default.qubit,4,4,2540,2601,2,param_grad,3,0.204614800
main,narrow,hybrid,default.qubit,2,2,2540,2421,2,forward,3,0.008136600
main,narrow,hybrid,default.qubit,2,2,2540,2421,2,first_grad,3,0.012395300
main,narrow,hybrid,default.qubit,2,2,2540,2421,2,second_grad,3,0.023544400
main,narrow,hybrid,default.qubit,2,2,2540,2421,2,param_grad,3,0.039609100
main,narrow,hybrid,default.qubit,2,2,2540,2421,1,forward,3,0.008080500
main,narrow,hybrid,default.qubit,2,2,2540,2421,1,first_grad,3,0.011478000
main,narrow,hybrid,default.qubit,2,2,2540,2421,1,second_grad,3,0.020947300
main,narrow,hybrid,default.qubit,2,2,2540,2421,1,param_grad,3,0.045917300
main,wide,hybrid,default.qubit,6,2,2540,2717,0,forward,3,0.032342100
main,wide,hybrid,default.qubit,6,2,2540,2717,0,first_grad,3,0.085272900
main,wide,hybrid,default.qubit,6,2,2540,2717,0,second_grad,3,0.161602400
main,wide,hybrid,default.qubit,6,2,2540,2717,0,param_grad,3,0.389954000
main,ctrl_n6,control,default.qubit,6,0,2540,2669,1,forward,3,0.000707600
main,ctrl_n6,control,default.qubit,6,0,2540,2669,1,first_grad,3,0.001139400
main,ctrl_n6,control,default.qubit,6,0,2540,2669,1,second_grad,3,0.002085900
main,ctrl_n6,control,default.qubit,6,0,2540,2669,1,param_grad,3,0.005525200
main,classical,classical,default.qubit,,,2540,4353,2,forward,3,0.000495900
main,classical,classical,default.qubit,,,2540,4353,2,first_grad,3,0.000740200
main,classical,classical,default.qubit,,,2540,4353,2,second_grad,3,0.001427000
main,classical,classical,default.qubit,,,2540,4353,2,param_grad,3,0.003551100
main,ctrl_n2,control,default.qubit,2,0,2540,2405,1,forward,4,0.000721400
main,ctrl_n2,control,default.qubit,2,0,2540,2405,1,first_grad,4,0.001149200
main,ctrl_n2,control,default.qubit,2,0,2540,2405,1,second_grad,4,0.002018300
main,ctrl_n2,control,default.qubit,2,0,2540,2405,1,param_grad,4,0.003746900
main,narrow,hybrid,default.qubit,2,2,2540,2421,1,forward,4,0.007839500
main,narrow,hybrid,default.qubit,2,2,2540,2421,1,first_grad,4,0.015802500
main,narrow,hybrid,default.qubit,2,2,2540,2421,1,second_grad,4,0.022071700
main,narrow,hybrid,default.qubit,2,2,2540,2421,1,param_grad,4,0.042744700
main,narrow,hybrid,default.qubit,2,2,2540,2421,2,forward,4,0.008217900
main,narrow,hybrid,default.qubit,2,2,2540,2421,2,first_grad,4,0.012512200
main,narrow,hybrid,default.qubit,2,2,2540,2421,2,second_grad,4,0.020253800
main,narrow,hybrid,default.qubit,2,2,2540,2421,2,param_grad,4,0.044303600
main,wide,hybrid,default.qubit,6,2,2540,2717,0,forward,4,0.032774300
main,wide,hybrid,default.qubit,6,2,2540,2717,0,first_grad,4,0.093631500
main,wide,hybrid,default.qubit,6,2,2540,2717,0,second_grad,4,0.165500200
main,wide,hybrid,default.qubit,6,2,2540,2717,0,param_grad,4,0.418602100
main,ctrl_n6,control,default.qubit,6,0,2540,2669,2,forward,4,0.000736000
main,ctrl_n6,control,default.qubit,6,0,2540,2669,2,first_grad,4,0.001297200
main,ctrl_n6,control,default.qubit,6,0,2540,2669,2,second_grad,4,0.002166200
main,ctrl_n6,control,default.qubit,6,0,2540,2669,2,param_grad,4,0.005254900
main,deep,hybrid,default.qubit,4,4,2540,2601,1,forward,4,0.027965500
main,deep,hybrid,default.qubit,4,4,2540,2601,1,first_grad,4,0.059463700
main,deep,hybrid,default.qubit,4,4,2540,2601,1,second_grad,4,0.102043100
main,deep,hybrid,default.qubit,4,4,2540,2601,1,param_grad,4,0.209283200
main,ctrl_n6,control,default.qubit,6,0,2540,2669,0,forward,4,0.000768500
main,ctrl_n6,control,default.qubit,6,0,2540,2669,0,first_grad,4,0.001189800
main,ctrl_n6,control,default.qubit,6,0,2540,2669,0,second_grad,4,0.003009100
main,ctrl_n6,control,default.qubit,6,0,2540,2669,0,param_grad,4,0.005096800
main,ctrl_n2,control,default.qubit,2,0,2540,2405,2,forward,4,0.000709500
main,ctrl_n2,control,default.qubit,2,0,2540,2405,2,first_grad,4,0.000951100
main,ctrl_n2,control,default.qubit,2,0,2540,2405,2,second_grad,4,0.001685000
main,ctrl_n2,control,default.qubit,2,0,2540,2405,2,param_grad,4,0.005175400
main,baseline,hybrid,default.qubit,4,2,2540,2569,1,forward,4,0.014983400
main,baseline,hybrid,default.qubit,4,2,2540,2569,1,first_grad,4,0.032290700
main,baseline,hybrid,default.qubit,4,2,2540,2569,1,second_grad,4,0.061888900
main,baseline,hybrid,default.qubit,4,2,2540,2569,1,param_grad,4,0.131407900
main,ctrl_n4,control,default.qubit,4,0,2540,2537,0,forward,4,0.000630600
main,ctrl_n4,control,default.qubit,4,0,2540,2537,0,first_grad,4,0.000908800
main,ctrl_n4,control,default.qubit,4,0,2540,2537,0,second_grad,4,0.001650200
main,ctrl_n4,control,default.qubit,4,0,2540,2537,0,param_grad,4,0.005889500
main,deep,hybrid,default.qubit,4,4,2540,2601,2,forward,4,0.026129400
main,deep,hybrid,default.qubit,4,4,2540,2601,2,first_grad,4,0.049961000
main,deep,hybrid,default.qubit,4,4,2540,2601,2,second_grad,4,0.091176600
main,deep,hybrid,default.qubit,4,4,2540,2601,2,param_grad,4,0.208537400
main,wide,hybrid,default.qubit,6,2,2540,2717,1,forward,4,0.030652000
main,wide,hybrid,default.qubit,6,2,2540,2717,1,first_grad,4,0.081688000
main,wide,hybrid,default.qubit,6,2,2540,2717,1,second_grad,4,0.154803800
main,wide,hybrid,default.qubit,6,2,2540,2717,1,param_grad,4,0.407076400
main,ctrl_n4,control,default.qubit,4,0,2540,2537,2,forward,4,0.000840600
main,ctrl_n4,control,default.qubit,4,0,2540,2537,2,first_grad,4,0.001093000
main,ctrl_n4,control,default.qubit,4,0,2540,2537,2,second_grad,4,0.002156400
main,ctrl_n4,control,default.qubit,4,0,2540,2537,2,param_grad,4,0.004577500
main,classical,classical,default.qubit,,,2540,4353,0,forward,4,0.000514800
main,classical,classical,default.qubit,,,2540,4353,0,first_grad,4,0.000798800
main,classical,classical,default.qubit,,,2540,4353,0,second_grad,4,0.001717900
main,classical,classical,default.qubit,,,2540,4353,0,param_grad,4,0.004220200
main,ctrl_n4,control,default.qubit,4,0,2540,2537,1,forward,4,0.000694500
main,ctrl_n4,control,default.qubit,4,0,2540,2537,1,first_grad,4,0.001113300
main,ctrl_n4,control,default.qubit,4,0,2540,2537,1,second_grad,4,0.002004400
main,ctrl_n4,control,default.qubit,4,0,2540,2537,1,param_grad,4,0.004453000
main,classical,classical,default.qubit,,,2540,4353,2,forward,4,0.000718200
main,classical,classical,default.qubit,,,2540,4353,2,first_grad,4,0.000799200
main,classical,classical,default.qubit,,,2540,4353,2,second_grad,4,0.001654400
main,classical,classical,default.qubit,,,2540,4353,2,param_grad,4,0.004693600
main,deep,hybrid,default.qubit,4,4,2540,2601,0,forward,4,0.026789300
main,deep,hybrid,default.qubit,4,4,2540,2601,0,first_grad,4,0.055970900
main,deep,hybrid,default.qubit,4,4,2540,2601,0,second_grad,4,0.104080600
main,deep,hybrid,default.qubit,4,4,2540,2601,0,param_grad,4,0.211129200
main,baseline,hybrid,default.qubit,4,2,2540,2569,2,forward,4,0.016172200
main,baseline,hybrid,default.qubit,4,2,2540,2569,2,first_grad,4,0.032057700
main,baseline,hybrid,default.qubit,4,2,2540,2569,2,second_grad,4,0.062578400
main,baseline,hybrid,default.qubit,4,2,2540,2569,2,param_grad,4,0.127816100
main,baseline,hybrid,default.qubit,4,2,2540,2569,0,forward,4,0.014221900
main,baseline,hybrid,default.qubit,4,2,2540,2569,0,first_grad,4,0.028958400
main,baseline,hybrid,default.qubit,4,2,2540,2569,0,second_grad,4,0.055665000
main,baseline,hybrid,default.qubit,4,2,2540,2569,0,param_grad,4,0.125862900
main,ctrl_n6,control,default.qubit,6,0,2540,2669,1,forward,4,0.000702900
main,ctrl_n6,control,default.qubit,6,0,2540,2669,1,first_grad,4,0.001042100
main,ctrl_n6,control,default.qubit,6,0,2540,2669,1,second_grad,4,0.001900200
main,ctrl_n6,control,default.qubit,6,0,2540,2669,1,param_grad,4,0.004448800
main,classical,classical,default.qubit,,,2540,4353,1,forward,4,0.000537100
main,classical,classical,default.qubit,,,2540,4353,1,first_grad,4,0.000857000
main,classical,classical,default.qubit,,,2540,4353,1,second_grad,4,0.001498200
main,classical,classical,default.qubit,,,2540,4353,1,param_grad,4,0.004012700
main,wide,hybrid,default.qubit,6,2,2540,2717,2,forward,4,0.030724200
main,wide,hybrid,default.qubit,6,2,2540,2717,2,first_grad,4,0.080689200
main,wide,hybrid,default.qubit,6,2,2540,2717,2,second_grad,4,0.158973000
main,wide,hybrid,default.qubit,6,2,2540,2717,2,param_grad,4,0.407469100
main,narrow,hybrid,default.qubit,2,2,2540,2421,0,forward,4,0.007930300
main,narrow,hybrid,default.qubit,2,2,2540,2421,0,first_grad,4,0.012047000
main,narrow,hybrid,default.qubit,2,2,2540,2421,0,second_grad,4,0.021350900
main,narrow,hybrid,default.qubit,2,2,2540,2421,0,param_grad,4,0.040789100
main,ctrl_n2,control,default.qubit,2,0,2540,2405,0,forward,4,0.000722300
main,ctrl_n2,control,default.qubit,2,0,2540,2405,0,first_grad,4,0.000953600
main,ctrl_n2,control,default.qubit,2,0,2540,2405,0,second_grad,4,0.001736000
main,ctrl_n2,control,default.qubit,2,0,2540,2405,0,param_grad,4,0.004708700
main,ctrl_n6,control,default.qubit,6,0,2540,2669,2,forward,5,0.000700600
main,ctrl_n6,control,default.qubit,6,0,2540,2669,2,first_grad,5,0.001194400
main,ctrl_n6,control,default.qubit,6,0,2540,2669,2,second_grad,5,0.002006300
main,ctrl_n6,control,default.qubit,6,0,2540,2669,2,param_grad,5,0.004948600
main,classical,classical,default.qubit,,,2540,4353,1,forward,5,0.000561200
main,classical,classical,default.qubit,,,2540,4353,1,first_grad,5,0.001016900
main,classical,classical,default.qubit,,,2540,4353,1,second_grad,5,0.001708600
main,classical,classical,default.qubit,,,2540,4353,1,param_grad,5,0.003937400
main,ctrl_n2,control,default.qubit,2,0,2540,2405,1,forward,5,0.000664600
main,ctrl_n2,control,default.qubit,2,0,2540,2405,1,first_grad,5,0.001031800
main,ctrl_n2,control,default.qubit,2,0,2540,2405,1,second_grad,5,0.002358700
main,ctrl_n2,control,default.qubit,2,0,2540,2405,1,param_grad,5,0.005010100
main,ctrl_n4,control,default.qubit,4,0,2540,2537,0,forward,5,0.000729300
main,ctrl_n4,control,default.qubit,4,0,2540,2537,0,first_grad,5,0.001053600
main,ctrl_n4,control,default.qubit,4,0,2540,2537,0,second_grad,5,0.001923400
main,ctrl_n4,control,default.qubit,4,0,2540,2537,0,param_grad,5,0.004516700
main,baseline,hybrid,default.qubit,4,2,2540,2569,2,forward,5,0.015022400
main,baseline,hybrid,default.qubit,4,2,2540,2569,2,first_grad,5,0.034440600
main,baseline,hybrid,default.qubit,4,2,2540,2569,2,second_grad,5,0.069839000
main,baseline,hybrid,default.qubit,4,2,2540,2569,2,param_grad,5,0.127151700
main,ctrl_n6,control,default.qubit,6,0,2540,2669,0,forward,5,0.000725700
main,ctrl_n6,control,default.qubit,6,0,2540,2669,0,first_grad,5,0.001203000
main,ctrl_n6,control,default.qubit,6,0,2540,2669,0,second_grad,5,0.002056800
main,ctrl_n6,control,default.qubit,6,0,2540,2669,0,param_grad,5,0.004922500
main,deep,hybrid,default.qubit,4,4,2540,2601,1,forward,5,0.025892400
main,deep,hybrid,default.qubit,4,4,2540,2601,1,first_grad,5,0.050840200
main,deep,hybrid,default.qubit,4,4,2540,2601,1,second_grad,5,0.102201700
main,deep,hybrid,default.qubit,4,4,2540,2601,1,param_grad,5,0.207831900
main,narrow,hybrid,default.qubit,2,2,2540,2421,0,forward,5,0.008340700
main,narrow,hybrid,default.qubit,2,2,2540,2421,0,first_grad,5,0.011641900
main,narrow,hybrid,default.qubit,2,2,2540,2421,0,second_grad,5,0.019869800
main,narrow,hybrid,default.qubit,2,2,2540,2421,0,param_grad,5,0.041892500
main,deep,hybrid,default.qubit,4,4,2540,2601,0,forward,5,0.027315600
main,deep,hybrid,default.qubit,4,4,2540,2601,0,first_grad,5,0.052654400
main,deep,hybrid,default.qubit,4,4,2540,2601,0,second_grad,5,0.096865300
main,deep,hybrid,default.qubit,4,4,2540,2601,0,param_grad,5,0.212220800
main,classical,classical,default.qubit,,,2540,4353,0,forward,5,0.000521900
main,classical,classical,default.qubit,,,2540,4353,0,first_grad,5,0.000838000
main,classical,classical,default.qubit,,,2540,4353,0,second_grad,5,0.001818300
main,classical,classical,default.qubit,,,2540,4353,0,param_grad,5,0.004338200
main,wide,hybrid,default.qubit,6,2,2540,2717,2,forward,5,0.032623300
main,wide,hybrid,default.qubit,6,2,2540,2717,2,first_grad,5,0.080485900
main,wide,hybrid,default.qubit,6,2,2540,2717,2,second_grad,5,0.152913000
main,wide,hybrid,default.qubit,6,2,2540,2717,2,param_grad,5,0.427027000
main,classical,classical,default.qubit,,,2540,4353,2,forward,5,0.000526700
main,classical,classical,default.qubit,,,2540,4353,2,first_grad,5,0.000812900
main,classical,classical,default.qubit,,,2540,4353,2,second_grad,5,0.001586600
main,classical,classical,default.qubit,,,2540,4353,2,param_grad,5,0.004051200
main,ctrl_n2,control,default.qubit,2,0,2540,2405,0,forward,5,0.000661700
main,ctrl_n2,control,default.qubit,2,0,2540,2405,0,first_grad,5,0.001083500
main,ctrl_n2,control,default.qubit,2,0,2540,2405,0,second_grad,5,0.001873900
main,ctrl_n2,control,default.qubit,2,0,2540,2405,0,param_grad,5,0.004588500
main,narrow,hybrid,default.qubit,2,2,2540,2421,2,forward,5,0.008178600
main,narrow,hybrid,default.qubit,2,2,2540,2421,2,first_grad,5,0.012908000
main,narrow,hybrid,default.qubit,2,2,2540,2421,2,second_grad,5,0.022978500
main,narrow,hybrid,default.qubit,2,2,2540,2421,2,param_grad,5,0.044699100
main,narrow,hybrid,default.qubit,2,2,2540,2421,1,forward,5,0.006943100
main,narrow,hybrid,default.qubit,2,2,2540,2421,1,first_grad,5,0.010025500
main,narrow,hybrid,default.qubit,2,2,2540,2421,1,second_grad,5,0.020920500
main,narrow,hybrid,default.qubit,2,2,2540,2421,1,param_grad,5,0.044157100
main,ctrl_n4,control,default.qubit,4,0,2540,2537,2,forward,5,0.000643300
main,ctrl_n4,control,default.qubit,4,0,2540,2537,2,first_grad,5,0.000984500
main,ctrl_n4,control,default.qubit,4,0,2540,2537,2,second_grad,5,0.001856200
main,ctrl_n4,control,default.qubit,4,0,2540,2537,2,param_grad,5,0.004503700
main,wide,hybrid,default.qubit,6,2,2540,2717,0,forward,5,0.030967200
main,wide,hybrid,default.qubit,6,2,2540,2717,0,first_grad,5,0.090006000
main,wide,hybrid,default.qubit,6,2,2540,2717,0,second_grad,5,0.157340700
main,wide,hybrid,default.qubit,6,2,2540,2717,0,param_grad,5,0.398758300
main,baseline,hybrid,default.qubit,4,2,2540,2569,1,forward,5,0.017062800
main,baseline,hybrid,default.qubit,4,2,2540,2569,1,first_grad,5,0.031933900
main,baseline,hybrid,default.qubit,4,2,2540,2569,1,second_grad,5,0.062531700
main,baseline,hybrid,default.qubit,4,2,2540,2569,1,param_grad,5,0.122069100
main,baseline,hybrid,default.qubit,4,2,2540,2569,0,forward,5,0.016603300
main,baseline,hybrid,default.qubit,4,2,2540,2569,0,first_grad,5,0.029780300
main,baseline,hybrid,default.qubit,4,2,2540,2569,0,second_grad,5,0.055093500
main,baseline,hybrid,default.qubit,4,2,2540,2569,0,param_grad,5,0.125208300
main,wide,hybrid,default.qubit,6,2,2540,2717,1,forward,5,0.030569500
main,wide,hybrid,default.qubit,6,2,2540,2717,1,first_grad,5,0.080483600
main,wide,hybrid,default.qubit,6,2,2540,2717,1,second_grad,5,0.154581100
main,wide,hybrid,default.qubit,6,2,2540,2717,1,param_grad,5,0.394633100
main,deep,hybrid,default.qubit,4,4,2540,2601,2,forward,5,0.025656400
main,deep,hybrid,default.qubit,4,4,2540,2601,2,first_grad,5,0.050921900
main,deep,hybrid,default.qubit,4,4,2540,2601,2,second_grad,5,0.099129700
main,deep,hybrid,default.qubit,4,4,2540,2601,2,param_grad,5,0.212381000
main,ctrl_n2,control,default.qubit,2,0,2540,2405,2,forward,5,0.000821400
main,ctrl_n2,control,default.qubit,2,0,2540,2405,2,first_grad,5,0.001120600
main,ctrl_n2,control,default.qubit,2,0,2540,2405,2,second_grad,5,0.002057100
main,ctrl_n2,control,default.qubit,2,0,2540,2405,2,param_grad,5,0.005486800
main,ctrl_n6,control,default.qubit,6,0,2540,2669,1,forward,5,0.000700600
main,ctrl_n6,control,default.qubit,6,0,2540,2669,1,first_grad,5,0.001076400
main,ctrl_n6,control,default.qubit,6,0,2540,2669,1,second_grad,5,0.002341200
main,ctrl_n6,control,default.qubit,6,0,2540,2669,1,param_grad,5,0.004952200
main,ctrl_n4,control,default.qubit,4,0,2540,2537,1,forward,5,0.000687600
main,ctrl_n4,control,default.qubit,4,0,2540,2537,1,first_grad,5,0.001138600
main,ctrl_n4,control,default.qubit,4,0,2540,2537,1,second_grad,5,0.002075400
main,ctrl_n4,control,default.qubit,4,0,2540,2537,1,param_grad,5,0.005076100
main,deep,hybrid,default.qubit,4,4,2540,2601,2,forward,6,0.026360300
main,deep,hybrid,default.qubit,4,4,2540,2601,2,first_grad,6,0.060006000
main,deep,hybrid,default.qubit,4,4,2540,2601,2,second_grad,6,0.098079300
main,deep,hybrid,default.qubit,4,4,2540,2601,2,param_grad,6,0.227493300
main,classical,classical,default.qubit,,,2540,4353,1,forward,6,0.000576200
main,classical,classical,default.qubit,,,2540,4353,1,first_grad,6,0.000810800
main,classical,classical,default.qubit,,,2540,4353,1,second_grad,6,0.001676200
main,classical,classical,default.qubit,,,2540,4353,1,param_grad,6,0.004480200
main,deep,hybrid,default.qubit,4,4,2540,2601,1,forward,6,0.027439900
main,deep,hybrid,default.qubit,4,4,2540,2601,1,first_grad,6,0.048885000
main,deep,hybrid,default.qubit,4,4,2540,2601,1,second_grad,6,0.102882000
main,deep,hybrid,default.qubit,4,4,2540,2601,1,param_grad,6,0.210896300
main,ctrl_n2,control,default.qubit,2,0,2540,2405,2,forward,6,0.000697100
main,ctrl_n2,control,default.qubit,2,0,2540,2405,2,first_grad,6,0.001161300
main,ctrl_n2,control,default.qubit,2,0,2540,2405,2,second_grad,6,0.001877500
main,ctrl_n2,control,default.qubit,2,0,2540,2405,2,param_grad,6,0.004117900
main,ctrl_n2,control,default.qubit,2,0,2540,2405,0,forward,6,0.000639000
main,ctrl_n2,control,default.qubit,2,0,2540,2405,0,first_grad,6,0.000892000
main,ctrl_n2,control,default.qubit,2,0,2540,2405,0,second_grad,6,0.001846500
main,ctrl_n2,control,default.qubit,2,0,2540,2405,0,param_grad,6,0.004468400
main,ctrl_n6,control,default.qubit,6,0,2540,2669,1,forward,6,0.000727900
main,ctrl_n6,control,default.qubit,6,0,2540,2669,1,first_grad,6,0.001101800
main,ctrl_n6,control,default.qubit,6,0,2540,2669,1,second_grad,6,0.002206000
main,ctrl_n6,control,default.qubit,6,0,2540,2669,1,param_grad,6,0.005031400
main,classical,classical,default.qubit,,,2540,4353,2,forward,6,0.000568200
main,classical,classical,default.qubit,,,2540,4353,2,first_grad,6,0.000832200
main,classical,classical,default.qubit,,,2540,4353,2,second_grad,6,0.001662400
main,classical,classical,default.qubit,,,2540,4353,2,param_grad,6,0.004727800
main,ctrl_n2,control,default.qubit,2,0,2540,2405,1,forward,6,0.000723800
main,ctrl_n2,control,default.qubit,2,0,2540,2405,1,first_grad,6,0.001143800
main,ctrl_n2,control,default.qubit,2,0,2540,2405,1,second_grad,6,0.001977500
main,ctrl_n2,control,default.qubit,2,0,2540,2405,1,param_grad,6,0.005147700
main,ctrl_n4,control,default.qubit,4,0,2540,2537,0,forward,6,0.000754300
main,ctrl_n4,control,default.qubit,4,0,2540,2537,0,first_grad,6,0.001109200
main,ctrl_n4,control,default.qubit,4,0,2540,2537,0,second_grad,6,0.002081500
main,ctrl_n4,control,default.qubit,4,0,2540,2537,0,param_grad,6,0.004781000
main,ctrl_n4,control,default.qubit,4,0,2540,2537,1,forward,6,0.000694400
main,ctrl_n4,control,default.qubit,4,0,2540,2537,1,first_grad,6,0.001099300
main,ctrl_n4,control,default.qubit,4,0,2540,2537,1,second_grad,6,0.002201100
main,ctrl_n4,control,default.qubit,4,0,2540,2537,1,param_grad,6,0.004035800
main,wide,hybrid,default.qubit,6,2,2540,2717,1,forward,6,0.033102600
main,wide,hybrid,default.qubit,6,2,2540,2717,1,first_grad,6,0.082374000
main,wide,hybrid,default.qubit,6,2,2540,2717,1,second_grad,6,0.159225400
main,wide,hybrid,default.qubit,6,2,2540,2717,1,param_grad,6,0.413520000
main,narrow,hybrid,default.qubit,2,2,2540,2421,1,forward,6,0.007544100
main,narrow,hybrid,default.qubit,2,2,2540,2421,1,first_grad,6,0.011650500
main,narrow,hybrid,default.qubit,2,2,2540,2421,1,second_grad,6,0.022344100
main,narrow,hybrid,default.qubit,2,2,2540,2421,1,param_grad,6,0.044605200
main,ctrl_n4,control,default.qubit,4,0,2540,2537,2,forward,6,0.000727200
main,ctrl_n4,control,default.qubit,4,0,2540,2537,2,first_grad,6,0.001133000
main,ctrl_n4,control,default.qubit,4,0,2540,2537,2,second_grad,6,0.002045500
main,ctrl_n4,control,default.qubit,4,0,2540,2537,2,param_grad,6,0.005166900
main,baseline,hybrid,default.qubit,4,2,2540,2569,1,forward,6,0.015943700
main,baseline,hybrid,default.qubit,4,2,2540,2569,1,first_grad,6,0.032709500
main,baseline,hybrid,default.qubit,4,2,2540,2569,1,second_grad,6,0.070746600
main,baseline,hybrid,default.qubit,4,2,2540,2569,1,param_grad,6,0.128207600
main,wide,hybrid,default.qubit,6,2,2540,2717,2,forward,6,0.033747300
main,wide,hybrid,default.qubit,6,2,2540,2717,2,first_grad,6,0.077659100
main,wide,hybrid,default.qubit,6,2,2540,2717,2,second_grad,6,0.157455100
main,wide,hybrid,default.qubit,6,2,2540,2717,2,param_grad,6,0.397383900
main,classical,classical,default.qubit,,,2540,4353,0,forward,6,0.000547400
main,classical,classical,default.qubit,,,2540,4353,0,first_grad,6,0.000901200
main,classical,classical,default.qubit,,,2540,4353,0,second_grad,6,0.002009600
main,classical,classical,default.qubit,,,2540,4353,0,param_grad,6,0.003639200
main,baseline,hybrid,default.qubit,4,2,2540,2569,0,forward,6,0.016301300
main,baseline,hybrid,default.qubit,4,2,2540,2569,0,first_grad,6,0.029690500
main,baseline,hybrid,default.qubit,4,2,2540,2569,0,second_grad,6,0.061757400
main,baseline,hybrid,default.qubit,4,2,2540,2569,0,param_grad,6,0.133820100
main,narrow,hybrid,default.qubit,2,2,2540,2421,2,forward,6,0.007832000
main,narrow,hybrid,default.qubit,2,2,2540,2421,2,first_grad,6,0.012045500
main,narrow,hybrid,default.qubit,2,2,2540,2421,2,second_grad,6,0.023912400
main,narrow,hybrid,default.qubit,2,2,2540,2421,2,param_grad,6,0.051871300
main,baseline,hybrid,default.qubit,4,2,2540,2569,2,forward,6,0.016589200
main,baseline,hybrid,default.qubit,4,2,2540,2569,2,first_grad,6,0.030954300
main,baseline,hybrid,default.qubit,4,2,2540,2569,2,second_grad,6,0.063729500
main,baseline,hybrid,default.qubit,4,2,2540,2569,2,param_grad,6,0.129719300
main,ctrl_n6,control,default.qubit,6,0,2540,2669,2,forward,6,0.000712400
main,ctrl_n6,control,default.qubit,6,0,2540,2669,2,first_grad,6,0.001118900
main,ctrl_n6,control,default.qubit,6,0,2540,2669,2,second_grad,6,0.002147500
main,ctrl_n6,control,default.qubit,6,0,2540,2669,2,param_grad,6,0.005065500
main,ctrl_n6,control,default.qubit,6,0,2540,2669,0,forward,6,0.000712200
main,ctrl_n6,control,default.qubit,6,0,2540,2669,0,first_grad,6,0.001045400
main,ctrl_n6,control,default.qubit,6,0,2540,2669,0,second_grad,6,0.001943100
main,ctrl_n6,control,default.qubit,6,0,2540,2669,0,param_grad,6,0.004654800
main,deep,hybrid,default.qubit,4,4,2540,2601,0,forward,6,0.027473500
main,deep,hybrid,default.qubit,4,4,2540,2601,0,first_grad,6,0.048833100
main,deep,hybrid,default.qubit,4,4,2540,2601,0,second_grad,6,0.099757600
main,deep,hybrid,default.qubit,4,4,2540,2601,0,param_grad,6,0.210552700
main,wide,hybrid,default.qubit,6,2,2540,2717,0,forward,6,0.031160100
main,wide,hybrid,default.qubit,6,2,2540,2717,0,first_grad,6,0.080411700
main,wide,hybrid,default.qubit,6,2,2540,2717,0,second_grad,6,0.160285200
main,wide,hybrid,default.qubit,6,2,2540,2717,0,param_grad,6,0.402572900
main,narrow,hybrid,default.qubit,2,2,2540,2421,0,forward,6,0.007906800
main,narrow,hybrid,default.qubit,2,2,2540,2421,0,first_grad,6,0.011878900
main,narrow,hybrid,default.qubit,2,2,2540,2421,0,second_grad,6,0.021165600
main,narrow,hybrid,default.qubit,2,2,2540,2421,0,param_grad,6,0.042625200
main,ctrl_n6,control,default.qubit,6,0,2540,2669,0,forward,7,0.000714000
main,ctrl_n6,control,default.qubit,6,0,2540,2669,0,first_grad,7,0.001084900
main,ctrl_n6,control,default.qubit,6,0,2540,2669,0,second_grad,7,0.001903100
main,ctrl_n6,control,default.qubit,6,0,2540,2669,0,param_grad,7,0.004621500
main,baseline,hybrid,default.qubit,4,2,2540,2569,0,forward,7,0.017291400
main,baseline,hybrid,default.qubit,4,2,2540,2569,0,first_grad,7,0.031717800
main,baseline,hybrid,default.qubit,4,2,2540,2569,0,second_grad,7,0.065556700
main,baseline,hybrid,default.qubit,4,2,2540,2569,0,param_grad,7,0.127118800
main,classical,classical,default.qubit,,,2540,4353,1,forward,7,0.000495100
main,classical,classical,default.qubit,,,2540,4353,1,first_grad,7,0.000753400
main,classical,classical,default.qubit,,,2540,4353,1,second_grad,7,0.001859700
main,classical,classical,default.qubit,,,2540,4353,1,param_grad,7,0.004003300
main,wide,hybrid,default.qubit,6,2,2540,2717,1,forward,7,0.031054300
main,wide,hybrid,default.qubit,6,2,2540,2717,1,first_grad,7,0.079654300
main,wide,hybrid,default.qubit,6,2,2540,2717,1,second_grad,7,0.150659000
main,wide,hybrid,default.qubit,6,2,2540,2717,1,param_grad,7,0.425019200
main,narrow,hybrid,default.qubit,2,2,2540,2421,1,forward,7,0.008042000
main,narrow,hybrid,default.qubit,2,2,2540,2421,1,first_grad,7,0.011806500
main,narrow,hybrid,default.qubit,2,2,2540,2421,1,second_grad,7,0.020625900
main,narrow,hybrid,default.qubit,2,2,2540,2421,1,param_grad,7,0.041408700
main,baseline,hybrid,default.qubit,4,2,2540,2569,2,forward,7,0.016499600
main,baseline,hybrid,default.qubit,4,2,2540,2569,2,first_grad,7,0.032779000
main,baseline,hybrid,default.qubit,4,2,2540,2569,2,second_grad,7,0.065576600
main,baseline,hybrid,default.qubit,4,2,2540,2569,2,param_grad,7,0.130716200
main,baseline,hybrid,default.qubit,4,2,2540,2569,1,forward,7,0.016194100
main,baseline,hybrid,default.qubit,4,2,2540,2569,1,first_grad,7,0.035098000
main,baseline,hybrid,default.qubit,4,2,2540,2569,1,second_grad,7,0.067133600
main,baseline,hybrid,default.qubit,4,2,2540,2569,1,param_grad,7,0.131458200
main,deep,hybrid,default.qubit,4,4,2540,2601,2,forward,7,0.027023900
main,deep,hybrid,default.qubit,4,4,2540,2601,2,first_grad,7,0.050976500
main,deep,hybrid,default.qubit,4,4,2540,2601,2,second_grad,7,0.101784700
main,deep,hybrid,default.qubit,4,4,2540,2601,2,param_grad,7,0.214900900
main,ctrl_n2,control,default.qubit,2,0,2540,2405,0,forward,7,0.000666400
main,ctrl_n2,control,default.qubit,2,0,2540,2405,0,first_grad,7,0.001130900
main,ctrl_n2,control,default.qubit,2,0,2540,2405,0,second_grad,7,0.001912100
main,ctrl_n2,control,default.qubit,2,0,2540,2405,0,param_grad,7,0.004377600
main,ctrl_n4,control,default.qubit,4,0,2540,2537,1,forward,7,0.000677400
main,ctrl_n4,control,default.qubit,4,0,2540,2537,1,first_grad,7,0.001043400
main,ctrl_n4,control,default.qubit,4,0,2540,2537,1,second_grad,7,0.002094100
main,ctrl_n4,control,default.qubit,4,0,2540,2537,1,param_grad,7,0.004504400
main,deep,hybrid,default.qubit,4,4,2540,2601,1,forward,7,0.027692400
main,deep,hybrid,default.qubit,4,4,2540,2601,1,first_grad,7,0.049780700
main,deep,hybrid,default.qubit,4,4,2540,2601,1,second_grad,7,0.101901700
main,deep,hybrid,default.qubit,4,4,2540,2601,1,param_grad,7,0.204361900
main,ctrl_n2,control,default.qubit,2,0,2540,2405,2,forward,7,0.001188500
main,ctrl_n2,control,default.qubit,2,0,2540,2405,2,first_grad,7,0.001513800
main,ctrl_n2,control,default.qubit,2,0,2540,2405,2,second_grad,7,0.001681300
main,ctrl_n2,control,default.qubit,2,0,2540,2405,2,param_grad,7,0.004083700
main,wide,hybrid,default.qubit,6,2,2540,2717,2,forward,7,0.032790600
main,wide,hybrid,default.qubit,6,2,2540,2717,2,first_grad,7,0.080393900
main,wide,hybrid,default.qubit,6,2,2540,2717,2,second_grad,7,0.160737300
main,wide,hybrid,default.qubit,6,2,2540,2717,2,param_grad,7,0.413976400
main,deep,hybrid,default.qubit,4,4,2540,2601,0,forward,7,0.025171300
main,deep,hybrid,default.qubit,4,4,2540,2601,0,first_grad,7,0.052945000
main,deep,hybrid,default.qubit,4,4,2540,2601,0,second_grad,7,0.098664600
main,deep,hybrid,default.qubit,4,4,2540,2601,0,param_grad,7,0.212797700
main,classical,classical,default.qubit,,,2540,4353,2,forward,7,0.000540100
main,classical,classical,default.qubit,,,2540,4353,2,first_grad,7,0.001015300
main,classical,classical,default.qubit,,,2540,4353,2,second_grad,7,0.001510600
main,classical,classical,default.qubit,,,2540,4353,2,param_grad,7,0.005137300
main,ctrl_n6,control,default.qubit,6,0,2540,2669,2,forward,7,0.000707200
main,ctrl_n6,control,default.qubit,6,0,2540,2669,2,first_grad,7,0.001077200
main,ctrl_n6,control,default.qubit,6,0,2540,2669,2,second_grad,7,0.002333700
main,ctrl_n6,control,default.qubit,6,0,2540,2669,2,param_grad,7,0.005128800
main,ctrl_n2,control,default.qubit,2,0,2540,2405,1,forward,7,0.000699800
main,ctrl_n2,control,default.qubit,2,0,2540,2405,1,first_grad,7,0.001058300
main,ctrl_n2,control,default.qubit,2,0,2540,2405,1,second_grad,7,0.002187100
main,ctrl_n2,control,default.qubit,2,0,2540,2405,1,param_grad,7,0.004078400
main,narrow,hybrid,default.qubit,2,2,2540,2421,2,forward,7,0.007962400
main,narrow,hybrid,default.qubit,2,2,2540,2421,2,first_grad,7,0.011961200
main,narrow,hybrid,default.qubit,2,2,2540,2421,2,second_grad,7,0.021616200
main,narrow,hybrid,default.qubit,2,2,2540,2421,2,param_grad,7,0.046136400
main,classical,classical,default.qubit,,,2540,4353,0,forward,7,0.000513700
main,classical,classical,default.qubit,,,2540,4353,0,first_grad,7,0.000833100
main,classical,classical,default.qubit,,,2540,4353,0,second_grad,7,0.001837800
main,classical,classical,default.qubit,,,2540,4353,0,param_grad,7,0.004111000
main,narrow,hybrid,default.qubit,2,2,2540,2421,0,forward,7,0.008237200
main,narrow,hybrid,default.qubit,2,2,2540,2421,0,first_grad,7,0.010764300
main,narrow,hybrid,default.qubit,2,2,2540,2421,0,second_grad,7,0.018286200
main,narrow,hybrid,default.qubit,2,2,2540,2421,0,param_grad,7,0.040528500
main,ctrl_n4,control,default.qubit,4,0,2540,2537,0,forward,7,0.000990800
main,ctrl_n4,control,default.qubit,4,0,2540,2537,0,first_grad,7,0.000995100
main,ctrl_n4,control,default.qubit,4,0,2540,2537,0,second_grad,7,0.001794900
main,ctrl_n4,control,default.qubit,4,0,2540,2537,0,param_grad,7,0.004812700
main,ctrl_n6,control,default.qubit,6,0,2540,2669,1,forward,7,0.000697300
main,ctrl_n6,control,default.qubit,6,0,2540,2669,1,first_grad,7,0.001053000
main,ctrl_n6,control,default.qubit,6,0,2540,2669,1,second_grad,7,0.001929600
main,ctrl_n6,control,default.qubit,6,0,2540,2669,1,param_grad,7,0.004841000
main,wide,hybrid,default.qubit,6,2,2540,2717,0,forward,7,0.033522600
main,wide,hybrid,default.qubit,6,2,2540,2717,0,first_grad,7,0.078498800
main,wide,hybrid,default.qubit,6,2,2540,2717,0,second_grad,7,0.157165800
main,wide,hybrid,default.qubit,6,2,2540,2717,0,param_grad,7,0.407773100
main,ctrl_n4,control,default.qubit,4,0,2540,2537,2,forward,7,0.000696500
main,ctrl_n4,control,default.qubit,4,0,2540,2537,2,first_grad,7,0.001070900
main,ctrl_n4,control,default.qubit,4,0,2540,2537,2,second_grad,7,0.002016800
main,ctrl_n4,control,default.qubit,4,0,2540,2537,2,param_grad,7,0.004506100
main,ctrl_n2,control,default.qubit,2,0,2540,2405,1,forward,8,0.000934800
main,ctrl_n2,control,default.qubit,2,0,2540,2405,1,first_grad,8,0.001086900
main,ctrl_n2,control,default.qubit,2,0,2540,2405,1,second_grad,8,0.001963900
main,ctrl_n2,control,default.qubit,2,0,2540,2405,1,param_grad,8,0.004464300
main,wide,hybrid,default.qubit,6,2,2540,2717,2,forward,8,0.032728900
main,wide,hybrid,default.qubit,6,2,2540,2717,2,first_grad,8,0.093013000
main,wide,hybrid,default.qubit,6,2,2540,2717,2,second_grad,8,0.158007700
main,wide,hybrid,default.qubit,6,2,2540,2717,2,param_grad,8,0.404722500
main,classical,classical,default.qubit,,,2540,4353,2,forward,8,0.000510100
main,classical,classical,default.qubit,,,2540,4353,2,first_grad,8,0.000799500
main,classical,classical,default.qubit,,,2540,4353,2,second_grad,8,0.001555200
main,classical,classical,default.qubit,,,2540,4353,2,param_grad,8,0.004873500
main,classical,classical,default.qubit,,,2540,4353,0,forward,8,0.000528700
main,classical,classical,default.qubit,,,2540,4353,0,first_grad,8,0.000810600
main,classical,classical,default.qubit,,,2540,4353,0,second_grad,8,0.001670200
main,classical,classical,default.qubit,,,2540,4353,0,param_grad,8,0.004943400
main,ctrl_n6,control,default.qubit,6,0,2540,2669,0,forward,8,0.000698800
main,ctrl_n6,control,default.qubit,6,0,2540,2669,0,first_grad,8,0.001097900
main,ctrl_n6,control,default.qubit,6,0,2540,2669,0,second_grad,8,0.002202800
main,ctrl_n6,control,default.qubit,6,0,2540,2669,0,param_grad,8,0.005743100
main,wide,hybrid,default.qubit,6,2,2540,2717,0,forward,8,0.031061600
main,wide,hybrid,default.qubit,6,2,2540,2717,0,first_grad,8,0.089990400
main,wide,hybrid,default.qubit,6,2,2540,2717,0,second_grad,8,0.153623200
main,wide,hybrid,default.qubit,6,2,2540,2717,0,param_grad,8,0.410117800
main,narrow,hybrid,default.qubit,2,2,2540,2421,1,forward,8,0.008009900
main,narrow,hybrid,default.qubit,2,2,2540,2421,1,first_grad,8,0.011859900
main,narrow,hybrid,default.qubit,2,2,2540,2421,1,second_grad,8,0.020072700
main,narrow,hybrid,default.qubit,2,2,2540,2421,1,param_grad,8,0.040502700
main,baseline,hybrid,default.qubit,4,2,2540,2569,2,forward,8,0.016284100
main,baseline,hybrid,default.qubit,4,2,2540,2569,2,first_grad,8,0.029559500
main,baseline,hybrid,default.qubit,4,2,2540,2569,2,second_grad,8,0.064245000
main,baseline,hybrid,default.qubit,4,2,2540,2569,2,param_grad,8,0.124366500
main,deep,hybrid,default.qubit,4,4,2540,2601,0,forward,8,0.026310400
main,deep,hybrid,default.qubit,4,4,2540,2601,0,first_grad,8,0.047567700
main,deep,hybrid,default.qubit,4,4,2540,2601,0,second_grad,8,0.095180400
main,deep,hybrid,default.qubit,4,4,2540,2601,0,param_grad,8,0.208202800
main,deep,hybrid,default.qubit,4,4,2540,2601,2,forward,8,0.028616600
main,deep,hybrid,default.qubit,4,4,2540,2601,2,first_grad,8,0.053696900
main,deep,hybrid,default.qubit,4,4,2540,2601,2,second_grad,8,0.101573400
main,deep,hybrid,default.qubit,4,4,2540,2601,2,param_grad,8,0.214532600
main,narrow,hybrid,default.qubit,2,2,2540,2421,2,forward,8,0.007885500
main,narrow,hybrid,default.qubit,2,2,2540,2421,2,first_grad,8,0.011904500
main,narrow,hybrid,default.qubit,2,2,2540,2421,2,second_grad,8,0.019593100
main,narrow,hybrid,default.qubit,2,2,2540,2421,2,param_grad,8,0.045936900
main,ctrl_n4,control,default.qubit,4,0,2540,2537,1,forward,8,0.000725600
main,ctrl_n4,control,default.qubit,4,0,2540,2537,1,first_grad,8,0.001316400
main,ctrl_n4,control,default.qubit,4,0,2540,2537,1,second_grad,8,0.002035800
main,ctrl_n4,control,default.qubit,4,0,2540,2537,1,param_grad,8,0.005310000
main,baseline,hybrid,default.qubit,4,2,2540,2569,0,forward,8,0.016630100
main,baseline,hybrid,default.qubit,4,2,2540,2569,0,first_grad,8,0.029593800
main,baseline,hybrid,default.qubit,4,2,2540,2569,0,second_grad,8,0.066958900
main,baseline,hybrid,default.qubit,4,2,2540,2569,0,param_grad,8,0.130924000
main,baseline,hybrid,default.qubit,4,2,2540,2569,1,forward,8,0.016765000
main,baseline,hybrid,default.qubit,4,2,2540,2569,1,first_grad,8,0.027812600
main,baseline,hybrid,default.qubit,4,2,2540,2569,1,second_grad,8,0.059080800
main,baseline,hybrid,default.qubit,4,2,2540,2569,1,param_grad,8,0.134399400
main,ctrl_n6,control,default.qubit,6,0,2540,2669,2,forward,8,0.000709500
main,ctrl_n6,control,default.qubit,6,0,2540,2669,2,first_grad,8,0.001014800
main,ctrl_n6,control,default.qubit,6,0,2540,2669,2,second_grad,8,0.001771100
main,ctrl_n6,control,default.qubit,6,0,2540,2669,2,param_grad,8,0.004379100
main,narrow,hybrid,default.qubit,2,2,2540,2421,0,forward,8,0.006873800
main,narrow,hybrid,default.qubit,2,2,2540,2421,0,first_grad,8,0.011097700
main,narrow,hybrid,default.qubit,2,2,2540,2421,0,second_grad,8,0.022163100
main,narrow,hybrid,default.qubit,2,2,2540,2421,0,param_grad,8,0.042002200
main,ctrl_n2,control,default.qubit,2,0,2540,2405,2,forward,8,0.000629200
main,ctrl_n2,control,default.qubit,2,0,2540,2405,2,first_grad,8,0.000909900
main,ctrl_n2,control,default.qubit,2,0,2540,2405,2,second_grad,8,0.001984200
main,ctrl_n2,control,default.qubit,2,0,2540,2405,2,param_grad,8,0.004460100
main,ctrl_n2,control,default.qubit,2,0,2540,2405,0,forward,8,0.000682400
main,ctrl_n2,control,default.qubit,2,0,2540,2405,0,first_grad,8,0.001047500
main,ctrl_n2,control,default.qubit,2,0,2540,2405,0,second_grad,8,0.001857100
main,ctrl_n2,control,default.qubit,2,0,2540,2405,0,param_grad,8,0.004350400
main,ctrl_n6,control,default.qubit,6,0,2540,2669,1,forward,8,0.000671100
main,ctrl_n6,control,default.qubit,6,0,2540,2669,1,first_grad,8,0.000963300
main,ctrl_n6,control,default.qubit,6,0,2540,2669,1,second_grad,8,0.001734600
main,ctrl_n6,control,default.qubit,6,0,2540,2669,1,param_grad,8,0.003999100
main,wide,hybrid,default.qubit,6,2,2540,2717,1,forward,8,0.029007500
main,wide,hybrid,default.qubit,6,2,2540,2717,1,first_grad,8,0.076789900
main,wide,hybrid,default.qubit,6,2,2540,2717,1,second_grad,8,0.160598100
main,wide,hybrid,default.qubit,6,2,2540,2717,1,param_grad,8,0.389888400
main,classical,classical,default.qubit,,,2540,4353,1,forward,8,0.000516900
main,classical,classical,default.qubit,,,2540,4353,1,first_grad,8,0.000975400
main,classical,classical,default.qubit,,,2540,4353,1,second_grad,8,0.001672600
main,classical,classical,default.qubit,,,2540,4353,1,param_grad,8,0.004374100
main,ctrl_n4,control,default.qubit,4,0,2540,2537,0,forward,8,0.000629900
main,ctrl_n4,control,default.qubit,4,0,2540,2537,0,first_grad,8,0.000920400
main,ctrl_n4,control,default.qubit,4,0,2540,2537,0,second_grad,8,0.001762500
main,ctrl_n4,control,default.qubit,4,0,2540,2537,0,param_grad,8,0.005189600
main,deep,hybrid,default.qubit,4,4,2540,2601,1,forward,8,0.026566500
main,deep,hybrid,default.qubit,4,4,2540,2601,1,first_grad,8,0.053412500
main,deep,hybrid,default.qubit,4,4,2540,2601,1,second_grad,8,0.104667200
main,deep,hybrid,default.qubit,4,4,2540,2601,1,param_grad,8,0.218564800
main,ctrl_n4,control,default.qubit,4,0,2540,2537,2,forward,8,0.000707500
main,ctrl_n4,control,default.qubit,4,0,2540,2537,2,first_grad,8,0.001117800
main,ctrl_n4,control,default.qubit,4,0,2540,2537,2,second_grad,8,0.002232000
main,ctrl_n4,control,default.qubit,4,0,2540,2537,2,param_grad,8,0.004645800
main,baseline,hybrid,default.qubit,4,2,2540,2569,1,forward,9,0.015693900
main,baseline,hybrid,default.qubit,4,2,2540,2569,1,first_grad,9,0.031190600
main,baseline,hybrid,default.qubit,4,2,2540,2569,1,second_grad,9,0.061214900
main,baseline,hybrid,default.qubit,4,2,2540,2569,1,param_grad,9,0.129490200
main,ctrl_n4,control,default.qubit,4,0,2540,2537,0,forward,9,0.000727800
main,ctrl_n4,control,default.qubit,4,0,2540,2537,0,first_grad,9,0.001112600
main,ctrl_n4,control,default.qubit,4,0,2540,2537,0,second_grad,9,0.002058300
main,ctrl_n4,control,default.qubit,4,0,2540,2537,0,param_grad,9,0.004501700
main,ctrl_n2,control,default.qubit,2,0,2540,2405,1,forward,9,0.000760800
main,ctrl_n2,control,default.qubit,2,0,2540,2405,1,first_grad,9,0.001086900
main,ctrl_n2,control,default.qubit,2,0,2540,2405,1,second_grad,9,0.001868600
main,ctrl_n2,control,default.qubit,2,0,2540,2405,1,param_grad,9,0.004845200
main,ctrl_n2,control,default.qubit,2,0,2540,2405,2,forward,9,0.000690500
main,ctrl_n2,control,default.qubit,2,0,2540,2405,2,first_grad,9,0.001069000
main,ctrl_n2,control,default.qubit,2,0,2540,2405,2,second_grad,9,0.002136500
main,ctrl_n2,control,default.qubit,2,0,2540,2405,2,param_grad,9,0.004686300
main,ctrl_n4,control,default.qubit,4,0,2540,2537,1,forward,9,0.000711400
main,ctrl_n4,control,default.qubit,4,0,2540,2537,1,first_grad,9,0.001186000
main,ctrl_n4,control,default.qubit,4,0,2540,2537,1,second_grad,9,0.001962500
main,ctrl_n4,control,default.qubit,4,0,2540,2537,1,param_grad,9,0.004666600
main,wide,hybrid,default.qubit,6,2,2540,2717,0,forward,9,0.031478100
main,wide,hybrid,default.qubit,6,2,2540,2717,0,first_grad,9,0.074783000
main,wide,hybrid,default.qubit,6,2,2540,2717,0,second_grad,9,0.150917400
main,wide,hybrid,default.qubit,6,2,2540,2717,0,param_grad,9,0.406628900
main,ctrl_n6,control,default.qubit,6,0,2540,2669,2,forward,9,0.000651200
main,ctrl_n6,control,default.qubit,6,0,2540,2669,2,first_grad,9,0.001214600
main,ctrl_n6,control,default.qubit,6,0,2540,2669,2,second_grad,9,0.002231900
main,ctrl_n6,control,default.qubit,6,0,2540,2669,2,param_grad,9,0.004918400
main,baseline,hybrid,default.qubit,4,2,2540,2569,0,forward,9,0.016301400
main,baseline,hybrid,default.qubit,4,2,2540,2569,0,first_grad,9,0.031697600
main,baseline,hybrid,default.qubit,4,2,2540,2569,0,second_grad,9,0.062440300
main,baseline,hybrid,default.qubit,4,2,2540,2569,0,param_grad,9,0.119981400
main,ctrl_n4,control,default.qubit,4,0,2540,2537,2,forward,9,0.000961000
main,ctrl_n4,control,default.qubit,4,0,2540,2537,2,first_grad,9,0.001267200
main,ctrl_n4,control,default.qubit,4,0,2540,2537,2,second_grad,9,0.001814800
main,ctrl_n4,control,default.qubit,4,0,2540,2537,2,param_grad,9,0.005276900
main,narrow,hybrid,default.qubit,2,2,2540,2421,2,forward,9,0.008025500
main,narrow,hybrid,default.qubit,2,2,2540,2421,2,first_grad,9,0.012230600
main,narrow,hybrid,default.qubit,2,2,2540,2421,2,second_grad,9,0.022486100
main,narrow,hybrid,default.qubit,2,2,2540,2421,2,param_grad,9,0.041822400
main,ctrl_n6,control,default.qubit,6,0,2540,2669,1,forward,9,0.000732500
main,ctrl_n6,control,default.qubit,6,0,2540,2669,1,first_grad,9,0.001157600
main,ctrl_n6,control,default.qubit,6,0,2540,2669,1,second_grad,9,0.002017600
main,ctrl_n6,control,default.qubit,6,0,2540,2669,1,param_grad,9,0.005430200
main,ctrl_n2,control,default.qubit,2,0,2540,2405,0,forward,9,0.000760500
main,ctrl_n2,control,default.qubit,2,0,2540,2405,0,first_grad,9,0.000942000
main,ctrl_n2,control,default.qubit,2,0,2540,2405,0,second_grad,9,0.001663700
main,ctrl_n2,control,default.qubit,2,0,2540,2405,0,param_grad,9,0.004716700
main,narrow,hybrid,default.qubit,2,2,2540,2421,0,forward,9,0.008076800
main,narrow,hybrid,default.qubit,2,2,2540,2421,0,first_grad,9,0.012525600
main,narrow,hybrid,default.qubit,2,2,2540,2421,0,second_grad,9,0.020883800
main,narrow,hybrid,default.qubit,2,2,2540,2421,0,param_grad,9,0.050860700
main,wide,hybrid,default.qubit,6,2,2540,2717,2,forward,9,0.030817500
main,wide,hybrid,default.qubit,6,2,2540,2717,2,first_grad,9,0.086709300
main,wide,hybrid,default.qubit,6,2,2540,2717,2,second_grad,9,0.157964900
main,wide,hybrid,default.qubit,6,2,2540,2717,2,param_grad,9,0.414999800
main,ctrl_n6,control,default.qubit,6,0,2540,2669,0,forward,9,0.000873700
main,ctrl_n6,control,default.qubit,6,0,2540,2669,0,first_grad,9,0.001122600
main,ctrl_n6,control,default.qubit,6,0,2540,2669,0,second_grad,9,0.002036400
main,ctrl_n6,control,default.qubit,6,0,2540,2669,0,param_grad,9,0.005614700
main,classical,classical,default.qubit,,,2540,4353,0,forward,9,0.000500100
main,classical,classical,default.qubit,,,2540,4353,0,first_grad,9,0.000809500
main,classical,classical,default.qubit,,,2540,4353,0,second_grad,9,0.001730400
main,classical,classical,default.qubit,,,2540,4353,0,param_grad,9,0.003751500
main,deep,hybrid,default.qubit,4,4,2540,2601,0,forward,9,0.027331200
main,deep,hybrid,default.qubit,4,4,2540,2601,0,first_grad,9,0.057190800
main,deep,hybrid,default.qubit,4,4,2540,2601,0,second_grad,9,0.101871300
main,deep,hybrid,default.qubit,4,4,2540,2601,0,param_grad,9,0.209313500
main,classical,classical,default.qubit,,,2540,4353,1,forward,9,0.000498300
main,classical,classical,default.qubit,,,2540,4353,1,first_grad,9,0.000797000
main,classical,classical,default.qubit,,,2540,4353,1,second_grad,9,0.001708200
main,classical,classical,default.qubit,,,2540,4353,1,param_grad,9,0.003957100
main,deep,hybrid,default.qubit,4,4,2540,2601,1,forward,9,0.028405000
main,deep,hybrid,default.qubit,4,4,2540,2601,1,first_grad,9,0.051804600
main,deep,hybrid,default.qubit,4,4,2540,2601,1,second_grad,9,0.096705200
main,deep,hybrid,default.qubit,4,4,2540,2601,1,param_grad,9,0.204463200
main,wide,hybrid,default.qubit,6,2,2540,2717,1,forward,9,0.031503000
main,wide,hybrid,default.qubit,6,2,2540,2717,1,first_grad,9,0.077475900
main,wide,hybrid,default.qubit,6,2,2540,2717,1,second_grad,9,0.161615700
main,wide,hybrid,default.qubit,6,2,2540,2717,1,param_grad,9,0.413626900
main,deep,hybrid,default.qubit,4,4,2540,2601,2,forward,9,0.028282800
main,deep,hybrid,default.qubit,4,4,2540,2601,2,first_grad,9,0.060880100
main,deep,hybrid,default.qubit,4,4,2540,2601,2,second_grad,9,0.102372800
main,deep,hybrid,default.qubit,4,4,2540,2601,2,param_grad,9,0.211048200
main,narrow,hybrid,default.qubit,2,2,2540,2421,1,forward,9,0.008290400
main,narrow,hybrid,default.qubit,2,2,2540,2421,1,first_grad,9,0.012293400
main,narrow,hybrid,default.qubit,2,2,2540,2421,1,second_grad,9,0.021359000
main,narrow,hybrid,default.qubit,2,2,2540,2421,1,param_grad,9,0.043457700
main,classical,classical,default.qubit,,,2540,4353,2,forward,9,0.000655400
main,classical,classical,default.qubit,,,2540,4353,2,first_grad,9,0.000845000
main,classical,classical,default.qubit,,,2540,4353,2,second_grad,9,0.001795400
main,classical,classical,default.qubit,,,2540,4353,2,param_grad,9,0.005136900
main,baseline,hybrid,default.qubit,4,2,2540,2569,2,forward,9,0.017170100
main,baseline,hybrid,default.qubit,4,2,2540,2569,2,first_grad,9,0.029382400
main,baseline,hybrid,default.qubit,4,2,2540,2569,2,second_grad,9,0.065467600
main,baseline,hybrid,default.qubit,4,2,2540,2569,2,param_grad,9,0.131522300
main,baseline,hybrid,default.qubit,4,2,2540,2569,1,forward,10,0.014062400
main,baseline,hybrid,default.qubit,4,2,2540,2569,1,first_grad,10,0.032046400
main,baseline,hybrid,default.qubit,4,2,2540,2569,1,second_grad,10,0.059125200
main,baseline,hybrid,default.qubit,4,2,2540,2569,1,param_grad,10,0.125443500
main,narrow,hybrid,default.qubit,2,2,2540,2421,0,forward,10,0.006729100
main,narrow,hybrid,default.qubit,2,2,2540,2421,0,first_grad,10,0.010484300
main,narrow,hybrid,default.qubit,2,2,2540,2421,0,second_grad,10,0.023484000
main,narrow,hybrid,default.qubit,2,2,2540,2421,0,param_grad,10,0.039343200
main,ctrl_n6,control,default.qubit,6,0,2540,2669,1,forward,10,0.000726200
main,ctrl_n6,control,default.qubit,6,0,2540,2669,1,first_grad,10,0.001127200
main,ctrl_n6,control,default.qubit,6,0,2540,2669,1,second_grad,10,0.001978100
main,ctrl_n6,control,default.qubit,6,0,2540,2669,1,param_grad,10,0.004464900
main,ctrl_n4,control,default.qubit,4,0,2540,2537,0,forward,10,0.000780900
main,ctrl_n4,control,default.qubit,4,0,2540,2537,0,first_grad,10,0.000991300
main,ctrl_n4,control,default.qubit,4,0,2540,2537,0,second_grad,10,0.002070600
main,ctrl_n4,control,default.qubit,4,0,2540,2537,0,param_grad,10,0.005138900
main,ctrl_n4,control,default.qubit,4,0,2540,2537,2,forward,10,0.000698200
main,ctrl_n4,control,default.qubit,4,0,2540,2537,2,first_grad,10,0.001027600
main,ctrl_n4,control,default.qubit,4,0,2540,2537,2,second_grad,10,0.002951800
main,ctrl_n4,control,default.qubit,4,0,2540,2537,2,param_grad,10,0.004047800
main,ctrl_n6,control,default.qubit,6,0,2540,2669,2,forward,10,0.000632700
main,ctrl_n6,control,default.qubit,6,0,2540,2669,2,first_grad,10,0.000947200
main,ctrl_n6,control,default.qubit,6,0,2540,2669,2,second_grad,10,0.002431900
main,ctrl_n6,control,default.qubit,6,0,2540,2669,2,param_grad,10,0.005940400
main,classical,classical,default.qubit,,,2540,4353,1,forward,10,0.000526500
main,classical,classical,default.qubit,,,2540,4353,1,first_grad,10,0.000787100
main,classical,classical,default.qubit,,,2540,4353,1,second_grad,10,0.001658900
main,classical,classical,default.qubit,,,2540,4353,1,param_grad,10,0.004575300
main,ctrl_n6,control,default.qubit,6,0,2540,2669,0,forward,10,0.000785600
main,ctrl_n6,control,default.qubit,6,0,2540,2669,0,first_grad,10,0.001100800
main,ctrl_n6,control,default.qubit,6,0,2540,2669,0,second_grad,10,0.001967400
main,ctrl_n6,control,default.qubit,6,0,2540,2669,0,param_grad,10,0.005176600
main,ctrl_n4,control,default.qubit,4,0,2540,2537,1,forward,10,0.000711400
main,ctrl_n4,control,default.qubit,4,0,2540,2537,1,first_grad,10,0.001080500
main,ctrl_n4,control,default.qubit,4,0,2540,2537,1,second_grad,10,0.002023300
main,ctrl_n4,control,default.qubit,4,0,2540,2537,1,param_grad,10,0.004431600
main,narrow,hybrid,default.qubit,2,2,2540,2421,2,forward,10,0.007883500
main,narrow,hybrid,default.qubit,2,2,2540,2421,2,first_grad,10,0.010663000
main,narrow,hybrid,default.qubit,2,2,2540,2421,2,second_grad,10,0.017560700
main,narrow,hybrid,default.qubit,2,2,2540,2421,2,param_grad,10,0.040679800
main,classical,classical,default.qubit,,,2540,4353,2,forward,10,0.000479600
main,classical,classical,default.qubit,,,2540,4353,2,first_grad,10,0.000864200
main,classical,classical,default.qubit,,,2540,4353,2,second_grad,10,0.002001600
main,classical,classical,default.qubit,,,2540,4353,2,param_grad,10,0.004269600
main,ctrl_n2,control,default.qubit,2,0,2540,2405,0,forward,10,0.000698800
main,ctrl_n2,control,default.qubit,2,0,2540,2405,0,first_grad,10,0.001094300
main,ctrl_n2,control,default.qubit,2,0,2540,2405,0,second_grad,10,0.001943900
main,ctrl_n2,control,default.qubit,2,0,2540,2405,0,param_grad,10,0.004638800
main,wide,hybrid,default.qubit,6,2,2540,2717,1,forward,10,0.030832500
main,wide,hybrid,default.qubit,6,2,2540,2717,1,first_grad,10,0.079213400
main,wide,hybrid,default.qubit,6,2,2540,2717,1,second_grad,10,0.159742700
main,wide,hybrid,default.qubit,6,2,2540,2717,1,param_grad,10,0.404848700
main,wide,hybrid,default.qubit,6,2,2540,2717,0,forward,10,0.032849600
main,wide,hybrid,default.qubit,6,2,2540,2717,0,first_grad,10,0.081156300
main,wide,hybrid,default.qubit,6,2,2540,2717,0,second_grad,10,0.154830500
main,wide,hybrid,default.qubit,6,2,2540,2717,0,param_grad,10,0.410311300
main,ctrl_n2,control,default.qubit,2,0,2540,2405,2,forward,10,0.000636400
main,ctrl_n2,control,default.qubit,2,0,2540,2405,2,first_grad,10,0.001057000
main,ctrl_n2,control,default.qubit,2,0,2540,2405,2,second_grad,10,0.001763100
main,ctrl_n2,control,default.qubit,2,0,2540,2405,2,param_grad,10,0.004045200
main,classical,classical,default.qubit,,,2540,4353,0,forward,10,0.000535400
main,classical,classical,default.qubit,,,2540,4353,0,first_grad,10,0.000751200
main,classical,classical,default.qubit,,,2540,4353,0,second_grad,10,0.001668300
main,classical,classical,default.qubit,,,2540,4353,0,param_grad,10,0.003807500
main,baseline,hybrid,default.qubit,4,2,2540,2569,0,forward,10,0.016196700
main,baseline,hybrid,default.qubit,4,2,2540,2569,0,first_grad,10,0.035465400
main,baseline,hybrid,default.qubit,4,2,2540,2569,0,second_grad,10,0.064237600
main,baseline,hybrid,default.qubit,4,2,2540,2569,0,param_grad,10,0.125537700
main,ctrl_n2,control,default.qubit,2,0,2540,2405,1,forward,10,0.000730000
main,ctrl_n2,control,default.qubit,2,0,2540,2405,1,first_grad,10,0.001057500
main,ctrl_n2,control,default.qubit,2,0,2540,2405,1,second_grad,10,0.001860800
main,ctrl_n2,control,default.qubit,2,0,2540,2405,1,param_grad,10,0.003815700
main,deep,hybrid,default.qubit,4,4,2540,2601,1,forward,10,0.025736600
main,deep,hybrid,default.qubit,4,4,2540,2601,1,first_grad,10,0.050591700
main,deep,hybrid,default.qubit,4,4,2540,2601,1,second_grad,10,0.095090700
main,deep,hybrid,default.qubit,4,4,2540,2601,1,param_grad,10,0.217795500
main,narrow,hybrid,default.qubit,2,2,2540,2421,1,forward,10,0.008301000
main,narrow,hybrid,default.qubit,2,2,2540,2421,1,first_grad,10,0.012231600
main,narrow,hybrid,default.qubit,2,2,2540,2421,1,second_grad,10,0.021825600
main,narrow,hybrid,default.qubit,2,2,2540,2421,1,param_grad,10,0.045618500
main,deep,hybrid,default.qubit,4,4,2540,2601,0,forward,10,0.028822900
main,deep,hybrid,default.qubit,4,4,2540,2601,0,first_grad,10,0.054072100
main,deep,hybrid,default.qubit,4,4,2540,2601,0,second_grad,10,0.095789700
main,deep,hybrid,default.qubit,4,4,2540,2601,0,param_grad,10,0.216232400
main,wide,hybrid,default.qubit,6,2,2540,2717,2,forward,10,0.032277100
main,wide,hybrid,default.qubit,6,2,2540,2717,2,first_grad,10,0.089098600
main,wide,hybrid,default.qubit,6,2,2540,2717,2,second_grad,10,0.161189000
main,wide,hybrid,default.qubit,6,2,2540,2717,2,param_grad,10,0.405735500
main,deep,hybrid,default.qubit,4,4,2540,2601,2,forward,10,0.027925800
main,deep,hybrid,default.qubit,4,4,2540,2601,2,first_grad,10,0.057603400
main,deep,hybrid,default.qubit,4,4,2540,2601,2,second_grad,10,0.104506900
main,deep,hybrid,default.qubit,4,4,2540,2601,2,param_grad,10,0.201476000
main,baseline,hybrid,default.qubit,4,2,2540,2569,2,forward,10,0.017233500
main,baseline,hybrid,default.qubit,4,2,2540,2569,2,first_grad,10,0.030130500
main,baseline,hybrid,default.qubit,4,2,2540,2569,2,second_grad,10,0.066905800
main,baseline,hybrid,default.qubit,4,2,2540,2569,2,param_grad,10,0.127120600
main,ctrl_n6,control,default.qubit,6,0,2540,2669,1,forward,11,0.000697400
main,ctrl_n6,control,default.qubit,6,0,2540,2669,1,first_grad,11,0.001051000
main,ctrl_n6,control,default.qubit,6,0,2540,2669,1,second_grad,11,0.002174600
main,ctrl_n6,control,default.qubit,6,0,2540,2669,1,param_grad,11,0.004519300
main,deep,hybrid,default.qubit,4,4,2540,2601,0,forward,11,0.027915000
main,deep,hybrid,default.qubit,4,4,2540,2601,0,first_grad,11,0.049260400
main,deep,hybrid,default.qubit,4,4,2540,2601,0,second_grad,11,0.092310100
main,deep,hybrid,default.qubit,4,4,2540,2601,0,param_grad,11,0.208603800
main,deep,hybrid,default.qubit,4,4,2540,2601,2,forward,11,0.026299900
main,deep,hybrid,default.qubit,4,4,2540,2601,2,first_grad,11,0.052738000
main,deep,hybrid,default.qubit,4,4,2540,2601,2,second_grad,11,0.101604400
main,deep,hybrid,default.qubit,4,4,2540,2601,2,param_grad,11,0.214048300
main,wide,hybrid,default.qubit,6,2,2540,2717,1,forward,11,0.031373100
main,wide,hybrid,default.qubit,6,2,2540,2717,1,first_grad,11,0.079570800
main,wide,hybrid,default.qubit,6,2,2540,2717,1,second_grad,11,0.150361100
main,wide,hybrid,default.qubit,6,2,2540,2717,1,param_grad,11,0.400894500
main,wide,hybrid,default.qubit,6,2,2540,2717,0,forward,11,0.031206500
main,wide,hybrid,default.qubit,6,2,2540,2717,0,first_grad,11,0.081056400
main,wide,hybrid,default.qubit,6,2,2540,2717,0,second_grad,11,0.160784500
main,wide,hybrid,default.qubit,6,2,2540,2717,0,param_grad,11,0.408574200
main,ctrl_n4,control,default.qubit,4,0,2540,2537,0,forward,11,0.000743900
main,ctrl_n4,control,default.qubit,4,0,2540,2537,0,first_grad,11,0.001074900
main,ctrl_n4,control,default.qubit,4,0,2540,2537,0,second_grad,11,0.002148700
main,ctrl_n4,control,default.qubit,4,0,2540,2537,0,param_grad,11,0.005239000
main,narrow,hybrid,default.qubit,2,2,2540,2421,2,forward,11,0.007823300
main,narrow,hybrid,default.qubit,2,2,2540,2421,2,first_grad,11,0.012058200
main,narrow,hybrid,default.qubit,2,2,2540,2421,2,second_grad,11,0.022646200
main,narrow,hybrid,default.qubit,2,2,2540,2421,2,param_grad,11,0.046892900
main,deep,hybrid,default.qubit,4,4,2540,2601,1,forward,11,0.027263900
main,deep,hybrid,default.qubit,4,4,2540,2601,1,first_grad,11,0.052483200
main,deep,hybrid,default.qubit,4,4,2540,2601,1,second_grad,11,0.098949400
main,deep,hybrid,default.qubit,4,4,2540,2601,1,param_grad,11,0.207717800
main,baseline,hybrid,default.qubit,4,2,2540,2569,1,forward,11,0.016910600
main,baseline,hybrid,default.qubit,4,2,2540,2569,1,first_grad,11,0.030710500
main,baseline,hybrid,default.qubit,4,2,2540,2569,1,second_grad,11,0.062726500
main,baseline,hybrid,default.qubit,4,2,2540,2569,1,param_grad,11,0.132343900
main,classical,classical,default.qubit,,,2540,4353,0,forward,11,0.000531500
main,classical,classical,default.qubit,,,2540,4353,0,first_grad,11,0.000780500
main,classical,classical,default.qubit,,,2540,4353,0,second_grad,11,0.001508400
main,classical,classical,default.qubit,,,2540,4353,0,param_grad,11,0.003909600
main,narrow,hybrid,default.qubit,2,2,2540,2421,1,forward,11,0.007879000
main,narrow,hybrid,default.qubit,2,2,2540,2421,1,first_grad,11,0.012308200
main,narrow,hybrid,default.qubit,2,2,2540,2421,1,second_grad,11,0.023233600
main,narrow,hybrid,default.qubit,2,2,2540,2421,1,param_grad,11,0.046234900
main,ctrl_n2,control,default.qubit,2,0,2540,2405,2,forward,11,0.000807600
main,ctrl_n2,control,default.qubit,2,0,2540,2405,2,first_grad,11,0.001085200
main,ctrl_n2,control,default.qubit,2,0,2540,2405,2,second_grad,11,0.001954500
main,ctrl_n2,control,default.qubit,2,0,2540,2405,2,param_grad,11,0.004424700
main,ctrl_n6,control,default.qubit,6,0,2540,2669,2,forward,11,0.000765400
main,ctrl_n6,control,default.qubit,6,0,2540,2669,2,first_grad,11,0.001133100
main,ctrl_n6,control,default.qubit,6,0,2540,2669,2,second_grad,11,0.001935400
main,ctrl_n6,control,default.qubit,6,0,2540,2669,2,param_grad,11,0.005660100
main,classical,classical,default.qubit,,,2540,4353,2,forward,11,0.000509700
main,classical,classical,default.qubit,,,2540,4353,2,first_grad,11,0.000760500
main,classical,classical,default.qubit,,,2540,4353,2,second_grad,11,0.001493500
main,classical,classical,default.qubit,,,2540,4353,2,param_grad,11,0.003918200
main,ctrl_n6,control,default.qubit,6,0,2540,2669,0,forward,11,0.000814800
main,ctrl_n6,control,default.qubit,6,0,2540,2669,0,first_grad,11,0.001091300
main,ctrl_n6,control,default.qubit,6,0,2540,2669,0,second_grad,11,0.002044400
main,ctrl_n6,control,default.qubit,6,0,2540,2669,0,param_grad,11,0.005147200
main,wide,hybrid,default.qubit,6,2,2540,2717,2,forward,11,0.034203800
main,wide,hybrid,default.qubit,6,2,2540,2717,2,first_grad,11,0.082306600
main,wide,hybrid,default.qubit,6,2,2540,2717,2,second_grad,11,0.158067500
main,wide,hybrid,default.qubit,6,2,2540,2717,2,param_grad,11,0.408422200
main,classical,classical,default.qubit,,,2540,4353,1,forward,11,0.000512100
main,classical,classical,default.qubit,,,2540,4353,1,first_grad,11,0.000704300
main,classical,classical,default.qubit,,,2540,4353,1,second_grad,11,0.001481400
main,classical,classical,default.qubit,,,2540,4353,1,param_grad,11,0.003546100
main,baseline,hybrid,default.qubit,4,2,2540,2569,0,forward,11,0.016742800
main,baseline,hybrid,default.qubit,4,2,2540,2569,0,first_grad,11,0.031125000
main,baseline,hybrid,default.qubit,4,2,2540,2569,0,second_grad,11,0.063837500
main,baseline,hybrid,default.qubit,4,2,2540,2569,0,param_grad,11,0.131346800
main,ctrl_n4,control,default.qubit,4,0,2540,2537,1,forward,11,0.000716400
main,ctrl_n4,control,default.qubit,4,0,2540,2537,1,first_grad,11,0.001027500
main,ctrl_n4,control,default.qubit,4,0,2540,2537,1,second_grad,11,0.001872200
main,ctrl_n4,control,default.qubit,4,0,2540,2537,1,param_grad,11,0.005681100
main,ctrl_n2,control,default.qubit,2,0,2540,2405,0,forward,11,0.000697900
main,ctrl_n2,control,default.qubit,2,0,2540,2405,0,first_grad,11,0.001047200
main,ctrl_n2,control,default.qubit,2,0,2540,2405,0,second_grad,11,0.001865900
main,ctrl_n2,control,default.qubit,2,0,2540,2405,0,param_grad,11,0.005096200
main,narrow,hybrid,default.qubit,2,2,2540,2421,0,forward,11,0.008228000
main,narrow,hybrid,default.qubit,2,2,2540,2421,0,first_grad,11,0.011131400
main,narrow,hybrid,default.qubit,2,2,2540,2421,0,second_grad,11,0.023785200
main,narrow,hybrid,default.qubit,2,2,2540,2421,0,param_grad,11,0.041854000
main,ctrl_n2,control,default.qubit,2,0,2540,2405,1,forward,11,0.000731500
main,ctrl_n2,control,default.qubit,2,0,2540,2405,1,first_grad,11,0.001091100
main,ctrl_n2,control,default.qubit,2,0,2540,2405,1,second_grad,11,0.002010200
main,ctrl_n2,control,default.qubit,2,0,2540,2405,1,param_grad,11,0.004902000
main,baseline,hybrid,default.qubit,4,2,2540,2569,2,forward,11,0.016608000
main,baseline,hybrid,default.qubit,4,2,2540,2569,2,first_grad,11,0.031953200
main,baseline,hybrid,default.qubit,4,2,2540,2569,2,second_grad,11,0.063979300
main,baseline,hybrid,default.qubit,4,2,2540,2569,2,param_grad,11,0.130982300
main,ctrl_n4,control,default.qubit,4,0,2540,2537,2,forward,11,0.000717100
main,ctrl_n4,control,default.qubit,4,0,2540,2537,2,first_grad,11,0.001089900
main,ctrl_n4,control,default.qubit,4,0,2540,2537,2,second_grad,11,0.001987500
main,ctrl_n4,control,default.qubit,4,0,2540,2537,2,param_grad,11,0.004295700
main,ctrl_n6,control,default.qubit,6,0,2540,2669,0,forward,12,0.000734600
main,ctrl_n6,control,default.qubit,6,0,2540,2669,0,first_grad,12,0.001168000
main,ctrl_n6,control,default.qubit,6,0,2540,2669,0,second_grad,12,0.001995000
main,ctrl_n6,control,default.qubit,6,0,2540,2669,0,param_grad,12,0.005430400
main,ctrl_n4,control,default.qubit,4,0,2540,2537,0,forward,12,0.000723800
main,ctrl_n4,control,default.qubit,4,0,2540,2537,0,first_grad,12,0.001074400
main,ctrl_n4,control,default.qubit,4,0,2540,2537,0,second_grad,12,0.001920700
main,ctrl_n4,control,default.qubit,4,0,2540,2537,0,param_grad,12,0.005021000
main,ctrl_n2,control,default.qubit,2,0,2540,2405,0,forward,12,0.000724600
main,ctrl_n2,control,default.qubit,2,0,2540,2405,0,first_grad,12,0.001185000
main,ctrl_n2,control,default.qubit,2,0,2540,2405,0,second_grad,12,0.001997900
main,ctrl_n2,control,default.qubit,2,0,2540,2405,0,param_grad,12,0.004775000
main,ctrl_n2,control,default.qubit,2,0,2540,2405,2,forward,12,0.000715600
main,ctrl_n2,control,default.qubit,2,0,2540,2405,2,first_grad,12,0.001026600
main,ctrl_n2,control,default.qubit,2,0,2540,2405,2,second_grad,12,0.002121400
main,ctrl_n2,control,default.qubit,2,0,2540,2405,2,param_grad,12,0.004428800
main,narrow,hybrid,default.qubit,2,2,2540,2421,1,forward,12,0.008128100
main,narrow,hybrid,default.qubit,2,2,2540,2421,1,first_grad,12,0.011060800
main,narrow,hybrid,default.qubit,2,2,2540,2421,1,second_grad,12,0.018427300
main,narrow,hybrid,default.qubit,2,2,2540,2421,1,param_grad,12,0.048082700
main,ctrl_n4,control,default.qubit,4,0,2540,2537,2,forward,12,0.000744500
main,ctrl_n4,control,default.qubit,4,0,2540,2537,2,first_grad,12,0.001170700
main,ctrl_n4,control,default.qubit,4,0,2540,2537,2,second_grad,12,0.001994400
main,ctrl_n4,control,default.qubit,4,0,2540,2537,2,param_grad,12,0.004545600
main,baseline,hybrid,default.qubit,4,2,2540,2569,2,forward,12,0.016402800
main,baseline,hybrid,default.qubit,4,2,2540,2569,2,first_grad,12,0.030131500
main,baseline,hybrid,default.qubit,4,2,2540,2569,2,second_grad,12,0.070989400
main,baseline,hybrid,default.qubit,4,2,2540,2569,2,param_grad,12,0.131824300
main,ctrl_n4,control,default.qubit,4,0,2540,2537,1,forward,12,0.000796900
main,ctrl_n4,control,default.qubit,4,0,2540,2537,1,first_grad,12,0.001126400
main,ctrl_n4,control,default.qubit,4,0,2540,2537,1,second_grad,12,0.002136800
main,ctrl_n4,control,default.qubit,4,0,2540,2537,1,param_grad,12,0.005475100
main,narrow,hybrid,default.qubit,2,2,2540,2421,0,forward,12,0.007993500
main,narrow,hybrid,default.qubit,2,2,2540,2421,0,first_grad,12,0.011971200
main,narrow,hybrid,default.qubit,2,2,2540,2421,0,second_grad,12,0.019789900
main,narrow,hybrid,default.qubit,2,2,2540,2421,0,param_grad,12,0.047205200
main,classical,classical,default.qubit,,,2540,4353,1,forward,12,0.000552300
main,classical,classical,default.qubit,,,2540,4353,1,first_grad,12,0.000946700
main,classical,classical,default.qubit,,,2540,4353,1,second_grad,12,0.001562300
main,classical,classical,default.qubit,,,2540,4353,1,param_grad,12,0.003992300
main,classical,classical,default.qubit,,,2540,4353,2,forward,12,0.000501000
main,classical,classical,default.qubit,,,2540,4353,2,first_grad,12,0.000758300
main,classical,classical,default.qubit,,,2540,4353,2,second_grad,12,0.001459400
main,classical,classical,default.qubit,,,2540,4353,2,param_grad,12,0.004346600
main,ctrl_n6,control,default.qubit,6,0,2540,2669,2,forward,12,0.000629300
main,ctrl_n6,control,default.qubit,6,0,2540,2669,2,first_grad,12,0.000983300
main,ctrl_n6,control,default.qubit,6,0,2540,2669,2,second_grad,12,0.001754500
main,ctrl_n6,control,default.qubit,6,0,2540,2669,2,param_grad,12,0.003891900
main,wide,hybrid,default.qubit,6,2,2540,2717,1,forward,12,0.029997400
main,wide,hybrid,default.qubit,6,2,2540,2717,1,first_grad,12,0.086254000
main,wide,hybrid,default.qubit,6,2,2540,2717,1,second_grad,12,0.154860400
main,wide,hybrid,default.qubit,6,2,2540,2717,1,param_grad,12,0.403609200
main,ctrl_n6,control,default.qubit,6,0,2540,2669,1,forward,12,0.000711700
main,ctrl_n6,control,default.qubit,6,0,2540,2669,1,first_grad,12,0.001126000
main,ctrl_n6,control,default.qubit,6,0,2540,2669,1,second_grad,12,0.002184100
main,ctrl_n6,control,default.qubit,6,0,2540,2669,1,param_grad,12,0.005432500
main,wide,hybrid,default.qubit,6,2,2540,2717,0,forward,12,0.030613200
main,wide,hybrid,default.qubit,6,2,2540,2717,0,first_grad,12,0.087577500
main,wide,hybrid,default.qubit,6,2,2540,2717,0,second_grad,12,0.162719100
main,wide,hybrid,default.qubit,6,2,2540,2717,0,param_grad,12,0.410613700
main,wide,hybrid,default.qubit,6,2,2540,2717,2,forward,12,0.032821900
main,wide,hybrid,default.qubit,6,2,2540,2717,2,first_grad,12,0.086610200
main,wide,hybrid,default.qubit,6,2,2540,2717,2,second_grad,12,0.156308300
main,wide,hybrid,default.qubit,6,2,2540,2717,2,param_grad,12,0.405908100
main,baseline,hybrid,default.qubit,4,2,2540,2569,1,forward,12,0.016742200
main,baseline,hybrid,default.qubit,4,2,2540,2569,1,first_grad,12,0.029264500
main,baseline,hybrid,default.qubit,4,2,2540,2569,1,second_grad,12,0.068678000
main,baseline,hybrid,default.qubit,4,2,2540,2569,1,param_grad,12,0.127536800
main,ctrl_n2,control,default.qubit,2,0,2540,2405,1,forward,12,0.000690400
main,ctrl_n2,control,default.qubit,2,0,2540,2405,1,first_grad,12,0.001078900
main,ctrl_n2,control,default.qubit,2,0,2540,2405,1,second_grad,12,0.002024700
main,ctrl_n2,control,default.qubit,2,0,2540,2405,1,param_grad,12,0.005045900
main,deep,hybrid,default.qubit,4,4,2540,2601,1,forward,12,0.026780300
main,deep,hybrid,default.qubit,4,4,2540,2601,1,first_grad,12,0.050159200
main,deep,hybrid,default.qubit,4,4,2540,2601,1,second_grad,12,0.103137300
main,deep,hybrid,default.qubit,4,4,2540,2601,1,param_grad,12,0.208330500
main,classical,classical,default.qubit,,,2540,4353,0,forward,12,0.000485800
main,classical,classical,default.qubit,,,2540,4353,0,first_grad,12,0.000811700
main,classical,classical,default.qubit,,,2540,4353,0,second_grad,12,0.001493200
main,classical,classical,default.qubit,,,2540,4353,0,param_grad,12,0.003692500
main,deep,hybrid,default.qubit,4,4,2540,2601,0,forward,12,0.026455100
main,deep,hybrid,default.qubit,4,4,2540,2601,0,first_grad,12,0.049945600
main,deep,hybrid,default.qubit,4,4,2540,2601,0,second_grad,12,0.088128800
main,deep,hybrid,default.qubit,4,4,2540,2601,0,param_grad,12,0.215601800
main,baseline,hybrid,default.qubit,4,2,2540,2569,0,forward,12,0.016637900
main,baseline,hybrid,default.qubit,4,2,2540,2569,0,first_grad,12,0.026674000
main,baseline,hybrid,default.qubit,4,2,2540,2569,0,second_grad,12,0.060718500
main,baseline,hybrid,default.qubit,4,2,2540,2569,0,param_grad,12,0.126315600
main,deep,hybrid,default.qubit,4,4,2540,2601,2,forward,12,0.024590800
main,deep,hybrid,default.qubit,4,4,2540,2601,2,first_grad,12,0.050240000
main,deep,hybrid,default.qubit,4,4,2540,2601,2,second_grad,12,0.102937500
main,deep,hybrid,default.qubit,4,4,2540,2601,2,param_grad,12,0.206165300
main,narrow,hybrid,default.qubit,2,2,2540,2421,2,forward,12,0.008092800
main,narrow,hybrid,default.qubit,2,2,2540,2421,2,first_grad,12,0.012002900
main,narrow,hybrid,default.qubit,2,2,2540,2421,2,second_grad,12,0.019775600
main,narrow,hybrid,default.qubit,2,2,2540,2421,2,param_grad,12,0.049081600
main,ctrl_n4,control,default.qubit,4,0,2540,2537,0,forward,13,0.000677800
main,ctrl_n4,control,default.qubit,4,0,2540,2537,0,first_grad,13,0.001007400
main,ctrl_n4,control,default.qubit,4,0,2540,2537,0,second_grad,13,0.002080900
main,ctrl_n4,control,default.qubit,4,0,2540,2537,0,param_grad,13,0.004629400
main,wide,hybrid,default.qubit,6,2,2540,2717,1,forward,13,0.032436500
main,wide,hybrid,default.qubit,6,2,2540,2717,1,first_grad,13,0.084957300
main,wide,hybrid,default.qubit,6,2,2540,2717,1,second_grad,13,0.161210700
main,wide,hybrid,default.qubit,6,2,2540,2717,1,param_grad,13,0.402599800
main,ctrl_n4,control,default.qubit,4,0,2540,2537,2,forward,13,0.000664500
main,ctrl_n4,control,default.qubit,4,0,2540,2537,2,first_grad,13,0.000953700
main,ctrl_n4,control,default.qubit,4,0,2540,2537,2,second_grad,13,0.001644700
main,ctrl_n4,control,default.qubit,4,0,2540,2537,2,param_grad,13,0.003998300
main,classical,classical,default.qubit,,,2540,4353,2,forward,13,0.000634500
main,classical,classical,default.qubit,,,2540,4353,2,first_grad,13,0.000784700
main,classical,classical,default.qubit,,,2540,4353,2,second_grad,13,0.001643300
main,classical,classical,default.qubit,,,2540,4353,2,param_grad,13,0.004169200
main,narrow,hybrid,default.qubit,2,2,2540,2421,1,forward,13,0.006903200
main,narrow,hybrid,default.qubit,2,2,2540,2421,1,first_grad,13,0.009569800
main,narrow,hybrid,default.qubit,2,2,2540,2421,1,second_grad,13,0.019427000
main,narrow,hybrid,default.qubit,2,2,2540,2421,1,param_grad,13,0.039767900
main,baseline,hybrid,default.qubit,4,2,2540,2569,2,forward,13,0.016116100
main,baseline,hybrid,default.qubit,4,2,2540,2569,2,first_grad,13,0.028504200
main,baseline,hybrid,default.qubit,4,2,2540,2569,2,second_grad,13,0.064834300
main,baseline,hybrid,default.qubit,4,2,2540,2569,2,param_grad,13,0.131350500
main,ctrl_n6,control,default.qubit,6,0,2540,2669,0,forward,13,0.000701400
main,ctrl_n6,control,default.qubit,6,0,2540,2669,0,first_grad,13,0.001046500
main,ctrl_n6,control,default.qubit,6,0,2540,2669,0,second_grad,13,0.001940700
main,ctrl_n6,control,default.qubit,6,0,2540,2669,0,param_grad,13,0.005279200
main,ctrl_n2,control,default.qubit,2,0,2540,2405,2,forward,13,0.000700800
main,ctrl_n2,control,default.qubit,2,0,2540,2405,2,first_grad,13,0.001068900
main,ctrl_n2,control,default.qubit,2,0,2540,2405,2,second_grad,13,0.001872500
main,ctrl_n2,control,default.qubit,2,0,2540,2405,2,param_grad,13,0.005145100
main,narrow,hybrid,default.qubit,2,2,2540,2421,0,forward,13,0.010069400
main,narrow,hybrid,default.qubit,2,2,2540,2421,0,first_grad,13,0.011360400
main,narrow,hybrid,default.qubit,2,2,2540,2421,0,second_grad,13,0.022627600
main,narrow,hybrid,default.qubit,2,2,2540,2421,0,param_grad,13,0.044701800
main,ctrl_n2,control,default.qubit,2,0,2540,2405,0,forward,13,0.000738800
main,ctrl_n2,control,default.qubit,2,0,2540,2405,0,first_grad,13,0.001133400
main,ctrl_n2,control,default.qubit,2,0,2540,2405,0,second_grad,13,0.002073400
main,ctrl_n2,control,default.qubit,2,0,2540,2405,0,param_grad,13,0.004580300
main,narrow,hybrid,default.qubit,2,2,2540,2421,2,forward,13,0.007186100
main,narrow,hybrid,default.qubit,2,2,2540,2421,2,first_grad,13,0.011836900
main,narrow,hybrid,default.qubit,2,2,2540,2421,2,second_grad,13,0.022016900
main,narrow,hybrid,default.qubit,2,2,2540,2421,2,param_grad,13,0.043609200
main,baseline,hybrid,default.qubit,4,2,2540,2569,1,forward,13,0.016312200
main,baseline,hybrid,default.qubit,4,2,2540,2569,1,first_grad,13,0.030867600
main,baseline,hybrid,default.qubit,4,2,2540,2569,1,second_grad,13,0.066552600
main,baseline,hybrid,default.qubit,4,2,2540,2569,1,param_grad,13,0.125156000
main,wide,hybrid,default.qubit,6,2,2540,2717,2,forward,13,0.028936200
main,wide,hybrid,default.qubit,6,2,2540,2717,2,first_grad,13,0.081982000
main,wide,hybrid,default.qubit,6,2,2540,2717,2,second_grad,13,0.156553400
main,wide,hybrid,default.qubit,6,2,2540,2717,2,param_grad,13,0.391472000
main,deep,hybrid,default.qubit,4,4,2540,2601,0,forward,13,0.027299100
main,deep,hybrid,default.qubit,4,4,2540,2601,0,first_grad,13,0.053853000
main,deep,hybrid,default.qubit,4,4,2540,2601,0,second_grad,13,0.101143300
main,deep,hybrid,default.qubit,4,4,2540,2601,0,param_grad,13,0.210750800
main,ctrl_n2,control,default.qubit,2,0,2540,2405,1,forward,13,0.000700100
main,ctrl_n2,control,default.qubit,2,0,2540,2405,1,first_grad,13,0.001079000
main,ctrl_n2,control,default.qubit,2,0,2540,2405,1,second_grad,13,0.002068100
main,ctrl_n2,control,default.qubit,2,0,2540,2405,1,param_grad,13,0.005009000
main,ctrl_n6,control,default.qubit,6,0,2540,2669,2,forward,13,0.000630900
main,ctrl_n6,control,default.qubit,6,0,2540,2669,2,first_grad,13,0.000901900
main,ctrl_n6,control,default.qubit,6,0,2540,2669,2,second_grad,13,0.001991000
main,ctrl_n6,control,default.qubit,6,0,2540,2669,2,param_grad,13,0.003917600
main,ctrl_n4,control,default.qubit,4,0,2540,2537,1,forward,13,0.000712900
main,ctrl_n4,control,default.qubit,4,0,2540,2537,1,first_grad,13,0.001046400
main,ctrl_n4,control,default.qubit,4,0,2540,2537,1,second_grad,13,0.001916200
main,ctrl_n4,control,default.qubit,4,0,2540,2537,1,param_grad,13,0.004609000
main,classical,classical,default.qubit,,,2540,4353,1,forward,13,0.000515000
main,classical,classical,default.qubit,,,2540,4353,1,first_grad,13,0.000761000
main,classical,classical,default.qubit,,,2540,4353,1,second_grad,13,0.001490000
main,classical,classical,default.qubit,,,2540,4353,1,param_grad,13,0.004447900
main,classical,classical,default.qubit,,,2540,4353,0,forward,13,0.000522800
main,classical,classical,default.qubit,,,2540,4353,0,first_grad,13,0.001151000
main,classical,classical,default.qubit,,,2540,4353,0,second_grad,13,0.001741500
main,classical,classical,default.qubit,,,2540,4353,0,param_grad,13,0.004172700
main,baseline,hybrid,default.qubit,4,2,2540,2569,0,forward,13,0.017266600
main,baseline,hybrid,default.qubit,4,2,2540,2569,0,first_grad,13,0.029742200
main,baseline,hybrid,default.qubit,4,2,2540,2569,0,second_grad,13,0.061458300
main,baseline,hybrid,default.qubit,4,2,2540,2569,0,param_grad,13,0.123230900
main,deep,hybrid,default.qubit,4,4,2540,2601,2,forward,13,0.027403300
main,deep,hybrid,default.qubit,4,4,2540,2601,2,first_grad,13,0.046803600
main,deep,hybrid,default.qubit,4,4,2540,2601,2,second_grad,13,0.093366000
main,deep,hybrid,default.qubit,4,4,2540,2601,2,param_grad,13,0.204949900
main,deep,hybrid,default.qubit,4,4,2540,2601,1,forward,13,0.027322400
main,deep,hybrid,default.qubit,4,4,2540,2601,1,first_grad,13,0.052394600
main,deep,hybrid,default.qubit,4,4,2540,2601,1,second_grad,13,0.097526800
main,deep,hybrid,default.qubit,4,4,2540,2601,1,param_grad,13,0.208248700
main,ctrl_n6,control,default.qubit,6,0,2540,2669,1,forward,13,0.000741200
main,ctrl_n6,control,default.qubit,6,0,2540,2669,1,first_grad,13,0.001292900
main,ctrl_n6,control,default.qubit,6,0,2540,2669,1,second_grad,13,0.001933900
main,ctrl_n6,control,default.qubit,6,0,2540,2669,1,param_grad,13,0.005481900
main,wide,hybrid,default.qubit,6,2,2540,2717,0,forward,13,0.030045700
main,wide,hybrid,default.qubit,6,2,2540,2717,0,first_grad,13,0.078497400
main,wide,hybrid,default.qubit,6,2,2540,2717,0,second_grad,13,0.152334800
main,wide,hybrid,default.qubit,6,2,2540,2717,0,param_grad,13,0.406354900
main,ctrl_n6,control,default.qubit,6,0,2540,2669,0,forward,14,0.000764900
main,ctrl_n6,control,default.qubit,6,0,2540,2669,0,first_grad,14,0.001197600
main,ctrl_n6,control,default.qubit,6,0,2540,2669,0,second_grad,14,0.002526900
main,ctrl_n6,control,default.qubit,6,0,2540,2669,0,param_grad,14,0.005007600
main,deep,hybrid,default.qubit,4,4,2540,2601,2,forward,14,0.027913700
main,deep,hybrid,default.qubit,4,4,2540,2601,2,first_grad,14,0.053523300
main,deep,hybrid,default.qubit,4,4,2540,2601,2,second_grad,14,0.102795800
main,deep,hybrid,default.qubit,4,4,2540,2601,2,param_grad,14,0.211764500
main,ctrl_n2,control,default.qubit,2,0,2540,2405,0,forward,14,0.000698000
main,ctrl_n2,control,default.qubit,2,0,2540,2405,0,first_grad,14,0.001199500
main,ctrl_n2,control,default.qubit,2,0,2540,2405,0,second_grad,14,0.002163200
main,ctrl_n2,control,default.qubit,2,0,2540,2405,0,param_grad,14,0.005233200
main,ctrl_n6,control,default.qubit,6,0,2540,2669,2,forward,14,0.000684500
main,ctrl_n6,control,default.qubit,6,0,2540,2669,2,first_grad,14,0.000958500
main,ctrl_n6,control,default.qubit,6,0,2540,2669,2,second_grad,14,0.001742600
main,ctrl_n6,control,default.qubit,6,0,2540,2669,2,param_grad,14,0.005277200
main,deep,hybrid,default.qubit,4,4,2540,2601,1,forward,14,0.026222200
main,deep,hybrid,default.qubit,4,4,2540,2601,1,first_grad,14,0.051522800
main,deep,hybrid,default.qubit,4,4,2540,2601,1,second_grad,14,0.095225700
main,deep,hybrid,default.qubit,4,4,2540,2601,1,param_grad,14,0.202844100
main,ctrl_n4,control,default.qubit,4,0,2540,2537,2,forward,14,0.000660800
main,ctrl_n4,control,default.qubit,4,0,2540,2537,2,first_grad,14,0.001102300
main,ctrl_n4,control,default.qubit,4,0,2540,2537,2,second_grad,14,0.002038700
main,ctrl_n4,control,default.qubit,4,0,2540,2537,2,param_grad,14,0.004718400
main,wide,hybrid,default.qubit,6,2,2540,2717,2,forward,14,0.031735200
main,wide,hybrid,default.qubit,6,2,2540,2717,2,first_grad,14,0.076747300
main,wide,hybrid,default.qubit,6,2,2540,2717,2,second_grad,14,0.156968900
main,wide,hybrid,default.qubit,6,2,2540,2717,2,param_grad,14,0.401534400
main,classical,classical,default.qubit,,,2540,4353,0,forward,14,0.000539600
main,classical,classical,default.qubit,,,2540,4353,0,first_grad,14,0.000788200
main,classical,classical,default.qubit,,,2540,4353,0,second_grad,14,0.001586000
main,classical,classical,default.qubit,,,2540,4353,0,param_grad,14,0.004011000
main,deep,hybrid,default.qubit,4,4,2540,2601,0,forward,14,0.026016900
main,deep,hybrid,default.qubit,4,4,2540,2601,0,first_grad,14,0.056712000
main,deep,hybrid,default.qubit,4,4,2540,2601,0,second_grad,14,0.106488200
main,deep,hybrid,default.qubit,4,4,2540,2601,0,param_grad,14,0.215366700
main,narrow,hybrid,default.qubit,2,2,2540,2421,1,forward,14,0.008045700
main,narrow,hybrid,default.qubit,2,2,2540,2421,1,first_grad,14,0.011863600
main,narrow,hybrid,default.qubit,2,2,2540,2421,1,second_grad,14,0.023908000
main,narrow,hybrid,default.qubit,2,2,2540,2421,1,param_grad,14,0.043141200
main,ctrl_n4,control,default.qubit,4,0,2540,2537,0,forward,14,0.000730100
main,ctrl_n4,control,default.qubit,4,0,2540,2537,0,first_grad,14,0.001149100
main,ctrl_n4,control,default.qubit,4,0,2540,2537,0,second_grad,14,0.002082000
main,ctrl_n4,control,default.qubit,4,0,2540,2537,0,param_grad,14,0.004577100
main,wide,hybrid,default.qubit,6,2,2540,2717,0,forward,14,0.030347700
main,wide,hybrid,default.qubit,6,2,2540,2717,0,first_grad,14,0.081316600
main,wide,hybrid,default.qubit,6,2,2540,2717,0,second_grad,14,0.152900000
main,wide,hybrid,default.qubit,6,2,2540,2717,0,param_grad,14,0.394723800
main,baseline,hybrid,default.qubit,4,2,2540,2569,0,forward,14,0.016971000
main,baseline,hybrid,default.qubit,4,2,2540,2569,0,first_grad,14,0.031665900
main,baseline,hybrid,default.qubit,4,2,2540,2569,0,second_grad,14,0.064484800
main,baseline,hybrid,default.qubit,4,2,2540,2569,0,param_grad,14,0.126853000
main,classical,classical,default.qubit,,,2540,4353,1,forward,14,0.000515000
main,classical,classical,default.qubit,,,2540,4353,1,first_grad,14,0.000774000
main,classical,classical,default.qubit,,,2540,4353,1,second_grad,14,0.002008600
main,classical,classical,default.qubit,,,2540,4353,1,param_grad,14,0.004375400
main,classical,classical,default.qubit,,,2540,4353,2,forward,14,0.000512200
main,classical,classical,default.qubit,,,2540,4353,2,first_grad,14,0.000941000
main,classical,classical,default.qubit,,,2540,4353,2,second_grad,14,0.001669100
main,classical,classical,default.qubit,,,2540,4353,2,param_grad,14,0.004138700
main,ctrl_n2,control,default.qubit,2,0,2540,2405,2,forward,14,0.000703600
main,ctrl_n2,control,default.qubit,2,0,2540,2405,2,first_grad,14,0.001147600
main,ctrl_n2,control,default.qubit,2,0,2540,2405,2,second_grad,14,0.001928600
main,ctrl_n2,control,default.qubit,2,0,2540,2405,2,param_grad,14,0.004463900
main,ctrl_n2,control,default.qubit,2,0,2540,2405,1,forward,14,0.000698800
main,ctrl_n2,control,default.qubit,2,0,2540,2405,1,first_grad,14,0.001044900
main,ctrl_n2,control,default.qubit,2,0,2540,2405,1,second_grad,14,0.002229400
main,ctrl_n2,control,default.qubit,2,0,2540,2405,1,param_grad,14,0.005113200
main,ctrl_n4,control,default.qubit,4,0,2540,2537,1,forward,14,0.000660700
main,ctrl_n4,control,default.qubit,4,0,2540,2537,1,first_grad,14,0.000950400
main,ctrl_n4,control,default.qubit,4,0,2540,2537,1,second_grad,14,0.001981300
main,ctrl_n4,control,default.qubit,4,0,2540,2537,1,param_grad,14,0.004486100
main,ctrl_n6,control,default.qubit,6,0,2540,2669,1,forward,14,0.000710800
main,ctrl_n6,control,default.qubit,6,0,2540,2669,1,first_grad,14,0.001064100
main,ctrl_n6,control,default.qubit,6,0,2540,2669,1,second_grad,14,0.001961700
main,ctrl_n6,control,default.qubit,6,0,2540,2669,1,param_grad,14,0.004746000
main,narrow,hybrid,default.qubit,2,2,2540,2421,0,forward,14,0.007862800
main,narrow,hybrid,default.qubit,2,2,2540,2421,0,first_grad,14,0.011986600
main,narrow,hybrid,default.qubit,2,2,2540,2421,0,second_grad,14,0.018927500
main,narrow,hybrid,default.qubit,2,2,2540,2421,0,param_grad,14,0.042558600
main,baseline,hybrid,default.qubit,4,2,2540,2569,2,forward,14,0.015816400
main,baseline,hybrid,default.qubit,4,2,2540,2569,2,first_grad,14,0.029092700
main,baseline,hybrid,default.qubit,4,2,2540,2569,2,second_grad,14,0.059936200
main,baseline,hybrid,default.qubit,4,2,2540,2569,2,param_grad,14,0.131980100
main,wide,hybrid,default.qubit,6,2,2540,2717,1,forward,14,0.031658900
main,wide,hybrid,default.qubit,6,2,2540,2717,1,first_grad,14,0.081420300
main,wide,hybrid,default.qubit,6,2,2540,2717,1,second_grad,14,0.157411700
main,wide,hybrid,default.qubit,6,2,2540,2717,1,param_grad,14,0.391917100
main,baseline,hybrid,default.qubit,4,2,2540,2569,1,forward,14,0.017782600
main,baseline,hybrid,default.qubit,4,2,2540,2569,1,first_grad,14,0.031585300
main,baseline,hybrid,default.qubit,4,2,2540,2569,1,second_grad,14,0.061436700
main,baseline,hybrid,default.qubit,4,2,2540,2569,1,param_grad,14,0.128237000
main,narrow,hybrid,default.qubit,2,2,2540,2421,2,forward,14,0.007213100
main,narrow,hybrid,default.qubit,2,2,2540,2421,2,first_grad,14,0.011776200
main,narrow,hybrid,default.qubit,2,2,2540,2421,2,second_grad,14,0.022808600
main,narrow,hybrid,default.qubit,2,2,2540,2421,2,param_grad,14,0.042757500
main,ctrl_n4,control,default.qubit,4,0,2540,2537,1,forward,15,0.000725200
main,ctrl_n4,control,default.qubit,4,0,2540,2537,1,first_grad,15,0.001102600
main,ctrl_n4,control,default.qubit,4,0,2540,2537,1,second_grad,15,0.001933800
main,ctrl_n4,control,default.qubit,4,0,2540,2537,1,param_grad,15,0.004673100
main,wide,hybrid,default.qubit,6,2,2540,2717,1,forward,15,0.028867800
main,wide,hybrid,default.qubit,6,2,2540,2717,1,first_grad,15,0.075798500
main,wide,hybrid,default.qubit,6,2,2540,2717,1,second_grad,15,0.153905400
main,wide,hybrid,default.qubit,6,2,2540,2717,1,param_grad,15,0.400961600
main,ctrl_n2,control,default.qubit,2,0,2540,2405,2,forward,15,0.000627000
main,ctrl_n2,control,default.qubit,2,0,2540,2405,2,first_grad,15,0.000938100
main,ctrl_n2,control,default.qubit,2,0,2540,2405,2,second_grad,15,0.001835500
main,ctrl_n2,control,default.qubit,2,0,2540,2405,2,param_grad,15,0.003803600
main,classical,classical,default.qubit,,,2540,4353,0,forward,15,0.000634900
main,classical,classical,default.qubit,,,2540,4353,0,first_grad,15,0.000793800
main,classical,classical,default.qubit,,,2540,4353,0,second_grad,15,0.001632700
main,classical,classical,default.qubit,,,2540,4353,0,param_grad,15,0.004455400
main,ctrl_n6,control,default.qubit,6,0,2540,2669,0,forward,15,0.000699300
main,ctrl_n6,control,default.qubit,6,0,2540,2669,0,first_grad,15,0.001047700
main,ctrl_n6,control,default.qubit,6,0,2540,2669,0,second_grad,15,0.001857900
main,ctrl_n6,control,default.qubit,6,0,2540,2669,0,param_grad,15,0.003870000
main,deep,hybrid,default.qubit,4,4,2540,2601,1,forward,15,0.024275400
main,deep,hybrid,default.qubit,4,4,2540,2601,1,first_grad,15,0.054583800
main,deep,hybrid,default.qubit,4,4,2540,2601,1,second_grad,15,0.100607500
main,deep,hybrid,default.qubit,4,4,2540,2601,1,param_grad,15,0.208414700
main,wide,hybrid,default.qubit,6,2,2540,2717,0,forward,15,0.029804100
main,wide,hybrid,default.qubit,6,2,2540,2717,0,first_grad,15,0.080149500
main,wide,hybrid,default.qubit,6,2,2540,2717,0,second_grad,15,0.154923000
main,wide,hybrid,default.qubit,6,2,2540,2717,0,param_grad,15,0.394384100
main,baseline,hybrid,default.qubit,4,2,2540,2569,2,forward,15,0.015626300
main,baseline,hybrid,default.qubit,4,2,2540,2569,2,first_grad,15,0.030897600
main,baseline,hybrid,default.qubit,4,2,2540,2569,2,second_grad,15,0.062498200
main,baseline,hybrid,default.qubit,4,2,2540,2569,2,param_grad,15,0.126723700
main,ctrl_n2,control,default.qubit,2,0,2540,2405,1,forward,15,0.000706200
main,ctrl_n2,control,default.qubit,2,0,2540,2405,1,first_grad,15,0.001054100
main,ctrl_n2,control,default.qubit,2,0,2540,2405,1,second_grad,15,0.002118000
main,ctrl_n2,control,default.qubit,2,0,2540,2405,1,param_grad,15,0.005369200
main,ctrl_n6,control,default.qubit,6,0,2540,2669,2,forward,15,0.000660300
main,ctrl_n6,control,default.qubit,6,0,2540,2669,2,first_grad,15,0.000984000
main,ctrl_n6,control,default.qubit,6,0,2540,2669,2,second_grad,15,0.001748000
main,ctrl_n6,control,default.qubit,6,0,2540,2669,2,param_grad,15,0.004166000
main,narrow,hybrid,default.qubit,2,2,2540,2421,2,forward,15,0.007768700
main,narrow,hybrid,default.qubit,2,2,2540,2421,2,first_grad,15,0.011677400
main,narrow,hybrid,default.qubit,2,2,2540,2421,2,second_grad,15,0.022969000
main,narrow,hybrid,default.qubit,2,2,2540,2421,2,param_grad,15,0.035977400
main,ctrl_n4,control,default.qubit,4,0,2540,2537,0,forward,15,0.000688800
main,ctrl_n4,control,default.qubit,4,0,2540,2537,0,first_grad,15,0.001108700
main,ctrl_n4,control,default.qubit,4,0,2540,2537,0,second_grad,15,0.002036900
main,ctrl_n4,control,default.qubit,4,0,2540,2537,0,param_grad,15,0.005407600
main,classical,classical,default.qubit,,,2540,4353,2,forward,15,0.000524700
main,classical,classical,default.qubit,,,2540,4353,2,first_grad,15,0.000815200
main,classical,classical,default.qubit,,,2540,4353,2,second_grad,15,0.001469000
main,classical,classical,default.qubit,,,2540,4353,2,param_grad,15,0.003576300
main,ctrl_n6,control,default.qubit,6,0,2540,2669,1,forward,15,0.000802600
main,ctrl_n6,control,default.qubit,6,0,2540,2669,1,first_grad,15,0.001141000
main,ctrl_n6,control,default.qubit,6,0,2540,2669,1,second_grad,15,0.002383400
main,ctrl_n6,control,default.qubit,6,0,2540,2669,1,param_grad,15,0.005452800
main,narrow,hybrid,default.qubit,2,2,2540,2421,1,forward,15,0.007780000
main,narrow,hybrid,default.qubit,2,2,2540,2421,1,first_grad,15,0.010234800
main,narrow,hybrid,default.qubit,2,2,2540,2421,1,second_grad,15,0.020834500
main,narrow,hybrid,default.qubit,2,2,2540,2421,1,param_grad,15,0.044793800
main,deep,hybrid,default.qubit,4,4,2540,2601,0,forward,15,0.027120300
main,deep,hybrid,default.qubit,4,4,2540,2601,0,first_grad,15,0.052985500
main,deep,hybrid,default.qubit,4,4,2540,2601,0,second_grad,15,0.101577000
main,deep,hybrid,default.qubit,4,4,2540,2601,0,param_grad,15,0.212448900
main,ctrl_n2,control,default.qubit,2,0,2540,2405,0,forward,15,0.000641800
main,ctrl_n2,control,default.qubit,2,0,2540,2405,0,first_grad,15,0.000938000
main,ctrl_n2,control,default.qubit,2,0,2540,2405,0,second_grad,15,0.001616300
main,ctrl_n2,control,default.qubit,2,0,2540,2405,0,param_grad,15,0.004251400
main,classical,classical,default.qubit,,,2540,4353,1,forward,15,0.000540700
main,classical,classical,default.qubit,,,2540,4353,1,first_grad,15,0.000836200
main,classical,classical,default.qubit,,,2540,4353,1,second_grad,15,0.001929000
main,classical,classical,default.qubit,,,2540,4353,1,param_grad,15,0.004069500
main,deep,hybrid,default.qubit,4,4,2540,2601,2,forward,15,0.025755300
main,deep,hybrid,default.qubit,4,4,2540,2601,2,first_grad,15,0.053932500
main,deep,hybrid,default.qubit,4,4,2540,2601,2,second_grad,15,0.097375900
main,deep,hybrid,default.qubit,4,4,2540,2601,2,param_grad,15,0.213336400
main,narrow,hybrid,default.qubit,2,2,2540,2421,0,forward,15,0.007979100
main,narrow,hybrid,default.qubit,2,2,2540,2421,0,first_grad,15,0.012015700
main,narrow,hybrid,default.qubit,2,2,2540,2421,0,second_grad,15,0.022285400
main,narrow,hybrid,default.qubit,2,2,2540,2421,0,param_grad,15,0.046292200
main,wide,hybrid,default.qubit,6,2,2540,2717,2,forward,15,0.030646000
main,wide,hybrid,default.qubit,6,2,2540,2717,2,first_grad,15,0.084022900
main,wide,hybrid,default.qubit,6,2,2540,2717,2,second_grad,15,0.152813200
main,wide,hybrid,default.qubit,6,2,2540,2717,2,param_grad,15,0.394858100
main,baseline,hybrid,default.qubit,4,2,2540,2569,1,forward,15,0.016780200
main,baseline,hybrid,default.qubit,4,2,2540,2569,1,first_grad,15,0.028847900
main,baseline,hybrid,default.qubit,4,2,2540,2569,1,second_grad,15,0.063113100
main,baseline,hybrid,default.qubit,4,2,2540,2569,1,param_grad,15,0.138035100
main,baseline,hybrid,default.qubit,4,2,2540,2569,0,forward,15,0.016304400
main,baseline,hybrid,default.qubit,4,2,2540,2569,0,first_grad,15,0.034124400
main,baseline,hybrid,default.qubit,4,2,2540,2569,0,second_grad,15,0.064407800
main,baseline,hybrid,default.qubit,4,2,2540,2569,0,param_grad,15,0.134670100
main,ctrl_n4,control,default.qubit,4,0,2540,2537,2,forward,15,0.000827900
main,ctrl_n4,control,default.qubit,4,0,2540,2537,2,first_grad,15,0.001141900
main,ctrl_n4,control,default.qubit,4,0,2540,2537,2,second_grad,15,0.002000600
main,ctrl_n4,control,default.qubit,4,0,2540,2537,2,param_grad,15,0.005363200
main,deep,hybrid,default.qubit,4,4,2540,2601,0,forward,16,0.027124400
main,deep,hybrid,default.qubit,4,4,2540,2601,0,first_grad,16,0.052181300
main,deep,hybrid,default.qubit,4,4,2540,2601,0,second_grad,16,0.104331600
main,deep,hybrid,default.qubit,4,4,2540,2601,0,param_grad,16,0.214065700
main,ctrl_n4,control,default.qubit,4,0,2540,2537,2,forward,16,0.000742300
main,ctrl_n4,control,default.qubit,4,0,2540,2537,2,first_grad,16,0.001207500
main,ctrl_n4,control,default.qubit,4,0,2540,2537,2,second_grad,16,0.002182200
main,ctrl_n4,control,default.qubit,4,0,2540,2537,2,param_grad,16,0.004731300
main,ctrl_n4,control,default.qubit,4,0,2540,2537,1,forward,16,0.000692700
main,ctrl_n4,control,default.qubit,4,0,2540,2537,1,first_grad,16,0.001091600
main,ctrl_n4,control,default.qubit,4,0,2540,2537,1,second_grad,16,0.002253000
main,ctrl_n4,control,default.qubit,4,0,2540,2537,1,param_grad,16,0.004730500
main,classical,classical,default.qubit,,,2540,4353,0,forward,16,0.000525500
main,classical,classical,default.qubit,,,2540,4353,0,first_grad,16,0.000814000
main,classical,classical,default.qubit,,,2540,4353,0,second_grad,16,0.001735300
main,classical,classical,default.qubit,,,2540,4353,0,param_grad,16,0.004806900
main,ctrl_n4,control,default.qubit,4,0,2540,2537,0,forward,16,0.000833400
main,ctrl_n4,control,default.qubit,4,0,2540,2537,0,first_grad,16,0.001156400
main,ctrl_n4,control,default.qubit,4,0,2540,2537,0,second_grad,16,0.002150100
main,ctrl_n4,control,default.qubit,4,0,2540,2537,0,param_grad,16,0.004674100
main,ctrl_n6,control,default.qubit,6,0,2540,2669,1,forward,16,0.000712900
main,ctrl_n6,control,default.qubit,6,0,2540,2669,1,first_grad,16,0.001054800
main,ctrl_n6,control,default.qubit,6,0,2540,2669,1,second_grad,16,0.001932600
main,ctrl_n6,control,default.qubit,6,0,2540,2669,1,param_grad,16,0.004815700
main,wide,hybrid,default.qubit,6,2,2540,2717,2,forward,16,0.031698200
main,wide,hybrid,default.qubit,6,2,2540,2717,2,first_grad,16,0.081085600
main,wide,hybrid,default.qubit,6,2,2540,2717,2,second_grad,16,0.157952300
main,wide,hybrid,default.qubit,6,2,2540,2717,2,param_grad,16,0.418135300
main,baseline,hybrid,default.qubit,4,2,2540,2569,2,forward,16,0.018361300
main,baseline,hybrid,default.qubit,4,2,2540,2569,2,first_grad,16,0.031673200
main,baseline,hybrid,default.qubit,4,2,2540,2569,2,second_grad,16,0.062974900
main,baseline,hybrid,default.qubit,4,2,2540,2569,2,param_grad,16,0.131314700
main,deep,hybrid,default.qubit,4,4,2540,2601,2,forward,16,0.027161600
main,deep,hybrid,default.qubit,4,4,2540,2601,2,first_grad,16,0.049458300
main,deep,hybrid,default.qubit,4,4,2540,2601,2,second_grad,16,0.105927200
main,deep,hybrid,default.qubit,4,4,2540,2601,2,param_grad,16,0.218728700
main,narrow,hybrid,default.qubit,2,2,2540,2421,0,forward,16,0.007544400
main,narrow,hybrid,default.qubit,2,2,2540,2421,0,first_grad,16,0.012086200
main,narrow,hybrid,default.qubit,2,2,2540,2421,0,second_grad,16,0.023858100
main,narrow,hybrid,default.qubit,2,2,2540,2421,0,param_grad,16,0.042466400
main,wide,hybrid,default.qubit,6,2,2540,2717,1,forward,16,0.030810200
main,wide,hybrid,default.qubit,6,2,2540,2717,1,first_grad,16,0.083796900
main,wide,hybrid,default.qubit,6,2,2540,2717,1,second_grad,16,0.155180400
main,wide,hybrid,default.qubit,6,2,2540,2717,1,param_grad,16,0.408605700
main,ctrl_n2,control,default.qubit,2,0,2540,2405,0,forward,16,0.000663500
main,ctrl_n2,control,default.qubit,2,0,2540,2405,0,first_grad,16,0.001275400
main,ctrl_n2,control,default.qubit,2,0,2540,2405,0,second_grad,16,0.002170300
main,ctrl_n2,control,default.qubit,2,0,2540,2405,0,param_grad,16,0.005962900
main,narrow,hybrid,default.qubit,2,2,2540,2421,2,forward,16,0.007921500
main,narrow,hybrid,default.qubit,2,2,2540,2421,2,first_grad,16,0.011504400
main,narrow,hybrid,default.qubit,2,2,2540,2421,2,second_grad,16,0.020142500
main,narrow,hybrid,default.qubit,2,2,2540,2421,2,param_grad,16,0.043549800
main,ctrl_n6,control,default.qubit,6,0,2540,2669,0,forward,16,0.000800800
main,ctrl_n6,control,default.qubit,6,0,2540,2669,0,first_grad,16,0.000981700
main,ctrl_n6,control,default.qubit,6,0,2540,2669,0,second_grad,16,0.001729200
main,ctrl_n6,control,default.qubit,6,0,2540,2669,0,param_grad,16,0.004252500
main,classical,classical,default.qubit,,,2540,4353,1,forward,16,0.000572600
main,classical,classical,default.qubit,,,2540,4353,1,first_grad,16,0.000912300
main,classical,classical,default.qubit,,,2540,4353,1,second_grad,16,0.001734700
main,classical,classical,default.qubit,,,2540,4353,1,param_grad,16,0.004615700
main,ctrl_n6,control,default.qubit,6,0,2540,2669,2,forward,16,0.000697600
main,ctrl_n6,control,default.qubit,6,0,2540,2669,2,first_grad,16,0.001059400
main,ctrl_n6,control,default.qubit,6,0,2540,2669,2,second_grad,16,0.002044600
main,ctrl_n6,control,default.qubit,6,0,2540,2669,2,param_grad,16,0.004230400
main,wide,hybrid,default.qubit,6,2,2540,2717,0,forward,16,0.030347900
main,wide,hybrid,default.qubit,6,2,2540,2717,0,first_grad,16,0.083468900
main,wide,hybrid,default.qubit,6,2,2540,2717,0,second_grad,16,0.153587100
main,wide,hybrid,default.qubit,6,2,2540,2717,0,param_grad,16,0.395981600
main,ctrl_n2,control,default.qubit,2,0,2540,2405,1,forward,16,0.000853100
main,ctrl_n2,control,default.qubit,2,0,2540,2405,1,first_grad,16,0.001115700
main,ctrl_n2,control,default.qubit,2,0,2540,2405,1,second_grad,16,0.001800400
main,ctrl_n2,control,default.qubit,2,0,2540,2405,1,param_grad,16,0.003963600
main,ctrl_n2,control,default.qubit,2,0,2540,2405,2,forward,16,0.000725200
main,ctrl_n2,control,default.qubit,2,0,2540,2405,2,first_grad,16,0.001076400
main,ctrl_n2,control,default.qubit,2,0,2540,2405,2,second_grad,16,0.001982600
main,ctrl_n2,control,default.qubit,2,0,2540,2405,2,param_grad,16,0.005371200
main,baseline,hybrid,default.qubit,4,2,2540,2569,1,forward,16,0.016458000
main,baseline,hybrid,default.qubit,4,2,2540,2569,1,first_grad,16,0.030953100
main,baseline,hybrid,default.qubit,4,2,2540,2569,1,second_grad,16,0.063268900
main,baseline,hybrid,default.qubit,4,2,2540,2569,1,param_grad,16,0.127500200
main,deep,hybrid,default.qubit,4,4,2540,2601,1,forward,16,0.027337600
main,deep,hybrid,default.qubit,4,4,2540,2601,1,first_grad,16,0.051240500
main,deep,hybrid,default.qubit,4,4,2540,2601,1,second_grad,16,0.102793200
main,deep,hybrid,default.qubit,4,4,2540,2601,1,param_grad,16,0.205336000
main,narrow,hybrid,default.qubit,2,2,2540,2421,1,forward,16,0.007496200
main,narrow,hybrid,default.qubit,2,2,2540,2421,1,first_grad,16,0.010138400
main,narrow,hybrid,default.qubit,2,2,2540,2421,1,second_grad,16,0.018162000
main,narrow,hybrid,default.qubit,2,2,2540,2421,1,param_grad,16,0.047226400
main,baseline,hybrid,default.qubit,4,2,2540,2569,0,forward,16,0.016728700
main,baseline,hybrid,default.qubit,4,2,2540,2569,0,first_grad,16,0.028593200
main,baseline,hybrid,default.qubit,4,2,2540,2569,0,second_grad,16,0.066432600
main,baseline,hybrid,default.qubit,4,2,2540,2569,0,param_grad,16,0.126987200
main,classical,classical,default.qubit,,,2540,4353,2,forward,16,0.000572300
main,classical,classical,default.qubit,,,2540,4353,2,first_grad,16,0.000882900
main,classical,classical,default.qubit,,,2540,4353,2,second_grad,16,0.001465500
main,classical,classical,default.qubit,,,2540,4353,2,param_grad,16,0.004120900
main,deep,hybrid,default.qubit,4,4,2540,2601,2,forward,17,0.027451000
main,deep,hybrid,default.qubit,4,4,2540,2601,2,first_grad,17,0.051481300
main,deep,hybrid,default.qubit,4,4,2540,2601,2,second_grad,17,0.096165700
main,deep,hybrid,default.qubit,4,4,2540,2601,2,param_grad,17,0.211397100
main,narrow,hybrid,default.qubit,2,2,2540,2421,1,forward,17,0.008380500
main,narrow,hybrid,default.qubit,2,2,2540,2421,1,first_grad,17,0.011977500
main,narrow,hybrid,default.qubit,2,2,2540,2421,1,second_grad,17,0.022429800
main,narrow,hybrid,default.qubit,2,2,2540,2421,1,param_grad,17,0.041024700
main,classical,classical,default.qubit,,,2540,4353,1,forward,17,0.000579300
main,classical,classical,default.qubit,,,2540,4353,1,first_grad,17,0.000777200
main,classical,classical,default.qubit,,,2540,4353,1,second_grad,17,0.001498400
main,classical,classical,default.qubit,,,2540,4353,1,param_grad,17,0.003962600
main,wide,hybrid,default.qubit,6,2,2540,2717,2,forward,17,0.033681300
main,wide,hybrid,default.qubit,6,2,2540,2717,2,first_grad,17,0.079114600
main,wide,hybrid,default.qubit,6,2,2540,2717,2,second_grad,17,0.154048100
main,wide,hybrid,default.qubit,6,2,2540,2717,2,param_grad,17,0.398106300
main,ctrl_n6,control,default.qubit,6,0,2540,2669,1,forward,17,0.000767200
main,ctrl_n6,control,default.qubit,6,0,2540,2669,1,first_grad,17,0.001108500
main,ctrl_n6,control,default.qubit,6,0,2540,2669,1,second_grad,17,0.002161600
main,ctrl_n6,control,default.qubit,6,0,2540,2669,1,param_grad,17,0.005579900
main,ctrl_n6,control,default.qubit,6,0,2540,2669,0,forward,17,0.000750500
main,ctrl_n6,control,default.qubit,6,0,2540,2669,0,first_grad,17,0.001129000
main,ctrl_n6,control,default.qubit,6,0,2540,2669,0,second_grad,17,0.002129600
main,ctrl_n6,control,default.qubit,6,0,2540,2669,0,param_grad,17,0.005641300
main,ctrl_n4,control,default.qubit,4,0,2540,2537,2,forward,17,0.000693500
main,ctrl_n4,control,default.qubit,4,0,2540,2537,2,first_grad,17,0.001062000
main,ctrl_n4,control,default.qubit,4,0,2540,2537,2,second_grad,17,0.002203600
main,ctrl_n4,control,default.qubit,4,0,2540,2537,2,param_grad,17,0.004596900
main,baseline,hybrid,default.qubit,4,2,2540,2569,1,forward,17,0.017039300
main,baseline,hybrid,default.qubit,4,2,2540,2569,1,first_grad,17,0.030057900
main,baseline,hybrid,default.qubit,4,2,2540,2569,1,second_grad,17,0.063982800
main,baseline,hybrid,default.qubit,4,2,2540,2569,1,param_grad,17,0.128092100
main,narrow,hybrid,default.qubit,2,2,2540,2421,0,forward,17,0.006966200
main,narrow,hybrid,default.qubit,2,2,2540,2421,0,first_grad,17,0.010391400
main,narrow,hybrid,default.qubit,2,2,2540,2421,0,second_grad,17,0.022213200
main,narrow,hybrid,default.qubit,2,2,2540,2421,0,param_grad,17,0.041602700
main,ctrl_n2,control,default.qubit,2,0,2540,2405,1,forward,17,0.000621700
main,ctrl_n2,control,default.qubit,2,0,2540,2405,1,first_grad,17,0.000898400
main,ctrl_n2,control,default.qubit,2,0,2540,2405,1,second_grad,17,0.001786700
main,ctrl_n2,control,default.qubit,2,0,2540,2405,1,param_grad,17,0.003784900
main,ctrl_n4,control,default.qubit,4,0,2540,2537,0,forward,17,0.000771300
main,ctrl_n4,control,default.qubit,4,0,2540,2537,0,first_grad,17,0.001115900
main,ctrl_n4,control,default.qubit,4,0,2540,2537,0,second_grad,17,0.001983100
main,ctrl_n4,control,default.qubit,4,0,2540,2537,0,param_grad,17,0.006223400
main,classical,classical,default.qubit,,,2540,4353,0,forward,17,0.000528000
main,classical,classical,default.qubit,,,2540,4353,0,first_grad,17,0.000767600
main,classical,classical,default.qubit,,,2540,4353,0,second_grad,17,0.001981500
main,classical,classical,default.qubit,,,2540,4353,0,param_grad,17,0.004635000
main,ctrl_n4,control,default.qubit,4,0,2540,2537,1,forward,17,0.000614000
main,ctrl_n4,control,default.qubit,4,0,2540,2537,1,first_grad,17,0.001063100
main,ctrl_n4,control,default.qubit,4,0,2540,2537,1,second_grad,17,0.001767800
main,ctrl_n4,control,default.qubit,4,0,2540,2537,1,param_grad,17,0.004311100
main,wide,hybrid,default.qubit,6,2,2540,2717,1,forward,17,0.031489900
main,wide,hybrid,default.qubit,6,2,2540,2717,1,first_grad,17,0.081738200
main,wide,hybrid,default.qubit,6,2,2540,2717,1,second_grad,17,0.158224300
main,wide,hybrid,default.qubit,6,2,2540,2717,1,param_grad,17,0.390736400
main,wide,hybrid,default.qubit,6,2,2540,2717,0,forward,17,0.034961400
main,wide,hybrid,default.qubit,6,2,2540,2717,0,first_grad,17,0.081871100
main,wide,hybrid,default.qubit,6,2,2540,2717,0,second_grad,17,0.150127300
main,wide,hybrid,default.qubit,6,2,2540,2717,0,param_grad,17,0.381058600
main,classical,classical,default.qubit,,,2540,4353,2,forward,17,0.000514200
main,classical,classical,default.qubit,,,2540,4353,2,first_grad,17,0.000851600
main,classical,classical,default.qubit,,,2540,4353,2,second_grad,17,0.001514400
main,classical,classical,default.qubit,,,2540,4353,2,param_grad,17,0.003934400
main,narrow,hybrid,default.qubit,2,2,2540,2421,2,forward,17,0.008179400
main,narrow,hybrid,default.qubit,2,2,2540,2421,2,first_grad,17,0.012020600
main,narrow,hybrid,default.qubit,2,2,2540,2421,2,second_grad,17,0.021192800
main,narrow,hybrid,default.qubit,2,2,2540,2421,2,param_grad,17,0.043174100
main,baseline,hybrid,default.qubit,4,2,2540,2569,0,forward,17,0.016499700
main,baseline,hybrid,default.qubit,4,2,2540,2569,0,first_grad,17,0.030916900
main,baseline,hybrid,default.qubit,4,2,2540,2569,0,second_grad,17,0.066120200
main,baseline,hybrid,default.qubit,4,2,2540,2569,0,param_grad,17,0.128444200
main,deep,hybrid,default.qubit,4,4,2540,2601,1,forward,17,0.027187400
main,deep,hybrid,default.qubit,4,4,2540,2601,1,first_grad,17,0.049968100
main,deep,hybrid,default.qubit,4,4,2540,2601,1,second_grad,17,0.100841400
main,deep,hybrid,default.qubit,4,4,2540,2601,1,param_grad,17,0.212720000
main,baseline,hybrid,default.qubit,4,2,2540,2569,2,forward,17,0.016539200
main,baseline,hybrid,default.qubit,4,2,2540,2569,2,first_grad,17,0.032845300
main,baseline,hybrid,default.qubit,4,2,2540,2569,2,second_grad,17,0.062787900
main,baseline,hybrid,default.qubit,4,2,2540,2569,2,param_grad,17,0.125752400
main,ctrl_n2,control,default.qubit,2,0,2540,2405,0,forward,17,0.000734400
main,ctrl_n2,control,default.qubit,2,0,2540,2405,0,first_grad,17,0.001070700
main,ctrl_n2,control,default.qubit,2,0,2540,2405,0,second_grad,17,0.002040200
main,ctrl_n2,control,default.qubit,2,0,2540,2405,0,param_grad,17,0.005018700
main,deep,hybrid,default.qubit,4,4,2540,2601,0,forward,17,0.027082100
main,deep,hybrid,default.qubit,4,4,2540,2601,0,first_grad,17,0.048002900
main,deep,hybrid,default.qubit,4,4,2540,2601,0,second_grad,17,0.095229800
main,deep,hybrid,default.qubit,4,4,2540,2601,0,param_grad,17,0.216312700
main,ctrl_n2,control,default.qubit,2,0,2540,2405,2,forward,17,0.000691900
main,ctrl_n2,control,default.qubit,2,0,2540,2405,2,first_grad,17,0.001207400
main,ctrl_n2,control,default.qubit,2,0,2540,2405,2,second_grad,17,0.002185100
main,ctrl_n2,control,default.qubit,2,0,2540,2405,2,param_grad,17,0.005116300
main,ctrl_n6,control,default.qubit,6,0,2540,2669,2,forward,17,0.000689400
main,ctrl_n6,control,default.qubit,6,0,2540,2669,2,first_grad,17,0.001094100
main,ctrl_n6,control,default.qubit,6,0,2540,2669,2,second_grad,17,0.002330200
main,ctrl_n6,control,default.qubit,6,0,2540,2669,2,param_grad,17,0.004741300
main,deep,hybrid,default.qubit,4,4,2540,2601,1,forward,18,0.026933000
main,deep,hybrid,default.qubit,4,4,2540,2601,1,first_grad,18,0.050719400
main,deep,hybrid,default.qubit,4,4,2540,2601,1,second_grad,18,0.103500700
main,deep,hybrid,default.qubit,4,4,2540,2601,1,param_grad,18,0.208600900
main,deep,hybrid,default.qubit,4,4,2540,2601,0,forward,18,0.026539900
main,deep,hybrid,default.qubit,4,4,2540,2601,0,first_grad,18,0.051929400
main,deep,hybrid,default.qubit,4,4,2540,2601,0,second_grad,18,0.093673200
main,deep,hybrid,default.qubit,4,4,2540,2601,0,param_grad,18,0.210975900
main,ctrl_n6,control,default.qubit,6,0,2540,2669,1,forward,18,0.000733900
main,ctrl_n6,control,default.qubit,6,0,2540,2669,1,first_grad,18,0.001023400
main,ctrl_n6,control,default.qubit,6,0,2540,2669,1,second_grad,18,0.002294100
main,ctrl_n6,control,default.qubit,6,0,2540,2669,1,param_grad,18,0.004659600
main,ctrl_n4,control,default.qubit,4,0,2540,2537,2,forward,18,0.000708700
main,ctrl_n4,control,default.qubit,4,0,2540,2537,2,first_grad,18,0.001080500
main,ctrl_n4,control,default.qubit,4,0,2540,2537,2,second_grad,18,0.002111300
main,ctrl_n4,control,default.qubit,4,0,2540,2537,2,param_grad,18,0.004835300
main,ctrl_n4,control,default.qubit,4,0,2540,2537,1,forward,18,0.000710700
main,ctrl_n4,control,default.qubit,4,0,2540,2537,1,first_grad,18,0.001096600
main,ctrl_n4,control,default.qubit,4,0,2540,2537,1,second_grad,18,0.002117400
main,ctrl_n4,control,default.qubit,4,0,2540,2537,1,param_grad,18,0.004869200
main,narrow,hybrid,default.qubit,2,2,2540,2421,1,forward,18,0.007871600
main,narrow,hybrid,default.qubit,2,2,2540,2421,1,first_grad,18,0.011993000
main,narrow,hybrid,default.qubit,2,2,2540,2421,1,second_grad,18,0.024074700
main,narrow,hybrid,default.qubit,2,2,2540,2421,1,param_grad,18,0.047503000
main,baseline,hybrid,default.qubit,4,2,2540,2569,1,forward,18,0.016617500
main,baseline,hybrid,default.qubit,4,2,2540,2569,1,first_grad,18,0.033957700
main,baseline,hybrid,default.qubit,4,2,2540,2569,1,second_grad,18,0.068278000
main,baseline,hybrid,default.qubit,4,2,2540,2569,1,param_grad,18,0.131457900
main,wide,hybrid,default.qubit,6,2,2540,2717,0,forward,18,0.029480100
main,wide,hybrid,default.qubit,6,2,2540,2717,0,first_grad,18,0.081096300
main,wide,hybrid,default.qubit,6,2,2540,2717,0,second_grad,18,0.150040200
main,wide,hybrid,default.qubit,6,2,2540,2717,0,param_grad,18,0.412396800
main,deep,hybrid,default.qubit,4,4,2540,2601,2,forward,18,0.028099700
main,deep,hybrid,default.qubit,4,4,2540,2601,2,first_grad,18,0.061695400
main,deep,hybrid,default.qubit,4,4,2540,2601,2,second_grad,18,0.103201900
main,deep,hybrid,default.qubit,4,4,2540,2601,2,param_grad,18,0.204570500
main,wide,hybrid,default.qubit,6,2,2540,2717,2,forward,18,0.029900100
main,wide,hybrid,default.qubit,6,2,2540,2717,2,first_grad,18,0.075374800
main,wide,hybrid,default.qubit,6,2,2540,2717,2,second_grad,18,0.156139100
main,wide,hybrid,default.qubit,6,2,2540,2717,2,param_grad,18,0.397486200
main,classical,classical,default.qubit,,,2540,4353,0,forward,18,0.000534000
main,classical,classical,default.qubit,,,2540,4353,0,first_grad,18,0.000861700
main,classical,classical,default.qubit,,,2540,4353,0,second_grad,18,0.001686000
main,classical,classical,default.qubit,,,2540,4353,0,param_grad,18,0.003963300
main,ctrl_n2,control,default.qubit,2,0,2540,2405,2,forward,18,0.000779200
main,ctrl_n2,control,default.qubit,2,0,2540,2405,2,first_grad,18,0.000957400
main,ctrl_n2,control,default.qubit,2,0,2540,2405,2,second_grad,18,0.001731700
main,ctrl_n2,control,default.qubit,2,0,2540,2405,2,param_grad,18,0.004915200
main,classical,classical,default.qubit,,,2540,4353,2,forward,18,0.000598800
main,classical,classical,default.qubit,,,2540,4353,2,first_grad,18,0.000804300
main,classical,classical,default.qubit,,,2540,4353,2,second_grad,18,0.001893300
main,classical,classical,default.qubit,,,2540,4353,2,param_grad,18,0.005020300
main,narrow,hybrid,default.qubit,2,2,2540,2421,0,forward,18,0.007141100
main,narrow,hybrid,default.qubit,2,2,2540,2421,0,first_grad,18,0.011231200
main,narrow,hybrid,default.qubit,2,2,2540,2421,0,second_grad,18,0.020174900
main,narrow,hybrid,default.qubit,2,2,2540,2421,0,param_grad,18,0.044245100
main,narrow,hybrid,default.qubit,2,2,2540,2421,2,forward,18,0.007697200
main,narrow,hybrid,default.qubit,2,2,2540,2421,2,first_grad,18,0.011644600
main,narrow,hybrid,default.qubit,2,2,2540,2421,2,second_grad,18,0.021337600
main,narrow,hybrid,default.qubit,2,2,2540,2421,2,param_grad,18,0.043840000
main,ctrl_n4,control,default.qubit,4,0,2540,2537,0,forward,18,0.000685100
main,ctrl_n4,control,default.qubit,4,0,2540,2537,0,first_grad,18,0.001137600
main,ctrl_n4,control,default.qubit,4,0,2540,2537,0,second_grad,18,0.001885600
main,ctrl_n4,control,default.qubit,4,0,2540,2537,0,param_grad,18,0.004504800
main,ctrl_n6,control,default.qubit,6,0,2540,2669,2,forward,18,0.000650800
main,ctrl_n6,control,default.qubit,6,0,2540,2669,2,first_grad,18,0.000967300
main,ctrl_n6,control,default.qubit,6,0,2540,2669,2,second_grad,18,0.002041700
main,ctrl_n6,control,default.qubit,6,0,2540,2669,2,param_grad,18,0.004273700
main,ctrl_n2,control,default.qubit,2,0,2540,2405,0,forward,18,0.000687200
main,ctrl_n2,control,default.qubit,2,0,2540,2405,0,first_grad,18,0.001053300
main,ctrl_n2,control,default.qubit,2,0,2540,2405,0,second_grad,18,0.001865200
main,ctrl_n2,control,default.qubit,2,0,2540,2405,0,param_grad,18,0.004518300
main,baseline,hybrid,default.qubit,4,2,2540,2569,2,forward,18,0.016378400
main,baseline,hybrid,default.qubit,4,2,2540,2569,2,first_grad,18,0.029771300
main,baseline,hybrid,default.qubit,4,2,2540,2569,2,second_grad,18,0.060816000
main,baseline,hybrid,default.qubit,4,2,2540,2569,2,param_grad,18,0.127905100
main,classical,classical,default.qubit,,,2540,4353,1,forward,18,0.000600500
main,classical,classical,default.qubit,,,2540,4353,1,first_grad,18,0.000911800
main,classical,classical,default.qubit,,,2540,4353,1,second_grad,18,0.001580500
main,classical,classical,default.qubit,,,2540,4353,1,param_grad,18,0.004181900
main,ctrl_n6,control,default.qubit,6,0,2540,2669,0,forward,18,0.000646700
main,ctrl_n6,control,default.qubit,6,0,2540,2669,0,first_grad,18,0.000981900
main,ctrl_n6,control,default.qubit,6,0,2540,2669,0,second_grad,18,0.001980800
main,ctrl_n6,control,default.qubit,6,0,2540,2669,0,param_grad,18,0.005426300
main,wide,hybrid,default.qubit,6,2,2540,2717,1,forward,18,0.031143000
main,wide,hybrid,default.qubit,6,2,2540,2717,1,first_grad,18,0.078070800
main,wide,hybrid,default.qubit,6,2,2540,2717,1,second_grad,18,0.154728200
main,wide,hybrid,default.qubit,6,2,2540,2717,1,param_grad,18,0.404884300
main,baseline,hybrid,default.qubit,4,2,2540,2569,0,forward,18,0.016780500
main,baseline,hybrid,default.qubit,4,2,2540,2569,0,first_grad,18,0.029161800
main,baseline,hybrid,default.qubit,4,2,2540,2569,0,second_grad,18,0.062162000
main,baseline,hybrid,default.qubit,4,2,2540,2569,0,param_grad,18,0.128306200
main,ctrl_n2,control,default.qubit,2,0,2540,2405,1,forward,18,0.000715100
main,ctrl_n2,control,default.qubit,2,0,2540,2405,1,first_grad,18,0.001107200
main,ctrl_n2,control,default.qubit,2,0,2540,2405,1,second_grad,18,0.002036200
main,ctrl_n2,control,default.qubit,2,0,2540,2405,1,param_grad,18,0.005068600
main,baseline,hybrid,default.qubit,4,2,2540,2569,2,forward,19,0.016900600
main,baseline,hybrid,default.qubit,4,2,2540,2569,2,first_grad,19,0.031416300
main,baseline,hybrid,default.qubit,4,2,2540,2569,2,second_grad,19,0.061477900
main,baseline,hybrid,default.qubit,4,2,2540,2569,2,param_grad,19,0.127863200
main,classical,classical,default.qubit,,,2540,4353,0,forward,19,0.000502900
main,classical,classical,default.qubit,,,2540,4353,0,first_grad,19,0.000739600
main,classical,classical,default.qubit,,,2540,4353,0,second_grad,19,0.001761100
main,classical,classical,default.qubit,,,2540,4353,0,param_grad,19,0.004410500
main,classical,classical,default.qubit,,,2540,4353,1,forward,19,0.000554900
main,classical,classical,default.qubit,,,2540,4353,1,first_grad,19,0.000829600
main,classical,classical,default.qubit,,,2540,4353,1,second_grad,19,0.001676800
main,classical,classical,default.qubit,,,2540,4353,1,param_grad,19,0.004003700
main,ctrl_n6,control,default.qubit,6,0,2540,2669,1,forward,19,0.000692800
main,ctrl_n6,control,default.qubit,6,0,2540,2669,1,first_grad,19,0.001192300
main,ctrl_n6,control,default.qubit,6,0,2540,2669,1,second_grad,19,0.002139800
main,ctrl_n6,control,default.qubit,6,0,2540,2669,1,param_grad,19,0.005276600
main,deep,hybrid,default.qubit,4,4,2540,2601,2,forward,19,0.026600200
main,deep,hybrid,default.qubit,4,4,2540,2601,2,first_grad,19,0.051747900
main,deep,hybrid,default.qubit,4,4,2540,2601,2,second_grad,19,0.099983200
main,deep,hybrid,default.qubit,4,4,2540,2601,2,param_grad,19,0.209244400
main,classical,classical,default.qubit,,,2540,4353,2,forward,19,0.000540800
main,classical,classical,default.qubit,,,2540,4353,2,first_grad,19,0.000820600
main,classical,classical,default.qubit,,,2540,4353,2,second_grad,19,0.001754800
main,classical,classical,default.qubit,,,2540,4353,2,param_grad,19,0.003799800
main,ctrl_n2,control,default.qubit,2,0,2540,2405,0,forward,19,0.000716700
main,ctrl_n2,control,default.qubit,2,0,2540,2405,0,first_grad,19,0.001029500
main,ctrl_n2,control,default.qubit,2,0,2540,2405,0,second_grad,19,0.002054300
main,ctrl_n2,control,default.qubit,2,0,2540,2405,0,param_grad,19,0.005133400
main,narrow,hybrid,default.qubit,2,2,2540,2421,2,forward,19,0.007836700
main,narrow,hybrid,default.qubit,2,2,2540,2421,2,first_grad,19,0.011801300
main,narrow,hybrid,default.qubit,2,2,2540,2421,2,second_grad,19,0.019461600
main,narrow,hybrid,default.qubit,2,2,2540,2421,2,param_grad,19,0.046574500
main,baseline,hybrid,default.qubit,4,2,2540,2569,1,forward,19,0.015415900
main,baseline,hybrid,default.qubit,4,2,2540,2569,1,first_grad,19,0.028303300
main,baseline,hybrid,default.qubit,4,2,2540,2569,1,second_grad,19,0.064030400
main,baseline,hybrid,default.qubit,4,2,2540,2569,1,param_grad,19,0.131690300
main,ctrl_n4,control,default.qubit,4,0,2540,2537,2,forward,19,0.000722700
main,ctrl_n4,control,default.qubit,4,0,2540,2537,2,first_grad,19,0.001088000
main,ctrl_n4,control,default.qubit,4,0,2540,2537,2,second_grad,19,0.002004800
main,ctrl_n4,control,default.qubit,4,0,2540,2537,2,param_grad,19,0.005583000
main,ctrl_n2,control,default.qubit,2,0,2540,2405,1,forward,19,0.000762100
main,ctrl_n2,control,default.qubit,2,0,2540,2405,1,first_grad,19,0.001072800
main,ctrl_n2,control,default.qubit,2,0,2540,2405,1,second_grad,19,0.002313200
main,ctrl_n2,control,default.qubit,2,0,2540,2405,1,param_grad,19,0.004633700
main,baseline,hybrid,default.qubit,4,2,2540,2569,0,forward,19,0.015802700
main,baseline,hybrid,default.qubit,4,2,2540,2569,0,first_grad,19,0.030723200
main,baseline,hybrid,default.qubit,4,2,2540,2569,0,second_grad,19,0.064551900
main,baseline,hybrid,default.qubit,4,2,2540,2569,0,param_grad,19,0.128451400
main,ctrl_n6,control,default.qubit,6,0,2540,2669,0,forward,19,0.000991700
main,ctrl_n6,control,default.qubit,6,0,2540,2669,0,first_grad,19,0.000998200
main,ctrl_n6,control,default.qubit,6,0,2540,2669,0,second_grad,19,0.001851700
main,ctrl_n6,control,default.qubit,6,0,2540,2669,0,param_grad,19,0.004673800
main,narrow,hybrid,default.qubit,2,2,2540,2421,1,forward,19,0.007806200
main,narrow,hybrid,default.qubit,2,2,2540,2421,1,first_grad,19,0.011287200
main,narrow,hybrid,default.qubit,2,2,2540,2421,1,second_grad,19,0.022683700
main,narrow,hybrid,default.qubit,2,2,2540,2421,1,param_grad,19,0.043639000
main,narrow,hybrid,default.qubit,2,2,2540,2421,0,forward,19,0.007960300
main,narrow,hybrid,default.qubit,2,2,2540,2421,0,first_grad,19,0.011486000
main,narrow,hybrid,default.qubit,2,2,2540,2421,0,second_grad,19,0.020282000
main,narrow,hybrid,default.qubit,2,2,2540,2421,0,param_grad,19,0.038664100
main,ctrl_n2,control,default.qubit,2,0,2540,2405,2,forward,19,0.000632100
main,ctrl_n2,control,default.qubit,2,0,2540,2405,2,first_grad,19,0.001025200
main,ctrl_n2,control,default.qubit,2,0,2540,2405,2,second_grad,19,0.002150700
main,ctrl_n2,control,default.qubit,2,0,2540,2405,2,param_grad,19,0.004133000
main,wide,hybrid,default.qubit,6,2,2540,2717,1,forward,19,0.031131900
main,wide,hybrid,default.qubit,6,2,2540,2717,1,first_grad,19,0.078258400
main,wide,hybrid,default.qubit,6,2,2540,2717,1,second_grad,19,0.158590900
main,wide,hybrid,default.qubit,6,2,2540,2717,1,param_grad,19,0.408283500
main,deep,hybrid,default.qubit,4,4,2540,2601,1,forward,19,0.027414500
main,deep,hybrid,default.qubit,4,4,2540,2601,1,first_grad,19,0.058482100
main,deep,hybrid,default.qubit,4,4,2540,2601,1,second_grad,19,0.108088600
main,deep,hybrid,default.qubit,4,4,2540,2601,1,param_grad,19,0.221735700
main,ctrl_n4,control,default.qubit,4,0,2540,2537,1,forward,19,0.000654000
main,ctrl_n4,control,default.qubit,4,0,2540,2537,1,first_grad,19,0.000986600
main,ctrl_n4,control,default.qubit,4,0,2540,2537,1,second_grad,19,0.001972600
main,ctrl_n4,control,default.qubit,4,0,2540,2537,1,param_grad,19,0.004063800
main,ctrl_n6,control,default.qubit,6,0,2540,2669,2,forward,19,0.000704100
main,ctrl_n6,control,default.qubit,6,0,2540,2669,2,first_grad,19,0.001070400
main,ctrl_n6,control,default.qubit,6,0,2540,2669,2,second_grad,19,0.002078600
main,ctrl_n6,control,default.qubit,6,0,2540,2669,2,param_grad,19,0.004665300
main,wide,hybrid,default.qubit,6,2,2540,2717,0,forward,19,0.032483700
main,wide,hybrid,default.qubit,6,2,2540,2717,0,first_grad,19,0.088926300
main,wide,hybrid,default.qubit,6,2,2540,2717,0,second_grad,19,0.155118700
main,wide,hybrid,default.qubit,6,2,2540,2717,0,param_grad,19,0.387149600
main,deep,hybrid,default.qubit,4,4,2540,2601,0,forward,19,0.026840400
main,deep,hybrid,default.qubit,4,4,2540,2601,0,first_grad,19,0.056478600
main,deep,hybrid,default.qubit,4,4,2540,2601,0,second_grad,19,0.103688100
main,deep,hybrid,default.qubit,4,4,2540,2601,0,param_grad,19,0.213895400
main,wide,hybrid,default.qubit,6,2,2540,2717,2,forward,19,0.030898600
main,wide,hybrid,default.qubit,6,2,2540,2717,2,first_grad,19,0.085463500
main,wide,hybrid,default.qubit,6,2,2540,2717,2,second_grad,19,0.149823100
main,wide,hybrid,default.qubit,6,2,2540,2717,2,param_grad,19,0.410803200
main,ctrl_n4,control,default.qubit,4,0,2540,2537,0,forward,19,0.000915100
main,ctrl_n4,control,default.qubit,4,0,2540,2537,0,first_grad,19,0.001463700
main,ctrl_n4,control,default.qubit,4,0,2540,2537,0,second_grad,19,0.002178300
main,ctrl_n4,control,default.qubit,4,0,2540,2537,0,param_grad,19,0.005098200
