iteration,phase,loss,grad_norm,circuit_grad_norm
0,adam,0.9129747748374939,0.35944291949272156,0.0
1,adam,0.8993984460830688,0.34271439909935,0.0
2,adam,0.8864424228668213,0.3358768820762634,0.0
3,adam,0.8737701773643494,0.33721551299095154,0.0
4,adam,0.8611339926719666,0.34458407759666443,0.0
5,adam,0.8483325839042664,0.35646048188209534,0.0
6,adam,0.8351964950561523,0.37156233191490173,0.0
7,adam,0.8215988874435425,0.3887036144733429,0.0
8,adam,0.8074520826339722,0.4067765772342682,0.0
9,adam,0.7927038073539734,0.4247191846370697,0.0
10,adam,0.7773390412330627,0.44146475195884705,0.0
11,adam,0.7613831758499146,0.45590072870254517,0.0
12,adam,0.7449077367782593,0.4668275713920593,0.0
13,adam,0.7280364036560059,0.4729175865650177,0.0
14,adam,0.7109538912773132,0.472688227891922,0.0
15,adam,0.693917989730835,0.46451663970947266,0.0
16,adam,0.6772684454917908,0.44672495126724243,0.0
17,adam,0.6614323258399963,0.41783589124679565,0.0
18,adam,0.6469188928604126,0.37722840905189514,0.0
19,adam,0.6342902183532715,0.3265994191169739,0.0
20,adam,0.6240838766098022,0.2732873558998108,0.0
21,adam,0.6166457533836365,0.2359435260295868,0.0
22,adam,0.6118979454040527,0.24024851620197296,0.0
23,adam,0.6091872453689575,0.28738269209861755,0.0
24,adam,0.607386589050293,0.3508438467979431,0.0
25,adam,0.605253279209137,0.4072898030281067,0.0
26,adam,0.6018246412277222,0.44445347785949707,0.0
27,adam,0.5966490507125854,0.4579625427722931,0.0
28,adam,0.5897929668426514,0.44855496287345886,0.0
29,adam,0.5816936492919922,0.4202974736690521,0.0
30,adam,0.5729586482048035,0.379387766122818,0.0
31,adam,0.5641841292381287,0.33327212929725647,0.0
32,adam,0.5558280348777771,0.28985339403152466,0.0
33,adam,0.5481473207473755,0.25641995668411255,0.0
34,adam,0.5411978960037231,0.2378189116716385,0.0
35,adam,0.5348765254020691,0.23445753753185272,0.0
36,adam,0.5289808511734009,0.24250458180904388,0.0
37,adam,0.5232648849487305,0.2566707730293274,0.0
38,adam,0.5174822211265564,0.272575318813324,0.0
39,adam,0.5114155411720276,0.28731781244277954,0.0
40,adam,0.5048975944519043,0.2991795241832733,0.0
41,adam,0.49782368540763855,0.3072768747806549,0.0
42,adam,0.49015650153160095,0.31136757135391235,0.0
43,adam,0.4819195568561554,0.3117656111717224,0.0
44,adam,0.47318172454833984,0.30929845571517944,0.0
45,adam,0.4640328586101532,0.30525311827659607,0.0
46,adam,0.4545566737651825,0.3012550175189972,0.0
47,adam,0.44480469822883606,0.2990168035030365,0.0
48,adam,0.43477851152420044,0.2999081015586853,0.0
49,adam,0.42442554235458374,0.30441176891326904,0.0
50,adam,0.4136510491371155,0.31175872683525085,0.0
51,adam,0.4023488163948059,0.3201310932636261,0.0
52,adam,0.3904418647289276,0.3274973928928375,0.0
53,adam,0.37792229652404785,0.33264100551605225,0.0
54,adam,0.3648715317249298,0.33578574657440186,0.0
55,adam,0.3514525294303894,0.33847925066947937,0.0
56,adam,0.33787786960601807,0.34277278184890747,0.0
57,adam,0.3243660032749176,0.35006535053253174,0.0
58,adam,0.3111017644405365,0.3601699769496918,0.0
59,adam,0.2982109487056732,0.3710833191871643,0.0
60,adam,0.28575754165649414,0.3795333206653595,0.0
61,adam,0.2737649083137512,0.38193827867507935,0.0
62,adam,0.26225441694259644,0.3753247857093811,0.0
63,adam,0.25128716230392456,0.35798484086990356,0.0
64,adam,0.24099019169807434,0.3299085795879364,0.0
65,adam,0.23155011236667633,0.2931511104106903,0.0
66,adam,0.22316700220108032,0.25220170617103577,0.0
67,adam,0.2159792184829712,0.21389982104301453,0.0
68,adam,0.2099926620721817,0.18552817404270172,0.0
69,adam,0.20506320893764496,0.17037390172481537,0.0
70,adam,0.2009546011686325,0.16505122184753418,0.0
71,adam,0.19743187725543976,0.1634688526391983,0.0
72,adam,0.19432643055915833,0.16242502629756927,0.0
73,adam,0.19153432548046112,0.16323131322860718,0.0
74,adam,0.18895792961120605,0.16892588138580322,0.0
75,adam,0.18644550442695618,0.17923064529895782,0.0
76,adam,0.18379667401313782,0.18977485597133636,0.0
77,adam,0.18083879351615906,0.19634191691875458,0.0
78,adam,0.17749717831611633,0.19731730222702026,0.0
79,adam,0.17380575835704803,0.19333280622959137,0.0
80,adam,0.1698717325925827,0.1867886632680893,0.0
81,adam,0.16582044959068298,0.18048058450222015,0.0
82,adam,0.16174988448619843,0.17497894167900085,0.0
83,adam,0.15772350132465363,0.16858512163162231,0.0
84,adam,0.1537919044494629,0.1604984700679779,0.0
85,adam,0.15000589191913605,0.15281905233860016,0.0
86,adam,0.14640313386917114,0.14943957328796387,0.0
87,adam,0.1429806351661682,0.15214285254478455,0.0
88,adam,0.13968323171138763,0.1576281636953354,0.0
89,adam,0.1364363133907318,0.16039212048053741,0.0
90,adam,0.13319936394691467,0.1575426608324051,0.0
91,adam,0.12998716533184052,0.15065144002437592,0.0
92,adam,0.126840740442276,0.14437635242938995,0.0
93,adam,0.12377886474132538,0.14190034568309784,0.0
94,adam,0.12078233063220978,0.14190761744976044,0.0
95,adam,0.1178273931145668,0.1419754922389984,0.0
96,adam,0.1149228885769844,0.14236481487751007,0.0
97,adam,0.11210475862026215,0.1448168009519577,0.0
98,adam,0.10939516127109528,0.1483919769525528,0.0
99,adam,0.10678310692310333,0.14833270013332367,0.0
100,adam,0.10426285117864609,0.1406993269920349,0.0
101,adam,0.1018746942281723,0.12687303125858307,0.0
102,adam,0.09967972338199615,0.11307235062122345,0.0
103,adam,0.09769849479198456,0.10406463593244553,0.0
104,adam,0.09589997678995132,0.09765644371509552,0.0
105,adam,0.09425468742847443,0.0912914127111435,0.0
106,adam,0.09276077151298523,0.08767994493246078,0.0
107,adam,0.09140882641077042,0.0871882438659668,0.0
108,adam,0.09016856551170349,0.08458571881055832,0.0
109,adam,0.08902550488710403,0.07826843857765198,0.0
110,adam,0.08798539638519287,0.0739775151014328,0.0
111,adam,0.08702787756919861,0.07429411262273788,0.0
112,adam,0.08610832691192627,0.07482753694057465,0.0
113,adam,0.0852050706744194,0.0749354287981987,0.0
114,adam,0.08431535214185715,0.07620374858379364,0.0
115,adam,0.08342835307121277,0.07547137141227722,0.0
116,adam,0.08254028111696243,0.07145999372005463,0.0
117,adam,0.08166313171386719,0.06824366003274918,0.0
118,adam,0.08079998195171356,0.06708203256130219,0.0
119,adam,0.07994068413972855,0.06520000100135803,0.0
120,adam,0.07908205687999725,0.06221728399395943,0.0
121,adam,0.07823295891284943,0.06012505665421486,0.0
122,adam,0.07740528136491776,0.058956291526556015,0.0
123,adam,0.07660920917987823,0.05673923343420029,0.0
124,adam,0.07585319131612778,0.05354716256260872,0.0
125,adam,0.07514093071222305,0.05202171951532364,0.0
126,adam,0.07446636259555817,0.052570391446352005,0.0
127,adam,0.07382135093212128,0.05304521694779396,0.0
128,adam,0.0732058584690094,0.05362103879451752,0.0
129,adam,0.07261902838945389,0.054092202335596085,0.0
130,adam,0.07205526530742645,0.05294667184352875,0.0
131,adam,0.07151234149932861,0.05178365111351013,0.0
132,adam,0.07098548114299774,0.05206523463129997,0.0
133,adam,0.07046499848365784,0.05218086019158363,0.0
134,adam,0.06994760036468506,0.05220114439725876,0.0
135,adam,0.06943350285291672,0.052758943289518356,0.0
136,adam,0.06892013549804688,0.05266566202044487,0.0
137,adam,0.06840749084949493,0.05192256346344948,0.0
138,adam,0.06789709627628326,0.05117487907409668,0.0
139,adam,0.06738841533660889,0.05011836811900139,0.0
140,adam,0.06688196957111359,0.04897299036383629,0.0
141,adam,0.06638024747371674,0.04844650253653526,0.0
142,adam,0.06588476896286011,0.048191383481025696,0.0
143,adam,0.06539537757635117,0.04711209237575531,0.0
144,adam,0.06491263210773468,0.04543077573180199,0.0
145,adam,0.06443700194358826,0.04422490671277046,0.0
146,adam,0.06396777927875519,0.043610941618680954,0.0
147,adam,0.06350576132535934,0.04369741305708885,0.0
148,adam,0.0630510002374649,0.04391901195049286,0.0
149,adam,0.06260170042514801,0.04350661113858223,0.0
150,adam,0.062156688421964645,0.04297482222318649,0.0
151,adam,0.06171479821205139,0.042697180062532425,0.0
152,adam,0.0612751804292202,0.04262364283204079,0.0
153,adam,0.06083763390779495,0.04256907105445862,0.0
154,adam,0.06040237098932266,0.04251134768128395,0.0
155,adam,0.059968914836645126,0.04225575551390648,0.0
156,adam,0.05953702703118324,0.041835952550172806,0.0
157,adam,0.059107255190610886,0.041435278952121735,0.0
158,adam,0.0586799681186676,0.04090052470564842,0.0
159,adam,0.05825597420334816,0.04060960188508034,0.0
160,adam,0.05783572793006897,0.04058279097080231,0.0
161,adam,0.05741915479302406,0.0403769314289093,0.0
162,adam,0.057005979120731354,0.039759211242198944,0.0
163,adam,0.05659619718790054,0.03916917368769646,0.0
164,adam,0.056189361959695816,0.03891264274716377,0.0
165,adam,0.05578503757715225,0.03897654637694359,0.0
166,adam,0.055382777005434036,0.03896638751029968,0.0
167,adam,0.054982032626867294,0.03871942311525345,0.0
168,adam,0.05458255857229233,0.03851906210184097,0.0
169,adam,0.054184358566999435,0.03845663368701935,0.0
170,adam,0.05378727614879608,0.038288362324237823,0.0
171,adam,0.0533912256360054,0.0380733348429203,0.0
172,adam,0.05299617722630501,0.037938740104436874,0.0
173,adam,0.05260220542550087,0.03772866725921631,0.0
174,adam,0.05220939218997955,0.03726084530353546,0.0
175,adam,0.05181777849793434,0.03680142015218735,0.0
176,adam,0.05142714083194733,0.03659326583147049,0.0
177,adam,0.051037341356277466,0.036462243646383286,0.0
178,adam,0.0506482794880867,0.036211222410202026,0.0
179,adam,0.05025980621576309,0.03593241050839424,0.0
180,adam,0.049871720373630524,0.03570432960987091,0.0
181,adam,0.04948383569717407,0.03547759726643562,0.0
182,adam,0.04909593611955643,0.03522586077451706,0.0
183,adam,0.04870790243148804,0.03513723611831665,0.0
184,adam,0.048319555819034576,0.03505662456154823,0.0
185,adam,0.047930728644132614,0.0348149910569191,0.0
186,adam,0.047541361302137375,0.03459814935922623,0.0
187,adam,0.04715130478143692,0.034526679664850235,0.0
188,adam,0.046760473400354385,0.034464769065380096,0.0
189,adam,0.046368710696697235,0.03439829498529434,0.0
190,adam,0.04597582668066025,0.03439982235431671,0.0
191,adam,0.0455816388130188,0.03433407470583916,0.0
192,adam,0.045185938477516174,0.03424778953194618,0.0
193,adam,0.04478846862912178,0.03421160206198692,0.0
194,adam,0.044388942420482635,0.034274328500032425,0.0
195,adam,0.043987154960632324,0.034098707139492035,0.0
196,adam,0.04358287900686264,0.034235816448926926,0.0
197,adam,0.04317595809698105,0.03411589190363884,0.0
198,adam,0.042766354978084564,0.03588509559631348,0.0
199,adam,0.04235531762242317,0.04026733711361885,0.0
200,adam,0.04194887727499008,0.06270227581262589,0.0
201,adam,0.04158289358019829,0.12057283520698547,0.0
202,adam,0.041440024971961975,0.2709615230560303,0.0
203,adam,0.04224647954106331,0.5728685855865479,0.0
204,adam,0.04448238015174866,0.9393841028213501,0.0
205,adam,0.04313819110393524,0.8295938968658447,0.0
206,adam,0.03952110558748245,0.05131429433822632,0.0
207,adam,0.04163839668035507,0.7283481955528259,0.0
208,adam,0.04039069265127182,0.5904384851455688,0.0
209,adam,0.03866949304938316,0.24076272547245026,0.0
210,adam,0.04020925611257553,0.68690025806427,0.0
211,adam,0.03781692683696747,0.1938418298959732,0.0
212,adam,0.03849628195166588,0.5177193284034729,0.0
213,adam,0.037799179553985596,0.4487452805042267,0.0
214,adam,0.036752618849277496,0.2411441057920456,0.0
215,adam,0.0373508483171463,0.5241696238517761,0.0
216,adam,0.035716116428375244,0.05542426556348801,0.0
217,adam,0.03624230623245239,0.45834261178970337,0.0
218,adam,0.0351778045296669,0.2486099898815155,0.0
219,adam,0.03488147631287575,0.2991204261779785,0.0
220,adam,0.0346488282084465,0.36414164304733276,0.0
221,adam,0.03367891535162926,0.11088380217552185,0.0
222,adam,0.03382190316915512,0.37538644671440125,0.0
223,adam,0.03278263658285141,0.09451652318239212,0.0
224,adam,0.03269147872924805,0.30417177081108093,0.0
225,adam,0.03204378858208656,0.22027523815631866,0.0
226,adam,0.03147672861814499,0.17024998366832733,0.0
227,adam,0.031217295676469803,0.2838565707206726,0.0
228,adam,0.030374879017472267,0.042245782911777496,0.0
229,adam,0.030165892094373703,0.2618374228477478,0.0
230,adam,0.029420072212815285,0.13392136991024017,0.0
231,adam,0.02894473634660244,0.17585264146327972,0.0
232,adam,0.02846658229827881,0.21003882586956024,0.0
233,adam,0.02773006074130535,0.05398726090788841,0.0
234,adam,0.027349408715963364,0.2166362702846527,0.0
235,adam,0.026614047586917877,0.09912020713090897,0.0
236,adam,0.02606426738202572,0.14036743342876434,0.0
237,adam,0.02550087869167328,0.17664361000061035,0.0
238,adam,0.024760790169239044,0.0458473265171051,0.0
239,adam,0.024240616708993912,0.1677667200565338,0.0
240,adam,0.023523271083831787,0.10989101231098175,0.0
241,adam,0.02285083755850792,0.09319160133600235,0.0
242,adam,0.02224469929933548,0.1522936373949051,0.0
243,adam,0.021478261798620224,0.06004611775279045,0.0
244,adam,0.020825371146202087,0.11739637702703476,0.0
245,adam,0.020133553072810173,0.12396205961704254,0.0
246,adam,0.019365234300494194,0.046404171735048294,0.0
247,adam,0.018692491576075554,0.11846858263015747,0.0
248,adam,0.017956817522644997,0.10134515911340714,0.0
249,adam,0.017192918807268143,0.0475032702088356,0.0
250,adam,0.016499798744916916,0.10917078703641891,0.0
251,adam,0.015758449211716652,0.0905124843120575,0.0
252,adam,0.015003891661763191,0.045377474278211594,0.0
253,adam,0.014309680089354515,0.09483068436384201,0.0
254,adam,0.013595214113593102,0.08848297595977783,0.0
255,adam,0.012868572026491165,0.04584638029336929,0.0
256,adam,0.012195662595331669,0.07402907311916351,0.0
257,adam,0.011538242921233177,0.08783559501171112,0.0
258,adam,0.010872343555092812,0.060616929084062576,0.0
259,adam,0.010242698714137077,0.04539870098233223,0.0
260,adam,0.009660124778747559,0.0739954486489296,0.0
261,adam,0.009092921391129494,0.07880054414272308,0.0
262,adam,0.008540527895092964,0.045203547924757004,0.0
263,adam,0.008033225312829018,0.03785959631204605,0.0
264,adam,0.007572609465569258,0.06546032428741455,0.0
265,adam,0.007139500230550766,0.06911903619766235,0.0
266,adam,0.00673048198223114,0.056623369455337524,0.0
267,adam,0.006354249082505703,0.03066912293434143,0.0
268,adam,0.006019705440849066,0.03063128888607025,0.0
269,adam,0.0057233776897192,0.051477689296007156,0.0
270,adam,0.0054562208242714405,0.06200842186808586,0.0
271,adam,0.005213411524891853,0.06754320859909058,0.0
272,adam,0.004992300178855658,0.060421574860811234,0.0
273,adam,0.0047933668829500675,0.05303831398487091,0.0
274,adam,0.004615494050085545,0.041186194866895676,0.0
275,adam,0.004457208793610334,0.03434466943144798,0.0
276,adam,0.004315902944654226,0.02708350121974945,0.0
277,adam,0.00418927613645792,0.024680038914084435,0.0
278,adam,0.004075068049132824,0.021836427971720695,0.0
279,adam,0.003971519879996777,0.02267591841518879,0.0
280,adam,0.003877346869558096,0.02501079812645912,0.0
281,adam,0.003791956463828683,0.03371607884764671,0.0
282,adam,0.003716458333656192,0.05014188215136528,0.0
283,adam,0.003656687680631876,0.08245978504419327,0.0
284,adam,0.003634043037891388,0.1414148062467575,0.0
285,adam,0.0037211535964161158,0.2503034770488739,0.0
286,adam,0.004146957769989967,0.4481416344642639,0.0
287,adam,0.005470065865665674,0.7695873379707336,0.0
288,adam,0.007877901196479797,1.154832124710083,0.0
289,adam,0.00853670947253704,1.2528327703475952,0.0
290,adam,0.004820519592612982,0.7085124850273132,0.0
291,adam,0.003552822396159172,0.30072206258773804,0.0
292,adam,0.006205081939697266,0.9671369791030884,0.0
293,adam,0.005180954933166504,0.8101410865783691,0.0
294,adam,0.0031139072962105274,0.08534640818834305,0.0
295,adam,0.005028063897043467,0.7894429564476013,0.0
296,adam,0.0044841524213552475,0.6845457553863525,0.0
297,adam,0.003008929081261158,0.10621806234121323,0.0
298,adam,0.004504355136305094,0.7029548287391663,0.0
299,adam,0.003711429890245199,0.49646076560020447,0.0
300,adam,0.0030531585216522217,0.2307777851819992,0.0
301,adam,0.004054851830005646,0.611882209777832,0.0
302,adam,0.003170913318172097,0.3067629635334015,0.0
303,adam,0.0031073736026883125,0.3131008744239807,0.0
304,adam,0.0036264469381421804,0.5019441843032837,0.0
305,adam,0.002848847769200802,0.14795474708080292,0.0
306,adam,0.0031250298488885164,0.35119110345840454,0.0
307,adam,0.003243284532800317,0.3863101005554199,0.0
308,adam,0.002680425764992833,0.04170631244778633,0.0
309,adam,0.003110557794570923,0.3592977225780487,0.0
310,adam,0.0028865819331258535,0.2652086019515991,0.0
311,adam,0.002661861712113023,0.12139911949634552,0.0
312,adam,0.0029853973537683487,0.33266815543174744,0.0
313,adam,0.0026397681795060635,0.1517363339662552,0.0
314,adam,0.002681529149413109,0.1875796765089035,0.0
315,adam,0.002789359074085951,0.2793140411376953,0.0
316,adam,0.002524863462895155,0.07196731120347977,0.0
317,adam,0.0026476827915757895,0.2130071073770523,0.0
318,adam,0.0026232595555484295,0.22028280794620514,0.0
319,adam,0.0024616001173853874,0.043850142508745193,0.0
320,adam,0.0025848597288131714,0.21673868596553802,0.0
321,adam,0.00249420921318233,0.15858282148838043,0.0
322,adam,0.0024172135163098574,0.07558929920196533,0.0
323,adam,0.002510420512408018,0.2026790827512741,0.0
324,adam,0.0023918128572404385,0.09366804361343384,0.0
325,adam,0.0023849306162446737,0.10901296883821487,0.0
326,adam,0.002423370722681284,0.17053349316120148,0.0
327,adam,0.0023230435326695442,0.04481428116559982,0.0
328,adam,0.0023438360076397657,0.11869953572750092,0.0
329,adam,0.002342785242944956,0.13371272385120392,0.0
330,adam,0.002273665741086006,0.02909553050994873,0.0
331,adam,0.002292288700118661,0.11001767963171005,0.0
332,adam,0.0022786580957472324,0.10491084307432175,0.0
333,adam,0.002226907527074218,0.022808048874139786,0.0
334,adam,0.002242207759991288,0.09705676883459091,0.0
335,adam,0.0022232024930417538,0.08483312278985977,0.0
336,adam,0.0021824310533702374,0.014450134709477425,0.0
337,adam,0.002195380162447691,0.08610637485980988,0.0
338,adam,0.0021721646189689636,0.0698191225528717,0.0
339,adam,0.002142219804227352,0.016362857073545456,0.0
340,adam,0.0021490268409252167,0.07551854103803635,0.0
341,adam,0.0021269540302455425,0.06060705706477165,0.0
342,adam,0.0021036809775978327,0.01829434558749199,0.0
343,adam,0.002104334533214569,0.06554713100194931,0.0
344,adam,0.002086650114506483,0.05598088353872299,0.0
345,adam,0.002065471839159727,0.013951986096799374,0.0
346,adam,0.002062983112409711,0.05716697871685028,0.0
347,adam,0.0020486987195909023,0.051755450665950775,0.0
348,adam,0.0020287150982767344,0.0072717019356787205,0.0
349,adam,0.0020243956241756678,0.04906884580850601,0.0
350,adam,0.0020121391862630844,0.04666144773364067,0.0
351,adam,0.0019941229838877916,0.007236537989228964,0.0
352,adam,0.0019875317811965942,0.039646659046411514,0.0
353,adam,0.0019771475344896317,0.041494861245155334,0.0
354,adam,0.0019612794276326895,0.012273887172341347,0.0
355,adam,0.0019522763323038816,0.028630655258893967,0.0
356,adam,0.0019436415750533342,0.036656130105257034,0.0
357,adam,0.0019296477548778057,0.016863979399204254,0.0
358,adam,0.0019189168233424425,0.017317740246653557,0.0
359,adam,0.001911207684315741,0.031513605266809464,0.0
360,adam,0.0018990188837051392,0.02063385583460331,0.0
361,adam,0.0018875086680054665,0.007969166152179241,0.0
362,adam,0.0018796400399878621,0.02519500069320202,0.0
363,adam,0.0018692517187446356,0.023045973852276802,0.0
364,adam,0.0018578029703348875,0.007572312373667955,0.0
365,adam,0.0018490937072783709,0.017597997561097145,0.0
366,adam,0.0018401375273242593,0.023143315687775612,0.0
367,adam,0.0018294351175427437,0.01319204643368721,0.0
368,adam,0.0018198618199676275,0.009631460532546043,0.0
369,adam,0.0018115616403520107,0.020232830196619034,0.0
370,adam,0.0018019693670794368,0.016954980790615082,0.0
371,adam,0.0017920833779498935,0.005364788230508566,0.0
372,adam,0.0017836657352745533,0.014633760787546635,0.0
373,adam,0.0017750437837094069,0.017356667667627335,0.0
374,adam,0.0017655720002949238,0.009143498726189137,0.0
375,adam,0.0017567570321261883,0.008128644898533821,0.0
376,adam,0.001748548587784171,0.014186234213411808,0.0
377,adam,0.0017398935742676258,0.012356849387288094,0.0
378,adam,0.0017309963004663587,0.006190846674144268,0.0
379,adam,0.0017226982163265347,0.008641659282147884,0.0
380,adam,0.0017146588070318103,0.012018980458378792,0.0
381,adam,0.0017061958787962794,0.009432853199541569,0.0
382,adam,0.001697789877653122,0.005107233766466379,0.0
383,adam,0.0016898727044463158,0.008460347540676594,0.0
384,adam,0.0016819541342556477,0.010494081303477287,0.0
385,adam,0.0016738111153244972,0.007833932526409626,0.0
386,adam,0.0016658194363117218,0.00517786992713809,0.0
387,adam,0.0016581187956035137,0.00807158276438713,0.0
388,adam,0.0016504282830283046,0.009385468438267708,0.0
389,adam,0.0016426065703853965,0.006926052737981081,0.0
390,adam,0.0016349105862900615,0.005005820654332638,0.0
391,adam,0.0016274417284876108,0.007485372945666313,0.0
392,adam,0.001619974267669022,0.008200504817068577,0.0
393,adam,0.0016124453395605087,0.0061126528307795525,0.0
394,adam,0.0016050174599513412,0.005041901022195816,0.0
395,adam,0.0015977405710145831,0.006406863685697317,0.0
396,adam,0.001590509433299303,0.006973284296691418,0.0
397,adam,0.0015832555945962667,0.00604116590693593,0.0
398,adam,0.0015760507667437196,0.004782416857779026,0.0
399,adam,0.0015689698047935963,0.00535539910197258,0.0
400,adam,0.0015619553159922361,0.0063063157722353935,0.0
401,adam,0.0015549393137916923,0.0058830175548791885,0.0
402,adam,0.001547957886941731,0.004976592026650906,0.0
403,adam,0.0015410579508170485,0.004886145703494549,0.0
404,adam,0.0015342358965426683,0.005520805716514587,0.0
405,adam,0.0015274459728971124,0.005849173758178949,0.0
406,adam,0.0015206745592877269,0.0052434164099395275,0.0
407,adam,0.0015139526221901178,0.0046395715326070786,0.0
408,adam,0.001507307286374271,0.00495124189183116,0.0
409,adam,0.0015007088659331203,0.00539731839671731,0.0
410,adam,0.0014941389672458172,0.0052764941938221455,0.0
411,adam,0.0014876010827720165,0.0047567845322191715,0.0
412,adam,0.0014811153523623943,0.00460409838706255,0.0
413,adam,0.0014746824745088816,0.0047907899133861065,0.0
414,adam,0.0014682955807074904,0.004957759752869606,0.0
415,adam,0.001461939886212349,0.004959525540471077,0.0
416,adam,0.00145561748649925,0.004644501488655806,0.0
417,adam,0.001449338044039905,0.004496107809245586,0.0
418,adam,0.001443107146769762,0.004613409284502268,0.0
419,adam,0.001436916645616293,0.004729065112769604,0.0
420,adam,0.0014307585079222918,0.004790953826159239,0.0
421,adam,0.0014246345963329077,0.004628513008356094,0.0
422,adam,0.0014185472391545773,0.004457710310816765,0.0
423,adam,0.0014124991139397025,0.004447282757610083,0.0
424,adam,0.0014064919669181108,0.004551038611680269,0.0
425,adam,0.0014005190460011363,0.004610596690326929,0.0
426,adam,0.0013945765094831586,0.004528226796537638,0.0
427,adam,0.0013886665692552924,0.0044633797369897366,0.0
428,adam,0.0013827935326844454,0.004362288396805525,0.0
429,adam,0.0013769526267424226,0.004357634112238884,0.0
430,adam,0.0013711478095501661,0.004419872071594,0.0
431,adam,0.001365374424494803,0.0044180043041706085,0.0
432,adam,0.0013596316566690803,0.004438803531229496,0.0
433,adam,0.001353921601548791,0.004376789554953575,0.0
434,adam,0.001348240184597671,0.00431984756141901,0.0
435,adam,0.001342589850537479,0.00428560608997941,0.0
436,adam,0.0013369729276746511,0.004289612174034119,0.0
437,adam,0.0013313833624124527,0.004315922502428293,0.0
438,adam,0.0013258267426863313,0.004314398393034935,0.0
439,adam,0.0013202959671616554,0.004316811915487051,0.0
440,adam,0.0013147932477295399,0.004263344686478376,0.0
441,adam,0.0013093193992972374,0.004251149483025074,0.0
442,adam,0.0013038754696026444,0.004211979918181896,0.0
443,adam,0.00129845947958529,0.0041961586102843285,0.0
444,adam,0.001293068053200841,0.004201590083539486,0.0
445,adam,0.0012877066619694233,0.004190007224678993,0.0
446,adam,0.0012823723955079913,0.0042046490125358105,0.0
447,adam,0.0012770617613568902,0.004193089436739683,0.0
448,adam,0.0012717780191451311,0.004190234467387199,0.0
449,adam,0.0012665197718888521,0.00416046567261219,0.0
450,adam,0.0012612877180799842,0.004155976232141256,0.0
451,adam,0.0012560796458274126,0.004122983198612928,0.0
452,adam,0.001250898465514183,0.004117896780371666,0.0
453,adam,0.0012457414995878935,0.0040996079333126545,0.0
454,adam,0.001240606070496142,0.004087215289473534,0.0
455,adam,0.001235498464666307,0.004081627819687128,0.0
456,adam,0.001230414491146803,0.004069232381880283,0.0
457,adam,0.0012253525201231241,0.004066094756126404,0.0
458,adam,0.0012203131336718798,0.004056921694427729,0.0
459,adam,0.0012152991257607937,0.0040549635887146,0.0
460,adam,0.00121030630543828,0.004039697349071503,0.0
461,adam,0.0012053371174260974,0.004046715795993805,0.0
462,adam,0.0012003895826637745,0.004027945920825005,0.0
463,adam,0.001195464632473886,0.004042977467179298,0.0
464,adam,0.0011905624996870756,0.004029793199151754,0.0
465,adam,0.0011856819037348032,0.004055438097566366,0.0
466,adam,0.0011808221461251378,0.004052473232150078,0.0
467,adam,0.0011759838089346886,0.0041089411824941635,0.0
468,adam,0.001171168521977961,0.00413269130513072,0.0
469,adam,0.0011663760524243116,0.004275180399417877,0.0
470,adam,0.001161605934612453,0.0044007739052176476,0.0
471,adam,0.0011568611953407526,0.004765969701111317,0.0
472,adam,0.001152142765931785,0.005202232860028744,0.0
473,adam,0.0011474625207483768,0.006121381651610136,0.0
474,adam,0.0011428275611251593,0.007352062035351992,0.0
475,adam,0.0011382705997675657,0.009510616771876812,0.0
476,adam,0.0011338486801832914,0.012509058229625225,0.0
477,adam,0.0011296841548755765,0.017274709418416023,0.0
478,adam,0.001126037910580635,0.024062026292085648,0.0
479,adam,0.0011234816629439592,0.03443413972854614,0.0
480,adam,0.0011232616379857063,0.04960130900144577,0.0
481,adam,0.001128227449953556,0.07260832190513611,0.0
482,adam,0.0011446806602180004,0.10701694339513779,0.0
483,adam,0.0011875376803800464,0.1592615693807602,0.0
484,adam,0.0012887315824627876,0.2381686568260193,0.0
485,adam,0.0015231522265821695,0.35582002997398376,0.0
486,adam,0.002015479374676943,0.5261871814727783,0.0
487,adam,0.002976346993818879,0.7486626505851746,0.0
488,adam,0.004235205240547657,0.9851270914077759,0.0
489,adam,0.005079873837530613,1.1119343042373657,0.0
490,adam,0.003929693717509508,0.9666078090667725,0.0
491,adam,0.0018283843528479338,0.5066295862197876,0.0
492,adam,0.001213028677739203,0.18129068613052368,0.0
493,adam,0.002393991919234395,0.6528428792953491,0.0
494,adam,0.0030897227115929127,0.8201368451118469,0.0
495,adam,0.001989862183108926,0.5613269209861755,0.0
496,adam,0.0010681238491088152,0.052972275763750076,0.0
497,adam,0.001784606371074915,0.49407777190208435,0.0
498,adam,0.002350923139601946,0.6612424850463867,0.0
499,adam,0.0015514425467699766,0.41016748547554016,0.0
500,adam,0.001062621595337987,0.07992648333311081,0.0
501,adam,0.0016564740799367428,0.45497989654541016,0.0
502,adam,0.0018199416808784008,0.5079448223114014,0.0
503,adam,0.0012222804361954331,0.2388806790113449,0.0
504,adam,0.0011231506941840053,0.17606154084205627,0.0
505,adam,0.0015277870697900653,0.4065212309360504,0.0
506,adam,0.0014479937963187695,0.3634839951992035,0.0
507,adam,0.0010709716007113457,0.11049799621105194,0.0
508,adam,0.0011546084424480796,0.2153487503528595,0.0
509,adam,0.0013940478675067425,0.34451693296432495,0.0
510,adam,0.001211770111694932,0.24251018464565277,0.0
511,adam,0.0010073221055790782,0.027164295315742493,0.0
512,adam,0.001178522128611803,0.23263847827911377,0.0
513,adam,0.0012577115558087826,0.2785261571407318,0.0
514,adam,0.0010531030129641294,0.13501018285751343,0.0
515,adam,0.001017604023218155,0.08567613363265991,0.0
516,adam,0.0011582402512431145,0.22544485330581665,0.0
517,adam,0.0011173165403306484,0.20612488687038422,0.0
518,adam,0.000993373803794384,0.0665128231048584,0.0
519,adam,0.0010279117850586772,0.11963946372270584,0.0
520,adam,0.0010943590896204114,0.1966620236635208,0.0
521,adam,0.001035470748320222,0.148935005068779,0.0
522,adam,0.0009720596135593951,0.03652753680944443,0.0
523,adam,0.001012069289572537,0.12480273097753525,0.0
524,adam,0.0010424074716866016,0.16703124344348907,0.0
525,adam,0.0009873899398371577,0.10343684256076813,0.0
526,adam,0.0009549930109642446,0.027571091428399086,0.0
527,adam,0.0009931904496625066,0.1222376897931099,0.0
528,adam,0.0010001885239034891,0.1360199749469757,0.0
529,adam,0.0009539345628581941,0.06380081176757812,0.0
530,adam,0.0009435432148166001,0.04141474887728691,0.0
531,adam,0.0009709547157399356,0.11000476032495499,0.0
532,adam,0.0009645734098739922,0.105030357837677,0.0
533,adam,0.000933657749556005,0.04014306515455246,0.0
534,adam,0.0009314788621850312,0.046290311962366104,0.0
535,adam,0.0009460871806368232,0.09079609811306,0.0
536,adam,0.00093886349350214,0.08125748485326767,0.0
537,adam,0.0009191225399263203,0.03262064605951309,0.0
538,adam,0.0009159633773379028,0.038044653832912445,0.0
539,adam,0.000924089748878032,0.07172483205795288,0.0
540,adam,0.0009197320323437452,0.06676674634218216,0.0
541,adam,0.000904881046153605,0.028480611741542816,0.0
542,adam,0.0009002949809655547,0.025243958458304405,0.0
543,adam,0.0009055398986674845,0.05665697529911995,0.0
544,adam,0.0009025696781463921,0.05634389445185661,0.0
545,adam,0.0008910315809771419,0.02692405693233013,0.0
546,adam,0.0008860563975758851,0.014495143666863441,0.0
547,adam,0.0008885308052413166,0.043515413999557495,0.0
548,adam,0.0008864044211804867,0.048085685819387436,0.0
549,adam,0.0008781421929597855,0.02868206426501274,0.0
550,adam,0.000872764503583312,0.008666771464049816,0.0
551,adam,0.0008724958752281964,0.03103378228843212,0.0
552,adam,0.0008711066329851747,0.04033106192946434,0.0
553,adam,0.0008656621212139726,0.031043244525790215,0.0
554,adam,0.0008600231958553195,0.010622000321745872,0.0
555,adam,0.0008576246909797192,0.018477624282240868,0.0
556,adam,0.0008564665331505239,0.03235917538404465,0.0
557,adam,0.0008529883925803006,0.030900973826646805,0.0
558,adam,0.0008477585506625473,0.015793640166521072,0.0
559,adam,0.0008440556703135371,0.007114038802683353,0.0
560,adam,0.0008423231774941087,0.02284407615661621,0.0
561,adam,0.0008399093057960272,0.027590541169047356,0.0
562,adam,0.0008357223123311996,0.019649680703878403,0.0
563,adam,0.0008315863087773323,0.005548673681914806,0.0
564,adam,0.0008288586395792663,0.012432952411472797,0.0
565,adam,0.0008266014629043639,0.020700838416814804,0.0
566,adam,0.0008235053974203765,0.02016456425189972,0.0
567,adam,0.0008197337156161666,0.012276596389710903,0.0
568,adam,0.0008162840385921299,0.005109211429953575,0.0
569,adam,0.0008135340176522732,0.011450814083218575,0.0
570,adam,0.0008109422051347792,0.0161393191665411,0.0
571,adam,0.0008078814717009664,0.015233843587338924,0.0
572,adam,0.0008044215501286089,0.009218763560056686,0.0
573,adam,0.0008011608733795583,0.0035725783091038465,0.0
574,adam,0.0007983798277564347,0.008759449236094952,0.0
575,adam,0.0007957016350701451,0.012654611840844154,0.0
576,adam,0.0007926949765533209,0.012282243929803371,0.0
577,adam,0.000789443904068321,0.007938834838569164,0.0
578,adam,0.0007863320061005652,0.0035181939601898193,0.0
579,adam,0.0007834981079213321,0.006408980581909418,0.0
580,adam,0.0007807386573404074,0.009643910452723503,0.0
581,adam,0.0007778371218591928,0.010299690067768097,0.0
582,adam,0.0007747944328002632,0.00804137997329235,0.0
583,adam,0.0007717633270658553,0.004587715491652489,0.0
584,adam,0.0007688638870604336,0.0040558138862252235,0.0
585,adam,0.000766072713304311,0.006810643244534731,0.0
586,adam,0.0007632720516994596,0.008563240990042686,0.0
587,adam,0.0007603771518915892,0.007915033027529716,0.0
588,adam,0.0007574256742373109,0.005547766573727131,0.0
589,adam,0.0007545226253569126,0.0031919493339955807,0.0
590,adam,0.0007517082849517465,0.004262547008693218,0.0
591,adam,0.0007489416748285294,0.006225413177162409,0.0
592,adam,0.0007461481145583093,0.006778651382774115,0.0
593,adam,0.0007433108985424042,0.006043190136551857,0.0
594,adam,0.0007404616917483509,0.00438580522313714,0.0
595,adam,0.0007376424036920071,0.003314449219033122,0.0
596,adam,0.0007348671206273139,0.003668054938316345,0.0
597,adam,0.0007321206503547728,0.0046243853867053986,0.0
598,adam,0.0007293755188584328,0.005274515133351088,0.0
599,adam,0.000726617407053709,0.005050139036029577,0.0
600,adam,0.0007238491089083254,0.00438820943236351,0.0
601,adam,0.000721086049452424,0.0034012217074632645,0.0
602,adam,0.0007183491834439337,0.0030378038063645363,0.0
603,adam,0.0007156392093747854,0.003464370733126998,0.0
604,adam,0.0007129419827833772,0.003987397998571396,0.0
605,adam,0.0007102472009137273,0.004385096020996571,0.0
606,adam,0.0007075516623444855,0.00424559460952878,0.0
607,adam,0.0007048574043437839,0.003935598768293858,0.0
608,adam,0.0007021694909781218,0.003399801207706332,0.0
609,adam,0.0006994955474510789,0.003060565795749426,0.0
610,adam,0.0006968386587686837,0.0030793026089668274,0.0
611,adam,0.0006941944593563676,0.003339976305142045,0.0
612,adam,0.0006915610283613205,0.0037015900015830994,0.0
613,adam,0.0006889302167110145,0.003794779535382986,0.0
614,adam,0.0006863045273348689,0.003761737607419491,0.0
615,adam,0.0006836858810856938,0.0034707721788436174,0.0
616,adam,0.0006810742779634893,0.0032433706801384687,0.0
617,adam,0.0006784728611819446,0.00301357195712626,0.0
618,adam,0.0006758825620636344,0.0029643361922353506,0.0
619,adam,0.0006733026821166277,0.0030030948109924793,0.0
620,adam,0.0006707328138872981,0.003078708192333579,0.0
621,adam,0.0006681716768071055,0.003220295999199152,0.0
622,adam,0.0006656206678599119,0.003251728368923068,0.0
623,adam,0.0006630736752413213,0.0033321359660476446,0.0
624,adam,0.0006605376256629825,0.003258021082729101,0.0
625,adam,0.0006580064073204994,0.003247113898396492,0.0
626,adam,0.0006554834544658661,0.0031268741004168987,0.0
627,adam,0.0006529699894599617,0.0030792441684752703,0.0
628,adam,0.0006504649063572288,0.0029762093909084797,0.0
629,adam,0.0006479683797806501,0.0029293852858245373,0.0
630,adam,0.0006454812828451395,0.0028760929126292467,0.0
631,adam,0.0006430023931898177,0.0028609836008399725,0.0
632,adam,0.0006405346211977303,0.0028697014786303043,0.0
633,adam,0.0006380738341249526,0.0028790917713195086,0.0
634,adam,0.0006356213125400245,0.002917918609455228,0.0
635,adam,0.0006331758922897279,0.002921224804595113,0.0
636,adam,0.000630741473287344,0.0029717267025262117,0.0
637,adam,0.0006283134571276605,0.0029698109719902277,0.0
638,adam,0.0006258947541937232,0.0030436275992542505,0.0
639,adam,0.000623485422693193,0.003053405089303851,0.0
640,adam,0.0006210827268660069,0.00316830025985837,0.0
641,adam,0.0006186902173794806,0.0032134742941707373,0.0
642,adam,0.0006163079524412751,0.0034056389704346657,0.0
643,adam,0.0006139333709143102,0.0035386879462748766,0.0
644,adam,0.0006115718279033899,0.0038842184003442526,0.0
645,adam,0.0006092197145335376,0.004202617332339287,0.0
646,adam,0.0006068832008168101,0.0048342482186853886,0.0
647,adam,0.0006045629852451384,0.005514736287295818,0.0
648,adam,0.0006022683228366077,0.006669948343187571,0.0
649,adam,0.0006000087596476078,0.008046507835388184,0.0
650,adam,0.0005978082772344351,0.010174509137868881,0.0
651,adam,0.0005957033135928214,0.012865903787314892,0.0
652,adam,0.0005937659880146384,0.016811076551675797,0.0
653,adam,0.0005921355332247913,0.022015167400240898,0.0
654,adam,0.0005910689360462129,0.029472840949892998,0.0
655,adam,0.0005910701584070921,0.039620719850063324,0.0
656,adam,0.0005931432824581861,0.05407567694783211,0.0
657,adam,0.0005992366350255907,0.07421853393316269,0.0
658,adam,0.0006134356954135001,0.10297942906618118,0.0
659,adam,0.0006435656687244773,0.1437510997056961,0.0
660,adam,0.0007067225524224341,0.20199869573116302,0.0
661,adam,0.00083339330740273,0.28487321734428406,0.0
662,adam,0.001090536592528224,0.4007667303085327,0.0
663,adam,0.0015632226131856441,0.5587002635002136,0.0
664,adam,0.002404028782621026,0.7554971575737,0.0
665,adam,0.003468332579359412,0.9659530520439148,0.0
666,adam,0.004411504603922367,1.1120240688323975,0.0
667,adam,0.004029769450426102,1.0825788974761963,0.0
668,adam,0.0024621859192848206,0.8121209740638733,0.0
669,adam,0.0010332788806408644,0.3884240388870239,0.0
670,adam,0.0009841048158705235,0.3226659297943115,0.0
671,adam,0.0018419389380142093,0.6391769647598267,0.0
672,adam,0.002212574239820242,0.7564005851745605,0.0
673,adam,0.001618355163373053,0.601869523525238,0.0
674,adam,0.0008397344499826431,0.27407416701316833,0.0
675,adam,0.0008618392166681588,0.30558377504348755,0.0
676,adam,0.001448438037186861,0.5569515228271484,0.0
677,adam,0.0014861267991364002,0.562465250492096,0.0
678,adam,0.0008363482193090022,0.30029043555259705,0.0
679,adam,0.0006072266842238605,0.13843196630477905,0.0
680,adam,0.0010748530039563775,0.42647069692611694,0.0
681,adam,0.0012093577533960342,0.47421231865882874,0.0
682,adam,0.0007352455868385732,0.25564268231391907,0.0
683,adam,0.0005647309008054435,0.08820399641990662,0.0
684,adam,0.0008906674338504672,0.34264490008354187,0.0
685,adam,0.0009542204206809402,0.3773506283760071,0.0
686,adam,0.0006589872064068913,0.20513486862182617,0.0
687,adam,0.0005835644551552832,0.11094951629638672,0.0
688,adam,0.0007519731298089027,0.26951542496681213,0.0
689,adam,0.0007674247608520091,0.2865957021713257,0.0
690,adam,0.0006346472073346376,0.17921322584152222,0.0
691,adam,0.0005894406349398196,0.12028562277555466,0.0
692,adam,0.0006355844088830054,0.19213150441646576,0.0
693,adam,0.000660825869999826,0.21542251110076904,0.0
694,adam,0.000629049667622894,0.17036095261573792,0.0
695,adam,0.0005690469406545162,0.10553241521120071,0.0
696,adam,0.000558603904210031,0.12008225917816162,0.0
697,adam,0.0006064185872673988,0.16752216219902039,0.0
698,adam,0.0006091368850320578,0.15801896154880524,0.0
699,adam,0.0005425242707133293,0.08376652002334595,0.0
700,adam,0.0005200139712542295,0.061202213168144226,0.0
701,adam,0.0005707169766537845,0.13259457051753998,0.0
702,adam,0.0005813095485791564,0.1399395912885666,0.0
703,adam,0.0005246200016699731,0.07299112528562546,0.0
704,adam,0.0005050728796049953,0.02675379440188408,0.0
705,adam,0.0005410115700215101,0.10167280584573746,0.0
706,adam,0.0005489610484801233,0.1163812056183815,0.0
707,adam,0.0005151853547431529,0.07485838979482651,0.0
708,adam,0.0004997437354177237,0.03429155796766281,0.0
709,adam,0.000514844199642539,0.07103614509105682,0.0
710,adam,0.0005213033873587847,0.09057171642780304,0.0
711,adam,0.0005081742419861257,0.07763764262199402,0.0
712,adam,0.0004970770096406341,0.052093397825956345,0.0
713,adam,0.0004961203085258603,0.045495640486478806,0.0
714,adam,0.0004985629348084331,0.06238395720720291,0.0
715,adam,0.0004988231230527163,0.07311008125543594,0.0
716,adam,0.0004934647586196661,0.06279611587524414,0.0
717,adam,0.0004847797390539199,0.03521037846803665,0.0
718,adam,0.00048211548710241914,0.03326079621911049,0.0
719,adam,0.00048663606867194176,0.05902028828859329,0.0
720,adam,0.00048686860827729106,0.0638478696346283,0.0
721,adam,0.00047830032417550683,0.04038055241107941,0.0
722,adam,0.00047182454727590084,0.007287485990673304,0.0
723,adam,0.000474181113531813,0.0382767990231514,0.0
724,adam,0.0004770042432937771,0.05449516698718071,0.0
725,adam,0.00047255540266633034,0.04511575400829315,0.0
726,adam,0.00046598247718065977,0.017869651317596436,0.0
727,adam,0.0004644696309696883,0.0174343753606081,0.0
728,adam,0.0004659486294258386,0.03723832592368126,0.0
729,adam,0.0004648295580409467,0.04010526463389397,0.0
730,adam,0.0004610847099684179,0.02910969965159893,0.0
731,adam,0.0004580905369948596,0.016367293894290924,0.0
732,adam,0.0004567838041111827,0.019585054367780685,0.0
733,adam,0.00045579319703392684,0.02626621350646019,0.0
734,adam,0.0004544048570096493,0.027216611430048943,0.0
735,adam,0.0004526234115473926,0.023747816681861877,0.0
736,adam,0.00045036576921120286,0.017442086711525917,0.0
737,adam,0.00044804351637139916,0.012077986262738705,0.0
738,adam,0.0004465454549062997,0.014851123094558716,0.0
739,adam,0.00044578145025298,0.020293748006224632,0.0
740,adam,0.00044452198198996484,0.021178975701332092,0.0
741,adam,0.00044220086419954896,0.015200183726847172,0.0
742,adam,0.00043982453644275665,0.005020648706704378,0.0
743,adam,0.0004384088679216802,0.007850423455238342,0.0
744,adam,0.00043757061939686537,0.015319112688302994,0.0
745,adam,0.00043625858961604536,0.01722964644432068,0.0
746,adam,0.0004342625616118312,0.013503186404705048,0.0
747,adam,0.0004322650784160942,0.007502204738557339,0.0
748,adam,0.00043075127177871764,0.0061838263645768166,0.0
749,adam,0.00042950728675350547,0.009949566796422005,0.0
750,adam,0.0004281415604054928,0.012186210602521896,0.0
751,adam,0.00042657332960516214,0.01212239172309637,0.0
752,adam,0.0004249476478435099,0.010748915374279022,0.0
753,adam,0.00042335042962804437,0.008131589740514755,0.0
754,adam,0.00042180364835076034,0.005859213415533304,0.0
755,adam,0.0004203435964882374,0.006401589140295982,0.0
756,adam,0.0004189771425444633,0.009043598547577858,0.0
757,adam,0.00041760108433663845,0.010770984925329685,0.0
758,adam,0.0004160954267717898,0.009732508100569248,0.0
759,adam,0.00041449611308053136,0.006555306259542704,0.0
760,adam,0.0004129502922296524,0.002542548580095172,0.0
761,adam,0.0004115455667488277,0.004286434501409531,0.0
762,adam,0.000410218199249357,0.007505672983825207,0.0
763,adam,0.00040884161717258394,0.00849668774753809,0.0
764,adam,0.00040737437666393816,0.00762701453641057,0.0
765,adam,0.0004058775957673788,0.00525048328563571,0.0
766,adam,0.00040442426688969135,0.0034184546675533056,0.0
767,adam,0.0004030233540106565,0.003684587310999632,0.0
768,adam,0.00040164391975849867,0.004645527806133032,0.0
769,adam,0.0004002598871011287,0.0053023346699774265,0.0
770,adam,0.0003988721873611212,0.005225983448326588,0.0
771,adam,0.0003974912688136101,0.005074868910014629,0.0
772,adam,0.000396102259401232,0.004568914882838726,0.0
773,adam,0.0003947049845010042,0.003800424747169018,0.0
774,adam,0.00039330741856247187,0.00284538883715868,0.0
775,adam,0.00039193039992824197,0.0023109212052077055,0.0
776,adam,0.0003905823396053165,0.0028921368066221476,0.0
777,adam,0.00038924883119761944,0.003665211144834757,0.0
778,adam,0.0003879136056639254,0.004123530350625515,0.0
779,adam,0.0003865651087835431,0.004004564601927996,0.0
780,adam,0.0003852108493447304,0.0036020828410983086,0.0
781,adam,0.0003838617412839085,0.0030245764646679163,0.0
782,adam,0.0003825261374004185,0.0027482241857796907,0.0
783,adam,0.0003812006034422666,0.002520896028727293,0.0
784,adam,0.0003798810066655278,0.002529656048864126,0.0
785,adam,0.0003785683074966073,0.0025689778849482536,0.0
786,adam,0.00037726107984781265,0.0027625400107353926,0.0
787,adam,0.000375961244571954,0.0031401305459439754,0.0
788,adam,0.0003746649017557502,0.0033062526490539312,0.0
789,adam,0.00037337205139920115,0.003453696146607399,0.0
790,adam,0.0003720788809005171,0.0031694890931248665,0.0
791,adam,0.0003707885043695569,0.0028974167071282864,0.0
792,adam,0.00036950240610167384,0.0024353577755391598,0.0
793,adam,0.0003682242822833359,0.0022186331916600466,0.0
794,adam,0.0003669538418762386,0.0021496936678886414,0.0
795,adam,0.00036568890209309757,0.0021685026586055756,0.0
796,adam,0.0003644303360488266,0.002280963584780693,0.0
797,adam,0.0003631741274148226,0.002248925855383277,0.0
798,adam,0.00036192371044307947,0.002327338559553027,0.0
799,adam,0.00036067934706807137,0.002321818610653281,0.0
800,adam,0.00035943917464464903,0.0024361051619052887,0.0
801,adam,0.0003582046483643353,0.002493875101208687,0.0
802,adam,0.000356974866008386,0.0025900460314005613,0.0
803,adam,0.0003557488089427352,0.0026179600972682238,0.0
804,adam,0.00035452688462100923,0.0026926537975668907,0.0
805,adam,0.0003533107810653746,0.0027102790772914886,0.0
806,adam,0.00035209953784942627,0.002852234523743391,0.0
807,adam,0.00035089266020804644,0.0029111099429428577,0.0
808,adam,0.0003496932331472635,0.00313289905898273,0.0
809,adam,0.0003484965127427131,0.0032305377535521984,0.0
810,adam,0.00034730733023025095,0.0035174277145415545,0.0
811,adam,0.000346124084899202,0.003698362037539482,0.0
812,adam,0.00034494895953685045,0.004120856057852507,0.0
813,adam,0.00034378256532363594,0.004510686732828617,0.0
814,adam,0.000342627230565995,0.005214362870901823,0.0
815,adam,0.000341487379046157,0.005990929435938597,0.0
816,adam,0.0003403699374757707,0.007190919481217861,0.0
817,adam,0.0003392861399333924,0.00862049963325262,0.0
818,adam,0.0003382520517334342,0.010679065249860287,0.0
819,adam,0.000337302713887766,0.01324046403169632,0.0
820,adam,0.0003364937147125602,0.01680542528629303,0.0
821,adam,0.0003359208640176803,0.02138420380651951,0.0
822,adam,0.00033576611895114183,0.02767990715801716,0.0
823,adam,0.00033634586725383997,0.03598081320524216,0.0
824,adam,0.0003382663708180189,0.04737601429224014,0.0
825,adam,0.000342606013873592,0.06273061037063599,0.0
826,adam,0.0003515211574267596,0.08389643579721451,0.0
827,adam,0.00036879637627862394,0.11289945244789124,0.0
828,adam,0.0004023862711619586,0.1530090570449829,0.0
829,adam,0.0004654770018532872,0.20843592286109924,0.0
830,adam,0.0005870603490620852,0.28446945548057556,0.0
831,adam,0.0008061745320446789,0.3880143165588379,0.0
832,adam,0.0012092350516468287,0.5229801535606384,0.0
833,adam,0.0018260488286614418,0.6899887323379517,0.0
834,adam,0.0027211164124310017,0.8672745823860168,0.0
835,adam,0.0034228339791297913,1.0091657638549805,0.0
836,adam,0.0035964366979897022,1.044012188911438,0.0
837,adam,0.002716551534831524,0.9177172780036926,0.0
838,adam,0.0015113295521587133,0.6492212414741516,0.0
839,adam,0.0008230409002862871,0.3752177655696869,0.0
840,adam,0.0008607564959675074,0.36959171295166016,0.0
841,adam,0.0012445602333173156,0.5446503758430481,0.0
842,adam,0.001482643187046051,0.6419966816902161,0.0
843,adam,0.0013600751990452409,0.596623420715332,0.0
844,adam,0.0008824826800264418,0.4072619378566742,0.0
845,adam,0.0004874820006079972,0.20039823651313782,0.0
846,adam,0.0006514145061373711,0.34324589371681213,0.0
847,adam,0.0010636631632223725,0.5053263902664185,0.0
848,adam,0.0009913372341543436,0.46975257992744446,0.0
849,adam,0.0004903757944703102,0.23367060720920563,0.0
850,adam,0.00034229998709633946,0.10020147264003754,0.0
851,adam,0.0006789016188122332,0.3477097153663635,0.0
852,adam,0.0008194151450879872,0.41045665740966797,0.0
853,adam,0.0005322092329151928,0.27622097730636597,0.0
854,adam,0.0003368979669176042,0.08345150202512741,0.0
855,adam,0.000471322302473709,0.2175479531288147,0.0
856,adam,0.0005869080778211355,0.3031983971595764,0.0
857,adam,0.0004964244435541332,0.2578059732913971,0.0
858,adam,0.00039815105265006423,0.163211390376091,0.0
859,adam,0.00040083975181914866,0.15173707902431488,0.0
860,adam,0.0004155471397098154,0.18658185005187988,0.0
861,adam,0.00041407454409636557,0.19701175391674042,0.0
862,adam,0.0004215589724481106,0.18708248436450958,0.0
863,adam,0.00039610109524801373,0.15087725222110748,0.0
864,adam,0.00033643501228652894,0.09650631248950958,0.0
865,adam,0.0003377135726623237,0.11461292952299118,0.0
866,adam,0.00039520137943327427,0.16619588434696198,0.0
867,adam,0.0003921021707355976,0.15804097056388855,0.0
868,adam,0.0003231131413485855,0.08101330697536469,0.0
869,adam,0.0002991657820530236,0.031394608318805695,0.0
870,adam,0.00034493813291192055,0.11577159911394119,0.0
871,adam,0.00036697357427328825,0.1404034048318863,0.0
872,adam,0.0003286112332716584,0.10203813761472702,0.0
873,adam,0.0002982690930366516,0.04525972530245781,0.0
874,adam,0.0003110335092060268,0.06768598407506943,0.0
875,adam,0.0003271003079134971,0.09756442904472351,0.0
876,adam,0.00031967725954018533,0.09588587284088135,0.0
877,adam,0.0003070461971219629,0.07999467104673386,0.0
878,adam,0.00030363519908860326,0.0673336386680603,0.0
879,adam,0.00030113267712295055,0.057255733758211136,0.0
880,adam,0.00029818841721862555,0.05909009650349617,0.0
881,adam,0.00030156158027239144,0.07556379586458206,0.0
882,adam,0.0003042093012481928,0.080592580139637,0.0
883,adam,0.00029583662399090827,0.06017281487584114,0.0
884,adam,0.0002851284807547927,0.022794213145971298,0.0
885,adam,0.00028649510932154953,0.03935547545552254,0.0
886,adam,0.000294853700324893,0.067928746342659,0.0
887,adam,0.0002944752050098032,0.06837888062000275,0.0
888,adam,0.00028483261121436954,0.042435817420482635,0.0
889,adam,0.0002790563739836216,0.00940062664449215,0.0
890,adam,0.0002819454239215702,0.03468368947505951,0.0
891,adam,0.0002852759789675474,0.051829177886247635,0.0
892,adam,0.0002830893499776721,0.048816196620464325,0.0
893,adam,0.00027886786847375333,0.034591469913721085,0.0
894,adam,0.0002770482678897679,0.025050293654203415,0.0
895,adam,0.00027671438874676824,0.027276400476694107,0.0
896,adam,0.00027575675630941987,0.030018022283911705,0.0
897,adam,0.000274838472250849,0.03080846183001995,0.0
898,adam,0.0002747230464592576,0.03217426314949989,0.0
899,adam,0.0002739480114541948,0.030000418424606323,0.0
900,adam,0.0002715577429626137,0.021065514534711838,0.0
901,adam,0.00026926700957119465,0.009873893111944199,0.0
902,adam,0.00026897937641479075,0.01622529700398445,0.0
903,adam,0.00026976445224136114,0.0259996484965086,0.0
904,adam,0.0002693006827030331,0.027395974844694138,0.0
905,adam,0.00026721504400484264,0.02026965096592903,0.0
906,adam,0.00026522495318204165,0.009058439172804356,0.0
907,adam,0.0002645325439516455,0.009081900119781494,0.0
908,adam,0.00026449153665453196,0.016329295933246613,0.0
909,adam,0.0002639837039168924,0.01911533623933792,0.0
910,adam,0.0002629017981234938,0.0180619265884161,0.0
911,adam,0.00026181736029684544,0.01588001661002636,0.0
912,adam,0.0002609511138871312,0.014229252003133297,0.0
913,adam,0.00026007418637163937,0.011532693170011044,0.0
914,adam,0.0002591258380562067,0.008808092214167118,0.0
915,adam,0.00025835304404608905,0.009938133880496025,0.0
916,adam,0.0002578370040282607,0.01380192767828703,0.0
917,adam,0.00025727812317200005,0.015991825610399246,0.0
918,adam,0.0002563855377957225,0.013987686485052109,0.0
919,adam,0.0002552761579863727,0.008821988478302956,0.0
920,adam,0.00025431776884943247,0.0021069005597382784,0.0
921,adam,0.0002536655811127275,0.00564573472365737,0.0
922,adam,0.0002531380741856992,0.010240841656923294,0.0
923,adam,0.0002524827141314745,0.011543788947165012,0.0
924,adam,0.00025166140403598547,0.010543345473706722,0.0
925,adam,0.0002508122706785798,0.008063371293246746,0.0
926,adam,0.00025003671180456877,0.006396654527634382,0.0
927,adam,0.0002493062929715961,0.005857117008417845,0.0
928,adam,0.0002485606528352946,0.005383642856031656,0.0
929,adam,0.00024780406965874135,0.0050778440199792385,0.0
930,adam,0.0002470918989274651,0.005281455814838409,0.0
931,adam,0.00024643100914545357,0.006489740218967199,0.0
932,adam,0.00024576662690378726,0.007190894801169634,0.0
933,adam,0.00024504412431269884,0.006816694047302008,0.0
934,adam,0.0002442678087390959,0.005262622144073248,0.0
935,adam,0.00024349766317754984,0.003193276934325695,0.0
936,adam,0.00024277737247757614,0.0020268859807401896,0.0
937,adam,0.00024210211995523423,0.0031253111083060503,0.0
938,adam,0.00024143469636328518,0.004087573383003473,0.0
939,adam,0.00024075010151136667,0.004511894192546606,0.0
940,adam,0.00024005181330721825,0.004560279194265604,0.0
941,adam,0.00023935841454658657,0.004541710484772921,0.0
942,adam,0.00023867403797339648,0.004786692559719086,0.0
943,adam,0.00023799132031854242,0.004570811055600643,0.0
944,adam,0.00023729761596769094,0.004169721156358719,0.0
945,adam,0.0002365984400967136,0.002999576274305582,0.0
946,adam,0.00023590534692630172,0.0019555764738470316,0.0
947,adam,0.00023522900301031768,0.0015729983570054173,0.0
948,adam,0.0002345676184631884,0.0022511074785143137,0.0
949,adam,0.00023391110880766064,0.0031411878298968077,0.0
950,adam,0.0002332532312721014,0.0033836341463029385,0.0
951,adam,0.00023259005683939904,0.003529192879796028,0.0
952,adam,0.00023192500520963222,0.003233262337744236,0.0
953,adam,0.00023126578889787197,0.0031793820671737194,0.0
954,adam,0.00023061109823174775,0.003058255184441805,0.0
955,adam,0.00022995934705249965,0.003049055812880397,0.0
956,adam,0.00022930590785108507,0.0028893989510834217,0.0
957,adam,0.00022865226492285728,0.0026162071153521538,0.0
958,adam,0.0002279999025631696,0.002248254371806979,0.0
959,adam,0.00022735203674528748,0.0019948091357946396,0.0
960,adam,0.00022670954058412462,0.0017986278980970383,0.0
961,adam,0.00022607023129239678,0.0018853795481845737,0.0
962,adam,0.00022543486556969583,0.0017938226228579879,0.0
963,adam,0.00022480104235000908,0.0018262132070958614,0.0
964,adam,0.00022416836873162538,0.0016187706496566534,0.0
965,adam,0.0002235373976873234,0.0015460625290870667,0.0
966,adam,0.00022291019558906555,0.0015134119894355536,0.0
967,adam,0.00022228604939300567,0.001566872582770884,0.0
968,adam,0.00022166593407746404,0.0017952745547518134,0.0
969,adam,0.0002210475067840889,0.001849667401984334,0.0
970,adam,0.00022043200442567468,0.002061081351712346,0.0
971,adam,0.00021981692407280207,0.002034780802205205,0.0
972,adam,0.0002192054525949061,0.0022106159012764692,0.0
973,adam,0.0002185964403906837,0.002243099035695195,0.0
974,adam,0.00021799142996314913,0.002515742788091302,0.0
975,adam,0.00021739026124123484,0.002727898070588708,0.0
976,adam,0.00021679390920326114,0.0031694206409156322,0.0
977,adam,0.0002162017917726189,0.003598573850467801,0.0
978,adam,0.00021561844914685935,0.004301066044718027,0.0
979,adam,0.00021504366304725409,0.005059103947132826,0.0
980,adam,0.00021448437473736703,0.006217563524842262,0.0
981,adam,0.00021394813666120172,0.007548581343144178,0.0
982,adam,0.00021344836568459868,0.009473539888858795,0.0
983,adam,0.00021300808293744922,0.01178786065429449,0.0
984,adam,0.00021266643307171762,0.015016244724392891,0.0
985,adam,0.00021249156270641834,0.019058704376220703,0.0
986,adam,0.00021260397625155747,0.024607768282294273,0.0
987,adam,0.0002132192748831585,0.03178536146879196,0.0
988,adam,0.00021472410298883915,0.04158632457256317,0.0
989,adam,0.00021781888790428638,0.05457876995205879,0.0
990,adam,0.0002238163724541664,0.07234162092208862,0.0
991,adam,0.0002350773138459772,0.09630411863327026,0.0
992,adam,0.00025619310326874256,0.1291598081588745,0.0
993,adam,0.0002953043149318546,0.17400264739990234,0.0
994,adam,0.0003687255084514618,0.23548521101474762,0.0
995,adam,0.0005036314832977951,0.3194980025291443,0.0
996,adam,0.0007546419510617852,0.43276238441467285,0.0
997,adam,0.001192859373986721,0.5827930569648743,0.0
998,adam,0.0019434296991676092,0.7697569727897644,0.0
999,adam,0.002992012305185199,0.9823388457298279,0.0
1000,adam,0.004202648997306824,1.1704814434051514,0.0
1001,adam,0.004635616205632687,1.2468299865722656,0.0
1002,adam,0.00369401928037405,1.1067932844161987,0.0
1003,adam,0.0016562012024223804,0.7222931385040283,0.0
1004,adam,0.00038264886825345457,0.23288153111934662,0.0
1005,adam,0.0008218858856707811,0.4324989318847656,0.0
1006,adam,0.001889107283204794,0.7569849491119385,0.0
1007,adam,0.0020451941527426243,0.8034031987190247,0.0
1008,adam,0.0011075518559664488,0.5672088861465454,0.0
1009,adam,0.00041503916145302355,0.2405078262090683,0.0
1010,adam,0.0006991499685682356,0.3817962110042572,0.0
1011,adam,0.0011874160263687372,0.5792707204818726,0.0
1012,adam,0.0010605399729683995,0.5515614151954651,0.0
1013,adam,0.0005654822452925146,0.3439599573612213,0.0
1014,adam,0.0004174704081378877,0.22803661227226257,0.0
1015,adam,0.000651676906272769,0.3786852955818176,0.0
1016,adam,0.000757116184104234,0.4419141113758087,0.0
1017,adam,0.0005744611844420433,0.3527213931083679,0.0
1018,adam,0.00038575392682105303,0.21475671231746674,0.0
1019,adam,0.00039940126589499414,0.240532785654068,0.0
1020,adam,0.0005062660202383995,0.32709038257598877,0.0
1021,adam,0.0005024436977691948,0.3181857168674469,0.0
1022,adam,0.0003789531474467367,0.2220085710287094,0.0
1023,adam,0.0002984045713674277,0.15935853123664856,0.0
1024,adam,0.00034752817009575665,0.22724953293800354,0.0
1025,adam,0.0004136273928452283,0.2689727544784546,0.0
1026,adam,0.00036127542261965573,0.2177341729402542,0.0
1027,adam,0.0002579650899861008,0.12041384726762772,0.0
1028,adam,0.0002584645408205688,0.14519329369068146,0.0
1029,adam,0.0003351014747750014,0.21534375846385956,0.0
1030,adam,0.00033370102755725384,0.2038843333721161,0.0
1031,adam,0.0002463218697812408,0.11420053988695145,0.0
1032,adam,0.0002141071599908173,0.07843923568725586,0.0
1033,adam,0.00027268240228295326,0.16165736317634583,0.0
1034,adam,0.00030103320023044944,0.18150009214878082,0.0
1035,adam,0.00024425546871498227,0.11957152187824249,0.0
1036,adam,0.00019776684348471463,0.03225487843155861,0.0
1037,adam,0.00022797100245952606,0.10697446018457413,0.0
1038,adam,0.00026594093651510775,0.15167665481567383,0.0
1039,adam,0.00024129555094987154,0.12180408090353012,0.0
1040,adam,0.00019721681019291282,0.0384104922413826,0.0
1041,adam,0.00020171506912447512,0.05696191266179085,0.0
1042,adam,0.0002335802564630285,0.11518796533346176,0.0
1043,adam,0.00023259709996636957,0.11460071802139282,0.0
1044,adam,0.00020197870617266744,0.06128782033920288,0.0
1045,adam,0.00019086472457274795,0.01676126755774021,0.0
1046,adam,0.00020856551418546587,0.07644184678792953,0.0
1047,adam,0.00021872104844078422,0.09674981981515884,0.0
1048,adam,0.00020455381309147924,0.07319709658622742,0.0
1049,adam,0.00018975285638589412,0.025705212727189064,0.0
1050,adam,0.00019361609884072095,0.04094129428267479,0.0
1051,adam,0.0002036362129729241,0.07131132483482361,0.0
1052,adam,0.00020168036280665547,0.07051846385002136,0.0
1053,adam,0.00019155927293468267,0.04445835202932358,0.0
1054,adam,0.00018772415933199227,0.023833446204662323,0.0
1055,adam,0.00019201058603357524,0.04378587752580643,0.0
1056,adam,0.00019470383995212615,0.05659173056483269,0.0
1057,adam,0.0001912457519210875,0.04958544299006462,0.0
1058,adam,0.000186700708582066,0.03195161372423172,0.0
1059,adam,0.000185943121323362,0.025785962119698524,0.0
1060,adam,0.0001874867593869567,0.036397021263837814,0.0
1061,adam,0.00018763015395961702,0.042079195380210876,0.0
1062,adam,0.00018579437164589763,0.03706623613834381,0.0
1063,adam,0.00018388025637250394,0.027192777022719383,0.0
1064,adam,0.0001830875116866082,0.022481344640254974,0.0
1065,adam,0.00018305405683349818,0.026825258508324623,0.0
1066,adam,0.00018296575581189245,0.03126419708132744,0.0
1067,adam,0.00018234868184663355,0.029988666996359825,0.0
1068,adam,0.0001812195114325732,0.02372075244784355,0.0
1069,adam,0.00018008028564509004,0.01708308793604374,0.0
1070,adam,0.00017955734801944345,0.018184306100010872,0.0
1071,adam,0.00017961931007448584,0.02369736321270466,0.0
1072,adam,0.00017949036555364728,0.025028428062796593,0.0
1073,adam,0.0001786113134585321,0.020508965477347374,0.0
1074,adam,0.0001774162519723177,0.01248937752097845,0.0
1075,adam,0.00017677956202533096,0.011164168827235699,0.0
1076,adam,0.0001768369838828221,0.017646217718720436,0.0
1077,adam,0.00017683212354313582,0.020678305998444557,0.0
1078,adam,0.00017615305841900408,0.01776019111275673,0.0
1079,adam,0.0001750996452756226,0.010095937177538872,0.0
1080,adam,0.0001744202891131863,0.005583772901445627,0.0
1081,adam,0.0001743304601404816,0.012231690809130669,0.0
1082,adam,0.00017430873413104564,0.016364481300115585,0.0
1083,adam,0.00017383330850861967,0.015407887287437916,0.0
1084,adam,0.00017299829050898552,0.009658228605985641,0.0
1085,adam,0.00017230951925739646,0.0023945558350533247,0.0
1086,adam,0.0001720299042062834,0.007085773162543774,0.0
1087,adam,0.00017191852384712547,0.011925850994884968,0.0
1088,adam,0.0001715941762086004,0.0128960981965065,0.0
1089,adam,0.00017098401440307498,0.009766154922544956,0.0
1090,adam,0.0001703462185105309,0.0042394474148750305,0.0
1091,adam,0.00016992153541650623,0.0026406918186694384,0.0
1092,adam,0.00016967889678198844,0.007384361699223518,0.0
1093,adam,0.00016940794012043625,0.009785632602870464,0.0
1094,adam,0.00016897569003049284,0.009101941250264645,0.0
1095,adam,0.0001684457529336214,0.006219352129846811,0.0
1096,adam,0.00016796715499367565,0.002469458384439349,0.0
1097,adam,0.00016760610742494464,0.0034638785291463137,0.0
1098,adam,0.0001673007500357926,0.006160002667456865,0.0
1099,adam,0.00016695482190698385,0.007184064947068691,0.0
1100,adam,0.000166536497999914,0.006532511208206415,0.0
1101,adam,0.0001660910784266889,0.004482272546738386,0.0
1102,adam,0.00016567792044952512,0.00273904949426651,0.0
1103,adam,0.00016531237633898854,0.003050945233553648,0.0
1104,adam,0.00016496589523740113,0.004415074363350868,0.0
1105,adam,0.00016460413462482393,0.005117353051900864,0.0
1106,adam,0.00016421781037934124,0.004755839705467224,0.0
1107,adam,0.00016382205649279058,0.003919691313058138,0.0
1108,adam,0.00016343483002856374,0.0027780334930866957,0.0
1109,adam,0.00016306369798257947,0.002554236678406596,0.0
1110,adam,0.0001627016463316977,0.002922797342762351,0.0
1111,adam,0.00016233994392678142,0.003369246842339635,0.0
1112,adam,0.00016197425429709256,0.0035945551935583353,0.0
1113,adam,0.00016160561062861234,0.003284892998635769,0.0
1114,adam,0.000161236384883523,0.002937972778454423,0.0
1115,adam,0.00016086859977804124,0.0022975585889071226,0.0
1116,adam,0.00016050401609390974,0.00206746649928391,0.0
1117,adam,0.0001601438270881772,0.002092089969664812,0.0
1118,adam,0.00015978794544935226,0.002322633285075426,0.0
1119,adam,0.00015943394100759178,0.002647043438628316,0.0
1120,adam,0.0001590790052432567,0.0025571605656296015,0.0
1121,adam,0.00015872277435846627,0.00246643484570086,0.0
1122,adam,0.0001583652338013053,0.001940352376550436,0.0
1123,adam,0.00015800882829353213,0.0016144998371601105,0.0
1124,adam,0.00015765657008159906,0.001429273746907711,0.0
1125,adam,0.00015730803715996444,0.0015859153354540467,0.0
1126,adam,0.00015696347691118717,0.001971490914002061,0.0
1127,adam,0.00015661836368963122,0.0020303428173065186,0.0
1128,adam,0.00015627313405275345,0.002108491025865078,0.0
1129,adam,0.00015592621639370918,0.0017587326001375914,0.0
1130,adam,0.00015557871665805578,0.0015121559845283628,0.0
1131,adam,0.0001552349713165313,0.001161367166787386,0.0
1132,adam,0.0001548937289044261,0.0011307921959087253,0.0
1133,adam,0.00015455532411579043,0.001371084712445736,0.0
1134,adam,0.00015421831631101668,0.0014994804514572024,0.0
1135,adam,0.0001538826327305287,0.0017145390156656504,0.0
1136,adam,0.00015354625065810978,0.0015869508497416973,0.0
1137,adam,0.00015321042155846953,0.001542967278510332,0.0
1138,adam,0.0001528743887320161,0.0012547863880172372,0.0
1139,adam,0.00015254066966008395,0.001139752333983779,0.0
1140,adam,0.00015220881323330104,0.0010543775279074907,0.0
1141,adam,0.0001518788340035826,0.001090771984308958,0.0
1142,adam,0.00015155045548453927,0.0012624840019270778,0.0
1143,adam,0.00015122295008040965,0.0012820383999496698,0.0
1144,adam,0.00015089634689502418,0.0014064888237044215,0.0
1145,adam,0.0001505710242781788,0.0013013463467359543,0.0
1146,adam,0.00015024514868855476,0.001311659929342568,0.0
1147,adam,0.00014992141223046929,0.0011507681338116527,0.0
1148,adam,0.0001495981850894168,0.0011200716253370047,0.0
1149,adam,0.0001492765441071242,0.0010464214719831944,0.0
1150,adam,0.00014895711501594633,0.001043851487338543,0.0
1151,adam,0.0001486382243456319,0.0010909304255619645,0.0
1152,adam,0.00014832057058811188,0.0010873087448999286,0.0
1153,adam,0.00014800393546465784,0.0011701718904078007,0.0
1154,adam,0.00014768823166377842,0.0011273750569671392,0.0
1155,adam,0.00014737373567186296,0.0011874103220179677,0.0
1156,adam,0.00014706002548336983,0.0011152029037475586,0.0
1157,adam,0.00014674717385787517,0.0011483911657705903,0.0
1158,adam,0.00014643593749497086,0.0010784643236547709,0.0
1159,adam,0.00014612526865676045,0.001095814979635179,0.0
1160,adam,0.00014581625873688608,0.0010525676188990474,0.0
1161,adam,0.00014550797641277313,0.0010578023502603173,0.0
1162,adam,0.0001452007854823023,0.001043197582475841,0.0
1163,adam,0.00014489507884718478,0.0010354266269132495,0.0
1164,adam,0.00014459020167123526,0.0010415945434942842,0.0
1165,adam,0.00014428571739699692,0.001021325122565031,0.0
1166,adam,0.0001439831976313144,0.0010385628556832671,0.0
1167,adam,0.00014368134725373238,0.0010113766184076667,0.0
1168,adam,0.0001433806464774534,0.0010348055511713028,0.0
1169,adam,0.00014308108075056225,0.0010051470017060637,0.0
1170,adam,0.00014278235903475434,0.0010318594286218286,0.0
1171,adam,0.000142484757816419,0.0010042748181149364,0.0
1172,adam,0.00014218820433598012,0.0010316661791875958,0.0
1173,adam,0.00014189237845130265,0.0010069039417430758,0.0
1174,adam,0.00014159816782921553,0.0010352653916925192,0.0
1175,adam,0.00014130432100500911,0.0010137606877833605,0.0
1176,adam,0.00014101182750891894,0.0010444343788549304,0.0
1177,adam,0.0001407203817507252,0.001027631456963718,0.0
1178,adam,0.0001404297217959538,0.0010655943769961596,0.0
1179,adam,0.00014014066255185753,0.0010532863670960069,0.0
1180,adam,0.00013985205441713333,0.001102933892980218,0.0
1181,adam,0.00013956545444671065,0.001097350032068789,0.0
1182,adam,0.00013927849067840725,0.001168002374470234,0.0
1183,adam,0.00013899302575737238,0.0011753502767533064,0.0
1184,adam,0.00013870889961253852,0.001279301941394806,0.0
1185,adam,0.0001384262286592275,0.0013159955851733685,0.0
1186,adam,0.00013814447447657585,0.0014797371113672853,0.0
1187,adam,0.00013786392810288817,0.0015778136439621449,0.0
1188,adam,0.00013758525892626494,0.0018419467378407717,0.0
1189,adam,0.00013730891805607826,0.002049866830930114,0.0
1190,adam,0.0001370344398310408,0.0024697158951312304,0.0
1191,adam,0.00013676423986908048,0.0028681461699306965,0.0
1192,adam,0.00013649783795699477,0.003544346895068884,0.0
1193,adam,0.00013623907580040395,0.0042683444917202,0.0
1194,adam,0.00013599215890280902,0.005374129395931959,0.0
1195,adam,0.00013576389756053686,0.006653113290667534,0.0
1196,adam,0.00013556567137129605,0.008486822247505188,0.0
1197,adam,0.00013541760563384742,0.010727445594966412,0.0
1198,adam,0.0001353556290268898,0.013842144049704075,0.0
1199,adam,0.00013544154353439808,0.017795447260141373,0.0
1200,adam,0.00013578619109466672,0.023212116211652756,0.0
1201,adam,0.00013658533862326294,0.030276045203208923,0.0
1202,adam,0.00013819802552461624,0.03991077095270157,0.0
1203,adam,0.00014127152098808438,0.05273077264428139,0.0
1204,adam,0.00014701305190101266,0.07023274898529053,0.0
1205,adam,0.00015762321709189564,0.09385740756988525,0.0
1206,adam,0.00017729193496052176,0.12620721757411957,0.0
1207,adam,0.00021366293367464095,0.17031653225421906,0.0
1208,adam,0.0002814952458720654,0.23076699674129486,0.0
1209,adam,0.0004068756534252316,0.31334200501441956,0.0
1210,adam,0.0006395340897142887,0.42517292499542236,0.0
1211,adam,0.00105542060919106,0.5744425058364868,0.0
1212,adam,0.0017797107575461268,0.7649082541465759,0.0
1213,adam,0.002882207278162241,0.9914308786392212,0.0
1214,adam,0.004306189715862274,1.2150431871414185,0.0
1215,adam,0.005272795911878347,1.355459213256836,0.0
1216,adam,0.004821875132620335,1.2873162031173706,0.0
1217,adam,0.0025625203270465136,0.9323436617851257,0.0
1218,adam,0.0004693720256909728,0.3452964127063751,0.0
1219,adam,0.00044404566870070994,0.31354525685310364,0.0
1220,adam,0.0018738211365416646,0.773391842842102,0.0
1221,adam,0.0025368051137775183,0.9101323485374451,0.0
1222,adam,0.0014319818001240492,0.6754102110862732,0.0
1223,adam,0.00025451063993386924,0.20302797853946686,0.0
1224,adam,0.0005467439768835902,0.3573887348175049,0.0
1225,adam,0.0014117935206741095,0.6525868773460388,0.0
1226,adam,0.0012778572272509336,0.6228294372558594,0.0
1227,adam,0.0004053057637065649,0.3082020878791809,0.0
1228,adam,0.00026612463989295065,0.18465273082256317,0.0
1229,adam,0.0008426886051893234,0.46800756454467773,0.0
1230,adam,0.0009019199060276151,0.5011731386184692,0.0
1231,adam,0.0003640573122538626,0.2798456847667694,0.0
1232,adam,0.0002034404024016112,0.12866245210170746,0.0
1233,adam,0.0005658863228745759,0.3569336235523224,0.0
1234,adam,0.0006467633647844195,0.3975178003311157,0.0
1235,adam,0.000282416760455817,0.22043296694755554,0.0
1236,adam,0.0001723817113088444,0.09701823443174362,0.0
1237,adam,0.0004272820078767836,0.2890859544277191,0.0
1238,adam,0.00046919798478484154,0.31586572527885437,0.0
1239,adam,0.0002229071978945285,0.1655033379793167,0.0
1240,adam,0.0001508595305494964,0.06803014874458313,0.0
1241,adam,0.00032500046654604375,0.23578841984272003,0.0
1242,adam,0.0003599485498853028,0.2560107409954071,0.0
1243,adam,0.0001906623219838366,0.12918829917907715,0.0
1244,adam,0.0001433752477169037,0.06113724783062935,0.0
1245,adam,0.0002589189098216593,0.194965660572052,0.0
1246,adam,0.0002765730023384094,0.20639480650424957,0.0
1247,adam,0.00016936719475779682,0.10295173525810242,0.0
1248,adam,0.00014104667934589088,0.06120917946100235,0.0
1249,adam,0.00021472779917530715,0.16315360367298126,0.0
1250,adam,0.00022513538715429604,0.1699485182762146,0.0
1251,adam,0.0001537616190034896,0.08313638716936111,0.0
1252,adam,0.00013672678323928267,0.05133103206753731,0.0
1253,adam,0.0001863338693510741,0.1363498419523239,0.0
1254,adam,0.00019272831559646875,0.14264993369579315,0.0
1255,adam,0.00014503259444609284,0.0715615451335907,0.0
1256,adam,0.00013131077867001295,0.0320126935839653,0.0
1257,adam,0.00016405315545853227,0.10790623724460602,0.0
1258,adam,0.00017200771253556013,0.11965567618608475,0.0
1259,adam,0.00014117050159256905,0.06712736189365387,0.0
1260,adam,0.00012864168093074113,0.01867092028260231,0.0
1261,adam,0.0001485221873736009,0.0811668261885643,0.0
1262,adam,0.00015620602061972022,0.09637487679719925,0.0
1263,adam,0.00013769872020930052,0.06047876924276352,0.0
1264,adam,0.00012722026440314949,0.014827431179583073,0.0
1265,adam,0.00013873634452465922,0.060257624834775925,0.0
1266,adam,0.00014573625230696052,0.07703316956758499,0.0
1267,adam,0.0001345575146842748,0.05246709659695625,0.0
1268,adam,0.00012561285984702408,0.007611480541527271,0.0
1269,adam,0.00013185240095481277,0.04346366599202156,0.0
1270,adam,0.0001382625923724845,0.06208512932062149,0.0
1271,adam,0.00013251141353975981,0.04742635041475296,0.0
1272,adam,0.0001249181805178523,0.010409710928797722,0.0
1273,adam,0.00012703781249001622,0.028987400233745575,0.0
1274,adam,0.00013222631241660565,0.04931693896651268,0.0
1275,adam,0.00013020554615650326,0.04307331517338753,0.0
1276,adam,0.00012469201465137303,0.017026493325829506,0.0
1277,adam,0.00012439588317647576,0.018630970269441605,0.0
1278,adam,0.0001278523850487545,0.03864958509802818,0.0
1279,adam,0.00012782157864421606,0.03887809067964554,0.0
1280,adam,0.00012414835509844124,0.020520009100437164,0.0
1281,adam,0.00012267082638572901,0.00750143826007843,0.0
1282,adam,0.00012465679901652038,0.027874544262886047,0.0
1283,adam,0.0001256552350241691,0.034021876752376556,0.0
1284,adam,0.0001236438110936433,0.02412426471710205,0.0
1285,adam,0.00012171379785286263,0.0044339364394545555,0.0
1286,adam,0.0001222583814524114,0.015810836106538773,0.0
1287,adam,0.0001234066003235057,0.02623732201755047,0.0
1288,adam,0.00012275821063667536,0.023674579337239265,0.0
1289,adam,0.00012117120058974251,0.011205349117517471,0.0
1290,adam,0.00012077917926944792,0.0069296094588935375,0.0
1291,adam,0.00012149086251156405,0.017953496426343918,0.0
1292,adam,0.00012156931916251779,0.020458845421671867,0.0
1293,adam,0.00012057266576448455,0.013584449887275696,0.0
1294,adam,0.00011976885434705764,0.0019197483779862523,0.0
1295,adam,0.00011991387145826593,0.010286720469594002,0.0
1296,adam,0.00012023658928228542,0.01617143489420414,0.0
1297,adam,0.00011986675235675648,0.01456062775105238,0.0
1298,adam,0.00011911059846170247,0.006982187740504742,0.0
1299,adam,0.00011877409997396171,0.003958409186452627,0.0
1300,adam,0.00011890591122210026,0.011075363494455814,0.0
1301,adam,0.00011888512381119654,0.01322890818119049,0.0
1302,adam,0.00011843731044791639,0.009809027425944805,0.0
1303,adam,0.00011795278260251507,0.0030227808747440577,0.0
1304,adam,0.00011780405475292355,0.005417066626250744,0.0
1305,adam,0.00011782892397604883,0.010173732414841652,0.0
1306,adam,0.00011765937233576551,0.01054836343973875,0.0
1307,adam,0.00011726596858352423,0.006958347279578447,0.0
1308,adam,0.00011693022679537535,0.0014403581153601408,0.0
1309,adam,0.00011680490570142865,0.004844386596232653,0.0
1310,adam,0.00011673387052724138,0.008008659817278385,0.0
1311,adam,0.00011652471584966406,0.007769585587084293,0.0
1312,adam,0.0001162079643108882,0.004770683590322733,0.0
1313,adam,0.00011595284740906209,0.0013948907144367695,0.0
1314,adam,0.00011581747094169259,0.004265955183655024,0.0
1315,adam,0.00011569383786991239,0.006272872909903526,0.0
1316,adam,0.00011548222391866148,0.005801052320748568,0.0
1317,adam,0.00011521433771122247,0.0033301711082458496,0.0
1318,adam,0.00011498849198687822,0.0010459893383085728,0.0
1319,adam,0.00011483264825074002,0.0034402308519929647,0.0
1320,adam,0.00011468395678093657,0.004962839651852846,0.0
1321,adam,0.00011448530858615413,0.00457138754427433,0.0
1322,adam,0.00011425368575146422,0.002735554240643978,0.0
1323,adam,0.000114043963549193,0.0010847138473764062,0.0
1324,adam,0.00011387587437639013,0.0027308552525937557,0.0
1325,adam,0.00011371503205737099,0.004037528298795223,0.0
1326,adam,0.00011352790170349181,0.003911187406629324,0.0
1327,adam,0.00011331716814311221,0.0027006769087165594,0.0
1328,adam,0.00011311559501336887,0.0010555677581578493,0.0
1329,adam,0.00011293740681139752,0.00167372717987746,0.0
1330,adam,0.00011277005251031369,0.0027919940184801817,0.0
1331,adam,0.00011259090388193727,0.002979607554152608,0.0
1332,adam,0.00011239651939831674,0.002308882074430585,0.0
1333,adam,0.00011220212036278099,0.0011074625654146075,0.0
1334,adam,0.00011202101450180635,0.001021286123432219,0.0
1335,adam,0.00011184947652509436,0.0019538963679224253,0.0
1336,adam,0.00011167590855620801,0.002352488460019231,0.0
1337,adam,0.00011149315832881257,0.002107705920934677,0.0
1338,adam,0.0001113066027755849,0.0013691664207726717,0.0
1339,adam,0.00011112444917671382,0.0008593115489929914,0.0
1340,adam,0.00011095071386080235,0.0014063881244510412,0.0
1341,adam,0.00011077896488131955,0.0018749770242720842,0.0
1342,adam,0.00011060376709792763,0.002003719797357917,0.0
1343,adam,0.00011042452388210222,0.0016041952185332775,0.0
1344,adam,0.00011024530977010727,0.0011191953672096133,0.0
1345,adam,0.00011007027205778286,0.0008913666824810207,0.0
1346,adam,0.00010989866132149473,0.001230463501997292,0.0
1347,adam,0.00010972784366458654,0.00148695707321167,0.0
1348,adam,0.00010955525794997811,0.0014626062475144863,0.0
1349,adam,0.00010938039486063644,0.0011958903633058071,0.0
1350,adam,0.00010920722706941888,0.0009690850856713951,0.0
1351,adam,0.00010903611837420613,0.0009882139274850488,0.0
1352,adam,0.00010886735981330276,0.0013083198573440313,0.0
1353,adam,0.00010869914694922045,0.001440593390725553,0.0
1354,adam,0.00010852971900021657,0.0015153890708461404,0.0
1355,adam,0.00010836026922333986,0.0013417170848697424,0.0
1356,adam,0.00010819153249030933,0.0013086103135719895,0.0
1357,adam,0.00010802475298987702,0.0012912581441923976,0.0
1358,adam,0.00010785949416458607,0.001528527238406241,0.0
1359,adam,0.00010769572691060603,0.0016951251309365034,0.0
1360,adam,0.00010753293463494629,0.0019833010155707598,0.0
1361,adam,0.00010737115371739492,0.002205061726272106,0.0
1362,adam,0.00010721167927840725,0.0026708238292485476,0.0
1363,adam,0.00010705710155889392,0.003154822625219822,0.0
1364,adam,0.00010690866474760696,0.003949679899960756,0.0
1365,adam,0.00010676949750632048,0.004769699648022652,0.0
1366,adam,0.0001066448021447286,0.005959924776107073,0.0
1367,adam,0.00010654273501131684,0.007289187051355839,0.0
1368,adam,0.00010647795716067776,0.009167070500552654,0.0
1369,adam,0.00010647537419572473,0.011437216773629189,0.0
1370,adam,0.00010657745588105172,0.01458399835973978,0.0
1371,adam,0.00010685550660127774,0.01854965277016163,0.0
1372,adam,0.00010743593884399161,0.023951733484864235,0.0
1373,adam,0.00010853911226149648,0.03093196079134941,0.0
1374,adam,0.0001105532719520852,0.04037195071578026,0.0
1375,adam,0.00011417320638429374,0.05277753248810768,0.0
1376,adam,0.00012064088514307514,0.06952562183141708,0.0
1377,adam,0.00013218978710938245,0.09178861230611801,0.0
1378,adam,0.00015281846572179347,0.12181801348924637,0.0
1379,adam,0.00018965914205182344,0.16188007593154907,0.0
1380,adam,0.0002550220233388245,0.21543382108211517,0.0
1381,adam,0.0003692426544148475,0.2856716811656952,0.0
1382,adam,0.0005616344278678298,0.37565484642982483,0.0
1383,adam,0.000863857741933316,0.4844091534614563,0.0
1384,adam,0.0012759623350575566,0.6028391718864441,0.0
1385,adam,0.0016981980297714472,0.7051819562911987,0.0
1386,adam,0.0018771784380078316,0.748096227645874,0.0
1387,adam,0.001557802432216704,0.684674859046936,0.0
1388,adam,0.0008533230284228921,0.5016239881515503,0.0
1389,adam,0.0002875262580346316,0.256710946559906,0.0
1390,adam,0.00024375754583161324,0.19043061137199402,0.0
1391,adam,0.0005553839728236198,0.35646969079971313,0.0
1392,adam,0.0007718157139606774,0.45155131816864014,0.0
1393,adam,0.000658915494568646,0.42967501282691956,0.0
1394,adam,0.00040448750951327384,0.32750073075294495,0.0
1395,adam,0.0002989611239172518,0.2476610243320465,0.0
1396,adam,0.0003547240630723536,0.2563925087451935,0.0
1397,adam,0.00038703950121998787,0.27761057019233704,0.0
1398,adam,0.00031603776733390987,0.25843676924705505,0.0
1399,adam,0.0002631178358569741,0.23873339593410492,0.0
1400,adam,0.0003044609911739826,0.2513810396194458,0.0
1401,adam,0.0003385415766388178,0.25540047883987427,0.0
1402,adam,0.0002686336520127952,0.20690418779850006,0.0
1403,adam,0.00015721487579867244,0.12142314016819,0.0
1404,adam,0.00014815149188507348,0.12416522949934006,0.0
1405,adam,0.00023900953237898648,0.20242857933044434,0.0
1406,adam,0.0002877956721931696,0.2306719273328781,0.0
1407,adam,0.00022342090960592031,0.18380244076251984,0.0
1408,adam,0.00012548746599350125,0.07905534654855728,0.0
1409,adam,0.00011040828394470736,0.043685562908649445,0.0
1410,adam,0.00017059264064300805,0.13665391504764557,0.0
1411,adam,0.00020909163868054748,0.1743193119764328,0.0
1412,adam,0.00018127755902241915,0.15369649231433868,0.0
1413,adam,0.00013194892380852252,0.10061663389205933,0.0
1414,adam,0.00011945865844609216,0.07465308904647827,0.0
1415,adam,0.00013830432726535946,0.09772749990224838,0.0
1416,adam,0.00014773367729503661,0.11073406040668488,0.0
1417,adam,0.00013580816448666155,0.10070260614156723,0.0
1418,adam,0.00012430999777279794,0.08985060453414917,0.0
1419,adam,0.00012831274943891913,0.09610240906476974,0.0
1420,adam,0.00013442570343613625,0.10004553198814392,0.0
1421,adam,0.00012617366155609488,0.08333893865346909,0.0
1422,adam,0.00011021359387086704,0.04928024485707283,0.0
1423,adam,0.00010568577272351831,0.04176458343863487,0.0
1424,adam,0.00011661113239824772,0.07331874966621399,0.0
1425,adam,0.0001270118955289945,0.09195401519536972,0.0
1426,adam,0.00012289712321944535,0.08416423201560974,0.0
1427,adam,0.00010905849194386974,0.05298832058906555,0.0
1428,adam,0.00010061777720693499,0.013479741290211678,0.0
1429,adam,0.00010391855175839737,0.03338578715920448,0.0
1430,adam,0.00011139210982946679,0.05852239578962326,0.0
1431,adam,0.00011325065861456096,0.06519054621458054,0.0
1432,adam,0.00010868064418900758,0.05560903996229172,0.0
1433,adam,0.00010399685561424121,0.04080011695623398,0.0
1434,adam,0.00010335822298657149,0.03534993901848793,0.0
1435,adam,0.00010476237366674468,0.038683827966451645,0.0
1436,adam,0.00010444846702739596,0.03818691894412041,0.0
1437,adam,0.00010223594290437177,0.0317656546831131,0.0
1438,adam,0.0001009191619232297,0.027999237179756165,0.0
1439,adam,0.00010200332326348871,0.03367465361952782,0.0
1440,adam,0.00010373946861363947,0.03983338549733162,0.0
1441,adam,0.00010349479271098971,0.0384582057595253,0.0
1442,adam,0.00010103736713062972,0.028220245614647865,0.0
1443,adam,9.856230462901294e-05,0.01161655317991972,0.0
1444,adam,9.809215407585725e-05,0.006468227598816156,0.0
1445,adam,9.938490984495729e-05,0.02104809880256653,0.0
1446,adam,0.00010059773921966553,0.028867851942777634,0.0
1447,adam,0.00010044422378996387,0.029254864901304245,0.0
1448,adam,9.925392078002915e-05,0.02417179010808468,0.0
1449,adam,9.821997809922323e-05,0.01826161891222,0.0
1450,adam,9.797072561923414e-05,0.016399189829826355,0.0
1451,adam,9.813662472879514e-05,0.01777002029120922,0.0
1452,adam,9.804758883547038e-05,0.017399705946445465,0.0
1453,adam,9.755387145560235e-05,0.014331863261759281,0.0
1454,adam,9.707635035738349e-05,0.011476848274469376,0.0
1455,adam,9.701199451228604e-05,0.013113079592585564,0.0
1456,adam,9.72772904788144e-05,0.01723702996969223,0.0
1457,adam,9.743590635480359e-05,0.019306618720293045,0.0
1458,adam,9.717699140310287e-05,0.018005959689617157,0.0
1459,adam,9.659789793659002e-05,0.013440784066915512,0.0
1460,adam,9.606173262000084e-05,0.007177779916673899,0.0
1461,adam,9.583147766534239e-05,0.0034877704456448555,0.0
1462,adam,9.586847590981051e-05,0.007389260455965996,0.0
1463,adam,9.594125731382519e-05,0.010720978491008282,0.0
1464,adam,9.58673408604227e-05,0.011629144661128521,0.0
1465,adam,9.565273649059236e-05,0.010841959156095982,0.0
1466,adam,9.54277566052042e-05,0.009457359090447426,0.0
1467,adam,9.529182716505602e-05,0.009170513600111008,0.0
1468,adam,9.52291811699979e-05,0.009662645868957043,0.0
1469,adam,9.514563862467185e-05,0.009916983544826508,0.0
1470,adam,9.497348219156265e-05,0.008929022587835789,0.0
1471,adam,9.473178943153471e-05,0.006660414859652519,0.0
1472,adam,9.449879144085571e-05,0.0034712154883891344,0.0
1473,adam,9.433958621229976e-05,0.0008079468389041722,0.0
1474,adam,9.4258961325977e-05,0.003280209144577384,0.0
1475,adam,9.420752030564472e-05,0.00539856543764472,0.0
1476,adam,9.413067891728133e-05,0.006436432246118784,0.0
1477,adam,9.40081590670161e-05,0.006449265871196985,0.0
1478,adam,9.386078454554081e-05,0.00595555454492569,0.0
1479,adam,9.372002386953682e-05,0.005498140584677458,0.0
1480,adam,9.360523836221546e-05,0.005661207251250744,0.0
1481,adam,9.350735490443185e-05,0.006043020635843277,0.0
1482,adam,9.340475662611425e-05,0.006333535071462393,0.0
1483,adam,9.328186570201069e-05,0.006009987555444241,0.0
1484,adam,9.313937334809452e-05,0.0052564507350325584,0.0
1485,adam,9.29914676817134e-05,0.004066315945237875,0.0
1486,adam,9.285373380407691e-05,0.0030124119948595762,0.0
1487,adam,9.273283649235964e-05,0.0024121226742863655,0.0
1488,adam,9.262441017199308e-05,0.0025695296935737133,0.0
1489,adam,9.251844312530011e-05,0.002834912156686187,0.0
1490,adam,9.240642248187214e-05,0.0028299810364842415,0.0
1491,adam,9.22868202906102e-05,0.0024736972991377115,0.0
1492,adam,9.216471516992897e-05,0.0018007665639743209,0.0
1493,adam,9.204553498420864e-05,0.0011435498017817736,0.0
1494,adam,9.193274308927357e-05,0.0009855119278654456,0.0
1495,adam,9.18269797693938e-05,0.0015493305400013924,0.0
1496,adam,9.17234574444592e-05,0.0020935258362442255,0.0
1497,adam,9.161936759483069e-05,0.0024781436659395695,0.0
1498,adam,9.151180711342022e-05,0.002624317305162549,0.0
1499,adam,9.14016054593958e-05,0.0026711372192949057,0.0
1500,adam,9.129119280260056e-05,0.002658335492014885,0.0
1501,adam,9.118321759160608e-05,0.002842059824615717,0.0
1502,adam,9.107976075029e-05,0.0031163105741143227,0.0
1503,adam,9.097964357351884e-05,0.0036328360438346863,0.0
1504,adam,9.088355000130832e-05,0.004131086636334658,0.0
1505,adam,9.079057053895667e-05,0.00478352140635252,0.0
1506,adam,9.070197120308876e-05,0.005397372413426638,0.0
1507,adam,9.061919990926981e-05,0.006219935137778521,0.0
1508,adam,9.054608381120488e-05,0.007108957041054964,0.0
1509,adam,9.048954962054268e-05,0.008338057436048985,0.0
1510,adam,9.045752813108265e-05,0.009770344011485577,0.0
1511,adam,9.046162449521944e-05,0.011679418385028839,0.0
1512,adam,9.052079985849559e-05,0.013967975042760372,0.0
1513,adam,9.066463098861277e-05,0.016941020265221596,0.0
1514,adam,9.093872358789667e-05,0.020575974136590958,0.0
1515,adam,9.141810005530715e-05,0.02526898868381977,0.0
1516,adam,9.222304652212188e-05,0.03111984394490719,0.0
1517,adam,9.355125075671822e-05,0.038667455315589905,0.0
1518,adam,9.572593262419105e-05,0.048220954835414886,0.0
1519,adam,9.92845234577544e-05,0.060583677142858505,0.0
1520,adam,0.00010512416338315234,0.07641952484846115,0.0
1521,adam,0.0001147520451922901,0.09700094908475876,0.0
1522,adam,0.00013071064313407987,0.1236150711774826,0.0
1523,adam,0.00015731406165286899,0.1583188772201538,0.0
1524,adam,0.00020181978470645845,0.2034299075603485,0.0
1525,adam,0.00027642049826681614,0.262150377035141,0.0
1526,adam,0.0004009402182418853,0.33811819553375244,0.0
1527,adam,0.0006065494380891323,0.4352969229221344,0.0
1528,adam,0.0009367821039631963,0.5570418238639832,0.0
1529,adam,0.001441731583327055,0.7029139995574951,0.0
1530,adam,0.0021397459786385298,0.8653174042701721,0.0
1531,adam,0.00294465571641922,1.0186636447906494,0.0
1532,adam,0.003535347292199731,1.118492841720581,0.0
1533,adam,0.003448289353400469,1.0978981256484985,0.0
1534,adam,0.0024165078066289425,0.9114168882369995,0.0
1535,adam,0.0010135396150872111,0.5624176263809204,0.0
1536,adam,0.00020122282148804516,0.17363624274730682,0.0
1537,adam,0.0004294215177651495,0.3461548686027527,0.0
1538,adam,0.0011625653132796288,0.6217542290687561,0.0
1539,adam,0.0015142220072448254,0.7126275897026062,0.0
1540,adam,0.0011236283462494612,0.5986894369125366,0.0
1541,adam,0.00044742823229171336,0.3368653655052185,0.0
1542,adam,0.00019897504535038024,0.17161625623703003,0.0
1543,adam,0.0004797074943780899,0.37074702978134155,0.0
1544,adam,0.0007953657768666744,0.502086341381073,0.0
1545,adam,0.0007213224307633936,0.4675386846065521,0.0
1546,adam,0.000375363597413525,0.30118003487586975,0.0
1547,adam,0.00018513115355744958,0.15522648394107819,0.0
1548,adam,0.00029784475918859243,0.266028493642807,0.0
1549,adam,0.00046987878158688545,0.367716521024704,0.0
1550,adam,0.00044381129555404186,0.35043492913246155,0.0
1551,adam,0.0002659076708368957,0.23512724041938782,0.0
1552,adam,0.0001656866370467469,0.1397436410188675,0.0
1553,adam,0.00022271391935646534,0.21064402163028717,0.0
1554,adam,0.0003051903040613979,0.276337593793869,0.0
1555,adam,0.00028286376618780196,0.2597116529941559,0.0
1556,adam,0.00019114502356387675,0.17761576175689697,0.0
1557,adam,0.0001476647739764303,0.12319884449243546,0.0
1558,adam,0.0001803553313948214,0.17162927985191345,0.0
1559,adam,0.0002150830114260316,0.21082796156406403,0.0
1560,adam,0.00019380683079361916,0.1920422613620758,0.0
1561,adam,0.00014572220970876515,0.13264648616313934,0.0
1562,adam,0.00012959114974364638,0.10345112532377243,0.0
1563,adam,0.00015031328075565398,0.13931706547737122,0.0
1564,adam,0.000164992714417167,0.16283993422985077,0.0
1565,adam,0.00014773383736610413,0.14530615508556366,0.0
1566,adam,0.00011991641076747328,0.10003873705863953,0.0
1567,adam,0.00011344988888595253,0.08108023554086685,0.0
1568,adam,0.00012750743189826608,0.10906308144330978,0.0
1569,adam,0.00013572373427450657,0.12690520286560059,0.0
1570,adam,0.00012374705693218857,0.11274885386228561,0.0
1571,adam,0.00010555268090683967,0.07674239575862885,0.0
1572,adam,0.0001012833381537348,0.05946360155940056,0.0
1573,adam,0.00011103564611403272,0.0824660211801529,0.0
1574,adam,0.00011794700549216941,0.09911032766103745,0.0
1575,adam,0.00011119973351014778,0.09106972068548203,0.0
1576,adam,9.829545160755515e-05,0.06168254464864731,0.0
1577,adam,9.330862667411566e-05,0.0402979850769043,0.0
1578,adam,9.912628593156114e-05,0.0575651116669178,0.0
1579,adam,0.00010581646347418427,0.07636433839797974,0.0
1580,adam,0.00010398789891041815,0.07540286332368851,0.0
1581,adam,9.54448914853856e-05,0.05470355227589607,0.0
1582,adam,8.943724969867617e-05,0.028718214482069016,0.0
1583,adam,9.11085880943574e-05,0.03405333310365677,0.0
1584,adam,9.648906416259706e-05,0.054432500153779984,0.0
1585,adam,9.829550253925845e-05,0.06151995435357094,0.0
1586,adam,9.42932310863398e-05,0.05138319358229637,0.0
1587,adam,8.883256668923423e-05,0.029653871431946754,0.0
1588,adam,8.713394345249981e-05,0.015198038890957832,0.0
1589,adam,8.972126670414582e-05,0.032098013907670975,0.0
1590,adam,9.271108137909323e-05,0.04551897197961807,0.0
1591,adam,9.25079730222933e-05,0.04593489319086075,0.0
1592,adam,8.936726953834295e-05,0.03426898643374443,0.0
1593,adam,8.644455374451354e-05,0.015434464439749718,0.0
1594,adam,8.615521073807031e-05,0.011330959387123585,0.0
1595,adam,8.797131886240095e-05,0.02695118635892868,0.0
1596,adam,8.94728145794943e-05,0.035351455211639404,0.0
1597,adam,8.899869862943888e-05,0.034099359065294266,0.0
1598,adam,8.706000517122447e-05,0.02405562996864319,0.0
1599,adam,8.544145384803414e-05,0.009073103778064251,0.0
1600,adam,8.53189776535146e-05,0.00787038542330265,0.0
1601,adam,8.631030505057424e-05,0.02003500610589981,0.0
1602,adam,8.712586713954806e-05,0.026502521708607674,0.0
1603,adam,8.689436072017998e-05,0.025681402534246445,0.0
1604,adam,8.583498856751248e-05,0.01869528368115425,0.0
1605,adam,8.484286081511527e-05,0.007984165102243423,0.0
1606,adam,8.458989032078534e-05,0.003712873673066497,0.0
1607,adam,8.499609975842759e-05,0.013308893889188766,0.0
1608,adam,8.545916352886707e-05,0.018743695691227913,0.0
1609,adam,8.546096069039777e-05,0.0194749403744936,0.0
1610,adam,8.497005910612643e-05,0.015681738033890724,0.0
1611,adam,8.4360406617634e-05,0.009054304100573063,0.0
1612,adam,8.402317325817421e-05,0.0026080466341227293,0.0
1613,adam,8.405659173149616e-05,0.007165865506976843,0.0
1614,adam,8.425723353866488e-05,0.012104188092052937,0.0
1615,adam,8.434112532995641e-05,0.01406671479344368,0.0
1616,adam,8.418122888542712e-05,0.013052992522716522,0.0
1617,adam,8.386123226955533e-05,0.009579469449818134,0.0
1618,adam,8.356534090125933e-05,0.005262134596705437,0.0
1619,adam,8.341886132257059e-05,0.0037152720615267754,0.0
1620,adam,8.341235661646351e-05,0.006608082912862301,0.0
1621,adam,8.344144589500502e-05,0.009073812514543533,0.0
1622,adam,8.340545900864527e-05,0.009702479466795921,0.0
1623,adam,8.327486284542829e-05,0.008751611225306988,0.0
1624,adam,8.309318218380213e-05,0.006562731694430113,0.0
1625,adam,8.292881102534011e-05,0.004333478398621082,0.0
1626,adam,8.282026828965172e-05,0.0038538549561053514,0.0
1627,adam,8.276052540168166e-05,0.005072201602160931,0.0
1628,adam,8.27122712507844e-05,0.006261847447603941,0.0
1629,adam,8.264343341579661e-05,0.00650325883179903,0.0
1630,adam,8.254449494415894e-05,0.005933811888098717,0.0
1631,adam,8.242942567449063e-05,0.004779876209795475,0.0
1632,adam,8.23188092908822e-05,0.00373332342132926,0.0
1633,adam,8.222465112339705e-05,0.0034376545809209347,0.0
1634,adam,8.214617264457047e-05,0.003867345629259944,0.0
1635,adam,8.207105565816164e-05,0.004392954520881176,0.0
1636,adam,8.199059084290639e-05,0.004434771370142698,0.0
1637,adam,8.19005654193461e-05,0.00408881576731801,0.0
1638,adam,8.180632721632719e-05,0.003346191719174385,0.0
1639,adam,8.171538502210751e-05,0.0027267038822174072,0.0
1640,adam,8.163183520082384e-05,0.0025370849762111902,0.0
1641,adam,8.155409886967391e-05,0.002836639294400811,0.0
1642,adam,8.147797780111432e-05,0.0032547134906053543,0.0
1643,adam,8.139826968545094e-05,0.0033755761105567217,0.0
1644,adam,8.131341746775433e-05,0.003229163121432066,0.0
1645,adam,8.12243961263448e-05,0.0026831699069589376,0.0
1646,adam,8.113593503367156e-05,0.002041198778897524,0.0
1647,adam,8.105097367661074e-05,0.001408106298185885,0.0
1648,adam,8.097100362647325e-05,0.0013575537595897913,0.0
1649,adam,8.089619950624183e-05,0.001775445300154388,0.0
1650,adam,8.082220301730558e-05,0.0022164788097143173,0.0
1651,adam,8.074702782323584e-05,0.0025221502874046564,0.0
1652,adam,8.066802547546104e-05,0.002521749585866928,0.0
1653,adam,8.058630919549614e-05,0.0023390359710901976,0.0
1654,adam,8.05027229944244e-05,0.0018867169274017215,0.0
1655,adam,8.041930414037779e-05,0.0013742289738729596,0.0
1656,adam,8.033829362830147e-05,0.0007788331713527441,0.0
1657,adam,8.025993156479672e-05,0.0005094676744192839,0.0
1658,adam,8.018315566005185e-05,0.0008132638758979738,0.0
1659,adam,8.010816964088008e-05,0.001184858032502234,0.0
1660,adam,8.003373659448698e-05,0.0015158274909481406,0.0
1661,adam,7.99589033704251e-05,0.0016517002368345857,0.0
1662,adam,7.988253491930664e-05,0.0017099935794249177,0.0
1663,adam,7.980594818945974e-05,0.0016006320947781205,0.0
1664,adam,7.972854655236006e-05,0.0014612250961363316,0.0
1665,adam,7.965122495079413e-05,0.0012334524653851986,0.0
1666,adam,7.957397610880435e-05,0.001046441146172583,0.0
1667,adam,7.949805149110034e-05,0.000888990587554872,0.0
1668,adam,7.942187221487984e-05,0.0008216554997488856,0.0
1669,adam,7.934703899081796e-05,0.0008632856770418584,0.0
1670,adam,7.927212573122233e-05,0.0008931106422096491,0.0
1671,adam,7.919781637610868e-05,0.0009725465788505971,0.0
1672,adam,7.912330329418182e-05,0.0009632975561544299,0.0
1673,adam,7.904940139269456e-05,0.0009799798717722297,0.0
1674,adam,7.897475734353065e-05,0.0008973805233836174,0.0
1675,adam,7.890052074799314e-05,0.0008496654918417335,0.0
1676,adam,7.882685167714953e-05,0.0007283266168087721,0.0
1677,adam,7.875286974012852e-05,0.0006631783326156437,0.0
1678,adam,7.867936801631004e-05,0.0005755883757956326,0.0
1679,adam,7.860644836910069e-05,0.0005550261121243238,0.0
1680,adam,7.853369606891647e-05,0.000559532199986279,0.0
1681,adam,7.84608637331985e-05,0.0005926621961407363,0.0
1682,adam,7.838840974727646e-05,0.000661096244584769,0.0
1683,adam,7.831673428881913e-05,0.0007142361719161272,0.0
1684,adam,7.824504427844658e-05,0.0008025869610719383,0.0
1685,adam,7.817341247573495e-05,0.0008506826125085354,0.0
1686,adam,7.810224633431062e-05,0.000936893979087472,0.0
1687,adam,7.80311893322505e-05,0.000988307292573154,0.0
1688,adam,7.79602414695546e-05,0.0010875751031562686,0.0
1689,adam,7.78901157900691e-05,0.0011716667795553803,0.0
1690,adam,7.782005559420213e-05,0.0013165617128834128,0.0
1691,adam,7.77513487264514e-05,0.0014708541566506028,0.0
1692,adam,7.768278010189533e-05,0.0016950077842921019,0.0
1693,adam,7.761619781376794e-05,0.0019589203875511885,0.0
1694,adam,7.7551492722705e-05,0.0023147324100136757,0.0
1695,adam,7.748943608021364e-05,0.0027499066200107336,0.0
1696,adam,7.743183232378215e-05,0.0033126818016171455,0.0
1697,adam,7.738093700027093e-05,0.004010012838989496,0.0
1698,adam,7.734023529337719e-05,0.004898919258266687,0.0
1699,adam,7.731585355941206e-05,0.0060189347714185715,0.0
1700,adam,7.731690857326612e-05,0.007453130092471838,0.0
1701,adam,7.735981489531696e-05,0.009280040860176086,0.0
1702,adam,7.747072231722996e-05,0.011633750051259995,0.0
1703,adam,7.769393414491788e-05,0.014665314927697182,0.0
1704,adam,7.81028502387926e-05,0.018603593111038208,0.0
1705,adam,7.882670615799725e-05,0.023721514269709587,0.0
1706,adam,8.008091390365735e-05,0.03042079322040081,0.0
1707,adam,8.224968769354746e-05,0.039201315492391586,0.0
1708,adam,8.597590203862637e-05,0.05078405514359474,0.0
1709,adam,9.244512330042198e-05,0.06606114655733109,0.0
1710,adam,0.00010360449959989637,0.08633744716644287,0.0
1711,adam,0.00012316413631197065,0.1131477877497673,0.0
1712,adam,0.0001568830048199743,0.14875856041908264,0.0
1713,adam,0.00021599518368020654,0.19542215764522552,0.0
1714,adam,0.0003151600540149957,0.25634923577308655,0.0
1715,adam,0.00048246089136227965,0.33278557658195496,0.0
1716,adam,0.0007333270041272044,0.4253469407558441,0.0
1717,adam,0.0010908718686550856,0.5245853662490845,0.0
1718,adam,0.00144268199801445,0.6130782961845398,0.0
1719,adam,0.001659470610320568,0.6532366275787354,0.0
1720,adam,0.0014207586646080017,0.6075490117073059,0.0
1721,adam,0.0008515947847627103,0.4608626365661621,0.0
1722,adam,0.00031184678664430976,0.26912921667099,0.0
1723,adam,0.000250431417953223,0.24355453252792358,0.0
1724,adam,0.0006051948294043541,0.3960765302181244,0.0
1725,adam,0.0009177361498586833,0.49335166811943054,0.0
1726,adam,0.000822642759885639,0.46672776341438293,0.0
1727,adam,0.00044301984598860145,0.3399016857147217,0.0
1728,adam,0.00022937454923521727,0.23316708207130432,0.0
1729,adam,0.00036129943327978253,0.29114511609077454,0.0
1730,adam,0.0005510310875251889,0.3636958599090576,0.0
1731,adam,0.0004952397430315614,0.3374648988246918,0.0
1732,adam,0.00023570182383991778,0.21007966995239258,0.0
1733,adam,9.612077701603994e-05,0.0766722559928894,0.0
1734,adam,0.00018745135457720608,0.170979842543602,0.0
1735,adam,0.0003096435684710741,0.24745966494083405,0.0
1736,adam,0.00027250833227299154,0.22632372379302979,0.0
1737,adam,0.0001392955018673092,0.1297471970319748,0.0
1738,adam,0.00010281697177561,0.09303141385316849,0.0
1739,adam,0.00019083327788393945,0.18326175212860107,0.0
1740,adam,0.0002579510910436511,0.22863666713237762,0.0
1741,adam,0.0002124249585904181,0.20107117295265198,0.0
1742,adam,0.00013017375022172928,0.13417905569076538,0.0
1743,adam,0.00012047802010783926,0.12028400599956512,0.0
1744,adam,0.00017034975462593138,0.16364479064941406,0.0
1745,adam,0.000185566590516828,0.1741800755262375,0.0
1746,adam,0.00013823593326378614,0.13173188269138336,0.0
1747,adam,8.911013719625771e-05,0.06414037197828293,0.0
1748,adam,9.25911299418658e-05,0.06981789320707321,0.0
1749,adam,0.00012398051330819726,0.11399617046117783,0.0
1750,adam,0.00012858245463576168,0.1185256764292717,0.0
1751,adam,9.988182864617556e-05,0.07933849841356277,0.0
1752,adam,7.763307803543285e-05,0.02048843540251255,0.0
1753,adam,8.714654541108757e-05,0.05631404370069504,0.0
1754,adam,0.0001087511918740347,0.09586226940155029,0.0
1755,adam,0.00011171797814313322,0.10098210722208023,0.0
1756,adam,9.54896240727976e-05,0.07744235545396805,0.0
1757,adam,8.410869486397132e-05,0.054720234125852585,0.0
1758,adam,9.095460700336844e-05,0.0695175752043724,0.0
1759,adam,0.00010399938037153333,0.0914224311709404,0.0
1760,adam,0.00010561240196693689,0.0943969264626503,0.0
1761,adam,9.60757170105353e-05,0.08082693815231323,0.0
1762,adam,8.919803804019466e-05,0.0702105462551117,0.0
1763,adam,9.31520335143432e-05,0.07904966175556183,0.0
1764,adam,0.00010137964272871614,0.0931822881102562,0.0
1765,adam,0.00010365562775405124,0.09720992296934128,0.0
1766,adam,9.92667701211758e-05,0.0917086973786354,0.0
1767,adam,9.609934204490855e-05,0.08750252425670624,0.0
1768,adam,9.962604235624894e-05,0.09346433728933334,0.0
1769,adam,0.0001070542202796787,0.10463500022888184,0.0
1770,adam,0.00011235900456085801,0.11292847990989685,0.0
1771,adam,0.00011450306919869035,0.11780081689357758,0.0
1772,adam,0.00011764643568312749,0.1244867816567421,0.0
1773,adam,0.00012604417861439288,0.13692429661750793,0.0
1774,adam,0.00013952224981039762,0.15356124937534332,0.0
1775,adam,0.00015527369396295398,0.1711253672838211,0.0
1776,adam,0.00017269481031689793,0.18910464644432068,0.0
1777,adam,0.00019458189490251243,0.20938491821289062,0.0
1778,adam,0.00022519052436109632,0.2342718243598938,0.0
1779,adam,0.00026659033028408885,0.2638888657093048,0.0
1780,adam,0.0003189611597917974,0.29743167757987976,0.0
1781,adam,0.00038265972398221493,0.3340679109096527,0.0
1782,adam,0.00045871103066019714,0.3735704720020294,0.0
1783,adam,0.000547479372471571,0.4148975908756256,0.0
1784,adam,0.0006450414657592773,0.4558499753475189,0.0
1785,adam,0.0007390833925455809,0.49197494983673096,0.0
1786,adam,0.0008126762695610523,0.5182602405548096,0.0
1787,adam,0.0008424156112596393,0.5280855298042297,0.0
1788,adam,0.0008113596122711897,0.5168368816375732,0.0
1789,adam,0.0007115184562280774,0.47936320304870605,0.0
1790,adam,0.0005551457870751619,0.4158998429775238,0.0
1791,adam,0.00037496007280424237,0.3276784420013428,0.0
1792,adam,0.00021327260765247047,0.2224365621805191,0.0
1793,adam,0.00010780119919218123,0.10860241949558258,0.0
1794,adam,7.456397725036368e-05,0.003470437601208687,0.0
1795,adam,0.00010452660353621468,0.10337181389331818,0.0
1796,adam,0.00017056464275810868,0.18525230884552002,0.0
1797,adam,0.0002401455130893737,0.24350868165493011,0.0
1798,adam,0.00028714281506836414,0.2764228582382202,0.0
1799,adam,0.00029722959152422845,0.28346049785614014,0.0
1800,adam,0.0002702110796235502,0.26592665910720825,0.0
1801,adam,0.00021729801665060222,0.22765634953975677,0.0
1802,adam,0.00015645980602130294,0.17256823182106018,0.0
1803,adam,0.00010606540308799595,0.10789816081523895,0.0
1804,adam,7.822036423021927e-05,0.03977235406637192,0.0
1805,adam,7.55113796913065e-05,0.025272369384765625,0.0
1806,adam,9.185192902805284e-05,0.0810096338391304,0.0
1807,adam,0.00011657122377073392,0.12481467425823212,0.0
1808,adam,0.0001391012192470953,0.1537814736366272,0.0
1809,adam,0.00015208308468572795,0.16843701899051666,0.0
1810,adam,0.00015261278895195574,0.16867566108703613,0.0
1811,adam,0.00014186037878971547,0.1566513031721115,0.0
1812,adam,0.00012382496788632125,0.1344013661146164,0.0
1813,adam,0.00010391662362962961,0.10459201782941818,0.0
1814,adam,8.70610456331633e-05,0.07051784545183182,0.0
1815,adam,7.64973956393078e-05,0.034993503242731094,0.0
1816,adam,7.308778003789485e-05,0.004079636186361313,0.0
1817,adam,7.565256237285212e-05,0.03055523708462715,0.0
1818,adam,8.186305785784498e-05,0.056421224027872086,0.0
1819,adam,8.919955871533602e-05,0.07643262296915054,0.0
1820,adam,9.561588376527652e-05,0.09070280939340591,0.0
1821,adam,9.976628643926233e-05,0.09879043698310852,0.0
1822,adam,0.00010105369437951595,0.10138057172298431,0.0
1823,adam,9.954402776202187e-05,0.09879305213689804,0.0
1824,adam,9.582618076819927e-05,0.09181298315525055,0.0
1825,adam,9.082144970307127e-05,0.08150400221347809,0.0
1826,adam,8.549768972443417e-05,0.06872901320457458,0.0
1827,adam,8.065260044531897e-05,0.05465232953429222,0.0
1828,adam,7.678379188291728e-05,0.04009999334812164,0.0
1829,adam,7.409765385091305e-05,0.0256339181214571,0.0
1830,adam,7.259279664140195e-05,0.012024596333503723,0.0
1831,adam,7.213312346721068e-05,0.002482988638803363,0.0
1832,adam,7.250616909004748e-05,0.012790799140930176,0.0
1833,adam,7.345370249822736e-05,0.02291172184050083,0.0
1834,adam,7.471181743312627e-05,0.031540144234895706,0.0
1835,adam,7.605941209476441e-05,0.03869868069887161,0.0
1836,adam,7.734512473689392e-05,0.044576436281204224,0.0
1837,adam,7.849428220652044e-05,0.049255289137363434,0.0
1838,adam,7.948466372909024e-05,0.053040727972984314,0.0
1839,adam,8.032213372644037e-05,0.05608029291033745,0.0
1840,adam,8.102657739073038e-05,0.05847669765353203,0.0
1841,adam,8.162870653904974e-05,0.06055521219968796,0.0
1842,adam,8.217614231398329e-05,0.06226353347301483,0.0
1843,adam,8.272695413324982e-05,0.06404266506433487,0.0
1844,adam,8.334938320331275e-05,0.06585533171892166,0.0
1845,adam,8.410844020545483e-05,0.06804375350475311,0.0
1846,adam,8.507027087034658e-05,0.0706506222486496,0.0
1847,adam,8.631024684291333e-05,0.07387680560350418,0.0
1848,adam,8.792084554443136e-05,0.07784920185804367,0.0
1849,adam,9.003201557788998e-05,0.0827571302652359,0.0
1850,adam,9.28096123971045e-05,0.08874393999576569,0.0
1851,adam,9.647825936554e-05,0.09609615802764893,0.0
1852,adam,0.00010133385512745008,0.10492634028196335,0.0
1853,adam,0.00010777817806228995,0.11565300077199936,0.0
1854,adam,0.00011636043200269341,0.12843400239944458,0.0
1855,adam,0.0001278303243452683,0.14378704130649567,0.0
1856,adam,0.0001432133576599881,0.16203100979328156,0.0
1857,adam,0.00016389304073527455,0.18371720612049103,0.0
1858,adam,0.00019170322048012167,0.2093609869480133,0.0
1859,adam,0.0002290482516400516,0.239462211728096,0.0
1860,adam,0.00027888367185369134,0.27458423376083374,0.0
1861,adam,0.00034472288098186255,0.3149382770061493,0.0
1862,adam,0.0004300057771615684,0.3606371283531189,0.0
1863,adam,0.0005373804597184062,0.41081973910331726,0.0
1864,adam,0.0006661517545580864,0.4640381932258606,0.0
1865,adam,0.0008100272971205413,0.5166448354721069,0.0
1866,adam,0.0009517571306787431,0.5639553070068359,0.0
1867,adam,0.0010633055353537202,0.5977283716201782,0.0
1868,adam,0.0011049458989873528,0.6100573539733887,0.0
1869,adam,0.0010445162188261747,0.5905742049217224,0.0
1870,adam,0.0008697679731994867,0.5347842574119568,0.0
1871,adam,0.0006164942751638591,0.4403359889984131,0.0
1872,adam,0.00035217171534895897,0.31559041142463684,0.0
1873,adam,0.0001560949458507821,0.17199712991714478,0.0
1874,adam,7.453410216839984e-05,0.031240973621606827,0.0
1875,adam,0.00010589322482701391,0.11174323409795761,0.0
1876,adam,0.00020723030320368707,0.22063103318214417,0.0
1877,adam,0.00031810818472877145,0.29626843333244324,0.0
1878,adam,0.0003861303557641804,0.3340718448162079,0.0
1879,adam,0.0003829154302366078,0.33215096592903137,0.0
1880,adam,0.0003153561265207827,0.29352256655693054,0.0
1881,adam,0.00021490063227247447,0.2256123572587967,0.0
1882,adam,0.00012474936374928802,0.13783138990402222,0.0
1883,adam,7.612416811753064e-05,0.04357912018895149,0.0
1884,adam,7.72920684539713e-05,0.04757830873131752,0.0
1885,adam,0.00011400428775232285,0.12332695722579956,0.0
1886,adam,0.00016036807210184634,0.17781728506088257,0.0
1887,adam,0.0001923996751429513,0.20774146914482117,0.0
1888,adam,0.00019666284788399935,0.21160133183002472,0.0
1889,adam,0.00017429591389372945,0.1925077736377716,0.0
1890,adam,0.00013676723756361753,0.1541607528924942,0.0
1891,adam,9.987634257413447e-05,0.10323914885520935,0.0
1892,adam,7.614339119754732e-05,0.04658699780702591,0.0
1893,adam,7.058846676955e-05,0.012751302681863308,0.0
1894,adam,8.034385973587632e-05,0.06040894240140915,0.0
1895,adam,9.750656317919493e-05,0.09912566095590591,0.0
1896,adam,0.00011325090599711984,0.12456037849187851,0.0
1897,adam,0.00012118113227188587,0.1355961114168167,0.0
1898,adam,0.00011912171612493694,0.1330912560224533,0.0
1899,adam,0.00010885758092626929,0.11847032606601715,0.0
1900,adam,9.470930672250688e-05,0.09489285945892334,0.0
1901,adam,8.143491868395358e-05,0.06520579755306244,0.0
1902,adam,7.255901437019929e-05,0.03304073587059975,0.0
1903,adam,6.946870416868478e-05,0.0026810506824404,0.0
1904,adam,7.148781151045114e-05,0.02754899300634861,0.0
1905,adam,7.658619142603129e-05,0.05108487233519554,0.0
1906,adam,8.232820982811972e-05,0.06847718358039856,0.0
1907,adam,8.668177906656638e-05,0.07913018018007278,0.0
1908,adam,8.847875142237172e-05,0.0830870196223259,0.0
1909,adam,8.752610301598907e-05,0.08110909163951874,0.0
1910,adam,8.438866643700749e-05,0.0738433226943016,0.0
1911,adam,8.00836569396779e-05,0.0627630352973938,0.0
1912,adam,7.56823574192822e-05,0.04883534833788872,0.0
1913,adam,7.206384907476604e-05,0.033453989773988724,0.0
1914,adam,6.973345443839207e-05,0.017736395820975304,0.0
1915,adam,6.880825822008774e-05,0.0026832306757569313,0.0
1916,adam,6.90896122250706e-05,0.01126981433480978,0.0
1917,adam,7.018694304861128e-05,0.023144274950027466,0.0
1918,adam,7.165206625359133e-05,0.03278119117021561,0.0
1919,adam,7.308341446332633e-05,0.0399789959192276,0.0
1920,adam,7.419426401611418e-05,0.04492718353867531,0.0
1921,adam,7.48290985939093e-05,0.0475473552942276,0.0
1922,adam,7.495951285818592e-05,0.04832620546221733,0.0
1923,adam,7.463962538167834e-05,0.04734020680189133,0.0
1924,adam,7.398200978059322e-05,0.04505209997296333,0.0
1925,adam,7.311107765417546e-05,0.04169442504644394,0.0
1926,adam,7.214891957119107e-05,0.03758678585290909,0.0
1927,adam,7.11937464075163e-05,0.032988786697387695,0.0
1928,adam,7.031918357824907e-05,0.028155675157904625,0.0
1929,adam,6.957029108889401e-05,0.02322312816977501,0.0
1930,adam,6.896676495671272e-05,0.018464356660842896,0.0
1931,adam,6.850867794128135e-05,0.013842170126736164,0.0
1932,adam,6.818286055931821e-05,0.009633749723434448,0.0
1933,adam,6.796853995183483e-05,0.005705195013433695,0.0
1934,adam,6.784305878682062e-05,0.0023494313936680555,0.0
1935,adam,6.778416718589142e-05,0.0015295573975890875,0.0
1936,adam,6.777469388907775e-05,0.004074405413120985,0.0
1937,adam,6.779954128433019e-05,0.0065984600223600864,0.0
1938,adam,6.785021105315536e-05,0.008893009275197983,0.0
1939,adam,6.792190106352791e-05,0.011068955063819885,0.0
1940,adam,6.801376002840698e-05,0.013113925233483315,0.0
1941,adam,6.812780338805169e-05,0.015185939148068428,0.0
1942,adam,6.826989556429908e-05,0.01723463088274002,0.0
1943,adam,6.84486876707524e-05,0.019478028640151024,0.0
1944,adam,6.867761112516746e-05,0.021828487515449524,0.0
1945,adam,6.897666025906801e-05,0.024543065577745438,0.0
1946,adam,6.937348371138796e-05,0.02756340242922306,0.0
1947,adam,6.990662222960964e-05,0.031137194484472275,0.0
1948,adam,7.063100929372013e-05,0.0352926105260849,0.0
1949,adam,7.162625843193382e-05,0.04026399180293083,0.0
1950,adam,7.300548168132082e-05,0.04618261381983757,0.0
1951,adam,7.493711018469185e-05,0.05334169417619705,0.0
1952,adam,7.766251655993983e-05,0.06196580082178116,0.0
1953,adam,8.154533861670643e-05,0.0724877193570137,0.0
1954,adam,8.711910777492449e-05,0.08527111262083054,0.0
1955,adam,9.519557352177799e-05,0.10095547884702682,0.0
1956,adam,0.00010697093966882676,0.12015175074338913,0.0
1957,adam,0.00012428399350028485,0.1437719166278839,0.0
1958,adam,0.00014982614084146917,0.17280933260917664,0.0
1959,adam,0.0001877172035165131,0.20849567651748657,0.0
1960,adam,0.00024380537797696888,0.2522737681865692,0.0
1961,adam,0.00032676546834409237,0.3055717349052429,0.0
1962,adam,0.00044768446241505444,0.3699185848236084,0.0
1963,adam,0.0006211696891114116,0.44591253995895386,0.0
1964,adam,0.0008595115505158901,0.5333378911018372,0.0
1965,adam,0.0011697167064994574,0.628204882144928,0.0
1966,adam,0.0015277629718184471,0.7232008576393127,0.0
1967,adam,0.0018726217094808817,0.8020119667053223,0.0
1968,adam,0.002067804569378495,0.8443388938903809,0.0
1969,adam,0.0019815173000097275,0.8222286701202393,0.0
1970,adam,0.0015359482495114207,0.7196078300476074,0.0
1971,adam,0.0008865383570082486,0.5324815511703491,0.0
1972,adam,0.0003165057278238237,0.28933730721473694,0.0
1973,adam,8.799594070296735e-05,0.071539506316185,0.0
1974,adam,0.0002278493921039626,0.23890645802021027,0.0
1975,adam,0.0005440678214654326,0.41145411133766174,0.0
1976,adam,0.0007729700300842524,0.4990016520023346,0.0
1977,adam,0.0007475094171240926,0.48727166652679443,0.0
1978,adam,0.0005018028896301985,0.3856966197490692,0.0
1979,adam,0.00021796209330204874,0.22176137566566467,0.0
1980,adam,8.747888205107301e-05,0.0702577605843544,0.0
1981,adam,0.00015472267114091665,0.17423401772975922,0.0
1982,adam,0.0003125016519334167,0.2946164608001709,0.0
1983,adam,0.000407939194701612,0.3454492390155792,0.0
1984,adam,0.0003640046634245664,0.32036808133125305,0.0
1985,adam,0.00022731123317498714,0.23190170526504517,0.0
1986,adam,0.00010761729208752513,0.1103273332118988,0.0
1987,adam,8.386121044168249e-05,0.07083521038293839,0.0
1988,adam,0.00014519809337798506,0.1662488579750061,0.0
1989,adam,0.0002185327175538987,0.23139220476150513,0.0
1990,adam,0.0002368121058680117,0.24387648701667786,0.0
1991,adam,0.0001889929990284145,0.20464105904102325,0.0
1992,adam,0.00011850094597321004,0.12962272763252258,0.0
1993,adam,7.775069389026612e-05,0.0534551739692688,0.0
1994,adam,8.684080239618197e-05,0.08216821402311325,0.0
1995,adam,0.00012418589903973043,0.1428239792585373,0.0
1996,adam,0.00015190309204626828,0.17385855317115784,0.0
1997,adam,0.0001472605363233015,0.1682828664779663,0.0
1998,adam,0.0001164024361060001,0.13056255877017975,0.0
1999,adam,8.4112019976601e-05,0.07461466640233994,0.0
2000,adam,7.142793765524402e-05,0.03559529036283493,0.0
2001,adam,8.131974755087867e-05,0.07124654203653336,0.0
2002,adam,0.00010015994485002011,0.10948918759822845,0.0
2003,adam,0.00011088364408351481,0.12582752108573914,0.0
2004,adam,0.00010558350186329335,0.11769286543130875,0.0
2005,adam,8.928753231884912e-05,0.08922196179628372,0.0
2006,adam,7.387151708826423e-05,0.04934529960155487,0.0
2007,adam,6.839422712801024e-05,0.02343033440411091,0.0
2008,adam,7.3545757913962e-05,0.04993528500199318,0.0
2009,adam,8.287475793622434e-05,0.07707768678665161,0.0
2010,adam,8.851072925608605e-05,0.08927811682224274,0.0
2011,adam,8.656998397782445e-05,0.08550790697336197,0.0
2012,adam,7.892119174357504e-05,0.06750527024269104,0.0
2013,adam,7.077921327436343e-05,0.040448322892189026,0.0
2014,adam,6.671465234830976e-05,0.014204676263034344,0.0
2015,adam,6.794599175918847e-05,0.026109330356121063,0.0
2016,adam,7.22754339221865e-05,0.04762896150350571,0.0
2017,adam,7.610658212797716e-05,0.06062869355082512,0.0
2018,adam,7.687219476792961e-05,0.06310108304023743,0.0
2019,adam,7.43407363188453e-05,0.05556485801935196,0.0
2020,adam,7.023120997473598e-05,0.040368422865867615,0.0
2021,adam,6.684083200525492e-05,0.0206595491617918,0.0
2022,adam,6.564169598277658e-05,0.0038017306942492723,0.0
2023,adam,6.664173270110041e-05,0.019816048443317413,0.0
2024,adam,6.868729542475194e-05,0.0338207446038723,0.0
2025,adam,7.032680878182873e-05,0.04186994954943657,0.0
2026,adam,7.063071825541556e-05,0.04335422068834305,0.0
2027,adam,6.954620039323345e-05,0.038809724152088165,0.0
2028,adam,6.774127541575581e-05,0.029582366347312927,0.0
2029,adam,6.610737182199955e-05,0.017466360703110695,0.0
2030,adam,6.527385266963392e-05,0.0046054162085056305,0.0
2031,adam,6.53662791592069e-05,0.008425557985901833,0.0
2032,adam,6.606288661714643e-05,0.01843773014843464,0.0
2033,adam,6.684240361209959e-05,0.025206243619322777,0.0
2034,adam,6.726703577442095e-05,0.028426166623830795,0.0
2035,adam,6.715771451126784e-05,0.02796860598027706,0.0
2036,adam,6.66087435092777e-05,0.02454385533928871,0.0
2037,adam,6.588159885723144e-05,0.018824923783540726,0.0
2038,adam,6.525724893435836e-05,0.012006099335849285,0.0
2039,adam,6.491343083325773e-05,0.005939717870205641,0.0
2040,adam,6.487685459433123e-05,0.006129856687039137,0.0
2041,adam,6.505213241325691e-05,0.010869170539081097,0.0
2042,adam,6.528600351884961e-05,0.01479540765285492,0.0
2043,adam,6.544165080413222e-05,0.017179805785417557,0.0
2044,adam,6.544416828546673e-05,0.017666935920715332,0.0
2045,adam,6.52946182526648e-05,0.016649994999170303,0.0
2046,adam,6.504963675979525e-05,0.014284300617873669,0.0
2047,adam,6.478684372268617e-05,0.011156674474477768,0.0
2048,adam,6.457385461544618e-05,0.007819698192179203,0.0
2049,adam,6.444612517952919e-05,0.0053273094817996025,0.0
2050,adam,6.440516153816134e-05,0.005190244875848293,0.0
2051,adam,6.44244282739237e-05,0.0069047389551997185,0.0
2052,adam,6.446605402743444e-05,0.008828523568809032,0.0
2053,adam,6.44937390461564e-05,0.010174823924899101,0.0
2054,adam,6.448442582041025e-05,0.010837623849511147,0.0
2055,adam,6.443013262469321e-05,0.010703775100409985,0.0
2056,adam,6.433792441384867e-05,0.009968845173716545,0.0
2057,adam,6.422298611141741e-05,0.008650628849864006,0.0
2058,adam,6.41037622699514e-05,0.006992676295340061,0.0
2059,adam,6.399519770639017e-05,0.0050813741981983185,0.0
2060,adam,6.390744965756312e-05,0.0031592664308845997,0.0
2061,adam,6.384441803675145e-05,0.0014810183783993125,0.0
2062,adam,6.380314152920619e-05,0.0014321495546028018,0.0
2063,adam,6.377870886353776e-05,0.002768867649137974,0.0
2064,adam,6.376377132255584e-05,0.004031298216432333,0.0
2065,adam,6.375071097863838e-05,0.005095930304378271,0.0
2066,adam,6.373495125444606e-05,0.005840999539941549,0.0
2067,adam,6.371266499627382e-05,0.00636827340349555,0.0
2068,adam,6.368263711920008e-05,0.006609652657061815,0.0
2069,adam,6.364518776535988e-05,0.006696367170661688,0.0
2070,adam,6.360234692692757e-05,0.0065877255983650684,0.0
2071,adam,6.355629011522979e-05,0.0064217024482786655,0.0
2072,adam,6.350906915031374e-05,0.006180304102599621,0.0
2073,adam,6.346336158458143e-05,0.0060056098736822605,0.0
2074,adam,6.342199048958719e-05,0.005886860191822052,0.0
2075,adam,6.338651292026043e-05,0.005958974361419678,0.0
2076,adam,6.335917714750394e-05,0.006200528237968683,0.0
2077,adam,6.334272620733827e-05,0.006701203063130379,0.0
2078,adam,6.334006320685148e-05,0.007430409546941519,0.0
2079,adam,6.335657235467806e-05,0.008442631922662258,0.0
2080,adam,6.339869287330657e-05,0.00971862580627203,0.0
2081,adam,6.34771422483027e-05,0.011322271078824997,0.0
2082,adam,6.360757834045216e-05,0.013279802165925503,0.0
2083,adam,6.38150013401173e-05,0.015702424570918083,0.0
2084,adam,6.413591472664848e-05,0.0186658576130867,0.0
2085,adam,6.46287007839419e-05,0.02233746089041233,0.0
2086,adam,6.538208981510252e-05,0.026880457997322083,0.0
2087,adam,6.653724994976074e-05,0.03254737704992294,0.0
2088,adam,6.831342034274712e-05,0.039632268249988556,0.0
2089,adam,7.106643897714093e-05,0.048541828989982605,0.0
2090,adam,7.534426549682394e-05,0.05975842848420143,0.0
2091,adam,8.205548510886729e-05,0.07393225282430649,0.0
2092,adam,9.2587128165178e-05,0.09187276661396027,0.0
2093,adam,0.00010926282993750647,0.11455762386322021,0.0
2094,adam,0.00013549438153859228,0.14324530959129333,0.0
2095,adam,0.00017694570124149323,0.17920397222042084,0.0
2096,adam,0.0002409454609733075,0.22397002577781677,0.0
2097,adam,0.0003387308388482779,0.2782083749771118,0.0
2098,adam,0.0004788563819602132,0.3420340418815613,0.0
2099,adam,0.0006684702238999307,0.41163891553878784,0.0
2100,adam,0.000882298219949007,0.47976231575012207,0.0
2101,adam,0.0010691670468077064,0.5301154851913452,0.0
2102,adam,0.001111354911699891,0.5426575541496277,0.0
2103,adam,0.0009390158811584115,0.4958128333091736,0.0
2104,adam,0.0005801062798127532,0.38395366072654724,0.0
2105,adam,0.00023545027943328023,0.22746488451957703,0.0
2106,adam,0.00010413993732072413,0.11838942766189575,0.0
2107,adam,0.0002175736881326884,0.20748458802700043,0.0
2108,adam,0.0004264386370778084,0.31289780139923096,0.0
2109,adam,0.0005247437511570752,0.35369452834129333,0.0
2110,adam,0.00043662008829414845,0.31688258051872253,0.0
2111,adam,0.00023640079598408192,0.2181456834077835,0.0
2112,adam,0.00010399139137007296,0.11345439404249191,0.0
2113,adam,0.00012456675176508725,0.13944490253925323,0.0
2114,adam,0.0002340755017939955,0.22201868891716003,0.0
2115,adam,0.0003006024635396898,0.25932398438453674,0.0
2116,adam,0.0002547471958678216,0.23262111842632294,0.0
2117,adam,0.00014518377429340035,0.15327471494674683,0.0
2118,adam,7.33941124053672e-05,0.056489650160074234,0.0
2119,adam,8.878685912350193e-05,0.08254146575927734,0.0
2120,adam,0.0001507538981968537,0.15281826257705688,0.0
2121,adam,0.0001833631395129487,0.17965064942836761,0.0
2122,adam,0.00015486712800338864,0.15704602003097534,0.0
2123,adam,9.653331653680652e-05,0.09515972435474396,0.0
2124,adam,6.403619045158848e-05,0.016248537227511406,0.0
2125,adam,7.84890798968263e-05,0.06449735164642334,0.0
2126,adam,0.00011378094495739788,0.11696432530879974,0.0
2127,adam,0.00013047405809629709,0.13481615483760834,0.0
2128,adam,0.00011371274013072252,0.11721498519182205,0.0
2129,adam,8.320173947140574e-05,0.07513809204101562,0.0
2130,adam,6.697869685012847e-05,0.03879876062273979,0.0
2131,adam,7.538967474829406e-05,0.06409227102994919,0.0
2132,adam,9.512952237855643e-05,0.09884996712207794,0.0
2133,adam,0.00010593771730782464,0.11375459283590317,0.0
2134,adam,9.965930075850338e-05,0.10654494166374207,0.0
2135,adam,8.485285798087716e-05,0.08583234250545502,0.0
2136,adam,7.615501090185717e-05,0.07047336548566818,0.0
2137,adam,8.079042891040444e-05,0.07882551103830338,0.0
2138,adam,9.412642975803465e-05,0.09975738078355789,0.0
2139,adam,0.00010636736988089979,0.11630922555923462,0.0
2140,adam,0.00011142466973979026,0.12446344643831253,0.0
2141,adam,0.0001125614217016846,0.1291750967502594,0.0
2142,adam,0.00011732068378478289,0.13904087245464325,0.0
2143,adam,0.00013245701848063618,0.15922249853610992,0.0
2144,adam,0.00015923954197205603,0.1872282475233078,0.0
2145,adam,0.00019519354100339115,0.21899573504924774,0.0
2146,adam,0.00023900100495666265,0.252560555934906,0.0
2147,adam,0.00029306675423868,0.28873738646507263,0.0
2148,adam,0.0003646744880825281,0.33019158244132996,0.0
2149,adam,0.0004609001043718308,0.3780331611633301,0.0
2150,adam,0.0005862077232450247,0.4322413206100464,0.0
2151,adam,0.0007382610347121954,0.4894189238548279,0.0
2152,adam,0.0009030408109538257,0.5457452535629272,0.0
2153,adam,0.001059056376107037,0.5935199856758118,0.0
2154,adam,0.0011648271465674043,0.625228762626648,0.0
2155,adam,0.0011804616078734398,0.6294175982475281,0.0
2156,adam,0.0010684649460017681,0.5979679822921753,0.0
2157,adam,0.0008343374938704073,0.5233511328697205,0.0
2158,adam,0.0005328524857759476,0.40890228748321533,0.0
2159,adam,0.0002575434045866132,0.2626742124557495,0.0
2160,adam,9.281529492000118e-05,0.10287033021450043,0.0
2161,adam,7.080339128151536e-05,0.05305255576968193,0.0
2162,adam,0.00016094700549729168,0.18687082827091217,0.0
2163,adam,0.00029346640803851187,0.2859684228897095,0.0
2164,adam,0.0003950308891944587,0.3431045711040497,0.0
2165,adam,0.0004183683777227998,0.3543360233306885,0.0
2166,adam,0.00035810054396279156,0.3221772611141205,0.0
2167,adam,0.0002468526072334498,0.2538909316062927,0.0
2168,adam,0.00013733770174439996,0.16045667231082916,0.0
2169,adam,7.282107981154695e-05,0.0580960251390934,0.0
2170,adam,6.8961366196163e-05,0.04805884510278702,0.0
2171,adam,0.00011088409519288689,0.1309881955385208,0.0
2172,adam,0.00016623498231638223,0.1909843236207962,0.0
2173,adam,0.00020332916756160557,0.22214993834495544,0.0
2174,adam,0.00020471285097301006,0.22275665402412415,0.0
2175,adam,0.00017314990691374987,0.1965329796075821,0.0
2176,adam,0.00012560879986267537,0.1485784500837326,0.0
2177,adam,8.398121281061321e-05,0.0875333845615387,0.0
2178,adam,6.325443973764777e-05,0.022026775404810905,0.0
2179,adam,6.639755156356841e-05,0.03973347321152687,0.0
2180,adam,8.546689059585333e-05,0.09056510031223297,0.0
2181,adam,0.00010751131776487455,0.12616264820098877,0.0
2182,adam,0.00012132142728660256,0.14418645203113556,0.0
2183,adam,0.00012145561777288094,0.1446763277053833,0.0
2184,adam,0.00010944137466140091,0.12971287965774536,0.0
2185,adam,9.128178498940542e-05,0.10248110443353653,0.0
2186,adam,7.429347897414118e-05,0.06761492043733597,0.0
2187,adam,6.383733125403523e-05,0.029575703665614128,0.0
2188,adam,6.175649468787014e-05,0.011268077418208122,0.0
2189,adam,6.649582792306319e-05,0.042367976158857346,0.0
2190,adam,7.444222865160555e-05,0.06799795478582382,0.0
2191,adam,8.168279600795358e-05,0.08492393046617508,0.0
2192,adam,8.539560803910717e-05,0.09258954226970673,0.0
2193,adam,8.45913527882658e-05,0.09120677411556244,0.0
2194,adam,8.001578680705279e-05,0.08197417110204697,0.0
2195,adam,7.353576802415773e-05,0.06667221337556839,0.0
2196,adam,6.726635911036283e-05,0.04718426987528801,0.0
2197,adam,6.283127004280686e-05,0.025931423529982567,0.0
2198,adam,6.09599519520998e-05,0.004859847016632557,0.0
2199,adam,6.147265230538324e-05,0.014987144619226456,0.0
2200,adam,6.355460936902091e-05,0.0313025638461113,0.0
2201,adam,6.615342863369733e-05,0.04382624104619026,0.0
2202,adam,6.833756197011098e-05,0.05197286978363991,0.0
2203,adam,6.95131893735379e-05,0.05593854561448097,0.0
2204,adam,6.94908230798319e-05,0.055916231125593185,0.0
2205,adam,6.841989670647308e-05,0.052463825792074203,0.0
2206,adam,6.666933768428862e-05,0.04635314643383026,0.0
2207,adam,6.467703497037292e-05,0.038147758692502975,0.0
2208,adam,6.284424307523295e-05,0.02878783456981182,0.0
2209,adam,6.144833605503663e-05,0.018788931891322136,0.0
2210,adam,6.062176908017136e-05,0.00890557561069727,0.0
2211,adam,6.0356160247465596e-05,0.000599003629758954,0.0
2212,adam,6.054237383068539e-05,0.008866996504366398,0.0
2213,adam,6.1017435655230656e-05,0.01607300527393818,0.0
2214,adam,6.161149212857708e-05,0.021888693794608116,0.0
2215,adam,6.21823564870283e-05,0.02636321634054184,0.0
2216,adam,6.263115210458636e-05,0.02942994236946106,0.0
2217,adam,6.290696910582483e-05,0.0313289575278759,0.0
2218,adam,6.299807864706963e-05,0.03205264359712601,0.0
2219,adam,6.292161560850218e-05,0.03191741183400154,0.0
2220,adam,6.271151505643502e-05,0.030945347622036934,0.0
2221,adam,6.240879883989692e-05,0.029441731050610542,0.0
2222,adam,6.205332465469837e-05,0.027441557496786118,0.0
2223,adam,6.167986430227757e-05,0.02519833855330944,0.0
2224,adam,6.131521513452753e-05,0.022746991366147995,0.0
2225,adam,6.0978796682320535e-05,0.020283028483390808,0.0
2226,adam,6.068171205697581e-05,0.01782575249671936,0.0
2227,adam,6.0427926655393094e-05,0.01552590075880289,0.0
2228,adam,6.021664376021363e-05,0.013336692936718464,0.0
2229,adam,6.004307579132728e-05,0.011405290104448795,0.0
2230,adam,5.990207500872202e-05,0.009605543687939644,0.0
2231,adam,5.9787300415337086e-05,0.008086180314421654,0.0
2232,adam,5.9693407820304856e-05,0.006693252362310886,0.0
2233,adam,5.9615464124362916e-05,0.0055393376387655735,0.0
2234,adam,5.955019878456369e-05,0.004516426008194685,0.0
2235,adam,5.94944940530695e-05,0.003688446246087551,0.0
2236,adam,5.9445166698424146e-05,0.0029890851583331823,0.0
2237,adam,5.9401085309218615e-05,0.0024489215575158596,0.0
2238,adam,5.936002708040178e-05,0.00200324272736907,0.0
2239,adam,5.93212571402546e-05,0.0016754302196204662,0.0
2240,adam,5.928328391746618e-05,0.0013840297469869256,0.0
2241,adam,5.9246285672998056e-05,0.0011621910380199552,0.0
2242,adam,5.920960029470734e-05,0.0009499185252934694,0.0
2243,adam,5.91737698414363e-05,0.0007825398934073746,0.0
2244,adam,5.913797576795332e-05,0.0006388326291926205,0.0
2245,adam,5.9102669183630496e-05,0.000557497376576066,0.0
2246,adam,5.906800288357772e-05,0.0005065851146355271,0.0
2247,adam,5.903312558075413e-05,0.0005229973467066884,0.0
2248,adam,5.899834286537953e-05,0.0005278759053908288,0.0
2249,adam,5.896374204894528e-05,0.000574433128349483,0.0
2250,adam,5.8929432270815596e-05,0.0005837815697304904,0.0
2251,adam,5.889501699130051e-05,0.0006357342936098576,0.0
2252,adam,5.8860932767856866e-05,0.0006594110745936632,0.0
2253,adam,5.882649929844774e-05,0.0007457510218955576,0.0
2254,adam,5.87930298934225e-05,0.0008287185919471085,0.0
2255,adam,5.875950591871515e-05,0.0009924396872520447,0.0
2256,adam,5.87264948990196e-05,0.0011761720525100827,0.0
2257,adam,5.869455708307214e-05,0.0014537113020196557,0.0
2258,adam,5.8663492382038385e-05,0.0017751016421243548,0.0
2259,adam,5.8634297602111474e-05,0.002216554479673505,0.0
2260,adam,5.8608289691619575e-05,0.0027493394445627928,0.0
2261,adam,5.8586923842085525e-05,0.0034696569200605154,0.0
2262,adam,5.857324504177086e-05,0.0043612997978925705,0.0
2263,adam,5.857240830664523e-05,0.005553489085286856,0.0
2264,adam,5.859320663148537e-05,0.007062332704663277,0.0
2265,adam,5.8650144637795165e-05,0.009068197570741177,0.0
2266,adam,5.876879004063085e-05,0.011657708324491978,0.0
2267,adam,5.899409734411165e-05,0.015095552429556847,0.0
2268,adam,5.9402223996585235e-05,0.01959802769124508,0.0
2269,adam,6.0130500060040504e-05,0.02558760717511177,0.0
2270,adam,6.141867197584361e-05,0.03350580483675003,0.0
2271,adam,6.369674520101398e-05,0.044085241854190826,0.0
2272,adam,6.773698260076344e-05,0.058198604732751846,0.0
2273,adam,7.4937597673852e-05,0.07716571539640427,0.0
2274,adam,8.782785153016448e-05,0.10265471786260605,0.0
2275,adam,0.00011103392171207815,0.13704663515090942,0.0
2276,adam,0.00015293571050278842,0.18347296118736267,0.0
2277,adam,0.00022886140504851937,0.2461472451686859,0.0
2278,adam,0.00036593881668522954,0.33053869009017944,0.0
2279,adam,0.0006118635646998882,0.4430776536464691,0.0
2280,adam,0.0010419111931696534,0.5907082557678223,0.0
2281,adam,0.001763401785865426,0.7767286896705627,0.0
2282,adam,0.0028578920755535364,0.9954389929771423,0.0
2283,adam,0.0042489212937653065,1.2141623497009277,0.0
2284,adam,0.005352489184588194,1.3643735647201538,0.0
2285,adam,0.00519529776647687,1.3342227935791016,0.0
2286,adam,0.003225826658308506,1.0447289943695068,0.0
2287,adam,0.0008810198050923645,0.5160265564918518,0.0
2288,adam,0.00018727224960457534,0.19200864434242249,0.0
2289,adam,0.0013249493204057217,0.6636359691619873,0.0
2290,adam,0.0024121340829879045,0.9018927812576294,0.0
2291,adam,0.0019203057745471597,0.7953660488128662,0.0
2292,adam,0.0005897553637623787,0.40915027260780334,0.0
2293,adam,0.00020932451297994703,0.20813803374767303,0.0
2294,adam,0.0009731499594636261,0.5598801970481873,0.0
2295,adam,0.001408719690516591,0.6795791983604431,0.0
2296,adam,0.0007998949149623513,0.49696972966194153,0.0
2297,adam,0.00016123446403071284,0.15780681371688843,0.0
2298,adam,0.0003910522209480405,0.32933586835861206,0.0
2299,adam,0.0008658233564347029,0.5239704251289368,0.0
2300,adam,0.0006879334105178714,0.4606722891330719,0.0
2301,adam,0.0001905200770124793,0.1972416341304779,0.0
2302,adam,0.00018343140254728496,0.19441092014312744,0.0
2303,adam,0.0005276759038679302,0.39852166175842285,0.0
2304,adam,0.0005309064290486276,0.39973288774490356,0.0
2305,adam,0.0001950915902853012,0.20960009098052979,0.0
2306,adam,9.997034794650972e-05,0.10242405533790588,0.0
2307,adam,0.00032400377676822245,0.2975842356681824,0.0
2308,adam,0.0003974900464527309,0.33871108293533325,0.0
2309,adam,0.00018932338571175933,0.2075050175189972,0.0
2310,adam,6.816599488956854e-05,0.03367864713072777,0.0
2311,adam,0.00019586428243201226,0.21258936822414398,0.0
2312,adam,0.00029233639361336827,0.28089475631713867,0.0
2313,adam,0.0001818507007556036,0.2024027705192566,0.0
2314,adam,6.571921403519809e-05,0.030973084270954132,0.0
2315,adam,0.00011843611719086766,0.13838531076908112,0.0
2316,adam,0.0002067266614176333,0.2233615666627884,0.0
2317,adam,0.00016726824105717242,0.18994101881980896,0.0
2318,adam,7.705108873778954e-05,0.06991889327764511,0.0
2319,adam,8.08740223874338e-05,0.08028721809387207,0.0
2320,adam,0.0001430666889064014,0.1676943451166153,0.0
2321,adam,0.0001422218483639881,0.16663730144500732,0.0
2322,adam,8.485800208291039e-05,0.08845943212509155,0.0
2323,adam,6.796764500904828e-05,0.044309522956609726,0.0
2324,adam,0.00010386413487140089,0.12106277793645859,0.0
2325,adam,0.00011758870095945895,0.1395258903503418,0.0
2326,adam,8.563323353882879e-05,0.09220435470342636,0.0
2327,adam,6.376373494276777e-05,0.02725953795015812,0.0
2328,adam,8.120165148284286e-05,0.08247870951890945,0.0
2329,adam,9.851942013483495e-05,0.11384417861700058,0.0
2330,adam,8.400743536185473e-05,0.09009026736021042,0.0
2331,adam,6.31111761322245e-05,0.029463354498147964,0.0
2332,adam,6.73407776048407e-05,0.04739770293235779,0.0
2333,adam,8.307769894599915e-05,0.08791973441839218,0.0
2334,adam,8.121736027533188e-05,0.08474124222993851,0.0
2335,adam,6.552066770382226e-05,0.04317082464694977,0.0
2336,adam,6.073530676076189e-05,0.015022973529994488,0.0
2337,adam,7.050944986985996e-05,0.059830356389284134,0.0
2338,adam,7.576152711408213e-05,0.07338226586580276,0.0
2339,adam,6.800878327339888e-05,0.05268487706780434,0.0
2340,adam,6.011321966070682e-05,0.010895991697907448,0.0
2341,adam,6.27578265266493e-05,0.03260749578475952,0.0
2342,adam,6.888581992825493e-05,0.05637623742222786,0.0
2343,adam,6.779599789297208e-05,0.05291242152452469,0.0
2344,adam,6.17300538579002e-05,0.02701563388109207,0.0
2345,adam,5.9878802858293056e-05,0.012027418240904808,0.0
2346,adam,6.34141979389824e-05,0.0374312587082386,0.0
2347,adam,6.5411782998126e-05,0.045922428369522095,0.0
2348,adam,6.266726268222556e-05,0.033963002264499664,0.0
2349,adam,5.961030910839327e-05,0.010845771059393883,0.0
2350,adam,6.0295944422250614e-05,0.01983102411031723,0.0
2351,adam,6.257845961954445e-05,0.03473707661032677,0.0
2352,adam,6.242933159228414e-05,0.034387361258268356,0.0
2353,adam,6.012704398017377e-05,0.019713951274752617,0.0
2354,adam,5.902815973968245e-05,0.005054308567196131,0.0
2355,adam,6.0179907450219616e-05,0.021167155355215073,0.0
2356,adam,6.126929656602442e-05,0.029156506061553955,0.0
2357,adam,6.051146556274034e-05,0.0246348325163126,0.0
2358,adam,5.904685167479329e-05,0.010477717965841293,0.0
2359,adam,5.8803780120797455e-05,0.006533365231007338,0.0
2360,adam,5.968579353066161e-05,0.019244283437728882,0.0
2361,adam,6.009641947457567e-05,0.022957131266593933,0.0
2362,adam,5.939808033872396e-05,0.017431143671274185,0.0
2363,adam,5.8581012126524e-05,0.005670324899256229,0.0
2364,adam,5.860668170498684e-05,0.007580195087939501,0.0
2365,adam,5.9128578868694603e-05,0.01603122241795063,0.0
2366,adam,5.922409036429599e-05,0.0175015889108181,0.0
2367,adam,5.873151894775219e-05,0.012228908948600292,0.0
2368,adam,5.830508598592132e-05,0.003718353807926178,0.0
2369,adam,5.838342258357443e-05,0.007448278833180666,0.0
2370,adam,5.865855564479716e-05,0.012963096611201763,0.0
2371,adam,5.863095066160895e-05,0.013188231736421585,0.0
2372,adam,5.830034933751449e-05,0.008639814332127571,0.0
2373,adam,5.8065310440724716e-05,0.0023613236844539642,0.0
2374,adam,5.812972449348308e-05,0.006394245196133852,0.0
2375,adam,5.827566565130837e-05,0.010313794948160648,0.0
2376,adam,5.8223798987455666e-05,0.010172507725656033,0.0
2377,adam,5.799996870337054e-05,0.006423435173928738,0.0
2378,adam,5.784405584563501e-05,0.0009694691398181021,0.0
2379,adam,5.7869845477398485e-05,0.00480684032663703,0.0
2380,adam,5.7947825553128496e-05,0.007969594560563564,0.0
2381,adam,5.790976865682751e-05,0.00799649953842163,0.0
2382,adam,5.7763605582294986e-05,0.005280761979520321,0.0
2383,adam,5.76468046347145e-05,0.0011311398120597005,0.0
2384,adam,5.76357233512681e-05,0.0033247799146920443,0.0
2385,adam,5.766662798123434e-05,0.005945565644651651,0.0
2386,adam,5.76406491745729e-05,0.00625084200873971,0.0
2387,adam,5.754777157562785e-05,0.004483272787183523,0.0
2388,adam,5.745926682720892e-05,0.0016096141189336777,0.0
2389,adam,5.742820940213278e-05,0.002296139020472765,0.0
2390,adam,5.7429751905146986e-05,0.004379567690193653,0.0
2391,adam,5.740660708397627e-05,0.004896359983831644,0.0
2392,adam,5.734258229495026e-05,0.003823822597041726,0.0
2393,adam,5.727204916183837e-05,0.0016469389665871859,0.0
2394,adam,5.7231562095694244e-05,0.0012565131764858961,0.0
2395,adam,5.7217061112169176e-05,0.0030766641721129417,0.0
2396,adam,5.719602631870657e-05,0.003831832204014063,0.0
2397,adam,5.714934377465397e-05,0.003373123239725828,0.0
2398,adam,5.70913398405537e-05,0.0018757035722956061,0.0
2399,adam,5.704523209715262e-05,0.00033254080335609615,0.0
2400,adam,5.701859117834829e-05,0.001795159769244492,0.0
2401,adam,5.6995402701431885e-05,0.0027657703030854464,0.0
2402,adam,5.696063817595132e-05,0.002846162300556898,0.0
2403,adam,5.691442493116483e-05,0.002043438609689474,0.0
2404,adam,5.686935401172377e-05,0.0008598808199167252,0.0
2405,adam,5.683445488102734e-05,0.0008934704237617552,0.0
2406,adam,5.680639515048824e-05,0.0017948758322745562,0.0
2407,adam,5.677561421180144e-05,0.002201484516263008,0.0
2408,adam,5.673736086464487e-05,0.0019103405065834522,0.0
2409,adam,5.6696462706895545e-05,0.0011717273155227304,0.0
2410,adam,5.665845674229786e-05,0.0004569531010929495,0.0
2411,adam,5.662625699187629e-05,0.0009952306281775236,0.0
2412,adam,5.659624730469659e-05,0.0015678475610911846,0.0
2413,adam,5.656282519339584e-05,0.0016424581408500671,0.0
2414,adam,5.6525754189351574e-05,0.0013129665749147534,0.0
2415,adam,5.6488039263058454e-05,0.0006585349328815937,0.0
2416,adam,5.6453300203429535e-05,0.00035631778882816434,0.0
2417,adam,5.64212205063086e-05,0.00088986981427297,0.0
2418,adam,5.638966104015708e-05,0.0012070751981809735,0.0
2419,adam,5.6356417189817876e-05,0.001234594383276999,0.0
2420,adam,5.632125248666853e-05,0.0009204650996252894,0.0
2421,adam,5.6286040489794686e-05,0.000515561259817332,0.0
2422,adam,5.625248377327807e-05,0.00041964862612076104,0.0
2423,adam,5.6220193073386326e-05,0.0007277030381374061,0.0
2424,adam,5.618831346509978e-05,0.0009424397721886635,0.0
2425,adam,5.615501504507847e-05,0.0009038095595315099,0.0
2426,adam,5.6121334637282416e-05,0.0007001724443398416,0.0
2427,adam,5.6087537814164534e-05,0.0003933421685360372,0.0
2428,adam,5.6054686865536496e-05,0.00034173051244579256,0.0
2429,adam,5.6022789067355916e-05,0.0005674406420439482,0.0
2430,adam,5.599101132247597e-05,0.0007090329891070724,0.0
2431,adam,5.5958516895771027e-05,0.0007280654390342534,0.0
2432,adam,5.592571687884629e-05,0.0005886428407393396,0.0
2433,adam,5.58932006242685e-05,0.00040840497240424156,0.0
2434,adam,5.586042607319541e-05,0.0003265754785388708,0.0
2435,adam,5.582864832831547e-05,0.00042379225487820804,0.0
2436,adam,5.579738717642613e-05,0.0005572392255999148,0.0
2437,adam,5.576530020334758e-05,0.0005727698444388807,0.0
2438,adam,5.573331145569682e-05,0.000521800306160003,0.0
2439,adam,5.570147914113477e-05,0.0003911796084139496,0.0
2440,adam,5.5669584980932996e-05,0.00031096473685465753,0.0
2441,adam,5.563792001339607e-05,0.00034016009885817766,0.0
2442,adam,5.5606491514481604e-05,0.0004086805565748364,0.0
2443,adam,5.557553959079087e-05,0.00047077363706193864,0.0
2444,adam,5.55443148186896e-05,0.00044536517816595733,0.0
2445,adam,5.551274443860166e-05,0.00040117345633916557,0.0
2446,adam,5.548105400521308e-05,0.000323941872920841,0.0
2447,adam,5.545015665120445e-05,0.0003050088416785002,0.0
2448,adam,5.541943392017856e-05,0.0003334354842081666,0.0
2449,adam,5.5388256441801786e-05,0.00036712465225718915,0.0
2450,adam,5.535735181183554e-05,0.00039306344115175307,0.0
2451,adam,5.5326578149106354e-05,0.0003687411081045866,0.0
2452,adam,5.529553163796663e-05,0.00033977406565099955,0.0
2453,adam,5.526513632503338e-05,0.000301527907140553,0.0
2454,adam,5.5234486353583634e-05,0.000296401500236243,0.0
2455,adam,5.5203800002345815e-05,0.0003137038729619235,0.0
2456,adam,5.5173328291857615e-05,0.00033014584914781153,0.0
2457,adam,5.51429511688184e-05,0.00034346574102528393,0.0
2458,adam,5.511276685865596e-05,0.00033046508906409144,0.0
2459,adam,5.5082298786146566e-05,0.00031596014741808176,0.0
2460,adam,5.5051965318853036e-05,0.00029852011357434094,0.0
2461,adam,5.502186104422435e-05,0.00029301916947588325,0.0
2462,adam,5.49918768228963e-05,0.00030300364596769214,0.0
2463,adam,5.4961714340606704e-05,0.000306068395730108,0.0
2464,adam,5.493151911650784e-05,0.0003161800268571824,0.0
2465,adam,5.4901669500395656e-05,0.0003070438979193568,0.0
2466,adam,5.487207090482116e-05,0.0003059227019548416,0.0
2467,adam,5.484222492668778e-05,0.0002942697028629482,0.0
2468,adam,5.4812608141219243e-05,0.0002946682507172227,0.0
2469,adam,5.478265666170046e-05,0.00029363096109591424,0.0
2470,adam,5.475274156196974e-05,0.00029954692581668496,0.0
2471,adam,5.4723281209589913e-05,0.00030415141372941434,0.0
2472,adam,5.46938281331677e-05,0.0003065046912524849,0.0
2473,adam,5.466445873025805e-05,0.00030558372964151204,0.0
2474,adam,5.4634903790429235e-05,0.00030865304870530963,0.0
2475,adam,5.4605592595180497e-05,0.0003073942207265645,0.0
2476,adam,5.457621591631323e-05,0.00031931407283991575,0.0
2477,adam,5.4547275794902816e-05,0.00032231101067736745,0.0
2478,adam,5.4518030083272606e-05,0.0003449022478889674,0.0
2479,adam,5.448890806292184e-05,0.0003556179872248322,0.0
2480,adam,5.4459676903206855e-05,0.00039554640534333885,0.0
2481,adam,5.443083500722423e-05,0.0004251730570103973,0.0
2482,adam,5.440194217953831e-05,0.000492762541398406,0.0
2483,adam,5.437333311419934e-05,0.0005541795399039984,0.0
2484,adam,5.4344582167686895e-05,0.0006658359197899699,0.0
2485,adam,5.431652971310541e-05,0.0007787356153130531,0.0
2486,adam,5.4289077525027096e-05,0.0009567844099365175,0.0
2487,adam,5.426175630418584e-05,0.0011566022876650095,0.0
2488,adam,5.423557013273239e-05,0.0014479764504358172,0.0
2489,adam,5.4211086535360664e-05,0.0017932929331436753,0.0
2490,adam,5.4189495131140575e-05,0.002274711849167943,0.0
2491,adam,5.41719637112692e-05,0.0028678751550614834,0.0
2492,adam,5.416229396359995e-05,0.003673806320875883,0.0
2493,adam,5.416526983026415e-05,0.0046929563395679,0.0
2494,adam,5.418948785518296e-05,0.006063810549676418,0.0
2495,adam,5.42512716492638e-05,0.00783692765980959,0.0
2496,adam,5.4377378546632826e-05,0.010219673626124859,0.0
2497,adam,5.4617190471617505e-05,0.013350634835660458,0.0
2498,adam,5.505747685674578e-05,0.0175553597509861,0.0
2499,adam,5.585386315942742e-05,0.023144826292991638,0.0
2500,adam,5.728901669499464e-05,0.030673488974571228,0.0
2501,adam,5.987164695397951e-05,0.04077587276697159,0.0
2502,adam,6.454607500927523e-05,0.054432809352874756,0.0
2503,adam,7.300821016542614e-05,0.07289639115333557,0.0
2504,adam,8.845496631693095e-05,0.09791108220815659,0.0
2505,adam,0.00011652096145553514,0.13182960450649261,0.0
2506,adam,0.00016783624596428126,0.17753921449184418,0.0
2507,adam,0.0002597178681753576,0.2388896644115448,0.0
2508,adam,0.00042291556019335985,0.31904295086860657,0.0
2509,adam,0.0006929851369932294,0.420768678188324,0.0
2510,adam,0.0011102963471785188,0.5384238362312317,0.0
2511,adam,0.0016143989050760865,0.6562600135803223,0.0
2512,adam,0.0020237225107848644,0.7317254543304443,0.0
2513,adam,0.0019036619924008846,0.7103809118270874,0.0
2514,adam,0.0011729823891073465,0.5479324460029602,0.0
2515,adam,0.00031389325158670545,0.26187631487846375,0.0
2516,adam,8.785069803707302e-05,0.08321652561426163,0.0
2517,adam,0.0005281072808429599,0.3501683473587036,0.0
2518,adam,0.0009340973338112235,0.4818744361400604,0.0
2519,adam,0.0007639283430762589,0.4308854341506958,0.0
2520,adam,0.00025085240486077964,0.2258177548646927,0.0
2521,adam,7.477557664969936e-05,0.06217891722917557,0.0
2522,adam,0.0003558832104317844,0.27872201800346375,0.0
2523,adam,0.0005782553926110268,0.36911144852638245,0.0
2524,adam,0.0004074708849657327,0.3016575276851654,0.0
2525,adam,0.00011042060214094818,0.11431536823511124,0.0
2526,adam,0.00010117097554029897,0.10309773683547974,0.0
2527,adam,0.00030717981280758977,0.2548946440219879,0.0
2528,adam,0.00036109116626903415,0.28207167983055115,0.0
2529,adam,0.00018958256987389177,0.18528896570205688,0.0
2530,adam,6.107371882535517e-05,0.028096865862607956,0.0
2531,adam,0.0001367827644571662,0.1453036069869995,0.0
2532,adam,0.00024732918245717883,0.22409634292125702,0.0
2533,adam,0.0002037191588897258,0.19674648344516754,0.0
2534,adam,8.472644549328834e-05,0.08532484620809555,0.0
2535,adam,6.751038017682731e-05,0.05303135886788368,0.0
2536,adam,0.00014654325786978006,0.15461471676826477,0.0
2537,adam,0.0001762426836648956,0.17887696623802185,0.0
2538,adam,0.00011192196689080447,0.12244631350040436,0.0
2539,adam,5.761360444012098e-05,0.02354240231215954,0.0
2540,adam,8.276294101960957e-05,0.08471445739269257,0.0
2541,adam,0.0001283817837247625,0.13890571892261505,0.0
2542,adam,0.00011851305316668004,0.12937219440937042,0.0
2543,adam,7.169514719862491e-05,0.06599252671003342,0.0
2544,adam,5.686306394636631e-05,0.020002517849206924,0.0
2545,adam,8.45604736241512e-05,0.08798900991678238,0.0
2546,adam,0.00010370956442784518,0.11353998631238937,0.0
2547,adam,8.566411270294338e-05,0.08989620953798294,0.0
2548,adam,5.917283851886168e-05,0.03254086896777153,0.0
2549,adam,5.966618482489139e-05,0.03530192747712135,0.0
2550,adam,7.847089727874845e-05,0.07920997589826584,0.0
2551,adam,8.352581062354147e-05,0.08739134669303894,0.0
2552,adam,6.822477735113353e-05,0.059528231620788574,0.0
2553,adam,5.5311778851319104e-05,0.01125616580247879,0.0
2554,adam,6.021948502166197e-05,0.03843386471271515,0.0
2555,adam,7.130857557058334e-05,0.06695649772882462,0.0
2556,adam,7.089941937010735e-05,0.06623493880033493,0.0
2557,adam,6.041640881448984e-05,0.04000026360154152,0.0
2558,adam,5.4601016017841175e-05,0.006422650534659624,0.0
2559,adam,5.9202578995609656e-05,0.03564196825027466,0.0
2560,adam,6.508252408821136e-05,0.053505610674619675,0.0
2561,adam,6.325622234726325e-05,0.048929423093795776,0.0
2562,adam,5.677059743902646e-05,0.026256954297423363,0.0
2563,adam,5.425613926490769e-05,0.004984433297067881,0.0
2564,adam,5.759662599302828e-05,0.030415738001465797,0.0
2565,adam,6.078663864172995e-05,0.042328473180532455,0.0
2566,adam,5.921733827563003e-05,0.0371171236038208,0.0
2567,adam,5.5340249673463404e-05,0.01903431862592697,0.0
2568,adam,5.4092648497316986e-05,0.006764568388462067,0.0
2569,adam,5.614917245111428e-05,0.02464132569730282,0.0
2570,adam,5.7908884627977386e-05,0.03303870931267738,0.0
2571,adam,5.6870499975048006e-05,0.028646746650338173,0.0
2572,adam,5.4554257076233625e-05,0.014377095736563206,0.0
2573,adam,5.3803418268216774e-05,0.003733430290594697,0.0
2574,adam,5.5001553846523166e-05,0.018560510128736496,0.0
2575,adam,5.608650462818332e-05,0.025459690019488335,0.0
2576,adam,5.555500683840364e-05,0.0226947870105505,0.0
2577,adam,5.417701686383225e-05,0.012502012774348259,0.0
2578,adam,5.360242721508257e-05,0.0031581902876496315,0.0
2579,adam,5.420694287749939e-05,0.01339805405586958,0.0
2580,adam,5.490291732712649e-05,0.019429028034210205,0.0
2581,adam,5.471331314765848e-05,0.018283430486917496,0.0
2582,adam,5.390009391703643e-05,0.011292279697954655,0.0
2583,adam,5.3404441132443026e-05,0.0020722246263176203,0.0
2584,adam,5.362522279028781e-05,0.00855073519051075,0.0
2585,adam,5.4070060286903754e-05,0.014208252541720867,0.0
2586,adam,5.4095187806524336e-05,0.014732601121068,0.0
2587,adam,5.366525874705985e-05,0.010514597408473492,0.0
2588,adam,5.326501195668243e-05,0.0033189915120601654,0.0
2589,adam,5.325760139385238e-05,0.004263557028025389,0.0
2590,adam,5.3506890253629535e-05,0.009742691181600094,0.0
2591,adam,5.362567389965989e-05,0.011611837893724442,0.0
2592,adam,5.344883174984716e-05,0.009827487170696259,0.0
2593,adam,5.3164971177466214e-05,0.005248463246971369,0.0
2594,adam,5.3043168009025976e-05,0.0016558472998440266,0.0
2595,adam,5.312875873642042e-05,0.005821326747536659,0.0
2596,adam,5.324243102222681e-05,0.00849683117121458,0.0
2597,adam,5.32120575371664e-05,0.008529042825102806,0.0
2598,adam,5.305013473844156e-05,0.0060750520788133144,0.0
2599,adam,5.290393528412096e-05,0.002522279741242528,0.0
2600,adam,5.287595558911562e-05,0.002741715172305703,0.0
2601,adam,5.293096910463646e-05,0.005519344471395016,0.0
2602,adam,5.295770461088978e-05,0.006797900889068842,0.0
2603,adam,5.289619730319828e-05,0.006110821850597858,0.0
2604,adam,5.27871452504769e-05,0.00397625332698226,0.0
2605,adam,5.271017653285526e-05,0.0016177716897800565,0.0
2606,adam,5.2698997023981065e-05,0.0027046094182878733,0.0
2607,adam,5.2718070946866646e-05,0.004523110575973988,0.0
2608,adam,5.2710642194142565e-05,0.005098701920360327,0.0
2609,adam,5.265674917609431e-05,0.0044446950778365135,0.0
2610,adam,5.258536839392036e-05,0.002895174315199256,0.0
2611,adam,5.2536615839926526e-05,0.001863597659394145,0.0
2612,adam,5.2522380428854376e-05,0.002814687555655837,0.0
2613,adam,5.252207483863458e-05,0.00397422444075346,0.0
2614,adam,5.2506507927319035e-05,0.004453129135072231,0.0
2615,adam,5.246734508546069e-05,0.004143030848354101,0.0
2616,adam,5.2421561122173443e-05,0.0035700425505638123,0.0
2617,adam,5.238890662440099e-05,0.003451551776379347,0.0
2618,adam,5.2377177780726925e-05,0.0040981946513056755,0.0
2619,adam,5.2377352403709665e-05,0.005051042884588242,0.0
2620,adam,5.237666846369393e-05,0.005843385122716427,0.0
2621,adam,5.237243021838367e-05,0.006567253265529871,0.0
2622,adam,5.2374150982359424e-05,0.007393769919872284,0.0
2623,adam,5.2399707783479244e-05,0.008645308203995228,0.0
2624,adam,5.246260479907505e-05,0.010353097692131996,0.0
2625,adam,5.2573857828974724e-05,0.012506267055869102,0.0
2626,adam,5.274831346469e-05,0.015092541463673115,0.0
2627,adam,5.3016214224044234e-05,0.018232952803373337,0.0
2628,adam,5.3432973800227046e-05,0.022113466635346413,0.0
2629,adam,5.408965807873756e-05,0.027021724730730057,0.0
2630,adam,5.5127784435171634e-05,0.03321981430053711,0.0
2631,adam,5.676603177562356e-05,0.04109831154346466,0.0
2632,adam,5.935773515375331e-05,0.051077522337436676,0.0
2633,adam,6.347621092572808e-05,0.06379193812608719,0.0
2634,adam,7.006833038758487e-05,0.08000461757183075,0.0
2635,adam,8.068211900535971e-05,0.10077022761106491,0.0
2636,adam,9.788844181457534e-05,0.12739233672618866,0.0
2637,adam,0.00012587089440785348,0.16159185767173767,0.0
2638,adam,0.000171584018971771,0.20549438893795013,0.0
2639,adam,0.0002460653777234256,0.2617415487766266,0.0
2640,adam,0.0003671354497782886,0.3333622217178345,0.0
2641,adam,0.0005605621263384819,0.42344653606414795,0.0
2642,adam,0.0008626143098808825,0.5342280864715576,0.0
2643,adam,0.0013080013450235128,0.6648113131523132,0.0
2644,adam,0.0019106077961623669,0.8077929615974426,0.0
2645,adam,0.0025869894307106733,0.9423649311065674,0.0
2646,adam,0.0031059598550200462,1.032469630241394,0.0
2647,adam,0.0030829589813947678,1.0249626636505127,0.0
2648,adam,0.002305256202816963,0.8812129497528076,0.0
2649,adam,0.00110056740231812,0.5935840010643005,0.0
2650,adam,0.00022710151097271591,0.23060736060142517,0.0
2651,adam,0.0001849539839895442,0.20605751872062683,0.0
2652,adam,0.000744891818612814,0.4877455234527588,0.0
2653,adam,0.0012425666209310293,0.6370565891265869,0.0
2654,adam,0.001186181791126728,0.6169052720069885,0.0
2655,adam,0.0006571471458300948,0.4425120949745178,0.0
2656,adam,0.00018653487495612353,0.1928555965423584,0.0
2657,adam,0.00015744655684102327,0.18092234432697296,0.0
2658,adam,0.000461012648884207,0.372251957654953,0.0
2659,adam,0.0006837485125288367,0.4574113190174103,0.0
2660,adam,0.0005698687164112926,0.4084571301937103,0.0
2661,adam,0.0002644541673362255,0.2508515417575836,0.0
2662,adam,8.928008901420981e-05,0.09298890829086304,0.0
2663,adam,0.00018062138406094164,0.206129789352417,0.0
2664,adam,0.00036450871266424656,0.3205114006996155,0.0
2665,adam,0.0003983836795669049,0.33311018347740173,0.0
2666,adam,0.00025038106832653284,0.24587857723236084,0.0
2667,adam,9.331056207884103e-05,0.102698914706707,0.0
2668,adam,8.600995352026075e-05,0.10206149518489838,0.0
2669,adam,0.0001934821775648743,0.21439890563488007,0.0
2670,adam,0.0002611325471661985,0.2580872178077698,0.0
2671,adam,0.00020821005455218256,0.21890319883823395,0.0
2672,adam,0.00010141279199160635,0.11821907013654709,0.0
2673,adam,5.921233969274908e-05,0.039340998977422714,0.0
2674,adam,0.00010707405454013497,0.13268716633319855,0.0
2675,adam,0.0001671966165304184,0.19101348519325256,0.0
2676,adam,0.0001635066873859614,0.18598534166812897,0.0
2677,adam,0.00010351673699915409,0.12394740432500839,0.0
2678,adam,5.730904376832768e-05,0.032075151801109314,0.0
2679,adam,6.724696140736341e-05,0.06728764623403549,0.0
2680,adam,0.00010719170677475631,0.13121403753757477,0.0
2681,adam,0.00012363516725599766,0.14914846420288086,0.0
2682,adam,9.856976248556748e-05,0.11977555602788925,0.0
2683,adam,6.328954623313621e-05,0.05647265166044235,0.0
2684,adam,5.409438017522916e-05,0.01763390563428402,0.0
2685,adam,7.282460865098983e-05,0.07894817739725113,0.0
2686,adam,9.157296153716743e-05,0.11051108688116074,0.0
2687,adam,8.800241630524397e-05,0.10580116510391235,0.0
2688,adam,6.819396367063746e-05,0.07075061649084091,0.0
2689,adam,5.399071960709989e-05,0.020481934770941734,0.0
2690,adam,5.71792661503423e-05,0.03632683306932449,0.0
2691,adam,6.930955714778975e-05,0.0718739777803421,0.0
2692,adam,7.470474520232528e-05,0.08397863060235977,0.0
2693,adam,6.813105574110523e-05,0.07137393951416016,0.0
2694,adam,5.756461541750468e-05,0.04163053631782532,0.0
2695,adam,5.3351741371443495e-05,0.016208535060286522,0.0
2696,adam,5.7270837714895606e-05,0.03780963271856308,0.0
2697,adam,6.280603702180088e-05,0.057137325406074524,0.0
2698,adam,6.356467201840132e-05,0.06060042604804039,0.0
2699,adam,5.9316324040992185e-05,0.04882543906569481,0.0
2700,adam,5.467247319757007e-05,0.029161915183067322,0.0
2701,adam,5.346494435798377e-05,0.018821926787495613,0.0
2702,adam,5.542764483834617e-05,0.030911186710000038,0.0
2703,adam,5.7568704505683854e-05,0.04162484034895897,0.0
2704,adam,5.7593533711042255e-05,0.04305192828178406,0.0
2705,adam,5.573044472839683e-05,0.03588906675577164,0.0
2706,adam,5.3752341045765206e-05,0.024379856884479523,0.0
2707,adam,5.303315629134886e-05,0.017307642847299576,0.0
2708,adam,5.356642577680759e-05,0.021884195506572723,0.0
2709,adam,5.43925998499617e-05,0.028479214757680893,0.0
2710,adam,5.4626136261504143e-05,0.03095400147140026,0.0
2711,adam,5.4076637752586976e-05,0.028113899752497673,0.0
2712,adam,5.3171450417721644e-05,0.021626079455018044,0.0
2713,adam,5.249078094493598e-05,0.014797497540712357,0.0
2714,adam,5.235044227447361e-05,0.013618670403957367,0.0
2715,adam,5.264867650112137e-05,0.01804487407207489,0.0
2716,adam,5.2995721489423886e-05,0.021874651312828064,0.0
2717,adam,5.3021914936834946e-05,0.02230430580675602,0.0
2718,adam,5.264257197268307e-05,0.01907135359942913,0.0
2719,adam,5.209254959481768e-05,0.013323632068932056,0.0
2720,adam,5.172803867026232e-05,0.008200664073228836,0.0
2721,adam,5.1736577006522566e-05,0.00968476478010416,0.0
2722,adam,5.199877341510728e-05,0.014299561269581318,0.0
2723,adam,5.22080845257733e-05,0.016881410032510757,0.0
2724,adam,5.213673284742981e-05,0.016298949718475342,0.0
2725,adam,5.1808969146804884e-05,0.012622034177184105,0.0
2726,adam,5.1453560445224866e-05,0.007097333204001188,0.0
2727,adam,5.129703276907094e-05,0.003623796161264181,0.0
2728,adam,5.1383387472014874e-05,0.007509633433073759,0.0
2729,adam,5.1563692977651954e-05,0.011311983689665794,0.0
2730,adam,5.1641691243276e-05,0.012726153247058392,0.0
2731,adam,5.153060192242265e-05,0.011543374508619308,0.0
2732,adam,5.1303541113156825e-05,0.008166816085577011,0.0
2733,adam,5.110868005431257e-05,0.0035171466879546642,0.0
2734,adam,5.1047732995357364e-05,0.001672462560236454,0.0
2735,adam,5.110693018650636e-05,0.005709668155759573,0.0
2736,adam,5.118938133819029e-05,0.008347290568053722,0.0
2737,adam,5.1202394388383254e-05,0.00916958786547184,0.0
2738,adam,5.112097642268054e-05,0.008176641538739204,0.0
2739,adam,5.099165719002485e-05,0.005788735579699278,0.0
2740,adam,5.088465695735067e-05,0.002704703714698553,0.0
2741,adam,5.084074291517027e-05,0.0012451589573174715,0.0
2742,adam,5.08498924318701e-05,0.0037312975618988276,0.0
2743,adam,5.0871130952145904e-05,0.005538745783269405,0.0
2744,adam,5.0865739467553794e-05,0.006241597700864077,0.0
2745,adam,5.082192728877999e-05,0.005885937251150608,0.0
2746,adam,5.075532681075856e-05,0.004663316532969475,0.0
2747,adam,5.0691174692474306e-05,0.003025676356628537,0.0
2748,adam,5.06465403304901e-05,0.001715279882773757,0.0
2749,adam,5.062379204900935e-05,0.0020871663000434637,0.0
2750,adam,5.0611881306394935e-05,0.003124979790300131,0.0
2751,adam,5.0597107474459335e-05,0.0038398553151637316,0.0
2752,adam,5.057270027464256e-05,0.004038199316710234,0.0
2753,adam,5.053821223555133e-05,0.0037427714560180902,0.0
2754,adam,5.049843457527459e-05,0.0031338734552264214,0.0
2755,adam,5.045993020758033e-05,0.002339511178433895,0.0
2756,adam,5.0425860536051914e-05,0.0017315625445917249,0.0
2757,adam,5.0397175073157996e-05,0.0015384303405880928,0.0
2758,adam,5.037220034864731e-05,0.0018445656169205904,0.0
2759,adam,5.0349040975561365e-05,0.002226046519353986,0.0
2760,adam,5.0325186748523265e-05,0.002488881116732955,0.0
2761,adam,5.0299080612603575e-05,0.0025623042602092028,0.0
2762,adam,5.027092629461549e-05,0.002397598000243306,0.0
2763,adam,5.024017809773795e-05,0.002081679878756404,0.0
2764,adam,5.0208851462230086e-05,0.0015907790511846542,0.0
2765,adam,5.017809598939493e-05,0.001126225688494742,0.0
2766,adam,5.014965427108109e-05,0.0008111736387945712,0.0
2767,adam,5.012361361877993e-05,0.0009604989900253713,0.0
2768,adam,5.009926826460287e-05,0.001302771270275116,0.0
2769,adam,5.007552317692898e-05,0.001584343845024705,0.0
2770,adam,5.005117054679431e-05,0.0017435115296393633,0.0
2771,adam,5.002491525374353e-05,0.0016985201509669423,0.0
2772,adam,4.999695738661103e-05,0.001522473176009953,0.0
2773,adam,4.996829011361115e-05,0.0011764316586777568,0.0
2774,adam,4.9940110329771414e-05,0.0007917571347206831,0.0
2775,adam,4.991259993403219e-05,0.00038238364504650235,0.0
2776,adam,4.988668661098927e-05,0.00033837815863080323,0.0
2777,adam,4.9861751904245466e-05,0.0006486938218586147,0.0
2778,adam,4.983726466889493e-05,0.0009086551144719124,0.0
2779,adam,4.9812853831099346e-05,0.001106803654693067,0.0
2780,adam,4.978787910658866e-05,0.0011612323578447104,0.0
2781,adam,4.976203490514308e-05,0.0011469207238405943,0.0
2782,adam,4.973591785528697e-05,0.0010159037774428725,0.0
2783,adam,4.970922236680053e-05,0.0008564542513340712,0.0
2784,adam,4.9682988901622593e-05,0.0006457429844886065,0.0
2785,adam,4.965717744198628e-05,0.00047131627798080444,0.0
2786,adam,4.963198080076836e-05,0.00036984129110351205,0.0
2787,adam,4.960663500241935e-05,0.0003719879896380007,0.0
2788,adam,4.958181671099737e-05,0.00047355491551570594,0.0
2789,adam,4.9557082093087956e-05,0.0005411042948253453,0.0
2790,adam,4.953205643687397e-05,0.0006223016534931958,0.0
2791,adam,4.9507172661833465e-05,0.0006421065772883594,0.0
2792,adam,4.9482416216051206e-05,0.0006647889385931194,0.0
2793,adam,4.945703403791413e-05,0.0006435097311623394,0.0
2794,adam,4.943222302244976e-05,0.0006246122648008168,0.0
2795,adam,4.940742292092182e-05,0.0005808041314594448,0.0
2796,adam,4.938271740684286e-05,0.0005378052010200918,0.0
2797,adam,4.9357859097654e-05,0.0004885412054136395,0.0
2798,adam,4.933290620101616e-05,0.0004317321290727705,0.0
2799,adam,4.9308291636407375e-05,0.00038335987483151257,0.0
2800,adam,4.92836807097774e-05,0.000326186534948647,0.0
2801,adam,4.925908433506265e-05,0.00029965894646011293,0.0
2802,adam,4.923429878544994e-05,0.00027328176656737924,0.0
2803,adam,4.921026265947148e-05,0.0002849001612048596,0.0
2804,adam,4.91858008899726e-05,0.0003007878549396992,0.0
2805,adam,4.916156467515975e-05,0.0003319821262266487,0.0
2806,adam,4.9137095629703254e-05,0.0003590983687900007,0.0
2807,adam,4.911318683298305e-05,0.0003791821945924312,0.0
2808,adam,4.908875416731462e-05,0.0003957482404075563,0.0
2809,adam,4.906475805910304e-05,0.00039970510988496244,0.0
2810,adam,4.904046727460809e-05,0.00040257893851958215,0.0
2811,adam,4.901639840682037e-05,0.0003931670798920095,0.0
2812,adam,4.8992566007655114e-05,0.0003854860842693597,0.0
2813,adam,4.896856989944354e-05,0.00037333619548007846,0.0
2814,adam,4.8944581067189574e-05,0.00036575604462996125,0.0
2815,adam,4.89204830955714e-05,0.0003608926781453192,0.0
2816,adam,4.88964251417201e-05,0.0003556873125489801,0.0
2817,adam,4.887293471256271e-05,0.000358366291038692,0.0
2818,adam,4.884868030785583e-05,0.00035593955544754863,0.0
2819,adam,4.882520079263486e-05,0.00036797119537368417,0.0
2820,adam,4.8801339289639145e-05,0.0003704503469634801,0.0
2821,adam,4.87778197566513e-05,0.00039072029176168144,0.0
2822,adam,4.8754118324723095e-05,0.00039929203921929,0.0
2823,adam,4.873069701716304e-05,0.0004262192524038255,0.0
2824,adam,4.870714110438712e-05,0.0004418084863573313,0.0
2825,adam,4.868345786235295e-05,0.0004786050703842193,0.0
2826,adam,4.865999289904721e-05,0.0005066237645223737,0.0
2827,adam,4.863661160925403e-05,0.0005569932400248945,0.0
2828,adam,4.8613364924676716e-05,0.0006027379422448575,0.0
2829,adam,4.859020555159077e-05,0.0006726586143486202,0.0
2830,adam,4.856700252275914e-05,0.00074186542769894,0.0
2831,adam,4.854430153500289e-05,0.000837533560115844,0.0
2832,adam,4.852156052947976e-05,0.0009426840115338564,0.0
2833,adam,4.8498910473426804e-05,0.0010820897296071053,0.0
2834,adam,4.84766969748307e-05,0.0012443168088793755,0.0
2835,adam,4.8454952775500715e-05,0.001452224445529282,0.0
2836,adam,4.8434150812681764e-05,0.0016979024512693286,0.0
2837,adam,4.8414160119136795e-05,0.002009171526879072,0.0
2838,adam,4.839571192860603e-05,0.0023852766025811434,0.0
2839,adam,4.837964297621511e-05,0.0028569886926561594,0.0
2840,adam,4.836685911868699e-05,0.0034334685187786818,0.0
2841,adam,4.8359608626924455e-05,0.004161771386861801,0.0
2842,adam,4.836040534428321e-05,0.005067458376288414,0.0
2843,adam,4.837433880311437e-05,0.006213514134287834,0.0
2844,adam,4.840846304432489e-05,0.007648258004337549,0.0
2845,adam,4.847409581998363e-05,0.0094641437754035,0.0
2846,adam,4.859040564042516e-05,0.011757033877074718,0.0
2847,adam,4.878827166976407e-05,0.014680199325084686,0.0
2848,adam,4.911765790893696e-05,0.018404807895421982,0.0
2849,adam,4.966192500432953e-05,0.023182479664683342,0.0
2850,adam,5.055999645264819e-05,0.029315486550331116,0.0
2851,adam,5.2041708840988576e-05,0.037233684211969376,0.0
2852,adam,5.4499854741152376e-05,0.04747942462563515,0.0
2853,adam,5.859422526555136e-05,0.06079377233982086,0.0
2854,adam,6.545700307469815e-05,0.0781339555978775,0.0
2855,adam,7.70126425777562e-05,0.10079304873943329,0.0
2856,adam,9.659586066845804e-05,0.13045088946819305,0.0
2857,adam,0.00012985951616428792,0.16933465003967285,0.0
2858,adam,0.00018660284695215523,0.22027640044689178,0.0
2859,adam,0.0002829807926900685,0.2868424355983734,0.0
2860,adam,0.0004460813943296671,0.373151957988739,0.0
2861,adam,0.0007159168599173427,0.4833943843841553,0.0
2862,adam,0.0011493159690871835,0.6201257109642029,0.0
2863,adam,0.0017941450932994485,0.7806553840637207,0.0
2864,adam,0.0026470180600881577,0.9506908655166626,0.0
2865,adam,0.003504016902297735,1.0943095684051514,0.0
2866,adam,0.00392149155959487,1.154884696006775,0.0
2867,adam,0.003388246987015009,1.0641037225723267,0.0
2868,adam,0.0020085452124476433,0.8062360882759094,0.0
2869,adam,0.0007692970102652907,0.4601871073246002,0.0
2870,adam,0.0005432985490188003,0.36988526582717896,0.0
2871,adam,0.0011632860405370593,0.5985506772994995,0.0
2872,adam,0.0016174371121451259,0.725459098815918,0.0
2873,adam,0.0012405613670125604,0.6343096494674683,0.0
2874,adam,0.00047708387137390673,0.3735329508781433,0.0
2875,adam,0.0002491105697117746,0.22605830430984497,0.0
2876,adam,0.0006772047490812838,0.4351435899734497,0.0
2877,adam,0.0010016226442530751,0.549483597278595,0.0
2878,adam,0.0006979026366025209,0.45991843938827515,0.0
2879,adam,0.00019244574650656432,0.21132507920265198,0.0
2880,adam,0.0001571741740917787,0.16448861360549927,0.0
2881,adam,0.0005120469140820205,0.3725939989089966,0.0
2882,adam,0.0006398981204256415,0.4276319146156311,0.0
2883,adam,0.00034011376556009054,0.3004818558692932,0.0
2884,adam,6.680403021164238e-05,0.05903998389840126,0.0
2885,adam,0.0001671009958954528,0.1864190399646759,0.0
2886,adam,0.0003941898758057505,0.32485896348953247,0.0
2887,adam,0.0003686147974804044,0.3123696446418762,0.0
2888,adam,0.0001487204572185874,0.1680084764957428,0.0
2889,adam,6.597332685487345e-05,0.06273631751537323,0.0
2890,adam,0.00018629325495567173,0.20866961777210236,0.0
2891,adam,0.0002703515929169953,0.2637563943862915,0.0
2892,adam,0.00018591438129078597,0.20348213613033295,0.0
2893,adam,7.672245556022972e-05,0.0814916118979454,0.0
2894,adam,9.449540812056512e-05,0.11951275914907455,0.0
2895,adam,0.00017328051035292447,0.2020115852355957,0.0
2896,adam,0.0001710953947622329,0.19827863574028015,0.0
2897,adam,9.378726099384949e-05,0.11558563262224197,0.0
2898,adam,5.8813875511987135e-05,0.046207282692193985,0.0
2899,adam,0.00010223051503999159,0.13146963715553284,0.0
2900,adam,0.0001399700704496354,0.17350658774375916,0.0
2901,adam,0.0001108544529415667,0.1422361433506012,0.0
2902,adam,6.0272799601079896e-05,0.05582345649600029,0.0
2903,adam,5.7034169003600255e-05,0.04605501517653465,0.0
2904,adam,9.208436676999554e-05,0.11866223812103271,0.0
2905,adam,0.00010554600157774985,0.13682585954666138,0.0
2906,adam,7.926281978143379e-05,0.09882036596536636,0.0
2907,adam,5.3262403525877744e-05,0.030706068500876427,0.0
2908,adam,5.915870860917494e-05,0.053599048405885696,0.0
2909,adam,7.881510100560263e-05,0.09806349873542786,0.0
2910,adam,7.97490356490016e-05,0.1002192273736,0.0
2911,adam,6.231194856809452e-05,0.06494656950235367,0.0
2912,adam,5.203866749070585e-05,0.02465498261153698,0.0
2913,adam,5.954701191512868e-05,0.05488850548863411,0.0
2914,adam,6.913959077792242e-05,0.07947185635566711,0.0
2915,adam,6.542738265125081e-05,0.07232539355754852,0.0
2916,adam,5.4141761211212724e-05,0.039470456540584564,0.0
2917,adam,5.047437298344448e-05,0.016239363700151443,0.0
2918,adam,5.692466220352799e-05,0.048029668629169464,0.0
2919,adam,6.223525997484103e-05,0.0637381449341774,0.0
2920,adam,5.867387881153263e-05,0.054590802639722824,0.0
2921,adam,5.140852590557188e-05,0.026194412261247635,0.0
2922,adam,4.9484304327052087e-05,0.009246546775102615,0.0
2923,adam,5.358506314223632e-05,0.037615470588207245,0.0
2924,adam,5.6813685660017654e-05,0.04945441707968712,0.0
2925,adam,5.4813230235595256e-05,0.04235552251338959,0.0
2926,adam,5.0633370847208425e-05,0.0217515230178833,0.0
2927,adam,4.93934603582602e-05,0.011389617808163166,0.0
2928,adam,5.1517632527975366e-05,0.02950354479253292,0.0
2929,adam,5.324450830812566e-05,0.037916239351034164,0.0
2930,adam,5.215148485149257e-05,0.03266287222504616,0.0
2931,adam,4.9834870878839865e-05,0.01750107668340206,0.0
2932,adam,4.9109887186205015e-05,0.010125197470188141,0.0
2933,adam,5.0311500672250986e-05,0.023303212597966194,0.0
2934,adam,5.13624181621708e-05,0.030232716351747513,0.0
2935,adam,5.075006993138231e-05,0.02669226936995983,0.0
2936,adam,4.925389657728374e-05,0.014776061289012432,0.0
2937,adam,4.859069304075092e-05,0.0030014223884791136,0.0
2938,adam,4.9216414481634274e-05,0.01551059540361166,0.0
2939,adam,5.003081969334744e-05,0.02301855757832527,0.0
2940,adam,4.9934391427086666e-05,0.02265901491045952,0.0
2941,adam,4.907301627099514e-05,0.015157300047576427,0.0
2942,adam,4.842532507609576e-05,0.004539992660284042,0.0
2943,adam,4.853949576499872e-05,0.008353310637176037,0.0
2944,adam,4.9014604883268476e-05,0.01560459565371275,0.0
2945,adam,4.914762030239217e-05,0.017424998804926872,0.0
2946,adam,4.877347964793444e-05,0.01379547081887722,0.0
2947,adam,4.832883132621646e-05,0.006962714251130819,0.0
2948,adam,4.824178904527798e-05,0.00504598394036293,0.0
2949,adam,4.846331648877822e-05,0.010412637144327164,0.0
2950,adam,4.8615704145049676e-05,0.013123694807291031,0.0
2951,adam,4.8469137254869565e-05,0.01172558031976223,0.0
2952,adam,4.816444925381802e-05,0.0070220003835856915,0.0
2953,adam,4.79919217468705e-05,0.0013754870742559433,0.0
2954,adam,4.805355638382025e-05,0.005576870404183865,0.0
2955,adam,4.819300374947488e-05,0.009262063540518284,0.0
2956,adam,4.820593312615529e-05,0.010002296417951584,0.0
2957,adam,4.805573189514689e-05,0.007848110049962997,0.0
2958,adam,4.787919533555396e-05,0.003884802106767893,0.0
2959,adam,4.781103416462429e-05,0.0021084072068333626,0.0
2960,adam,4.785160854225978e-05,0.005379239562898874,0.0
2961,adam,4.789490412804298e-05,0.007285223808139563,0.0
2962,adam,4.785738929058425e-05,0.007062106393277645,0.0
2963,adam,4.775441630044952e-05,0.004967707209289074,0.0
2964,adam,4.766442361869849e-05,0.002204662887379527,0.0
2965,adam,4.763932156492956e-05,0.0026717151049524546,0.0
2966,adam,4.765799531014636e-05,0.004860942717641592,0.0
2967,adam,4.766030906466767e-05,0.0058785551227629185,0.0
2968,adam,4.761373929795809e-05,0.0053166174329817295,0.0
2969,adam,4.753838220494799e-05,0.0035101117100566626,0.0
2970,adam,4.747725688503124e-05,0.0010149389272555709,0.0
2971,adam,4.745362093672156e-05,0.0015802845591679215,0.0
2972,adam,4.745214755530469e-05,0.003423157846555114,0.0
2973,adam,4.744219040730968e-05,0.0042075514793396,0.0
2974,adam,4.740738222608343e-05,0.0039393845945596695,0.0
2975,adam,4.735719267046079e-05,0.0027582549955695868,0.0
2976,adam,4.7313329559983686e-05,0.0013789116637781262,0.0
2977,adam,4.728705243906006e-05,0.0014166637556627393,0.0
2978,adam,4.727268606075086e-05,0.0024831732735037804,0.0
2979,adam,4.725441613118164e-05,0.00303688645362854,0.0
2980,adam,4.722431185655296e-05,0.002863002708181739,0.0
2981,adam,4.718510899692774e-05,0.002055695978924632,0.0
2982,adam,4.71477942483034e-05,0.0008658616570755839,0.0
2983,adam,4.71199382445775e-05,0.0005137987900525331,0.0
2984,adam,4.7099412768147886e-05,0.001511052018031478,0.0
2985,adam,4.7079760406631976e-05,0.002104374347254634,0.0
2986,adam,4.705502578872256e-05,0.0021818189416080713,0.0
2987,adam,4.7024233936099336e-05,0.0017960555851459503,0.0
2988,adam,4.6992499846965075e-05,0.0011270856484770775,0.0
2989,adam,4.696393079939298e-05,0.0006850349018350244,0.0
2990,adam,4.6939821913838387e-05,0.0010316476691514254,0.0
2991,adam,4.69176666229032e-05,0.0015225879615172744,0.0
2992,adam,4.689388151746243e-05,0.0017040073871612549,0.0
2993,adam,4.686709871748462e-05,0.0015860067214816809,0.0
2994,adam,4.683870793087408e-05,0.001161088701337576,0.0
2995,adam,4.681069913203828e-05,0.000638757657725364,0.0
2996,adam,4.678502227761783e-05,0.0003689388686325401,0.0
2997,adam,4.6761171688558534e-05,0.0007410917896777391,0.0
2998,adam,4.673792500398122e-05,0.0010571903549134731,0.0
2999,adam,4.6713746996829286e-05,0.0011515311198309064,0.0
3000,adam,4.668788460548967e-05,0.0010316991247236729,0.0
3001,adam,4.666188033297658e-05,0.0007334758993238211,0.0
3002,adam,4.6636167098768055e-05,0.00039241963531821966,0.0
3003,adam,4.661132697947323e-05,0.0003108372329734266,0.0
3004,adam,4.658756733988412e-05,0.0005693571292795241,0.0
3005,adam,4.656414603232406e-05,0.0007683657458983362,0.0
3006,adam,4.65401062683668e-05,0.0008327533141709864,0.0
3007,adam,4.651556446333416e-05,0.0007655515219084918,0.0
3008,adam,4.6490975364577025e-05,0.0006014886894263327,0.0
3009,adam,4.646645174943842e-05,0.00040849982178770006,0.0
3010,adam,4.644209911930375e-05,0.0003601097268983722,0.0
3011,adam,4.641848136088811e-05,0.00045553207746706903,0.0
3012,adam,4.6395281970035285e-05,0.000605937500949949,0.0
3013,adam,4.637164965970442e-05,0.0006691422313451767,0.0
3014,adam,4.634798096958548e-05,0.0006892273086123168,0.0
3015,adam,4.632406489690766e-05,0.0006214352906681597,0.0
3016,adam,4.630024341167882e-05,0.0005707607488147914,0.0
3017,adam,4.627696762327105e-05,0.0005179510917514563,0.0
3018,adam,4.625372093869373e-05,0.0005735239828936756,0.0
3019,adam,4.623049608198926e-05,0.000639622681774199,0.0
3020,adam,4.6207773266360164e-05,0.0007619276875630021,0.0
3021,adam,4.6185043174773455e-05,0.0008433939656242728,0.0
3022,adam,4.616259320755489e-05,0.0009612241410650313,0.0
3023,adam,4.6140321501297876e-05,0.0010540686780586839,0.0
3024,adam,4.611852273228578e-05,0.0012230712454766035,0.0
3025,adam,4.609738607541658e-05,0.001400465494953096,0.0
3026,adam,4.607729715644382e-05,0.0016802309546619654,0.0
3027,adam,4.605833601090126e-05,0.0019797778222709894,0.0
3028,adam,4.6041677705943584e-05,0.002399180782958865,0.0
3029,adam,4.602784974849783e-05,0.0028627736028283834,0.0
3030,adam,4.6018536522751674e-05,0.00348259462043643,0.0
3031,adam,4.601623004418798e-05,0.0042047700844705105,0.0
3032,adam,4.602488479577005e-05,0.005159526597708464,0.0
3033,adam,4.6050608943914995e-05,0.006312876008450985,0.0
3034,adam,4.610308678820729e-05,0.007822901010513306,0.0
3035,adam,4.6198776544770226e-05,0.009693983942270279,0.0
3036,adam,4.6364522859221324e-05,0.01213014405220747,0.0
3037,adam,4.664287553168833e-05,0.015200110152363777,0.0
3038,adam,4.710695429821499e-05,0.019189082086086273,0.0
3039,adam,4.7875499149085954e-05,0.02428421378135681,0.0
3040,adam,4.915514000458643e-05,0.030921244993805885,0.0
3041,adam,5.1282600907143205e-05,0.03949928283691406,0.0
3042,adam,5.485792280524038e-05,0.05070372298359871,0.0
3043,adam,6.085103450459428e-05,0.06530923396348953,0.0
3044,adam,7.104535325197503e-05,0.08443278819322586,0.0
3045,adam,8.824563701637089e-05,0.10951314866542816,0.0
3046,adam,0.00011777647887356579,0.142301544547081,0.0
3047,adam,0.00016738724661991,0.1852593868970871,0.0
3048,adam,0.0002522244758438319,0.24063050746917725,0.0
3049,adam,0.00038977948133833706,0.3116777241230011,0.0
3050,adam,0.0006142869824543595,0.3986511528491974,0.0
3051,adam,0.0009346544975414872,0.5013477206230164,0.0
3052,adam,0.0013702551368623972,0.6072551012039185,0.0
3053,adam,0.0017644437029957771,0.6979701519012451,0.0
3054,adam,0.001983491238206625,0.7353813052177429,0.0
3055,adam,0.0016968464478850365,0.6897774338722229,0.0
3056,adam,0.0010911514982581139,0.5558992028236389,0.0
3057,adam,0.0005188342765904963,0.39329037070274353,0.0
3058,adam,0.0003667896380648017,0.32238924503326416,0.0
3059,adam,0.0005338290357030928,0.3674527704715729,0.0
3060,adam,0.0006350825424306095,0.39353448152542114,0.0
3061,adam,0.00048437248915433884,0.3382270634174347,0.0
3062,adam,0.00027012533973902464,0.25723376870155334,0.0
3063,adam,0.0002775867178570479,0.27816298604011536,0.0
3064,adam,0.0004621775879058987,0.3602217435836792,0.0
3065,adam,0.0005339537165127695,0.3787880837917328,0.0
3066,adam,0.00035109822056256235,0.2937445342540741,0.0
3067,adam,0.0001090968944481574,0.12606249749660492,0.0
3068,adam,6.930507515789941e-05,0.07385479658842087,0.0
3069,adam,0.00022315134992823005,0.22662733495235443,0.0
3070,adam,0.00034086633240804076,0.29519957304000854,0.0
3071,adam,0.00028184018447063863,0.2681049108505249,0.0
3072,adam,0.00014383849338628352,0.17753593623638153,0.0
3073,adam,9.074951958609745e-05,0.11404922604560852,0.0
3074,adam,0.00013784015027340502,0.15284568071365356,0.0
3075,adam,0.00017368629050906748,0.18339931964874268,0.0
3076,adam,0.0001401420886395499,0.16355805099010468,0.0
3077,adam,9.431573562324047e-05,0.12496113777160645,0.0
3078,adam,0.00010279494017595425,0.1319994032382965,0.0
3079,adam,0.0001430395059287548,0.1641426533460617,0.0
3080,adam,0.00014537287643179297,0.16331294178962708,0.0
3081,adam,9.733415208756924e-05,0.11563783138990402,0.0
3082,adam,5.218071964918636e-05,0.03646879270672798,0.0
3083,adam,5.641483221552335e-05,0.0509675070643425,0.0
3084,adam,9.302912803832442e-05,0.11197107285261154,0.0
3085,adam,0.00011233361874474213,0.1343511939048767,0.0
3086,adam,9.576065349392593e-05,0.11784126609563828,0.0
3087,adam,6.767106242477894e-05,0.08059047162532806,0.0
3088,adam,5.838547440362163e-05,0.06171146780252457,0.0
3089,adam,6.761943950550631e-05,0.07696596533060074,0.0
3090,adam,7.40888572181575e-05,0.08534599095582962,0.0
3091,adam,6.69012515572831e-05,0.07296640425920486,0.0
3092,adam,5.634762055706233e-05,0.05348759889602661,0.0
3093,adam,5.644027623930015e-05,0.05791846290230751,0.0
3094,adam,6.555707659572363e-05,0.07780666649341583,0.0
3095,adam,7.027021638350561e-05,0.08515001833438873,0.0
3096,adam,6.326629954855889e-05,0.07094510644674301,0.0
3097,adam,5.1526938477763906e-05,0.039104122668504715,0.0
3098,adam,4.6499582822434604e-05,0.005475906655192375,0.0
3099,adam,5.079341644886881e-05,0.03569526970386505,0.0
3100,adam,5.707491800421849e-05,0.05604865029454231,0.0
3101,adam,5.798098209197633e-05,0.05973926559090614,0.0
3102,adam,5.382448944146745e-05,0.049667540937662125,0.0
3103,adam,5.0126433052355424e-05,0.036922525614500046,0.0
3104,adam,5.0156890210928395e-05,0.03499773144721985,0.0
3105,adam,5.189523290027864e-05,0.039797816425561905,0.0
3106,adam,5.174021498532966e-05,0.038900114595890045,0.0
3107,adam,4.913216980639845e-05,0.028803694993257523,0.0
3108,adam,4.680492929765023e-05,0.015924135223031044,0.0
3109,adam,4.709973654826172e-05,0.018981801345944405,0.0
3110,adam,4.930333307129331e-05,0.031040413305163383,0.0
3111,adam,5.078965114080347e-05,0.03707175701856613,0.0
3112,adam,5.002224133932032e-05,0.03426206484436989,0.0
3113,adam,4.7939229261828586e-05,0.024880340322852135,0.0
3114,adam,4.649076799978502e-05,0.015031008049845695,0.0
3115,adam,4.6537359594367445e-05,0.015077445656061172,0.0
3116,adam,4.728688873001374e-05,0.02038063108921051,0.0
3117,adam,4.753015309688635e-05,0.02186925895512104,0.0
3118,adam,4.698532211477868e-05,0.018684441223740578,0.0
3119,adam,4.634423748939298e-05,0.014312133193016052,0.0
3120,adam,4.630434341379441e-05,0.015121199190616608,0.0
3121,adam,4.680146957980469e-05,0.01971224509179592,0.0
3122,adam,4.7186513256747276e-05,0.022386925294995308,0.0
3123,adam,4.697295298683457e-05,0.02091226726770401,0.0
3124,adam,4.629964314517565e-05,0.015490853227674961,0.0
3125,adam,4.570306555251591e-05,0.00819658674299717,0.0
3126,adam,4.555670966510661e-05,0.004832420498132706,0.0
3127,adam,4.5776159822707996e-05,0.009398659691214561,0.0
3128,adam,4.6001008740859106e-05,0.012737825512886047,0.0
3129,adam,4.5980807044543326e-05,0.01304889190942049,0.0
3130,adam,4.5767748815706e-05,0.011164733208715916,0.0
3131,adam,4.5590888475999236e-05,0.009141895920038223,0.0
3132,adam,4.5594206312671304e-05,0.009418444707989693,0.0
3133,adam,4.571672252495773e-05,0.011163582094013691,0.0
3134,adam,4.578537482302636e-05,0.012083617970347404,0.0
3135,adam,4.5692464482272044e-05,0.011230812408030033,0.0
3136,adam,4.5481436245609075e-05,0.00860378984361887,0.0
3137,adam,4.5287670218385756e-05,0.005269942339509726,0.0
3138,adam,4.520832226262428e-05,0.0034615537151694298,0.0
3139,adam,4.5232594857225195e-05,0.004866086412221193,0.0
3140,adam,4.527589044300839e-05,0.006418776698410511,0.0
3141,adam,4.526531483861618e-05,0.0066350591368973255,0.0
3142,adam,4.5195469283498824e-05,0.005702282302081585,0.0
3143,adam,4.511665611062199e-05,0.004344824235886335,0.0
3144,adam,4.507958874455653e-05,0.00417816499248147,0.0
3145,adam,4.509190330281854e-05,0.005422357935458422,0.0
3146,adam,4.511920633376576e-05,0.006698687560856342,0.0
3147,adam,4.5120876166038215e-05,0.007235642522573471,0.0
3148,adam,4.508037454797886e-05,0.006882125977426767,0.0
3149,adam,4.5015174691798165e-05,0.005932865664362907,0.0
3150,adam,4.495596658671275e-05,0.004888901952654123,0.0
3151,adam,4.492109292186797e-05,0.004380985163152218,0.0
3152,adam,4.49065919383429e-05,0.004524461459368467,0.0
3153,adam,4.489406637731008e-05,0.004711434710770845,0.0
3154,adam,4.486769103095867e-05,0.004583865404129028,0.0
3155,adam,4.48256942036096e-05,0.003923885989934206,0.0
3156,adam,4.47786005679518e-05,0.0029826597310602665,0.0
3157,adam,4.4738975702784956e-05,0.0020370767451822758,0.0
3158,adam,4.471271677175537e-05,0.0017801318317651749,0.0
3159,adam,4.46963676949963e-05,0.002197777386754751,0.0
3160,adam,4.4681110011879355e-05,0.002567431889474392,0.0
3161,adam,4.46596386609599e-05,0.0026045276317745447,0.0
3162,adam,4.46310150437057e-05,0.002196353394538164,0.0
3163,adam,4.459920455701649e-05,0.0015173350693657994,0.0
3164,adam,4.4570293539436534e-05,0.0006251548766158521,0.0
3165,adam,4.454697773326188e-05,0.00039063481381163,0.0
3166,adam,4.452893335837871e-05,0.001122177462093532,0.0
3167,adam,4.4511925807455555e-05,0.001607412938028574,0.0
3168,adam,4.449225889402442e-05,0.0018478790298104286,0.0
3169,adam,4.446947787073441e-05,0.0017677010037004948,0.0
3170,adam,4.4444390368880704e-05,0.0015294592594727874,0.0
3171,adam,4.4419433834264055e-05,0.0012198782060295343,0.0
3172,adam,4.4396892917575315e-05,0.0011101799318566918,0.0
3173,adam,4.437664756551385e-05,0.0013133293250575662,0.0
3174,adam,4.4358414015732706e-05,0.0016235291259363294,0.0
3175,adam,4.434080619830638e-05,0.001948125776834786,0.0
3176,adam,4.432237255969085e-05,0.0021687722764909267,0.0
3177,adam,4.430360422702506e-05,0.002396391937509179,0.0
3178,adam,4.428504689713009e-05,0.002622836036607623,0.0
3179,adam,4.4268999772612005e-05,0.0029823877848684788,0.0
3180,adam,4.425643419381231e-05,0.0034644941333681345,0.0
3181,adam,4.424935468705371e-05,0.004113572649657726,0.0
3182,adam,4.424847065820359e-05,0.004904014989733696,0.0
3183,adam,4.4257241825107485e-05,0.0058592380955815315,0.0
3184,adam,4.4278596760705113e-05,0.00700646685436368,0.0
3185,adam,4.432072091731243e-05,0.008412692695856094,0.0
3186,adam,4.439369877218269e-05,0.010145377367734909,0.0
3187,adam,4.451550557860173e-05,0.012317570857703686,0.0
3188,adam,4.4713069655699655e-05,0.015037343837320805,0.0
3189,adam,4.502911906456575e-05,0.018468813970685005,0.0
3190,adam,4.553129474516027e-05,0.02278645522892475,0.0
3191,adam,4.63288561149966e-05,0.028262272477149963,0.0
3192,adam,4.759944567922503e-05,0.035201407968997955,0.0
3193,adam,4.9630823923507705e-05,0.04405273497104645,0.0
3194,adam,5.2899551519658417e-05,0.05535486340522766,0.0
3195,adam,5.818751378683373e-05,0.06985669583082199,0.0
3196,adam,6.680084334220737e-05,0.08849278092384338,0.0
3197,adam,8.08991608209908e-05,0.11252005398273468,0.0
3198,adam,0.00010411076073069125,0.1435348093509674,0.0
3199,adam,0.0001424142683390528,0.18360455334186554,0.0
3200,adam,0.00020579210831783712,0.23531562089920044,0.0
3201,adam,0.000310153525788337,0.30176350474357605,0.0
3202,adam,0.00048077391693368554,0.3864000141620636,0.0
3203,adam,0.00075307278893888,0.49222156405448914,0.0
3204,adam,0.001172078074887395,0.620413064956665,0.0
3205,adam,0.0017673895927146077,0.7663160562515259,0.0
3206,adam,0.002508163917809725,0.9151575565338135,0.0
3207,adam,0.0031958441250026226,1.0327191352844238,0.0
3208,adam,0.0034435889683663845,1.0702567100524902,0.0
3209,adam,0.002872804645448923,0.9700035452842712,0.0
3210,adam,0.0016073749866336584,0.7168657779693604,0.0
3211,adam,0.0004481457290239632,0.3507571816444397,0.0
3212,adam,0.00014204962644726038,0.16406242549419403,0.0
3213,adam,0.0006574354483745992,0.4522223472595215,0.0
3214,adam,0.0012703250395134091,0.6399309039115906,0.0
3215,adam,0.0013126999838277698,0.6449813842773438,0.0
3216,adam,0.0007783168111927807,0.48119184374809265,0.0
3217,adam,0.00024828052846714854,0.23617643117904663,0.0
3218,adam,0.00020617098198272288,0.21900801360607147,0.0
3219,adam,0.0005179565632715821,0.3948293626308441,0.0
3220,adam,0.0007097230991348624,0.4680821895599365,0.0
3221,adam,0.0005490527837537229,0.39863190054893494,0.0
3222,adam,0.0002542902948334813,0.2425238937139511,0.0
3223,adam,0.00015510797675233334,0.1703459471464157,0.0
3224,adam,0.0002783019153866917,0.27472177147865295,0.0
3225,adam,0.0003920047893188894,0.338276743888855,0.0
3226,adam,0.0003360693226568401,0.30432772636413574,0.0
3227,adam,0.00019466751837171614,0.20631727576255798,0.0
3228,adam,0.00013663408753927797,0.1539435237646103,0.0
3229,adam,0.00018580320465844125,0.20991376042366028,0.0
3230,adam,0.00023206602782011032,0.24813757836818695,0.0
3231,adam,0.0002002638066187501,0.22323425114154816,0.0
3232,adam,0.00013507215771824121,0.1605416089296341,0.0
3233,adam,0.00011476365034468472,0.13474318385124207,0.0
3234,adam,0.00014089024625718594,0.17002245783805847,0.0
3235,adam,0.0001551046734675765,0.18928250670433044,0.0
3236,adam,0.00012825633166357875,0.1652371883392334,0.0
3237,adam,9.288704313803464e-05,0.11839362233877182,0.0
3238,adam,8.870162855600938e-05,0.1062571331858635,0.0
3239,adam,0.00010859058238565922,0.1360529661178589,0.0
3240,adam,0.0001155463105533272,0.14932681620121002,0.0
3241,adam,9.467064228374511e-05,0.12764747440814972,0.0
3242,adam,6.952902185730636e-05,0.08680671453475952,0.0
3243,adam,6.722524267388508e-05,0.07564035058021545,0.0
3244,adam,8.339074702234939e-05,0.10392601788043976,0.0
3245,adam,9.164530638372526e-05,0.1194305568933487,0.0
3246,adam,7.880340126575902e-05,0.1043725535273552,0.0
3247,adam,5.9103069361299276e-05,0.06738796830177307,0.0
3248,adam,5.361217699828558e-05,0.04724102467298508,0.0
3249,adam,6.433836824726313e-05,0.07308405637741089,0.0
3250,adam,7.439934415742755e-05,0.09353923052549362,0.0
3251,adam,7.011660636635497e-05,0.08837803453207016,0.0
3252,adam,5.6221571867354214e-05,0.060729019343853,0.0
3253,adam,4.781975076184608e-05,0.028998136520385742,0.0
3254,adam,5.181131564313546e-05,0.04303484037518501,0.0
3255,adam,6.0551399656105787e-05,0.06759614497423172,0.0
3256,adam,6.258081702981144e-05,0.07335740327835083,0.0
3257,adam,5.561003490583971e-05,0.0583525188267231,0.0
3258,adam,4.747053753817454e-05,0.02965456061065197,0.0
3259,adam,4.602334229275584e-05,0.017969615757465363,0.0
3260,adam,5.083588985144161e-05,0.04174398258328438,0.0
3261,adam,5.512290226761252e-05,0.05573292076587677,0.0
3262,adam,5.3899610065855086e-05,0.05323551222681999,0.0
3263,adam,4.876211460214108e-05,0.035977356135845184,0.0
3264,adam,4.504433672991581e-05,0.011853203177452087,0.0
3265,adam,4.574443300953135e-05,0.018010087311267853,0.0
3266,adam,4.89509548060596e-05,0.03608948737382889,0.0
3267,adam,5.0657014071475714e-05,0.04309067502617836,0.0
3268,adam,4.9114252760773525e-05,0.037629690021276474,0.0
3269,adam,4.608382369042374e-05,0.02246992103755474,0.0
3270,adam,4.444968362804502e-05,0.003454377641901374,0.0
3271,adam,4.524633914115839e-05,0.016018446534872055,0.0
3272,adam,4.7031804569996893e-05,0.028464600443840027,0.0
3273,adam,4.7734571126056835e-05,0.03222593292593956,0.0
3274,adam,4.671064380090684e-05,0.027131326496601105,0.0
3275,adam,4.504890966927633e-05,0.015553927049040794,0.0
3276,adam,4.42175951320678e-05,0.0015580825274810195,0.0
3277,adam,4.465573147172108e-05,0.01222169678658247,0.0
3278,adam,4.5589313231175765e-05,0.021034276112914085,0.0
3279,adam,4.5971639337949455e-05,0.023700224235653877,0.0
3280,adam,4.546310810837895e-05,0.02039167284965515,0.0
3281,adam,4.458065450307913e-05,0.012448059394955635,0.0
3282,adam,4.406202060636133e-05,0.0033020752016454935,0.0
3283,adam,4.418717071530409e-05,0.008028759621083736,0.0
3284,adam,4.463953882805072e-05,0.014543818309903145,0.0
3285,adam,4.489953789743595e-05,0.017190203070640564,0.0
3286,adam,4.472512227948755e-05,0.015701528638601303,0.0
3287,adam,4.42891578131821e-05,0.010875489562749863,0.0
3288,adam,4.39428877143655e-05,0.005021305754780769,0.0
3289,adam,4.3890140659641474e-05,0.004762502387166023,0.0
3290,adam,4.405895379022695e-05,0.009270383045077324,0.0
3291,adam,4.422095662448555e-05,0.011908485554158688,0.0
3292,adam,4.4207692553754896e-05,0.011876514181494713,0.0
3293,adam,4.402884587761946e-05,0.00956521462649107,0.0
3294,adam,4.382074985187501e-05,0.0059923408553004265,0.0
3295,adam,4.3711061152862385e-05,0.003750394331291318,0.0
3296,adam,4.372451803646982e-05,0.005448865704238415,0.0
3297,adam,4.3788768380181864e-05,0.007630121428519487,0.0
3298,adam,4.3813972297357395e-05,0.008474606089293957,0.0
3299,adam,4.376211654744111e-05,0.00779358996078372,0.0
3300,adam,4.366215944173746e-05,0.006017372012138367,0.0
3301,adam,4.357204306870699e-05,0.004072034265846014,0.0
3302,adam,4.3527354137040675e-05,0.003620831063017249,0.0
3303,adam,4.352306859800592e-05,0.004621368832886219,0.0
3304,adam,4.3527867092052475e-05,0.005577374715358019,0.0
3305,adam,4.351286042947322e-05,0.005723137874156237,0.0
3306,adam,4.347253707237542e-05,0.005078163463622332,0.0
3307,adam,4.342057945905253e-05,0.004048038739711046,0.0
3308,adam,4.337552672950551e-05,0.003167585702612996,0.0
3309,adam,4.334658297011629e-05,0.0031423442997038364,0.0
3310,adam,4.332918979343958e-05,0.003584916004911065,0.0
3311,adam,4.331213131081313e-05,0.003931689076125622,0.0
3312,adam,4.3287407606840134e-05,0.003835040843114257,0.0
3313,adam,4.32556880696211e-05,0.0033615361899137497,0.0
3314,adam,4.322252789279446e-05,0.002743315417319536,0.0
3315,adam,4.3193536839680746e-05,0.0023572961799800396,0.0
3316,adam,4.31704283982981e-05,0.002469038125127554,0.0
3317,adam,4.315017940825783e-05,0.002726951614022255,0.0
3318,adam,4.3128115066792816e-05,0.0028886254876852036,0.0
3319,adam,4.310238728066906e-05,0.002736264606937766,0.0
3320,adam,4.3073989218100905e-05,0.002332927891984582,0.0
3321,adam,4.304579124436714e-05,0.001831596251577139,0.0
3322,adam,4.3020561861339957e-05,0.0015012085204944015,0.0
3323,adam,4.2999046854674816e-05,0.001624965574592352,0.0
3324,adam,4.2979372665286064e-05,0.0019028668757528067,0.0
3325,adam,4.2959320126101375e-05,0.0021486287005245686,0.0
3326,adam,4.2936251702485606e-05,0.0021336518693715334,0.0
3327,adam,4.29108549724333e-05,0.0019119109492748976,0.0
3328,adam,4.2884490540018305e-05,0.001483781379647553,0.0
3329,adam,4.2859061068156734e-05,0.0010066796094179153,0.0
3330,adam,4.283573434804566e-05,0.0007518501370213926,0.0
3331,adam,4.2815052438527346e-05,0.0009177079191431403,0.0
3332,adam,4.279536733520217e-05,0.0012866792967543006,0.0
3333,adam,4.277576954336837e-05,0.0015088904183357954,0.0
3334,adam,4.2754498281283304e-05,0.0016025553923100233,0.0
3335,adam,4.273158629075624e-05,0.0014711793046444654,0.0
3336,adam,4.270784120308235e-05,0.0012212824076414108,0.0
3337,adam,4.268414340913296e-05,0.0008356970502063632,0.0
3338,adam,4.266117321094498e-05,0.00045110308565199375,0.0
3339,adam,4.2639512685127556e-05,0.00028994190506637096,0.0
3340,adam,4.261889625922777e-05,0.00053581059910357,0.0
3341,adam,4.259862907929346e-05,0.0008295131265185773,0.0
3342,adam,4.2578656575642526e-05,0.0009938275907188654,0.0
3343,adam,4.255796375218779e-05,0.0010833214037120342,0.0
3344,adam,4.2536754335742444e-05,0.0010292865335941315,0.0
3345,adam,4.251521022524685e-05,0.0009221177315339446,0.0
3346,adam,4.249315679771826e-05,0.0007141869864426553,0.0
3347,adam,4.24713762186002e-05,0.0005195624544285238,0.0
3348,adam,4.244998126523569e-05,0.0003242874809075147,0.0
3349,adam,4.2429150198586285e-05,0.0003054630069527775,0.0
3350,adam,4.240853013470769e-05,0.0004062457592226565,0.0
3351,adam,4.2388193833176047e-05,0.0005215794080868363,0.0
3352,adam,4.2367832065792754e-05,0.0006174679729156196,0.0
3353,adam,4.234732114127837e-05,0.0006431881338357925,0.0
3354,adam,4.232703213347122e-05,0.0006458774441853166,0.0
3355,adam,4.2306248360546306e-05,0.0005815245676785707,0.0
3356,adam,4.228555553709157e-05,0.0005272956914268434,0.0
3357,adam,4.2264833609806374e-05,0.0004353215335868299,0.0
3358,adam,4.224472650093958e-05,0.0004003215581178665,0.0
3359,adam,4.222424468025565e-05,0.00035913122701458633,0.0
3360,adam,4.2203962948406115e-05,0.0003835747193079442,0.0
3361,adam,4.218381582177244e-05,0.00039216215373016894,0.0
3362,adam,4.216369416099042e-05,0.00042070538620464504,0.0
3363,adam,4.2143758037127554e-05,0.0004241559945512563,0.0
3364,adam,4.212345811538398e-05,0.0004195157962385565,0.0
3365,adam,4.2103452869923785e-05,0.0003929218801204115,0.0
3366,adam,4.208349491818808e-05,0.00035494606709107757,0.0
3367,adam,4.2063347791554406e-05,0.0003134233702439815,0.0
3368,adam,4.2043397115776315e-05,0.00026848187553696334,0.0
3369,adam,4.202345007797703e-05,0.00025095182354561985,0.0
3370,adam,4.2003692215075716e-05,0.00023965696163941175,0.0
3371,adam,4.198387614451349e-05,0.0002662515908014029,0.0
3372,adam,4.196418740320951e-05,0.0002825226983986795,0.0
3373,adam,4.194458233541809e-05,0.00032188158365897834,0.0
3374,adam,4.1924962715711445e-05,0.00033967173658311367,0.0
3375,adam,4.190548133919947e-05,0.00037439478910528123,0.0
3376,adam,4.188609455013648e-05,0.0003808445471804589,0.0
3377,adam,4.186656587990001e-05,0.0004011818382423371,0.0
3378,adam,4.184690988040529e-05,0.0003906446509063244,0.0
3379,adam,4.1827468521660194e-05,0.00040154007729142904,0.0
3380,adam,4.180817268206738e-05,0.00038596370723098516,0.0
3381,adam,4.178852395853028e-05,0.0003997099120169878,0.0
3382,adam,4.1769424569793046e-05,0.00038691665395163,0.0
3383,adam,4.1749874071683735e-05,0.0004141516692470759,0.0
3384,adam,4.1730821976670995e-05,0.00041492749005556107,0.0
3385,adam,4.171141699771397e-05,0.00046393732191063464,0.0
3386,adam,4.169236490270123e-05,0.00048566728946752846,0.0
3387,adam,4.16733164456673e-05,0.0005576335242949426,0.0
3388,adam,4.165446080151014e-05,0.0005992688820697367,0.0
3389,adam,4.163575067650527e-05,0.0006949029047973454,0.0
3390,adam,4.161684773862362e-05,0.0007674215012229979,0.0
3391,adam,4.159874879405834e-05,0.0009031364461407065,0.0
3392,adam,4.1580649849493057e-05,0.001020705560222268,0.0
3393,adam,4.156299110036343e-05,0.001212859759107232,0.0
3394,adam,4.154595444560982e-05,0.0014009075239300728,0.0
3395,adam,4.152998371864669e-05,0.0016796679701656103,0.0
3396,adam,4.1515093471389264e-05,0.0019767044577747583,0.0
3397,adam,4.150266249780543e-05,0.00239078258164227,0.0
3398,adam,4.1492974560242146e-05,0.002856786595657468,0.0
3399,adam,4.1488474380457774e-05,0.003487964626401663,0.0
3400,adam,4.1491060983389616e-05,0.004227010067552328,0.0
3401,adam,4.150550375925377e-05,0.0052013942040503025,0.0
3402,adam,4.153752524871379e-05,0.0063818227499723434,0.0
3403,adam,4.159889795118943e-05,0.0079245176166296,0.0
3404,adam,4.170621468801983e-05,0.009838840924203396,0.0
3405,adam,4.188855382381007e-05,0.012330017983913422,0.0
3406,adam,4.21929253207054e-05,0.015474000945687294,0.0
3407,adam,4.2697280150605366e-05,0.019559640437364578,0.0
3408,adam,4.353143594926223e-05,0.024781756103038788,0.0
3409,adam,4.4917454943060875e-05,0.03158368915319443,0.0
3410,adam,4.722334415419027e-05,0.04037727415561676,0.0
3411,adam,5.109601261210628e-05,0.051867540925741196,0.0
3412,adam,5.759506530012004e-05,0.06684721261262894,0.0
3413,adam,6.863565067760646e-05,0.08645505458116531,0.0
3414,adam,8.727148087928072e-05,0.11213909834623337,0.0
3415,adam,0.00011914118658751249,0.14565852284431458,0.0
3416,adam,0.00017258082516491413,0.1894019991159439,0.0
3417,adam,0.0002629957743920386,0.24544775485992432,0.0
3418,adam,0.0004081623046658933,0.3165174722671509,0.0
3419,adam,0.0006383158033713698,0.4018605947494507,0.0
3420,adam,0.0009547389345243573,0.4989100992679596,0.0
3421,adam,0.001347338198684156,0.5918408036231995,0.0
3422,adam,0.0016378645086660981,0.6572668552398682,0.0
3423,adam,0.001662456663325429,0.655337929725647,0.0
3424,adam,0.0012116788420826197,0.5600221157073975,0.0
3425,adam,0.0005793088348582387,0.3810282349586487,0.0
3426,adam,0.00021019825362600386,0.2302551567554474,0.0
3427,adam,0.0003610826679505408,0.31148526072502136,0.0
3428,adam,0.0007693382212892175,0.4546307325363159,0.0
3429,adam,0.0009535884018987417,0.5085791349411011,0.0
3430,adam,0.0007131446618586779,0.4409187436103821,0.0
3431,adam,0.0003375104279257357,0.3051111698150635,0.0
3432,adam,0.00023239938309416175,0.24572764337062836,0.0
3433,adam,0.0004152245237492025,0.3205115497112274,0.0
3434,adam,0.0005437975050881505,0.365285187959671,0.0
3435,adam,0.0004079658247064799,0.3087034821510315,0.0
3436,adam,0.0001473009615438059,0.16425958275794983,0.0
3437,adam,5.8030134823638946e-05,0.057245925068855286,0.0
3438,adam,0.00017745773948263377,0.18444746732711792,0.0
3439,adam,0.0002870061434805393,0.25030428171157837,0.0
3440,adam,0.00023565917217638344,0.22314631938934326,0.0
3441,adam,0.00011186385381733999,0.13785168528556824,0.0
3442,adam,9.084762132260948e-05,0.12371493130922318,0.0
3443,adam,0.00017928109446074814,0.19933992624282837,0.0
3444,adam,0.00023692478134762496,0.23502376675605774,0.0
3445,adam,0.00018544838530942798,0.20375509560108185,0.0
3446,adam,9.962588956113905e-05,0.134485125541687,0.0
3447,adam,8.177819836419076e-05,0.11014465987682343,0.0
3448,adam,0.00012469658395275474,0.1494501382112503,0.0
3449,adam,0.00014372656005434692,0.16395795345306396,0.0
3450,adam,0.000104022808955051,0.12721192836761475,0.0
3451,adam,5.333677836460993e-05,0.053109440952539444,0.0
3452,adam,4.801778413821012e-05,0.037066683173179626,0.0
3453,adam,7.951045699883252e-05,0.0978204533457756,0.0
3454,adam,9.796046651899815e-05,0.12023099511861801,0.0
3455,adam,8.150993380695581e-05,0.10137597471475601,0.0
3456,adam,5.588855856331065e-05,0.06219310685992241,0.0
3457,adam,5.4027404985390604e-05,0.0611780621111393,0.0
3458,adam,7.361889583989978e-05,0.09640784561634064,0.0
3459,adam,8.666384383104742e-05,0.1135644018650055,0.0
3460,adam,7.794221892254427e-05,0.10288221389055252,0.0
3461,adam,6.0734833823516965e-05,0.07709969580173492,0.0
3462,adam,5.543682345887646e-05,0.06567130237817764,0.0
3463,adam,6.387704343069345e-05,0.0795731246471405,0.0
3464,adam,7.079543865984306e-05,0.08967413753271103,0.0
3465,adam,6.566113006556407e-05,0.08150364458560944,0.0
3466,adam,5.396034612203948e-05,0.05978341028094292,0.0
3467,adam,4.807663572137244e-05,0.04505781829357147,0.0
3468,adam,5.126660471432842e-05,0.05366124212741852,0.0
3469,adam,5.5872871598694474e-05,0.06352073699235916,0.0
3470,adam,5.435075581772253e-05,0.05968891456723213,0.0
3471,adam,4.7893936425680295e-05,0.04206671565771103,0.0
3472,adam,4.3338415707694367e-05,0.022296683862805367,0.0
3473,adam,4.4262535084271803e-05,0.026233376935124397,0.0
3474,adam,4.7575595090165734e-05,0.03920998051762581,0.0
3475,adam,4.830185935134068e-05,0.04163592681288719,0.0
3476,adam,4.544022158370353e-05,0.03126971796154976,0.0
3477,adam,4.230432750773616e-05,0.01280350424349308,0.0
3478,adam,4.195332803647034e-05,0.008928941562771797,0.0
3479,adam,4.3886324419872835e-05,0.024342725053429604,0.0
3480,adam,4.527715645963326e-05,0.03104601986706257,0.0
3481,adam,4.448569598025642e-05,0.027603378519415855,0.0
3482,adam,4.259007255313918e-05,0.016569430008530617,0.0
3483,adam,4.1662224248284474e-05,0.006570451892912388,0.0
3484,adam,4.237508255755529e-05,0.015851790085434914,0.0
3485,adam,4.357110810815357e-05,0.024235699325799942,0.0
3486,adam,4.3846172047778964e-05,0.026017693802714348,0.0
3487,adam,4.306018308852799e-05,0.022014277055859566,0.0
3488,adam,4.222848656354472e-05,0.01661093719303608,0.0
3489,adam,4.2261181079084054e-05,0.01721382699906826,0.0
3490,adam,4.308036295697093e-05,0.023028317838907242,0.0
3491,adam,4.391974289319478e-05,0.02787698619067669,0.0
3492,adam,4.425727092893794e-05,0.030130352824926376,0.0
3493,adam,4.4312208046903834e-05,0.03130454570055008,0.0
3494,adam,4.4750286178896204e-05,0.03439517319202423,0.0
3495,adam,4.603280467563309e-05,0.04048383608460426,0.0
3496,adam,4.815111606149003e-05,0.04854978248476982,0.0
3497,adam,5.093070285511203e-05,0.05748448893427849,0.0
3498,adam,5.45082293683663e-05,0.06734059005975723,0.0
3499,adam,5.959086774964817e-05,0.0792476162314415,0.0
3500,adam,6.730910536134616e-05,0.09431634843349457,0.0
3501,adam,7.911743159638718e-05,0.11344428360462189,0.0
3502,adam,9.679968934506178e-05,0.13719365000724792,0.0
3503,adam,0.00012310739839449525,0.1664315015077591,0.0
3504,adam,0.00016216174117289484,0.20237204432487488,0.0
3505,adam,0.0002205673954449594,0.2464808076620102,0.0
3506,adam,0.00030702329240739346,0.3002544343471527,0.0
3507,adam,0.00043408837518654764,0.3649017810821533,0.0
3508,adam,0.0006137870950624347,0.4406529664993286,0.0
3509,adam,0.000859315856359899,0.5261481404304504,0.0
3510,adam,0.0011640805751085281,0.6163960695266724,0.0
3511,adam,0.00150111666880548,0.7015906572341919,0.0
3512,adam,0.0017755632288753986,0.7640565037727356,0.0
3513,adam,0.0018674461171030998,0.7822684645652771,0.0
3514,adam,0.0016461382620036602,0.731317400932312,0.0
3515,adam,0.0011366106336936355,0.602455735206604,0.0
3516,adam,0.000535986851900816,0.4011058509349823,0.0
3517,adam,0.00013001302431803197,0.1639724224805832,0.0
3518,adam,7.602589903399348e-05,0.10092049837112427,0.0
3519,adam,0.00030363848782144487,0.2941868007183075,0.0
3520,adam,0.0005907390732318163,0.4249787926673889,0.0
3521,adam,0.0007164921844378114,0.47016647458076477,0.0
3522,adam,0.0005976745742373168,0.4246113896369934,0.0
3523,adam,0.00032946886494755745,0.3026477098464966,0.0
3524,adam,0.00010284940799465403,0.1351107805967331,0.0
3525,adam,5.4229709348874167e-05,0.05696534737944603,0.0
3526,adam,0.0001685615861788392,0.201751247048378,0.0
3527,adam,0.0003156984457746148,0.29740235209465027,0.0
3528,adam,0.0003652868326753378,0.32262882590293884,0.0
3529,adam,0.0002828412689268589,0.27777084708213806,0.0
3530,adam,0.00014276034198701382,0.1790977269411087,0.0
3531,adam,5.1530430937418714e-05,0.05166354402899742,0.0
3532,adam,6.006750845699571e-05,0.07381895929574966,0.0
3533,adam,0.00013410257815849036,0.17140738666057587,0.0
3534,adam,0.00019701015844475478,0.22299474477767944,0.0
3535,adam,0.00019631510076578707,0.2230035662651062,0.0
3536,adam,0.00013803242472931743,0.17616569995880127,0.0
3537,adam,7.154566992539912e-05,0.09768325090408325,0.0
3538,adam,4.306910705054179e-05,0.014287429861724377,0.0
3539,adam,6.165925151435658e-05,0.07840166985988617,0.0
3540,adam,0.00010042169014923275,0.13711293041706085,0.0
3541,adam,0.00012369455362204462,0.1629096418619156,0.0
3542,adam,0.00011463752889540046,0.15446320176124573,0.0
3543,adam,8.308932592626661e-05,0.11657638102769852,0.0
3544,adam,5.300953489495441e-05,0.06096004322171211,0.0
3545,adam,4.270222780178301e-05,0.015152904205024242,0.0
3546,adam,5.330036947270855e-05,0.06065100058913231,0.0
3547,adam,7.163415284594521e-05,0.0987505316734314,0.0
3548,adam,8.207900100387633e-05,0.11547625064849854,0.0
3549,adam,7.756419654469937e-05,0.10920719802379608,0.0
3550,adam,6.257437053136528e-05,0.08372477442026138,0.0
3551,adam,4.775810521095991e-05,0.04576009511947632,0.0
3552,adam,4.1737654100870714e-05,0.008534896187484264,0.0
3553,adam,4.5818989747203887e-05,0.037757959216833115,0.0
3554,adam,5.459773456095718e-05,0.06617917865514755,0.0
3555,adam,6.0776525060646236e-05,0.08042914420366287,0.0
3556,adam,6.018722342560068e-05,0.07930485159158707,0.0
3557,adam,5.382495510275476e-05,0.06487426906824112,0.0
3558,adam,4.613921191776171e-05,0.04052077978849411,0.0
3559,adam,4.159684249316342e-05,0.011972998268902302,0.0
3560,adam,4.189612081972882e-05,0.015914922580122948,0.0
3561,adam,4.551451638690196e-05,0.038436613976955414,0.0
3562,adam,4.930786235490814e-05,0.05240468680858612,0.0
3563,adam,5.070391853223555e-05,0.05684974417090416,0.0
3564,adam,4.907641778117977e-05,0.05184134095907211,0.0
3565,adam,4.56649977422785e-05,0.03951255604624748,0.0
3566,adam,4.2476298403926194e-05,0.022461464628577232,0.0
3567,adam,4.099064972251654e-05,0.004655041731894016,0.0
3568,adam,4.147502841078676e-05,0.014018052257597446,0.0
3569,adam,4.3106861994601786e-05,0.027432415634393692,0.0
3570,adam,4.465227902983315e-05,0.03573808819055557,0.0
3571,adam,4.519900539889932e-05,0.03823089599609375,0.0
3572,adam,4.4540756789501756e-05,0.03536119684576988,0.0
3573,adam,4.3124087824253365e-05,0.027957282960414886,0.0
3574,adam,4.1683175368234515e-05,0.01775415427982807,0.0
3575,adam,4.082244777237065e-05,0.006355141289532185,0.0
3576,adam,4.075503966305405e-05,0.005516999401152134,0.0
3577,adam,4.128519503865391e-05,0.01473186630755663,0.0
3578,adam,4.1987481381511316e-05,0.021366475149989128,0.0
3579,adam,4.244779120199382e-05,0.02483588084578514,0.0
3580,adam,4.2450290493434295e-05,0.024987123906612396,0.0
3581,adam,4.202856871415861e-05,0.022219566628336906,0.0
3582,adam,4.1399594920221716e-05,0.017150606960058212,0.0
3583,adam,4.082618761458434e-05,0.01070054154843092,0.0
3584,adam,4.0497296140529215e-05,0.0036643133498728275,0.0
3585,adam,4.046200047014281e-05,0.0030837305821478367,0.0
3586,adam,4.06437466153875e-05,0.008815649896860123,0.0
3587,adam,4.089893991476856e-05,0.013000634498894215,0.0
3588,adam,4.10887660109438e-05,0.015516303479671478,0.0
3589,adam,4.1131628677248955e-05,0.016229297965765,0.0
3590,adam,4.102000093553215e-05,0.015322062186896801,0.0
3591,adam,4.0803715819492936e-05,0.013081010431051254,0.0
3592,adam,4.0559054468758404e-05,0.009876607917249203,0.0
3593,adam,4.03570884373039e-05,0.006119958590716124,0.0
3594,adam,4.023941437480971e-05,0.0023209424689412117,0.0
3595,adam,4.0212067688116804e-05,0.0018725021509453654,0.0
3596,adam,4.02521800424438e-05,0.0049143387004733086,0.0
3597,adam,4.032212382298894e-05,0.007431353908032179,0.0
3598,adam,4.038315455545671e-05,0.009112725965678692,0.0
3599,adam,4.040858766529709e-05,0.00994716677814722,0.0
3600,adam,4.038716360810213e-05,0.009959847666323185,0.0
3601,adam,4.032469223602675e-05,0.009250665083527565,0.0
3602,adam,4.0237358916783705e-05,0.007952019572257996,0.0
3603,adam,4.0143640944734216e-05,0.0062640090472996235,0.0
3604,adam,4.0061459003482014e-05,0.004306652583181858,0.0
3605,adam,4.000069748144597e-05,0.0023183710873126984,0.0
3606,adam,3.9964601455722004e-05,0.0005057489033788443,0.0
3607,adam,3.9949791243998334e-05,0.0015094279078766704,0.0
3608,adam,3.9948525227373466e-05,0.0029913061298429966,0.0
3609,adam,3.995312363258563e-05,0.004168851766735315,0.0
3610,adam,3.9956132241059095e-05,0.005032481625676155,0.0
3611,adam,3.995252336608246e-05,0.0055470759980380535,0.0
3612,adam,3.993916106992401e-05,0.005768500734120607,0.0
3613,adam,3.9917002141010016e-05,0.00568822305649519,0.0
3614,adam,3.9886668673716486e-05,0.005397280678153038,0.0
3615,adam,3.985162766184658e-05,0.004889965057373047,0.0
3616,adam,3.9814280171412975e-05,0.004281886853277683,0.0
3617,adam,3.977731103077531e-05,0.0035442966036498547,0.0
3618,adam,3.974236824433319e-05,0.002792481565847993,0.0
3619,adam,3.971116166212596e-05,0.0019943357910960913,0.0
3620,adam,3.9684084185864776e-05,0.0012496761046350002,0.0
3621,adam,3.966035001212731e-05,0.0005527673056349158,0.0
3622,adam,3.96403374907095e-05,0.0003090770624112338,0.0
3623,adam,3.9622205804334953e-05,0.0008228528313338757,0.0
3624,adam,3.960611502407119e-05,0.001308560837060213,0.0
3625,adam,3.9590406231582165e-05,0.0017563613364472985,0.0
3626,adam,3.957527951570228e-05,0.0021099268924444914,0.0
3627,adam,3.956021828344092e-05,0.0024284098763018847,0.0
3628,adam,3.95446149923373e-05,0.0026643837336450815,0.0
3629,adam,3.952846600441262e-05,0.0028760109562426805,0.0
3630,adam,3.951216422137804e-05,0.0030339215882122517,0.0
3631,adam,3.9495564124081284e-05,0.003173535456880927,0.0
3632,adam,3.9478625694755465e-05,0.003282584948465228,0.0
3633,adam,3.9461599953938276e-05,0.0033902395516633987,0.0
3634,adam,3.944460331695154e-05,0.0034824772737920284,0.0
3635,adam,3.9428003219654784e-05,0.003592968685552478,0.0
3636,adam,3.941170507459901e-05,0.003698937827721238,0.0
3637,adam,3.9395814383169636e-05,0.003841435769572854,0.0
3638,adam,3.9380953239742666e-05,0.003993485122919083,0.0
3639,adam,3.9367019780911505e-05,0.004198290407657623,0.0
3640,adam,3.935446511604823e-05,0.004432218614965677,0.0
3641,adam,3.9344329707091674e-05,0.004738451912999153,0.0
3642,adam,3.933627522201277e-05,0.005095252767205238,0.0
3643,adam,3.9331458538072184e-05,0.005540736950933933,0.0
3644,adam,3.933156040147878e-05,0.006063390988856554,0.0
3645,adam,3.933771949959919e-05,0.00671260105445981,0.0
3646,adam,3.93519367207773e-05,0.007476037368178368,0.0
3647,adam,3.9377566281473264e-05,0.008407684043049812,0.0
3648,adam,3.941850081901066e-05,0.009509267285466194,0.0
3649,adam,3.9481416024500504e-05,0.010852636769413948,0.0
3650,adam,3.9575606933794916e-05,0.012457464821636677,0.0
3651,adam,3.9714283047942445e-05,0.014416852965950966,0.0
3652,adam,3.991662015323527e-05,0.016776954755187035,0.0
3653,adam,4.021156200906262e-05,0.019658474251627922,0.0
3654,adam,4.064148015459068e-05,0.023155178874731064,0.0
3655,adam,4.127053762204014e-05,0.02744048275053501,0.0
3656,adam,4.219568654661998e-05,0.03268301859498024,0.0
3657,adam,4.3563806684687734e-05,0.039146844297647476,0.0
3658,adam,4.5601496822200716e-05,0.04711369425058365,0.0
3659,adam,4.8655670980224386e-05,0.05699559673666954,0.0
3660,adam,5.3271207434590906e-05,0.06926607340574265,0.0
3661,adam,6.028513962519355e-05,0.08457162976264954,0.0
3662,adam,7.102834933903068e-05,0.10368668287992477,0.0
3663,adam,8.754550071898848e-05,0.12761932611465454,0.0
3664,adam,0.0001131050375988707,0.1576017141342163,0.0
3665,adam,0.0001526563719380647,0.19515150785446167,0.0
3666,adam,0.00021402756101451814,0.24206677079200745,0.0
3667,adam,0.0003084191703237593,0.3003077507019043,0.0
3668,adam,0.00045251590199768543,0.37184402346611023,0.0
3669,adam,0.0006660856306552887,0.45784977078437805,0.0
3670,adam,0.0009716605418361723,0.5578943490982056,0.0
3671,adam,0.0013739506248384714,0.6670979857444763,0.0
3672,adam,0.0018437420949339867,0.7745539546012878,0.0
3673,adam,0.002260531997308135,0.8577864170074463,0.0
3674,adam,0.0024306660052388906,0.8880606889724731,0.0
3675,adam,0.002152028027921915,0.8303197026252747,0.0
3676,adam,0.0014410584699362516,0.6729331612586975,0.0
3677,adam,0.0006356923840939999,0.4294731914997101,0.0
3678,adam,0.00016798492288216949,0.18511249125003815,0.0
3679,adam,0.00021936188568361104,0.23624363541603088,0.0
3680,adam,0.0005802494124509394,0.4222790002822876,0.0
3681,adam,0.0008676807046867907,0.5213344693183899,0.0
3682,adam,0.0008247446967288852,0.5052985548973083,0.0
3683,adam,0.0005128795746713877,0.3857973515987396,0.0
3684,adam,0.00021512492094188929,0.22173342108726501,0.0
3685,adam,0.00015083173639141023,0.17197544872760773,0.0
3686,adam,0.00029086641734465957,0.28184255957603455,0.0
3687,adam,0.0004287868505343795,0.35600095987319946,0.0
3688,adam,0.00040772557258605957,0.3461003601551056,0.0
3689,adam,0.0002562495064921677,0.2610284090042114,0.0
3690,adam,0.00012978720769751817,0.1570059210062027,0.0
3691,adam,0.0001310106017626822,0.15723441541194916,0.0
3692,adam,0.00021488203492481261,0.23198866844177246,0.0
3693,adam,0.00026279588928446174,0.2675538957118988,0.0
3694,adam,0.000214451938518323,0.23879657685756683,0.0
3695,adam,0.00012004436575807631,0.15943410992622375,0.0
3696,adam,7.165568240452558e-05,0.09107959270477295,0.0
3697,adam,0.00010259199916617945,0.132377028465271,0.0
3698,adam,0.00016169955779332668,0.1926749348640442,0.0
3699,adam,0.00017760542687028646,0.20824632048606873,0.0
3700,adam,0.00013198840315453708,0.1717109978199005,0.0
3701,adam,6.942475738469511e-05,0.09740836173295975,0.0
3702,adam,4.5105953176971525e-05,0.035007212311029434,0.0
3703,adam,7.079316128510982e-05,0.09493759274482727,0.0
3704,adam,0.0001106642812374048,0.14719761908054352,0.0
3705,adam,0.00012227549450471997,0.1599748432636261,0.0
3706,adam,9.62293051998131e-05,0.13250285387039185,0.0
3707,adam,5.826643973705359e-05,0.07486879080533981,0.0
3708,adam,4.036046448163688e-05,0.006435676012188196,0.0
3709,adam,5.1364586397539824e-05,0.05979246646165848,0.0
3710,adam,7.360627932939678e-05,0.10319723188877106,0.0
3711,adam,8.369552961084992e-05,0.11714798957109451,0.0
3712,adam,7.38468806957826e-05,0.10228265076875687,0.0
3713,adam,5.4891075706109405e-05,0.06695342063903809,0.0
3714,adam,4.294487735023722e-05,0.02875826321542263,0.0
3715,adam,4.483351585804485e-05,0.04068955406546593,0.0
3716,adam,5.432885154732503e-05,0.06918574124574661,0.0
3717,adam,6.044464680599049e-05,0.08216987550258636,0.0
3718,adam,5.7861212553689256e-05,0.07584527879953384,0.0
3719,adam,4.987158899893984e-05,0.05562325939536095,0.0
3720,adam,4.3534582800930366e-05,0.032873041927814484,0.0
3721,adam,4.300368163967505e-05,0.03216894343495369,0.0
3722,adam,4.666519816964865e-05,0.048413168638944626,0.0
3723,adam,4.977123171556741e-05,0.0585210956633091,0.0
3724,adam,4.917940896120854e-05,0.056660331785678864,0.0
3725,adam,4.553783219307661e-05,0.04444543644785881,0.0
3726,adam,4.192980850348249e-05,0.02743297815322876,0.0
3727,adam,4.0925267967395484e-05,0.02079709991812706,0.0
3728,adam,4.255318344803527e-05,0.031702928245067596,0.0
3729,adam,4.470023122848943e-05,0.042002808302640915,0.0
3730,adam,4.5243014028528705e-05,0.04453623294830322,0.0
3731,adam,4.369086309452541e-05,0.038497138768434525,0.0
3732,adam,4.1239192796638235e-05,0.02607560157775879,0.0
3733,adam,3.9615799323655665e-05,0.011754554696381092,0.0
3734,adam,3.969057070207782e-05,0.012661091051995754,0.0
3735,adam,4.0963030187413096e-05,0.024302884936332703,0.0
3736,adam,4.21932854806073e-05,0.03177759051322937,0.0
3737,adam,4.2405059502925724e-05,0.03316274285316467,0.0
3738,adam,4.147968502365984e-05,0.02837071567773819,0.0
3739,adam,4.009595431853086e-05,0.019080238416790962,0.0
3740,adam,3.9124995964812115e-05,0.00730334734544158,0.0
3741,adam,3.900216324836947e-05,0.004691785201430321,0.0
3742,adam,3.954878411605023e-05,0.014554345980286598,0.0
3743,adam,4.021869972348213e-05,0.020936688408255577,0.0
3744,adam,4.050230563734658e-05,0.023257680237293243,0.0
3745,adam,4.0245264244731516e-05,0.021415848284959793,0.0
3746,adam,3.966386793763377e-05,0.016592442989349365,0.0
3747,adam,3.911781823262572e-05,0.010090690106153488,0.0
3748,adam,3.886502963723615e-05,0.005419550929218531,0.0
3749,adam,3.8937760109547526e-05,0.008000138215720654,0.0
3750,adam,3.916722926078364e-05,0.012272902764379978,0.0
3751,adam,3.933643893105909e-05,0.014707207679748535,0.0
3752,adam,3.932324761990458e-05,0.014818110503256321,0.0
3753,adam,3.914079206879251e-05,0.012828200124204159,0.0
3754,adam,3.890134394168854e-05,0.00949877966195345,0.0
3755,adam,3.8730551750632e-05,0.0062645901925861835,0.0
3756,adam,3.8686190237058327e-05,0.005506956018507481,0.0
3757,adam,3.8742069591535255e-05,0.007528336253017187,0.0
3758,adam,3.882322562276386e-05,0.009576442651450634,0.0
3759,adam,3.885300975525752e-05,0.010543343611061573,0.0
3760,adam,3.879765063175e-05,0.010068831965327263,0.0
3761,adam,3.8677673728670925e-05,0.008378546684980392,0.0
3762,adam,3.854385795420967e-05,0.005799248814582825,0.0
3763,adam,3.844602179015055e-05,0.0028479204047471285,0.0
3764,adam,3.840960926027037e-05,0.0016207026783376932,0.0
3765,adam,3.842698788503185e-05,0.0037791545037180185,0.0
3766,adam,3.846643812721595e-05,0.005806307308375835,0.0
3767,adam,3.8494439650094137e-05,0.0070160082541406155,0.0
3768,adam,3.848866617772728e-05,0.0073427180759608746,0.0
3769,adam,3.844662569463253e-05,0.006847252603620291,0.0
3770,adam,3.838213160634041e-05,0.005716617684811354,0.0
3771,adam,3.831532012554817e-05,0.004186264704912901,0.0
3772,adam,3.82625476049725e-05,0.0027250119019299746,0.0
3773,adam,3.823077349807136e-05,0.0020141114946454763,0.0
3774,adam,3.821784775936976e-05,0.002625739900395274,0.0
3775,adam,3.821352220256813e-05,0.003498482285067439,0.0
3776,adam,3.8207796023925766e-05,0.004144297447055578,0.0
3777,adam,3.81930913135875e-05,0.004337443504482508,0.0
3778,adam,3.816814933088608e-05,0.004128591623157263,0.0
3779,adam,3.813562943832949e-05,0.003543098224326968,0.0
3780,adam,3.8101072277640924e-05,0.0027405277360230684,0.0
3781,adam,3.8069898437242955e-05,0.0018672613659873605,0.0
3782,adam,3.804533844231628e-05,0.0012569193495437503,0.0
3783,adam,3.8027556001907215e-05,0.0014468070585280657,0.0
3784,adam,3.801486673182808e-05,0.0020266594365239143,0.0
3785,adam,3.800419290200807e-05,0.0026337241288274527,0.0
3786,adam,3.7992565921740606e-05,0.003026070771738887,0.0
3787,adam,3.797735917032696e-05,0.0032582266721874475,0.0
3788,adam,3.7959205656079575e-05,0.0032507984433323145,0.0
3789,adam,3.7938105378998443e-05,0.003126869909465313,0.0
3790,adam,3.7915113352937624e-05,0.002867302391678095,0.0
3791,adam,3.7892834370722994e-05,0.0026280242018401623,0.0
3792,adam,3.787164678215049e-05,0.0024106951896101236,0.0
3793,adam,3.7852722016396e-05,0.002377851866185665,0.0
3794,adam,3.783650026889518e-05,0.002454611239954829,0.0
3795,adam,3.782205021707341e-05,0.002704689744859934,0.0
3796,adam,3.780976840062067e-05,0.002974739298224449,0.0
3797,adam,3.779870894504711e-05,0.0033206611406058073,0.0
3798,adam,3.7789031921420246e-05,0.003640697803348303,0.0
3799,adam,3.7781013816129416e-05,0.004019613843411207,0.0
3800,adam,3.7775309465359896e-05,0.004393221810460091,0.0
3801,adam,3.777330493903719e-05,0.004878588020801544,0.0
3802,adam,3.777703022933565e-05,0.005416779313236475,0.0
3803,adam,3.7789195630466565e-05,0.006140056997537613,0.0
3804,adam,3.781397026614286e-05,0.006990750785917044,0.0
3805,adam,3.785706576309167e-05,0.00810201745480299,0.0
3806,adam,3.7926591176074e-05,0.009424283169209957,0.0
3807,adam,3.8034220779081807e-05,0.011103499680757523,0.0
3808,adam,3.819822450168431e-05,0.013112273998558521,0.0
3809,adam,3.844602542812936e-05,0.01563592627644539,0.0
3810,adam,3.881857264786959e-05,0.018697626888751984,0.0
3811,adam,3.9382117392960936e-05,0.02253522351384163,0.0
3812,adam,4.023404835606925e-05,0.02725186012685299,0.0
3813,adam,4.153577174292877e-05,0.03317997232079506,0.0
3814,adam,4.352636096882634e-05,0.040551502257585526,0.0
3815,adam,4.660761260311119e-05,0.04983963444828987,0.0
3816,adam,5.137130574439652e-05,0.06148757413029671,0.0
3817,adam,5.884360143681988e-05,0.07619152218103409,0.0
3818,adam,7.049388659652323e-05,0.09474440664052963,0.0
3819,adam,8.894899656297639e-05,0.11813647300004959,0.0
3820,adam,0.00011771367280744016,0.1476423144340515,0.0
3821,adam,0.00016320604481734335,0.18442794680595398,0.0
3822,adam,0.00023250274534802884,0.23011811077594757,0.0
3823,adam,0.0003386653261259198,0.28501754999160767,0.0
3824,adam,0.00048786759725771844,0.349520742893219,0.0
3825,adam,0.0006917905993759632,0.41904011368751526,0.0
3826,adam,0.0009152673883363605,0.4871758818626404,0.0
3827,adam,0.001119726337492466,0.5367832779884338,0.0
3828,adam,0.0011635370319709182,0.5499719977378845,0.0
3829,adam,0.001003204844892025,0.5054623484611511,0.0
3830,adam,0.0006355252116918564,0.4013563394546509,0.0
3831,adam,0.00028649033629335463,0.26416733860969543,0.0
3832,adam,0.00014953894424252212,0.1891539841890335,0.0
3833,adam,0.0002621252497192472,0.25796961784362793,0.0
3834,adam,0.0004631488409359008,0.3445873558521271,0.0
3835,adam,0.0005428297445178032,0.3732002377510071,0.0
3836,adam,0.00041842504288069904,0.3227338492870331,0.0
3837,adam,0.00019508837431203574,0.20799633860588074,0.0
3838,adam,5.875829447177239e-05,0.07529494911432266,0.0
3839,adam,9.016376134241e-05,0.11336313933134079,0.0
3840,adam,0.00020767308888025582,0.20849280059337616,0.0
3841,adam,0.0002724762598518282,0.24664533138275146,0.0
3842,adam,0.00022032513516023755,0.21924681961536407,0.0
3843,adam,0.00011343586083967239,0.14270074665546417,0.0
3844,adam,5.6000801123445854e-05,0.07313413172960281,0.0
3845,adam,8.795854955678806e-05,0.11624183505773544,0.0
3846,adam,0.00015624615480192006,0.17632000148296356,0.0
3847,adam,0.00018108169024344534,0.19368179142475128,0.0
3848,adam,0.00014056282816454768,0.16391998529434204,0.0
3849,adam,7.68170939409174e-05,0.1022731363773346,0.0
3850,adam,4.838155655306764e-05,0.056072402745485306,0.0
3851,adam,6.809864134993404e-05,0.09131503105163574,0.0
3852,adam,0.00010138281504623592,0.13032639026641846,0.0
3853,adam,0.00010875874431803823,0.13707900047302246,0.0
3854,adam,8.315598097397014e-05,0.10904747247695923,0.0
3855,adam,5.0474631279939786e-05,0.05659392848610878,0.0
3856,adam,3.849400673061609e-05,0.00733138108626008,0.0
3857,adam,5.167968993191607e-05,0.05993291735649109,0.0
3858,adam,7.181198452599347e-05,0.09497131407260895,0.0
3859,adam,7.85464362706989e-05,0.10452458262443542,0.0
3860,adam,6.750258762622252e-05,0.08976341784000397,0.0
3861,adam,5.044240606366657e-05,0.059598322957754135,0.0
3862,adam,4.217159948893823e-05,0.0365692600607872,0.0
3863,adam,4.7138568334048614e-05,0.05092703923583031,0.0
3864,adam,5.769172275904566e-05,0.07302957028150558,0.0
3865,adam,6.30678769084625e-05,0.08207514882087708,0.0
3866,adam,5.8768906455952674e-05,0.07512466609477997,0.0
3867,adam,4.9434322136221454e-05,0.056883636862039566,0.0
3868,adam,4.2840547394007444e-05,0.0395539328455925,0.0
3869,adam,4.312557939556427e-05,0.04128044471144676,0.0
3870,adam,4.799849557457492e-05,0.05534626170992851,0.0
3871,adam,5.196732308831997e-05,0.06414800882339478,0.0
3872,adam,5.141465226188302e-05,0.063107430934906,0.0
3873,adam,4.708845881395973e-05,0.05302063003182411,0.0
3874,adam,4.2632695112843066e-05,0.039995599538087845,0.0
3875,adam,4.113828981644474e-05,0.03407599776983261,0.0
3876,adam,4.285393879399635e-05,0.03978671133518219,0.0
3877,adam,4.559861190500669e-05,0.04793250188231468,0.0
3878,adam,4.690066270995885e-05,0.05141344666481018,0.0
3879,adam,4.596800499712117e-05,0.04924234747886658,0.0
3880,adam,4.386797809274867e-05,0.043807439506053925,0.0
3881,adam,4.2454845242900774e-05,0.0401713065803051,0.0
3882,adam,4.280534267309122e-05,0.04228596016764641,0.0
3883,adam,4.465397068997845e-05,0.04867926612496376,0.0
3884,adam,4.689881097874604e-05,0.05534426495432854,0.0
3885,adam,4.8592388338875026e-05,0.06020589545369148,0.0
3886,adam,4.965654079569504e-05,0.0634695366024971,0.0
3887,adam,5.084179065306671e-05,0.06700847297906876,0.0
3888,adam,5.317857358022593e-05,0.07277999818325043,0.0
3889,adam,5.736889215768315e-05,0.08161895722150803,0.0
3890,adam,6.368001049850136e-05,0.09316515922546387,0.0
3891,adam,7.215039659058675e-05,0.1069217100739479,0.0
3892,adam,8.313776197610423e-05,0.12266656011343002,0.0
3893,adam,9.762061381479725e-05,0.14103789627552032,0.0
3894,adam,0.00011741441994672641,0.16292206943035126,0.0
3895,adam,0.0001448868279112503,0.18918175995349884,0.0
3896,adam,0.0001832855341490358,0.22054705023765564,0.0
3897,adam,0.00023584335576742887,0.25742289423942566,0.0
3898,adam,0.0003072565305046737,0.3000335693359375,0.0
3899,adam,0.0004007470270153135,0.3482341468334198,0.0
3900,adam,0.0005209873779676855,0.40131545066833496,0.0
3901,adam,0.0006649689748883247,0.4571094810962677,0.0
3902,adam,0.0008274047286249697,0.5120832920074463,0.0
3903,adam,0.000981513992883265,0.5594510436058044,0.0
3904,adam,0.0010955354664474726,0.5911897420883179,0.0
3905,adam,0.0011151944054290652,0.5957432985305786,0.0
3906,adam,0.001011097920127213,0.5651074647903442,0.0
3907,adam,0.0007807634538039565,0.49209338426589966,0.0
3908,adam,0.00048668819363228977,0.38126829266548157,0.0
3909,adam,0.00022204277047421783,0.2417193204164505,0.0
3910,adam,6.913708057254553e-05,0.09536517411470413,0.0
3911,adam,5.5612130381632596e-05,0.07348041236400604,0.0
3912,adam,0.0001475560275139287,0.18948079645633698,0.0
3913,adam,0.0002751457504928112,0.2779339551925659,0.0
3914,adam,0.0003667579439934343,0.32650116086006165,0.0
3915,adam,0.0003792700881604105,0.33149096369743347,0.0
3916,adam,0.0003109388053417206,0.2949402928352356,0.0
3917,adam,0.00019852796685881913,0.22525756061077118,0.0
3918,adam,9.580377081874758e-05,0.13311460614204407,0.0
3919,adam,4.363434709375724e-05,0.038134340196847916,0.0
3920,adam,5.2207080443622544e-05,0.06762067973613739,0.0
3921,adam,0.00010094041499542072,0.14267250895500183,0.0
3922,adam,0.00015449040802195668,0.19306132197380066,0.0
3923,adam,0.0001823196216719225,0.2146769016981125,0.0
3924,adam,0.00017194448446389288,0.20620711147785187,0.0
3925,adam,0.00013192385085858405,0.17249126732349396,0.0
3926,adam,8.34205056889914e-05,0.11980646103620529,0.0
3927,adam,4.8297413741238415e-05,0.0570448637008667,0.0
3928,adam,3.799660407821648e-05,0.007705001626163721,0.0
3929,adam,5.036310903960839e-05,0.06350404024124146,0.0
3930,adam,7.347390055656433e-05,0.10672306269407272,0.0
3931,adam,9.316430077888072e-05,0.13284748792648315,0.0
3932,adam,9.990627586375922e-05,0.14083409309387207,0.0
3933,adam,9.181172936223447e-05,0.13150325417518616,0.0
3934,adam,7.404182542813942e-05,0.10818511992692947,0.0
3935,adam,5.488529859576374e-05,0.07499366253614426,0.0
3936,adam,4.163231642451137e-05,0.0372336208820343,0.0
3937,adam,3.7646605051122606e-05,0.00860108807682991,0.0
3938,adam,4.186232035863213e-05,0.03725752234458923,0.0
3939,adam,5.025050268159248e-05,0.06374524533748627,0.0
3940,adam,5.809557478642091e-05,0.08137902617454529,0.0
3941,adam,6.200673669809476e-05,0.0890689566731453,0.0
3942,adam,6.083885091356933e-05,0.0873202309012413,0.0
3943,adam,5.561631769523956e-05,0.07745035737752914,0.0
3944,adam,4.863474168814719e-05,0.061309926211833954,0.0
3945,adam,4.233073559589684e-05,0.041536420583724976,0.0
3946,adam,3.840862700599246e-05,0.020855024456977844,0.0
3947,adam,3.741650652955286e-05,0.00977753009647131,0.0
3948,adam,3.884645047946833e-05,0.023547176271677017,0.0
3949,adam,4.155092756263912e-05,0.038064293563365936,0.0
3950,adam,4.426277519087307e-05,0.04849223420023918,0.0
3951,adam,4.600933607434854e-05,0.05433625727891922,0.0
3952,adam,4.6325858420459554e-05,0.05553724616765976,0.0
3953,adam,4.527140117716044e-05,0.05243540182709694,0.0
3954,adam,4.327669012127444e-05,0.04600786790251732,0.0
3955,adam,4.095428448636085e-05,0.036780666559934616,0.0
3956,adam,3.888089850079268e-05,0.026054296642541885,0.0
3957,adam,3.745905632968061e-05,0.014618526212871075,0.0
3958,adam,3.684749754029326e-05,0.004083686508238316,0.0
3959,adam,3.697519059642218e-05,0.008103195577859879,0.0
3960,adam,3.7612695450661704e-05,0.016856657341122627,0.0
3961,adam,3.8463658711407334e-05,0.02396424114704132,0.0
3962,adam,3.925100827473216e-05,0.028987864032387733,0.0
3963,adam,3.977529559051618e-05,0.0320122092962265,0.0
3964,adam,3.994480357505381e-05,0.032929640263319016,0.0
3965,adam,3.976586231146939e-05,0.03216801583766937,0.0
3966,adam,3.931930405087769e-05,0.029869208112359047,0.0
3967,adam,3.8718892028555274e-05,0.026461364701390266,0.0
3968,adam,3.808184192166664e-05,0.02225928194820881,0.0
3969,adam,3.750206087715924e-05,0.017610276117920876,0.0
3970,adam,3.704084883793257e-05,0.012799439020454884,0.0
3971,adam,3.6724202800542116e-05,0.008166513405740261,0.0
3972,adam,3.655119508039206e-05,0.004060883074998856,0.0
3973,adam,3.6500106944004074e-05,0.00271519273519516,0.0
3974,adam,3.65410051017534e-05,0.005326488055288792,0.0
3975,adam,3.6641431506723166e-05,0.008265072479844093,0.0
3976,adam,3.6771336453966796e-05,0.010876837186515331,0.0
3977,adam,3.6907924368279055e-05,0.012995386496186256,0.0
3978,adam,3.7034013075754046e-05,0.01470937579870224,0.0
3979,adam,3.713841215358116e-05,0.01598440110683441,0.0
3980,adam,3.721526081790216e-05,0.01691281795501709,0.0
3981,adam,3.726410795934498e-05,0.01752575673162937,0.0
3982,adam,3.7286121369106695e-05,0.01788489893078804,0.0
3983,adam,3.728574301931076e-05,0.018030311912298203,0.0
3984,adam,3.7267684092512354e-05,0.018045280128717422,0.0
3985,adam,3.7238813092699274e-05,0.017938388511538506,0.0
3986,adam,3.7205125408945605e-05,0.01782926917076111,0.0
3987,adam,3.717191066243686e-05,0.017688458785414696,0.0
3988,adam,3.7143669032957405e-05,0.017625579610466957,0.0
3989,adam,3.712452235049568e-05,0.017628127709031105,0.0
3990,adam,3.7118024920346215e-05,0.01775282435119152,0.0
3991,adam,3.712783654918894e-05,0.018020473420619965,0.0
3992,adam,3.715712591656484e-05,0.018461601808667183,0.0
3993,adam,3.721068424056284e-05,0.019087232649326324,0.0
3994,adam,3.729391028173268e-05,0.01995822787284851,0.0
3995,adam,3.7414938560687006e-05,0.021058186888694763,0.0
3996,adam,3.758348975679837e-05,0.022480731830000877,0.0
3997,adam,3.78145559807308e-05,0.024222053587436676,0.0
3998,adam,3.812764771282673e-05,0.02637762762606144,0.0
3999,adam,3.8551781472051516e-05,0.02899269573390484,0.0
4000,adam,3.912465399480425e-05,0.03216704726219177,0.0
4001,adam,3.990294135292061e-05,0.035993482917547226,0.0
4002,adam,4.0963856008602306e-05,0.0406244620680809,0.0
4003,adam,4.2420106183271855e-05,0.0461849682033062,0.0
4004,adam,4.44288962171413e-05,0.05291265249252319,0.0
4005,adam,4.7224890295183286e-05,0.061005719006061554,0.0
4006,adam,5.113835140946321e-05,0.07081301510334015,0.0
4007,adam,5.6666616728762165e-05,0.08266427367925644,0.0
4008,adam,6.45122563582845e-05,0.09704648703336716,0.0
4009,adam,7.57439702283591e-05,0.11449459940195084,0.0
4010,adam,9.186578245135024e-05,0.13569413125514984,0.0
4011,adam,0.00011517017264850438,0.1614443063735962,0.0
4012,adam,0.0001488028938183561,0.19266600906848907,0.0
4013,adam,0.00019748946942854673,0.23041129112243652,0.0
4014,adam,0.00026725168572738767,0.2756830155849457,0.0
4015,adam,0.00036661693593487144,0.32945361733436584,0.0
4016,adam,0.0005042146658524871,0.39198288321495056,0.0
4017,adam,0.0006895026890560985,0.46274667978286743,0.0
4018,adam,0.0009223122615367174,0.5386240482330322,0.0
4019,adam,0.0011905229184776545,0.6140491366386414,0.0
4020,adam,0.0014455420896410942,0.6775216460227966,0.0
4021,adam,0.0016115347389131784,0.7150854468345642,0.0
4022,adam,0.0015875233802944422,0.7070741057395935,0.0
4023,adam,0.0013235174119472504,0.6421065926551819,0.0
4024,adam,0.0008795199682936072,0.5145632028579712,0.0
4025,adam,0.00042496368405409157,0.34394723176956177,0.0
4026,adam,0.0001511041627964005,0.17601697146892548,0.0
4027,adam,0.00013113190652802587,0.16610869765281677,0.0
4028,adam,0.0002943305589724332,0.2882358431816101,0.0
4029,adam,0.00048303138464689255,0.382133424282074,0.0
4030,adam,0.0005578244454227388,0.4113898277282715,0.0
4031,adam,0.0004701572470366955,0.37331849336624146,0.0
4032,adam,0.0002887164009734988,0.2808539867401123,0.0
4033,adam,0.00013481167843565345,0.16685299575328827,0.0
4034,adam,9.18510922929272e-05,0.11971570551395416,0.0
4035,adam,0.00015349315071944147,0.18902404606342316,0.0
4036,adam,0.0002424798149149865,0.25692012906074524,0.0
4037,adam,0.0002778243797365576,0.27947431802749634,0.0
4038,adam,0.00023124762810766697,0.2517547309398651,0.0
4039,adam,0.00014075147919356823,0.18249821662902832,0.0
4040,adam,7.052900036796927e-05,0.0996713787317276,0.0
4041,adam,6.091565956012346e-05,0.08009327203035355,0.0
4042,adam,0.0001027232501655817,0.14127756655216217,0.0
4043,adam,0.000152257940499112,0.19082199037075043,0.0
4044,adam,0.0001678499102126807,0.20457248389720917,0.0
4045,adam,0.00013847887748852372,0.1810925155878067,0.0
4046,adam,8.651766256662086e-05,0.12699028849601746,0.0
4047,adam,4.626228837878443e-05,0.055566925555467606,0.0
4048,adam,3.8692985981469974e-05,0.023776715621352196,0.0
4049,adam,5.988249176880345e-05,0.08568448573350906,0.0
4050,adam,8.854196494212374e-05,0.12880054116249084,0.0
4051,adam,0.00010309605568181723,0.1456194370985031,0.0
4052,adam,9.521927131572738e-05,0.13664297759532928,0.0
4053,adam,7.234701479319483e-05,0.10612860321998596,0.0
4054,adam,4.97440378239844e-05,0.06321544200181961,0.0
4055,adam,3.93968730350025e-05,0.02784394845366478,0.0
4056,adam,4.329976218286902e-05,0.04679650813341141,0.0
4057,adam,5.4451633332064375e-05,0.07687517255544662,0.0
4058,adam,6.32065930403769e-05,0.09374906867742538,0.0
4059,adam,6.368152389768511e-05,0.09448941797018051,0.0
4060,adam,5.65142254345119e-05,0.0806615799665451,0.0
4061,adam,4.6902645408408716e-05,0.05770598351955414,0.0
4062,adam,4.050488496432081e-05,0.03482339158654213,0.0
4063,adam,3.990501136286184e-05,0.032063473016023636,0.0
4064,adam,4.3737931264331564e-05,0.04818599671125412,0.0
4065,adam,4.831350815948099e-05,0.06237120181322098,0.0
4066,adam,5.02636466990225e-05,0.06767281889915466,0.0
4067,adam,4.8386176786152646e-05,0.06337162107229233,0.0
4068,adam,4.3872216338058934e-05,0.05071460083127022,0.0
4069,adam,3.9190468669403344e-05,0.03230853006243706,0.0
4070,adam,3.648781785159372e-05,0.012721825391054153,0.0
4071,adam,3.653617386589758e-05,0.013059962540864944,0.0
4072,adam,3.8604895962635055e-05,0.028958050534129143,0.0
4073,adam,4.113227623747662e-05,0.04079791158437729,0.0
4074,adam,4.26573860750068e-05,0.046499818563461304,0.0
4075,adam,4.250204437994398e-05,0.046019453555345535,0.0
4076,adam,4.0919749153545126e-05,0.04012150689959526,0.0
4077,adam,3.877429844578728e-05,0.030396955087780952,0.0
4078,adam,3.700258821481839e-05,0.01899476908147335,0.0
4079,adam,3.617552647483535e-05,0.010499643161892891,0.0
4080,adam,3.632445077528246e-05,0.013305638916790485,0.0
4081,adam,3.7056968722026795e-05,0.020801419392228127,0.0
4082,adam,3.782969724852592e-05,0.026481950655579567,0.0
4083,adam,3.8214890082599595e-05,0.028907911852002144,0.0
4084,adam,3.805392043432221e-05,0.028128832578659058,0.0
4085,adam,3.745976573554799e-05,0.024497121572494507,0.0
4086,adam,3.670632577268407e-05,0.018894828855991364,0.0
4087,adam,3.6081703001400456e-05,0.01246640831232071,0.0
4088,adam,3.576867311494425e-05,0.007580369245260954,0.0
4089,adam,3.579903204808943e-05,0.008483197540044785,0.0
4090,adam,3.6072073271498084e-05,0.012934256345033646,0.0
4091,adam,3.6422388802748173e-05,0.01699823886156082,0.0
4092,adam,3.669309808174148e-05,0.01956707239151001,0.0
4093,adam,3.678900611703284e-05,0.020534755662083626,0.0
4094,adam,3.669443685794249e-05,0.01990548148751259,0.0
4095,adam,3.645982360467315e-05,0.018016593530774117,0.0
4096,adam,3.617034963099286e-05,0.015369522385299206,0.0
4097,adam,3.591043423512019e-05,0.012466378509998322,0.0
4098,adam,3.573836147552356e-05,0.010257266461849213,0.0
4099,adam,3.56755408574827e-05,0.00944895576685667,0.0
4100,adam,3.570768240024336e-05,0.01028794888406992,0.0
4101,adam,3.5800512705463916e-05,0.011858482845127583,0.0
4102,adam,3.591290442273021e-05,0.01352398656308651,0.0
4103,adam,3.601096250349656e-05,0.014776399359107018,0.0
4104,adam,3.6077351978747174e-05,0.015622799284756184,0.0
4105,adam,3.61097845598124e-05,0.01601603254675865,0.0
4106,adam,3.61233287549112e-05,0.01620183326303959,0.0
4107,adam,3.6138982977718115e-05,0.01632589101791382,0.0
4108,adam,3.618636037572287e-05,0.016733162105083466,0.0
4109,adam,3.6293629818828776e-05,0.017573365941643715,0.0
4110,adam,3.649130303529091e-05,0.01910119690001011,0.0
4111,adam,3.6808865843340755e-05,0.021281052380800247,0.0
4112,adam,3.728536830749363e-05,0.024226432666182518,0.0
4113,adam,3.7968686228850856e-05,0.027847958728671074,0.0
4114,adam,3.893695611623116e-05,0.03230414539575577,0.0
4115,adam,4.0297290979651734e-05,0.03761747479438782,0.0
4116,adam,4.222673669573851e-05,0.044061120599508286,0.0
4117,adam,4.496807378018275e-05,0.05180748924612999,0.0
4118,adam,4.892401193501428e-05,0.06125737726688385,0.0
4119,adam,5.463448542286642e-05,0.07275865972042084,0.0
4120,adam,6.300445966189727e-05,0.08684348315000534,0.0
4121,adam,7.518933853134513e-05,0.10407104343175888,0.0
4122,adam,9.318811498815194e-05,0.1250762641429901,0.0
4123,adam,0.00011928426829399541,0.15065167844295502,0.0
4124,adam,0.00015756436914671212,0.18133637309074402,0.0
4125,adam,0.00021150732936803252,0.21791492402553558,0.0
4126,adam,0.0002876313519664109,0.2599794864654541,0.0
4127,adam,0.00038619525730609894,0.30713990330696106,0.0
4128,adam,0.0005098820547573268,0.3556472957134247,0.0
4129,adam,0.0006360647967085242,0.4010867774486542,0.0
4130,adam,0.0007439737673848867,0.43301692605018616,0.0
4131,adam,0.0007686212193220854,0.44152069091796875,0.0
4132,adam,0.0006884589674882591,0.41377192735671997,0.0
4133,adam,0.0004901138017885387,0.3459489941596985,0.0
4134,adam,0.0002610882220324129,0.24268537759780884,0.0
4135,adam,9.699215297587216e-05,0.12885355949401855,0.0
4136,adam,6.409126217477024e-05,0.09296336024999619,0.0
4137,adam,0.0001429889671271667,0.1721297800540924,0.0
4138,adam,0.0002536470419727266,0.24292190372943878,0.0
4139,adam,0.00031184981344267726,0.2717393636703491,0.0
4140,adam,0.0002771819999907166,0.2538047134876251,0.0
4141,adam,0.00017751024279277772,0.19393330812454224,0.0
4142,adam,7.843530329409987e-05,0.10528605431318283,0.0
4143,adam,3.7407007766887546e-05,0.01225381437689066,0.0
4144,adam,6.347550515783951e-05,0.08371187001466751,0.0
4145,adam,0.00012045494804624468,0.14888319373130798,0.0
4146,adam,0.00015983486082404852,0.18084639310836792,0.0
4147,adam,0.00015346234431490302,0.17693555355072021,0.0
4148,adam,0.00011047112639062107,0.14156591892242432,0.0
4149,adam,6.283063703449443e-05,0.08644051849842072,0.0
4150,adam,4.0808808989822865e-05,0.040189892053604126,0.0
4151,adam,5.1599443395389244e-05,0.06558237969875336,0.0
4152,adam,7.899841875769198e-05,0.10675391554832458,0.0
4153,adam,9.939351730281487e-05,0.12920108437538147,0.0
4154,adam,9.803599823499098e-05,0.12819643318653107,0.0
4155,adam,7.824893691577017e-05,0.1061473861336708,0.0
4156,adam,5.3904754167888314e-05,0.07031886279582977,0.0
4157,adam,3.965878568124026e-05,0.03579278662800789,0.0
4158,adam,4.071898729307577e-05,0.04043278843164444,0.0
4159,adam,5.203026739764027e-05,0.0681597962975502,0.0
4160,adam,6.356299127219245e-05,0.08775937557220459,0.0
4161,adam,6.7293738538865e-05,0.09322875738143921,0.0
4162,adam,6.152805872261524e-05,0.08440768718719482,0.0
4163,adam,5.0366266805212945e-05,0.06423763930797577,0.0
4164,adam,4.0339018596569076e-05,0.03792513906955719,0.0
4165,adam,3.608057522797026e-05,0.01657654158771038,0.0
4166,adam,3.817100514424965e-05,0.02832566574215889,0.0
4167,adam,4.3646490667015314e-05,0.04727485403418541,0.0
4168,adam,4.8333917220588773e-05,0.05894950032234192,0.0
4169,adam,4.943327439832501e-05,0.06139941141009331,0.0
4170,adam,4.659036494558677e-05,0.05506645515561104,0.0
4171,adam,4.1740004235180095e-05,0.04203459247946739,0.0
4172,adam,3.745156936929561e-05,0.025602879002690315,0.0
4173,adam,3.555579678504728e-05,0.013499354012310505,0.0
4174,adam,3.631321669672616e-05,0.0203683041036129,0.0
4175,adam,3.864394602715038e-05,0.03244725614786148,0.0
4176,adam,4.0957438613986596e-05,0.04120791330933571,0.0
4177,adam,4.203573553240858e-05,0.04476305469870567,0.0
4178,adam,4.154201451456174e-05,0.04350857064127922,0.0
4179,adam,3.998387182946317e-05,0.03866763040423393,0.0
4180,adam,3.830917557934299e-05,0.03276772424578667,0.0
4181,adam,3.7388457712950185e-05,0.029099272564053535,0.0
4182,adam,3.766706504393369e-05,0.030816594138741493,0.0
4183,adam,3.909460428985767e-05,0.036979589611291885,0.0
4184,adam,4.130245361011475e-05,0.044872112572193146,0.0
4185,adam,4.390589310787618e-05,0.05292334035038948,0.0
4186,adam,4.674636875279248e-05,0.060800809413194656,0.0
4187,adam,5.00909227412194e-05,0.0693567544221878,0.0
4188,adam,5.458936357172206e-05,0.079603411257267,0.0
4189,adam,6.130245310487226e-05,0.09283609688282013,0.0
4190,adam,7.163685222622007e-05,0.1099516898393631,0.0
4191,adam,8.739911572774872e-05,0.1317293643951416,0.0
4192,adam,0.00011115144297946244,0.1587875932455063,0.0
4193,adam,0.0001462585205445066,0.19196495413780212,0.0
4194,adam,0.0001980288652703166,0.23214112222194672,0.0
4195,adam,0.00027298793429508805,0.2804717719554901,0.0
4196,adam,0.00038122531259432435,0.3378704786300659,0.0
4197,adam,0.0005317789618857205,0.4046919047832489,0.0
4198,adam,0.000736099318601191,0.47997763752937317,0.0
4199,adam,0.0009896859992295504,0.5599714517593384,0.0
4200,adam,0.0012768186861649156,0.6372506022453308,0.0
4201,adam,0.0015284614637494087,0.6981648206710815,0.0
4202,adam,0.0016581020317971706,0.7258257865905762,0.0
4203,adam,0.0015508264768868685,0.6991888284683228,0.0
4204,adam,0.0011933501809835434,0.608720600605011,0.0
4205,adam,0.0006954918499104679,0.45456552505493164,0.0
4206,adam,0.00027283941744826734,0.2661975920200348,0.0
4207,adam,9.585038060322404e-05,0.12396750599145889,0.0
4208,adam,0.000174771121237427,0.20827332139015198,0.0
4209,adam,0.0003792989591602236,0.3328057825565338,0.0
4210,adam,0.0005376582848839462,0.4026038348674774,0.0
4211,adam,0.0005462152184918523,0.4029079079627991,0.0
4212,adam,0.00041296047857031226,0.3415009677410126,0.0
4213,adam,0.0002372477320022881,0.24254682660102844,0.0
4214,adam,0.00012662573135457933,0.15357716381549835,0.0
4215,adam,0.00011871864990098402,0.15250827372074127,0.0
4216,adam,0.00017667522479314357,0.21079014241695404,0.0
4217,adam,0.00023145112209022045,0.25118041038513184,0.0
4218,adam,0.00023800891358405352,0.2529451549053192,0.0
4219,adam,0.0001978710643015802,0.22184008359909058,0.0
4220,adam,0.0001447161048417911,0.1748998761177063,0.0
4221,adam,0.00011161589645780623,0.14092370867729187,0.0
4222,adam,0.00010540639777900651,0.13910090923309326,0.0
4223,adam,0.00011278242891421542,0.15341578423976898,0.0
4224,adam,0.0001161592808784917,0.16084852814674377,0.0
4225,adam,0.00010929204290732741,0.1532219499349594,0.0
4226,adam,9.785532165551558e-05,0.13663165271282196,0.0
4227,adam,9.002126171253622e-05,0.12240178883075714,0.0
4228,adam,8.820262883091345e-05,0.11792486906051636,0.0
4229,adam,8.717906894162297e-05,0.1190037727355957,0.0
4230,adam,8.172087837010622e-05,0.11640070378780365,0.0
4231,adam,7.137222564779222e-05,0.10631272941827774,0.0
4232,adam,6.1170278058853e-05,0.09137725830078125,0.0
4233,adam,5.673951454809867e-05,0.08069059997797012,0.0
4234,adam,5.9356803831178695e-05,0.08124036341905594,0.0
4235,adam,6.511525134555995e-05,0.08880844712257385,0.0
4236,adam,6.777737871743739e-05,0.09363628923892975,0.0
4237,adam,6.392969225998968e-05,0.08970847725868225,0.0
4238,adam,5.4882595577510074e-05,0.07628309726715088,0.0
4239,adam,4.5627628423972055e-05,0.05771685764193535,0.0
4240,adam,4.099885336472653e-05,0.04360286146402359,0.0
4241,adam,4.249573248671368e-05,0.045598555356264114,0.0
4242,adam,4.770021769218147e-05,0.05799802020192146,0.0
4243,adam,5.2205392421456054e-05,0.06778569519519806,0.0
4244,adam,5.270620385999791e-05,0.06945881247520447,0.0
4245,adam,4.870333941653371e-05,0.0617830865085125,0.0
4246,adam,4.254961822880432e-05,0.04709499701857567,0.0
4247,adam,3.7563582736765966e-05,0.02897587977349758,0.0
4248,adam,3.595818634494208e-05,0.018805785104632378,0.0
4249,adam,3.771875344682485e-05,0.02795247919857502,0.0
4250,adam,4.0982107748277485e-05,0.040563080459833145,0.0
4251,adam,4.341136082075536e-05,0.04810445010662079,0.0
4252,adam,4.352986070443876e-05,0.04873613640666008,0.0
4253,adam,4.1406510717934e-05,0.04276549816131592,0.0
4254,adam,3.827949331025593e-05,0.03157254680991173,0.0
4255,adam,3.5718217986868694e-05,0.017571130767464638,0.0
4256,adam,3.472956450423226e-05,0.005931144114583731,0.0
4257,adam,3.536024451022968e-05,0.014197807759046555,0.0
4258,adam,3.686541094793938e-05,0.024735670536756516,0.0
4259,adam,3.823558654403314e-05,0.03142758458852768,0.0
4260,adam,3.874042886309326e-05,0.03365060314536095,0.0
4261,adam,3.819766061496921e-05,0.03150981292128563,0.0
4262,adam,3.6956509575247765e-05,0.025855014100670815,0.0
4263,adam,3.5609740734798834e-05,0.01759195700287819,0.0
4264,adam,3.4684224374359474e-05,0.008255097083747387,0.0
4265,adam,3.442002343945205e-05,0.001989857293665409,0.0
4266,adam,3.4731307096080855e-05,0.009768972173333168,0.0
4267,adam,3.5315675631863996e-05,0.01613377034664154,0.0
4268,adam,3.5831886634696275e-05,0.020094046369194984,0.0
4269,adam,3.604660741984844e-05,0.02161988988518715,0.0
4270,adam,3.5899323847843334e-05,0.020731354132294655,0.0
4271,adam,3.548715903889388e-05,0.017998509109020233,0.0
4272,adam,3.498448131722398e-05,0.013893954455852509,0.0
4273,adam,3.456308331806213e-05,0.009348168037831783,0.0
4274,adam,3.432435551076196e-05,0.005583723075687885,0.0
4275,adam,3.4283584682270885e-05,0.005379767622798681,0.0
4276,adam,3.4384469472570345e-05,0.007976925931870937,0.0
4277,adam,3.4539494663476944e-05,0.01050808560103178,0.0
4278,adam,3.46666420227848e-05,0.012233023531734943,0.0
4279,adam,3.471576565061696e-05,0.012822871096432209,0.0
4280,adam,3.4675715141929686e-05,0.012534404173493385,0.0
4281,adam,3.4567201510071754e-05,0.011414771899580956,0.0
4282,adam,3.4427339414833114e-05,0.009890874847769737,0.0
4283,adam,3.4292213968001306e-05,0.008177044801414013,0.0
4284,adam,3.418789856368676e-05,0.006791347172111273,0.0
4285,adam,3.4124357625842094e-05,0.005995785351842642,0.0
4286,adam,3.409703276702203e-05,0.0059799025766551495,0.0
4287,adam,3.40928636433091e-05,0.006411196663975716,0.0
4288,adam,3.4096512536052614e-05,0.00687028281390667,0.0
4289,adam,3.409554483368993e-05,0.007164488546550274,0.0
4290,adam,3.408242264413275e-05,0.007159065920859575,0.0
4291,adam,3.405636016395874e-05,0.006880769971758127,0.0
4292,adam,3.402029688004404e-05,0.006358268670737743,0.0
4293,adam,3.397933323867619e-05,0.0057497452944517136,0.0
4294,adam,3.393966835574247e-05,0.005096388980746269,0.0
4295,adam,3.3905336749739945e-05,0.004651652183383703,0.0
4296,adam,3.387872129678726e-05,0.004391593858599663,0.0
4297,adam,3.385948366485536e-05,0.004459476564079523,0.0
4298,adam,3.3846132282633334e-05,0.0046745059080421925,0.0
4299,adam,3.383686998859048e-05,0.005022785626351833,0.0
4300,adam,3.382792056072503e-05,0.005318335257470608,0.0
4301,adam,3.381802162039094e-05,0.005580083467066288,0.0
4302,adam,3.380524867679924e-05,0.005703899078071117,0.0
4303,adam,3.3788888686103746e-05,0.005748287308961153,0.0
4304,adam,3.3769527362892404e-05,0.005660487338900566,0.0
4305,adam,3.374666266608983e-05,0.005501840263605118,0.0
4306,adam,3.3722040825523436e-05,0.005249337293207645,0.0
4307,adam,3.369626574567519e-05,0.004963672254234552,0.0
4308,adam,3.367023600731045e-05,0.004631169606000185,0.0
4309,adam,3.364483200130053e-05,0.004304662346839905,0.0
4310,adam,3.362078859936446e-05,0.003981460351496935,0.0
4311,adam,3.359792026458308e-05,0.003707079216837883,0.0
4312,adam,3.3577001886442304e-05,0.003464421024546027,0.0
4313,adam,3.355761873535812e-05,0.003313432214781642,0.0
4314,adam,3.354049476911314e-05,0.0032091287430375814,0.0
4315,adam,3.352517887833528e-05,0.0032311074901372194,0.0
4316,adam,3.3511914807604626e-05,0.003307405626401305,0.0
4317,adam,3.3501182770123705e-05,0.00351688708178699,0.0
4318,adam,3.349304461153224e-05,0.003778867656365037,0.0
4319,adam,3.348838072270155e-05,0.00418001739308238,0.0
4320,adam,3.348813334014267e-05,0.004644137341529131,0.0
4321,adam,3.349433245602995e-05,0.005272783804684877,0.0
4322,adam,3.3508749766042456e-05,0.0059881205670535564,0.0
4323,adam,3.3535030524944887e-05,0.006912119220942259,0.0
4324,adam,3.3577925933059305e-05,0.007981019094586372,0.0
4325,adam,3.36452285409905e-05,0.009337133727967739,0.0
4326,adam,3.374824154889211e-05,0.010942600667476654,0.0
4327,adam,3.39039797836449e-05,0.012960720807313919,0.0
4328,adam,3.413728336454369e-05,0.015389364212751389,0.0
4329,adam,3.448851202847436e-05,0.01843525841832161,0.0
4330,adam,3.50163463735953e-05,0.022156964987516403,0.0
4331,adam,3.581648343242705e-05,0.026827417314052582,0.0
4332,adam,3.702997855725698e-05,0.03259757533669472,0.0
4333,adam,3.8891841541044414e-05,0.039852093905210495,0.0
4334,adam,4.1749397496460006e-05,0.04890827089548111,0.0
4335,adam,4.619832179741934e-05,0.060333140194416046,0.0
4336,adam,5.310777487466112e-05,0.07472003251314163,0.0
4337,adam,6.40205034869723e-05,0.09291250258684158,0.0
4338,adam,8.110659109661356e-05,0.11595261096954346,0.0
4339,adam,0.00010837381705641747,0.1450524628162384,0.0
4340,adam,0.00015100969176273793,0.1819046288728714,0.0
4341,adam,0.00021902949083596468,0.2279594987630844,0.0
4342,adam,0.0003228923014830798,0.2854747176170349,0.0
4343,adam,0.00048391439486294985,0.35490119457244873,0.0
4344,adam,0.0007108714198693633,0.43732020258903503,0.0
4345,adam,0.0010277873370796442,0.5274606943130493,0.0
4346,adam,0.0013815376441925764,0.6190767288208008,0.0
4347,adam,0.0017351243877783418,0.6932417154312134,0.0
4348,adam,0.001884892350062728,0.7332263588905334,0.0
4349,adam,0.0017969415057450533,0.7210316061973572,0.0
4350,adam,0.0014621011214330792,0.6658522486686707,0.0
4351,adam,0.0011472413316369057,0.6007091999053955,0.0
4352,adam,0.0010471082059666514,0.5698778629302979,0.0
4353,adam,0.0011048499727621675,0.5679613947868347,0.0
4354,adam,0.0010580691741779447,0.5377755165100098,0.0
4355,adam,0.0007257632096298039,0.43178582191467285,0.0
4356,adam,0.00027973862597718835,0.2489534318447113,0.0
4357,adam,9.140143083641306e-05,0.12555645406246185,0.0
4358,adam,0.0002934121002908796,0.2767060101032257,0.0
4359,adam,0.0006106666987761855,0.4070417284965515,0.0
4360,adam,0.000672740105073899,0.42755126953125,0.0
4361,adam,0.00041566931759007275,0.33233243227005005,0.0
4362,adam,0.00013258986291475594,0.17122642695903778,0.0
4363,adam,9.118946763919666e-05,0.11607597768306732,0.0
4364,adam,0.00023220610455609858,0.22502760589122772,0.0
4365,adam,0.000316040706820786,0.27604204416275024,0.0
4366,adam,0.00025159967481158674,0.25096580386161804,0.0
4367,adam,0.00015856133541092277,0.19756843149662018,0.0
4368,adam,0.00015419900591950864,0.1866575926542282,0.0
4369,adam,0.00019713726942427456,0.20624113082885742,0.0
4370,adam,0.0001802693004719913,0.19226057827472687,0.0
4371,adam,0.00010307070624548942,0.13279786705970764,0.0
4372,adam,5.86480091442354e-05,0.08583016693592072,0.0
4373,adam,9.823290019994602e-05,0.13590319454669952,0.0
4374,adam,0.0001621573173906654,0.18741829693317413,0.0
4375,adam,0.0001642466668272391,0.18783240020275116,0.0
4376,adam,0.0001023479417199269,0.1355026513338089,0.0
4377,adam,4.514417378231883e-05,0.05420571565628052,0.0
4378,adam,4.5200271415524185e-05,0.05097242817282677,0.0
4379,adam,8.214279660023749e-05,0.11047037690877914,0.0
4380,adam,0.00010233391367364675,0.13418610394001007,0.0
4381,adam,8.714177238289267e-05,0.12088130414485931,0.0
4382,adam,6.212888547452167e-05,0.09177013486623764,0.0
4383,adam,5.603746103588492e-05,0.08170205354690552,0.0
4384,adam,6.540605681948364e-05,0.09299802035093307,0.0
4385,adam,6.775736983399838e-05,0.09346213191747665,0.0
4386,adam,5.4965428716968745e-05,0.07194827497005463,0.0
4387,adam,4.16963011957705e-05,0.044258128851652145,0.0
4388,adam,4.351288953330368e-05,0.05316411703824997,0.0
4389,adam,5.63998291909229e-05,0.08074714988470078,0.0
4390,adam,6.3482737459708e-05,0.0916975662112236,0.0
4391,adam,5.600165604846552e-05,0.07890254259109497,0.0
4392,adam,4.20548785768915e-05,0.04755263030529022,0.0
4393,adam,3.5195327654946595e-05,0.01597476191818714,0.0
4394,adam,3.902759635820985e-05,0.03503070026636124,0.0
4395,adam,4.569099473883398e-05,0.05537552386522293,0.0
4396,adam,4.6967645175755024e-05,0.059877507388591766,0.0
4397,adam,4.290794822736643e-05,0.05112416669726372,0.0
4398,adam,3.930006278096698e-05,0.040549565106630325,0.0
4399,adam,3.957597800763324e-05,0.040154650807380676,0.0
4400,adam,4.144213016843423e-05,0.044489964842796326,0.0
4401,adam,4.0936512959888205e-05,0.04222777485847473,0.0
4402,adam,3.7647558201570064e-05,0.030111853033304214,0.0
4403,adam,3.485740671749227e-05,0.014558238908648491,0.0
4404,adam,3.522228143992834e-05,0.018694568425416946,0.0
4405,adam,3.785468652495183e-05,0.03262840956449509,0.0
4406,adam,3.968723467551172e-05,0.0396093912422657,0.0
4407,adam,3.8905876863282174e-05,0.03706688806414604,0.0
4408,adam,3.655081309261732e-05,0.027535924687981606,0.0
4409,adam,3.485893830657005e-05,0.017184270545840263,0.0
4410,adam,3.483498585410416e-05,0.01643679104745388,0.0
4411,adam,3.562632991815917e-05,0.021462799981236458,0.0
4412,adam,3.589858170016669e-05,0.02295398898422718,0.0
4413,adam,3.5312663385411724e-05,0.01989000290632248,0.0
4414,adam,3.461720552877523e-05,0.015572139993309975,0.0
4415,adam,3.4589666029205546e-05,0.016268663108348846,0.0
4416,adam,3.5157088859705254e-05,0.020777057856321335,0.0
4417,adam,3.559300603228621e-05,0.023449603468179703,0.0
4418,adam,3.5349850804777816e-05,0.021899305284023285,0.0
4419,adam,3.457621642155573e-05,0.01617727428674698,0.0
4420,adam,3.388103505130857e-05,0.008355828002095222,0.0
4421,adam,3.3705578971421346e-05,0.004506979137659073,0.0
4422,adam,3.396832471480593e-05,0.009648148901760578,0.0
4423,adam,3.42595340043772e-05,0.013463806360960007,0.0
4424,adam,3.427932097110897e-05,0.014095662161707878,0.0
4425,adam,3.4065164072671905e-05,0.01245447900146246,0.0
4426,adam,3.386542448424734e-05,0.010463815182447433,0.0
4427,adam,3.385288073332049e-05,0.010504022240638733,0.0
4428,adam,3.397102409508079e-05,0.011973319575190544,0.0
4429,adam,3.403428854653612e-05,0.012655114755034447,0.0
4430,adam,3.39239340974018e-05,0.011559732258319855,0.0
4431,adam,3.3686104870866984e-05,0.008570099249482155,0.0
4432,adam,3.347203164594248e-05,0.004599006846547127,0.0
4433,adam,3.3393967896699905e-05,0.0021137851290404797,0.0
4434,adam,3.344149808981456e-05,0.004634818062186241,0.0
4435,adam,3.35165714204777e-05,0.00685283774510026,0.0
4436,adam,3.353162173880264e-05,0.007499470375478268,0.0
4437,adam,3.3473323128419e-05,0.006938708480447531,0.0
4438,adam,3.339523755130358e-05,0.0058657280169427395,0.0
4439,adam,3.335614383104257e-05,0.005578596610575914,0.0
4440,adam,3.336787995067425e-05,0.006355494260787964,0.0
4441,adam,3.339593968121335e-05,0.007284908555448055,0.0
4442,adam,3.3394768252037466e-05,0.007588243577629328,0.0
4443,adam,3.3346357668051496e-05,0.0069596474058926105,0.0
4444,adam,3.327039667055942e-05,0.005680030211806297,0.0
4445,adam,3.3202653867192566e-05,0.00421858998015523,0.0
4446,adam,3.316488437121734e-05,0.003369353013113141,0.0
4447,adam,3.315369758638553e-05,0.003514654003083706,0.0
4448,adam,3.3148178772535175e-05,0.003849457949399948,0.0
4449,adam,3.3129654184449464e-05,0.0038320343010127544,0.0
4450,adam,3.309457315481268e-05,0.0031370585784316063,0.0
4451,adam,3.305456630187109e-05,0.002036222955211997,0.0
4452,adam,3.3023399737430736e-05,0.0007908590487204492,0.0
4453,adam,3.30077855323907e-05,0.0010980129009112716,0.0
4454,adam,3.3002997952280566e-05,0.0021845989394932985,0.0
4455,adam,3.2999058021232486e-05,0.0028729557525366545,0.0
4456,adam,3.298736555734649e-05,0.0031837804708629847,0.0
4457,adam,3.2966985600069165e-05,0.0030571497045457363,0.0
4458,adam,3.294303678558208e-05,0.0028209134470671415,0.0
4459,adam,3.2922067475738004e-05,0.0026719889137893915,0.0
4460,adam,3.290773383923806e-05,0.0028603803366422653,0.0
4461,adam,3.289894448244013e-05,0.003256662515923381,0.0
4462,adam,3.2891042792471126e-05,0.0036409394815564156,0.0
4463,adam,3.2881023798836395e-05,0.003922566305845976,0.0
4464,adam,3.286739229224622e-05,0.0040556900203228,0.0
4465,adam,3.2852578442543745e-05,0.004153069108724594,0.0
4466,adam,3.283923433627933e-05,0.004292543977499008,0.0
4467,adam,3.2830412237672135e-05,0.004572768229991198,0.0
4468,adam,3.282704346929677e-05,0.004997570067644119,0.0
4469,adam,3.2828698749653995e-05,0.005522118881344795,0.0
4470,adam,3.2834916055435315e-05,0.00614150520414114,0.0
4471,adam,3.284640843048692e-05,0.006819526199251413,0.0
4472,adam,3.286528226453811e-05,0.007618708536028862,0.0
4473,adam,3.289561209385283e-05,0.008558465167880058,0.0
4474,adam,3.294344787718728e-05,0.009714484214782715,0.0
4475,adam,3.3016960514942184e-05,0.01111654657870531,0.0
4476,adam,3.31261835526675e-05,0.012827605940401554,0.0
4477,adam,3.328519960632548e-05,0.014889897778630257,0.0
4478,adam,3.351572377141565e-05,0.01737939566373825,0.0
4479,adam,3.3849431929411367e-05,0.020395373925566673,0.0
4480,adam,3.4334170777583495e-05,0.024065786972641945,0.0
4481,adam,3.5043169191339985e-05,0.02855047769844532,0.0
4482,adam,3.608549741329625e-05,0.034058962017297745,0.0
4483,adam,3.76299285562709e-05,0.040837839245796204,0.0
4484,adam,3.993040445493534e-05,0.049219246953725815,0.0
4485,adam,4.3387979530962184e-05,0.05960538983345032,0.0
4486,adam,4.860726767219603e-05,0.07252375781536102,0.0
4487,adam,5.655922359437682e-05,0.08861671388149261,0.0
4488,adam,6.87029241817072e-05,0.10871938616037369,0.0
4489,adam,8.742128557059914e-05,0.13385049998760223,0.0
4490,adam,0.00011621860176092014,0.16528961062431335,0.0
4491,adam,0.0001608357415534556,0.20452910661697388,0.0
4492,adam,0.0002292195858899504,0.2533144950866699,0.0
4493,adam,0.0003340655821375549,0.3133653998374939,0.0
4494,adam,0.0004899699706584215,0.3861570358276367,0.0
4495,adam,0.0007174364291131496,0.47185978293418884,0.0
4496,adam,0.0010242226999253035,0.5680802464485168,0.0
4497,adam,0.0014068572781980038,0.6673058867454529,0.0
4498,adam,0.001786826178431511,0.7539364695549011,0.0
4499,adam,0.002041553845629096,0.8043517470359802,0.0
4500,adam,0.0019652144983410835,0.7874103784561157,0.0
4501,adam,0.0015017070109024644,0.6837437748908997,0.0
4502,adam,0.0008040366810746491,0.4906370937824249,0.0
4503,adam,0.0002469507744535804,0.2508085370063782,0.0
4504,adam,0.00010025857773143798,0.13139478862285614,0.0
4505,adam,0.00032245158217847347,0.3005918264389038,0.0
4506,adam,0.0006325291469693184,0.43589407205581665,0.0
4507,adam,0.0007465778617188334,0.47600534558296204,0.0
4508,adam,0.0005920337280258536,0.41739052534103394,0.0
4509,adam,0.00032017414923757315,0.29128792881965637,0.0
4510,adam,0.00015072058886289597,0.17381694912910461,0.0
4511,adam,0.00016732724907342345,0.19309571385383606,0.0
4512,adam,0.0002759032940957695,0.2725437581539154,0.0
4513,adam,0.00033433627686463296,0.3078375458717346,0.0
4514,adam,0.00028720858972519636,0.28131887316703796,0.0
4515,adam,0.00019421080651227385,0.21653711795806885,0.0
4516,adam,0.00014206946070771664,0.16792826354503632,0.0
4517,adam,0.00015220759087242186,0.17809779942035675,0.0
4518,adam,0.00017887628928292543,0.20606809854507446,0.0
4519,adam,0.00017179909627884626,0.2069363296031952,0.0
4520,adam,0.00013105315156280994,0.17440788447856903,0.0
4521,adam,9.70157198025845e-05,0.1355476975440979,0.0
4522,adam,9.957176371244714e-05,0.13109655678272247,0.0
4523,adam,0.000125737366033718,0.1564902812242508,0.0
4524,adam,0.00013688483159057796,0.17036522924900055,0.0
4525,adam,0.0001135477505158633,0.15358950197696686,0.0
4526,adam,7.324913167394698e-05,0.11086846143007278,0.0
4527,adam,5.00680944242049e-05,0.069968581199646,0.0
4528,adam,5.981451249681413e-05,0.08257372677326202,0.0
4529,adam,8.629647345514968e-05,0.11852928251028061,0.0
4530,adam,0.00010012518032453954,0.13524359464645386,0.0
4531,adam,8.676118159200996e-05,0.12256165593862534,0.0
4532,adam,5.7897064834833145e-05,0.08405826985836029,0.0
4533,adam,3.742806438822299e-05,0.03473749756813049,0.0
4534,adam,3.9097725675674155e-05,0.03834448754787445,0.0
4535,adam,5.604744001175277e-05,0.07823643833398819,0.0
4536,adam,6.991733971517533e-05,0.10008645802736282,0.0
4537,adam,6.830211350461468e-05,0.0981331393122673,0.0
4538,adam,5.354295717552304e-05,0.07488600164651871,0.0
4539,adam,3.8263413443928584e-05,0.037015412002801895,0.0
4540,adam,3.3333250030409545e-05,0.006415507290512323,0.0
4541,adam,3.9464739529648796e-05,0.041974883526563644,0.0
4542,adam,4.863614958594553e-05,0.06594321876764297,0.0
4543,adam,5.228175359661691e-05,0.07279933989048004,0.0
4544,adam,4.798366717295721e-05,0.06379946321249008,0.0
4545,adam,3.994244252680801e-05,0.0429883636534214,0.0
4546,adam,3.4438646252965555e-05,0.019618868827819824,0.0
4547,adam,3.4464788768673316e-05,0.02169528789818287,0.0
4548,adam,3.818069308181293e-05,0.039432093501091,0.0
4549,adam,4.148251173319295e-05,0.04956046864390373,0.0
4550,adam,4.157346484134905e-05,0.049288615584373474,0.0
4551,adam,3.87253166991286e-05,0.03987038508057594,0.0
4552,adam,3.539846511557698e-05,0.025965889915823936,0.0
4553,adam,3.386674870853312e-05,0.017546076327562332,0.0
4554,adam,3.453407407505438e-05,0.023770444095134735,0.0
4555,adam,3.612854197854176e-05,0.032354921102523804,0.0
4556,adam,3.701584864757024e-05,0.03571923449635506,0.0
4557,adam,3.646351251518354e-05,0.03291093185544014,0.0
4558,adam,3.499595550238155e-05,0.025285646319389343,0.0
4559,adam,3.37113524437882e-05,0.016679037362337112,0.0
4560,adam,3.334561188239604e-05,0.014700520783662796,0.0
4561,adam,3.3841002732515335e-05,0.020049622282385826,0.0
4562,adam,3.4544198570074514e-05,0.025129469111561775,0.0
4563,adam,3.477701829979196e-05,0.026394879445433617,0.0
4564,adam,3.4333796065766364e-05,0.023477865383028984,0.0
4565,adam,3.352540443302132e-05,0.017379852011799812,0.0
4566,adam,3.286173159722239e-05,0.010250687599182129,0.0
4567,adam,3.268440195824951e-05,0.008310895413160324,0.0
4568,adam,3.2965785067062825e-05,0.013147618621587753,0.0
4569,adam,3.338907117722556e-05,0.017884686589241028,0.0
4570,adam,3.360885239089839e-05,0.019829418510198593,0.0
4571,adam,3.346697485540062e-05,0.01878117211163044,0.0
4572,adam,3.304990605101921e-05,0.015002157539129257,0.0
4573,adam,3.2598156394669786e-05,0.009350776672363281,0.0
4574,adam,3.2333806302631274e-05,0.0033303352538496256,0.0
4575,adam,3.23341773764696e-05,0.004384471569210291,0.0
4576,adam,3.252127498853952e-05,0.00928156916052103,0.0
4577,adam,3.273208494647406e-05,0.012658616527915001,0.0
4578,adam,3.2822343200678006e-05,0.01397217158228159,0.0
4579,adam,3.2742937037255615e-05,0.013257144950330257,0.0
4580,adam,3.2542979170102626e-05,0.010890995152294636,0.0
4581,adam,3.2322448532795534e-05,0.007325410842895508,0.0
4582,adam,3.2172240025829524e-05,0.003385517280548811,0.0
4583,adam,3.213057789253071e-05,0.0018342332914471626,0.0
4584,adam,3.217513585695997e-05,0.00482950871810317,0.0
4585,adam,3.224906322429888e-05,0.007259152363985777,0.0
4586,adam,3.2296229619532824e-05,0.00860119704157114,0.0
4587,adam,3.228578862035647e-05,0.008798256516456604,0.0
4588,adam,3.222254235879518e-05,0.007961043156683445,0.0
4589,adam,3.213463423890062e-05,0.006409575697034597,0.0
4590,adam,3.205422035534866e-05,0.004537902772426605,0.0
4591,adam,3.200365244993009e-05,0.003061633789911866,0.0
4592,adam,3.1986441172193736e-05,0.002908062655478716,0.0
4593,adam,3.1991196010494605e-05,0.0038873276207596064,0.0
4594,adam,3.19998616760131e-05,0.004803911782801151,0.0
4595,adam,3.1997136829886585e-05,0.005317379254847765,0.0
4596,adam,3.197614933014847e-05,0.0052479347214102745,0.0
4597,adam,3.193961310898885e-05,0.004712247755378485,0.0
4598,adam,3.189648487023078e-05,0.0038091971073299646,0.0
4599,adam,3.185685272910632e-05,0.002724367892369628,0.0
4600,adam,3.182742148055695e-05,0.0018320651724934578,0.0
4601,adam,3.1810388463782147e-05,0.0016495438758283854,0.0
4602,adam,3.1802584999240935e-05,0.0022668284364044666,0.0
4603,adam,3.179880150128156e-05,0.0029270995873957872,0.0
4604,adam,3.179333725711331e-05,0.0034353870432823896,0.0
4605,adam,3.1782019505044445e-05,0.003627791767939925,0.0
4606,adam,3.176370228175074e-05,0.0035826056264340878,0.0
4607,adam,3.173971708747558e-05,0.0032315696589648724,0.0
4608,adam,3.1712668715044856e-05,0.0027461862191557884,0.0
4609,adam,3.168576949974522e-05,0.0020913654007017612,0.0
4610,adam,3.166178066749126e-05,0.0014622861053794622,0.0
4611,adam,3.164130248478614e-05,0.0009114541462622583,0.0
4612,adam,3.162447319482453e-05,0.0008256908040493727,0.0
4613,adam,3.1610532460035756e-05,0.0011244147317484021,0.0
4614,adam,3.159802872687578e-05,0.0014932103222236037,0.0
4615,adam,3.1585630495101213e-05,0.0017987381434068084,0.0
4616,adam,3.1572504667565227e-05,0.0019649751484394073,0.0
4617,adam,3.15579236485064e-05,0.002026353497058153,0.0
4618,adam,3.1541847420157865e-05,0.0019510660786181688,0.0
4619,adam,3.152478893753141e-05,0.001810580026358366,0.0
4620,adam,3.150707925669849e-05,0.001573860878124833,0.0
4621,adam,3.148957694065757e-05,0.00132764654699713,0.0
4622,adam,3.1472423870582134e-05,0.0010476420866325498,0.0
4623,adam,3.145596929243766e-05,0.0008613899699412286,0.0
4624,adam,3.144054062431678e-05,0.0007435131701640785,0.0
4625,adam,3.142584682791494e-05,0.0008269974496215582,0.0
4626,adam,3.1411665986524895e-05,0.0009691980667412281,0.0
4627,adam,3.139832188026048e-05,0.0011865899432450533,0.0
4628,adam,3.138512693112716e-05,0.0013770443620160222,0.0
4629,adam,3.1372088415082544e-05,0.001585013815201819,0.0
4630,adam,3.135952283628285e-05,0.0017560659907758236,0.0
4631,adam,3.134712460450828e-05,0.001945075928233564,0.0
4632,adam,3.133475547656417e-05,0.0021114787086844444,0.0
4633,adam,3.132313577225432e-05,0.0023196034599095583,0.0
4634,adam,3.131245102849789e-05,0.0025304132141172886,0.0
4635,adam,3.1303148716688156e-05,0.0028218990191817284,0.0
4636,adam,3.1295894586946815e-05,0.00315049197524786,0.0
4637,adam,3.129191463813186e-05,0.0035986967850476503,0.0
4638,adam,3.129242031718604e-05,0.004119623452425003,0.0
4639,adam,3.129944525426254e-05,0.004812819883227348,0.0
4640,adam,3.13162527163513e-05,0.00563416350632906,0.0
4641,adam,3.1348194170277566e-05,0.006704559084028006,0.0
4642,adam,3.140236731269397e-05,0.007992364466190338,0.0
4643,adam,3.149040639982559e-05,0.009642344899475574,0.0
4644,adam,3.163011569995433e-05,0.01165127381682396,0.0
4645,adam,3.184998422511853e-05,0.014209730550646782,0.0
4646,adam,3.2193842343986034e-05,0.017374174669384956,0.0
4647,adam,3.273367110523395e-05,0.021401599049568176,0.0
4648,adam,3.358172398293391e-05,0.02644289657473564,0.0
4649,adam,3.49239053321071e-05,0.032871246337890625,0.0
4650,adam,3.705238486872986e-05,0.04100245609879494,0.0
4651,adam,4.046700269100256e-05,0.05140802264213562,0.0
4652,adam,4.5945245801704004e-05,0.06469254195690155,0.0
4653,adam,5.485794827109203e-05,0.08175063133239746,0.0
4654,adam,6.929086521267891e-05,0.10367490351200104,0.0
4655,adam,9.304001287091523e-05,0.13183586299419403,0.0
4656,adam,0.00013159075751900673,0.16811610758304596,0.0
4657,adam,0.00019526155665516853,0.21441663801670074,0.0
4658,adam,0.00029701623134315014,0.2735500633716583,0.0
4659,adam,0.0004617967351805419,0.347027450799942,0.0
4660,adam,0.0007089934078976512,0.43722185492515564,0.0
4661,adam,0.0010762149468064308,0.5404167175292969,0.0
4662,adam,0.001528081949800253,0.6513921618461609,0.0
4663,adam,0.0020291274413466454,0.7491664886474609,0.0
4664,adam,0.0023161352146416903,0.8109161853790283,0.0
4665,adam,0.002268826588988304,0.8054298162460327,0.0
4666,adam,0.001784424064680934,0.7293495535850525,0.0
4667,adam,0.0012096937280148268,0.611295223236084,0.0
4668,adam,0.0008866493008099496,0.5193973183631897,0.0
4669,adam,0.0008525003213435411,0.48568883538246155,0.0
4670,adam,0.0008324544178321958,0.4584618806838989,0.0
4671,adam,0.0006003035232424736,0.38013195991516113,0.0
4672,adam,0.0003140900516882539,0.2739720642566681,0.0
4673,adam,0.00028491788543760777,0.2798817455768585,0.0
4674,adam,0.0005401289672590792,0.388165146112442,0.0
4675,adam,0.0007309347856789827,0.44421276450157166,0.0
4676,adam,0.000566314032766968,0.3830341696739197,0.0
4677,adam,0.00020101171685382724,0.21132640540599823,0.0
4678,adam,3.937982546631247e-05,0.013247823342680931,0.0
4679,adam,0.00019835832063108683,0.20964950323104858,0.0
4680,adam,0.0003994931757915765,0.31824901700019836,0.0
4681,adam,0.00037843469181098044,0.3137378990650177,0.0
4682,adam,0.00020151649368926883,0.22491317987442017,0.0
4683,adam,0.00010294164530932903,0.1436862051486969,0.0
4684,adam,0.00014558358816429973,0.1679641157388687,0.0
4685,adam,0.0001955432671820745,0.20293167233467102,0.0
4686,adam,0.00016084582603070885,0.1871446669101715,0.0
4687,adam,0.00010897519678110257,0.15356700122356415,0.0
4688,adam,0.00012158807658124715,0.1628621220588684,0.0
4689,adam,0.0001632603380130604,0.1888841688632965,0.0
4690,adam,0.0001505513209849596,0.17523716390132904,0.0
4691,adam,8.158072887454182e-05,0.11107339709997177,0.0
4692,adam,3.919744267477654e-05,0.04228873923420906,0.0
4693,adam,6.794599175918847e-05,0.09949233382940292,0.0
4694,adam,0.00011952471686527133,0.1538103073835373,0.0
4695,adam,0.00012514687841758132,0.15855750441551208,0.0
4696,adam,8.114798401948065e-05,0.11629998683929443,0.0
4697,adam,4.2945634049829096e-05,0.05532131344079971,0.0
4698,adam,4.5384666009340435e-05,0.05691240355372429,0.0
4699,adam,6.830430356785655e-05,0.09533104300498962,0.0
4700,adam,7.546180859208107e-05,0.10593640804290771,0.0
4701,adam,6.16478209849447e-05,0.09030237048864365,0.0
4702,adam,4.995156268705614e-05,0.07366251200437546,0.0
4703,adam,5.312373104970902e-05,0.07821592688560486,0.0
4704,adam,5.916575901210308e-05,0.08516059070825577,0.0
4705,adam,5.3461670177057385e-05,0.0737597718834877,0.0
4706,adam,4.0403239836450666e-05,0.044808655977249146,0.0
4707,adam,3.56319360435009e-05,0.031206615269184113,0.0
4708,adam,4.3714651837944984e-05,0.05806859955191612,0.0
4709,adam,5.293128197081387e-05,0.07666921615600586,0.0
4710,adam,5.1354367315070704e-05,0.07363014668226242,0.0
4711,adam,4.112927126698196e-05,0.05048191919922829,0.0
4712,adam,3.366160672158003e-05,0.020527200773358345,0.0
4713,adam,3.4895299904746935e-05,0.025707578286528587,0.0
4714,adam,4.003351568826474e-05,0.04525047168135643,0.0
4715,adam,4.170913962298073e-05,0.05117460712790489,0.0
4716,adam,3.8893715100130066e-05,0.044382549822330475,0.0
4717,adam,3.613342414610088e-05,0.03545207157731056,0.0
4718,adam,3.638716589193791e-05,0.035310812294483185,0.0
4719,adam,3.771588671952486e-05,0.03867043927311897,0.0
4720,adam,3.6987843486713246e-05,0.03543485328555107,0.0
4721,adam,3.43164756486658e-05,0.023716075345873833,0.0
4722,adam,3.261280289734714e-05,0.012759468518197536,0.0
4723,adam,3.359354741405696e-05,0.02134653553366661,0.0
4724,adam,3.5768476664088666e-05,0.032280437648296356,0.0
4725,adam,3.649689460871741e-05,0.035333052277565,0.0
4726,adam,3.504734922898933e-05,0.02938242256641388,0.0
4727,adam,3.3049571356968954e-05,0.018213141709566116,0.0
4728,adam,3.228351124562323e-05,0.010728884488344193,0.0
4729,adam,3.285144339315593e-05,0.015843329951167107,0.0
4730,adam,3.353504871483892e-05,0.020797371864318848,0.0
4731,adam,3.3432846976211295e-05,0.02059602364897728,0.0
4732,adam,3.2831470889505e-05,0.01722520776093006,0.0
4733,adam,3.25348082697019e-05,0.01550104096531868,0.0
4734,adam,3.2792147976579145e-05,0.017773788422346115,0.0
4735,adam,3.310416286694817e-05,0.019855685532093048,0.0
4736,adam,3.2922416721703485e-05,0.018336275592446327,0.0
4737,adam,3.2293864933308214e-05,0.012787612155079842,0.0
4738,adam,3.1753948860568926e-05,0.004622730892151594,0.0
4739,adam,3.171076241414994e-05,0.004045458510518074,0.0
4740,adam,3.205351094948128e-05,0.010877599939703941,0.0
4741,adam,3.2352541893487796e-05,0.014418666251003742,0.0
4742,adam,3.232536982977763e-05,0.014585320837795734,0.0
4743,adam,3.205742541467771e-05,0.012171142734587193,0.0
4744,adam,3.1824572943151e-05,0.009413681924343109,0.0
4745,adam,3.177860708092339e-05,0.008704121224582195,0.0
4746,adam,3.183412991347723e-05,0.009437507949769497,0.0
4747,adam,3.182160435244441e-05,0.00937727838754654,0.0
4748,adam,3.168511830153875e-05,0.007484626490622759,0.0
4749,adam,3.1522009521722794e-05,0.00448668422177434,0.0
4750,adam,3.1460713216802105e-05,0.003269854234531522,0.0
4751,adam,3.152560748276301e-05,0.005841197445988655,0.0
4752,adam,3.162447319482453e-05,0.008162085898220539,0.0
4753,adam,3.165034286212176e-05,0.008856925182044506,0.0
4754,adam,3.1575858884025365e-05,0.008033247664570808,0.0
4755,adam,3.146106610074639e-05,0.006220079958438873,0.0
4756,adam,3.138208921882324e-05,0.004706279374659061,0.0
4757,adam,3.1363131711259484e-05,0.004534456878900528,0.0
4758,adam,3.136890154564753e-05,0.0050175790674984455,0.0
4759,adam,3.135341466986574e-05,0.005030821077525616,0.0
4760,adam,3.130489130853675e-05,0.004062098916620016,0.0
4761,adam,3.1248524464899674e-05,0.0026129467878490686,0.0
4762,adam,3.121793633908965e-05,0.001974154496565461,0.0
4763,adam,3.122097405139357e-05,0.0031607348937541246,0.0
4764,adam,3.1237414077622816e-05,0.004429152701050043,0.0
4765,adam,3.12389456667006e-05,0.004975834861397743,0.0
4766,adam,3.121434201602824e-05,0.004805111326277256,0.0
4767,adam,3.117376400041394e-05,0.00409030681475997,0.0
4768,adam,3.113657294306904e-05,0.0033197638113051653,0.0
4769,adam,3.111378100584261e-05,0.00300070783123374,0.0
4770,adam,3.110167745035142e-05,0.003100460162386298,0.0
4771,adam,3.108888631686568e-05,0.0032153958454728127,0.0
4772,adam,3.1066629162523896e-05,0.002903740154579282,0.0
4773,adam,3.103716517216526e-05,0.0022320509888231754,0.0
4774,adam,3.1007912184577435e-05,0.001191719900816679,0.0
4775,adam,3.098646993748844e-05,0.00023779470939189196,0.0
4776,adam,3.0973787943366915e-05,0.0010081358486786485,0.0
4777,adam,3.096500222454779e-05,0.0016986492555588484,0.0
4778,adam,3.095405918429606e-05,0.0020901006646454334,0.0
4779,adam,3.093779014307074e-05,0.002063191030174494,0.0
4780,adam,3.091829421464354e-05,0.0018714782781898975,0.0
4781,adam,3.0899307603249326e-05,0.0016474309377372265,0.0
4782,adam,3.0883697036188096e-05,0.0016863514902070165,0.0
4783,adam,3.0871149647282436e-05,0.0019474372966215014,0.0
4784,adam,3.085952266701497e-05,0.0021964560728520155,0.0
4785,adam,3.084621494053863e-05,0.002343240426853299,0.0
4786,adam,3.083026967942715e-05,0.0023020098451524973,0.0
4787,adam,3.0812785553280264e-05,0.0021912199445068836,0.0
4788,adam,3.079561429331079e-05,0.0020607488695532084,0.0
4789,adam,3.078032023040578e-05,0.0020411985460668802,0.0
4790,adam,3.076626671827398e-05,0.0021286888513714075,0.0
4791,adam,3.075330096180551e-05,0.002241958864033222,0.0
4792,adam,3.074000414926559e-05,0.002354297786951065,0.0
4793,adam,3.0725659598829225e-05,0.0023992853239178658,0.0
4794,adam,3.071135142818093e-05,0.0024459611158818007,0.0
4795,adam,3.0697137844981626e-05,0.002500304952263832,0.0
4796,adam,3.0684117518831044e-05,0.002631795359775424,0.0
4797,adam,3.067293800995685e-05,0.0028329165652394295,0.0
4798,adam,3.066309727728367e-05,0.003089999547228217,0.0
4799,adam,3.06544425257016e-05,0.003396193962544203,0.0
4800,adam,3.064739576075226e-05,0.003732920391485095,0.0
4801,adam,3.064277916564606e-05,0.004133386537432671,0.0
4802,adam,3.0641062039649114e-05,0.004604233894497156,0.0
4803,adam,3.064416523557156e-05,0.005184119567275047,0.0
4804,adam,3.0654158763354644e-05,0.005890749394893646,0.0
4805,adam,3.0673971195938066e-05,0.0067553105764091015,0.0
4806,adam,3.070729871978983e-05,0.0078033762983977795,0.0
4807,adam,3.0759907531319186e-05,0.009072637185454369,0.0
4808,adam,3.0839830287732184e-05,0.010613594204187393,0.0
4809,adam,3.096020736848004e-05,0.012485809624195099,0.0
4810,adam,3.113990533165634e-05,0.014775661751627922,0.0
4811,adam,3.140773333143443e-05,0.017586035653948784,0.0
4812,adam,3.1808089261176065e-05,0.021040499210357666,0.0
4813,adam,3.2407457183580846e-05,0.025306429713964462,0.0
4814,adam,3.330893741804175e-05,0.030584700405597687,0.0
4815,adam,3.467379792709835e-05,0.03714369982481003,0.0
4816,adam,3.675006882986054e-05,0.04531382769346237,0.0
4817,adam,3.9935956010594964e-05,0.05553194135427475,0.0
4818,adam,4.48440587206278e-05,0.06834343820810318,0.0
4819,adam,5.247605440672487e-05,0.08445175737142563,0.0
4820,adam,6.436847615987062e-05,0.1047494038939476,0.0
4821,adam,8.307168900500983e-05,0.13036178052425385,0.0
4822,adam,0.00011241818720009178,0.16269344091415405,0.0
4823,adam,0.00015879649436101317,0.2034161537885666,0.0
4824,adam,0.0002312438446097076,0.2545112073421478,0.0
4825,adam,0.0003444585599936545,0.31794148683547974,0.0
4826,adam,0.0005156263359822333,0.3954481780529022,0.0
4827,adam,0.0007691361242905259,0.4871576726436615,0.0
4828,adam,0.0011132811196148396,0.5902409553527832,0.0
4829,adam,0.0015411281492561102,0.6953926682472229,0.0
4830,adam,0.0019487026147544384,0.7837743163108826,0.0
4831,adam,0.0021808166056871414,0.8268991708755493,0.0
4832,adam,0.0019983495585620403,0.7895210981369019,0.0
4833,adam,0.0013920769561082125,0.6536988615989685,0.0
4834,adam,0.0006231262814253569,0.42572999000549316,0.0
4835,adam,0.00014338492474053055,0.17401954531669617,0.0
4836,adam,0.00016593946202192456,0.19673971831798553,0.0
4837,adam,0.0005076514789834619,0.3851351737976074,0.0
4838,adam,0.0007888379041105509,0.4865613579750061,0.0
4839,adam,0.0007509570568799973,0.4741232395172119,0.0
4840,adam,0.00046152633149176836,0.36178386211395264,0.0
4841,adam,0.00019536666513886303,0.2117179036140442,0.0
4842,adam,0.00015210612036753446,0.17569462954998016,0.0
4843,adam,0.00027913920348510146,0.2706722319126129,0.0
4844,adam,0.00037893009721301496,0.3267655074596405,0.0
4845,adam,0.0003352380881551653,0.30654963850975037,0.0
4846,adam,0.00020737592421937734,0.22909922897815704,0.0
4847,adam,0.00013260594278108329,0.1624380350112915,0.0
4848,adam,0.00016153672186192125,0.1846831887960434,0.0
4849,adam,0.00021978835866320878,0.23186951875686646,0.0
4850,adam,0.00021565328643191606,0.23471985757350922,0.0
4851,adam,0.00014421335072256625,0.18623782694339752,0.0
4852,adam,8.034515485633165e-05,0.11859782040119171,0.0
4853,adam,8.467481529805809e-05,0.11584549397230148,0.0
4854,adam,0.00013711719657294452,0.16830752789974213,0.0
4855,adam,0.00016769632929936051,0.19554725289344788,0.0
4856,adam,0.00013683212455362082,0.1745573878288269,0.0
4857,adam,7.38578601158224e-05,0.11175195127725601,0.0
4858,adam,3.8125901482999325e-05,0.041883230209350586,0.0
4859,adam,5.524304651771672e-05,0.078502357006073,0.0
4860,adam,9.640997450333089e-05,0.13347628712654114,0.0
4861,adam,0.00011427042045397684,0.1520097702741623,0.0
4862,adam,9.160190529655665e-05,0.1297711431980133,0.0
4863,adam,5.241663893684745e-05,0.07613786309957504,0.0
4864,adam,3.2110317988554016e-05,0.008880121633410454,0.0
4865,adam,4.2546536860754713e-05,0.05614490061998367,0.0
4866,adam,6.555148138431832e-05,0.09829303622245789,0.0
4867,adam,7.547523273387924e-05,0.1115589365363121,0.0
4868,adam,6.421352736651897e-05,0.09553039073944092,0.0
4869,adam,4.4579275709111243e-05,0.059294551610946655,0.0
4870,adam,3.397024192963727e-05,0.026573119685053825,0.0
4871,adam,3.801735147135332e-05,0.04583543539047241,0.0
4872,adam,4.8193087422987446e-05,0.07141666114330292,0.0
4873,adam,5.262490958557464e-05,0.07880138605833054,0.0
4874,adam,4.7584500862285495e-05,0.06808491051197052,0.0
4875,adam,3.882471355609596e-05,0.045258332043886185,0.0
4876,adam,3.414413731661625e-05,0.028734173625707626,0.0
4877,adam,3.602568540372886e-05,0.03949122130870819,0.0
4878,adam,4.055342651554383e-05,0.054556623101234436,0.0
4879,adam,4.224971780786291e-05,0.05857487767934799,0.0
4880,adam,3.9396567444782704e-05,0.049979109317064285,0.0
4881,adam,3.4777243854478e-05,0.03257932886481285,0.0
4882,adam,3.228956484235823e-05,0.018948758020997047,0.0
4883,adam,3.336509325890802e-05,0.027708610519766808,0.0
4884,adam,3.611783540691249e-05,0.04080621525645256,0.0
4885,adam,3.75181480194442e-05,0.04583786055445671,0.0
4886,adam,3.6227120290277526e-05,0.041088350117206573,0.0
4887,adam,3.3388827432645485e-05,0.028291206806898117,0.0
4888,adam,3.123830902040936e-05,0.011691991239786148,0.0
4889,adam,3.11415788019076e-05,0.011261205188930035,0.0
4890,adam,3.264080442022532e-05,0.024783862754702568,0.0
4891,adam,3.412526348256506e-05,0.03308500349521637,0.0
4892,adam,3.431399090914056e-05,0.03411412611603737,0.0
4893,adam,3.3141950552817434e-05,0.028234148398041725,0.0
4894,adam,3.155184822389856e-05,0.01748494803905487,0.0
4895,adam,3.0631839763373137e-05,0.004653246607631445,0.0
4896,adam,3.078104055020958e-05,0.008643927983939648,0.0
4897,adam,3.156263483106159e-05,0.01809942163527012,0.0
4898,adam,3.221177030354738e-05,0.023290425539016724,0.0
4899,adam,3.2230618671746925e-05,0.023657746613025665,0.0
4900,adam,3.166619353578426e-05,0.019673001021146774,0.0
4901,adam,3.096501677646302e-05,0.01315443217754364,0.0
4902,adam,3.056607965845615e-05,0.006892726756632328,0.0
4903,adam,3.059998562093824e-05,0.007811558898538351,0.0
4904,adam,3.0883635190548375e-05,0.012451471760869026,0.0
4905,adam,3.1112711440073326e-05,0.015364302322268486,0.0
4906,adam,3.10905888909474e-05,0.015502211637794971,0.0
4907,adam,3.084396303165704e-05,0.013190940953791142,0.0
4908,adam,3.054819899261929e-05,0.009321016259491444,0.0
4909,adam,3.03749147860799e-05,0.005947386380285025,0.0
4910,adam,3.0384591809706762e-05,0.0063046859577298164,0.0
4911,adam,3.0505449103657156e-05,0.00891182105988264,0.0
4912,adam,3.060656308662146e-05,0.010790488682687283,0.0
4913,adam,3.05966823361814e-05,0.011018742807209492,0.0
4914,adam,3.0470426281681284e-05,0.00962783396244049,0.0
4915,adam,3.0295370379462838e-05,0.006849327590316534,0.0
4916,adam,3.0159677407937124e-05,0.0035207318142056465,0.0
4917,adam,3.0115161280264147e-05,0.0018761360552161932,0.0
4918,adam,3.0152605177136138e-05,0.0043182228691875935,0.0
4919,adam,3.0222106943256222e-05,0.006603582762181759,0.0
4920,adam,3.026526428584475e-05,0.007784963119775057,0.0
4921,adam,3.0249326300690882e-05,0.007853074930608273,0.0
4922,adam,3.0180213798303157e-05,0.006821496412158012,0.0
4923,adam,3.0089233405306004e-05,0.005079994909465313,0.0
4924,adam,3.001251934620086e-05,0.0029908441938459873,0.0
4925,adam,2.997129922732711e-05,0.0016692668432369828,0.0
4926,adam,2.9965058274683543e-05,0.002551186829805374,0.0
4927,adam,2.997677802341059e-05,0.003894864348694682,0.0
4928,adam,2.9985760193085298e-05,0.004753756802529097,0.0
4929,adam,2.9977711164974608e-05,0.004969121888279915,0.0
4930,adam,2.99501080007758e-05,0.004585921764373779,0.0
4931,adam,2.9911498131696135e-05,0.0037436208222061396,0.0
4932,adam,2.987335028592497e-05,0.0027663593646138906,0.0
4933,adam,2.9844972232240252e-05,0.002027162117883563,0.0
4934,adam,2.9829112463630736e-05,0.0021642751526087523,0.0
4935,adam,2.982223486469593e-05,0.00277866143733263,0.0
4936,adam,2.9817723770975135e-05,0.0033910360652953386,0.0
4937,adam,2.9809043553541414e-05,0.0037102538626641035,0.0
4938,adam,2.979302553285379e-05,0.0036825472488999367,0.0
4939,adam,2.976980249513872e-05,0.003328625112771988,0.0
4940,adam,2.9742492188233882e-05,0.0027074089739471674,0.0
4941,adam,2.971562571474351e-05,0.0018979206215590239,0.0
4942,adam,2.9692218959098682e-05,0.0010436625452712178,0.0
4943,adam,2.96743764920393e-05,0.0003836283285636455,0.0
4944,adam,2.966106330859475e-05,0.0008350664866156876,0.0
4945,adam,2.9650396754732355e-05,0.0014189131325110793,0.0
4946,adam,2.9639966669492424e-05,0.001870577223598957,0.0
4947,adam,2.962832513730973e-05,0.0021091916132718325,0.0
4948,adam,2.9614198865601793e-05,0.0021665117237716913,0.0
4949,adam,2.9597913453471847e-05,0.0020462567918002605,0.0
4950,adam,2.958028380817268e-05,0.0018037821864709258,0.0
4951,adam,2.9562481358880177e-05,0.0014936866937205195,0.0
4952,adam,2.9545712095568888e-05,0.0011711863335222006,0.0
4953,adam,2.952991235360969e-05,0.0009911524830386043,0.0
4954,adam,2.951618080260232e-05,0.0009691910236142576,0.0
4955,adam,2.95030367851723e-05,0.001163593726232648,0.0
4956,adam,2.9491055101971142e-05,0.0013535922626033425,0.0
4957,adam,2.9479182558134198e-05,0.0015821749111637473,0.0
4958,adam,2.9466986234183423e-05,0.001717843464575708,0.0
4959,adam,2.9454509785864502e-05,0.0018561958568170667,0.0
4960,adam,2.9441762308124453e-05,0.0019126968691125512,0.0
4961,adam,2.9429085770971142e-05,0.002014082157984376,0.0
4962,adam,2.941698403446935e-05,0.0020808756817132235,0.0
4963,adam,2.9405187888187356e-05,0.0022465221118181944,0.0
4964,adam,2.939485239039641e-05,0.0024256163742393255,0.0
4965,adam,2.9386515961959958e-05,0.002736208727583289,0.0
4966,adam,2.938048965006601e-05,0.0030848549213260412,0.0
4967,adam,2.9377946702879854e-05,0.0035755860153585672,0.0
4968,adam,2.9379718398558907e-05,0.0041192686185240746,0.0
4969,adam,2.9388080292847008e-05,0.004825240932404995,0.0
4970,adam,2.94052097160602e-05,0.005623508710414171,0.0
4971,adam,2.9435304895741865e-05,0.006635276135057211,0.0
4972,adam,2.948445217043627e-05,0.007813938893377781,0.0
4973,adam,2.9561424526036717e-05,0.009305732324719429,0.0
4974,adam,2.968123953905888e-05,0.011089875362813473,0.0
4975,adam,2.986524486914277e-05,0.013343758881092072,0.0
4976,adam,3.0147022698656656e-05,0.016090357676148415,0.0
4977,adam,3.057930734939873e-05,0.019556427374482155,0.0
4978,adam,3.124278737232089e-05,0.023839659988880157,0.0
4979,adam,3.2270545489154756e-05,0.029257407411932945,0.0
4980,adam,3.38659665430896e-05,0.03603469952940941,0.0
4981,adam,3.637102781794965e-05,0.0446368008852005,0.0
4982,adam,4.030623676953837e-05,0.05550031736493111,0.0
4983,adam,4.657241515815258e-05,0.06932909041643143,0.0
4984,adam,5.652097752317786e-05,0.08692757785320282,0.0
4985,adam,7.256575190695003e-05,0.10936202853918076,0.0
4986,adam,9.817593672778457e-05,0.1380263864994049,0.0
4987,adam,0.00013976942864246666,0.17442844808101654,0.0
4988,adam,0.0002056491794064641,0.22075359523296356,0.0
4989,adam,0.000311646843329072,0.2785346508026123,0.0
4990,adam,0.0004727619525510818,0.35021114349365234,0.0
4991,adam,0.0007182291592471302,0.4347255527973175,0.0
4992,adam,0.0010457244934514165,0.530927300453186,0.0
4993,adam,0.0014610239304602146,0.626918613910675,0.0
4994,adam,0.0018261127406731248,0.7085949182510376,0.0
4995,adam,0.00203769956715405,0.7475906610488892,0.0
4996,adam,0.0018655294552445412,0.7265152335166931,0.0
4997,adam,0.0014183057937771082,0.6413103938102722,0.0
4998,adam,0.0009269209112972021,0.5292367339134216,0.0
4999,adam,0.000664243649225682,0.44503116607666016,0.0
5000,lbfgs,0.0006357585079967976,0.4146648645401001,0.0
5001,lbfgs,0.03242053464055061,3.1102585792541504,0.0
5002,lbfgs,5.48638854525052e-05,0.05157520994544029,0.0
5003,lbfgs,4.294524114811793e-05,0.02426689676940441,0.0
5004,lbfgs,3.736380676855333e-05,0.014536247588694096,0.0
5005,lbfgs,3.4843538742279634e-05,0.0061496845446527,0.0
5006,lbfgs,3.418559208512306e-05,0.003988211043179035,0.0
5007,lbfgs,3.3670003176666796e-05,0.004048381000757217,0.0
5008,lbfgs,3.323040436953306e-05,0.0034516185987740755,0.0
5009,lbfgs,3.2630341593176126e-05,0.003816285403445363,0.0
5010,lbfgs,3.171332718920894e-05,0.0037534383591264486,0.0
5011,lbfgs,3.126986121060327e-05,0.002120849909260869,0.0
5012,lbfgs,3.097602166235447e-05,0.00202753278426826,0.0
5013,lbfgs,3.052261672564782e-05,0.0024550878442823887,0.0
5014,lbfgs,2.9894446925027296e-05,0.003087621880695224,0.0
5015,lbfgs,2.961414065794088e-05,0.002387971617281437,0.0
5016,lbfgs,2.950186717498582e-05,0.0009624490630812943,0.0
5017,lbfgs,2.9445334803313017e-05,0.0009232812444679439,0.0
5018,lbfgs,2.939513069577515e-05,0.0009404803276993334,0.0
5019,lbfgs,2.93094344669953e-05,0.0005969589110463858,0.0
5020,lbfgs,2.9275517590576783e-05,0.0008104166481643915,0.0
5021,lbfgs,2.9249704311951064e-05,0.000842571200337261,0.0
5022,lbfgs,2.92162767436821e-05,0.0007122558890841901,0.0
5023,lbfgs,2.9181575882830657e-05,0.0005316307651810348,0.0
5024,lbfgs,2.9144823201932013e-05,0.00043658417416736484,0.0
5025,lbfgs,2.909307113441173e-05,0.0007174221682362258,0.0
5026,lbfgs,2.9021182854194194e-05,0.0011500557884573936,0.0
5027,lbfgs,2.8880989702884108e-05,0.001547958585433662,0.0
5028,lbfgs,2.870676871680189e-05,0.001411024364642799,0.0
5029,lbfgs,2.8597090931725688e-05,0.0015171314589679241,0.0
5030,lbfgs,2.8473072234191932e-05,0.000799020635895431,0.0
5031,lbfgs,2.837350075424183e-05,0.0007612922345288098,0.0
5032,lbfgs,2.8261649276828393e-05,0.0009609425906091928,0.0
5033,lbfgs,2.8046768420608714e-05,0.0011514751240611076,0.0
5034,lbfgs,2.7712867449736223e-05,0.0018033012747764587,0.0
5035,lbfgs,2.7337266146787442e-05,0.0013278083642944694,0.0
5036,lbfgs,2.7066877009929158e-05,0.0013155604247003794,0.0
5037,lbfgs,2.6784946385305375e-05,0.0014948499156162143,0.0
5038,lbfgs,2.6642395823728293e-05,0.00100520730484277,0.0
5039,lbfgs,2.6465962946531363e-05,0.0010980255901813507,0.0
5040,lbfgs,2.62669927906245e-05,0.0011008658912032843,0.0
5041,lbfgs,2.5913741410477087e-05,0.001491653616540134,0.0
5042,lbfgs,2.5519606424495578e-05,0.0014549641637131572,0.0
5043,lbfgs,2.521991336834617e-05,0.0005786013207398355,0.0
5044,lbfgs,2.5100625862251036e-05,0.0007003920618444681,0.0
5045,lbfgs,2.4949005819507875e-05,0.0010691442294046283,0.0
5046,lbfgs,2.4713954189792275e-05,0.001380875357426703,0.0
5047,lbfgs,2.4353561457246542e-05,0.001865109894424677,0.0
5048,lbfgs,2.396868512732908e-05,0.0009983370546251535,0.0
5049,lbfgs,2.3783102733432315e-05,0.0008175833499990404,0.0
5050,lbfgs,2.3616776161361486e-05,0.0011727982200682163,0.0
5051,lbfgs,2.331850555492565e-05,0.0018648799741640687,0.0
5052,lbfgs,2.2753203666070476e-05,0.0024892883375287056,0.0
5053,lbfgs,2.1826734155183658e-05,0.0026644698809832335,0.0
5054,lbfgs,2.0592939108610153e-05,0.0041549899615347385,0.0
5055,lbfgs,1.992620855162386e-05,0.0029201521538197994,0.0
5056,lbfgs,1.9551453078747727e-05,0.002027268521487713,0.0
5057,lbfgs,1.9475362933008e-05,0.0010688604088500142,0.0
5058,lbfgs,1.9454866560408846e-05,0.0009213112061843276,0.0
5059,lbfgs,1.9434937712503597e-05,0.0005299315671436489,0.0
5060,lbfgs,1.9414566850173287e-05,0.0007851017871871591,0.0
5061,lbfgs,1.938325112860184e-05,0.0009777831146493554,0.0
5062,lbfgs,1.9254348444519565e-05,0.0012791421031579375,0.0
5063,lbfgs,1.8935223124572076e-05,0.0016309277852997184,0.0
5064,lbfgs,1.844477628765162e-05,0.0017886613495647907,0.0
5065,lbfgs,1.8037469999399036e-05,0.0012237061746418476,0.0
5066,lbfgs,1.781171522452496e-05,0.001392420963384211,0.0
5067,lbfgs,1.7693939298624173e-05,0.0006170275737531483,0.0
5068,lbfgs,1.7611502698855475e-05,0.0009749490418471396,0.0
5069,lbfgs,1.7473343177698553e-05,0.0010242355056107044,0.0
5070,lbfgs,1.731631527945865e-05,0.0009713546023704112,0.0
5071,lbfgs,1.7161821233457886e-05,0.0020553264766931534,0.0
5072,lbfgs,1.698249252513051e-05,0.0019277475075796247,0.0
5073,lbfgs,1.6615031199762598e-05,0.0031818081624805927,0.0
5074,lbfgs,1.6079407942015678e-05,0.001933085499331355,0.0
5075,lbfgs,1.5840236301301047e-05,0.003297403221949935,0.0
5076,lbfgs,1.5737712601548992e-05,0.0009741454268805683,0.0
5077,lbfgs,1.5712606909801252e-05,0.00045419528032653034,0.0
5078,lbfgs,1.569576488691382e-05,0.0007837034063413739,0.0
5079,lbfgs,1.5666613762732595e-05,0.000895315723028034,0.0
5080,lbfgs,1.5624378647771664e-05,0.0012207486433908343,0.0
5081,lbfgs,1.5566385627607815e-05,0.0014427435817196965,0.0
5082,lbfgs,1.5489056750084274e-05,0.0018669588025659323,0.0
5083,lbfgs,1.5383282516268082e-05,0.0022404922638088465,0.0
5084,lbfgs,1.5269048162736e-05,0.002164320321753621,0.0
5085,lbfgs,1.5166247067099903e-05,0.0014205423649400473,0.0
5086,lbfgs,1.5110269487195183e-05,0.00036901471321471035,0.0
5087,lbfgs,1.5095342860149685e-05,0.0007148629520088434,0.0
5088,lbfgs,1.5082184290804435e-05,0.0009615899762138724,0.0
5089,lbfgs,1.5066059859236702e-05,0.0010852522682398558,0.0
5090,lbfgs,1.5033112504170276e-05,0.0011804907117038965,0.0
5091,lbfgs,1.4951775483496021e-05,0.001103850663639605,0.0
5092,lbfgs,1.4833128261670936e-05,0.001095559448003769,0.0
5093,lbfgs,1.4643166650785133e-05,0.0007868987158872187,0.0
5094,lbfgs,1.446204896637937e-05,0.0005451577017083764,0.0
5095,lbfgs,1.4322980860015377e-05,0.0011608938220888376,0.0
5096,lbfgs,1.4258003830036614e-05,0.0003869810316246003,0.0
5097,lbfgs,1.4224732694856357e-05,0.0016650152392685413,0.0
5098,lbfgs,1.4184309293341357e-05,0.0009694451582618058,0.0
5099,lbfgs,1.4118110811978113e-05,0.0007550696609541774,0.0
5100,lbfgs,1.409165452059824e-05,0.0011202845489606261,0.0
5101,lbfgs,1.4055598512641154e-05,0.0013524690875783563,0.0
5102,lbfgs,1.3981783013150562e-05,0.0015756419161334634,0.0
5103,lbfgs,1.3825708265358116e-05,0.001784561318345368,0.0
5104,lbfgs,1.368094399367692e-05,0.004963613115251064,0.0
5105,lbfgs,1.3390613275987562e-05,0.001953286584466696,0.0
5106,lbfgs,1.315389818046242e-05,0.001864242018200457,0.0
5107,lbfgs,1.3043356375419535e-05,0.0024625682272017,0.0
5108,lbfgs,1.300352505495539e-05,0.0004843896604143083,0.0
5109,lbfgs,1.2984007298655342e-05,0.0007609942695125937,0.0
5110,lbfgs,1.2977977348782588e-05,0.00034521182533353567,0.0
5111,lbfgs,1.2973724551557098e-05,0.00036166069912724197,0.0
5112,lbfgs,1.2970012903679162e-05,0.0005875122151337564,0.0
5113,lbfgs,1.295851598115405e-05,0.0011083377758041024,0.0
5114,lbfgs,1.2935916856804397e-05,0.0016881546471267939,0.0
5115,lbfgs,1.2882619557785802e-05,0.002433185698464513,0.0
5116,lbfgs,1.2787027117155958e-05,0.0027265064418315887,0.0
5117,lbfgs,1.2665163922065403e-05,0.003501851111650467,0.0
5118,lbfgs,1.2596054148161784e-05,0.0014553457731381059,0.0
5119,lbfgs,1.2533225344668608e-05,0.0030885394662618637,0.0
5120,lbfgs,1.2475418770918623e-05,0.0006059582810848951,0.0
5121,lbfgs,1.2468550266930833e-05,0.0002427808940410614,0.0
5122,lbfgs,1.2465140571293887e-05,0.00016326020704582334,0.0
5123,lbfgs,1.2461774531402625e-05,0.00016753427917137742,0.0
5124,lbfgs,1.2451083421183284e-05,0.0002128241612808779,0.0
5125,lbfgs,1.243541919393465e-05,0.0012812906643375754,0.0
5126,lbfgs,1.2407496797095519e-05,0.0009715252090245485,0.0
5127,lbfgs,1.2220582902955357e-05,0.00092312041670084,0.0
5128,lbfgs,1.2054330909450073e-05,0.0014226397033780813,0.0
5129,lbfgs,1.188966507470468e-05,0.0010709865018725395,0.0
5130,lbfgs,1.1852150237245951e-05,0.0012770239263772964,0.0
5131,lbfgs,1.1820692634501029e-05,0.00024722988018766046,0.0
5132,lbfgs,1.1816278856713325e-05,0.00019543060625437647,0.0
5133,lbfgs,1.1810647265519947e-05,0.0002343419037060812,0.0
5134,lbfgs,1.1801075743278489e-05,0.0003134138823952526,0.0
5135,lbfgs,1.1784180060203653e-05,0.0003957694862037897,0.0
5136,lbfgs,1.1757768334064167e-05,0.00038488765130750835,0.0
5137,lbfgs,1.1683939192153048e-05,0.000541241024620831,0.0
5138,lbfgs,1.1506844202813227e-05,0.0012469125213101506,0.0
5139,lbfgs,1.1439364243415184e-05,0.0005120797432027757,0.0
5140,lbfgs,1.141482607636135e-05,0.0005486101727001369,0.0
5141,lbfgs,1.1408867067075334e-05,0.00013809524534735829,0.0
5142,lbfgs,1.1406587873352692e-05,0.00014852375898044556,0.0
5143,lbfgs,1.1400592484278604e-05,0.00021218907204456627,0.0
5144,lbfgs,1.1385251127649099e-05,0.00037000098382122815,0.0
5145,lbfgs,1.1359005839040037e-05,0.0005350665305741131,0.0
5146,lbfgs,1.1306850865366869e-05,0.000767044723033905,0.0
5147,lbfgs,1.1207903298782185e-05,0.0008937425445765257,0.0
5148,lbfgs,1.1055200957343914e-05,0.001183341140858829,0.0
5149,lbfgs,1.0917717190750409e-05,0.0017433147877454758,0.0
5150,lbfgs,1.0835935427166987e-05,0.0014854094479233027,0.0
5151,lbfgs,1.0775194823509082e-05,0.0006672760937362909,0.0
5152,lbfgs,1.0767199455585796e-05,0.000288005277980119,0.0
5153,lbfgs,1.0764311809907667e-05,0.00028809093055315316,0.0
5154,lbfgs,1.0759384167613462e-05,0.00020882162789348513,0.0
5155,lbfgs,1.0754831237136386e-05,0.00018486683256924152,0.0
5156,lbfgs,1.0744398423412349e-05,0.00024240792845375836,0.0
5157,lbfgs,1.0723258128564339e-05,0.0004200185649096966,0.0
5158,lbfgs,1.0678878425096627e-05,0.0006611602148041129,0.0
5159,lbfgs,1.0594601917546242e-05,0.0005495864897966385,0.0
5160,lbfgs,1.0604981980577577e-05,0.0034042128827422857,0.0
5161,lbfgs,1.0535549336054828e-05,0.0019264697330072522,0.0
5162,lbfgs,1.0448296961840242e-05,0.001213694573380053,0.0
5163,lbfgs,1.0411185030534398e-05,0.0038218190893530846,0.0
5164,lbfgs,1.0388139344286174e-05,0.0005724450456909835,0.0
5165,lbfgs,1.0327813470212277e-05,0.001574674854055047,0.0
5166,lbfgs,1.0288010344083887e-05,0.001578398048877716,0.0
5167,lbfgs,1.0232415661448613e-05,0.0023292077239602804,0.0
5168,lbfgs,1.0200206816080026e-05,0.0005918365786783397,0.0
5169,lbfgs,1.0150667549169157e-05,0.0006601675995625556,0.0
5170,lbfgs,1.0124223081220407e-05,0.0005257533048279583,0.0
5171,lbfgs,1.0113678399648052e-05,0.0007514898898079991,0.0
5172,lbfgs,1.0105186447617598e-05,0.0002805683179758489,0.0
5173,lbfgs,1.0097793165186886e-05,0.00019001720647793263,0.0
5174,lbfgs,1.0091234798892401e-05,0.0005926425801590085,0.0
5175,lbfgs,1.0081432264996693e-05,0.001008385792374611,0.0
5176,lbfgs,1.00654306152137e-05,0.0013605993008241057,0.0
5177,lbfgs,1.0028467841038946e-05,0.0016970097785815597,0.0
5178,lbfgs,9.956786016118713e-06,0.0019626538269221783,0.0
5179,lbfgs,9.85086717264494e-06,0.002068467438220978,0.0
5180,lbfgs,1.0064581147162244e-05,0.004621217027306557,0.0
5181,lbfgs,9.801569831324741e-06,0.0021180901676416397,0.0
5182,lbfgs,9.720057278173044e-06,0.001273774541914463,0.0
5183,lbfgs,9.673324711911846e-06,0.0006353878416121006,0.0
5184,lbfgs,9.66572406468913e-06,0.00016857280570548028,0.0
5185,lbfgs,9.660996511229314e-06,0.00018994769197888672,0.0
5186,lbfgs,9.65651634032838e-06,0.00032759798341430724,0.0
5187,lbfgs,9.649941603129264e-06,0.00028121843934059143,0.0
5188,lbfgs,9.644398232921958e-06,0.0003179701743647456,0.0
5189,lbfgs,9.63243110163603e-06,0.00031650724122300744,0.0
5190,lbfgs,9.600875273463316e-06,0.0005529882619157434,0.0
5191,lbfgs,9.542905900161713e-06,0.0009543929481878877,0.0
5192,lbfgs,9.416095053893514e-06,0.001384538714773953,0.0
5193,lbfgs,9.247251000488177e-06,0.002252906793728471,0.0
5194,lbfgs,9.1988877102267e-06,0.0030951162334531546,0.0
5195,lbfgs,9.03925047168741e-06,0.001621208735741675,0.0
5196,lbfgs,8.99089627637295e-06,0.0016960197826847434,0.0
5197,lbfgs,8.958496437116992e-06,0.0004075924807693809,0.0
5198,lbfgs,8.95217544893967e-06,0.002098639728501439,0.0
5199,lbfgs,8.930350304581225e-06,0.0006464830948971212,0.0
5200,lbfgs,8.918460480344947e-06,0.00029338509193621576,0.0
5201,lbfgs,8.900429747882299e-06,0.0003890253137797117,0.0
5202,lbfgs,8.892107871361077e-06,0.0002993294328916818,0.0
5203,lbfgs,8.885460374585818e-06,0.0002221516624558717,0.0
5204,lbfgs,8.881555913831107e-06,0.0002478034875821322,0.0
5205,lbfgs,8.878947483026423e-06,0.00015211863501463085,0.0
5206,lbfgs,8.877010259311646e-06,0.00024013557413127273,0.0
5207,lbfgs,8.874315426510293e-06,0.000185195283847861,0.0
5208,lbfgs,8.869197699823417e-06,0.0005212589749135077,0.0
5209,lbfgs,8.85965255292831e-06,0.0004801832837983966,0.0
5210,lbfgs,8.837786481308285e-06,0.0010430969996377826,0.0
5211,lbfgs,8.799248462310061e-06,0.0008342840592376888,0.0
5212,lbfgs,8.762708603171632e-06,0.002239753259345889,0.0
5213,lbfgs,8.654601515445393e-06,0.0018965211929753423,0.0
5214,lbfgs,8.617335879534949e-06,0.001092246500775218,0.0
5215,lbfgs,8.572141268814448e-06,0.0006974979187361896,0.0
5216,lbfgs,8.538605470675975e-06,0.0007356192800216377,0.0
5217,lbfgs,8.498453098582104e-06,0.0008072300115600228,0.0
5218,lbfgs,8.479608368361369e-06,0.0005730967386625707,0.0
5219,lbfgs,8.471976798318792e-06,0.00032368957181461155,0.0
5220,lbfgs,8.467387488053646e-06,0.00025827393983490765,0.0
5221,lbfgs,8.46382954478031e-06,0.0001590026804478839,0.0
5222,lbfgs,8.461295692541171e-06,0.00017667055362835526,0.0
5223,lbfgs,8.458967386104632e-06,0.0001810550456866622,0.0
5224,lbfgs,8.455373063043226e-06,0.00023859480279497802,0.0
5225,lbfgs,8.450369023194071e-06,0.00043750027543865144,0.0
5226,lbfgs,8.437934411631431e-06,0.0007127621211111546,0.0
5227,lbfgs,8.413535397266969e-06,0.0010848536621779203,0.0
5228,lbfgs,8.35889750305796e-06,0.001467055408284068,0.0
5229,lbfgs,8.261888069682755e-06,0.001971350284293294,0.0
5230,lbfgs,8.222619726439007e-06,0.0025736831594258547,0.0
5231,lbfgs,8.064694156928454e-06,0.0013183592818677425,0.0
5232,lbfgs,7.989476216607727e-06,0.0016524262027814984,0.0
5233,lbfgs,7.95736923464574e-06,0.0008238133159466088,0.0
5234,lbfgs,7.943736818560865e-06,0.0004471880092751235,0.0
5235,lbfgs,7.941455805848818e-06,0.0003590646665543318,0.0
5236,lbfgs,7.940024261188228e-06,0.0001635819935472682,0.0
5237,lbfgs,7.939232091302983e-06,0.0001335604174528271,0.0
5238,lbfgs,7.938116141303908e-06,0.00016880990006029606,0.0
5239,lbfgs,7.934702807688154e-06,0.00017828329873736948,0.0
5240,lbfgs,7.926663784019183e-06,0.00024548530927859247,0.0
5241,lbfgs,7.91362708696397e-06,0.0002326791436644271,0.0
5242,lbfgs,7.89663135947194e-06,0.0004913830198347569,0.0
5243,lbfgs,7.889774678915273e-06,0.0009881110163405538,0.0
5244,lbfgs,7.866140549595002e-06,0.0020573728252202272,0.0
5245,lbfgs,7.849250323488377e-06,0.000958730757702142,0.0
5246,lbfgs,7.828227353456896e-06,0.0009643282974138856,0.0
5247,lbfgs,7.787678441673052e-06,0.0009175316663458943,0.0
5248,lbfgs,7.702530638198368e-06,0.0013929365668445826,0.0
5249,lbfgs,7.585349521832541e-06,0.003212341107428074,0.0
5250,lbfgs,7.518603524658829e-06,0.0055406480096280575,0.0
5251,lbfgs,7.442397418344626e-06,0.00252893497236073,0.0
5252,lbfgs,7.379086582659511e-06,0.006066972855478525,0.0
5253,lbfgs,7.197950253612362e-06,0.0012400440173223615,0.0
5254,lbfgs,7.174607162596658e-06,0.0016183843836188316,0.0
5255,lbfgs,7.117804216250079e-06,0.00040546446689404547,0.0
5256,lbfgs,7.0969936132314615e-06,0.001684233546257019,0.0
5257,lbfgs,7.073459073581034e-06,0.001465452485717833,0.0
5258,lbfgs,7.052667569951154e-06,0.0010073068551719189,0.0
5259,lbfgs,7.033526344457641e-06,0.0008646423812024295,0.0
5260,lbfgs,7.020461907814024e-06,0.0012546017533168197,0.0
5261,lbfgs,7.00933287589578e-06,0.0007395233842544258,0.0
5262,lbfgs,7.001020094321575e-06,0.0006556184380315244,0.0
5263,lbfgs,6.992883754719514e-06,0.00038550261524505913,0.0
5264,lbfgs,6.985518666624557e-06,0.00037981659988872707,0.0
5265,lbfgs,6.9812722358619794e-06,0.0003379883128218353,0.0
5266,lbfgs,6.977731572987977e-06,0.0006040019798092544,0.0
5267,lbfgs,6.97442919772584e-06,0.0005212444812059402,0.0
5268,lbfgs,6.970387403271161e-06,0.0003750530886463821,0.0
5269,lbfgs,6.966817181819351e-06,0.00024124384799506515,0.0
5270,lbfgs,6.962395218579331e-06,0.0002805771364364773,0.0
5271,lbfgs,6.95554626872763e-06,0.000351678638253361,0.0
5272,lbfgs,6.9469506343011744e-06,0.00040297172381542623,0.0
5273,lbfgs,6.936491445230786e-06,0.0004530053702183068,0.0
5274,lbfgs,6.928830771357752e-06,0.000285682879621163,0.0
5275,lbfgs,6.924908120709006e-06,0.0004565425042528659,0.0
5276,lbfgs,6.9218931457726285e-06,0.0003148798714391887,0.0
5277,lbfgs,6.920894520590082e-06,0.00019498162146192044,0.0
5278,lbfgs,6.919951374584343e-06,0.0004056293691974133,0.0
5279,lbfgs,6.918697636137949e-06,0.0003518987214192748,0.0
5280,lbfgs,6.915806807228364e-06,0.00022771669318899512,0.0
5281,lbfgs,6.912814569659531e-06,0.00015915448602754623,0.0
5282,lbfgs,6.908637260494288e-06,0.0002898658567573875,0.0
5283,lbfgs,6.902219411131227e-06,0.00048542904551140964,0.0
5284,lbfgs,6.890470558573725e-06,0.0006691984599456191,0.0
5285,lbfgs,6.86662451698794e-06,0.0008642314933240414,0.0
5286,lbfgs,6.812557785451645e-06,0.0007681780261918902,0.0
5287,lbfgs,6.7481782934919465e-06,0.002193988300859928,0.0
5288,lbfgs,6.679433681711089e-06,0.0009766571456566453,0.0
5289,lbfgs,6.603178917430341e-06,0.001699993503279984,0.0
5290,lbfgs,6.546864369738614e-06,0.001859029522165656,0.0
5291,lbfgs,6.4816567828529514e-06,0.0021763865370303392,0.0
5292,lbfgs,6.433168891817331e-06,0.0012257867492735386,0.0
5293,lbfgs,6.410706646420294e-06,0.0034600156359374523,0.0
5294,lbfgs,6.392599516402697e-06,0.001688893768005073,0.0
5295,lbfgs,6.3596903601137456e-06,0.0017041502287611365,0.0
5296,lbfgs,6.338935691019287e-06,0.0005520041449926794,0.0
5297,lbfgs,6.327823939500377e-06,0.0007948748534545302,0.0
5298,lbfgs,6.319274689303711e-06,0.0007898123003542423,0.0
5299,lbfgs,6.31162038189359e-06,0.0005356064066290855,0.0
5300,lbfgs,6.3054826568986755e-06,0.0007694034138694406,0.0
5301,lbfgs,6.299032520473702e-06,0.00025172511232085526,0.0
5302,lbfgs,6.2913236433814745e-06,0.0007710980717092752,0.0
5303,lbfgs,6.282532467594137e-06,0.0005582477897405624,0.0
5304,lbfgs,6.273292456171475e-06,0.00041146870353259146,0.0
5305,lbfgs,6.26671817371971e-06,0.0002382424718234688,0.0
5306,lbfgs,6.259030669752974e-06,0.0007698723347857594,0.0
5307,lbfgs,6.253717401705217e-06,0.0008910378091968596,0.0
5308,lbfgs,6.247374585655052e-06,0.000945565290749073,0.0
5309,lbfgs,6.2409089878201485e-06,0.0002975549432449043,0.0
5310,lbfgs,6.237919933482772e-06,0.00020143228175584227,0.0
5311,lbfgs,6.23459482085309e-06,0.0003589231928344816,0.0
5312,lbfgs,6.232262876437744e-06,0.00020885583944618702,0.0
5313,lbfgs,6.230657618289115e-06,0.0002587185299489647,0.0
5314,lbfgs,6.229454356798669e-06,0.00033095947583206,0.0
5315,lbfgs,6.228406164154876e-06,0.00016821188910398632,0.0
5316,lbfgs,6.22745392320212e-06,0.00010087661939905956,0.0
5317,lbfgs,6.226476216397714e-06,0.00011316117888782173,0.0
5318,lbfgs,6.2241865634860005e-06,0.0001149686286225915,0.0
5319,lbfgs,6.221250259841327e-06,0.00035841178032569587,0.0
5320,lbfgs,6.21763047092827e-06,0.00023643636086490005,0.0
5321,lbfgs,6.213739197846735e-06,0.0008995324606075883,0.0
5322,lbfgs,6.2070266722003e-06,0.00047203784924931824,0.0
5323,lbfgs,6.197727998369373e-06,0.0006397959077730775,0.0
5324,lbfgs,6.183191089803586e-06,0.00044813434942625463,0.0
5325,lbfgs,6.15664612269029e-06,0.0005811135051771998,0.0
5326,lbfgs,6.137835498520872e-06,0.002348847920075059,0.0
5327,lbfgs,6.1111168179195374e-06,0.0020361915230751038,0.0
5328,lbfgs,7.851122973079327e-06,0.022239068523049355,0.0
5329,lbfgs,6.085805580369197e-06,0.0012549808016046882,0.0
5330,lbfgs,6.03949956712313e-06,0.001363345654681325,0.0
5331,lbfgs,6.005254363117274e-06,0.0013076033210381866,0.0
5332,lbfgs,5.938197773502907e-06,0.001397305983118713,0.0
5333,lbfgs,5.905127636651741e-06,0.0015760351670905948,0.0
5334,lbfgs,5.876527211512439e-06,0.0014173563104122877,0.0
5335,lbfgs,5.855514245922677e-06,0.0009709497098810971,0.0
5336,lbfgs,5.830573172715958e-06,0.000855739344842732,0.0
5337,lbfgs,5.898876679566456e-06,0.004947313107550144,0.0
5338,lbfgs,5.818651061417768e-06,0.0010569858131930232,0.0
5339,lbfgs,5.808472451462876e-06,0.0014131090138107538,0.0
5340,lbfgs,5.792259798909072e-06,0.0007719628629274666,0.0
5341,lbfgs,5.783444976259489e-06,0.00045027764281257987,0.0
5342,lbfgs,5.773790235252818e-06,0.000649755063932389,0.0
5343,lbfgs,5.762735781900119e-06,0.0004792132240254432,0.0
5344,lbfgs,5.758231054642238e-06,0.0007136141648516059,0.0
5345,lbfgs,5.753884124715114e-06,0.00050299585564062,0.0
5346,lbfgs,5.750823220296297e-06,0.00019392094691284,0.0
5347,lbfgs,5.749317097070161e-06,0.0001934776228154078,0.0
5348,lbfgs,5.7467486840323545e-06,0.00024335048510693014,0.0
5349,lbfgs,5.7435845519648865e-06,0.0003176211903337389,0.0
5350,lbfgs,5.739921107306145e-06,0.00031728509929962456,0.0
5351,lbfgs,5.735219929192681e-06,0.00028268867754377425,0.0
5352,lbfgs,5.730650173063623e-06,0.0005383403622545302,0.0
5353,lbfgs,5.724637503590202e-06,0.0003579731856007129,0.0
5354,lbfgs,5.719993623642949e-06,0.0002620582818053663,0.0
5355,lbfgs,5.715521183446981e-06,0.00027140119345858693,0.0
5356,lbfgs,5.709259767172625e-06,0.0003631172003224492,0.0
5357,lbfgs,5.704195700673154e-06,0.000467941485112533,0.0
5358,lbfgs,5.697834239981603e-06,0.0003486998029984534,0.0
5359,lbfgs,5.688023065886227e-06,0.0002951581554953009,0.0
5360,lbfgs,5.666820925398497e-06,0.0003114364226348698,0.0
5361,lbfgs,5.634130047837971e-06,0.0005389940924942493,0.0
5362,lbfgs,5.5838481785031036e-06,0.0011157679837197065,0.0
5363,lbfgs,5.506332399818348e-06,0.0009281400125473738,0.0
5364,lbfgs,5.396299002313754e-06,0.0004326161870267242,0.0
5365,lbfgs,5.3497533372137696e-06,0.0006515925051644444,0.0
5366,lbfgs,5.31835348738241e-06,0.000702603196259588,0.0
5367,lbfgs,5.296868494042428e-06,0.0006459294236265123,0.0
5368,lbfgs,5.285513452690793e-06,0.00040418346179649234,0.0
5369,lbfgs,5.280704499455169e-06,0.00023824039089959115,0.0
5370,lbfgs,5.278002845443552e-06,0.00023270440578926355,0.0
5371,lbfgs,5.275574039842468e-06,0.0002796904882416129,0.0
5372,lbfgs,5.272273938317085e-06,0.000256687548244372,0.0
5373,lbfgs,5.268555014481535e-06,0.0003205590764991939,0.0
5374,lbfgs,5.263908860797528e-06,0.0004460387281142175,0.0
5375,lbfgs,5.256683380139293e-06,0.0005565560422837734,0.0
5376,lbfgs,5.248276011116104e-06,0.0005525069427676499,0.0
5377,lbfgs,5.238016456132755e-06,0.000535539467819035,0.0
5378,lbfgs,5.226355824561324e-06,0.0005590608925558627,0.0
5379,lbfgs,5.21202082381933e-06,0.000680310360621661,0.0
5380,lbfgs,5.1932179303548764e-06,0.0007431972189806402,0.0
5381,lbfgs,5.166136816114886e-06,0.0008872440666891634,0.0
5382,lbfgs,5.130264071340207e-06,0.0014251028187572956,0.0
5383,lbfgs,5.101356236991705e-06,0.0011039969976991415,0.0
5384,lbfgs,5.041322310717078e-06,0.0012789737666025758,0.0
5385,lbfgs,5.0000494411506224e-06,0.0012335774954408407,0.0
5386,lbfgs,4.956053089699708e-06,0.0007685947348363698,0.0
5387,lbfgs,4.92487970404909e-06,0.0013562191743403673,0.0
5388,lbfgs,4.877832452621078e-06,0.001992542063817382,0.0
5389,lbfgs,4.830993475479772e-06,0.0004931505536660552,0.0
5390,lbfgs,4.860661647398956e-06,0.004318085499107838,0.0
5391,lbfgs,4.812002316612052e-06,0.0014204444596543908,0.0
5392,lbfgs,4.804477157449583e-06,0.00131253304425627,0.0
5393,lbfgs,4.774907665705541e-06,0.0009106009383685887,0.0
5394,lbfgs,4.767721293319482e-06,0.0008711443515494466,0.0
5395,lbfgs,4.75074011774268e-06,0.0005346653051674366,0.0
5396,lbfgs,4.737179551739246e-06,0.0009983968921005726,0.0
5397,lbfgs,4.718410309578758e-06,0.0006908436771482229,0.0
5398,lbfgs,4.699217242887244e-06,0.00045848239096812904,0.0
5399,lbfgs,4.686547526944196e-06,0.0004562504473142326,0.0
5400,lbfgs,4.671399892686168e-06,0.000812453858088702,0.0
5401,lbfgs,4.664380412577884e-06,0.0003877506824210286,0.0
5402,lbfgs,4.660052127292147e-06,0.00040808552876114845,0.0
5403,lbfgs,4.658265424950514e-06,0.0003536851145327091,0.0
5404,lbfgs,4.656622422771761e-06,0.00025691717746667564,0.0
5405,lbfgs,4.654567419493105e-06,0.00021333001495804638,0.0
5406,lbfgs,4.650211394618964e-06,0.00020029539882671088,0.0
5407,lbfgs,4.645664830604801e-06,0.0002472967316862196,0.0
5408,lbfgs,4.641245595848886e-06,0.00027080404106527567,0.0
5409,lbfgs,4.638496193365427e-06,0.0002977876574732363,0.0
5410,lbfgs,4.6369268602575175e-06,0.0005958388210274279,0.0
5411,lbfgs,4.635254299500957e-06,0.00040708703454583883,0.0
5412,lbfgs,4.632450782082742e-06,0.0003000229480676353,0.0
5413,lbfgs,4.628001079254318e-06,0.00019188276201020926,0.0
5414,lbfgs,4.618337698047981e-06,0.0003086232172790915,0.0
5415,lbfgs,4.59868488178472e-06,0.0004411172412801534,0.0
5416,lbfgs,4.580775112117408e-06,0.0004908161354251206,0.0
5417,lbfgs,4.560974502965109e-06,0.0008053453639149666,0.0
5418,lbfgs,4.539262135949684e-06,0.0007069694111123681,0.0
5419,lbfgs,4.5036904339212924e-06,0.0013443310745060444,0.0
5420,lbfgs,4.455131602298934e-06,0.0013464358635246754,0.0
5421,lbfgs,4.421505764184985e-06,0.0023586812894791365,0.0
5422,lbfgs,4.382624410936842e-06,0.001535089104436338,0.0
5423,lbfgs,4.357767465990037e-06,0.0016674416838213801,0.0
5424,lbfgs,4.3298832679283805e-06,0.0016532805748283863,0.0
5425,lbfgs,4.30260752182221e-06,0.0009020301513373852,0.0
5426,lbfgs,4.267378244549036e-06,0.0018024935852736235,0.0
5427,lbfgs,4.250873189448612e-06,0.0009794586803764105,0.0
5428,lbfgs,4.239569079800276e-06,0.001070141908712685,0.0
5429,lbfgs,4.227424142300151e-06,0.0007214944344013929,0.0
5430,lbfgs,4.220089977025054e-06,0.0007087303674779832,0.0
5431,lbfgs,4.2138331082242075e-06,0.00026921520475298166,0.0
5432,lbfgs,4.207954134471947e-06,0.0005313425208441913,0.0
5433,lbfgs,4.2063952605531085e-06,0.0007337469724006951,0.0
5434,lbfgs,4.201315277896356e-06,0.00032342743361368775,0.0
5435,lbfgs,4.199372142466018e-06,0.0002822328533511609,0.0
5436,lbfgs,4.1970110942202155e-06,0.0002383250102866441,0.0
5437,lbfgs,4.194342636765214e-06,0.00021731285960413516,0.0
5438,lbfgs,4.192323103779927e-06,0.0002614292607177049,0.0
5439,lbfgs,4.189430910628289e-06,0.00026964943390339613,0.0
5440,lbfgs,4.187352715234738e-06,0.0002832106256391853,0.0
5441,lbfgs,4.185186298855115e-06,0.00041928005521185696,0.0
5442,lbfgs,4.183513738098554e-06,0.00020336962188594043,0.0
5443,lbfgs,4.181476015219232e-06,0.0003597924660425633,0.0
5444,lbfgs,4.18051558881416e-06,0.0002647427609190345,0.0
5445,lbfgs,4.179084044153569e-06,0.00014965613081585616,0.0
5446,lbfgs,4.178203198534902e-06,0.00010644726717146114,0.0
5447,lbfgs,4.176169568381738e-06,0.00014008414291311055,0.0
5448,lbfgs,4.173568868282018e-06,0.00018291267042513937,0.0
5449,lbfgs,4.176441962044919e-06,0.0007036819006316364,0.0
5450,lbfgs,4.1715934457897674e-06,0.00035897467751055956,0.0
5451,lbfgs,4.1678399611555506e-06,0.00039598261355422437,0.0
5452,lbfgs,4.166369762970135e-06,0.0012110683601349592,0.0
5453,lbfgs,4.158862793701701e-06,0.0006809859769418836,0.0
5454,lbfgs,4.145630100538256e-06,0.0008040195098146796,0.0
5455,lbfgs,4.1326452446810436e-06,0.000344498927006498,0.0
5456,lbfgs,4.137266387260752e-06,0.0030411595944315195,0.0
5457,lbfgs,4.12271174354828e-06,0.0013485304079949856,0.0
5458,lbfgs,4.10490611102432e-06,0.0007854141877032816,0.0
5459,lbfgs,4.0962131606647745e-06,0.0009285988053306937,0.0
5460,lbfgs,4.088830792170484e-06,0.00026970545877702534,0.0
5461,lbfgs,4.0845538933353964e-06,0.0011690938845276833,0.0
5462,lbfgs,4.0773520595394075e-06,0.0006086966022849083,0.0
5463,lbfgs,4.070192517247051e-06,0.0004514085012488067,0.0
5464,lbfgs,4.0665495362190995e-06,0.0004583119589369744,0.0
5465,lbfgs,4.062293555762153e-06,0.0003964388743042946,0.0
5466,lbfgs,4.057811565871816e-06,0.0003901966556441039,0.0
5467,lbfgs,4.053794327774085e-06,0.0002495956723578274,0.0
5468,lbfgs,4.05821356253e-06,0.0014161810977384448,0.0
5469,lbfgs,4.052197709825123e-06,0.00036431479384191334,0.0
5470,lbfgs,4.049714334541932e-06,0.0005378345958888531,0.0
5471,lbfgs,4.046714821015485e-06,0.0003034877881873399,0.0
5472,lbfgs,4.0450331653119065e-06,0.0004620755498763174,0.0
5473,lbfgs,4.043594344693702e-06,0.0001916110486490652,0.0
5474,lbfgs,4.042790806124685e-06,0.00012691717711277306,0.0
5475,lbfgs,4.042035470774863e-06,0.00013886495435144752,0.0
5476,lbfgs,4.041377906105481e-06,0.0001991204044315964,0.0
5477,lbfgs,4.040784460812574e-06,5.499082908499986e-05,0.0
5478,lbfgs,4.040211933897808e-06,0.0001240862620761618,0.0
5479,lbfgs,4.039794475829694e-06,0.00011160624126205221,0.0
5480,lbfgs,4.0393615563516505e-06,7.893212023191154e-05,0.0
5481,lbfgs,4.038703082187567e-06,0.00013936717004980892,0.0
5482,lbfgs,4.03801732318243e-06,0.00012785855506081134,0.0
5483,lbfgs,4.0372106013819575e-06,0.00021522148745134473,0.0
5484,lbfgs,4.036297013954027e-06,0.0001227494649356231,0.0
5485,lbfgs,4.034856374346418e-06,0.0002616844139993191,0.0
5486,lbfgs,4.032515334984055e-06,0.0002727696264628321,0.0
5487,lbfgs,4.02844989366713e-06,0.00024015344388317317,0.0
5488,lbfgs,4.024179816042306e-06,0.000522107700817287,0.0
5489,lbfgs,4.042961791128619e-06,0.0022153102327138186,0.0
5490,lbfgs,4.021421318611829e-06,0.00018044303578790277,0.0
5491,lbfgs,4.013254510937259e-06,0.000356741453288123,0.0
5492,lbfgs,3.999370619567344e-06,0.0003622278163675219,0.0
5493,lbfgs,3.978249424108071e-06,0.0005209289956837893,0.0
5494,lbfgs,3.9613742046640255e-06,0.0012645707465708256,0.0
5495,lbfgs,4.244247520546196e-06,0.009235016070306301,0.0
5496,lbfgs,3.951276084990241e-06,0.0012072459794580936,0.0
5497,lbfgs,3.935257609555265e-06,0.0004808568046428263,0.0
5498,lbfgs,3.920334620488575e-06,0.0005592465167865157,0.0
5499,lbfgs,3.902131993527291e-06,0.0011162314331158996,0.0
5500,lbfgs,3.890093921654625e-06,0.0007111555314622819,0.0
5501,lbfgs,3.870924956572708e-06,0.0008766799001023173,0.0
5502,lbfgs,3.861060122289928e-06,0.0008531622006557882,0.0
5503,lbfgs,3.862188805214828e-06,0.0019949409179389477,0.0
5504,lbfgs,3.85224802812445e-06,0.0007910224958322942,0.0
5505,lbfgs,3.847905645670835e-06,0.0015045410254970193,0.0
5506,lbfgs,3.83830501959892e-06,0.0008401679806411266,0.0
5507,lbfgs,3.834019935311517e-06,0.0004982815007679164,0.0
5508,lbfgs,3.829860816040309e-06,0.000785086362157017,0.0
5509,lbfgs,3.825094609055668e-06,0.0006255381158553064,0.0
5510,lbfgs,3.8208754631341435e-06,0.00094119634013623,0.0
5511,lbfgs,3.815101536019938e-06,0.0008604572503827512,0.0
5512,lbfgs,3.8075854718044866e-06,0.0009230592404492199,0.0
5513,lbfgs,3.800513695750851e-06,0.0009466205374337733,0.0
5514,lbfgs,3.7917970985290594e-06,0.0005617922288365662,0.0
5515,lbfgs,3.7800541576871183e-06,0.0003730227763298899,0.0
5516,lbfgs,3.772742957153241e-06,0.0002484310243744403,0.0
5517,lbfgs,3.7631998566212133e-06,0.00034031542600132525,0.0
5518,lbfgs,3.75305626221234e-06,0.0003858283453155309,0.0
5519,lbfgs,3.74402520719741e-06,0.0007858836324885488,0.0
5520,lbfgs,3.734748361239326e-06,0.0006397912511602044,0.0
5521,lbfgs,3.7260624594637193e-06,0.0006935898563824594,0.0
5522,lbfgs,3.7189479371591005e-06,0.0009011770016513765,0.0
5523,lbfgs,3.7104948660271475e-06,0.0007425760850310326,0.0
5524,lbfgs,3.7021422940597404e-06,0.0006481777527369559,0.0
5525,lbfgs,3.68778864867636e-06,0.0003535610157996416,0.0
5526,lbfgs,3.678165512610576e-06,0.00033529309439472854,0.0
5527,lbfgs,3.672140337585006e-06,0.0012621937785297632,0.0
5528,lbfgs,3.664018777271849e-06,0.00037599814822897315,0.0
5529,lbfgs,3.6594733501260635e-06,0.0003134220896754414,0.0
5530,lbfgs,3.6532965168589726e-06,0.0005102609866298735,0.0
5531,lbfgs,3.650362941698404e-06,0.0005266842781566083,0.0
5532,lbfgs,3.649081918410957e-06,0.0008146690088324249,0.0
5533,lbfgs,3.645009883257444e-06,0.0004391318652778864,0.0
5534,lbfgs,3.6427129543881165e-06,0.0004289299249649048,0.0
5535,lbfgs,3.6398041629581712e-06,0.00015476428961846977,0.0
5536,lbfgs,3.63765161637275e-06,0.0004467485996428877,0.0
5537,lbfgs,3.635524763012654e-06,0.00046458750148303807,0.0
5538,lbfgs,3.6336623452370986e-06,0.0005505529697984457,0.0
5539,lbfgs,3.6315211673354497e-06,0.00028308527544140816,0.0
5540,lbfgs,3.6294343317422317e-06,0.00028421872411854565,0.0
5541,lbfgs,3.626898660513689e-06,0.00022591034939978272,0.0
5542,lbfgs,3.6253359212423675e-06,0.0003156015882268548,0.0
5543,lbfgs,3.6238093343854416e-06,0.00026000075740739703,0.0
5544,lbfgs,3.6217475098965224e-06,0.00011445529526099563,0.0
5545,lbfgs,3.621057430791552e-06,0.00028922141063958406,0.0
5546,lbfgs,3.619959443312837e-06,0.00017134781228378415,0.0
5547,lbfgs,3.6184219425194897e-06,0.00014320093032438308,0.0
5548,lbfgs,3.616586127463961e-06,0.0003887876227963716,0.0
5549,lbfgs,3.61505681212293e-06,0.00013774161925539374,0.0
5550,lbfgs,3.6134997571934946e-06,9.674364264355972e-05,0.0
5551,lbfgs,3.611388592617004e-06,0.00019751812214963138,0.0
5552,lbfgs,3.6097981137572788e-06,0.0002877003571484238,0.0
5553,lbfgs,3.6081246435060166e-06,0.0003502800245769322,0.0
5554,lbfgs,3.6066180655325297e-06,0.00014048017328605056,0.0
5555,lbfgs,3.6056483168067643e-06,9.223231609212235e-05,0.0
5556,lbfgs,3.604802714107791e-06,0.00012602195783983916,0.0
5557,lbfgs,3.6039609767613e-06,0.00016404925554525107,0.0
5558,lbfgs,3.6031738090969156e-06,0.00036331528099253774,0.0
5559,lbfgs,3.602536935431999e-06,0.0002104491286445409,0.0
5560,lbfgs,3.6014762372360565e-06,0.0001264458114746958,0.0
5561,lbfgs,3.6006933896715054e-06,0.00017155020032078028,0.0
5562,lbfgs,3.5989255593449343e-06,0.00018863542936742306,0.0
5563,lbfgs,3.5968721476820065e-06,0.00040678432560525835,0.0
5564,lbfgs,3.5992795801575994e-06,0.0008525150478817523,0.0
5565,lbfgs,3.5956111332779983e-06,0.00018716990598477423,0.0
5566,lbfgs,3.593503606680315e-06,0.0003294475027360022,0.0
5567,lbfgs,3.5913558349420782e-06,0.00030980107840150595,0.0
5568,lbfgs,3.5891382594854804e-06,0.0002971996436826885,0.0
5569,lbfgs,3.5867826682078885e-06,0.0005640281597152352,0.0
5570,lbfgs,3.591831728044781e-06,0.0020108730532228947,0.0
5571,lbfgs,3.584495061659254e-06,0.0008818609640002251,0.0
5572,lbfgs,3.581363216653699e-06,0.0004918866907246411,0.0
5573,lbfgs,3.5770567592408042e-06,0.00030655768932774663,0.0
5574,lbfgs,3.573333970052772e-06,0.0003095999709330499,0.0
5575,lbfgs,3.569591626728652e-06,0.00033391910255886614,0.0
5576,lbfgs,3.5656178170029307e-06,0.0007214878569357097,0.0
5577,lbfgs,3.562374331522733e-06,0.0004023698274977505,0.0
5578,lbfgs,3.5581992960942443e-06,0.00048304456868208945,0.0
5579,lbfgs,3.549601842678385e-06,0.0007073279120959342,0.0
5580,lbfgs,3.540577381500043e-06,0.0003090719983447343,0.0
5581,lbfgs,3.5358191325940425e-06,0.0013112492160871625,0.0
5582,lbfgs,3.5290688629174838e-06,0.0007815682329237461,0.0
5583,lbfgs,3.5222183214500546e-06,0.0006303280242718756,0.0
5584,lbfgs,3.5122379813401494e-06,0.0006514674169011414,0.0
5585,lbfgs,3.502638264762936e-06,0.0004998549702577293,0.0
5586,lbfgs,3.4939478155138204e-06,0.00029434231691993773,0.0
5587,lbfgs,3.484667558950605e-06,0.0005044424906373024,0.0
5588,lbfgs,3.4778142889990704e-06,0.00043731005280278623,0.0
5589,lbfgs,3.470929641480325e-06,0.001032990519888699,0.0
5590,lbfgs,3.4651352507353295e-06,0.0005575227551162243,0.0
5591,lbfgs,3.4612894523888826e-06,0.0007907632389105856,0.0
5592,lbfgs,3.4596073419379536e-06,0.00026588639593683183,0.0
5593,lbfgs,3.4566528483992442e-06,0.000646259228233248,0.0
5594,lbfgs,3.454392526691663e-06,0.0008295607985928655,0.0
5595,lbfgs,3.450980557317962e-06,0.0007518153288401663,0.0
5596,lbfgs,3.443902414801414e-06,0.0005705198273062706,0.0
5597,lbfgs,3.4395739021420013e-06,0.0005684508942067623,0.0
5598,lbfgs,3.434623977227602e-06,0.0006265028496272862,0.0
5599,lbfgs,3.4274596600880614e-06,0.0007454083533957601,0.0
5600,lbfgs,3.4231602512591053e-06,0.0006455921684391797,0.0
5601,lbfgs,3.417822881601751e-06,0.0007245487067848444,0.0
5602,lbfgs,3.414155116843176e-06,0.0007069144630804658,0.0
5603,lbfgs,3.4089598557329737e-06,0.0005033598863519728,0.0
5604,lbfgs,3.4048548513965216e-06,0.0007064160890877247,0.0
5605,lbfgs,3.4011459320026916e-06,0.0004238919646013528,0.0
5606,lbfgs,3.395599605937605e-06,0.0004820343747269362,0.0
5607,lbfgs,3.383383955224417e-06,0.00040152593282982707,0.0
5608,lbfgs,3.370800186530687e-06,0.0007511352305300534,0.0
5609,lbfgs,3.3510568755446e-06,0.0009177397005259991,0.0
5610,lbfgs,3.3133326269307872e-06,0.0007053903536871076,0.0
5611,lbfgs,3.2816244583955267e-06,0.00168000184930861,0.0
5612,lbfgs,3.2799334803712554e-06,0.001739197177812457,0.0
5613,lbfgs,3.260648327341187e-06,0.0005755590391345322,0.0
5614,lbfgs,3.2451578135805903e-06,0.0007000370533205569,0.0
5615,lbfgs,3.2408390779892216e-06,0.0019509318517521024,0.0
5616,lbfgs,3.2311820632457966e-06,0.000958070857450366,0.0
5617,lbfgs,3.218247684344533e-06,0.0006987064843997359,0.0
5618,lbfgs,3.209422175132204e-06,0.0007114512263797224,0.0
5619,lbfgs,3.201483195880428e-06,0.0014654042897745967,0.0
5620,lbfgs,3.1947772640705807e-06,0.0005491444608196616,0.0
5621,lbfgs,3.1872157251200406e-06,0.0005987482145428658,0.0
5622,lbfgs,3.182023419867619e-06,0.0008417217177338898,0.0
5623,lbfgs,3.178922952429275e-06,0.0007391934050247073,0.0
5624,lbfgs,3.1752110771776643e-06,0.0005965523887425661,0.0
5625,lbfgs,3.1700305953563657e-06,0.0004727482737507671,0.0
5626,lbfgs,3.165942189298221e-06,0.00038324485649354756,0.0
5627,lbfgs,3.162823304592166e-06,0.00046247587306424975,0.0
5628,lbfgs,3.1605418371327687e-06,0.00012239697389304638,0.0
5629,lbfgs,3.158202162012458e-06,0.0005301175406202674,0.0
5630,lbfgs,3.156288357786252e-06,0.0004621246480382979,0.0
5631,lbfgs,3.1540384952677414e-06,0.00040536400047130883,0.0
5632,lbfgs,3.152227009195485e-06,0.0004258162225596607,0.0
5633,lbfgs,3.1490349101659376e-06,0.0004311327065806836,0.0
5634,lbfgs,3.1462543574889423e-06,0.0003940720343962312,0.0
5635,lbfgs,3.143469712085789e-06,0.0004606163129210472,0.0
5636,lbfgs,3.1421104722539894e-06,0.00041651169885881245,0.0
5637,lbfgs,3.1407953429152258e-06,0.000413731875596568,0.0
5638,lbfgs,3.1386878163175425e-06,0.0003381921269465238,0.0
5639,lbfgs,3.137256953777978e-06,0.00031893764389678836,0.0
5640,lbfgs,3.1360793855128577e-06,0.00023700763995293528,0.0
5641,lbfgs,3.134986400255002e-06,0.0002575166872702539,0.0
5642,lbfgs,3.1332710932474583e-06,0.00030534027609974146,0.0
5643,lbfgs,3.131347739326884e-06,0.00025438758893869817,0.0
5644,lbfgs,3.1297229270421667e-06,0.00012889783829450607,0.0
5645,lbfgs,3.1289580419979757e-06,0.0004722758603747934,0.0
5646,lbfgs,3.12799329549307e-06,0.00015183570212684572,0.0
5647,lbfgs,3.1274025786842685e-06,0.00011687351070577279,0.0
5648,lbfgs,3.1258134640665958e-06,0.00011623083264566958,0.0
5649,lbfgs,3.12445354211377e-06,0.00013327850319910794,0.0
5650,lbfgs,3.123386022707564e-06,0.0001280457800021395,0.0
5651,lbfgs,3.1226877581502777e-06,0.0001072446902981028,0.0
5652,lbfgs,3.1214697173709283e-06,0.0001295984402531758,0.0
5653,lbfgs,3.120777591902879e-06,0.00012061966117471457,0.0
5654,lbfgs,3.1199324439512566e-06,0.00016096077160909772,0.0
5655,lbfgs,3.118604581686668e-06,0.00013043939543422312,0.0
5656,lbfgs,3.1169529393082485e-06,0.0001282064476981759,0.0
5657,lbfgs,3.1147969821176957e-06,0.00010516653128433973,0.0
5658,lbfgs,3.1124222914513666e-06,0.00020632734231185168,0.0
5659,lbfgs,3.110631041636225e-06,0.00014696959988214076,0.0
5660,lbfgs,3.108873670498724e-06,0.0003835719544440508,0.0
5661,lbfgs,3.1069466785993427e-06,0.0002678190649021417,0.0
5662,lbfgs,3.103114750047098e-06,0.00023640855215489864,0.0
5663,lbfgs,3.098850811511511e-06,0.000375547242583707,0.0
5664,lbfgs,3.090443442488322e-06,0.0003008746134582907,0.0
5665,lbfgs,3.08070593746379e-06,0.0007706958567723632,0.0
5666,lbfgs,3.0737699034943944e-06,0.0011817460181191564,0.0
5667,lbfgs,3.0755095394852106e-06,0.0022621473763138056,0.0
5668,lbfgs,3.064997144974768e-06,0.0009363808203488588,0.0
5669,lbfgs,3.052867896258249e-06,0.0010192403569817543,0.0
5670,lbfgs,3.040981937374454e-06,0.0006323680281639099,0.0
5671,lbfgs,3.030665766345919e-06,0.0012311087921261787,0.0
5672,lbfgs,3.020787517016288e-06,0.0007017135503701866,0.0
5673,lbfgs,3.0121586860332172e-06,0.0006334398640319705,0.0
5674,lbfgs,3.0017308745300397e-06,0.0005355238099582493,0.0
5675,lbfgs,2.993703219544841e-06,0.0008373977616429329,0.0
5676,lbfgs,2.98014697364124e-06,0.0007339252042584121,0.0
5677,lbfgs,2.962467306133476e-06,0.0007647707825526595,0.0
5678,lbfgs,2.930670689238468e-06,0.0012221427168697119,0.0
5679,lbfgs,2.9078339593979763e-06,0.001429290510714054,0.0
5680,lbfgs,2.8841441235272214e-06,0.0015820582630112767,0.0
5681,lbfgs,2.9900591016485123e-06,0.004226336721330881,0.0
5682,lbfgs,2.877296083170222e-06,0.0014827171107754111,0.0
5683,lbfgs,2.8606041269085836e-06,0.0009897485142573714,0.0
5684,lbfgs,2.8829908842453733e-06,0.003728045616298914,0.0
5685,lbfgs,2.8467334232118446e-06,0.00168210593983531,0.0
5686,lbfgs,2.8147201192041393e-06,0.001146361930295825,0.0
5687,lbfgs,2.786889126582537e-06,0.0008944709552451968,0.0
5688,lbfgs,2.823653176164953e-06,0.0029166184831410646,0.0
5689,lbfgs,2.7650503398035653e-06,0.0008227804792113602,0.0
5690,lbfgs,2.78147354038083e-06,0.003447039984166622,0.0
5691,lbfgs,2.7424225663708057e-06,0.0015781449619680643,0.0
5692,lbfgs,2.7160399440617766e-06,0.000809783989097923,0.0
5693,lbfgs,2.753165745161823e-06,0.003307171631604433,0.0
5694,lbfgs,2.7013406906917226e-06,0.0008379555074498057,0.0
5695,lbfgs,2.6803261334862327e-06,0.000909101334400475,0.0
5696,lbfgs,2.8497449875430902e-06,0.005103515461087227,0.0
5697,lbfgs,2.666069804035942e-06,0.0011205821065232158,0.0
5698,lbfgs,2.646279654072714e-06,0.001138749299570918,0.0
5699,lbfgs,2.6268514830007916e-06,0.0004101087979506701,0.0
5700,lbfgs,2.6175139282713644e-06,0.001388373551890254,0.0
5701,lbfgs,2.610265710245585e-06,0.0007451318087987602,0.0
5702,lbfgs,2.60086517300806e-06,0.00032232364173978567,0.0
5703,lbfgs,2.5981353246606886e-06,0.001040121540427208,0.0
5704,lbfgs,2.590152462289552e-06,0.0004839717876166105,0.0
5705,lbfgs,2.587169319667737e-06,0.0003957254230044782,0.0
5706,lbfgs,2.5852664293779526e-06,0.0003548029635567218,0.0
5707,lbfgs,2.5835790893324884e-06,0.0006206385442055762,0.0
5708,lbfgs,2.5815047592914198e-06,0.0004280190041754395,0.0
5709,lbfgs,2.578953854026622e-06,0.0003384971059858799,0.0
5710,lbfgs,2.57549004345492e-06,0.0002727752143982798,0.0
5711,lbfgs,2.5694143914734013e-06,0.0002989829517900944,0.0
5712,lbfgs,2.5663828182587167e-06,0.0006465402548201382,0.0
5713,lbfgs,2.555325409048237e-06,0.0004985183477401733,0.0
5714,lbfgs,2.5478648240095936e-06,0.000730089726857841,0.0
5715,lbfgs,2.539062734285835e-06,0.0006469754735007882,0.0
5716,lbfgs,2.535288558647153e-06,0.0007354873814620078,0.0
5717,lbfgs,2.531625341362087e-06,0.00030443535069935024,0.0
5718,lbfgs,2.529759058234049e-06,0.000459299044450745,0.0
5719,lbfgs,2.5262863800890045e-06,0.0006819980917498469,0.0
5720,lbfgs,2.5234653548977803e-06,0.0005514085059985518,0.0
5721,lbfgs,2.5189681309711887e-06,0.0004878086328972131,0.0
5722,lbfgs,2.512551418476505e-06,0.0001556592615088448,0.0
5723,lbfgs,2.5016079234774224e-06,0.00032690135412849486,0.0
5724,lbfgs,2.4921359909058083e-06,0.0002971624780911952,0.0
5725,lbfgs,2.485480763425585e-06,0.0005993612576276064,0.0
5726,lbfgs,2.481436922607827e-06,0.00022731615172233433,0.0
5727,lbfgs,2.479191152815474e-06,0.00017597501573618501,0.0
5728,lbfgs,2.477046336935018e-06,0.0002707711246330291,0.0
5729,lbfgs,2.4756543552939547e-06,0.00020284453057684004,0.0
5730,lbfgs,2.4740163553360617e-06,0.0002242291229777038,0.0
5731,lbfgs,2.4713231141504366e-06,0.000320232444209978,0.0
5732,lbfgs,2.468738330207998e-06,0.00031845466583035886,0.0
5733,lbfgs,2.465819989083684e-06,0.00033769014407880604,0.0
5734,lbfgs,2.463531473040348e-06,0.0001328643411397934,0.0
5735,lbfgs,2.461758185745566e-06,0.0002265524963149801,0.0
5736,lbfgs,2.459790721331956e-06,0.00014465236745309085,0.0
5737,lbfgs,2.4579981072747614e-06,0.0004192835185676813,0.0
5738,lbfgs,2.4563817078160355e-06,0.0003050468221772462,0.0
5739,lbfgs,2.4550156467739725e-06,0.0003370501799508929,0.0
5740,lbfgs,2.4536773253203137e-06,0.00026113929925486445,0.0
5741,lbfgs,2.4519647467968753e-06,0.00019263658032286912,0.0
5742,lbfgs,2.4503131044184556e-06,0.00021670253772754222,0.0
5743,lbfgs,2.4488299459335394e-06,0.00027805601712316275,0.0
5744,lbfgs,2.4471003143844428e-06,0.00024772639153525233,0.0
5745,lbfgs,2.444422079861397e-06,0.00022133305901661515,0.0
5746,lbfgs,2.443227913317969e-06,0.0004216405504848808,0.0
5747,lbfgs,2.4421738089586142e-06,0.00017865942209027708,0.0
5748,lbfgs,2.441712922518491e-06,0.00014573702355846763,0.0
5749,lbfgs,2.441378001094563e-06,0.0001920780778164044,0.0
5750,lbfgs,2.4407459022768307e-06,0.00015311571769416332,0.0
5751,lbfgs,2.4396344997512642e-06,9.215743921231478e-05,0.0
5752,lbfgs,2.4389535155933117e-06,7.999358786037192e-05,0.0
5753,lbfgs,2.438061528664548e-06,0.00011058101517846808,0.0
5754,lbfgs,2.4374667191295885e-06,8.881579560693353e-05,0.0
5755,lbfgs,2.4368259801121894e-06,0.0001029388586175628,0.0
5756,lbfgs,2.435959913782426e-06,9.806331217987463e-05,0.0
5757,lbfgs,2.4347925773327006e-06,0.00011269692913629115,0.0
5758,lbfgs,2.433317831673776e-06,0.00015677299234084785,0.0
5759,lbfgs,2.4319192561961245e-06,0.000264204601990059,0.0
5760,lbfgs,2.430593895041966e-06,0.00024747170391492546,0.0
5761,lbfgs,2.429570031381445e-06,0.0001127699579228647,0.0
5762,lbfgs,2.4285659492306877e-06,0.00019284508016426116,0.0
5763,lbfgs,2.427562094453606e-06,0.00019505836826283485,0.0
5764,lbfgs,2.426225364615675e-06,0.00018905768229160458,0.0
5765,lbfgs,2.4246953671536176e-06,0.00016732662334106863,0.0
5766,lbfgs,2.4235955606854986e-06,0.00016976107144728303,0.0
5767,lbfgs,2.42269334194134e-06,0.00022664249991066754,0.0
5768,lbfgs,2.4217836198658915e-06,0.00021201341587584466,0.0
5769,lbfgs,2.420171085759648e-06,0.00027641106862574816,0.0
5770,lbfgs,2.4177782051992835e-06,0.00035713298711925745,0.0
5771,lbfgs,2.4148571355908643e-06,0.0002290278789587319,0.0
5772,lbfgs,2.411883770037093e-06,0.00020515304640866816,0.0
5773,lbfgs,2.4056571419350803e-06,0.00024187547387555242,0.0
5774,lbfgs,2.4000778466870543e-06,0.0003759732935577631,0.0
5775,lbfgs,2.3949680780788185e-06,0.000266562303295359,0.0
5776,lbfgs,2.387256017755135e-06,0.0006036869017407298,0.0
5777,lbfgs,2.3755001166136935e-06,0.0003576278395485133,0.0
5778,lbfgs,2.3603295176144456e-06,0.001305336831137538,0.0
5779,lbfgs,2.3443194550054614e-06,0.0013025911757722497,0.0
5780,lbfgs,2.328275058971485e-06,0.0006964951171539724,0.0
5781,lbfgs,2.3162651814345736e-06,0.001491716830059886,0.0
5782,lbfgs,2.303484734511585e-06,0.0010394112905487418,0.0
5783,lbfgs,2.28368594434869e-06,0.0008040417451411486,0.0
5784,lbfgs,2.2472549972007982e-06,0.0014076810330152512,0.0
5785,lbfgs,2.2258886929193977e-06,0.0013747140765190125,0.0
5786,lbfgs,2.1954247131361626e-06,0.0010888964170590043,0.0
5787,lbfgs,2.1736411781603238e-06,0.0012333980994299054,0.0
5788,lbfgs,2.218533154518809e-06,0.0017994851805269718,0.0
5789,lbfgs,2.157956714654574e-06,0.0007106571574695408,0.0
5790,lbfgs,2.145399548680871e-06,0.0007659614784643054,0.0
5791,lbfgs,2.132063400495099e-06,0.0010954344179481268,0.0
5792,lbfgs,2.1245987227302976e-06,0.0010506586404517293,0.0
5793,lbfgs,2.1164923964533955e-06,0.0011396437184885144,0.0
5794,lbfgs,2.10554753721226e-06,0.0007033571018837392,0.0
5795,lbfgs,2.095962827297626e-06,0.0008262185147032142,0.0
5796,lbfgs,2.0850661712756846e-06,0.0004857841704506427,0.0
5797,lbfgs,2.077546014334075e-06,0.0009024672908708453,0.0
5798,lbfgs,2.067719151455094e-06,0.0005561188445426524,0.0
5799,lbfgs,2.0514428342721658e-06,0.0006952817202545702,0.0
5800,lbfgs,2.0382069578772644e-06,0.0013881551567465067,0.0
5801,lbfgs,2.0212137314956635e-06,0.000993977882899344,0.0
5802,lbfgs,2.0005916212539887e-06,0.001611946034245193,0.0
5803,lbfgs,1.9825861272693146e-06,0.0012414520606398582,0.0
5804,lbfgs,1.9549611351976637e-06,0.0012078637955710292,0.0
5805,lbfgs,1.950200157807558e-06,0.002842539921402931,0.0
5806,lbfgs,1.9218696252210066e-06,0.0013156147906556726,0.0
5807,lbfgs,1.91107301361626e-06,0.0008199153817258775,0.0
5808,lbfgs,1.8932746570499148e-06,0.0007157330401241779,0.0
5809,lbfgs,1.8745283796306467e-06,0.0010546236298978329,0.0
5810,lbfgs,1.8586657688501873e-06,0.0010292555671185255,0.0
5811,lbfgs,1.847153612288821e-06,0.0006795183871872723,0.0
5812,lbfgs,1.8414349369777483e-06,0.0007074536406435072,0.0
5813,lbfgs,1.834202180361899e-06,0.0006131564150564373,0.0
5814,lbfgs,1.8294207393410034e-06,0.0003857704869005829,0.0
5815,lbfgs,1.8240003782921121e-06,0.0004244014562573284,0.0
5816,lbfgs,1.8202632645625272e-06,0.000433955603512004,0.0
5817,lbfgs,1.8177780702899327e-06,0.0002910278853960335,0.0
5818,lbfgs,1.8164384982810589e-06,0.00031816939008422196,0.0
5819,lbfgs,1.8158253851652262e-06,0.0002454837958794087,0.0
5820,lbfgs,1.8152652501157718e-06,0.00018079917936120182,0.0
5821,lbfgs,1.8147201217288966e-06,0.0002324764063814655,0.0
5822,lbfgs,1.8141827240469866e-06,0.000263052323134616,0.0
5823,lbfgs,1.8138288169211592e-06,0.000223631170229055,0.0
5824,lbfgs,1.8132332115783356e-06,0.00016108925046864897,0.0
5825,lbfgs,1.812380787669099e-06,0.00018751304014585912,0.0
5826,lbfgs,1.8114290014636936e-06,0.00028047975501976907,0.0
5827,lbfgs,1.8096271787726437e-06,0.00016873078129719943,0.0
5828,lbfgs,1.807271132747701e-06,0.00036837049992755055,0.0
5829,lbfgs,1.8046923742076615e-06,0.0002519313420634717,0.0
5830,lbfgs,1.801994017114339e-06,0.0003368999168742448,0.0
5831,lbfgs,1.7984102669288404e-06,0.00019008497474715114,0.0
5832,lbfgs,1.795637103896297e-06,0.00035388919059187174,0.0
5833,lbfgs,1.7932655964614241e-06,0.00045427822624333203,0.0
5834,lbfgs,1.791888166735589e-06,0.0003508175432216376,0.0
5835,lbfgs,1.7903315665535047e-06,0.00021203228970989585,0.0
5836,lbfgs,1.7884444787341636e-06,0.00016387098003178835,0.0
5837,lbfgs,1.7864997516880976e-06,0.00025865694624371827,0.0
5838,lbfgs,1.7853380995802581e-06,0.00016060956113506109,0.0
5839,lbfgs,1.784541836968856e-06,0.00015295614139176905,0.0
5840,lbfgs,1.7835128574006376e-06,0.00019223244453314692,0.0
5841,lbfgs,1.782390086191299e-06,0.00017812727310229093,0.0
5842,lbfgs,1.7809975361160468e-06,0.0002490475890226662,0.0
5843,lbfgs,1.7795393887354294e-06,0.00028598299832083285,0.0
5844,lbfgs,1.777999159457977e-06,0.00021950512018520385,0.0
5845,lbfgs,1.7763147752702935e-06,0.0002813854953274131,0.0
5846,lbfgs,1.7740929934007e-06,0.00028662526165135205,0.0
5847,lbfgs,1.7720561800160795e-06,0.0005752737051807344,0.0
5848,lbfgs,1.7693105291982647e-06,0.0003379168047104031,0.0
5849,lbfgs,1.7654722341831075e-06,0.0003703637921717018,0.0
5850,lbfgs,1.7632481785767595e-06,0.0004331662494223565,0.0
5851,lbfgs,1.761019461810065e-06,0.00033139658626168966,0.0
5852,lbfgs,1.7589820799912559e-06,0.00028303047292865813,0.0
5853,lbfgs,1.7570023373991717e-06,0.0003015127731487155,0.0
5854,lbfgs,1.7538965266794548e-06,0.0002781954826787114,0.0
5855,lbfgs,1.7511977148387814e-06,0.00040047671063803136,0.0
5856,lbfgs,1.7480219867138658e-06,0.0004779215669259429,0.0
5857,lbfgs,1.7451656049161102e-06,0.0002638742735143751,0.0
5858,lbfgs,1.740520701787318e-06,0.0003138475294690579,0.0
5859,lbfgs,1.7346070535495528e-06,0.00026130577316507697,0.0
5860,lbfgs,1.7288260778514086e-06,0.0003103057970292866,0.0
5861,lbfgs,1.7237114207091508e-06,0.0003327791637275368,0.0
5862,lbfgs,1.71790134118055e-06,0.00040051070391200483,0.0
5863,lbfgs,1.7126610600826098e-06,0.0006855344399809837,0.0
5864,lbfgs,1.706685566205124e-06,0.000301645282888785,0.0
5865,lbfgs,1.7020133782352787e-06,0.0003629873099271208,0.0
5866,lbfgs,1.7013379647323745e-06,0.0008700890466570854,0.0
5867,lbfgs,1.699130052656983e-06,0.00042410774040035903,0.0
5868,lbfgs,1.6968858744803583e-06,0.0004113202157896012,0.0
5869,lbfgs,1.6947760741459206e-06,0.0004250462516210973,0.0
5870,lbfgs,1.6924070678214775e-06,0.0005191154778003693,0.0
5871,lbfgs,1.6914009393076412e-06,0.00038109460729174316,0.0
5872,lbfgs,1.688490101514617e-06,0.0004952087765559554,0.0
5873,lbfgs,1.6865803900145693e-06,0.00046192933223210275,0.0
5874,lbfgs,1.684888957242947e-06,0.0004249224439263344,0.0
5875,lbfgs,1.6833279232741916e-06,0.0006576149025931954,0.0
5876,lbfgs,1.6817082268971717e-06,0.0003126610245089978,0.0
5877,lbfgs,1.6800374851300148e-06,0.00023945582506712526,0.0
5878,lbfgs,1.6781013982836157e-06,0.00015386614541057497,0.0
5879,lbfgs,1.676770352787571e-06,0.0001504813990322873,0.0
5880,lbfgs,1.6752776446082862e-06,0.0002566644980106503,0.0
5881,lbfgs,1.673526185186347e-06,0.000245665229158476,0.0
5882,lbfgs,1.6708320345060201e-06,0.0002513960935175419,0.0
5883,lbfgs,1.6689928088453598e-06,0.00016292245709337294,0.0
5884,lbfgs,1.6671442608640064e-06,0.00023430446162819862,0.0
5885,lbfgs,1.6652900285407668e-06,0.000244924973230809,0.0
5886,lbfgs,1.6636951158943702e-06,0.00024052787921391428,0.0
5887,lbfgs,1.6618107565591345e-06,0.00021640148770529777,0.0
5888,lbfgs,1.6598023648839444e-06,0.0002741650096140802,0.0
5889,lbfgs,1.6579240309511079e-06,0.0002440843527438119,0.0
5890,lbfgs,1.6563105873501627e-06,0.00024060382565949112,0.0
5891,lbfgs,1.6548702888030675e-06,0.0002871931646950543,0.0
5892,lbfgs,1.653523668210255e-06,0.00018193873984273523,0.0
5893,lbfgs,1.652321770961862e-06,0.00033027553581632674,0.0
5894,lbfgs,1.6508444105056697e-06,0.00033150764647871256,0.0
5895,lbfgs,1.6492890608788002e-06,0.0003902760217897594,0.0
5896,lbfgs,1.6476582231916836e-06,0.00045433384366333485,0.0
5897,lbfgs,1.6446083463961259e-06,0.0004456705937627703,0.0
5898,lbfgs,1.640348045839346e-06,0.0003809790650848299,0.0
5899,lbfgs,1.6352436205124832e-06,0.00026069857995025814,0.0
5900,lbfgs,1.631691588954709e-06,0.00044913601595908403,0.0
5901,lbfgs,1.6292098052872461e-06,0.0006856732652522624,0.0
5902,lbfgs,1.6270520291072899e-06,0.0003344787983223796,0.0
5903,lbfgs,1.6247622625087388e-06,0.00020193983800709248,0.0
5904,lbfgs,1.6224056480496074e-06,0.00026311620604246855,0.0
5905,lbfgs,1.6207378621402313e-06,0.00022741020075045526,0.0
5906,lbfgs,1.6185823596970295e-06,0.00024355070490855724,0.0
5907,lbfgs,1.6170215531019494e-06,0.00028746924363076687,0.0
5908,lbfgs,1.6157640629899106e-06,0.0001530870358692482,0.0
5909,lbfgs,1.6148451322806068e-06,0.000260811997577548,0.0
5910,lbfgs,1.6136898466356797e-06,0.0001739792205626145,0.0
5911,lbfgs,1.6126354012158117e-06,0.000318578677251935,0.0
5912,lbfgs,1.6116584902192699e-06,0.00011954596993746236,0.0
5913,lbfgs,1.6108620002341922e-06,0.00011620551231317222,0.0
5914,lbfgs,1.6098019841592759e-06,0.00016435452562291175,0.0
5915,lbfgs,1.6080898603831884e-06,0.00018855123198591173,0.0
5916,lbfgs,1.6053771787483129e-06,0.00022228893067222089,0.0
5917,lbfgs,1.6055407741077943e-06,0.0005059171817265451,0.0
5918,lbfgs,1.6031907534852508e-06,0.00031411112286150455,0.0
5919,lbfgs,1.5990984820746235e-06,0.0001389528188155964,0.0
5920,lbfgs,1.593098772900703e-06,0.00024050069623626769,0.0
5921,lbfgs,1.5870056131461752e-06,0.000361673446604982,0.0
5922,lbfgs,1.5838677427382208e-06,0.0007648934843018651,0.0
5923,lbfgs,1.5813620848348364e-06,0.00039004889549687505,0.0
5924,lbfgs,1.5787974234626745e-06,0.0002636882709339261,0.0
5925,lbfgs,1.576526187818672e-06,0.00035141376429237425,0.0
5926,lbfgs,1.5744539041406824e-06,0.0002017894439632073,0.0
5927,lbfgs,1.57272256728902e-06,0.00014927635493222624,0.0
5928,lbfgs,1.5713558241259307e-06,0.00017435548943467438,0.0
5929,lbfgs,1.5702266864536796e-06,0.00024118588771671057,0.0
5930,lbfgs,1.5690866348450072e-06,0.0002246747462777421,0.0
5931,lbfgs,1.5678103864047443e-06,9.527387737762183e-05,0.0
5932,lbfgs,1.566884748172015e-06,0.00013640672841574997,0.0
5933,lbfgs,1.5660502867831383e-06,0.00011401182564441115,0.0
5934,lbfgs,1.5655384686397156e-06,7.857641321606934e-05,0.0
5935,lbfgs,1.5653151876904303e-06,0.00012342869013082236,0.0
5936,lbfgs,1.5651003195671365e-06,6.217666668817401e-05,0.0
5937,lbfgs,1.564895114825049e-06,5.796454206574708e-05,0.0
5938,lbfgs,1.5645356370441732e-06,8.855037594912574e-05,0.0
5939,lbfgs,1.5644251334379078e-06,0.0002161200827686116,0.0
5940,lbfgs,1.563955834171793e-06,7.08309598849155e-05,0.0
5941,lbfgs,1.5638241848137113e-06,3.452692544669844e-05,0.0
5942,lbfgs,1.563646264912677e-06,3.690336234285496e-05,0.0
5943,lbfgs,1.5634645933459979e-06,5.1051436457782984e-05,0.0
5944,lbfgs,1.5633071370757534e-06,6.181173375807703e-05,0.0
5945,lbfgs,1.5631204632882145e-06,8.271977276308462e-05,0.0
5946,lbfgs,1.5629141216777498e-06,0.00011981735588051379,0.0
5947,lbfgs,1.5625715832356946e-06,0.00011776133760577068,0.0
5948,lbfgs,1.5620628346368903e-06,0.00011911336332559586,0.0
5949,lbfgs,1.5612299648637418e-06,9.812029747990891e-05,0.0
5950,lbfgs,1.5599060816384736e-06,0.00011851875024149194,0.0
5951,lbfgs,1.5580327499264968e-06,0.0002675327123142779,0.0
5952,lbfgs,1.555720018586726e-06,0.00038552694604732096,0.0
5953,lbfgs,1.5530313248746097e-06,0.0006021424196660519,0.0
5954,lbfgs,1.5498561651838827e-06,0.0005738452891819179,0.0
5955,lbfgs,1.5458447251148755e-06,0.0007641593110747635,0.0
5956,lbfgs,1.5414551626236062e-06,0.0004578925727400929,0.0
5957,lbfgs,1.537270577500749e-06,0.0011099985567852855,0.0
5958,lbfgs,1.5315778227886767e-06,0.000790908932685852,0.0
5959,lbfgs,1.5236029184961808e-06,0.0004996397765353322,0.0
5960,lbfgs,1.518623889751325e-06,0.0004951055743731558,0.0
5961,lbfgs,1.5092859939613845e-06,0.00048229063395410776,0.0
5962,lbfgs,1.5027170547909918e-06,0.0007733640377409756,0.0
5963,lbfgs,1.4946805322324508e-06,0.0006029658252373338,0.0
5964,lbfgs,1.4881607057759538e-06,0.00046454701805487275,0.0
5965,lbfgs,1.4799118162045488e-06,0.0006181100034154952,0.0
5966,lbfgs,1.476039869885426e-06,0.000591907708439976,0.0
5967,lbfgs,1.4702527550980449e-06,0.0005927454913035035,0.0
5968,lbfgs,1.464766910430626e-06,0.0011643758043646812,0.0
5969,lbfgs,1.4584759355784627e-06,0.0005462777335196733,0.0
5970,lbfgs,1.4530069165630266e-06,0.0003324839926790446,0.0
5971,lbfgs,1.4459430985880317e-06,0.0003721754183061421,0.0
5972,lbfgs,1.4384024780156324e-06,0.00023964728461578488,0.0
5973,lbfgs,1.436134084542573e-06,0.000965152692515403,0.0
5974,lbfgs,1.432331600881298e-06,0.00042532040970399976,0.0
5975,lbfgs,1.4297229427029379e-06,0.00020038308866787702,0.0
5976,lbfgs,1.4274222621679655e-06,0.0001963155809789896,0.0
5977,lbfgs,1.4262629974837182e-06,0.00010172204929403961,0.0
5978,lbfgs,1.4259168210628559e-06,0.00016570050502195954,0.0
5979,lbfgs,1.4254627558329958e-06,8.422099199378863e-05,0.0
5980,lbfgs,1.4252659639168996e-06,5.922355558141135e-05,0.0
5981,lbfgs,1.4251525044528535e-06,5.0785482017090544e-05,0.0
5982,lbfgs,1.425859181836131e-06,0.000360067788278684,0.0
5983,lbfgs,1.4250209687816096e-06,8.313982107210904e-05,0.0
5984,lbfgs,1.4248730622057337e-06,4.4558470108313486e-05,0.0
5985,lbfgs,1.4247221997720771e-06,6.497090362245217e-05,0.0
5986,lbfgs,1.4246130604078644e-06,6.62102029309608e-05,0.0
5987,lbfgs,1.4244828889786731e-06,8.299475302919745e-05,0.0
5988,lbfgs,1.4243654504753067e-06,7.17081711627543e-05,0.0
5989,lbfgs,1.4241078361010295e-06,7.266430475283414e-05,0.0
5990,lbfgs,1.423825437996129e-06,9.482158202445135e-05,0.0
5991,lbfgs,1.4235197340894956e-06,6.441328878281638e-05,0.0
5992,lbfgs,1.4232931562219164e-06,8.332751895068213e-05,0.0
5993,lbfgs,1.4230914757717983e-06,7.215794175863266e-05,0.0
5994,lbfgs,1.4229473208615673e-06,5.177637649467215e-05,0.0
5995,lbfgs,1.4226825442165136e-06,5.3028870752314106e-05,0.0
5996,lbfgs,1.4223586504158447e-06,6.742117693647742e-05,0.0
5997,lbfgs,1.4217725947673898e-06,8.943582361098379e-05,0.0
5998,lbfgs,1.4209362007022719e-06,0.00022073453874327242,0.0
5999,lbfgs,1.4198930102793383e-06,0.00016500013589393348,0.0
6000,lbfgs,1.418421334165032e-06,0.00032673118403181434,0.0
6001,lbfgs,1.4164091908241971e-06,0.0002575081598479301,0.0
6002,lbfgs,1.414408188793459e-06,0.0002075815573334694,0.0
6003,lbfgs,1.4119017350822105e-06,0.00037287751911208034,0.0
6004,lbfgs,1.4097402072366094e-06,0.0004650824121199548,0.0
6005,lbfgs,1.405758212058572e-06,0.0006870520883239806,0.0
6006,lbfgs,1.400825794917182e-06,0.0006260494119487703,0.0
6007,lbfgs,1.3971202861284837e-06,0.0004981409292668104,0.0
6008,lbfgs,1.3925339317211183e-06,0.0003435783728491515,0.0
6009,lbfgs,1.3884855434298515e-06,0.0005688857054337859,0.0
6010,lbfgs,1.385175437462749e-06,0.0007284678868018091,0.0
6011,lbfgs,1.383149424327712e-06,0.0003404517483431846,0.0
6012,lbfgs,1.378538854623912e-06,0.0009412801009602845,0.0
6013,lbfgs,1.3724401242143358e-06,0.00070996955037117,0.0
6014,lbfgs,1.3728098338106065e-06,0.0012059403816238046,0.0
6015,lbfgs,1.3683547877008095e-06,0.0005203679902479053,0.0
6016,lbfgs,1.3613174587590038e-06,0.0005043602432124317,0.0
6017,lbfgs,1.3506577261068742e-06,0.0013873169664293528,0.0
6018,lbfgs,1.3664623566000955e-06,0.0017934739589691162,0.0
6019,lbfgs,1.3448197933030315e-06,0.0010418600868433714,0.0
6020,lbfgs,1.3428186775854556e-06,0.0010563450632616878,0.0
6021,lbfgs,1.3334762343220063e-06,0.0009315311326645315,0.0
6022,lbfgs,1.32953960019222e-06,0.0009730423334985971,0.0
6023,lbfgs,1.3229296200734098e-06,0.0011764008086174726,0.0
6024,lbfgs,1.3218891581345815e-06,0.001415599719621241,0.0
6025,lbfgs,1.3170293868824956e-06,0.0012253699824213982,0.0
6026,lbfgs,1.3130108982295496e-06,0.0013627411099150777,0.0
6027,lbfgs,1.316820544161601e-06,0.001061346149072051,0.0
6028,lbfgs,1.3083455314699677e-06,0.0008609600481577218,0.0
6029,lbfgs,1.3019600828556577e-06,0.0007431918056681752,0.0
6030,lbfgs,1.295320089411689e-06,0.0007073775050230324,0.0
6031,lbfgs,1.2897111218990176e-06,0.0017085575964301825,0.0
6032,lbfgs,1.2804814559785882e-06,0.0003927239740733057,0.0
6033,lbfgs,1.2751843314617872e-06,0.000669762899633497,0.0
6034,lbfgs,1.2697805686912034e-06,0.0008458212832920253,0.0
6035,lbfgs,1.263831450160069e-06,0.0008458740776404738,0.0
6036,lbfgs,1.2584484920807881e-06,0.0008292167913168669,0.0
6037,lbfgs,1.2532316304714186e-06,0.0007654171204194427,0.0
6038,lbfgs,1.2486096920838463e-06,0.0003709417360369116,0.0
6039,lbfgs,1.2401192179822829e-06,0.00039702217327430844,0.0
6040,lbfgs,1.2340219655015972e-06,0.0009106273646466434,0.0
6041,lbfgs,1.220795752487902e-06,0.0012013714294880629,0.0
6042,lbfgs,1.2137674048062763e-06,0.0006792365456931293,0.0
6043,lbfgs,1.20691572647047e-06,0.001321242074482143,0.0
6044,lbfgs,1.1929895435969229e-06,0.0005051838234066963,0.0
6045,lbfgs,1.1794277270382736e-06,0.000606416491791606,0.0
6046,lbfgs,1.1677732345560798e-06,0.0016248163301497698,0.0
6047,lbfgs,1.1759806284317165e-06,0.002510069403797388,0.0
6048,lbfgs,1.1583521200009272e-06,0.0009470944060012698,0.0
6049,lbfgs,1.160110286946292e-06,0.0007524222019128501,0.0
6050,lbfgs,1.150533762483974e-06,0.0006123253842815757,0.0
6051,lbfgs,1.1503850601002341e-06,0.000909264839719981,0.0
6052,lbfgs,1.1468044931461918e-06,0.00023675303964409977,0.0
6053,lbfgs,1.1415564813432866e-06,0.0003855159447994083,0.0
6054,lbfgs,1.1365970067345188e-06,0.0004181934637017548,0.0
6055,lbfgs,1.1364911642886e-06,0.0006839074776507914,0.0
6056,lbfgs,1.134624881160562e-06,0.0004506825061980635,0.0
6057,lbfgs,1.1325778359605465e-06,0.0004764231853187084,0.0
6058,lbfgs,1.1317795269860653e-06,0.00033871582127176225,0.0
6059,lbfgs,1.1299216566840187e-06,0.0004481309442780912,0.0
6060,lbfgs,1.1284165566394222e-06,0.0004639880498871207,0.0
6061,lbfgs,1.1269328297203174e-06,0.0003673587052617222,0.0
6062,lbfgs,1.1246463600400602e-06,0.0002523352741263807,0.0
6063,lbfgs,1.1235227930228575e-06,0.00021691163419745862,0.0
6064,lbfgs,1.1224352647332125e-06,0.0001789277739590034,0.0
6065,lbfgs,1.121512582358264e-06,0.0002997777773998678,0.0
6066,lbfgs,1.1209029935344006e-06,0.0002314076409675181,0.0
6067,lbfgs,1.1201166216778802e-06,0.00018435723904985934,0.0
6068,lbfgs,1.119615603784041e-06,0.00015876867109909654,0.0
6069,lbfgs,1.1187557902303524e-06,0.0001575387577759102,0.0
6070,lbfgs,1.1180030696777976e-06,0.0001973444304894656,0.0
6071,lbfgs,1.11722454221308e-06,0.00017571705393493176,0.0
6072,lbfgs,1.1166011972818524e-06,0.0002445894933771342,0.0
6073,lbfgs,1.115651457439526e-06,0.00022919518232811242,0.0
6074,lbfgs,1.114715473704564e-06,0.000325732835335657,0.0
6075,lbfgs,1.1135542763440753e-06,0.00018781192193273455,0.0
6076,lbfgs,1.112339077735669e-06,0.00014235284470487386,0.0
6077,lbfgs,1.1107686077593826e-06,0.00012447708286345005,0.0
6078,lbfgs,1.1099613175247214e-06,0.00030894504743628204,0.0
6079,lbfgs,1.1089031204392086e-06,0.00021529373771045357,0.0
6080,lbfgs,1.1081801858381368e-06,0.00012131824041716754,0.0
6081,lbfgs,1.1071879271185026e-06,0.00012970982061233371,0.0
6082,lbfgs,1.1062538760597818e-06,9.016469266498461e-05,0.0
6083,lbfgs,1.1053002708649728e-06,8.145187894115224e-05,0.0
6084,lbfgs,1.1046164445360773e-06,0.0001266309554921463,0.0
6085,lbfgs,1.1041241805287427e-06,8.063921268330887e-05,0.0
6086,lbfgs,1.1036355545002152e-06,8.297491149278358e-05,0.0
6087,lbfgs,1.1030907671738532e-06,0.00016504855011589825,0.0
6088,lbfgs,1.1026388619939098e-06,9.173856233246624e-05,0.0
6089,lbfgs,1.1020561032637488e-06,6.648551061516628e-05,0.0
6090,lbfgs,1.1012525646947324e-06,7.517763151554391e-05,0.0
6091,lbfgs,1.1002229030054878e-06,0.00014912924962118268,0.0
6092,lbfgs,1.0995714774253429e-06,9.559937461744994e-05,0.0
6093,lbfgs,1.0991727776854532e-06,0.0001280455762753263,0.0
6094,lbfgs,1.0988129588440643e-06,6.151415436761454e-05,0.0
6095,lbfgs,1.0983926586050075e-06,0.00010776402632473037,0.0
6096,lbfgs,1.097651193049387e-06,0.00014578022819478065,0.0
6097,lbfgs,1.0972701147693442e-06,0.00011179355351487175,0.0
6098,lbfgs,1.096533083000395e-06,8.265810902230442e-05,0.0
6099,lbfgs,1.095979314413853e-06,6.404080340871587e-05,0.0
6100,lbfgs,1.094983645089087e-06,0.0001230121561093256,0.0
6101,lbfgs,1.094088474928867e-06,8.308019459946081e-05,0.0
6102,lbfgs,1.0928818028332898e-06,9.592118294676766e-05,0.0
6103,lbfgs,1.0916010069195181e-06,0.00015804619761183858,0.0
6104,lbfgs,1.090532691705448e-06,8.620864537078887e-05,0.0
6105,lbfgs,1.0898506843659561e-06,9.518577280687168e-05,0.0
6106,lbfgs,1.0892923683059053e-06,8.556468674214557e-05,0.0
6107,lbfgs,1.0888645647355588e-06,0.00011082187120337039,0.0
6108,lbfgs,1.088383783098834e-06,9.629415581002831e-05,0.0
6109,lbfgs,1.0877729437197559e-06,0.00011953927605645731,0.0
6110,lbfgs,1.0869337074836949e-06,0.00011068127059843391,0.0
6111,lbfgs,1.085959638658096e-06,0.00015337436343543231,0.0
6112,lbfgs,1.084685891328263e-06,0.00016453272837679833,0.0
6113,lbfgs,1.082947846953175e-06,0.00028072239365428686,0.0
6114,lbfgs,1.0805545116454596e-06,0.0002631288662087172,0.0
6115,lbfgs,1.0785580570882303e-06,0.0004334778350312263,0.0
6116,lbfgs,1.076933585864026e-06,0.00042537428089417517,0.0
6117,lbfgs,1.075837531061552e-06,0.0001394409337081015,0.0
6118,lbfgs,1.0748804015747737e-06,0.0002011940669035539,0.0
6119,lbfgs,1.0736386002463405e-06,0.00023266497009899467,0.0
6120,lbfgs,1.072164991455793e-06,0.0001754893601173535,0.0
6121,lbfgs,1.0705756494644447e-06,0.00019668992899823934,0.0
6122,lbfgs,1.068324536390719e-06,9.234237222699448e-05,0.0
6123,lbfgs,1.0662155318641453e-06,0.0002087787288473919,0.0
6124,lbfgs,1.0646215287124505e-06,8.11136414995417e-05,0.0
6125,lbfgs,1.063579588844732e-06,0.0002127569605363533,0.0
6126,lbfgs,1.0626312132444582e-06,0.00016776226402726024,0.0
6127,lbfgs,1.0616623740133946e-06,9.702496754471213e-05,0.0
6128,lbfgs,1.06082381989836e-06,0.00014622852904722095,0.0
6129,lbfgs,1.0598131439110148e-06,0.0002680109173525125,0.0
6130,lbfgs,1.058621023730666e-06,0.00020742662309203297,0.0
6131,lbfgs,1.0573905910860049e-06,0.0001218772740685381,0.0
6132,lbfgs,1.0560394230196835e-06,0.0001793744449969381,0.0
6133,lbfgs,1.0549071021159762e-06,0.00020284749916754663,0.0
6134,lbfgs,1.0536477930145338e-06,0.00013946204853709787,0.0
6135,lbfgs,1.0522917364141904e-06,0.0002717044553719461,0.0
6136,lbfgs,1.0511616892472375e-06,0.00023798395704943687,0.0
6137,lbfgs,1.0499346672077081e-06,0.0001961290108738467,0.0
6138,lbfgs,1.0483998948984663e-06,0.00026627525221556425,0.0
6139,lbfgs,1.046958004735643e-06,0.00018261400691699237,0.0
6140,lbfgs,1.0452214382894454e-06,0.0002445415884722024,0.0
6141,lbfgs,1.0432841008878313e-06,0.00031996003235690296,0.0
6142,lbfgs,1.0409006563349976e-06,0.0004209175531286746,0.0
6143,lbfgs,1.0385533641965594e-06,0.00028338111587800086,0.0
6144,lbfgs,1.036440949064854e-06,0.000428290746640414,0.0
6145,lbfgs,1.0376700174674625e-06,0.00044472271110862494,0.0
6146,lbfgs,1.0356317261539516e-06,0.00031736717210151255,0.0
6147,lbfgs,1.034570573210658e-06,0.0003912260290235281,0.0
6148,lbfgs,1.0334447324567009e-06,0.00043648574501276016,0.0
6149,lbfgs,1.0321271020075073e-06,0.00047144124982878566,0.0
6150,lbfgs,1.0295730135112535e-06,0.0004519469803199172,0.0
6151,lbfgs,1.0266921890433878e-06,0.0003931489773094654,0.0
6152,lbfgs,1.022347305479343e-06,0.00033228774555027485,0.0
6153,lbfgs,1.0177980129810749e-06,0.00026482989778742194,0.0
6154,lbfgs,1.0151039759875857e-06,0.0005188053473830223,0.0
6155,lbfgs,1.0146087561224704e-06,0.0007339640287682414,0.0
6156,lbfgs,1.0113617463503033e-06,0.0002331703872187063,0.0
6157,lbfgs,1.009732045531564e-06,0.0003693105827551335,0.0
6158,lbfgs,1.006800630420912e-06,0.00043463517795316875,0.0
6159,lbfgs,1.0016757414632593e-06,0.0008951477357186377,0.0
6160,lbfgs,9.960150464394246e-07,0.0006159162730909884,0.0
6161,lbfgs,9.87904059002176e-07,0.0007684388547204435,0.0
6162,lbfgs,9.844409305515e-07,0.00117324641905725,0.0
6163,lbfgs,9.792511264095083e-07,0.0009960245806723833,0.0
6164,lbfgs,9.766597486304818e-07,0.0006387184257619083,0.0
6165,lbfgs,9.713592135085491e-07,0.0009409655467607081,0.0
6166,lbfgs,9.648694003772107e-07,0.0005245970096439123,0.0
6167,lbfgs,9.598420547263231e-07,0.001059859641827643,0.0
6168,lbfgs,9.564122365190997e-07,0.0006366275483742356,0.0
6169,lbfgs,9.54147253651172e-07,0.00042739612399600446,0.0
6170,lbfgs,9.511252869742748e-07,0.000315421842969954,0.0
6171,lbfgs,9.495048516328097e-07,0.0005526159657165408,0.0
6172,lbfgs,9.464413324167253e-07,0.0004388024390209466,0.0
6173,lbfgs,9.419272828381509e-07,0.0007525566034018993,0.0
6174,lbfgs,9.388111266162014e-07,0.000422888231696561,0.0
6175,lbfgs,9.390074637849466e-07,0.0008416039636358619,0.0
6176,lbfgs,9.373965781378502e-07,0.0004356952849775553,0.0
6177,lbfgs,9.353419727631263e-07,0.0004623069253284484,0.0
6178,lbfgs,9.340740234620171e-07,0.000617247074842453,0.0
6179,lbfgs,9.327131920144893e-07,0.00047809220268391073,0.0
6180,lbfgs,9.31005899929005e-07,0.0006212618900462985,0.0
6181,lbfgs,9.296910548073356e-07,0.00032509310403838754,0.0
6182,lbfgs,9.288221463066293e-07,0.00039374700281769037,0.0
6183,lbfgs,9.274551757698646e-07,0.00021246593678370118,0.0
6184,lbfgs,9.266626648241072e-07,0.0001386685180477798,0.0
6185,lbfgs,9.260368756258686e-07,0.00026962492847815156,0.0
6186,lbfgs,9.247661409972352e-07,0.00024878812837414443,0.0
6187,lbfgs,9.228479598277772e-07,0.0002625405031722039,0.0
6188,lbfgs,9.210197049469571e-07,0.00044374962453730404,0.0
6189,lbfgs,9.198440693580778e-07,0.0003836601390503347,0.0
6190,lbfgs,9.205060109707119e-07,0.0003584245278034359,0.0
6191,lbfgs,9.190110290546727e-07,0.00015814436483196914,0.0
6192,lbfgs,9.175863056043454e-07,0.0002933534560725093,0.0
6193,lbfgs,9.157690215033654e-07,0.0004689641355071217,0.0
6194,lbfgs,9.137077654486347e-07,0.00045243281056173146,0.0
6195,lbfgs,9.105323783842323e-07,0.00030934548703953624,0.0
6196,lbfgs,9.070952273759758e-07,0.00037595679168589413,0.0
6197,lbfgs,9.064557389137917e-07,0.0008689381647855043,0.0
6198,lbfgs,9.050899052454042e-07,0.0003962600603699684,0.0
6199,lbfgs,9.019495905704389e-07,0.00022380991140380502,0.0
6200,lbfgs,8.976265917226556e-07,0.0005003929254598916,0.0
6201,lbfgs,8.944844580582867e-07,0.000708585896063596,0.0
6202,lbfgs,8.951299150794512e-07,0.0011311692651361227,0.0
6203,lbfgs,8.920616778596013e-07,0.000402540696086362,0.0
6204,lbfgs,8.890576168596453e-07,0.0003932228428311646,0.0
6205,lbfgs,8.870640044733591e-07,0.0006872767698951066,0.0
6206,lbfgs,8.835124276629358e-07,0.000467546284198761,0.0
6207,lbfgs,8.813247518446587e-07,0.0005547379842028022,0.0
6208,lbfgs,8.788888408162165e-07,0.00029204017482697964,0.0
6209,lbfgs,8.774398452260357e-07,0.0002770396531559527,0.0
6210,lbfgs,8.757790510571795e-07,0.00022168515715748072,0.0
6211,lbfgs,8.741305350667972e-07,0.0002988868218380958,0.0
6212,lbfgs,8.724683198124694e-07,0.0006061792373657227,0.0
6213,lbfgs,8.706165317562409e-07,0.00029886222910135984,0.0
6214,lbfgs,8.685094030624896e-07,0.0002283214998897165,0.0
6215,lbfgs,8.690255413057457e-07,0.0007911534630693495,0.0
6216,lbfgs,8.678576932652504e-07,0.00031976093305274844,0.0
6217,lbfgs,8.672990929881053e-07,0.0003798535035457462,0.0
6218,lbfgs,8.65561105456436e-07,0.0001717384730000049,0.0
6219,lbfgs,8.64325386373821e-07,0.00026672330568544567,0.0
6220,lbfgs,8.625259511063632e-07,0.0002619634324219078,0.0
6221,lbfgs,8.613218369646347e-07,0.0004969759029336274,0.0
6222,lbfgs,8.605834409536328e-07,0.0005293767899274826,0.0
6223,lbfgs,8.590736797486898e-07,0.0002603392058517784,0.0
6224,lbfgs,8.586184776504524e-07,0.00022641386021859944,0.0
6225,lbfgs,8.582112513977336e-07,0.00017514938372187316,0.0
6226,lbfgs,8.57500083384366e-07,0.00019237076048739254,0.0
6227,lbfgs,8.571329885853629e-07,0.00010126678535016254,0.0
6228,lbfgs,8.568372322770301e-07,8.418950892519206e-05,0.0
6229,lbfgs,8.564796871723956e-07,7.590546738356352e-05,0.0
6230,lbfgs,8.563426945329411e-07,0.0001453665754524991,0.0
6231,lbfgs,8.561942763662955e-07,0.0001449952251277864,0.0
6232,lbfgs,8.559478033021151e-07,0.00012205899838590994,0.0
6233,lbfgs,8.557597652725235e-07,5.4170544899534434e-05,0.0
6234,lbfgs,8.55603957461426e-07,5.134782622917555e-05,0.0
6235,lbfgs,8.555253430131415e-07,5.112760845804587e-05,0.0
6236,lbfgs,8.554563351026445e-07,4.844989598495886e-05,0.0
6237,lbfgs,8.554047781217378e-07,4.8722697101766244e-05,0.0
6238,lbfgs,8.55346684147662e-07,4.567112046061084e-05,0.0
6239,lbfgs,8.552794383831497e-07,5.307736137183383e-05,0.0
6240,lbfgs,8.55250334552693e-07,4.4541920942720026e-05,0.0
6241,lbfgs,8.552129315830825e-07,5.792165393359028e-05,0.0
6242,lbfgs,8.55204973504442e-07,5.120290006743744e-05,0.0
