iteration,phase,loss,grad_norm,circuit_grad_norm
0,adam,1.5411203432856038,0.6925609318547017,0.0
1,adam,1.5173815795215113,0.6752571159906353,0.0
2,adam,1.4942357423804222,0.6698828462873228,0.0
3,adam,1.4712408201301246,0.6742647453171959,0.0
4,adam,1.4479806936675246,0.6868650081647414,0.0
5,adam,1.424065540711886,0.706874360514333,0.0
6,adam,1.399174531338991,0.7335204525718311,0.0
7,adam,1.3730539785114682,0.7657580193574333,0.0
8,adam,1.3454954114995303,0.802289537699307,0.0
9,adam,1.3163302874515583,0.8415789998333787,0.0
10,adam,1.2854444015281197,0.8818089768599726,0.0
11,adam,1.2527974974323255,0.9208437729321087,0.0
12,adam,1.2184456421989869,0.9562187823559646,0.0
13,adam,1.1825610897554566,0.9851350833674778,0.0
14,adam,1.1454517755661815,1.0044444664327914,0.0
15,adam,1.1075780908062467,1.0106694499075968,0.0
16,adam,1.0695703185924512,1.0000839806427029,0.0
17,adam,1.0322392767915056,0.9687761033742716,0.0
18,adam,0.9965765927088647,0.912862839181148,0.0
19,adam,0.9637369291621396,0.8290893267618328,0.0
20,adam,0.9349922894855683,0.7163854062706948,0.0
21,adam,0.9116287944289063,0.5802536178953042,0.0
22,adam,0.8947229661587595,0.4455064474185712,0.0
23,adam,0.884712746310515,0.380612105607849,0.0
24,adam,0.8809028424236661,0.45191920944237746,0.0
25,adam,0.8813387812155018,0.6066652975452207,0.0
26,adam,0.8832292242027004,0.7702757255139737,0.0
27,adam,0.8837373961657213,0.9041404619973066,0.0
28,adam,0.8807673926430395,0.9883244220021408,0.0
29,adam,0.8734347296463489,1.014979551062855,0.0
30,adam,0.8620659588895647,0.9879912878789332,0.0
31,adam,0.8477903980640435,0.9196627809918303,0.0
32,adam,0.8320031288210047,0.8249136296920753,0.0
33,adam,0.8159755986934424,0.7174421644297343,0.0
34,adam,0.8006810170390608,0.6096920632805253,0.0
35,adam,0.7867444427398594,0.5145231801445491,0.0
36,adam,0.7744362435849405,0.4452975671352169,0.0
37,adam,0.763694205437206,0.4119751610331398,0.0
38,adam,0.7541910210835435,0.4147293185908268,0.0
39,adam,0.7454326864318053,0.44349899986609875,0.0
40,adam,0.7368560457585667,0.485255024521977,0.0
41,adam,0.7279061411800998,0.5294239446065735,0.0
42,adam,0.7180968286751533,0.5687281594445561,0.0
43,adam,0.707063584437997,0.5986122651178368,0.0
44,adam,0.6945993910123678,0.6167342214568202,0.0
45,adam,0.6806648868510967,0.6225365876578098,0.0
46,adam,0.6653730360614473,0.6168324399306045,0.0
47,adam,0.6489541972407568,0.6015297247578847,0.0
48,adam,0.6317090917379743,0.5796003317094002,0.0
49,adam,0.613953111825781,0.5551062265992444,0.0
50,adam,0.595956123404761,0.532736714318575,0.0
51,adam,0.5778926774596361,0.5164511520093357,0.0
52,adam,0.559827549231636,0.507874710870598,0.0
53,adam,0.5417474404981573,0.5058678196566827,0.0
54,adam,0.523616948216701,0.5073705120067988,0.0
55,adam,0.5054239722978756,0.5082060536548574,0.0
56,adam,0.48721394916226757,0.5039050229672617,0.0
57,adam,0.4691251789278269,0.49188022291310324,0.0
58,adam,0.45141106543738996,0.47416140706688414,0.0
59,adam,0.43441023238091636,0.45740044438668287,0.0
60,adam,0.4184655545515239,0.4485776331018647,0.0
61,adam,0.4038497437424241,0.44982261056054773,0.0
62,adam,0.39073175386886627,0.4571888812903397,0.0
63,adam,0.379173412389871,0.46312799085951345,0.0
64,adam,0.36914679682761975,0.4595664531771125,0.0
65,adam,0.36057885674510143,0.4410269167614886,0.0
66,adam,0.35339949271012183,0.4076989595887555,0.0
67,adam,0.34753756455442647,0.36642920634285203,0.0
68,adam,0.3428716976826685,0.3285445084734785,0.0
69,adam,0.33919924405053303,0.3059585411112193,0.0
70,adam,0.33624088342835984,0.30555268426374804,0.0
71,adam,0.3336534881526718,0.3239824572997571,0.0
72,adam,0.3310541977492137,0.35146186021819226,0.0
73,adam,0.3280639204716772,0.37959962250915175,0.0
74,adam,0.3243515625260184,0.40226222286839125,0.0
75,adam,0.3196892628567832,0.41386197064560987,0.0
76,adam,0.31402059593055415,0.4110954311187013,0.0
77,adam,0.3074864044662714,0.3948667197124494,0.0
78,adam,0.30037304785499264,0.3693999477742193,0.0
79,adam,0.29301951945066484,0.3404133896954573,0.0
80,adam,0.28573177314162157,0.3137173002828704,0.0
81,adam,0.2787286399718212,0.2935536066975993,0.0
82,adam,0.27213451902965335,0.2816238634023745,0.0
83,adam,0.2660051435703461,0.2779732317962404,0.0
84,adam,0.26035072017975813,0.2814319854382859,0.0
85,adam,0.25514264453498486,0.28880056600682374,0.0
86,adam,0.2503206694355718,0.2954386524316967,0.0
87,adam,0.24580745491743447,0.2974658783765121,0.0
88,adam,0.24152375231014955,0.2937118936360445,0.0
89,adam,0.23739383059331973,0.28632749048100725,0.0
90,adam,0.23334166295010134,0.27901190840253043,0.0
91,adam,0.22929033399379523,0.2738296519540525,0.0
92,adam,0.22517853685121372,0.2703285559593876,0.0
93,adam,0.22098411821470373,0.2672730621155627,0.0
94,adam,0.21673237254635702,0.26405115400995355,0.0
95,adam,0.21248446438069526,0.2608751099954628,0.0
96,adam,0.20831106349607537,0.25778292851234885,0.0
97,adam,0.20426847864099557,0.2537365659994115,0.0
98,adam,0.20039100726219605,0.24738361892233668,0.0
99,adam,0.1966921623533584,0.2383745615114805,0.0
100,adam,0.19316669704868505,0.22805976544504256,0.0
101,adam,0.18979205009680805,0.21842619307534222,0.0
102,adam,0.1865314978139292,0.2102699318705802,0.0
103,adam,0.18334267472467014,0.20363109989259906,0.0
104,adam,0.18018502418087473,0.19856307502287407,0.0
105,adam,0.1770249881115973,0.19470081910186246,0.0
106,adam,0.173842081207656,0.1909437553719185,0.0
107,adam,0.17063568545325233,0.18633246471486709,0.0
108,adam,0.16742892658394123,0.1813435213182684,0.0
109,adam,0.1642599692061679,0.17713990422396228,0.0
110,adam,0.16116645505571128,0.1743510982601482,0.0
111,adam,0.15817450014181286,0.17262396517274994,0.0
112,adam,0.15529918305942675,0.1714324548795653,0.0
113,adam,0.15254935407039155,0.17051517988044704,0.0
114,adam,0.1499279233432733,0.16965464951325543,0.0
115,adam,0.1474317550463411,0.16831175580219715,0.0
116,adam,0.14505607902535345,0.1657510437515862,0.0
117,adam,0.14280141610689823,0.16199963499918565,0.0
118,adam,0.1406714134907687,0.1579332098467938,0.0
119,adam,0.13866388440143249,0.1542790412244818,0.0
120,adam,0.13676760525867138,0.1507845561106509,0.0
121,adam,0.13496956169556193,0.14693203046455408,0.0
122,adam,0.1332605472697095,0.14291480735351453,0.0
123,adam,0.13163129567892778,0.13899851860631743,0.0
124,adam,0.13006865070713983,0.1345318878582934,0.0
125,adam,0.12856036269594018,0.12908921874365722,0.0
126,adam,0.12710004893648355,0.12352468305699384,0.0
127,adam,0.12568288883413564,0.11901260350183851,0.0
128,adam,0.12430103904421179,0.11550668348252095,0.0
129,adam,0.12294635148593366,0.11241465417728344,0.0
130,adam,0.12161247236885595,0.11025501868382415,0.0
131,adam,0.12029226995618096,0.10900002364452799,0.0
132,adam,0.11897919548649169,0.1073217472657185,0.0
133,adam,0.11767435669696058,0.1048697869204117,0.0
134,adam,0.11638694100383165,0.10256693903394898,0.0
135,adam,0.11512810240426385,0.10045847557157726,0.0
136,adam,0.11390789856237106,0.09832986633291728,0.0
137,adam,0.11273436983964297,0.09711836598763246,0.0
138,adam,0.11160980390708315,0.09701234452414019,0.0
139,adam,0.11053009412389939,0.09705552291298662,0.0
140,adam,0.1094890648344001,0.0966305140902869,0.0
141,adam,0.10848057162978483,0.09553057867027645,0.0
142,adam,0.10749965964978328,0.09366669927202688,0.0
143,adam,0.1065442728204844,0.09153125922419972,0.0
144,adam,0.10561464002211522,0.08979545807378873,0.0
145,adam,0.10471060702876006,0.08868814618322732,0.0
146,adam,0.10383041627790204,0.08801686662826727,0.0
147,adam,0.10296996252114499,0.08719440335100928,0.0
148,adam,0.10212433540967508,0.08571107676637774,0.0
149,adam,0.1012899453971011,0.08394177925650553,0.0
150,adam,0.10046448354841941,0.08253637694571969,0.0
151,adam,0.0996469771721491,0.08165384957060332,0.0
152,adam,0.09883776865885426,0.08122722558194906,0.0
153,adam,0.0980371717371699,0.08082545045707502,0.0
154,adam,0.09724547603533065,0.08006633161637493,0.0
155,adam,0.09646373397241881,0.07919608901342691,0.0
156,adam,0.09569294108185313,0.07854416176588087,0.0
157,adam,0.09493395005755928,0.07814497009437116,0.0
158,adam,0.09418715932825493,0.07769644489296736,0.0
159,adam,0.0934522297155328,0.07690648449777471,0.0
160,adam,0.09272846651822658,0.0757678191765808,0.0
161,adam,0.09201490290179415,0.07444819673828688,0.0
162,adam,0.09131109727076567,0.0731081177934991,0.0
163,adam,0.09061739035849167,0.07173359113791532,0.0
164,adam,0.08993396336007714,0.07039688890184781,0.0
165,adam,0.08926090477918447,0.0693051250271793,0.0
166,adam,0.08859756892599266,0.06849054812683648,0.0
167,adam,0.08794286927345915,0.06776828344632997,0.0
168,adam,0.08729602465677788,0.06680520070769236,0.0
169,adam,0.08665678865727876,0.06563123945726718,0.0
170,adam,0.08602531198233468,0.06464332518686379,0.0
171,adam,0.08540176547124417,0.0640346691205309,0.0
172,adam,0.08478622703745567,0.06378492995421585,0.0
173,adam,0.08417857975700861,0.06349191051241003,0.0
174,adam,0.08357876173016374,0.06298186070881988,0.0
175,adam,0.08298663397838188,0.062399702527355765,0.0
176,adam,0.08240216462056689,0.06187649107482023,0.0
177,adam,0.08182512182398449,0.06140807637210557,0.0
178,adam,0.08125526315657794,0.060821726327426766,0.0
179,adam,0.08069235335516922,0.06018259003463565,0.0
180,adam,0.08013628716628135,0.059544197763918554,0.0
181,adam,0.07958698633160512,0.05894659717287093,0.0
182,adam,0.07904449911444814,0.058316833260892494,0.0
183,adam,0.07850851483235476,0.05768063112953172,0.0
184,adam,0.07797870653498926,0.05712637785964084,0.0
185,adam,0.0774548443741656,0.05666659398422039,0.0
186,adam,0.0769368821424757,0.0561466526802856,0.0
187,adam,0.0764247760287354,0.05553046173109575,0.0
188,adam,0.07591857614459613,0.05494168613537227,0.0
189,adam,0.07541823125851711,0.05450275306931609,0.0
190,adam,0.07492361532941716,0.05408826871997957,0.0
191,adam,0.07443461449954861,0.05365671462317781,0.0
192,adam,0.07395114727632339,0.05310059267920426,0.0
193,adam,0.07347303633175944,0.052761676364206846,0.0
194,adam,0.07300012596404798,0.05227030960111962,0.0
195,adam,0.07253242336549011,0.05316824651885536,0.0
196,adam,0.07207046296493971,0.05565178621698133,0.0
197,adam,0.07161663339663996,0.06907675956350251,0.0
198,adam,0.07118186487870916,0.10320515716439566,0.0
199,adam,0.07081054845236329,0.19129456618898416,0.0
200,adam,0.07067512586992439,0.36907302772209616,0.0
201,adam,0.07127004078857772,0.6896968094337712,0.0
202,adam,0.0727579912876126,1.0531307396319962,0.0
203,adam,0.07230349033695876,1.0466065271256304,0.0
204,adam,0.0690634332666152,0.3845674449796638,0.0
205,adam,0.06904973312865458,0.5197728371784439,0.0
206,adam,0.07026897650438667,0.8978855240730514,0.0
207,adam,0.06804671253340339,0.42822624912856827,0.0
208,adam,0.06764627062434726,0.4141569073761041,0.0
209,adam,0.06848067965259352,0.7581353345294264,0.0
210,adam,0.06667668786760414,0.29343573638489256,0.0
211,adam,0.06664796150136147,0.44319146723197067,0.0
212,adam,0.06687999673793892,0.628807608839646,0.0
213,adam,0.06541393612556658,0.12300724214498338,0.0
214,adam,0.0656966148905031,0.48058440916983103,0.0
215,adam,0.0653625025918336,0.48558248454600567,0.0
216,adam,0.06434519716354412,0.06779549838509713,0.0
217,adam,0.06465680582498069,0.48086637389351083,0.0
218,adam,0.06396573472843284,0.3332300278204252,0.0
219,adam,0.06339334066292757,0.17876528488265853,0.0
220,adam,0.06351129278901715,0.4387508456365102,0.0
221,adam,0.06272262779224662,0.19371885305120992,0.0
222,adam,0.06244751922096141,0.24846137407639662,0.0
223,adam,0.062317188319385465,0.3708604450138366,0.0
224,adam,0.06160148023319861,0.08723667359500858,0.0
225,adam,0.061448536775405516,0.2754313043943968,0.0
226,adam,0.06113163476409493,0.296014292886346,0.0
227,adam,0.06054039668927731,0.04506884370495571,0.0
228,adam,0.06039180775655893,0.2720965570974208,0.0
229,adam,0.05997651353323838,0.22871883562393155,0.0
230,adam,0.05948807719894578,0.0689097510843483,0.0
231,adam,0.059294234516220415,0.251213541362442,0.0
232,adam,0.058845048657136634,0.17741447008796293,0.0
233,adam,0.05841571171909467,0.08589603766198535,0.0
234,adam,0.05817048120190456,0.2242424492113086,0.0
235,adam,0.05771897823442011,0.14338128049937834,0.0
236,adam,0.05731265089359864,0.08784640243096659,0.0
237,adam,0.0570249940655735,0.19734941968953912,0.0
238,adam,0.05658202265581895,0.12435265703504904,0.0
239,adam,0.05617588419898012,0.07917481647595284,0.0
240,adam,0.05585572566824325,0.1722572619966182,0.0
241,adam,0.05542237544371552,0.11628668585383681,0.0
242,adam,0.05500457805015734,0.06464376417981048,0.0
243,adam,0.054657048056569485,0.14832730176254552,0.0
244,adam,0.05423159253395189,0.11508034009479653,0.0
245,adam,0.05379768074801019,0.05051490755403085,0.0
246,adam,0.0534230007989663,0.12389536988018557,0.0
247,adam,0.053002654667263935,0.11600792679563846,0.0
248,adam,0.05255363467201178,0.04716046417914408,0.0
249,adam,0.052149092217534214,0.09704010278953834,0.0
250,adam,0.05172893810961948,0.11423648545505007,0.0
251,adam,0.051269827316412234,0.059714766213404595,0.0
252,adam,0.05083327770344022,0.06850257558025936,0.0
253,adam,0.05040447703154365,0.104872458916491,0.0
254,adam,0.04994131878109379,0.07724139883418915,0.0
255,adam,0.04947550282812377,0.0487882675230576,0.0
256,adam,0.04902614264840336,0.08493170352683921,0.0
257,adam,0.04856025865172561,0.08725478197880421,0.0
258,adam,0.048074724022056335,0.05651608126753194,0.0
259,adam,0.04759605485141052,0.05892092539000461,0.0
260,adam,0.04711922367246417,0.081092229244338,0.0
261,adam,0.046624426679448765,0.07438509911732467,0.0
262,adam,0.04611928368546463,0.05029640473206738,0.0
263,adam,0.04561840828333533,0.060103992900186524,0.0
264,adam,0.04511368675052493,0.0762758961103765,0.0
265,adam,0.04459413508973023,0.06598790927774445,0.0
266,adam,0.0440669327462214,0.05120264978176781,0.0
267,adam,0.043540179906710406,0.05832664277433541,0.0
268,adam,0.043008978507353315,0.0684623132795355,0.0
269,adam,0.042466773780873955,0.06625281056681039,0.0
270,adam,0.04191603052249723,0.05340268549979098,0.0
271,adam,0.041362819929589414,0.05299068739716742,0.0
272,adam,0.04080657964489092,0.06307513387157686,0.0
273,adam,0.04024269565867618,0.06467070652554834,0.0
274,adam,0.039670431318732616,0.05983752304659815,0.0
275,adam,0.039092699313519344,0.052718590255237806,0.0
276,adam,0.03851198501229415,0.054270688131840786,0.0
277,adam,0.037927459255336145,0.0609295439516671,0.0
278,adam,0.03733703597373503,0.062150053324961,0.0
279,adam,0.03674057652061517,0.06040735667839682,0.0
280,adam,0.0361393373299327,0.055101753463583904,0.0
281,adam,0.035534955080797015,0.05352076868379919,0.0
282,adam,0.034927994683626826,0.05579023825645736,0.0
283,adam,0.03431816092758248,0.05850661515378825,0.0
284,adam,0.03370521751353224,0.06147802543575201,0.0
285,adam,0.03308916831026239,0.06059831607543055,0.0
286,adam,0.03247075981148473,0.05983756048916067,0.0
287,adam,0.031850663116625974,0.057070486225697256,0.0
288,adam,0.031229725192515004,0.05576642192216713,0.0
289,adam,0.030608511382503305,0.05446767648885084,0.0
290,adam,0.02998759921540666,0.05430755171475825,0.0
291,adam,0.029367470058214412,0.054827029319119126,0.0
292,adam,0.028748674413356084,0.05543990466757556,0.0
293,adam,0.02813188661583047,0.05726490110301478,0.0
294,adam,0.027517801469337126,0.05915487381139342,0.0
295,adam,0.02690742184985367,0.06400884325810809,0.0
296,adam,0.026302093568219904,0.07115481366528757,0.0
297,adam,0.02570430393899891,0.08698319434730512,0.0
298,adam,0.02511930355247608,0.11387910235112554,0.0
299,adam,0.02455988896143501,0.16503660767923062,0.0
300,adam,0.024060643405972353,0.25242447599489914,0.0
301,adam,0.023717082984081664,0.4060259847473715,0.0
302,adam,0.023785946568117996,0.6624803743166766,0.0
303,adam,0.02481514742211914,1.0607468020518096,0.0
304,adam,0.027111559684620493,1.5351638513140973,0.0
305,adam,0.028099307942024837,1.7327986294567501,0.0
306,adam,0.02387440625529918,1.1689810267213732,0.0
307,adam,0.02031560101760349,0.06416984927578408,0.0
308,adam,0.02266072820084189,1.1048305371826328,0.0
309,adam,0.023256604971346632,1.2920292891781813,0.0
310,adam,0.019568523251976437,0.4732014339723308,0.0
311,adam,0.019643852202778644,0.6560242580777679,0.0
312,adam,0.02116660392837448,1.1261163145198256,0.0
313,adam,0.018704484783691192,0.5849066749625693,0.0
314,adam,0.017987957238032534,0.42665671072081623,0.0
315,adam,0.01930372790445002,0.9580694782080094,0.0
316,adam,0.017642827565396445,0.5700490462934629,0.0
317,adam,0.016805051593324974,0.3091468892092371,0.0
318,adam,0.017779172687443945,0.8163763497955053,0.0
319,adam,0.016595016129227636,0.5205025658027863,0.0
320,adam,0.015826076604996075,0.2378734089977357,0.0
321,adam,0.016514892212924,0.6988873036433667,0.0
322,adam,0.015649377736237764,0.4691416827723986,0.0
323,adam,0.01497194639642542,0.18119476646553137,0.0
324,adam,0.015444936020851157,0.5971959069414762,0.0
325,adam,0.014820952089282906,0.4289468094552488,0.0
326,adam,0.01421291128310673,0.12421472783690232,0.0
327,adam,0.014521352461384973,0.5052284358875025,0.0
328,adam,0.014096010979518934,0.40147113142682117,0.0
329,adam,0.01353885388226981,0.0659972592584803,0.0
330,adam,0.013711613960173492,0.41726603208717095,0.0
331,adam,0.013452407414730638,0.38164992218158733,0.0
332,adam,0.012944759858227137,0.04220435542108711,0.0
333,adam,0.012993222983631005,0.3281432620387068,0.0
334,adam,0.012865197960044159,0.3614041105312514,0.0
335,adam,0.012424452971175799,0.09578181301900691,0.0
336,adam,0.012355627388965455,0.23404710072836374,0.0
337,adam,0.012313860129328998,0.3322890155755467,0.0
338,adam,0.011966891302617369,0.15704958546311082,0.0
339,adam,0.011797614422216633,0.1350628537887215,0.0
340,adam,0.011785125359554435,0.2854482660655393,0.0
341,adam,0.011551879604189342,0.20514108465654357,0.0
342,adam,0.011321430837390258,0.04438636794011026,0.0
343,adam,0.01127953304085283,0.21609564181818552,0.0
344,adam,0.011153099593767521,0.22622759728953476,0.0
345,adam,0.010922299124615023,0.07630585204969033,0.0
346,adam,0.010814911868821796,0.1257446557930145,0.0
347,adam,0.010749599883156082,0.20961478146489335,0.0
348,adam,0.010576089274409029,0.14285398852570613,0.0
349,adam,0.01041519757183753,0.03772074800064597,0.0
350,adam,0.010344806632274524,0.1515813670287385,0.0
351,adam,0.010243431102588213,0.16943761139093116,0.0
352,adam,0.010084299431638612,0.08108578663042929,0.0
353,adam,0.009970938904276912,0.06572611860029541,0.0
354,adam,0.009899953842822409,0.1431549596224982,0.0
355,adam,0.009789503791329831,0.13115512178773317,0.0
356,adam,0.009656942540565244,0.04914220424843373,0.0
357,adam,0.009564639194021018,0.07228825253747974,0.0
358,adam,0.009490511190919275,0.12452044582650963,0.0
359,adam,0.00938719563503788,0.10476874891280483,0.0
360,adam,0.009275545876161612,0.0393533006688649,0.0
361,adam,0.009191830780550386,0.06457648490328337,0.0
362,adam,0.009119005289219913,0.10411907421339203,0.0
363,adam,0.009028086169540381,0.09033523315521085,0.0
364,adam,0.008931035809986571,0.03983620697195337,0.0
365,adam,0.008851596648244182,0.048785995706187045,0.0
366,adam,0.00878255209335898,0.08477337466337796,0.0
367,adam,0.00870417944005252,0.08172763675051245,0.0
368,adam,0.00861901644730284,0.0470691134777252,0.0
369,adam,0.008542767322578287,0.03262564076833702,0.0
370,adam,0.008476910266004077,0.06322537099897954,0.0
371,adam,0.008409413183948371,0.07378530132804029,0.0
372,adam,0.008335654748286958,0.05555767905958906,0.0
373,adam,0.00826356616765848,0.02925756669351681,0.0
374,adam,0.008199332716713827,0.03995892609503744,0.0
375,adam,0.008139015146392429,0.05873657422369876,0.0
376,adam,0.008076227167715434,0.05948109635873817,0.0
377,adam,0.008011111365185317,0.042179407051694914,0.0
378,adam,0.007948693873463756,0.02664182233608388,0.0
379,adam,0.007891244307404777,0.036961680499025894,0.0
380,adam,0.007836045961837972,0.04952074760362277,0.0
381,adam,0.007779839863673612,0.0502749837760746,0.0
382,adam,0.007722673237860342,0.03874262576994165,0.0
383,adam,0.007667078307334149,0.026795256297381387,0.0
384,adam,0.007614596900847839,0.029383566985189482,0.0
385,adam,0.007564349312555541,0.03896037106355204,0.0
386,adam,0.007514477657154199,0.043538341552976416,0.0
387,adam,0.007464244960365649,0.03922559531216374,0.0
388,adam,0.007414432925155424,0.030836811507756422,0.0
389,adam,0.0073662075117029505,0.02481704682605361,0.0
390,adam,0.00731992434212389,0.027582828888840873,0.0
391,adam,0.007275022693748926,0.03380870342233984,0.0
392,adam,0.007230700923106059,0.0364572778857908,0.0
393,adam,0.0071865941184872375,0.035283319776581376,0.0
394,adam,0.007142915186832703,0.03029023508657836,0.0
395,adam,0.007100149537798022,0.025609460169125443,0.0
396,adam,0.007058573010512897,0.023888847982811233,0.0
397,adam,0.007018177654289439,0.025911143649396493,0.0
398,adam,0.006978685757193205,0.0293349853668935,0.0
399,adam,0.006939806459298413,0.031095305986819127,0.0
400,adam,0.006901405382183006,0.031415861169195404,0.0
401,adam,0.006863474247445434,0.029487637706201685,0.0
402,adam,0.006826130418987566,0.027164224109492194,0.0
403,adam,0.006789483924968792,0.02451848489533178,0.0
404,adam,0.006753585570175386,0.023131361432679617,0.0
405,adam,0.006718440038317973,0.022973030663297044,0.0
406,adam,0.006683982991236236,0.023763524381705956,0.0
407,adam,0.006650167886257925,0.0252206851261298,0.0
408,adam,0.0066169172997027174,0.026306073788755283,0.0
409,adam,0.00658419030150598,0.027511122397591493,0.0
410,adam,0.006551962834368864,0.02794102742508362,0.0
411,adam,0.006520231680131364,0.02856026935375923,0.0
412,adam,0.0064889720681716185,0.028522408754547496,0.0
413,adam,0.006458215564111988,0.028928691457976084,0.0
414,adam,0.006427934046904097,0.02892361041253599,0.0
415,adam,0.0063981389563823,0.02962116775467181,0.0
416,adam,0.006368843686131688,0.03016268233093947,0.0
417,adam,0.006340050148020453,0.03175159171819073,0.0
418,adam,0.006311796892210111,0.033566288478174916,0.0
419,adam,0.006284144237622717,0.03705770653358161,0.0
420,adam,0.006257180640138501,0.04152676268978551,0.0
421,adam,0.006231145860448557,0.04885683797712302,0.0
422,adam,0.006206409023957247,0.05866434864961918,0.0
423,adam,0.006183739287200825,0.07354158862783915,0.0
424,adam,0.006164552032300645,0.09391965726690345,0.0
425,adam,0.006151685418338078,0.12374706515609991,0.0
426,adam,0.006150690256792692,0.16536903762239338,0.0
427,adam,0.006172755624018467,0.22546207987826783,0.0
428,adam,0.006239929536651209,0.31024386565865086,0.0
429,adam,0.006395114086861017,0.4306857188474468,0.0
430,adam,0.006714806645891013,0.5967785249812126,0.0
431,adam,0.007310643459901505,0.8150855386850125,0.0
432,adam,0.008251750754693813,1.0710967014568775,0.0
433,adam,0.00930453279134628,1.298581422106893,0.0
434,adam,0.009623238938656641,1.3664174654937682,0.0
435,adam,0.008407537546047849,1.126886890028301,0.0
436,adam,0.0065044213353460285,0.568418532923018,0.0
437,adam,0.005881521224275066,0.13510617302766303,0.0
438,adam,0.006849696666995099,0.7193950355524301,0.0
439,adam,0.007706290348631781,0.9791238690238858,0.0
440,adam,0.007120877802233673,0.8195972729697031,0.0
441,adam,0.0059723596249891975,0.32173350588689387,0.0
442,adam,0.005893128580374052,0.2715773633439084,0.0
443,adam,0.006655268611671773,0.683221986616916,0.0
444,adam,0.0067949817500618185,0.7398646524906305,0.0
445,adam,0.006070652793697303,0.43890120422622947,0.0
446,adam,0.005676209230273025,0.0523005189063845,0.0
447,adam,0.006076743466529269,0.462598921463232,0.0
448,adam,0.00637005275812955,0.6102976488832961,0.0
449,adam,0.005997554067665953,0.43946235291080354,0.0
450,adam,0.00560630686871072,0.0670623857124979,0.0
451,adam,0.005765679759091241,0.3073140135893881,0.0
452,adam,0.006030673271095419,0.4866749476587565,0.0
453,adam,0.0058686672037297875,0.40487809290754867,0.0
454,adam,0.005558697521686352,0.12855437599080502,0.0
455,adam,0.005578538255170605,0.18809040273121133,0.0
456,adam,0.005773226559189337,0.3777042982616021,0.0
457,adam,0.005732196847603888,0.36178414289566413,0.0
458,adam,0.00551256925198237,0.1690582859996085,0.0
459,adam,0.005455858056286984,0.0919018644832186,0.0
460,adam,0.0055754540102892075,0.2789522270939889,0.0
461,adam,0.005598985410097642,0.31381677971619454,0.0
462,adam,0.005462578541488643,0.19406283168272198,0.0
463,adam,0.0053724041245050355,0.021216865286445286,0.0
464,adam,0.005422770046046682,0.18580738971928315,0.0
465,adam,0.005470194253114375,0.2584702389154077,0.0
466,adam,0.005404701677654792,0.20511734945597834,0.0
467,adam,0.005313603055229329,0.06441300082734078,0.0
468,adam,0.005307731140604648,0.09684889614599788,0.0
469,adam,0.005347476526565054,0.19467549095707717,0.0
470,adam,0.005333614035202966,0.19758869464089332,0.0
471,adam,0.005266643543439803,0.11475231050616103,0.0
472,adam,0.005225911757372524,0.022123200802455188,0.0
473,adam,0.005237602198244413,0.12055819654363696,0.0
474,adam,0.005247913542518014,0.16692125796758184,0.0
475,adam,0.005216280319290447,0.1400564116963901,0.0
476,adam,0.005169417260422111,0.060781350044370984,0.0
477,adam,0.005150281317235008,0.042979138353806616,0.0
478,adam,0.0051558034388679026,0.11183205165306362,0.0
479,adam,0.005150644659664662,0.13316105457058125,0.0
480,adam,0.0051210758185211295,0.10207985423434224,0.0
481,adam,0.005088458212320139,0.0387116708732693,0.0
482,adam,0.005074047011048439,0.042933509031067615,0.0
483,adam,0.005071939156944096,0.0919827641676387,0.0
484,adam,0.005062233589002575,0.10565302106803029,0.0
485,adam,0.0050386350976036835,0.08159792439399073,0.0
486,adam,0.005013253600576424,0.0350240368772717,0.0
487,adam,0.004998008254972427,0.031126011432161815,0.0
488,adam,0.0049907135136988655,0.06872426696956559,0.0
489,adam,0.004980549861154671,0.08367654781722572,0.0
490,adam,0.004962353983869761,0.07145916328794555,0.0
491,adam,0.0049411269349372774,0.04034413636318865,0.0
492,adam,0.004924290864820444,0.01881882920884568,0.0
493,adam,0.0049131466887100605,0.044439218873087924,0.0
494,adam,0.004902837323732659,0.06332164702628772,0.0
495,adam,0.004888744260931414,0.06358855456500938,0.0
496,adam,0.004871163086321521,0.04750827537202116,0.0
497,adam,0.004853888957543502,0.024215593051277108,0.0
498,adam,0.004839709374500643,0.02204133265944432,0.0
499,adam,0.00482796689197643,0.040151898580497905,0.0
500,adam,0.00481595841901221,0.05060509113414601,0.0
501,adam,0.004801859406311406,0.049187829350331724,0.0
502,adam,0.004786183086646021,0.03756120760417397,0.0
503,adam,0.004770731137257484,0.02243901014075446,0.0
504,adam,0.004756844155404396,0.01904152879777161,0.0
505,adam,0.004744297427013372,0.029857455045986303,0.0
506,adam,0.004731920877194805,0.03849590287892568,0.0
507,adam,0.004718711192243801,0.04003052171451179,0.0
508,adam,0.004704562976296327,0.03493942527010598,0.0
509,adam,0.004690154458152693,0.025750942613130604,0.0
510,adam,0.004676208660245804,0.018228085836109156,0.0
511,adam,0.004663054718934975,0.019426783232765366,0.0
512,adam,0.00465042699499316,0.025816544217354884,0.0
513,adam,0.004637814922921207,0.03073010206690264,0.0
514,adam,0.004624864380394914,0.03179609004928292,0.0
515,adam,0.004611528813393672,0.029274703809537547,0.0
516,adam,0.00459803608224409,0.024312297259561667,0.0
517,adam,0.004584678979816811,0.019403176274051546,0.0
518,adam,0.00457164675617012,0.017299314491530646,0.0
519,adam,0.004558921973043211,0.019013695814926908,0.0
520,adam,0.004546394414992859,0.022302535975420326,0.0
521,adam,0.004533874439217683,0.024815356647561744,0.0
522,adam,0.00452126000060505,0.025777007203805342,0.0
523,adam,0.004508535791789614,0.0250036610786981,0.0
524,adam,0.0044957519840464685,0.023076228788798083,0.0
525,adam,0.004482973416462767,0.020548638525057367,0.0
526,adam,0.0044702951205046,0.01837551974952827,0.0
527,adam,0.004457737933368403,0.017167582650361984,0.0
528,adam,0.004445313396339258,0.017209884467773783,0.0
529,adam,0.004432985784012415,0.018173966407316198,0.0
530,adam,0.004420738696546863,0.019421951730320616,0.0
531,adam,0.004408521175968945,0.02056455560315374,0.0
532,adam,0.004396308853709552,0.021297794392626718,0.0
533,adam,0.0043841239219626635,0.02167307338200267,0.0
534,adam,0.004371945754807523,0.021611257012372945,0.0
535,adam,0.004359785043502526,0.021323623845675103,0.0
536,adam,0.004347640879469907,0.02079703747170517,0.0
537,adam,0.00433554466766907,0.020230126882201473,0.0
538,adam,0.004323479724244676,0.0196066049380547,0.0
539,adam,0.004311459233032796,0.019075991936873607,0.0
540,adam,0.004299489201053972,0.0185807679060616,0.0
541,adam,0.0042875577002852855,0.018221834156006225,0.0
542,adam,0.004275686650971432,0.017916932973265316,0.0
543,adam,0.004263839333765316,0.01771884511368774,0.0
544,adam,0.004252050279957593,0.01756549227051913,0.0
545,adam,0.004240298801686981,0.017510320414603535,0.0
546,adam,0.004228584066069968,0.017492586174850635,0.0
547,adam,0.004216916361500609,0.01757779441428178,0.0
548,adam,0.004205290982987789,0.017728276688840305,0.0
549,adam,0.004193709933479277,0.018034677165000162,0.0
550,adam,0.0041821806033206475,0.018500007382245574,0.0
551,adam,0.004170710743245496,0.0192886527592545,0.0
552,adam,0.004159315351334158,0.020469383846955853,0.0
553,adam,0.0041479987034732015,0.02235894342993966,0.0
554,adam,0.004136824921870575,0.025160436122457025,0.0
555,adam,0.004125882645640766,0.029405138709958412,0.0
556,adam,0.004115291907485967,0.03553354549646288,0.0
557,adam,0.004105323146056879,0.04443531834864052,0.0
558,adam,0.004096465839864528,0.056998864207709984,0.0
559,adam,0.004089659725129088,0.0748181368686185,0.0
560,adam,0.0040867246726125385,0.09980907269971583,0.0
561,adam,0.0040912233364415965,0.13507722190076235,0.0
562,adam,0.004110200248168053,0.18476036890512804,0.0
563,adam,0.0041575983083454345,0.2550326893931184,0.0
564,adam,0.004261096900288874,0.3543215072045869,0.0
565,adam,0.0044739087972195425,0.49375867903228216,0.0
566,adam,0.00489340815683654,0.6865546224340929,0.0
567,adam,0.005668656494765206,0.9416174355836908,0.0
568,adam,0.006940732670867042,1.2511904117255497,0.0
569,adam,0.008533050726376543,1.5528782024397747,0.0
570,adam,0.009470015359128536,1.7069066662960228,0.0
571,adam,0.008297694391808103,1.515455054688829,0.0
572,adam,0.005492626351229253,0.9047538423306286,0.0
573,adam,0.003936523987674923,0.04562051069269307,0.0
574,adam,0.004997932400868594,0.7530783908082478,0.0
575,adam,0.0065466964371506,1.177501481955572,0.0
576,adam,0.0060810152746282025,1.0704691524067576,0.0
577,adam,0.004354757404318755,0.4924072267646053,0.0
578,adam,0.004012285865971736,0.26018807876846883,0.0
579,adam,0.005130434540980928,0.8127494853438848,0.0
580,adam,0.005446120587008357,0.9109504432146031,0.0
581,adam,0.004400046904017142,0.5354961762211878,0.0
582,adam,0.003857069768287836,0.08490837253031487,0.0
583,adam,0.004511840860214819,0.5956590267999904,0.0
584,adam,0.004868150376373384,0.7395116753716373,0.0
585,adam,0.00423349284118165,0.46823854443963076,0.0
586,adam,0.0038077207910368832,0.03816012638781013,0.0
587,adam,0.004213604713936135,0.4679697866857949,0.0
588,adam,0.004472404380428001,0.5994666689233645,0.0
589,adam,0.004056915867359408,0.3834617263182351,0.0
590,adam,0.0037677812299602756,0.03110049974199139,0.0
591,adam,0.004034027999942007,0.38103585331775164,0.0
592,adam,0.004198867005798006,0.4862373000677248,0.0
593,adam,0.003918870581011421,0.3084394774838604,0.0
594,adam,0.0037290453558701557,0.030918007979511653,0.0
595,adam,0.0039044452164197162,0.31262993828551294,0.0
596,adam,0.004007356212693036,0.3954472774657817,0.0
597,adam,0.0038169969823600696,0.249141117199302,0.0
598,adam,0.0036901219096339586,0.027766680989077083,0.0
599,adam,0.003803109904814565,0.25453679366667253,0.0
600,adam,0.003868570978332234,0.32265281495879305,0.0
601,adam,0.0037412804594522875,0.2062989715046431,0.0
602,adam,0.0036510783632641686,0.020200103868499755,0.0
603,adam,0.0037192703069024715,0.2027406476527507,0.0
604,adam,0.0037646110471852845,0.2640180006012649,0.0
605,adam,0.0036819166791496887,0.17756762683853736,0.0
606,adam,0.0036127369199750346,0.016022112019406575,0.0
607,adam,0.0036486972597831488,0.15494896564553076,0.0
608,adam,0.0036822305197884183,0.2156875676995585,0.0
609,adam,0.003631603263149613,0.15788669383432846,0.0
610,adam,0.003576038302780167,0.027770098811520913,0.0
611,adam,0.00358866952638125,0.11085560531472329,0.0
612,adam,0.0036135939799519256,0.17385342561328,0.0
613,adam,0.0035856148603770673,0.14303967002453516,0.0
614,adam,0.003541112398450714,0.04515883027836918,0.0
615,adam,0.0035374056590837684,0.07036608507695717,0.0
616,adam,0.0035537923825914772,0.1356426263518822,0.0
617,adam,0.003541197001070457,0.12900789402406487,0.0
618,adam,0.0035074335404781274,0.06142861324663863,0.0
619,adam,0.0034933213258766726,0.03452877158763689,0.0
620,adam,0.003500539352342438,0.09899558946298319,0.0
621,adam,0.003496883227216214,0.11260814361634516,0.0
622,adam,0.0034737520808555845,0.07305074761814148,0.0
623,adam,0.0034549131525467114,0.015234098693833836,0.0
624,adam,0.0034530188313534986,0.06330521944464416,0.0
625,adam,0.0034524120848843476,0.09189385154523592,0.0
626,adam,0.0034386895246522704,0.07740775892702603,0.0
627,adam,0.003420245381674437,0.03228702888678894,0.0
628,adam,0.0034110379319400625,0.03057928567277412,0.0
629,adam,0.003408711089361656,0.06656390934868657,0.0
630,adam,0.003401373240460745,0.0726305288477623,0.0
631,adam,0.0033868672335152063,0.04850531144674188,0.0
632,adam,0.003373938728937065,0.015389618127859923,0.0
633,adam,0.003367426728906931,0.03854426399954806,0.0
634,adam,0.0033622364386280395,0.05845369885681519,0.0
635,adam,0.0033524791429532983,0.054240744828153234,0.0
636,adam,0.003339878757282346,0.030767426314532612,0.0
637,adam,0.0033297683306420622,0.016095597334896246,0.0
638,adam,0.003323132626188873,0.03721664092040516,0.0
639,adam,0.0033161168659505717,0.04797507427230128,0.0
640,adam,0.0033062100337851006,0.04100821553258085,0.0
641,adam,0.003295255479707642,0.02239610109492371,0.0
642,adam,0.003286165430573984,0.017006730085258916,0.0
643,adam,0.00327891139066102,0.032087393461156744,0.0
644,adam,0.003271170368709169,0.03878739891771008,0.0
645,adam,0.0032617342291632596,0.032849582509843184,0.0
646,adam,0.0032518145054724673,0.019488004350717493,0.0
647,adam,0.0032429947360808104,0.015885292683361498,0.0
648,adam,0.0032352521638159245,0.026121441478741316,0.0
649,adam,0.003227303455154291,0.03149993428722456,0.0
650,adam,0.0032184092951989944,0.028041526553324068,0.0
651,adam,0.003209110470535845,0.01901897280487096,0.0
652,adam,0.0032003597526150704,0.014586308726049513,0.0
653,adam,0.003192309034717773,0.020552895395561457,0.0
654,adam,0.0031843251702458135,0.02557630965502841,0.0
655,adam,0.0031758515928369336,0.02482553779526279,0.0
656,adam,0.0031670171368994382,0.0194372495315854,0.0
657,adam,0.0031583412814738844,0.014555235703403472,0.0
658,adam,0.00315010608192867,0.01619421549858303,0.0
659,adam,0.0031420754319221294,0.020417100008142283,0.0
660,adam,0.0031339042504018983,0.02186131308426629,0.0
661,adam,0.0031254484405938074,0.01966023199228384,0.0
662,adam,0.003116937994001346,0.01582836818171123,0.0
663,adam,0.00310862428756952,0.014227904664892524,0.0
664,adam,0.003100525132351941,0.01617805316466511,0.0
665,adam,0.003092481979501662,0.0184567927345522,0.0
666,adam,0.0030843358389950953,0.01877702086819478,0.0
667,adam,0.0030760772897621374,0.01705166800463649,0.0
668,adam,0.0030678219232026832,0.014844667241449328,0.0
669,adam,0.0030596769677299464,0.014124179921551825,0.0
670,adam,0.0030516561419108136,0.015220871711012898,0.0
671,adam,0.0030436752202380795,0.01656231312057574,0.0
672,adam,0.0030356520149842203,0.01684317481445826,0.0
673,adam,0.0030275766655302556,0.015970023246597125,0.0
674,adam,0.0030195069527866455,0.014664002582022129,0.0
675,adam,0.00301149756236255,0.013982071442626707,0.0
676,adam,0.003003554882047013,0.01431184335644581,0.0
677,adam,0.002995665530557843,0.015081782299119412,0.0
678,adam,0.0029877794308240985,0.015538031745878396,0.0
679,adam,0.002979868398556114,0.0153418686025434,0.0
680,adam,0.0029719579433950746,0.014709427511244022,0.0
681,adam,0.002964079418404004,0.014071555114287657,0.0
682,adam,0.0029562307079488625,0.013846193909060394,0.0
683,adam,0.0029484284498778554,0.0140712166183195,0.0
684,adam,0.0029406639404605758,0.014444690102879859,0.0
685,adam,0.0029329061698892276,0.014665285811935797,0.0
686,adam,0.002925152641187297,0.014574588823831844,0.0
687,adam,0.0029174041595525684,0.01427138168749046,0.0
688,adam,0.0029096744908427893,0.01392425863196885,0.0
689,adam,0.002901982029205237,0.013731529840651905,0.0
690,adam,0.0028943074813033596,0.013741197006484684,0.0
691,adam,0.0028866744638530936,0.0138860494183531,0.0
692,adam,0.002879052209857344,0.014047812468757345,0.0
693,adam,0.0028714525367583487,0.014101742940743447,0.0
694,adam,0.002863857412358759,0.01404361138144629,0.0
695,adam,0.0028562849724607523,0.01388649907778715,0.0
696,adam,0.002848728304415228,0.01372228339045856,0.0
697,adam,0.002841192853497757,0.013598762986065967,0.0
698,adam,0.0028336940231007985,0.013555713144164629,0.0
699,adam,0.002826204727096026,0.013579723648756014,0.0
700,adam,0.002818740884138856,0.01363238072930177,0.0
701,adam,0.0028112983062384277,0.013684083853988938,0.0
702,adam,0.00280387192710957,0.01369187266579812,0.0
703,adam,0.002796463697346376,0.013670195906505667,0.0
704,adam,0.002789077192790674,0.013607353859582358,0.0
705,adam,0.002781701409075385,0.013537077220427712,0.0
706,adam,0.0027743573512488172,0.013463265790766567,0.0
707,adam,0.0027670249199958806,0.013410323790277793,0.0
708,adam,0.0027597163169195797,0.013376114269616957,0.0
709,adam,0.002752420330589149,0.013362390005725965,0.0
710,adam,0.0027451517680680457,0.01336342888623067,0.0
711,adam,0.0027379048657019843,0.01336763323810666,0.0
712,adam,0.002730675308681159,0.013377541269968441,0.0
713,adam,0.002723465814247752,0.013373974797525778,0.0
714,adam,0.00271627520132518,0.01337136622538911,0.0
715,adam,0.0027091019945678627,0.013353555254858557,0.0
716,adam,0.00270194261055454,0.013337147006555293,0.0
717,adam,0.0026948174240013483,0.013308225483222675,0.0
718,adam,0.002687702537985867,0.013284869230426447,0.0
719,adam,0.002680608370024343,0.013252597387940485,0.0
720,adam,0.002673529762958558,0.013228034747929978,0.0
721,adam,0.002666466216774102,0.013197106531471773,0.0
722,adam,0.002659431266229688,0.013174095266530858,0.0
723,adam,0.002652411148440355,0.013147223320106368,0.0
724,adam,0.0026454147014582587,0.013127610730563429,0.0
725,adam,0.0026384296134758156,0.013103512697623181,0.0
726,adam,0.002631468499434266,0.01308678878028561,0.0
727,adam,0.0026245266259810464,0.013065899109721774,0.0
728,adam,0.0026175994262401794,0.013050749722219474,0.0
729,adam,0.0026106922464263437,0.013032518412926531,0.0
730,adam,0.00260380846761798,0.013020884343933208,0.0
731,adam,0.0025969412525513333,0.013006649901171606,0.0
732,adam,0.0025900916622373024,0.013001600916916005,0.0
733,adam,0.0025832608299015763,0.012994690827512192,0.0
734,adam,0.0025764418374816652,0.01300398562598687,0.0
735,adam,0.0025696523230891283,0.013015927821828678,0.0
736,adam,0.002562880987362251,0.013058059170162038,0.0
737,adam,0.0025561334508071984,0.01311828955311025,0.0
738,adam,0.002549395132076396,0.013245738826516118,0.0
739,adam,0.002542684606165558,0.013435329467185952,0.0
740,adam,0.0025360027670765133,0.013786798238624932,0.0
741,adam,0.002529346559436204,0.014327839603236464,0.0
742,adam,0.0025227350731719302,0.015262733616922838,0.0
743,adam,0.002516170311135946,0.01670641265646755,0.0
744,adam,0.0025097018079262073,0.01904833755425678,0.0
745,adam,0.0025033650765605565,0.022553380646888024,0.0
746,adam,0.002497263424231293,0.027862515031879604,0.0
747,adam,0.0024916029117686487,0.035495675555469945,0.0
748,adam,0.002486729117075071,0.04652590123877862,0.0
749,adam,0.0024833445643109965,0.06206204083819201,0.0
750,adam,0.0024828204014566255,0.08410225897275529,0.0
751,adam,0.0024878568440788295,0.11511125684253715,0.0
752,adam,0.0025038072550674535,0.15904159431207993,0.0
753,adam,0.002541432978184894,0.22118340378301524,0.0
754,adam,0.00262220788015468,0.30937091261969285,0.0
755,adam,0.0027888238202290385,0.4342006575131996,0.0
756,adam,0.0031233521670819705,0.609361068276591,0.0
757,adam,0.003771972851746616,0.8502394294442633,0.0
758,adam,0.00494720768568443,1.1643629287967943,0.0
759,adam,0.006791795150011801,1.5329198438671203,0.0
760,adam,0.008878922999496278,1.861834431527483,0.0
761,adam,0.009593191005273515,1.963116550949731,0.0
762,adam,0.0072786987051681115,1.6154713232885938,0.0
763,adam,0.003579259596954463,0.7951433216445225,0.0
764,adam,0.0024911243592349447,0.23168343050695095,0.0
765,adam,0.004513207084595905,1.0648207774988414,0.0
766,adam,0.005972653754859855,1.382542105965877,0.0
767,adam,0.0044726001040477,1.0561755569221773,0.0
768,adam,0.002492800430656746,0.2596145719885325,0.0
769,adam,0.00300492982837788,0.5842965392875727,0.0
770,adam,0.004430817102633547,1.0485382157331633,0.0
771,adam,0.003945121027888515,0.9185570513671736,0.0
772,adam,0.0025180748094687866,0.30559435567596466,0.0
773,adam,0.002663449428622641,0.4158805345713935,0.0
774,adam,0.0036415115817211375,0.8310821998573718,0.0
775,adam,0.0033444740473239473,0.7326512642308417,0.0
776,adam,0.0024110831624301722,0.21967072646302327,0.0
777,adam,0.002575200445085082,0.3707596671044921,0.0
778,adam,0.0031964375565567945,0.6833914751423513,0.0
779,adam,0.0028972991603032332,0.559223521221557,0.0
780,adam,0.0023202386851239737,0.11309969637012353,0.0
781,adam,0.0025344329679697587,0.3581065756765753,0.0
782,adam,0.0028926595754530686,0.5649175777054652,0.0
783,adam,0.0025975652200897585,0.4088148270130007,0.0
784,adam,0.0022735670641953563,0.023340727029857414,0.0
785,adam,0.0024915115376155194,0.3430043536432484,0.0
786,adam,0.0026653697795912153,0.4602489543293511,0.0
787,adam,0.002410419626312078,0.2849982237633281,0.0
788,adam,0.00225369477549265,0.04844454867430908,0.0
789,adam,0.002436059954802399,0.3175143398076358,0.0
790,adam,0.002496347680461533,0.3679011956439434,0.0
791,adam,0.002301163162914601,0.1905672260674283,0.0
792,adam,0.0022402584228641436,0.08622563911610005,0.0
793,adam,0.0023724729276359442,0.28202145975237825,0.0
794,adam,0.0023751761934254394,0.28988717187395074,0.0
795,adam,0.00223833781170187,0.12354977386260037,0.0
796,adam,0.002222964417099905,0.10102593310183874,0.0
797,adam,0.002310097628223557,0.24254629182864004,0.0
798,adam,0.0022904123587324456,0.22677098792871253,0.0
799,adam,0.0021987143855921078,0.07987930196771464,0.0
800,adam,0.0022004401599471273,0.10111220232140009,0.0
801,adam,0.0022545906404636907,0.2036496506200925,0.0
802,adam,0.0022304848514212196,0.1782852658384633,0.0
803,adam,0.0021697285375536944,0.053560911382160514,0.0
804,adam,0.0021748161240971106,0.09192559435083225,0.0
805,adam,0.0022074132456886353,0.16854435622483183,0.0
806,adam,0.002186320455024696,0.14228730559390534,0.0
807,adam,0.002145154668370549,0.03969559864338429,0.0
808,adam,0.002148253516049181,0.07803280725324453,0.0
809,adam,0.002167573826122842,0.13811075340993414,0.0
810,adam,0.0021513993079927945,0.11613771912105755,0.0
811,adam,0.002122387854167122,0.033894332469049736,0.0
812,adam,0.002122141957384071,0.06222970431140566,0.0
813,adam,0.0021332989523721183,0.11212950409052537,0.0
814,adam,0.0021218425389136855,0.09701206576410525,0.0
815,adam,0.002100533957219608,0.03289522539133628,0.0
816,adam,0.0020971722296784286,0.046413283094141985,0.0
817,adam,0.0021030952372567842,0.08984552222704477,0.0
818,adam,0.002095320738074935,0.0826263307996323,0.0
819,adam,0.002079182461541538,0.03413715093508516,0.0
820,adam,0.002073502967775585,0.03151872817916859,0.0
821,adam,0.002075762411158613,0.07053999826275605,0.0
822,adam,0.0020705334524450097,0.07081519258629544,0.0
823,adam,0.0020581711520254245,0.036307671524412055,0.0
824,adam,0.00205105764261589,0.01895895385130786,0.0
825,adam,0.0020505123714121345,0.053287051554265136,0.0
826,adam,0.002046777740328838,0.06037143186561442,0.0
827,adam,0.002037335635917923,0.037980262629022855,0.0
828,adam,0.002029606525932498,0.011634296745173975,0.0
829,adam,0.0020268541901926253,0.03786375141768819,0.0
830,adam,0.0020237067217130436,0.05011368441033196,0.0
831,adam,0.0020165356011771743,0.03843093261391941,0.0
832,adam,0.0020089118545571294,0.013922401286205326,0.0
833,adam,0.002004489869504728,0.02423175527864736,0.0
834,adam,0.002001206883825904,0.03965552074860724,0.0
835,adam,0.0019956511032936694,0.03681316394441261,0.0
836,adam,0.001988672934522235,0.019669682405396967,0.0
837,adam,0.001983193623856408,0.014042747278588895,0.0
838,adam,0.001979302072690172,0.028898488534722124,0.0
839,adam,0.001974686789353299,0.03297982852356295,0.0
840,adam,0.0019686124214521993,0.023698764997274878,0.0
841,adam,0.001962722058433639,0.011443786524727545,0.0
842,adam,0.001958096924032633,0.018889692770718145,0.0
843,adam,0.0019537550741259247,0.026865814789858652,0.0
844,adam,0.001948520795196389,0.024799525268936185,0.0
845,adam,0.0019427782425289683,0.015225681956050532,0.0
846,adam,0.001937608753746423,0.011974207265540885,0.0
847,adam,0.0019330673382760347,0.019606172411598198,0.0
848,adam,0.001928338728197896,0.022640523185180964,0.0
849,adam,0.0019230471384532445,0.018473321992403927,0.0
850,adam,0.0019177124025487654,0.011772601849202166,0.0
851,adam,0.0019128357662994869,0.013094161529099155,0.0
852,adam,0.001908201575809879,0.01812808025774699,0.0
853,adam,0.0019033292215289148,0.01867452034218307,0.0
854,adam,0.0018981707439818369,0.014690759222606074,0.0
855,adam,0.0018930978049203917,0.010982776876067647,0.0
856,adam,0.0018883170649363326,0.013072394218319216,0.0
857,adam,0.0018836198478354332,0.016120421767326365,0.0
858,adam,0.0018787484481487698,0.015801347518373282,0.0
859,adam,0.001873742266092825,0.012822815828116802,0.0
860,adam,0.0018688253842526288,0.010859517297862798,0.0
861,adam,0.001864080754067766,0.012454080660451948,0.0
862,adam,0.0018593658737346582,0.014341519722495819,0.0
863,adam,0.001854559533993122,0.013956820620722867,0.0
864,adam,0.001849675009814973,0.011981401256203015,0.0
865,adam,0.0018448598622410307,0.010789279210753606,0.0
866,adam,0.0018401419270733142,0.011733214913657778,0.0
867,adam,0.0018354555410254414,0.012972219240109929,0.0
868,adam,0.0018307173547973481,0.012813099134986525,0.0
869,adam,0.0018259378500915125,0.011602310469522018,0.0
870,adam,0.0018211924628747924,0.010723329455951091,0.0
871,adam,0.0018165086808040797,0.011127598038113504,0.0
872,adam,0.001811860310093457,0.01196033257083422,0.0
873,adam,0.0018071938368726184,0.012047228370132829,0.0
874,adam,0.0018025004501401097,0.01139384689178402,0.0
875,adam,0.0017978222891572226,0.01070855521533265,0.0
876,adam,0.0017931827417106538,0.010737530921098264,0.0
877,adam,0.0017885748091256918,0.011235671534981569,0.0
878,adam,0.0017839720125769386,0.01146530728176847,0.0
879,adam,0.0017793534091071878,0.01122031710088916,0.0
880,adam,0.0017747437466381598,0.010736519000799645,0.0
881,adam,0.0017701568857719392,0.01054802887478769,0.0
882,adam,0.0017655973441836293,0.01074579189758191,0.0
883,adam,0.0017610439892783872,0.010985921797734263,0.0
884,adam,0.0017564986396426277,0.011004249988611922,0.0
885,adam,0.0017519564050048366,0.01074754049222469,0.0
886,adam,0.0017474202808820047,0.010513102280404798,0.0
887,adam,0.001742904977359699,0.01048139109965274,0.0
888,adam,0.0017384113186064928,0.010611918150285369,0.0
889,adam,0.0017339245611498228,0.01073083065366754,0.0
890,adam,0.001729446307525924,0.010675068137446666,0.0
891,adam,0.0017249695243677194,0.010527710823383689,0.0
892,adam,0.0017205111808061366,0.010395652420476423,0.0
893,adam,0.0017160618613412057,0.010386118982111642,0.0
894,adam,0.0017116315457088509,0.010461942238269328,0.0
895,adam,0.0017072129205792051,0.01050563437741869,0.0
896,adam,0.001702801618876541,0.01048463088297393,0.0
897,adam,0.0016983936425950786,0.010385978756972006,0.0
898,adam,0.0016939989614761103,0.010310338675290158,0.0
899,adam,0.001689621280965878,0.010287755325590408,0.0
900,adam,0.0016852550087795464,0.010310165433840354,0.0
901,adam,0.0016808986111227784,0.010343420213865633,0.0
902,adam,0.001676553631977488,0.010326404841042223,0.0
903,adam,0.0016722108699937738,0.010284715565272643,0.0
904,adam,0.0016678879537306123,0.010226089897446559,0.0
905,adam,0.0016635716195491834,0.010194721605617947,0.0
906,adam,0.001659265847268758,0.010193021944013999,0.0
907,adam,0.0016549776103470764,0.010199863570038586,0.0
908,adam,0.0016506951179874434,0.010204746267270848,0.0
909,adam,0.0016464207673852998,0.01018101425590475,0.0
910,adam,0.0016421590274096852,0.010151882901506905,0.0
911,adam,0.001637907581821869,0.010115035924063903,0.0
912,adam,0.001633671247562086,0.010094268807053585,0.0
913,adam,0.0016294393039025083,0.0100854496289784,0.0
914,adam,0.001625224749404334,0.01007993215567636,0.0
915,adam,0.0016210116732339212,0.010076771950697307,0.0
916,adam,0.0016168171587292934,0.010058235789380005,0.0
917,adam,0.0016126300242247078,0.010039919388649355,0.0
918,adam,0.001608450035146585,0.010013799618484824,0.0
919,adam,0.0016042841206758934,0.009994512832188166,0.0
920,adam,0.0016001274907074964,0.009980745587409726,0.0
921,adam,0.0015959840281448549,0.00996925944574328,0.0
922,adam,0.001591844599721798,0.009961400573015169,0.0
923,adam,0.0015877213237286024,0.009947614523788636,0.0
924,adam,0.0015836088694374832,0.00993487084258676,0.0
925,adam,0.001579500996322252,0.00991525247492628,0.0
926,adam,0.0015754082845019482,0.009898717720892722,0.0
927,adam,0.0015713225837546776,0.009880657786619867,0.0
928,adam,0.0015672479478639634,0.009866381553552316,0.0
929,adam,0.0015631819327132995,0.009853405241053858,0.0
930,adam,0.0015591268878742323,0.009839987729521122,0.0
931,adam,0.0015550845356996743,0.00982899844624784,0.0
932,adam,0.001551054178219346,0.009813770642570446,0.0
933,adam,0.0015470273078976298,0.009800378715396865,0.0
934,adam,0.0015430116819061044,0.009784100501905802,0.0
935,adam,0.0015390104989289357,0.009769824418872008,0.0
936,adam,0.001535014403316673,0.009754282974018608,0.0
937,adam,0.0015310274557012674,0.009740081316140993,0.0
938,adam,0.0015270556732745956,0.009725884053729901,0.0
939,adam,0.0015230871112484788,0.009712461392546322,0.0
940,adam,0.0015191347631230854,0.009699300152978032,0.0
941,adam,0.001515188803445932,0.00968516753539436,0.0
942,adam,0.0015112557861880478,0.00967249496724075,0.0
943,adam,0.001507326289968939,0.009657299827623872,0.0
944,adam,0.0015034124854592808,0.009644312122956076,0.0
945,adam,0.0014995031561067184,0.009629049458042433,0.0
946,adam,0.0014956087758655895,0.009615605704016032,0.0
947,adam,0.0014917212823579197,0.00960094701368757,0.0
948,adam,0.0014878467061132303,0.009587069333772933,0.0
949,adam,0.0014839740150338378,0.009573283093604333,0.0
950,adam,0.0014801197001475348,0.009559438462904173,0.0
951,adam,0.0014762699748072042,0.009546055208333683,0.0
952,adam,0.0014724308199970493,0.00953201688126615,0.0
953,adam,0.001468604936075412,0.009518924096243516,0.0
954,adam,0.0014647810200234346,0.009504837505086147,0.0
955,adam,0.001460968951283179,0.009491801006937655,0.0
956,adam,0.0014571670535906578,0.009477475624937193,0.0
957,adam,0.001453376634762137,0.009464565561308463,0.0
958,adam,0.001449592040092391,0.00945018760496717,0.0
959,adam,0.0014458237305092969,0.009437187619239298,0.0
960,adam,0.0014420587035429827,0.009423136102831882,0.0
961,adam,0.0014383003437283067,0.009410266115047179,0.0
962,adam,0.0014345559614912721,0.009396057925134546,0.0
963,adam,0.0014308195021681485,0.009383430190670406,0.0
964,adam,0.0014270936113879576,0.009369225977905214,0.0
965,adam,0.001423374893060571,0.009356929707836723,0.0
966,adam,0.0014196706802362237,0.009342370690457411,0.0
967,adam,0.0014159644788257013,0.009330708936028108,0.0
968,adam,0.0014122741551541767,0.009316457358429408,0.0
969,adam,0.0014085965849829564,0.009305019256153768,0.0
970,adam,0.0014049219426830399,0.009291185718443203,0.0
971,adam,0.001401258655505356,0.009280529110070233,0.0
972,adam,0.0013976047174943562,0.009266749841458236,0.0
973,adam,0.0013939620187935862,0.00925788932370086,0.0
974,adam,0.0013903249638190648,0.009244551692418826,0.0
975,adam,0.0013866989059100005,0.009239117620106334,0.0
976,adam,0.0013830803166908119,0.009228467701106526,0.0
977,adam,0.0013794710360598916,0.009229469513138371,0.0
978,adam,0.001375867399551894,0.00922585905652837,0.0
979,adam,0.001372280602070649,0.009240363340857401,0.0
980,adam,0.0013686973486463812,0.009254144807023995,0.0
981,adam,0.0013651251453747457,0.009303122316981419,0.0
982,adam,0.0013615660605629395,0.009364233275585377,0.0
983,adam,0.0013580143026452576,0.00949904984656856,0.0
984,adam,0.0013544702611376304,0.009684407822461988,0.0
985,adam,0.0013509455625817248,0.010037752943943747,0.0
986,adam,0.0013474362458048945,0.010556416016412256,0.0
987,adam,0.0013439534465418137,0.011454671385578305,0.0
988,adam,0.0013405051261938625,0.012782569984271104,0.0
989,adam,0.0013371075958780723,0.014903030428869014,0.0
990,adam,0.0013338030001409117,0.01794705253076772,0.0
991,adam,0.0013306516745420188,0.02246272665368136,0.0
992,adam,0.0013277826378548152,0.028759821205330646,0.0
993,adam,0.0013254230991266457,0.03770626063661886,0.0
994,adam,0.0013239998164604823,0.05004225367635669,0.0
995,adam,0.0013243260051073453,0.06729414273818252,0.0
996,adam,0.0013279711757759655,0.09113985669280773,0.0
997,adam,0.001337965825948831,0.12444499980263397,0.0
998,adam,0.001360190667455373,0.17079797417863413,0.0
999,adam,0.0014061719593357438,0.23570901807575018,0.0
1000,adam,0.001498324872675772,0.3264861064684593,0.0
1001,adam,0.0016801992346497834,0.4533019908969742,0.0
1002,adam,0.00203277299765029,0.6290888373658043,0.0
1003,adam,0.002699086397202017,0.8676145900506357,0.0
1004,adam,0.0038832369773911697,1.1781976289701312,0.0
1005,adam,0.005755971102039602,1.5443908560347728,0.0
1006,adam,0.008002376674470901,1.894844217648124,0.0
1007,adam,0.009253730102494036,2.0599412974951132,0.0
1008,adam,0.007551417009616179,1.8277172525995762,0.0
1009,adam,0.0035893873828092924,1.1080112512571918,0.0
1010,adam,0.0012923956168417322,0.09225063880242496,0.0
1011,adam,0.0026637930403819775,0.8572298465632405,0.0
1012,adam,0.004890592194873655,1.3819549742855888,0.0
1013,adam,0.004408634911154591,1.287547635027548,0.0
1014,adam,0.0020134030976220177,0.6289943194134288,0.0
1015,adam,0.0013856970360130083,0.25885252907729245,0.0
1016,adam,0.002903061562144737,0.9295529021120458,0.0
1017,adam,0.003458537718369541,1.075134212663698,0.0
1018,adam,0.0020671199410470294,0.6537919281629393,0.0
1019,adam,0.00125651437510771,0.07187729562366507,0.0
1020,adam,0.002137272239995707,0.6830787073188233,0.0
1021,adam,0.002665979890039993,0.862016583525015,0.0
1022,adam,0.0018081572193757852,0.5448496795258574,0.0
1023,adam,0.0012389215085889791,0.05015768681076586,0.0
1024,adam,0.0018193811358858522,0.5532707130675592,0.0
1025,adam,0.0021471020805194827,0.6910303306238692,0.0
1026,adam,0.0015563393648179691,0.4147886164229808,0.0
1027,adam,0.001232157393220178,0.07681771327665338,0.0
1028,adam,0.0016488648347459552,0.47277671135178884,0.0
1029,adam,0.0018026008962690057,0.5518019993446786,0.0
1030,adam,0.00138132656418169,0.29690436015265154,0.0
1031,adam,0.001230397556738534,0.10962534549996962,0.0
1032,adam,0.0015282179007719745,0.4093348956315006,0.0
1033,adam,0.0015699516787363661,0.4367635993899108,0.0
1034,adam,0.001276234120230898,0.20160036512235746,0.0
1035,adam,0.0012269192640450644,0.1302101447833812,0.0
1036,adam,0.0014302654350000226,0.3516293003833225,0.0
1037,adam,0.0014156279846952056,0.34291011440891384,0.0
1038,adam,0.0012187438530895575,0.13270800280677805,0.0
1039,adam,0.0012171266160277065,0.1357149715833202,0.0
1040,adam,0.0013492974518816642,0.2967751679316455,0.0
1041,adam,0.0013149316175198437,0.26845298086178676,0.0
1042,adam,0.0011865532628147078,0.0857869831763158,0.0
1043,adam,0.0012014665996975108,0.1291464360073249,0.0
1044,adam,0.0012845941921403722,0.24718651438418243,0.0
1045,adam,0.001249041193397553,0.2104836891930319,0.0
1046,adam,0.0011662635026016654,0.0563495916727681,0.0
1047,adam,0.001183113005808921,0.115911801639764,0.0
1048,adam,0.001234632747461268,0.20383485440709026,0.0
1049,adam,0.0012051024020565766,0.16691070533889193,0.0
1050,adam,0.001151067904819053,0.03949317040645189,0.0
1051,adam,0.0011639828058507876,0.09889281911302349,0.0
1052,adam,0.0011960177524656273,0.1668623175289791,0.0
1053,adam,0.0011742783541853576,0.1348355426960486,0.0
1054,adam,0.0011379493537394293,0.031619820670524726,0.0
1055,adam,0.0011455860026004863,0.0805427728339449,0.0
1056,adam,0.0011657926950470047,0.13574604705938204,0.0
1057,adam,0.0011510497001612297,0.11117418363242572,0.0
1058,adam,0.001125745454310228,0.02911184035650427,0.0
1059,adam,0.001128702088111153,0.06249885212636052,0.0
1060,adam,0.001141500887735241,0.10965673442960099,0.0
1061,adam,0.0011321487659160024,0.09332748391295931,0.0
1062,adam,0.0011139748814311466,0.029513568359710588,0.0
1063,adam,0.001113414821701385,0.04578305793521919,0.0
1064,adam,0.0011213304980779906,0.08756399614930037,0.0
1065,adam,0.0011157962200050195,0.079519940872926,0.0
1066,adam,0.0011025198099125972,0.031192820947155416,0.0
1067,adam,0.0010995584111539156,0.030722548166140423,0.0
1068,adam,0.0011039703589742662,0.06863790034897913,0.0
1069,adam,0.0011009284448198163,0.06801721766116042,0.0
1070,adam,0.0010912194132696872,0.03323703993390903,0.0
1071,adam,0.001086833507557103,0.017963901473644468,0.0
1072,adam,0.0010886002009247036,0.05199365430539581,0.0
1073,adam,0.0010869772393642273,0.057829064775332575,0.0
1074,adam,0.0010799853039311273,0.03466084080115565,0.0
1075,adam,0.0010749753740957766,0.009035279994393412,0.0
1076,adam,0.0010746818882173804,0.03730262560560587,0.0
1077,adam,0.001073639120005269,0.048042148578623094,0.0
1078,adam,0.0010687073054089758,0.034960892415081594,0.0
1079,adam,0.001063708832822052,0.009561226425298209,0.0
1080,adam,0.0010618762504421213,0.02432587233241188,0.0
1081,adam,0.0010607828798207888,0.038389779423386804,0.0
1082,adam,0.0010573255546145843,0.03355187625903965,0.0
1083,adam,0.001052791904991648,0.014969701081022822,0.0
1084,adam,0.0010499496963270235,0.013740473784675532,0.0
1085,adam,0.0010484088545652521,0.028643745151804307,0.0
1086,adam,0.0010458438557225322,0.030437635255533974,0.0
1087,adam,0.0010420014165470593,0.019058723691412472,0.0
1088,adam,0.0010386712098751879,0.00791169413130739,0.0
1089,adam,0.0010365353829428466,0.019370537445096668,0.0
1090,adam,0.00103434377329031,0.025555565012325136,0.0
1091,adam,0.0010311920200554007,0.020895626434562786,0.0
1092,adam,0.001027817792751828,0.009899896247295262,0.0
1093,adam,0.0010251681572694162,0.011426421288751333,0.0
1094,adam,0.001022944668707173,0.019496509769117813,0.0
1095,adam,0.0010202918909318543,0.0200724370470659,0.0
1096,adam,0.001017167362404554,0.013485805412551018,0.0
1097,adam,0.001014244937072674,0.0077016201034734244,0.0
1098,adam,0.0010117844467729957,0.013115412242236136,0.0
1099,adam,0.0010093436091748649,0.017111405759114795,0.0
1100,adam,0.0010065497921065414,0.015048316197297816,0.0
1101,adam,0.0010036220609200555,0.009382522595658192,0.0
1102,adam,0.0010009344976957425,0.008451200077003132,0.0
1103,adam,0.000998469640625636,0.012782767891405502,0.0
1104,adam,0.0009959060010532254,0.014266320539332678,0.0
1105,adam,0.0009931349672942752,0.01156207355131718,0.0
1106,adam,0.0009903735682399131,0.007896949248984637,0.0
1107,adam,0.0009877794669459693,0.008847827857513606,0.0
1108,adam,0.0009852791229925987,0.011620760727027295,0.0
1109,adam,0.000982681969621263,0.011905056000648786,0.0
1110,adam,0.0009799825329029233,0.009559882764474007,0.0
1111,adam,0.0009773259884548469,0.007548295202050563,0.0
1112,adam,0.0009747733017864932,0.008697189871853682,0.0
1113,adam,0.0009722503344681428,0.010381068037369979,0.0
1114,adam,0.0009696743226451834,0.010261770867334437,0.0
1115,adam,0.0009670410711137024,0.008560394600274525,0.0
1116,adam,0.0009644436210526708,0.007465644803162476,0.0
1117,adam,0.0009619129439880386,0.008307832664476862,0.0
1118,adam,0.0009594006527645774,0.009350271774552221,0.0
1119,adam,0.0009568517027401263,0.009203398577861737,0.0
1120,adam,0.000954278804510909,0.00808283302984105,0.0
1121,adam,0.000951727144273663,0.007409973896680757,0.0
1122,adam,0.0009492136542212237,0.007907864302977987,0.0
1123,adam,0.0009467192565808794,0.008578001923933464,0.0
1124,adam,0.0009442053540994985,0.008533836746271698,0.0
1125,adam,0.0009416789318962556,0.007841223294763276,0.0
1126,adam,0.000939162896811301,0.007362519328674359,0.0
1127,adam,0.000936677943662322,0.007580701711711248,0.0
1128,adam,0.0009342026503123432,0.008017318341912402,0.0
1129,adam,0.0009317213280483924,0.008082303944636791,0.0
1130,adam,0.0009292349996602095,0.007693526704682117,0.0
1131,adam,0.0009267548908078082,0.007334906060883796,0.0
1132,adam,0.0009242927826742384,0.00736010083183037,0.0
1133,adam,0.0009218442486350785,0.007620853008128575,0.0
1134,adam,0.0009193982715926606,0.0077481325151949046,0.0
1135,adam,0.0009169474550598061,0.007571346546493304,0.0
1136,adam,0.000914501715109364,0.007319643674401957,0.0
1137,adam,0.0009120683591051882,0.007236301700610307,0.0
1138,adam,0.0009096448499956619,0.007354585775975685,0.0
1139,adam,0.000907227460891515,0.007484905672120915,0.0
1140,adam,0.0009048124080566295,0.007444825300412878,0.0
1141,adam,0.0009023993805789187,0.007298813040850359,0.0
1142,adam,0.0008999930686359469,0.007180429063591261,0.0
1143,adam,0.0008975982403885864,0.0071930899333550345,0.0
1144,adam,0.0008952124083895416,0.007279992033867063,0.0
1145,adam,0.0008928274482941006,0.007308214157986641,0.0
1146,adam,0.0008904485705768221,0.007254157013565008,0.0
1147,adam,0.0008880725872921483,0.007155766553528027,0.0
1148,adam,0.0008857051060237856,0.007108487082308077,0.0
1149,adam,0.0008833438862077916,0.007128858578212583,0.0
1150,adam,0.0008809888973228404,0.007165175906773553,0.0
1151,adam,0.0008786401995896744,0.00717151084478426,0.0
1152,adam,0.000876299097621978,0.007123319583402765,0.0
1153,adam,0.000873954777602912,0.007070801134783261,0.0
1154,adam,0.0008716283775336118,0.007043210266764256,0.0
1155,adam,0.0008693005936684369,0.007049332388623551,0.0
1156,adam,0.0008669841284595339,0.0070671951647989706,0.0
1157,adam,0.0008646686790338558,0.007060205891906562,0.0
1158,adam,0.0008623563321852129,0.007034870664910175,0.0
1159,adam,0.0008600548045316354,0.0069983395993927135,0.0
1160,adam,0.0008577549433056765,0.006977807054254983,0.0
1161,adam,0.0008554666773969012,0.0069753224140935025,0.0
1162,adam,0.0008531822111045453,0.00697761576957134,0.0
1163,adam,0.0008509029404277594,0.006975593716184357,0.0
1164,adam,0.000848627392258988,0.0069561481361071565,0.0
1165,adam,0.0008463596167384448,0.00693429979794729,0.0
1166,adam,0.000844096611844856,0.006913662880420391,0.0
1167,adam,0.0008418387937404354,0.006904066302596777,0.0
1168,adam,0.0008395916141534285,0.006901748514659997,0.0
1169,adam,0.0008373444542367145,0.006895992899912089,0.0
1170,adam,0.0008351024098771973,0.00688657678334687,0.0
1171,adam,0.0008328704329094127,0.0068679145825299515,0.0
1172,adam,0.0008306357922745239,0.0068520578925153645,0.0
1173,adam,0.0008284173882361964,0.006838180959183924,0.0
1174,adam,0.0008262001401134581,0.006829555387366561,0.0
1175,adam,0.0008239853327592909,0.006823881052500282,0.0
1176,adam,0.000821778929262557,0.006814713016195744,0.0
1177,adam,0.0008195793042820239,0.00680492017520053,0.0
1178,adam,0.0008173850291018038,0.006789673456989651,0.0
1179,adam,0.0008151918720689327,0.0067766766408388366,0.0
1180,adam,0.0008130082155607925,0.006764018490985084,0.0
1181,adam,0.0008108271018992068,0.006754143770655786,0.0
1182,adam,0.000808654976248894,0.006746036647587221,0.0
1183,adam,0.000806489817404202,0.006736403305046281,0.0
1184,adam,0.0008043247112731489,0.006726907004174593,0.0
1185,adam,0.0008021677956956186,0.006714239439063976,0.0
1186,adam,0.0008000166701744555,0.0067025404608579515,0.0
1187,adam,0.0007978701192843067,0.006690594849968453,0.0
1188,adam,0.0007957309071849553,0.006679948899406719,0.0
1189,adam,0.0007935938354543436,0.006670879379729494,0.0
1190,adam,0.000791463923334796,0.00666069489313913,0.0
1191,adam,0.0007893386090338164,0.006651753126752344,0.0
1192,adam,0.0007872208467593013,0.006640331593032785,0.0
1193,adam,0.0007851040272973906,0.006629822708981844,0.0
1194,adam,0.000782997430531642,0.006618256181097285,0.0
1195,adam,0.0007808937415141103,0.006607117832078733,0.0
1196,adam,0.0007787954705350339,0.006596833197600932,0.0
1197,adam,0.000776704588379502,0.0065864428620130006,0.0
1198,adam,0.0007746147251730493,0.006576671878835785,0.0
1199,adam,0.0007725341694293676,0.006566409312160868,0.0
1200,adam,0.0007704578995394012,0.0065563966075871515,0.0
1201,adam,0.0007683857631710652,0.006545476613016481,0.0
1202,adam,0.0007663203094153031,0.006535223177466561,0.0
1203,adam,0.0007642584772081925,0.006524322397764704,0.0
1204,adam,0.0007622038797549771,0.006514214221864953,0.0
1205,adam,0.0007601533387620158,0.006503921665337873,0.0
1206,adam,0.0007581073142530733,0.006494006108265545,0.0
1207,adam,0.0007560673269201393,0.006484001079671953,0.0
1208,adam,0.0007540319150508557,0.006473753641525055,0.0
1209,adam,0.0007520024908048616,0.0064637203430459,0.0
1210,adam,0.0007499780609461038,0.0064531995872605065,0.0
1211,adam,0.0007479584885794655,0.006443139965094324,0.0
1212,adam,0.0007459411998408395,0.0064324526199678106,0.0
1213,adam,0.0007439342703619517,0.006422384353245597,0.0
1214,adam,0.00074192832806025,0.006411966064229376,0.0
1215,adam,0.0007399310998909682,0.006401916494296901,0.0
1216,adam,0.0007379372262391523,0.006391927274847803,0.0
1217,adam,0.0007359468529295308,0.006381591495887628,0.0
1218,adam,0.0007339660221093107,0.006371925667739188,0.0
1219,adam,0.0007319858784713596,0.00636155375496857,0.0
1220,adam,0.0007300109353797592,0.006351824623139575,0.0
1221,adam,0.000728040640725726,0.006341452625935264,0.0
1222,adam,0.0007260798461220087,0.006331348579867234,0.0
1223,adam,0.0007241208400110207,0.006321481400280076,0.0
1224,adam,0.0007221668496135579,0.006311006460353784,0.0
1225,adam,0.0007202186066505266,0.006301462798489017,0.0
1226,adam,0.00071827614447303,0.0062909700111704716,0.0
1227,adam,0.0007163358149143244,0.006281160384346944,0.0
1228,adam,0.0007144034397494973,0.006271183161307548,0.0
1229,adam,0.0007124739727438843,0.006261026687300774,0.0
1230,adam,0.0007105489101524333,0.00625138380339134,0.0
1231,adam,0.0007086301176016832,0.006241146884105063,0.0
1232,adam,0.000706714895384249,0.006231380281410383,0.0
1233,adam,0.000704806119361429,0.006221474659660892,0.0
1234,adam,0.0007029030884308219,0.006211479765982199,0.0
1235,adam,0.0007010028599115556,0.006201991886043568,0.0
1236,adam,0.000699111127600221,0.0061918312559614075,0.0
1237,adam,0.000697221950836719,0.00618261984731708,0.0
1238,adam,0.0006953343725934083,0.006172419763443417,0.0
1239,adam,0.000693454736994237,0.006163488322735152,0.0
1240,adam,0.0006915790376167748,0.006153535416592706,0.0
1241,adam,0.0006897097571083265,0.006144664831358466,0.0
1242,adam,0.0006878447826173727,0.006134771590803087,0.0
1243,adam,0.0006859865616329194,0.006125795491417161,0.0
1244,adam,0.0006841297066743251,0.006116120713255079,0.0
1245,adam,0.0006822758577006405,0.0061073800306866025,0.0
1246,adam,0.0006804327436106849,0.00609772104619429,0.0
1247,adam,0.0006785879019868934,0.006090076166009602,0.0
1248,adam,0.0006767523321290726,0.006080283559025857,0.0
1249,adam,0.0006749195896038946,0.006074808067041743,0.0
1250,adam,0.0006730951261536668,0.006065945473997485,0.0
1251,adam,0.0006712738680412962,0.006063168505316555,0.0
1252,adam,0.0006694521689002751,0.006056822159617379,0.0
1253,adam,0.0006676422947683713,0.006059105526061958,0.0
1254,adam,0.0006658328970491161,0.006059089880099874,0.0
1255,adam,0.0006640297642072566,0.006072690004620386,0.0
1256,adam,0.0006622331314636075,0.00608845722724955,0.0
1257,adam,0.0006604369714201129,0.0061286640681872335,0.0
1258,adam,0.0006586485005119586,0.0061807994222548976,0.0
1259,adam,0.0006568643310161017,0.006281860642505412,0.0
1260,adam,0.0006550890387002704,0.006423222460738009,0.0
1261,adam,0.0006533201688030463,0.0066701059841776595,0.0
1262,adam,0.0006515560198760722,0.007027479175316558,0.0
1263,adam,0.0006498069651394334,0.007607937645801713,0.0
1264,adam,0.0006480697071713983,0.008442902155813045,0.0
1265,adam,0.0006463581679604053,0.009716594237048393,0.0
1266,adam,0.0006446773530722061,0.011500522404183875,0.0
1267,adam,0.0006430523164595378,0.014066012939327821,0.0
1268,adam,0.0006415213695535062,0.01757070766129204,0.0
1269,adam,0.0006401495106795265,0.022429947340093154,0.0
1270,adam,0.0006390544284423229,0.028982276798782597,0.0
1271,adam,0.0006384601581553081,0.03792665503979521,0.0
1272,adam,0.0006387513269999494,0.04999200056195161,0.0
1273,adam,0.0006406608610182525,0.06642686575038102,0.0
1274,adam,0.0006455243952236265,0.08873778365679555,0.0
1275,adam,0.0006558489527359347,0.11924449018480682,0.0
1276,adam,0.0006763357529422872,0.16095531963321846,0.0
1277,adam,0.0007158569541153238,0.21822324242382746,0.0
1278,adam,0.0007910569549803892,0.29688717866677744,0.0
1279,adam,0.0009332448343438693,0.40483595586888926,0.0
1280,adam,0.0011993328209874512,0.5523418832414598,0.0
1281,adam,0.0016895176191218302,0.7508386619625219,0.0
1282,adam,0.002556897652384201,1.0110807952177203,0.0
1283,adam,0.003983127913734302,1.330801569072426,0.0
1284,adam,0.005967256135937812,1.6790282713035765,0.0
1285,adam,0.007915205699153448,1.9567387992448397,0.0
1286,adam,0.0082178801681858,1.9977517319935298,0.0
1287,adam,0.005733664111709853,1.63335864587412,0.0
1288,adam,0.002031766826803459,0.8555268780686742,0.0
1289,adam,0.0006565926930093266,0.13120113567901387,0.0
1290,adam,0.0023420927166260402,0.9470307183131063,0.0
1291,adam,0.004151287967613354,1.3555451043545046,0.0
1292,adam,0.0034188535803815704,1.203785060777489,0.0
1293,adam,0.0012428940244856791,0.5685197562479832,0.0
1294,adam,0.0007394189937462911,0.2571680349136033,0.0
1295,adam,0.0020924958186006332,0.8757241741861923,0.0
1296,adam,0.00267632284654141,1.0320937654395177,0.0
1297,adam,0.0015177042189541798,0.6838902046765613,0.0
1298,adam,0.0006076843011165736,0.04458444015191638,0.0
1299,adam,0.0012296880286200098,0.5679550760336921,0.0
1300,adam,0.0019168816764341405,0.8208625717675233,0.0
1301,adam,0.0013614432737730415,0.624831655488131,0.0
1302,adam,0.0006237076027893417,0.12149316052550053,0.0
1303,adam,0.0009002396930255718,0.39572478121896937,0.0
1304,adam,0.0014188949259818352,0.6495192871038463,0.0
1305,adam,0.0011385239112111701,0.528944063681132,0.0
1306,adam,0.0006232325759410769,0.13381315376439026,0.0
1307,adam,0.0007590306660256012,0.2958974110151176,0.0
1308,adam,0.0011139088872089027,0.518728753970631,0.0
1309,adam,0.0009530678448823333,0.4346728713695825,0.0
1310,adam,0.0006109469080168569,0.12358766143712409,0.0
1311,adam,0.0006859875929123248,0.2313697975311399,0.0
1312,adam,0.0009173572477880244,0.4156483659186195,0.0
1313,adam,0.0008215766693108436,0.3541771876227038,0.0
1314,adam,0.0005998317049945134,0.11114393939222844,0.0
1315,adam,0.0006416212632423704,0.18241547792888424,0.0
1316,adam,0.0007890524571993304,0.3323804539646562,0.0
1317,adam,0.0007310287704585034,0.2875916688441316,0.0
1318,adam,0.0005903127474885775,0.10136007362769223,0.0
1319,adam,0.0006122292819457046,0.144160841422877,0.0
1320,adam,0.0007025073374909516,0.26291717869704223,0.0
1321,adam,0.0006683122445366257,0.232555619715469,0.0
1322,adam,0.0005807289149562314,0.09228534377026223,0.0
1323,adam,0.0005915254348341513,0.11346829553369925,0.0
1324,adam,0.0006459301576408872,0.2070010124824127,0.0
1325,adam,0.0006248609693873094,0.18710537024303228,0.0
1326,adam,0.0005707375122260153,0.08270519334944951,0.0
1327,adam,0.0005758461213864626,0.08932453817715143,0.0
1328,adam,0.0006076864498373243,0.161678212690121,0.0
1329,adam,0.0005943945004714994,0.1499346971141246,0.0
1330,adam,0.0005604927455084851,0.07275315183956743,0.0
1331,adam,0.0005627918600983909,0.0700179850645672,0.0
1332,adam,0.0005820607487963629,0.12592080284052046,0.0
1333,adam,0.0005729294513256173,0.11984514335998174,0.0
1334,adam,0.0005505796675160052,0.062046472989929644,0.0
1335,adam,0.0005513058204816827,0.05417513712066855,0.0
1336,adam,0.0005636160553107261,0.09798784704665019,0.0
1337,adam,0.00055769841622084,0.09628365827125052,0.0
1338,adam,0.0005417421184509786,0.05210672517397987,0.0
1339,adam,0.0005408977662229571,0.039734257805440244,0.0
1340,adam,0.0005495573059225799,0.07645775546915923,0.0
1341,adam,0.0005463185894073012,0.07840122817666546,0.0
1342,adam,0.0005343505603655845,0.04444080670127637,0.0
1343,adam,0.0005317310191776392,0.02651884217003069,0.0
1344,adam,0.0005376952832336235,0.0583205113753508,0.0
1345,adam,0.0005369602915957843,0.06489597622399672,0.0
1346,adam,0.0005281629250530214,0.03984205706804711,0.0
1347,adam,0.000524025068193372,0.014582553868788374,0.0
1348,adam,0.0005274708696053898,0.042791012718372344,0.0
1349,adam,0.0005283660464194201,0.053455205831104614,0.0
1350,adam,0.0005225796234872284,0.03762822787549831,0.0
1351,adam,0.0005177103052043043,0.008440477383070842,0.0
1352,adam,0.0005186477077071462,0.028553128426670127,0.0
1353,adam,0.0005200913281868596,0.04318246444140115,0.0
1354,adam,0.0005169258100045275,0.03560799374686581,0.0
1355,adam,0.0005123732813632281,0.012607651393203816,0.0
1356,adam,0.0005112760384641841,0.016422913713804953,0.0
1357,adam,0.0005121804645080668,0.03275124693358725,0.0
1358,adam,0.0005108447644718904,0.03266979019089052,0.0
1359,adam,0.0005073699687092133,0.017643571719211285,0.0
1360,adam,0.0005051529666977128,0.00826737274457502,0.0
1361,adam,0.0005049897812242364,0.023176752182132887,0.0
1362,adam,0.0005044147194639306,0.027834686193267014,0.0
1363,adam,0.0005021521184748095,0.020243678483915815,0.0
1364,adam,0.0004997570417661686,0.008203028458491274,0.0
1365,adam,0.0004986602291297162,0.015109335658623893,0.0
1366,adam,0.0004980449734914523,0.022350585300180442,0.0
1367,adam,0.0004965920573055486,0.019924047876466684,0.0
1368,adam,0.0004945476616783288,0.011229546168103142,0.0
1369,adam,0.0004929895419615539,0.009891038040950484,0.0
1370,adam,0.000492039272249936,0.01681497922119442,0.0
1371,adam,0.0004909007173233447,0.018217924798561862,0.0
1372,adam,0.00048925516820773,0.01288730543236221,0.0
1373,adam,0.0004876255796319829,0.007692292161488854,0.0
1374,adam,0.00048640332617299833,0.011885292684052272,0.0
1375,adam,0.0004853012221528365,0.01546711810223006,0.0
1376,adam,0.000483917951844671,0.013682344352734337,0.0
1377,adam,0.00048236391509060814,0.00815941886500515,0.0
1378,adam,0.0004809940191381554,0.007540587999857419,0.0
1379,adam,0.0004798337498223034,0.01191158690473817,0.0
1380,adam,0.00047860309453200156,0.013119806176872171,0.0
1381,adam,0.0004771781182388642,0.010099242167210224,0.0
1382,adam,0.0004757437685996488,0.00580745179578021,0.0
1383,adam,0.0004744862892456557,0.007547292822868195,0.0
1384,adam,0.00047330967040310065,0.010818993990466853,0.0
1385,adam,0.00047202833531984957,0.010839217858869753,0.0
1386,adam,0.0004706362625951805,0.007805819603599799,0.0
1387,adam,0.00046928751061192544,0.0049787619350914235,0.0
1388,adam,0.0004680617112247428,0.007036741967512578,0.0
1389,adam,0.0004668626678787092,0.009338648542217361,0.0
1390,adam,0.00046558381548523223,0.009009054800159913,0.0
1391,adam,0.0004642476928613327,0.006585522134895502,0.0
1392,adam,0.00046294416169769003,0.004789752329025806,0.0
1393,adam,0.00046172196422347337,0.0062696521435631845,0.0
1394,adam,0.000460513073251893,0.007871710986103439,0.0
1395,adam,0.00045925664691072254,0.007615598726709607,0.0
1396,adam,0.0004579665159281483,0.005963863771053934,0.0
1397,adam,0.0004566998505300748,0.004799073787964139,0.0
1398,adam,0.00045547708832318034,0.005585978793344398,0.0
1399,adam,0.00045426536415990365,0.006654784275994584,0.0
1400,adam,0.0004530298865226506,0.006560654878619056,0.0
1401,adam,0.00045177917524364964,0.005578404494258708,0.0
1402,adam,0.0004505377480049355,0.0048314711736019,0.0
1403,adam,0.0004493239832375352,0.005130932552333694,0.0
1404,adam,0.0004481164980144115,0.005782988607722498,0.0
1405,adam,0.0004469027187626009,0.005782506594181163,0.0
1406,adam,0.0004456780069419159,0.005261592506464064,0.0
1407,adam,0.00044446025700577683,0.004802481758076352,0.0
1408,adam,0.00044325853430894705,0.004877704148149069,0.0
1409,adam,0.00044206361213163593,0.005256386468585991,0.0
1410,adam,0.00044086457983742635,0.00528320171277516,0.0
1411,adam,0.00043966240738720926,0.005020854450390238,0.0
1412,adam,0.0004384651200193912,0.004720273655511524,0.0
1413,adam,0.00043727848540560616,0.0047108948716054234,0.0
1414,adam,0.0004360964186903219,0.004942009644617866,0.0
1415,adam,0.00043491424005613535,0.004990219454252158,0.0
1416,adam,0.00043373206292764664,0.004878027016775382,0.0
1417,adam,0.00043255178848944847,0.004655181479083857,0.0
1418,adam,0.00043137919057155476,0.004595006989425557,0.0
1419,adam,0.00043021239317790345,0.00471658874377428,0.0
1420,adam,0.0004290490868368474,0.004786473636142358,0.0
1421,adam,0.0004278859769811815,0.004781019950788731,0.0
1422,adam,0.00042672262947711316,0.004630917262650527,0.0
1423,adam,0.00042556316588062483,0.00455163029842744,0.0
1424,adam,0.00042441070440576073,0.004570499479146687,0.0
1425,adam,0.0004232634316266435,0.004625137328554055,0.0
1426,adam,0.0004221178973358876,0.004668990632392768,0.0
1427,adam,0.0004209719724350572,0.004599528429724234,0.0
1428,adam,0.0004198300013960713,0.004544121445445302,0.0
1429,adam,0.0004186912147332301,0.00450403042169123,0.0
1430,adam,0.00041755858989542136,0.00452476403858225,0.0
1431,adam,0.0004164273530227172,0.004562292325979033,0.0
1432,adam,0.0004153001420220091,0.004546093266848879,0.0
1433,adam,0.0004141738972210628,0.004520982546248614,0.0
1434,adam,0.0004130531857155902,0.004469931161241973,0.0
1435,adam,0.00041193359085432024,0.004465565499769253,0.0
1436,adam,0.0004108193665477798,0.004477421654108024,0.0
1437,adam,0.00040970692312790547,0.004485798735700776,0.0
1438,adam,0.00040859653364062567,0.004480350256974442,0.0
1439,adam,0.0004074896712409254,0.004444433438637608,0.0
1440,adam,0.0004063874529059848,0.004423651299259585,0.0
1441,adam,0.0004052877164905584,0.004410648079417929,0.0
1442,adam,0.0004041911943174295,0.004419057910178912,0.0
1443,adam,0.00040309623831875463,0.004426049171206699,0.0
1444,adam,0.0004020058572403099,0.004417133086961933,0.0
1445,adam,0.0004009165329677987,0.0043993555786513905,0.0
1446,adam,0.0003998323067823432,0.004375056449018465,0.0
1447,adam,0.0003987510815156101,0.004362438236794455,0.0
1448,adam,0.00039767145539060293,0.004360666675373506,0.0
1449,adam,0.0003965968193852325,0.0043613552844432805,0.0
1450,adam,0.0003955245657257314,0.004361067028055722,0.0
1451,adam,0.0003944526338372412,0.004348856530019505,0.0
1452,adam,0.0003933852748318688,0.004334430756406918,0.0
1453,adam,0.0003923218804065564,0.004320316528810095,0.0
1454,adam,0.0003912622247146254,0.004309641648396921,0.0
1455,adam,0.00039020376806274507,0.004307373929476605,0.0
1456,adam,0.00038914875841503094,0.004300502944777786,0.0
1457,adam,0.0003880960093035838,0.004297498963643401,0.0
1458,adam,0.00038704709095315875,0.004285595009838441,0.0
1459,adam,0.0003860010487674273,0.004276509309184122,0.0
1460,adam,0.0003849573516399983,0.004266448989638045,0.0
1461,adam,0.00038391764186691764,0.004257824893904587,0.0
1462,adam,0.00038288043064728654,0.004253654250446217,0.0
1463,adam,0.00038184467839831745,0.004245413451333821,0.0
1464,adam,0.00038081374179686696,0.004241349219223614,0.0
1465,adam,0.0003797862975838338,0.0042307666806049036,0.0
1466,adam,0.0003787585539902717,0.004223954119099482,0.0
1467,adam,0.00037773529824087983,0.004214276824950844,0.0
1468,adam,0.00037671691945409026,0.004206781609149419,0.0
1469,adam,0.000375697772681179,0.004200862094523225,0.0
1470,adam,0.0003746840718749557,0.004192741408559404,0.0
1471,adam,0.0003736728516886544,0.0041877308460841756,0.0
1472,adam,0.00037266323991631573,0.004178207091328665,0.0
1473,adam,0.0003716575829907658,0.004172479485835406,0.0
1474,adam,0.00037065588301075117,0.004163013950750548,0.0
1475,adam,0.0003696531790827186,0.004156666594708141,0.0
1476,adam,0.00036865814315997477,0.004148939522904537,0.0
1477,adam,0.00036766147827829444,0.004142161023608011,0.0
1478,adam,0.00036667130985917196,0.004135478327571667,0.0
1479,adam,0.00036568141009370885,0.00412771295557355,0.0
1480,adam,0.0003646953037505399,0.004120952066535467,0.0
1481,adam,0.0003637114865257006,0.004112926233392262,0.0
1482,adam,0.0003627323375856165,0.004105909926908318,0.0
1483,adam,0.0003617524423589641,0.004098564731215028,0.0
1484,adam,0.0003607768596964972,0.004091517422562488,0.0
1485,adam,0.00035980384719142493,0.004084703620246579,0.0
1486,adam,0.00035883530836250095,0.00407750360408381,0.0
1487,adam,0.0003578675862115079,0.004070927383784452,0.0
1488,adam,0.0003569046444054728,0.004063447997120648,0.0
1489,adam,0.00035594097082558405,0.004056719001299327,0.0
1490,adam,0.0003549840873846833,0.004049106580595286,0.0
1491,adam,0.00035402733673766675,0.004042339597068477,0.0
1492,adam,0.0003530729966328013,0.0040346758867403736,0.0
1493,adam,0.00035212242021301213,0.004027837519576177,0.0
1494,adam,0.00035117417849253585,0.004020395138450391,0.0
1495,adam,0.0003502293962572111,0.0040137294433042064,0.0
1496,adam,0.0003492868186771371,0.004006285375289958,0.0
1497,adam,0.00034834618576980007,0.00399994411223889,0.0
1498,adam,0.00034740923856894066,0.003992523430559637,0.0
1499,adam,0.0003464749615305385,0.0039864249623274796,0.0
1500,adam,0.0003455420002348122,0.003978600330547231,0.0
1501,adam,0.0003446132250105749,0.00397307880721039,0.0
1502,adam,0.00034368649001512326,0.003964587246360674,0.0
1503,adam,0.00034276211998954633,0.003960050579715302,0.0
1504,adam,0.000341839414756966,0.003950925472951719,0.0
1505,adam,0.00034092141355751907,0.003948099486131556,0.0
1506,adam,0.0003400047109368143,0.003938196856614429,0.0
1507,adam,0.000339090621211664,0.003937527116238152,0.0
1508,adam,0.00033818049375886484,0.003927230607777203,0.0
1509,adam,0.0003372713344760499,0.003930285202184224,0.0
1510,adam,0.00033636585401944586,0.00392065310941444,0.0
1511,adam,0.00033546203028904256,0.0039315830347597365,0.0
1512,adam,0.000334562201645779,0.003926284176249518,0.0
1513,adam,0.0003336639885017907,0.003955509500541593,0.0
1514,adam,0.00033276931073001167,0.003966179150201625,0.0
1515,adam,0.0003318772372045652,0.004038077546565121,0.0
1516,adam,0.00033099103073572526,0.004095821816466135,0.0
1517,adam,0.00033010633875079053,0.004273267782159868,0.0
1518,adam,0.0003292284774691601,0.004467820619177452,0.0
1519,adam,0.0003283594288167087,0.004901076621940236,0.0
1520,adam,0.00032749969410977246,0.005443963220903297,0.0
1521,adam,0.00032666330814708905,0.006432691044277398,0.0
1522,adam,0.00032585830090755744,0.007720529539376617,0.0
1523,adam,0.00032510954711084076,0.009763473221099231,0.0
1524,adam,0.00032446244606159995,0.0124499934965469,0.0
1525,adam,0.00032400105393642724,0.01639775190181221,0.0
1526,adam,0.0003238739108177063,0.02165281336609514,0.0
1527,adam,0.00032437418036711674,0.029109117663827063,0.0
1528,adam,0.0003260347217663266,0.03917178485518778,0.0
1529,adam,0.00032988495752617474,0.05324134655938702,0.0
1530,adam,0.0003378392200698029,0.07240706545111936,0.0
1531,adam,0.0003535120789587403,0.09895025154398794,0.0
1532,adam,0.00038338561458191604,0.13495750975272364,0.0
1533,adam,0.00043878305548366637,0.183511192427818,0.0
1534,adam,0.0005360932358675807,0.2464002499366344,0.0
1535,adam,0.0006935110292124665,0.32316246228959467,0.0
1536,adam,0.000905598628071914,0.4051744871516873,0.0
1537,adam,0.0011089507650685697,0.4722173511307825,0.0
1538,adam,0.0011532521319389155,0.4920017927215644,0.0
1539,adam,0.0009443895570438811,0.4408020237956601,0.0
1540,adam,0.0006120662218263158,0.33513761636111183,0.0
1541,adam,0.0004499533379060276,0.2680406446304537,0.0
1542,adam,0.0005775912948384065,0.3245560470787467,0.0
1543,adam,0.0008096107552349965,0.4097027453333895,0.0
1544,adam,0.000889988195891677,0.43736773678098184,0.0
1545,adam,0.0007268809268969776,0.3950074335377971,0.0
1546,adam,0.0005480662256764578,0.33986722789523394,0.0
1547,adam,0.0005505138737571079,0.34742504688027687,0.0
1548,adam,0.0006793141236514198,0.3940018453561059,0.0
1549,adam,0.0007195516507707094,0.40354196737903913,0.0
1550,adam,0.000596452004489033,0.3517528080091307,0.0
1551,adam,0.00045676393096115084,0.2789041919664014,0.0
1552,adam,0.0004447806908352213,0.2539660192564415,0.0
1553,adam,0.0005047848520359858,0.2681782371355135,0.0
1554,adam,0.0004974236192300386,0.2531321254627741,0.0
1555,adam,0.0003986657922852347,0.18699671791112665,0.0
1556,adam,0.00032536422898172483,0.11576441085193594,0.0
1557,adam,0.0003416592121871845,0.12451645760270945,0.0
1558,adam,0.00038282764106070785,0.15578778919414674,0.0
1559,adam,0.000368111956331164,0.13848996172749461,0.0
1560,adam,0.0003151176881302752,0.07138918783611839,0.0
1561,adam,0.0002968670418190978,0.031026226563056064,0.0
1562,adam,0.00032773082096020903,0.10127609740286013,0.0
1563,adam,0.00035380915594633556,0.13620013882006998,0.0
1564,adam,0.0003400417207088723,0.12806498981637274,0.0
1565,adam,0.0003145253059525091,0.10420033074456106,0.0
1566,adam,0.00031715458413390985,0.11109662859856351,0.0
1567,adam,0.0003420073515114655,0.14031555711852034,0.0
1568,adam,0.0003537477212737733,0.1549594594344568,0.0
1569,adam,0.0003427849329442841,0.15143412437555767,0.0
1570,adam,0.0003321672458877729,0.1496552156919996,0.0
1571,adam,0.00034140565947840177,0.16512171820831764,0.0
1572,adam,0.00036002652641582423,0.18596555209956536,0.0
1573,adam,0.00036828825230285226,0.19751615582742577,0.0
1574,adam,0.0003659309137401569,0.20162031181397402,0.0
1575,adam,0.00036944643231651446,0.2096729806864831,0.0
1576,adam,0.00038731287660642754,0.22714471983176132,0.0
1577,adam,0.00041150050697235887,0.24894623117113313,0.0
1578,adam,0.0004312173730184576,0.26997405669588986,0.0
1579,adam,0.00045096319515963403,0.29256328330875414,0.0
1580,adam,0.0004808943561053703,0.32109490194736817,0.0
1581,adam,0.0005262390111924031,0.3559448534311401,0.0
1582,adam,0.0005814442103955046,0.39375036323452933,0.0
1583,adam,0.0006421023140595769,0.43220766392373433,0.0
1584,adam,0.0007109521126821329,0.4722708511366531,0.0
1585,adam,0.0007940433359745431,0.514761941540248,0.0
1586,adam,0.0008872545271526291,0.558286030436821,0.0
1587,adam,0.0009826119661541896,0.5992553438701993,0.0
1588,adam,0.0010608877645739694,0.6332723222429818,0.0
1589,adam,0.001115940733068084,0.6560991691855179,0.0
1590,adam,0.001129627511748105,0.6630267604239461,0.0
1591,adam,0.0010929028337711198,0.6486855819187632,0.0
1592,adam,0.0009938617867337844,0.6086585840393118,0.0
1593,adam,0.0008430088168083398,0.5413267942123866,0.0
1594,adam,0.0006650362204399075,0.44935452975037593,0.0
1595,adam,0.0004963094944524691,0.3393425846501443,0.0
1596,adam,0.00036502939406244376,0.21893454259710834,0.0
1597,adam,0.00028854422165494603,0.09722729346447731,0.0
1598,adam,0.00026961353171469114,0.025350042954018444,0.0
1599,adam,0.0002984958920804001,0.1257114891778261,0.0
1600,adam,0.0003552576328610834,0.21154509652228415,0.0
1601,adam,0.0004160400309357195,0.27534107826220616,0.0
1602,adam,0.00046187206948814104,0.31578057528444287,0.0
1603,adam,0.0004814510755090628,0.3324792301214419,0.0
1604,adam,0.0004733578852000685,0.32706624695162695,0.0
1605,adam,0.0004410948015941843,0.30143975483598107,0.0
1606,adam,0.000393742546429842,0.2587721419380618,0.0
1607,adam,0.0003428019527127141,0.20320377085041608,0.0
1608,adam,0.00029977887273310464,0.14017576838015536,0.0
1609,adam,0.00027190010344655053,0.07518317831998395,0.0
1610,adam,0.00026081320476116726,0.017052400575297017,0.0
1611,adam,0.00026383659814726884,0.047390497305603095,0.0
1612,adam,0.00027632951703416013,0.09515716274719795,0.0
1613,adam,0.00029311808831798355,0.13403144919714244,0.0
1614,adam,0.00030917041344669495,0.162385541763561,0.0
1615,adam,0.0003205373725701762,0.18010707300769593,0.0
1616,adam,0.00032498957468222295,0.18731618607755282,0.0
1617,adam,0.00032267567800358396,0.1853519345693744,0.0
1618,adam,0.0003148778863611344,0.17548704880176993,0.0
1619,adam,0.00030358139636718444,0.1592787544714212,0.0
1620,adam,0.00029061896173483893,0.13810798902749152,0.0
1621,adam,0.0002778399496564161,0.11350537532094258,0.0
1622,adam,0.00026679381094591034,0.08698920751063899,0.0
1623,adam,0.00025848166429215456,0.06031876736799659,0.0
1624,adam,0.00025312561631431305,0.034696498464604326,0.0
1625,adam,0.00025040112216963447,0.01201400337277092,0.0
1626,adam,0.0002497878198263944,0.013525185442497256,0.0
1627,adam,0.0002507661931383876,0.03209220931677716,0.0
1628,adam,0.0002528153475486434,0.048939178885701734,0.0
1629,adam,0.00025538241950311526,0.06331093176341739,0.0
1630,adam,0.00025798449858919776,0.07518801725820987,0.0
1631,adam,0.0002603196117885517,0.08474520761574719,0.0
1632,adam,0.0002622969425502598,0.09242335887849806,0.0
1633,adam,0.00026390671719726827,0.09851207548898018,0.0
1634,adam,0.0002651697306992809,0.10333690965081146,0.0
1635,adam,0.0002660939845257973,0.10711715793655406,0.0
1636,adam,0.0002667697669360739,0.11019455417618775,0.0
1637,adam,0.0002673207381479756,0.11285924934407368,0.0
1638,adam,0.00026791698366805477,0.1155355495692005,0.0
1639,adam,0.0002686521359186421,0.11841794009556544,0.0
1640,adam,0.00026965768481012096,0.12184708075135081,0.0
1641,adam,0.00027102224858532257,0.1259463746850006,0.0
1642,adam,0.0002729508052343077,0.13106482369657488,0.0
1643,adam,0.00027561300326919846,0.13736015744426577,0.0
1644,adam,0.0002792922210934965,0.14516710053186993,0.0
1645,adam,0.00028423346424609746,0.154642209197447,0.0
1646,adam,0.00029086004161066954,0.1661754167371451,0.0
1647,adam,0.00029963307313090476,0.18001193604226456,0.0
1648,adam,0.0003113247172349664,0.1966475819495647,0.0
1649,adam,0.0003267424972338102,0.21645108498677204,0.0
1650,adam,0.0003472194562058638,0.23997535164132333,0.0
1651,adam,0.00037412038623880334,0.2676895496129077,0.0
1652,adam,0.00040973314239714476,0.3002009373450718,0.0
1653,adam,0.00045622296104285407,0.3380071496407291,0.0
1654,adam,0.0005171455214586014,0.3815753844869506,0.0
1655,adam,0.0005951300589625055,0.43114040290765787,0.0
1656,adam,0.0006944170993757014,0.48650871392142164,0.0
1657,adam,0.0008155634990416412,0.5469146813360193,0.0
1658,adam,0.0009597420767804384,0.6103566473412698,0.0
1659,adam,0.001117250259510521,0.6735596181381872,0.0
1660,adam,0.001276600467473371,0.7309762757855276,0.0
1661,adam,0.0014054873747737587,0.7752733242234443,0.0
1662,adam,0.00147467362841947,0.7969961997365239,0.0
1663,adam,0.001440254219303528,0.7865362753781879,0.0
1664,adam,0.001291102127726796,0.7359643976659063,0.0
1665,adam,0.0010354007567428829,0.6418999694047761,0.0
1666,adam,0.0007333820467263996,0.5080344399589672,0.0
1667,adam,0.00045869117169530934,0.3443922141276562,0.0
1668,adam,0.00027961911046600076,0.166821451419283,0.0
1669,adam,0.0002245608453135064,0.008897770109312786,0.0
1670,adam,0.0002774818760820704,0.164911739647544,0.0
1671,adam,0.0003905045034360155,0.291347913948189,0.0
1672,adam,0.0005054944979736299,0.37883290622179205,0.0
1673,adam,0.0005754619194884194,0.4233680454935775,0.0
1674,adam,0.0005754169047496274,0.42370035374001025,0.0
1675,adam,0.0005109869667171889,0.3834133187423018,0.0
1676,adam,0.00040904390775803193,0.30915666126250935,0.0
1677,adam,0.00030824775221449316,0.2114409861294847,0.0
1678,adam,0.00024012805870256558,0.10220013515687684,0.0
1679,adam,0.00021905629081593755,0.007003074605278484,0.0
1680,adam,0.00023951628413858742,0.10349489972879121,0.0
1681,adam,0.00028240592676823215,0.18088773813103334,0.0
1682,adam,0.00032495007555053323,0.23363845247872123,0.0
1683,adam,0.00034923237533162433,0.2591465259546614,0.0
1684,adam,0.0003477877228197381,0.25830644073703846,0.0
1685,adam,0.00032330878147468196,0.23362826250993685,0.0
1686,adam,0.000286467832745487,0.19023868910506686,0.0
1687,adam,0.0002499389941981625,0.13395933879773486,0.0
1688,adam,0.00022407888868932193,0.07152124922430643,0.0
1689,adam,0.00021362609687326746,0.00945504203180274,0.0
1690,adam,0.00021747428618849125,0.04806763968014047,0.0
1691,adam,0.00023036028119303222,0.09547857759860574,0.0
1692,adam,0.0002454930203307591,0.13055071609447305,0.0
1693,adam,0.00025700052606737853,0.1521572747064331,0.0
1694,adam,0.00026136209645522034,0.16006729203769046,0.0
1695,adam,0.00025799196870267065,0.1555240110331269,0.0
1696,adam,0.0002485412980982502,0.14021849303913103,0.0
1697,adam,0.00023609607165303383,0.11668426521204697,0.0
1698,adam,0.0002238421993577994,0.08756739847801293,0.0
1699,adam,0.00021429834900027378,0.055597330343259,0.0
1700,adam,0.0002087553360566102,0.02338733183409031,0.0
1701,adam,0.00020727466601745158,0.007836334943703812,0.0
1702,adam,0.00020898259744439409,0.03449247306522589,0.0
1703,adam,0.00021250584405306124,0.05689416123886365,0.0
1704,adam,0.00021643412143201103,0.07409067881768731,0.0
1705,adam,0.0002196093156382113,0.08577080115054571,0.0
1706,adam,0.00022133409689408217,0.092162579836354,0.0
1707,adam,0.0002213553373864028,0.09361209865546571,0.0
1708,adam,0.00021982667204407637,0.09081201898110125,0.0
1709,adam,0.00021712751627778534,0.08447125502236516,0.0
1710,adam,0.0002137686654005736,0.07542726870674037,0.0
1711,adam,0.00021023670222083943,0.0644465931706742,0.0
1712,adam,0.00020694125549165218,0.05234028177125081,0.0
1713,adam,0.00020415096497299756,0.03970082480379407,0.0
1714,adam,0.00020199868429574225,0.027205455188234057,0.0
1715,adam,0.0002005011697585079,0.0152175651200216,0.0
1716,adam,0.00019959073498324376,0.0046338304606865326,0.0
1717,adam,0.00019914857536852633,0.006996171227477336,0.0
1718,adam,0.00019904730965691683,0.01572679554001767,0.0
1719,adam,0.00019916029075886957,0.02356382188732633,0.0
1720,adam,0.00019938411050090052,0.030276071244649684,0.0
1721,adam,0.00019964275164782843,0.03600817533033599,0.0
1722,adam,0.00019988447907238208,0.040804948847170515,0.0
1723,adam,0.00020008323613345536,0.04488537367804144,0.0
1724,adam,0.00020023554770900857,0.04833300198255101,0.0
1725,adam,0.00020034960821537143,0.051395068520835925,0.0
1726,adam,0.000200447617604178,0.05415810252575405,0.0
1727,adam,0.0002005586368555493,0.05688410683983279,0.0
1728,adam,0.0002007155416041699,0.059630441294232006,0.0
1729,adam,0.00020096401299186215,0.06267150953657055,0.0
1730,adam,0.00020135180491527883,0.06605346610778366,0.0
1731,adam,0.00020194320640037094,0.07005313348779767,0.0
1732,adam,0.00020281540960742403,0.0747413775217034,0.0
1733,adam,0.00020406861135089426,0.08040433075710728,0.0
1734,adam,0.00020583364473897414,0.08716060420938525,0.0
1735,adam,0.0002083023435301803,0.09534481095817308,0.0
1736,adam,0.00021171668994280724,0.10516092751586022,0.0
1737,adam,0.00021644262903665982,0.1170349228185938,0.0
1738,adam,0.0002229520966100067,0.13128723849759807,0.0
1739,adam,0.00023196973823677315,0.1484960021758101,0.0
1740,adam,0.00024443875899411027,0.1691686095310746,0.0
1741,adam,0.00026180698002314776,0.194075459124342,0.0
1742,adam,0.0002859591674607896,0.22399596302670735,0.0
1743,adam,0.0003198041807574942,0.25993562099010004,0.0
1744,adam,0.00036697382312949744,0.30296845876773837,0.0
1745,adam,0.00043305209668913366,0.3542496480938429,0.0
1746,adam,0.0005243532604505436,0.41496014871615006,0.0
1747,adam,0.0006502162084249072,0.4858935408434256,0.0
1748,adam,0.0008183325359538566,0.5674062979692245,0.0
1749,adam,0.0010383182079015101,0.6581810247672168,0.0
1750,adam,0.0013064625428453036,0.7550801351673141,0.0
1751,adam,0.0016118054648042,0.8507126505472957,0.0
1752,adam,0.0019012401222332238,0.9337257660556842,0.0
1753,adam,0.002107332604674084,0.9867250377118896,0.0
1754,adam,0.0021170188737358875,0.9899525046770369,0.0
1755,adam,0.001876280172134694,0.9248672123774562,0.0
1756,adam,0.0013939934317828105,0.7825198930122466,0.0
1757,adam,0.0008265878723366354,0.5700803689886608,0.0
1758,adam,0.00037310478985998213,0.3105166387543055,0.0
1759,adam,0.00018419068417809383,0.038520693883037326,0.0
1760,adam,0.00026968055665504,0.21157161983971326,0.0
1761,adam,0.0005128226779064377,0.4089545181075733,0.0
1762,adam,0.000746049178116268,0.5334282997765843,0.0
1763,adam,0.0008324569047793182,0.5729354460052691,0.0
1764,adam,0.0007338074312184271,0.5278403611086393,0.0
1765,adam,0.0005117576202972184,0.40890184154433334,0.0
1766,adam,0.0002932730675373043,0.24002349060975683,0.0
1767,adam,0.00018354871067945247,0.051305526366445316,0.0
1768,adam,0.00021036804531868295,0.12759258154087413,0.0
1769,adam,0.000320697335808075,0.2680569903767648,0.0
1770,adam,0.00042572536809652283,0.3534102861683794,0.0
1771,adam,0.0004578380577469716,0.37577810145493673,0.0
1772,adam,0.00040260814646917104,0.3372105905765399,0.0
1773,adam,0.00029989605522930053,0.24991373908341255,0.0
1774,adam,0.0002096490666472375,0.13175102753265439,0.0
1775,adam,0.00017462355371951493,0.007018339572006057,0.0
1776,adam,0.00019831964012623378,0.11031265835719342,0.0
1777,adam,0.00025097094349265867,0.19697027210725296,0.0
1778,adam,0.0002931394187664365,0.24520299564396933,0.0
1779,adam,0.00029917983437751,0.2517338311012531,0.0
1780,adam,0.0002689403501720018,0.22005715104582244,0.0
1781,adam,0.00022220763216627027,0.15869103540527185,0.0
1782,adam,0.00018437534392092591,0.0802552487736318,0.0
1783,adam,0.0001711644169592661,0.0033265876183691295,0.0
1784,adam,0.0001823075120706078,0.07611757097326637,0.0
1785,adam,0.00020506329388822627,0.1319281270034738,0.0
1786,adam,0.00022348192800825416,0.16381171747829348,0.0
1787,adam,0.00022727576883868514,0.17010409598148973,0.0
1788,adam,0.0002156553203018619,0.15265841383691073,0.0
1789,adam,0.00019587277926474435,0.11655160187638329,0.0
1790,adam,0.00017777872628628715,0.06866818647298291,0.0
1791,adam,0.00016853892800746387,0.016733567499752723,0.0
1792,adam,0.00016969636633885004,0.03255571301662486,0.0
1793,adam,0.00017768746189612418,0.07258837552871972,0.0
1794,adam,0.00018663129950899482,0.09975139396152104,0.0
1795,adam,0.00019149410486322835,0.11217095038321992,0.0
1796,adam,0.00019018063499218473,0.110110623787856,0.0
1797,adam,0.00018375844007711986,0.09540250674685986,0.0
1798,adam,0.0001753428041597183,0.07126179999016014,0.0
1799,adam,0.00016826521138649247,0.041559228318357545,0.0
1800,adam,0.0001646503536497455,0.010393600948758082,0.0
1801,adam,0.00016479463893154174,0.019350428202538135,0.0
1802,adam,0.0001674623075512271,0.04363300146226772,0.0
1803,adam,0.0001707219990286224,0.06112088107629205,0.0
1804,adam,0.00017285185780448843,0.07065141207126222,0.0
1805,adam,0.00017294691711737734,0.07234836442434785,0.0
1806,adam,0.00017105495055879836,0.06689167991976312,0.0
1807,adam,0.00016794784086689353,0.05574160628555438,0.0
1808,adam,0.00016466297602059645,0.04059611132875536,0.0
1809,adam,0.000162092326065398,0.02342013042300578,0.0
1810,adam,0.00016070139456725747,0.006166090063291885,0.0
1811,adam,0.0001604832779674571,0.01076708065323156,0.0
1812,adam,0.0001610714404268759,0.024459834917438094,0.0
1813,adam,0.00016193901607620617,0.03492085365243984,0.0
1814,adam,0.00016260260273150208,0.04170429204689356,0.0
1815,adam,0.0001627543558715489,0.044725595324462374,0.0
1816,adam,0.000162303746550551,0.044272652346165946,0.0
1817,adam,0.0001613480674391616,0.04077418207191955,0.0
1818,adam,0.00016010169795870223,0.034976673168556544,0.0
1819,adam,0.00015880543653066126,0.027456386142802634,0.0
1820,adam,0.0001576631117465141,0.019091214060482156,0.0
1821,adam,0.000156793943277808,0.010456383748310757,0.0
1822,adam,0.0001562309122874887,0.0028640501473557725,0.0
1823,adam,0.00015593205766758223,0.006297699269731005,0.0
1824,adam,0.00015581640856952283,0.01269215270448703,0.0
1825,adam,0.00015578269723473423,0.01801871537150101,0.0
1826,adam,0.00015574353233480928,0.02196912805905504,0.0
1827,adam,0.00015563291718259702,0.024643572767671762,0.0
1828,adam,0.00015541742235239365,0.025997545635129994,0.0
1829,adam,0.00015509101693043494,0.026269121092215145,0.0
1830,adam,0.00015466560307457954,0.025538015978705992,0.0
1831,adam,0.00015416801758593379,0.024073293207872163,0.0
1832,adam,0.0001536278611149417,0.02198608632588482,0.0
1833,adam,0.00015307530127193917,0.01953208315132204,0.0
1834,adam,0.0001525317374515121,0.016798091112194772,0.0
1835,adam,0.00015201299842192893,0.013992347796253943,0.0
1836,adam,0.00015152741992317874,0.011171914650508147,0.0
1837,adam,0.00015107713574069213,0.008487808934387504,0.0
1838,adam,0.00015066314796869463,0.005980112472620646,0.0
1839,adam,0.00015027971208745217,0.0038243508595929305,0.0
1840,adam,0.00014991986722166447,0.002318182609909346,0.0
1841,adam,0.0001495807437612536,0.002346919554664604,0.0
1842,adam,0.000149255116473068,0.003533823744996617,0.0
1843,adam,0.00014894139214866536,0.004903793328571628,0.0
1844,adam,0.0001486348384934766,0.006249655605338256,0.0
1845,adam,0.00014833347207121865,0.007484345975257771,0.0
1846,adam,0.00014803636209735318,0.008674117253732926,0.0
1847,adam,0.00014774493238537353,0.00978817906839536,0.0
1848,adam,0.00014745926666111828,0.010925716171966198,0.0
1849,adam,0.0001471808391907225,0.012055785033893473,0.0
1850,adam,0.00014691242379944583,0.013288818789088186,0.0
1851,adam,0.00014665759334136466,0.014604608674453276,0.0
1852,adam,0.0001464213561554485,0.01611513041470574,0.0
1853,adam,0.00014620974226236188,0.017815130674192447,0.0
1854,adam,0.00014603375423462747,0.01983094607457846,0.0
1855,adam,0.0001459064670878369,0.02217184693213549,0.0
1856,adam,0.0001458445334865484,0.024988783225984586,0.0
1857,adam,0.00014587707257741043,0.028320047732375696,0.0
1858,adam,0.0001460410887690492,0.032358615835159955,0.0
1859,adam,0.00014639259996937875,0.037210426864623974,0.0
1860,adam,0.0001470157232002892,0.04312917477851834,0.0
1861,adam,0.0001480324152797356,0.05030557149382478,0.0
1862,adam,0.0001496261953079652,0.059110559460338025,0.0
1863,adam,0.00015207187390406547,0.0698726427081816,0.0
1864,adam,0.0001557927184644352,0.08315537169328505,0.0
1865,adam,0.00016142425029084091,0.09953056489245704,0.0
1866,adam,0.00016996776656518915,0.11985111014869818,0.0
1867,adam,0.00018292984208654036,0.1450739674243963,0.0
1868,adam,0.0002027175955029314,0.17651185916931272,0.0
1869,adam,0.00023294559259142908,0.21572773850341923,0.0
1870,adam,0.0002794396813807576,0.2646993784624293,0.0
1871,adam,0.0003507256612714885,0.3258065838999287,0.0
1872,adam,0.00046040295540560527,0.4017228186560471,0.0
1873,adam,0.0006267976943567682,0.4954433433258426,0.0
1874,adam,0.0008773136105661547,0.6092553340536245,0.0
1875,adam,0.0012395179070398357,0.7444453287145987,0.0
1876,adam,0.0017430774460536506,0.8976918472534339,0.0
1877,adam,0.002369833008841248,1.0596069391236316,0.0
1878,adam,0.0030461881830479987,1.2072736715633647,0.0
1879,adam,0.0035281752870905203,1.3047451198050246,0.0
1880,adam,0.00353765594978478,1.303165294258083,0.0
1881,adam,0.002830161800360379,1.1601168634883985,0.0
1882,adam,0.0016408581133766208,0.8642017762888744,0.0
1883,adam,0.0005508199280175168,0.4512480232330442,0.0
1884,adam,0.0001413439458994461,0.02358316894656639,0.0
1885,adam,0.00047812379024902616,0.4109196997380849,0.0
1886,adam,0.0011147102651227606,0.696741098531529,0.0
1887,adam,0.001471896777140021,0.813011688320378,0.0
1888,adam,0.0012494122405345602,0.741901477129169,0.0
1889,adam,0.0006630879897870614,0.5092470923001549,0.0
1890,adam,0.00020292642339266365,0.17797265248387098,0.0
1891,adam,0.00019185240264743152,0.16298827815136704,0.0
1892,adam,0.0005113625225748648,0.429348281940055,0.0
1893,adam,0.0007775586084992878,0.5622834370265394,0.0
1894,adam,0.0007268118877283049,0.5390554005438633,0.0
1895,adam,0.00042673096449699123,0.3783352495490258,0.0
1896,adam,0.00017273383862743556,0.13453461934940228,0.0
1897,adam,0.00016613987745889785,0.12168430495942624,0.0
1898,adam,0.0003421467036506996,0.31851754517577474,0.0
1899,adam,0.0004798038895086906,0.41172253374678397,0.0
1900,adam,0.0004362437342038279,0.38559845277982385,0.0
1901,adam,0.00027014500314700697,0.2590622429453749,0.0
1902,adam,0.00014624050759958352,0.07757860799207852,0.0
1903,adam,0.00015994804234005267,0.11212476026673422,0.0
1904,adam,0.00025877214644744764,0.24774379974645716,0.0
1905,adam,0.0003212406882240876,0.3043937954752495,0.0
1906,adam,0.0002859704210548476,0.2750986835065898,0.0
1907,adam,0.00019587547002806592,0.17690540776753017,0.0
1908,adam,0.00013804769844974086,0.0497080084659955,0.0
1909,adam,0.00015223153712722322,0.09656647541338612,0.0
1910,adam,0.0002038092350909559,0.1873448969878307,0.0
1911,adam,0.00023178646618544565,0.22252502190595988,0.0
1912,adam,0.0002098895186815902,0.19756217675000712,0.0
1913,adam,0.0001637778797766794,0.12680547258631578,0.0
1914,adam,0.00013589386502606244,0.043682776811779206,0.0
1915,adam,0.00014342760553496468,0.07464803157906105,0.0
1916,adam,0.00016835508103052446,0.13548131243605246,0.0
1917,adam,0.00018138371654931876,0.15972435049362882,0.0
1918,adam,0.00017086438445586998,0.1435814939467325,0.0
1919,adam,0.00014866302925705717,0.09695620328176081,0.0
1920,adam,0.00013441501171695402,0.04399020810187289,0.0
1921,adam,0.00013637722755873368,0.053389019319585534,0.0
1922,adam,0.0001470030394222731,0.09285072079393712,0.0
1923,adam,0.00015339256195923126,0.11169068695298634,0.0
1924,adam,0.00014949948281953981,0.1046240336647134,0.0
1925,adam,0.00013970679626753207,0.07713834307358211,0.0
1926,adam,0.00013233703418098297,0.04386661124588847,0.0
1927,adam,0.00013166487227640538,0.038265246613276016,0.0
1928,adam,0.00013536943844265727,0.06048829827231441,0.0
1929,adam,0.00013816342092928238,0.07533533255476213,0.0
1930,adam,0.0001370611045673266,0.0748388615834377,0.0
1931,adam,0.00013313792663368197,0.060934917467688005,0.0
1932,adam,0.00012959285732735013,0.04129919480407018,0.0
1933,adam,0.00012847421435503226,0.03092265420001578,0.0
1934,adam,0.00012930036867399202,0.0387392441491228,0.0
1935,adam,0.00013016920700271853,0.04882403244342433,0.0
1936,adam,0.00012969777771532678,0.05138388625041777,0.0
1937,adam,0.00012808531376273043,0.04584533779950461,0.0
1938,adam,0.00012647116944651825,0.03558057633336937,0.0
1939,adam,0.0001257382365714807,0.027164650435412264,0.0
1940,adam,0.0001258061502479407,0.027081862828656277,0.0
1941,adam,0.00012593149537419953,0.031608756654474816,0.0
1942,adam,0.00012550764856004997,0.03419468511140619,0.0
1943,adam,0.0001245395606563022,0.03232873288671124,0.0
1944,adam,0.00012354747532174637,0.027265559074839157,0.0
1945,adam,0.00012301281416487124,0.02198209243913657,0.0
1946,adam,0.0001229849292555803,0.02020030726362991,0.0
1947,adam,0.00012309889591353068,0.022026571691191064,0.0
1948,adam,0.00012292304805401844,0.023737930243182423,0.0
1949,adam,0.00012231512718977118,0.023227217835002627,0.0
1950,adam,0.00012148347476543362,0.020075423013604446,0.0
1951,adam,0.00012079778244358089,0.015873177228914934,0.0
1952,adam,0.00012048730867508895,0.013192930052962692,0.0
1953,adam,0.00012050045360153334,0.014016520861508805,0.0
1954,adam,0.00012057545178727438,0.016445742844465757,0.0
1955,adam,0.00012044506428635318,0.0177072441067405,0.0
1956,adam,0.00012001756200444138,0.016914944368194722,0.0
1957,adam,0.00011940408963983627,0.01393418311564276,0.0
1958,adam,0.0001188222421265482,0.009854776244442727,0.0
1959,adam,0.00011844263960488361,0.00661031812097452,0.0
1960,adam,0.00011829387282866351,0.007310455562997426,0.0
1961,adam,0.00011827013614165729,0.01025793977627636,0.0
1962,adam,0.00011821123727555189,0.012383371345709278,0.0
1963,adam,0.00011800874720271001,0.012961200895077065,0.0
1964,adam,0.0001176496947624403,0.011682088079245248,0.0
1965,adam,0.00011721007317852177,0.009054648059857423,0.0
1966,adam,0.00011679572679549747,0.005473118705927707,0.0
1967,adam,0.00011648207894206557,0.002328325458099059,0.0
1968,adam,0.00011628124670699066,0.00350631194804624,0.0
1969,adam,0.0001161488377739317,0.006213768794941573,0.0
1970,adam,0.00011601864338195058,0.00818757849961734,0.0
1971,adam,0.00011583806629836294,0.008923227700701758,0.0
1972,adam,0.00011558837172611692,0.008620226063713612,0.0
1973,adam,0.00011528729860585015,0.0072791800466279,0.0
1974,adam,0.00011497284062949085,0.005418258803943243,0.0
1975,adam,0.00011467988395546874,0.003345078507858548,0.0
1976,adam,0.00011442765194871829,0.0022393914905720286,0.0
1977,adam,0.00011421341879404168,0.003049089472737846,0.0
1978,adam,0.00011402371931638184,0.004321961138304495,0.0
1979,adam,0.00011383581546254582,0.005318862420772997,0.0
1980,adam,0.00011363397265203819,0.005689299456091958,0.0
1981,adam,0.00011341228013212369,0.0056417698990627076,0.0
1982,adam,0.00011317553457103226,0.005103849671214384,0.0
1983,adam,0.00011293115504699656,0.004443516320294151,0.0
1984,adam,0.00011268942980233689,0.003716962006522518,0.0
1985,adam,0.00011245384238175036,0.003305560948156043,0.0
1986,adam,0.00011222926328399762,0.0032122052909459224,0.0
1987,adam,0.00011201280081154546,0.0033590607060787095,0.0
1988,adam,0.00011180084673368182,0.003570107920997591,0.0
1989,adam,0.00011158923965622529,0.003628309733441325,0.0
1990,adam,0.00011137694996688982,0.003598072771625156,0.0
1991,adam,0.00011116260797048069,0.003362657491848906,0.0
1992,adam,0.00011094751208847776,0.0031447453198598166,0.0
1993,adam,0.00011073121543538079,0.0028798235398522012,0.0
1994,adam,0.00011051604555664355,0.002801052113890524,0.0
1995,adam,0.00011030310882885693,0.0028055977558916773,0.0
1996,adam,0.00011009259155487895,0.0029680574230729964,0.0
1997,adam,0.00010988314143129508,0.003132760266606485,0.0
1998,adam,0.000109673992340522,0.003271758271800465,0.0
1999,adam,0.00010946566969146756,0.0033251717625127322,0.0
2000,adam,0.0001092571245248497,0.0032708957492527616,0.0
2001,adam,0.00010904743626003675,0.003133333866471536,0.0
2002,adam,0.00010883886110538738,0.002893159873946182,0.0
2003,adam,0.00010862936549688497,0.00261958440945326,0.0
2004,adam,0.00010842111811129632,0.0022910380083090627,0.0
2005,adam,0.00010821477928728621,0.0019995630371788487,0.0
2006,adam,0.00010800984079584048,0.0017350754229201444,0.0
2007,adam,0.0001078054584870833,0.0015915449183813398,0.0
2008,adam,0.00010760310141187252,0.0015389927896438127,0.0
2009,adam,0.00010740194098584916,0.0016015412462966566,0.0
2010,adam,0.00010720119990626153,0.0017163361469830808,0.0
2011,adam,0.00010700201922513155,0.0018582233256667162,0.0
2012,adam,0.00010680312588650165,0.002000659414540635,0.0
2013,adam,0.00010660505723081819,0.0021277690582730767,0.0
2014,adam,0.00010640836994301765,0.002242349739172139,0.0
2015,adam,0.00010621177657601317,0.0023363346698338796,0.0
2016,adam,0.00010601555510589497,0.002421112970137528,0.0
2017,adam,0.00010581990390162458,0.002492039670250775,0.0
2018,adam,0.00010562473082909462,0.002562402795184761,0.0
2019,adam,0.0001054310857865554,0.0026425211159747572,0.0
2020,adam,0.00010523778113326182,0.002729066764007502,0.0
2021,adam,0.00010504590754875884,0.002846665895052129,0.0
2022,adam,0.00010485539751578357,0.0029818861128527623,0.0
2023,adam,0.00010466649407748132,0.003175205258863785,0.0
2024,adam,0.00010447890554032603,0.003402858590601755,0.0
2025,adam,0.00010429485075091548,0.0037250337051871257,0.0
2026,adam,0.00010411320207441112,0.004100454470921773,0.0
2027,adam,0.00010393712876757483,0.004613432309574432,0.0
2028,adam,0.00010376752128617372,0.005221254040303098,0.0
2029,adam,0.00010360528245689196,0.006028544009486242,0.0
2030,adam,0.00010345748678814882,0.00699178854542611,0.0
2031,adam,0.0001033290033365906,0.00824055094505715,0.0
2032,adam,0.0001032291609684531,0.009749580117455301,0.0
2033,adam,0.00010317367623466654,0.011687454785724988,0.0
2034,adam,0.0001031854219670776,0.014062589178201086,0.0
2035,adam,0.00010330194046916112,0.01709917589758564,0.0
2036,adam,0.00010358173378224674,0.02086867353283677,0.0
2037,adam,0.00010411939613735686,0.025688785123712726,0.0
2038,adam,0.00010506776315150053,0.03174304095572606,0.0
2039,adam,0.00010667592301162924,0.03949880713049404,0.0
2040,adam,0.00010934814650338865,0.04932467510597053,0.0
2041,adam,0.00011374652924482307,0.06194558567476956,0.0
2042,adam,0.00012096084730378716,0.07803641031562507,0.0
2043,adam,0.0001327499858153377,0.0987087607739394,0.0
2044,adam,0.00015196706862533526,0.1250493733507061,0.0
2045,adam,0.00018303185404583972,0.15861336264536377,0.0
2046,adam,0.00023255028349515816,0.20068200984609605,0.0
2047,adam,0.00030915518744880906,0.25257189260670787,0.0
2048,adam,0.0004219103245042176,0.313913353426492,0.0
2049,adam,0.0005731031606705004,0.3823322631687547,0.0
2050,adam,0.0007466530870026758,0.45011950871700035,0.0
2051,adam,0.0008910913194146218,0.5054989306140983,0.0
2052,adam,0.0009379507167809891,0.533659378456765,0.0
2053,adam,0.0008471930480038564,0.5299389051133351,0.0
2054,adam,0.0006995842900746576,0.511399748763984,0.0
2055,adam,0.0006458394800445701,0.5185251729738893,0.0
2056,adam,0.0008042825264214216,0.5790967201415645,0.0
2057,adam,0.0011416089201944644,0.6768112425356386,0.0
2058,adam,0.0015283262559284035,0.7733062846782112,0.0
2059,adam,0.0017150588332764715,0.8348647875097296,0.0
2060,adam,0.0016995315592387658,0.8520415716543677,0.0
2061,adam,0.001526524045740745,0.8336990201974599,0.0
2062,adam,0.0013928218791465748,0.796691274207547,0.0
2063,adam,0.0012584382549113231,0.7344316967682423,0.0
2064,adam,0.0009774583210305757,0.6165765823698461,0.0
2065,adam,0.0005329908212025761,0.4258911327688964,0.0
2066,adam,0.00017448465465977537,0.1813426796112853,0.0
2067,adam,0.00012282342981481692,0.08337692153554187,0.0
2068,adam,0.0003128271904399426,0.2829860672309555,0.0
2069,adam,0.0004992348929602735,0.4071540661360053,0.0
2070,adam,0.0005422276358614656,0.4523154010912906,0.0
2071,adam,0.000503550644043864,0.44556524134381903,0.0
2072,adam,0.00046589146203317145,0.4125534786464776,0.0
2073,adam,0.0004083314407968359,0.35414033779086923,0.0
2074,adam,0.0002767856926484086,0.253234240250249,0.0
2075,adam,0.00013839791645383227,0.112814657857247,0.0
2076,adam,0.00010368523478011986,0.05261336235402987,0.0
2077,adam,0.0001843838337250407,0.18288084303380683,0.0
2078,adam,0.000277212971207238,0.2658023483434553,0.0
2079,adam,0.00029459295165179,0.2913075883465322,0.0
2080,adam,0.000257526317306953,0.27678701189542443,0.0
2081,adam,0.00022095911550798941,0.24544564694075674,0.0
2082,adam,0.00019619837431187693,0.20609988404312102,0.0
2083,adam,0.00015891955363060427,0.14905186674140924,0.0
2084,adam,0.00011506639286622161,0.07305608692053996,0.0
2085,adam,0.00010209106630149088,0.05479330869889676,0.0
2086,adam,0.00013250785699026946,0.12786284582010934,0.0
2087,adam,0.0001718825480652839,0.18041672689205596,0.0
2088,adam,0.00018214308529241645,0.19606361389815966,0.0
2089,adam,0.00016405914912689655,0.181193908745071,0.0
2090,adam,0.00014288496604856712,0.152683118025432,0.0
2091,adam,0.000131030527734714,0.12368355048150495,0.0
2092,adam,0.00012021659797567276,0.09281366449546698,0.0
2093,adam,0.00010578403532756574,0.05539481352562446,0.0
2094,adam,9.750923782671862e-05,0.03526307401991741,0.0
2095,adam,0.00010463151909304575,0.06918131169119499,0.0
2096,adam,0.00012019282814090462,0.10423455466533216,0.0
2097,adam,0.00012884164307918827,0.12089638792475177,0.0
2098,adam,0.00012529420387645058,0.11879642317054233,0.0
2099,adam,0.0001166576342774464,0.10590089953013995,0.0
2100,adam,0.00011072928149942146,0.09083571774557919,0.0
2101,adam,0.00010690214341628155,0.07498035385455655,0.0
2102,adam,0.00010142204452925118,0.05379307456195653,0.0
2103,adam,9.531572412145126e-05,0.026143119776088786,0.0
2104,adam,9.339262310356824e-05,0.017907071049526463,0.0
2105,adam,9.710975717271649e-05,0.04432947419944535,0.0
2106,adam,0.00010234807462068352,0.06456242161442456,0.0
2107,adam,0.00010453602507617026,0.0732828733472779,0.0
2108,adam,0.0001033891997630535,0.07305066233359896,0.0
2109,adam,0.00010163697520879134,0.06883547941788619,0.0
2110,adam,0.00010064951441513248,0.0637059553132818,0.0
2111,adam,9.927722235250004e-05,0.056358624334745686,0.0
2112,adam,9.6417982728375e-05,0.04400623814731604,0.0
2113,adam,9.31427137816741e-05,0.026989104788383306,0.0
2114,adam,9.140181384050166e-05,0.009813223181794447,0.0
2115,adam,9.169825224916971e-05,0.013210765909199368,0.0
2116,adam,9.275499332968122e-05,0.024327830112368172,0.0
2117,adam,9.327945109921581e-05,0.03083759474593083,0.0
2118,adam,9.328750737124063e-05,0.034782859605012414,0.0
2119,adam,9.35045582892326e-05,0.03854444314462249,0.0
2120,adam,9.409647124863591e-05,0.04235330117576377,0.0
2121,adam,9.442161714352446e-05,0.044000982217013394,0.0
2122,adam,9.392879784574658e-05,0.04218343258737265,0.0
2123,adam,9.283780094330143e-05,0.037444932270245354,0.0
2124,adam,9.181589817706048e-05,0.03189148760586039,0.0
2125,adam,9.120068212545246e-05,0.027182137045838037,0.0
2126,adam,9.077796598324497e-05,0.023229615204818404,0.0
2127,adam,9.022183958841233e-05,0.018292560056105772,0.0
2128,adam,8.955604119309036e-05,0.011766770527757778,0.0
2129,adam,8.907537599381636e-05,0.004345191032234765,0.0
2130,adam,8.894973988688064e-05,0.0040922741740470675,0.0
2131,adam,8.903627182244337e-05,0.009446523042479614,0.0
2132,adam,8.907747364688242e-05,0.01270537806849777,0.0
2133,adam,8.898221382956438e-05,0.01444793827587858,0.0
2134,adam,8.886957863466399e-05,0.015931999841747747,0.0
2135,adam,8.886875249622991e-05,0.018189011757701427,0.0
2136,adam,8.895938449732683e-05,0.020651605179132535,0.0
2137,adam,8.901276609551783e-05,0.022531163451247924,0.0
2138,adam,8.895134737323498e-05,0.0234513756424986,0.0
2139,adam,8.882002134642285e-05,0.023872322054422565,0.0
2140,adam,8.87182592349247e-05,0.02431518515892374,0.0
2141,adam,8.868517250815568e-05,0.025139657488761333,0.0
2142,adam,8.867730891751652e-05,0.02605000340765567,0.0
2143,adam,8.863859978277899e-05,0.026886719800393064,0.0
2144,adam,8.856470239898448e-05,0.02759923519626158,0.0
2145,adam,8.85121258462109e-05,0.02854732902352857,0.0
2146,adam,8.852954324852514e-05,0.029883519650108804,0.0
2147,adam,8.862707660030697e-05,0.031690034441440126,0.0
2148,adam,8.878342523464518e-05,0.03379019015808954,0.0
2149,adam,8.89961443396458e-05,0.03622553203414398,0.0
2150,adam,8.929803932590616e-05,0.03908786132676362,0.0
2151,adam,8.975698423647394e-05,0.04264268307700397,0.0
2152,adam,9.044020894626964e-05,0.04702367038284241,0.0
2153,adam,9.141587964059557e-05,0.05241161848748265,0.0
2154,adam,9.27670436175406e-05,0.05888151096852814,0.0
2155,adam,9.46421248411788e-05,0.06673290667402555,0.0
2156,adam,9.726094854633246e-05,0.0761925532115091,0.0
2157,adam,0.00010096347573020293,0.08771678783815338,0.0
2158,adam,0.00010620870390680116,0.10166660697806607,0.0
2159,adam,0.00011368672054285915,0.11863179044062763,0.0
2160,adam,0.0001243633315243941,0.13921389589384203,0.0
2161,adam,0.00013975767587308104,0.16430438836446937,0.0
2162,adam,0.00016200151780149008,0.19488753000946538,0.0
2163,adam,0.00019445755236356023,0.2322559394211981,0.0
2164,adam,0.00024168615318466305,0.27786432465075056,0.0
2165,adam,0.00031091538029089625,0.33339424205084833,0.0
2166,adam,0.0004112521705235362,0.4007164287327365,0.0
2167,adam,0.0005568265497778019,0.48146069713860945,0.0
2168,adam,0.0007619888705233868,0.5770004392098916,0.0
2169,adam,0.0010465206944906707,0.6868441888721025,0.0
2170,adam,0.0014147558810517957,0.8083614494564888,0.0
2171,adam,0.0018621603108830548,0.9329969159719106,0.0
2172,adam,0.0023148243667837883,1.046119057795156,0.0
2173,adam,0.0026649525595302025,1.1228406772143282,0.0
2174,adam,0.0027077957409608446,1.1331874121496472,0.0
2175,adam,0.002338350468313595,1.047856685489661,0.0
2176,adam,0.0015788264009511574,0.8535074921362708,0.0
2177,adam,0.0007396844064476329,0.5640044113635521,0.0
2178,adam,0.00018474830936210154,0.21977540539615414,0.0
2179,adam,0.00011651129492661926,0.12378716917463806,0.0
2180,adam,0.00043634175993832454,0.4129428827928197,0.0
2181,adam,0.0008417358014763105,0.6059041207603219,0.0
2182,adam,0.0010337275028220975,0.6777633546898431,0.0
2183,adam,0.0008818576608706233,0.6212699507125644,0.0
2184,adam,0.0005121145830096559,0.45475777185720867,0.0
2185,adam,0.00018148268094269704,0.21613190877694585,0.0
2186,adam,8.864315580939133e-05,0.04211100813558227,0.0
2187,adam,0.00022976590936400038,0.26437849281209685,0.0
2188,adam,0.00043604235639113425,0.4121295463442403,0.0
2189,adam,0.000525658500681165,0.4615533986954267,0.0
2190,adam,0.00043372104944803137,0.4110369431819733,0.0
2191,adam,0.00024607193134445885,0.28005528484224557,0.0
2192,adam,0.00010564902274536492,0.10298951270799658,0.0
2193,adam,9.627058072338583e-05,0.07866675054818155,0.0
2194,adam,0.0001880620218881818,0.22502531024273148,0.0
2195,adam,0.0002817833571914665,0.309883544507151,0.0
2196,adam,0.0002971049538837768,0.3215673805700179,0.0
2197,adam,0.000227822360804841,0.26475950112783414,0.0
2198,adam,0.00013426806936185707,0.15821010971114255,0.0
2199,adam,8.401020028125899e-05,0.029183386743843596,0.0
2200,adam,0.00010008871330279797,0.09317618024890253,0.0
2201,adam,0.0001522637097158851,0.18414365041493383,0.0
2202,adam,0.0001900249288911913,0.22841485903018366,0.0
2203,adam,0.00018393482892566679,0.22194745436293584,0.0
2204,adam,0.0001424459836380344,0.17123621798450633,0.0
2205,adam,9.876290836975489e-05,0.09126942358267927,0.0
2206,adam,8.140648462084679e-05,0.0018488372914809866,0.0
2207,adam,9.476270860386005e-05,0.08053220740826543,0.0
2208,adam,0.0001207935669186452,0.13812251006027118,0.0
2209,adam,0.00013632789930148278,0.163240476553567,0.0
2210,adam,0.0001304012820741002,0.15430648192318233,0.0
2211,adam,0.000109202550156475,0.1169611229633198,0.0
2212,adam,8.847077652123932e-05,0.061134724708564306,0.0
2213,adam,8.060936664568145e-05,0.0017298855350291612,0.0
2214,adam,8.701107513958792e-05,0.05605349971854469,0.0
2215,adam,9.939273084663228e-05,0.095760174766283,0.0
2216,adam,0.0001072773271667234,0.11416692172039382,0.0
2217,adam,0.00010534822129341626,0.11023792687128348,0.0
2218,adam,9.576594262466383e-05,0.08718290905492623,0.0
2219,adam,8.529611110477687e-05,0.05105816120709215,0.0
2220,adam,7.997198088454397e-05,0.009688072781643027,0.0
2221,adam,8.144694782961253e-05,0.029296994773541314,0.0
2222,adam,8.686899677093343e-05,0.059421405723915084,0.0
2223,adam,9.158381091338098e-05,0.0765231021504648,0.0
2224,adam,9.236336257759242e-05,0.07928462474541924,0.0
2225,adam,8.903039194842557e-05,0.0687928908519634,0.0
2226,adam,8.393285135262934e-05,0.04826372022209484,0.0
2227,adam,8.000551521773901e-05,0.022058087797905804,0.0
2228,adam,7.89406453065638e-05,0.005106850464144971,0.0
2229,adam,8.047345692034798e-05,0.028618142515031787,0.0
2230,adam,8.295734041594218e-05,0.04544826091748758,0.0
2231,adam,8.457547938509822e-05,0.05383893503496863,0.0
2232,adam,8.43757005681651e-05,0.05341991589161861,0.0
2233,adam,8.260062408902304e-05,0.04526389479795215,0.0
2234,adam,8.029247951769226e-05,0.03141607983869367,0.0
2235,adam,7.857722299842932e-05,0.014565103971998429,0.0
2236,adam,7.805032413172594e-05,0.002909381619479664,0.0
2237,adam,7.859232975937651e-05,0.017872555924763223,0.0
2238,adam,7.958338615015321e-05,0.029150689343551268,0.0
2239,adam,8.031955156086756e-05,0.03541159650622224,0.0
2240,adam,8.037570493557357e-05,0.03651315491502068,0.0
2241,adam,7.974471289036641e-05,0.032823055881699745,0.0
2242,adam,7.874829898546726e-05,0.02545833080829465,0.0
2243,adam,7.781413809947662e-05,0.015662124914501478,0.0
2244,adam,7.725527620048756e-05,0.005081071585569716,0.0
2245,adam,7.71590509741254e-05,0.005343742350755415,0.0
2246,adam,7.739685897529191e-05,0.013851182501384481,0.0
2247,adam,7.772953459277424e-05,0.020044353068279407,0.0
2248,adam,7.793049553165074e-05,0.02337655385138381,0.0
2249,adam,7.7879500893589e-05,0.023904440941669065,0.0
2250,adam,7.758419472769004e-05,0.021807955643366902,0.0
2251,adam,7.714810849669324e-05,0.01772288813547647,0.0
2252,adam,7.670998511821815e-05,0.012216841658064801,0.0
2253,adam,7.637911158671485e-05,0.006117227528382548,0.0
2254,adam,7.620613778163556e-05,0.0009193121352575642,0.0
2255,adam,7.617272677834771e-05,0.0056522625294469974,0.0
2256,adam,7.6219236993445e-05,0.010080120379049798,0.0
2257,adam,7.627110647282032e-05,0.013161942553915843,0.0
2258,adam,7.627130872808914e-05,0.014839072440804008,0.0
2259,adam,7.618993929461679e-05,0.015064372045811014,0.0
2260,adam,7.60339540435548e-05,0.014076616173582983,0.0
2261,adam,7.582870173320581e-05,0.01204115467873795,0.0
2262,adam,7.561304760385011e-05,0.009313209646304334,0.0
2263,adam,7.541723753347663e-05,0.006145051936478988,0.0
2264,adam,7.526176735873005e-05,0.0029304673808807566,0.0
2265,adam,7.515228879400609e-05,0.0009760272736559745,0.0
2266,adam,7.507955413880741e-05,0.003338703502664723,0.0
2267,adam,7.50289640536027e-05,0.005648707799316285,0.0
2268,adam,7.498290040574113e-05,0.007372305121947927,0.0
2269,adam,7.492702427427028e-05,0.008516613074151797,0.0
2270,adam,7.485408013989096e-05,0.00902579704624221,0.0
2271,adam,7.476083901152702e-05,0.009012491529374953,0.0
2272,adam,7.46501512419628e-05,0.008490421435971585,0.0
2273,adam,7.452993986938443e-05,0.007627453573944891,0.0
2274,adam,7.440479703687078e-05,0.006451113971594654,0.0
2275,adam,7.42817884996865e-05,0.005134053302464673,0.0
2276,adam,7.416597057461444e-05,0.0037112856457688797,0.0
2277,adam,7.405883364990692e-05,0.0023438953453016604,0.0
2278,adam,7.396054073064196e-05,0.0011590286919892147,0.0
2279,adam,7.387039311105381e-05,0.0009936978047872292,0.0
2280,adam,7.37858297842429e-05,0.0018633125402616956,0.0
2281,adam,7.370574772150356e-05,0.0027449054123918413,0.0
2282,adam,7.362663635529677e-05,0.003528806133435822,0.0
2283,adam,7.354785529502407e-05,0.0041204116355430176,0.0
2284,adam,7.346882370686791e-05,0.004589823991619093,0.0
2285,adam,7.338670928312485e-05,0.004884631877317419,0.0
2286,adam,7.330303565591453e-05,0.005086865514579626,0.0
2287,adam,7.321788220959237e-05,0.005149121790537728,0.0
2288,adam,7.31306652508422e-05,0.005160190486207942,0.0
2289,adam,7.30421930686057e-05,0.005072387049493071,0.0
2290,adam,7.295379213818976e-05,0.004969296747860632,0.0
2291,adam,7.286480041909247e-05,0.004803846144052746,0.0
2292,adam,7.277637052884549e-05,0.004656469890283308,0.0
2293,adam,7.268727271418141e-05,0.0044779392104212805,0.0
2294,adam,7.259924405085731e-05,0.0043418789325629,0.0
2295,adam,7.251182414541132e-05,0.004193163661651714,0.0
2296,adam,7.242561429640973e-05,0.004103346592290221,0.0
2297,adam,7.234047361997919e-05,0.004016668102700989,0.0
2298,adam,7.225542521827088e-05,0.003998330190038647,0.0
2299,adam,7.217163513843403e-05,0.00399288962723444,0.0
2300,adam,7.208936488943473e-05,0.0040626373610544225,0.0
2301,adam,7.200809042044176e-05,0.004155451805589259,0.0
2302,adam,7.1927813821039e-05,0.004339611027420053,0.0
2303,adam,7.184992264358344e-05,0.0045582679310474826,0.0
2304,adam,7.177306537288762e-05,0.004880952421756489,0.0
2305,adam,7.169892787956176e-05,0.005257158382183011,0.0
2306,adam,7.162807590520702e-05,0.005759991596591294,0.0
2307,adam,7.156138470176812e-05,0.006349060288654,0.0
2308,adam,7.150059752123193e-05,0.007105523136165057,0.0
2309,adam,7.144761025471911e-05,0.007996047107402707,0.0
2310,adam,7.140574997765959e-05,0.009117212892198273,0.0
2311,adam,7.137942484096622e-05,0.010451491092965568,0.0
2312,adam,7.137559740279321e-05,0.012111118388675035,0.0
2313,adam,7.140402886677611e-05,0.014107755217243596,0.0
2314,adam,7.147999094725218e-05,0.016584672154766344,0.0
2315,adam,7.162602632502431e-05,0.01958949725639336,0.0
2316,adam,7.18750063660504e-05,0.0233201535763448,0.0
2317,adam,7.228020460950364e-05,0.027890707252560897,0.0
2318,adam,7.292112947409151e-05,0.0335812411012126,0.0
2319,adam,7.392092860387736e-05,0.04061944017120945,0.0
2320,adam,7.54759199337792e-05,0.04942865842788845,0.0
2321,adam,7.789119336034777e-05,0.06042557494652372,0.0
2322,adam,8.165580347329022e-05,0.0742690546185822,0.0
2323,adam,8.754161150455952e-05,0.09169256419492745,0.0
2324,adam,9.68104238336471e-05,0.11375573899255784,0.0
2325,adam,0.00011145738426518751,0.1417199464562257,0.0
2326,adam,0.00013479282906620122,0.17729336067757753,0.0
2327,adam,0.00017202761148702898,0.2225944659349223,0.0
2328,adam,0.00023186256120895368,0.2802961398329194,0.0
2329,adam,0.0003276243921357626,0.35373930081626787,0.0
2330,adam,0.0004812639560095184,0.4466405603595313,0.0
2331,adam,0.0007233267823304362,0.5632466037976924,0.0
2332,adam,0.0011000556300640343,0.70645139300405,0.0
2333,adam,0.00165543402518068,0.8772107449720946,0.0
2334,adam,0.002428337917994632,1.0679414601370198,0.0
2335,adam,0.003343798553432229,1.259710261885124,0.0
2336,adam,0.004196644156209948,1.410316726311654,0.0
2337,adam,0.004479859175623295,1.4593753683402948,0.0
2338,adam,0.0038183048852502657,1.3403670444683384,0.0
2339,adam,0.0022490270665763996,1.0211724107684161,0.0
2340,adam,0.0006870764594953683,0.5387431166264162,0.0
2341,adam,8.249476516654503e-05,0.048369566443773035,0.0
2342,adam,0.0006015464367301285,0.5023410710645487,0.0
2343,adam,0.0015024299333691467,0.8254606213111435,0.0
2344,adam,0.0018368549474308041,0.916595526986161,0.0
2345,adam,0.0013016972404065715,0.7624723603456246,0.0
2346,adam,0.000440133517612251,0.4137534501573376,0.0
2347,adam,8.034370047744768e-05,0.04144117637938973,0.0
2348,adam,0.0004159998468270715,0.4024448979117304,0.0
2349,adam,0.0009013998409829148,0.6260460749445936,0.0
2350,adam,0.0009369657440935879,0.6376316862197376,0.0
2351,adam,0.0005029566402887407,0.44925182303173716,0.0
2352,adam,0.00011460017380182018,0.13740677104220572,0.0
2353,adam,0.00014960460545832056,0.19018331572682737,0.0
2354,adam,0.0004482080607221756,0.42066396448173715,0.0
2355,adam,0.0005873119743681264,0.4921439408279178,0.0
2356,adam,0.00040233699191712037,0.3939721248664774,0.0
2357,adam,0.00013707262261728942,0.17507493398972904,0.0
2358,adam,8.50122936844422e-05,0.08068518705481251,0.0
2359,adam,0.0002420861250938341,0.2836615014919554,0.0
2360,adam,0.0003656507829056887,0.37214525131963316,0.0
2361,adam,0.000298488571110207,0.3272497636772764,0.0
2362,adam,0.0001375349786530621,0.17762434633265795,0.0
2363,adam,7.126769663834447e-05,0.018857395009238272,0.0
2364,adam,0.0001442968122799119,0.18598486968955755,0.0
2365,adam,0.00023293080191186895,0.27623880499240605,0.0
2366,adam,0.0002203623011234913,0.2658473462383248,0.0
2367,adam,0.0001307350132968467,0.1691242552340366,0.0
2368,adam,7.251710606812501e-05,0.0313617140633675,0.0
2369,adam,9.790585191587783e-05,0.11272644148727869,0.0
2370,adam,0.00015398154535814696,0.1979335351051646,0.0
2371,adam,0.00016410244515892508,0.210563875393255,0.0
2372,adam,0.00012021496640302339,0.15407594580071637,0.0
2373,adam,7.730506606449725e-05,0.057631124257961124,0.0
2374,adam,7.857301695966246e-05,0.060223461396124126,0.0
2375,adam,0.0001090530178656035,0.1344278895769294,0.0
2376,adam,0.00012463816423628125,0.16077410022737032,0.0
2377,adam,0.00010771822602528506,0.13460880616454596,0.0
2378,adam,8.066600621635397e-05,0.0719062507236566,0.0
2379,adam,7.258066232460112e-05,0.03140681716779907,0.0
2380,adam,8.556980663038086e-05,0.08411030620281855,0.0
2381,adam,9.837890001257912e-05,0.11636735893071032,0.0
2382,adam,9.497672944542478e-05,0.11106686439453572,0.0
2383,adam,8.069772691492293e-05,0.07467368712729729,0.0
2384,adam,7.175789679692319e-05,0.03152172729168097,0.0
2385,adam,7.506047863248795e-05,0.048287972832535775,0.0
2386,adam,8.282517750500963e-05,0.0789288905714491,0.0
2387,adam,8.439760381849539e-05,0.08615669040418854,0.0
2388,adam,7.829364505411904e-05,0.0690004310671431,0.0
2389,adam,7.17773647685153e-05,0.038613025069006095,0.0
2390,adam,7.09723655224302e-05,0.028155543546176682,0.0
2391,adam,7.456776284640999e-05,0.04956680381975855,0.0
2392,adam,7.692974036113296e-05,0.06240268523141877,0.0
2393,adam,7.504982481912055e-05,0.05798784236815234,0.0
2394,adam,7.122297091623043e-05,0.04028783278437658,0.0
2395,adam,6.936343883626772e-05,0.022979748290872574,0.0
2396,adam,7.049987358085749e-05,0.02936126936650085,0.0
2397,adam,7.229581194612462e-05,0.04217702853508032,0.0
2398,adam,7.221491404083995e-05,0.04506913460399754,0.0
2399,adam,7.027498462634854e-05,0.03702887516428342,0.0
2400,adam,6.847648174322733e-05,0.023133563094001188,0.0
2401,adam,6.834215563080999e-05,0.017625023951114642,0.0
2402,adam,6.940179508114526e-05,0.02636277519921269,0.0
2403,adam,7.0046103200634e-05,0.032820831249290514,0.0
2404,adam,6.939444021622149e-05,0.03150135365352628,0.0
2405,adam,6.804415453417819e-05,0.023157997592770874,0.0
2406,adam,6.722970106915073e-05,0.013321705886122708,0.0
2407,adam,6.746708184006308e-05,0.013963649206490614,0.0
2408,adam,6.816891409284906e-05,0.021312988539805067,0.0
2409,adam,6.840162299177725e-05,0.0247981792032712,0.0
2410,adam,6.783288950824065e-05,0.02223376783417151,0.0
2411,adam,6.695899296559361e-05,0.014962559706950646,0.0
2412,adam,6.649024320420837e-05,0.007138206319784287,0.0
2413,adam,6.666014324383067e-05,0.009790612119505717,0.0
2414,adam,6.709106594384503e-05,0.01601825251791318,0.0
2415,adam,6.723776647031934e-05,0.018561073209230734,0.0
2416,adam,6.690566701863309e-05,0.01660771358494305,0.0
2417,adam,6.635203239286732e-05,0.010916987797639909,0.0
2418,adam,6.598834726071449e-05,0.0037548180091822978,0.0
2419,adam,6.599545335438692e-05,0.0053949214057780834,0.0
2420,adam,6.62151251144242e-05,0.010898706761710925,0.0
2421,adam,6.634634582367242e-05,0.013613474791112985,0.0
2422,adam,6.621875203295686e-05,0.01293525011484967,0.0
2423,adam,6.590569095614424e-05,0.009435645676335662,0.0
2424,adam,6.561632202656563e-05,0.004166802950879689,0.0
2425,adam,6.550235790834723e-05,0.001800278069732706,0.0
2426,adam,6.554967174903427e-05,0.006415004379571179,0.0
2427,adam,6.562499845179713e-05,0.009253589885973055,0.0
2428,adam,6.560478029139766e-05,0.009879383895007685,0.0
2429,adam,6.546372677528619e-05,0.00834345327662963,0.0
2430,adam,6.5274574290362e-05,0.00541179966658145,0.0
2431,adam,6.512966912481212e-05,0.0024681812348651116,0.0
2432,adam,6.506935634534398e-05,0.003378794178706526,0.0
2433,adam,6.506444303919473e-05,0.005718832424178135,0.0
2434,adam,6.505325250115093e-05,0.006920367039886248,0.0
2435,adam,6.49951075868759e-05,0.006782256360143447,0.0
2436,adam,6.489342636884345e-05,0.005442522579745767,0.0
2437,adam,6.47815939776719e-05,0.0036469656797730233,0.0
2438,adam,6.469197201705462e-05,0.002664786437231501,0.0
2439,adam,6.46350400278504e-05,0.003502740681335222,0.0
2440,adam,6.459536784487259e-05,0.004636572657580505,0.0
2441,adam,6.455017595998397e-05,0.0050674316415893995,0.0
2442,adam,6.448688034500914e-05,0.0047198945255986675,0.0
2443,adam,6.440841453028386e-05,0.0036986811723576907,0.0
2444,adam,6.432985965864783e-05,0.002606591987407675,0.0
2445,adam,6.426110347225537e-05,0.002278145610122037,0.0
2446,adam,6.420432493680156e-05,0.0029333266061747163,0.0
2447,adam,6.415293015490779e-05,0.0036522631600491595,0.0
2448,adam,6.409856339116096e-05,0.0038832560358649008,0.0
2449,adam,6.403610518828428e-05,0.003594574974356919,0.0
2450,adam,6.396761511045219e-05,0.002803444678292611,0.0
2451,adam,6.389948719598879e-05,0.001879845075690818,0.0
2452,adam,6.383662414617992e-05,0.0013852743267195318,0.0
2453,adam,6.378045075406113e-05,0.0018651211560696069,0.0
2454,adam,6.372783084059028e-05,0.0025657633278317648,0.0
2455,adam,6.367442860487105e-05,0.0029689561986690903,0.0
2456,adam,6.361676833876743e-05,0.0030053384522426706,0.0
2457,adam,6.355496095187922e-05,0.0026173338911570565,0.0
2458,adam,6.349124068282476e-05,0.0019689145824545026,0.0
2459,adam,6.342872072809778e-05,0.001157235015928299,0.0
2460,adam,6.3370022904651e-05,0.000700100370486528,0.0
2461,adam,6.331459142396975e-05,0.0011237670507995958,0.0
2462,adam,6.326123174551246e-05,0.001691613914188005,0.0
2463,adam,6.320799305135194e-05,0.0020900593627919545,0.0
2464,adam,6.315300160490077e-05,0.002196647524822797,0.0
2465,adam,6.309542836263388e-05,0.002073878301376793,0.0
2466,adam,6.30368164541515e-05,0.001709985234148673,0.0
2467,adam,6.297844285205954e-05,0.0012560125925025424,0.0
2468,adam,6.292061224648753e-05,0.0007989604275892571,0.0
2469,adam,6.28647376310898e-05,0.0006337317664672906,0.0
2470,adam,6.28099784211782e-05,0.0008630014896229559,0.0
2471,adam,6.275649734971478e-05,0.0011372025570109059,0.0
2472,adam,6.27026335857647e-05,0.0013506420082051752,0.0
2473,adam,6.264807606781585e-05,0.0014027696875106546,0.0
2474,adam,6.25934025617756e-05,0.0013587654905062342,0.0
2475,adam,6.253818123506488e-05,0.001193381527542767,0.0
2476,adam,6.248311298959793e-05,0.001006048745137814,0.0
2477,adam,6.242873727638746e-05,0.0008214303779971937,0.0
2478,adam,6.23746766415085e-05,0.0007327367853898858,0.0
2479,adam,6.232096449798643e-05,0.0007604249628984629,0.0
2480,adam,6.226826975271194e-05,0.0008262135788122674,0.0
2481,adam,6.221473393418857e-05,0.0009103576496124874,0.0
2482,adam,6.21616667254832e-05,0.0009286655519867886,0.0
2483,adam,6.210807722405099e-05,0.0009283471655010295,0.0
2484,adam,6.205524703579488e-05,0.0008534913315882028,0.0
2485,adam,6.200156297097148e-05,0.0007772610828339346,0.0
2486,adam,6.194901189401567e-05,0.0006733605496382529,0.0
2487,adam,6.189630307064085e-05,0.0006107326662050214,0.0
2488,adam,6.18439869490069e-05,0.0005828544768221411,0.0
2489,adam,6.179212525816984e-05,0.0005976190358047697,0.0
2490,adam,6.17398450390588e-05,0.0006452739881319356,0.0
2491,adam,6.168863443026319e-05,0.0006806118944675244,0.0
2492,adam,6.163695210947986e-05,0.0007240652403168103,0.0
2493,adam,6.158531082011686e-05,0.0007274369312300056,0.0
2494,adam,6.153357480996935e-05,0.000735919335711999,0.0
2495,adam,6.148211947148676e-05,0.0007072022696632129,0.0
2496,adam,6.14312174979212e-05,0.0006909574919947267,0.0
2497,adam,6.138018851151706e-05,0.0006533968069490776,0.0
2498,adam,6.132899298675565e-05,0.0006355242239678706,0.0
2499,adam,6.127840505354299e-05,0.0006137753668193211,0.0
2500,adam,6.12276108310461e-05,0.0006131278765946338,0.0
2501,adam,6.11776936747452e-05,0.0006205813151849292,0.0
2502,adam,6.112724732900077e-05,0.0006376505191250414,0.0
2503,adam,6.107696572877903e-05,0.0006655546656758516,0.0
2504,adam,6.102719654707393e-05,0.000687888866646563,0.0
2505,adam,6.097763063123147e-05,0.0007208155223928722,0.0
2506,adam,6.0927448730669194e-05,0.0007440393176980489,0.0
2507,adam,6.087808121085319e-05,0.0007783433481545007,0.0
2508,adam,6.082909319753517e-05,0.0008008559472152897,0.0
2509,adam,6.077976680950807e-05,0.0008357142292572424,0.0
2510,adam,6.073065119697796e-05,0.0008632933403555581,0.0
2511,adam,6.0681834028117034e-05,0.0009068143645244532,0.0
2512,adam,6.06325383141018e-05,0.0009550024767651418,0.0
2513,adam,6.058440395863393e-05,0.0010274807778525403,0.0
2514,adam,6.053656980596689e-05,0.0011207825042462915,0.0
2515,adam,6.048891131377299e-05,0.0012475408245235973,0.0
2516,adam,6.044240582079592e-05,0.001410639637023353,0.0
2517,adam,6.0395917758757364e-05,0.0016163278480916235,0.0
2518,adam,6.035059697724356e-05,0.0018743797470224903,0.0
2519,adam,6.0307122486375586e-05,0.0021939500121972216,0.0
2520,adam,6.0265888595205365e-05,0.0025963131659592843,0.0
2521,adam,6.0227509711310415e-05,0.003096719034436247,0.0
2522,adam,6.019446663910772e-05,0.003724585878602196,0.0
2523,adam,6.016905358639313e-05,0.004505420010917585,0.0
2524,adam,6.015539654662342e-05,0.00549230734066067,0.0
2525,adam,6.01602200176566e-05,0.006732139825076282,0.0
2526,adam,6.0194039303667614e-05,0.008303595787852945,0.0
2527,adam,6.027410079287015e-05,0.010290790373618457,0.0
2528,adam,6.042839251391314e-05,0.012823437027430903,0.0
2529,adam,6.070261140541595e-05,0.016053360829367886,0.0
2530,adam,6.117248036408533e-05,0.02019692128103595,0.0
2531,adam,6.196367097970607e-05,0.025517123691013083,0.0
2532,adam,6.328618292406364e-05,0.0323839406176044,0.0
2533,adam,6.549320968846962e-05,0.041260792625632044,0.0
2534,adam,6.918134876395432e-05,0.052780848287026234,0.0
2535,adam,7.535658150002417e-05,0.06774458360222886,0.0
2536,adam,8.572346834650838e-05,0.08722254014887033,0.0
2537,adam,0.00010312315022718236,0.11253376491947353,0.0
2538,adam,0.00013226169688993917,0.14534714711149233,0.0
2539,adam,0.00018053103380466547,0.18748082924038637,0.0
2540,adam,0.0002589626692672003,0.24078433480783681,0.0
2541,adam,0.00038108954160552457,0.30606205667501757,0.0
2542,adam,0.0005581177339808655,0.38196100741789857,0.0
2543,adam,0.0007818333737715886,0.4616282089399652,0.0
2544,adam,0.0010003277054049914,0.5313850570593572,0.0
2545,adam,0.0011094479786966953,0.5700817740806674,0.0
2546,adam,0.0010102291737304108,0.5614351598234606,0.0
2547,adam,0.0007555686429193113,0.5123053625955212,0.0
2548,adam,0.0005460735652615983,0.47002524931510764,0.0
2549,adam,0.0005843999830491676,0.49243912320195943,0.0
2550,adam,0.0008542916487397457,0.5716397023094141,0.0
2551,adam,0.0011650390138718274,0.6480613906288568,0.0
2552,adam,0.001234535639169677,0.6752345523346689,0.0
2553,adam,0.0010739692764952131,0.6478772103073045,0.0
2554,adam,0.0008304682281292508,0.5962968776674442,0.0
2555,adam,0.0007402103837090569,0.5629531238343402,0.0
2556,adam,0.0007565431670603467,0.5430659116688582,0.0
2557,adam,0.0006792510096582065,0.4891217649785798,0.0
2558,adam,0.000420974033040535,0.37037197485511353,0.0
2559,adam,0.0001578930237885535,0.20240565221496654,0.0
2560,adam,8.43440026374238e-05,0.08782866177743665,0.0
2561,adam,0.0001788632330935021,0.17989784255442703,0.0
2562,adam,0.0002657914744203562,0.25387752006359754,0.0
2563,adam,0.0002545734353459822,0.2714809536116615,0.0
2564,adam,0.00022091150210318386,0.2724183593898555,0.0
2565,adam,0.0002527519868759094,0.2940263258206379,0.0
2566,adam,0.0003154748565444238,0.31797870387244365,0.0
2567,adam,0.00030547516405439944,0.30474496565938897,0.0
2568,adam,0.0002132044127092,0.24582964438077168,0.0
2569,adam,0.0001206980146354376,0.16730498288450973,0.0
2570,adam,9.801971277698855e-05,0.123021460218689,0.0
2571,adam,0.00011734504677712477,0.12669811688951485,0.0
2572,adam,0.0001175145782644125,0.12394275819031683,0.0
2573,adam,9.355135192963073e-05,0.10556660956158943,0.0
2574,adam,8.7818482811606e-05,0.11581106507565639,0.0
2575,adam,0.00011828106132065751,0.15913453457859447,0.0
2576,adam,0.00015112353953076124,0.1913988109537265,0.0
2577,adam,0.000150588924328068,0.19230939916196707,0.0
2578,adam,0.00012314985401806877,0.16849305196565495,0.0
2579,adam,0.00010179332193999355,0.14166498698531327,0.0
2580,adam,9.890732536457834e-05,0.1274095819983045,0.0
2581,adam,9.789216309483893e-05,0.11504435416209868,0.0
2582,adam,8.339786389146745e-05,0.08719438334798645,0.0
2583,adam,6.463689076778908e-05,0.04152312163323444,0.0
2584,adam,5.920664971025978e-05,0.011356891354132927,0.0
2585,adam,6.895660460976721e-05,0.05592896903844177,0.0
2586,adam,7.955955805891851e-05,0.08204539226376739,0.0
2587,adam,8.04563008159522e-05,0.0892149575798694,0.0
2588,adam,7.6420915974569e-05,0.08839153348472639,0.0
2589,adam,7.680424320970116e-05,0.09256611657486026,0.0
2590,adam,8.21039692633145e-05,0.10104573760226271,0.0
2591,adam,8.454350807789212e-05,0.10342041151876533,0.0
2592,adam,7.973825647610415e-05,0.09442779384731864,0.0
2593,adam,7.18651280138103e-05,0.07838095723451259,0.0
2594,adam,6.740953070601179e-05,0.06499876252526315,0.0
2595,adam,6.707961339461609e-05,0.05887229027516882,0.0
2596,adam,6.662239215219932e-05,0.053280344607078985,0.0
2597,adam,6.334553696805945e-05,0.04052349243239121,0.0
2598,adam,5.940182511455866e-05,0.020516648236922834,0.0
2599,adam,5.816123445017315e-05,0.005467703761376752,0.0
2600,adam,5.9814588956248795e-05,0.02218779196738028,0.0
2601,adam,6.16186830753755e-05,0.032640803522142575,0.0
2602,adam,6.161843334460637e-05,0.034885455340663736,0.0
2603,adam,6.0701011207921595e-05,0.03419650713731988,0.0
2604,adam,6.0800821951371726e-05,0.03733325494123018,0.0
2605,adam,6.229692264237178e-05,0.04441707844251772,0.0
2606,adam,6.378620404535735e-05,0.05020536440296744,0.0
2607,adam,6.405884153944928e-05,0.052088117919276276,0.0
2608,adam,6.344600079854347e-05,0.05123919540948478,0.0
2609,adam,6.314486298010708e-05,0.05102861512568952,0.0
2610,adam,6.367015125826247e-05,0.05268906734675718,0.0
2611,adam,6.443385698568727e-05,0.05495187241261297,0.0
2612,adam,6.464965414008879e-05,0.055900142277769016,0.0
2613,adam,6.43287939020079e-05,0.055770914515034985,0.0
2614,adam,6.410429209393573e-05,0.05600622435368552,0.0
2615,adam,6.446451181186426e-05,0.057787852725336264,0.0
2616,adam,6.524824733713836e-05,0.06056012253250575,0.0
2617,adam,6.601160274696989e-05,0.06342077435707957,0.0
2618,adam,6.660688570312177e-05,0.06599889167736005,0.0
2619,adam,6.735798555378481e-05,0.0691659507520143,0.0
2620,adam,6.867662283587617e-05,0.073655494704525,0.0
2621,adam,7.072155215548804e-05,0.07972716387476939,0.0
2622,adam,7.339034102059852e-05,0.0870839499332608,0.0
2623,adam,7.67051083141805e-05,0.09574575363758583,0.0
2624,adam,8.096173527927563e-05,0.10600603100435588,0.0
2625,adam,8.679277930759637e-05,0.11854304362285263,0.0
2626,adam,9.484247175281174e-05,0.13374449545636985,0.0
2627,adam,0.00010588420604847587,0.15201575837230505,0.0
2628,adam,0.00012082935016539614,0.1737209768137816,0.0
2629,adam,0.00014126430130135024,0.19957367429485923,0.0
2630,adam,0.00016930356141336175,0.23040074779893066,0.0
2631,adam,0.0002082748989372312,0.2672170840468173,0.0
2632,adam,0.0002619458904254576,0.31100934572953604,0.0
2633,adam,0.0003362299881159864,0.3627351433986446,0.0
2634,adam,0.00043688269055062437,0.42329525377681126,0.0
2635,adam,0.0005731655441360054,0.4930300037693773,0.0
2636,adam,0.000750186148401148,0.5718115340232911,0.0
2637,adam,0.0009754128021658348,0.65746678052006,0.0
2638,adam,0.0012376190475061669,0.7461013738303639,0.0
2639,adam,0.0015205341315112928,0.8294053175734649,0.0
2640,adam,0.001761595420653765,0.8959393945866881,0.0
2641,adam,0.0018976609991140352,0.929130439654834,0.0
2642,adam,0.0018283793179803133,0.9121714456060861,0.0
2643,adam,0.0015334583720811984,0.8309533295489836,0.0
2644,adam,0.0010503862419200347,0.6817225996444207,0.0
2645,adam,0.0005408055674545813,0.4747834443324851,0.0
2646,adam,0.00017457436723405733,0.23323731783403745,0.0
2647,adam,5.817370203288749e-05,0.012631519783388983,0.0
2648,adam,0.00017274056219583335,0.23149419140509128,0.0
2649,adam,0.0004006330750107233,0.399576683914023,0.0
2650,adam,0.0005954481963137344,0.5001804735692038,0.0
2651,adam,0.0006475909740453856,0.5240238832377023,0.0
2652,adam,0.0005395818962068568,0.47342863338119845,0.0
2653,adam,0.00033526525412452064,0.359345078799651,0.0
2654,adam,0.00014705244473464188,0.2037496853402321,0.0
2655,adam,6.031633255438916e-05,0.03387093309572795,0.0
2656,adam,9.191674427389126e-05,0.12598029476658237,0.0
2657,adam,0.00019185032117483437,0.2497579713818066,0.0
2658,adam,0.0002829958965150362,0.3238263107823003,0.0
2659,adam,0.0003089752501867481,0.3420071873601947,0.0
2660,adam,0.0002590244269722064,0.3062361881813219,0.0
2661,adam,0.00016853695424332178,0.22763274972159298,0.0
2662,adam,8.891388929182001e-05,0.12180056339382915,0.0
2663,adam,5.7032655933090286e-05,0.008236528042338438,0.0
2664,adam,7.646729705540329e-05,0.09545140264578829,0.0
2665,adam,0.00012234174041006463,0.17449799363755342,0.0
2666,adam,0.00016087608463072957,0.2198803653100557,0.0
2667,adam,0.00016908019519895493,0.2284557742972864,0.0
2668,adam,0.00014538959239447242,0.20299880119971256,0.0
2669,adam,0.00010544683980388147,0.15051130730615048,0.0
2670,adam,7.101110915334172e-05,0.08178077959140755,0.0
2671,adam,5.6723696117102525e-05,0.008312402548452006,0.0
2672,adam,6.409560385907715e-05,0.05926413393370691,0.0
2673,adam,8.33948918200522e-05,0.11173919785599692,0.0
2674,adam,0.00010094794753302148,0.14371530095040053,0.0
2675,adam,0.00010691918953051454,0.1530829704848595,0.0
2676,adam,9.921899133034654e-05,0.14104506607370876,0.0
2677,adam,8.313660905694633e-05,0.11154071779078682,0.0
2678,adam,6.697198210423032e-05,0.07046282820946295,0.0
2679,adam,5.752722276837707e-05,0.02438848547891795,0.0
2680,adam,5.709383607203929e-05,0.020336729456258102,0.0
2681,adam,6.337695514584834e-05,0.05790070039845904,0.0
2682,adam,7.15501541953945e-05,0.08469963397380795,0.0
2683,adam,7.69783762514129e-05,0.09856607898301387,0.0
2684,adam,7.727201629511173e-05,0.09938867932809509,0.0
2685,adam,7.279882526126455e-05,0.08843221004374006,0.0
2686,adam,6.59849473469989e-05,0.068356640991286,0.0
2687,adam,5.977195362413901e-05,0.0424988015559251,0.0
2688,adam,5.629164537451348e-05,0.014471022635890543,0.0
2689,adam,5.6129226140621255e-05,0.012422221560895268,0.0
2690,adam,5.842822047498358e-05,0.03521106844940934,0.0
2691,adam,6.155464649437357e-05,0.052105323882271536,0.0
2692,adam,6.391731514332179e-05,0.06186359844097643,0.0
2693,adam,6.457848024403711e-05,0.06447414969388651,0.0
2694,adam,6.34471066584135e-05,0.06038591820630108,0.0
2695,adam,6.113415582673289e-05,0.05091610726948096,0.0
2696,adam,5.855064033114319e-05,0.03751421035030279,0.0
2697,adam,5.6523578137006585e-05,0.022042019015818492,0.0
2698,adam,5.5519650156745506e-05,0.006073034545653399,0.0
2699,adam,5.556859357140144e-05,0.00883890934102507,0.0
2700,adam,5.635630062547845e-05,0.021518358803923235,0.0
2701,adam,5.7405590072451096e-05,0.0311116865610819,0.0
2702,adam,5.826798805459951e-05,0.03726407995670747,0.0
2703,adam,5.865609371268603e-05,0.03981078786238737,0.0
2704,adam,5.8493317431723265e-05,0.039124407510600166,0.0
2705,adam,5.788258845655304e-05,0.03552147148078352,0.0
2706,adam,5.703393528524511e-05,0.02979790510064643,0.0
2707,adam,5.617914278864892e-05,0.022499957011576914,0.0
2708,adam,5.5501299879918867e-05,0.014465478034410457,0.0
2709,adam,5.509878655084531e-05,0.00624709305042724,0.0
2710,adam,5.498257804471394e-05,0.001593849967104745,0.0
2711,adam,5.5093636366010915e-05,0.008496062882499768,0.0
2712,adam,5.5337209064610264e-05,0.01419948688992235,0.0
2713,adam,5.5609509996200336e-05,0.018607621559041283,0.0
2714,adam,5.5826350746315066e-05,0.02152250678575273,0.0
2715,adam,5.5939047173190424e-05,0.0231045235053657,0.0
2716,adam,5.5929942162808314e-05,0.023355195802618862,0.0
2717,adam,5.5810948058554326e-05,0.022530759733544965,0.0
2718,adam,5.561199782550445e-05,0.02075766140928276,0.0
2719,adam,5.537024826378477e-05,0.01832564569715955,0.0
2720,adam,5.5122619895046154e-05,0.01537609176108697,0.0
2721,adam,5.489678120685894e-05,0.012179847221613822,0.0
2722,adam,5.4711734584981214e-05,0.00884327328846571,0.0
2723,adam,5.457481143750207e-05,0.005585620478889598,0.0
2724,adam,5.448598382485962e-05,0.002464570070161559,0.0
2725,adam,5.4438788423438376e-05,0.0006103727971265103,0.0
2726,adam,5.442316294153805e-05,0.003064982253425415,0.0
2727,adam,5.442823716554191e-05,0.005281970392327329,0.0
2728,adam,5.444500378077774e-05,0.007216758247018738,0.0
2729,adam,5.4465099830913875e-05,0.008786190807019697,0.0
2730,adam,5.448295393072905e-05,0.010086792842170494,0.0
2731,adam,5.449433287568497e-05,0.01107502767628511,0.0
2732,adam,5.449847082080244e-05,0.011863405162573344,0.0
2733,adam,5.4494279872845524e-05,0.012420087569947384,0.0
2734,adam,5.448343742434085e-05,0.012864842519376252,0.0
2735,adam,5.446719217129784e-05,0.013158345864508621,0.0
2736,adam,5.4447585591966007e-05,0.01342251238073489,0.0
2737,adam,5.442632877778787e-05,0.013614569654516497,0.0
2738,adam,5.4405418164910066e-05,0.013846649441627766,0.0
2739,adam,5.4386640978449e-05,0.014076300831559427,0.0
2740,adam,5.437286114285567e-05,0.014409180492779516,0.0
2741,adam,5.436518700691757e-05,0.014797558895411664,0.0
2742,adam,5.436620352100431e-05,0.015340389218842652,0.0
2743,adam,5.437793581242245e-05,0.015991677863920264,0.0
2744,adam,5.4404845812902474e-05,0.01685640601927093,0.0
2745,adam,5.4450723506779995e-05,0.017897159361933868,0.0
2746,adam,5.452280563593418e-05,0.019227528074597017,0.0
2747,adam,5.462852920304677e-05,0.02082019870464231,0.0
2748,adam,5.4780200979720104e-05,0.02280864372225497,0.0
2749,adam,5.4993576384496345e-05,0.025175745267195373,0.0
2750,adam,5.529023903109023e-05,0.028076787590053238,0.0
2751,adam,5.570170387830032e-05,0.03153046950193965,0.0
2752,adam,5.627300954491046e-05,0.03573202126167541,0.0
2753,adam,5.706806569461135e-05,0.040763416678284384,0.0
2754,adam,5.8182528933447984e-05,0.04688155083015687,0.0
2755,adam,5.9750848250306376e-05,0.054249016057898496,0.0
2756,adam,6.197688259329637e-05,0.06322972350052052,0.0
2757,adam,6.515247747649713e-05,0.07411797297128252,0.0
2758,adam,6.97285028554583e-05,0.08743541428724579,0.0
2759,adam,7.635532659906543e-05,0.10369005894546833,0.0
2760,adam,8.605034366932911e-05,0.12365260684928915,0.0
2761,adam,0.00010028620674558568,0.1481641910687883,0.0
2762,adam,0.00012140065908544765,0.178360483241465,0.0
2763,adam,0.00015273440377617555,0.21556803340629244,0.0
2764,adam,0.00019964681348982852,0.26142096567339734,0.0
2765,adam,0.0002695157410868593,0.31785501474824907,0.0
2766,adam,0.00037407849327093735,0.38691000982176327,0.0
2767,adam,0.0005278702824754004,0.47085705156777646,0.0
2768,adam,0.000752780379935501,0.571087834789139,0.0
2769,adam,0.0010674176868681255,0.688189828496164,0.0
2770,adam,0.0014927001763255189,0.8186623357999427,0.0
2771,adam,0.0020065748932870968,0.9546745576436108,0.0
2772,adam,0.002553882159121915,1.0777830691072918,0.0
2773,adam,0.0029481755440594363,1.1609309448456286,0.0
2774,adam,0.0029949197625366757,1.166833680956973,0.0
2775,adam,0.0024910455523655746,1.0627838962690181,0.0
2776,adam,0.0015704287091265975,0.8355129530566148,0.0
2777,adam,0.0006131734407751646,0.5059829771726793,0.0
2778,adam,9.36667052365111e-05,0.1288532912792395,0.0
2779,adam,0.00017888770959569752,0.23792137126764237,0.0
2780,adam,0.0006446206653063995,0.5207356728764194,0.0
2781,adam,0.0010673009254099888,0.681328011544755,0.0
2782,adam,0.0011095014354576735,0.6949466753689713,0.0
2783,adam,0.0007606215765019251,0.5671543318544314,0.0
2784,adam,0.00029685817175695176,0.33057101981972853,0.0
2785,adam,6.164616980856123e-05,0.04698193531348325,0.0
2786,adam,0.00016345485570399038,0.22129665971293863,0.0
2787,adam,0.0004262297174365147,0.4111436817779175,0.0
2788,adam,0.000579522981559664,0.4881811108023497,0.0
2789,adam,0.0004886321428291684,0.4441200267534373,0.0
2790,adam,0.0002527797859454404,0.2997782933981142,0.0
2791,adam,7.638309455412273e-05,0.09785310186181326,0.0
2792,adam,8.056076414320887e-05,0.10710154840777368,0.0
2793,adam,0.00021076538441210915,0.26596488862629425,0.0
2794,adam,0.0003164927136916942,0.34512231745437844,0.0
2795,adam,0.00029913152606590027,0.33361216865927246,0.0
2796,adam,0.000183850154739166,0.24300440510812388,0.0
2797,adam,7.80110022405846e-05,0.1036617180023616,0.0
2798,adam,6.059500077433491e-05,0.0509264265018705,0.0
2799,adam,0.0001205122058261092,0.17271856735194277,0.0
2800,adam,0.0001840876262052583,0.2428475720372056,0.0
2801,adam,0.00018965489031137116,0.24858850325948229,0.0
2802,adam,0.00013797561713865778,0.19553270222812488,0.0
2803,adam,7.784968172052918e-05,0.10313652333546637,0.0
2804,adam,5.6137689328679933e-05,0.023652474749059474,0.0
2805,adam,7.85652186862339e-05,0.10404627321718576,0.0
2806,adam,0.00011371644798389655,0.16457014282747373,0.0
2807,adam,0.00012683048389589474,0.18221941481665782,0.0
2808,adam,0.00010841641187609956,0.1574492519329588,0.0
2809,adam,7.685801753544007e-05,0.10078163609368032,0.0
2810,adam,5.7323490870536194e-05,0.034146795443211274,0.0
2811,adam,6.044925804705129e-05,0.052203220249406844,0.0
2812,adam,7.705425478463866e-05,0.10266731785143794,0.0
2813,adam,8.961786628974318e-05,0.1280234073612095,0.0
2814,adam,8.767526370101147e-05,0.12415395755840884,0.0
2815,adam,7.409039627241589e-05,0.09510135268118479,0.0
2816,adam,6.0115979014762674e-05,0.05104448934959967,0.0
2817,adam,5.5042402029181e-05,0.02082503346555515,0.0
2818,adam,5.977322164303496e-05,0.0530036328242673,0.0
2819,adam,6.791453535389143e-05,0.08145192866712085,0.0
2820,adam,7.19557950079214e-05,0.09167742656190406,0.0
2821,adam,6.896940792640364e-05,0.08308618373804669,0.0
2822,adam,6.17052753985973e-05,0.059422249983644024,0.0
2823,adam,5.552356624850128e-05,0.02844889495950562,0.0
2824,adam,5.402101102511815e-05,0.01723353956671902,0.0
2825,adam,5.688010511164253e-05,0.0413598508806952,0.0
2826,adam,6.085077887825075e-05,0.05923981221624555,0.0
2827,adam,6.255810625172584e-05,0.06468835133331459,0.0
2828,adam,6.0852261215435715e-05,0.05787390765191461,0.0
2829,adam,5.714609477221834e-05,0.041178309719880596,0.0
2830,adam,5.399369282257522e-05,0.019359619512585035,0.0
2831,adam,5.3130278968652406e-05,0.009445621626411225,0.0
2832,adam,5.447265514066548e-05,0.027109284249136577,0.0
2833,adam,5.6513904242155083e-05,0.040378781474900455,0.0
2834,adam,5.7582386160082086e-05,0.04543784591278185,0.0
2835,adam,5.696761596169693e-05,0.04224288544590437,0.0
2836,adam,5.518768287617039e-05,0.032014558665213334,0.0
2837,adam,5.3427666479162266e-05,0.017460508007203387,0.0
2838,adam,5.2644663293282136e-05,0.002350427983190445,0.0
2839,adam,5.3015268277542644e-05,0.013691017508274643,0.0
2840,adam,5.3980315881590994e-05,0.024718412852478326,0.0
2841,adam,5.473749641140134e-05,0.030642826768239324,0.0
2842,adam,5.477840126573919e-05,0.03117165942650548,0.0
2843,adam,5.412566507002856e-05,0.02666609358321589,0.0
2844,adam,5.321211218100595e-05,0.018562983804388433,0.0
2845,adam,5.25351200247522e-05,0.008421097335744483,0.0
2846,adam,5.235989570365337e-05,0.002475845962383073,0.0
2847,adam,5.2620162070377864e-05,0.011212439375426734,0.0
2848,adam,5.3029328055256046e-05,0.01767154135675386,0.0
2849,adam,5.3286875061309015e-05,0.021034152852521287,0.0
2850,adam,5.3241832994389504e-05,0.02108357512359493,0.0
2851,adam,5.2936043672340954e-05,0.01830089687605611,0.0
2852,adam,5.2537443963690405e-05,0.013359545877153121,0.0
2853,adam,5.2224402455702844e-05,0.007345490430469819,0.0
2854,adam,5.2095523968738794e-05,0.00249307577087725,0.0
2855,adam,5.214092999092191e-05,0.005972652937791976,0.0
2856,adam,5.227223904349596e-05,0.010366899565835032,0.0
2857,adam,5.238471460270345e-05,0.013186638440855233,0.0
2858,adam,5.240591700035375e-05,0.014252016767974603,0.0
2859,adam,5.2321305378657884e-05,0.013531332103935641,0.0
2860,adam,5.216550238218795e-05,0.011396017323932871,0.0
2861,adam,5.1996507249642716e-05,0.008201658249547846,0.0
2862,adam,5.186574673568894e-05,0.004591942880834096,0.0
2863,adam,5.179941497570598e-05,0.0018941862527515688,0.0
2864,adam,5.179281058461688e-05,0.0037625968955307967,0.0
2865,adam,5.182033271035716e-05,0.006428821770801216,0.0
2866,adam,5.1847717631606754e-05,0.008289395127619354,0.0
2867,adam,5.184989425193196e-05,0.009222572970938658,0.0
2868,adam,5.1815057903279154e-05,0.00914129936719817,0.0
2869,adam,5.1748347431407435e-05,0.008229103302072998,0.0
2870,adam,5.16657042579684e-05,0.006589895606394127,0.0
2871,adam,5.158558568579413e-05,0.004538865694280641,0.0
2872,adam,5.1521826931315764e-05,0.00226130981810172,0.0
2873,adam,5.148121298900401e-05,0.0006647927075538204,0.0
2874,adam,5.146170300816168e-05,0.002283609571929427,0.0
2875,adam,5.145383036536272e-05,0.003902122277438292,0.0
2876,adam,5.144696284825797e-05,0.005095221761191125,0.0
2877,adam,5.143285907113132e-05,0.005725933128405905,0.0
2878,adam,5.140645317251254e-05,0.005881203928099614,0.0
2879,adam,5.1368706997428314e-05,0.005524825955858304,0.0
2880,adam,5.132323858519912e-05,0.00483145821871645,0.0
2881,adam,5.127521226654348e-05,0.003818096976135042,0.0
2882,adam,5.123008321310174e-05,0.002683870367152805,0.0
2883,adam,5.119010984327488e-05,0.0014761147394158785,0.0
2884,adam,5.115699015117348e-05,0.0005334430359218318,0.0
2885,adam,5.112931274362896e-05,0.0010004328381439589,0.0
2886,adam,5.1105848439254765e-05,0.0018306457894282288,0.0
2887,adam,5.108363314477356e-05,0.0025423130228134022,0.0
2888,adam,5.106090674476703e-05,0.0030099758497462567,0.0
2889,adam,5.103615155222792e-05,0.003308338955934759,0.0
2890,adam,5.100902679911889e-05,0.003375543036486709,0.0
2891,adam,5.097968065412283e-05,0.0033092268147709623,0.0
2892,adam,5.0948358980331213e-05,0.0030685578611219255,0.0
2893,adam,5.0916590288005784e-05,0.0027626275564442953,0.0
2894,adam,5.088345407689205e-05,0.0023500537732871743,0.0
2895,adam,5.085134775192323e-05,0.001929416693661371,0.0
2896,adam,5.0820042120058456e-05,0.001459959749127311,0.0
2897,adam,5.0789265302027395e-05,0.0010385978648878081,0.0
2898,adam,5.0760367327045315e-05,0.0006413660006944728,0.0
2899,adam,5.07317155452222e-05,0.0004230919287374011,0.0
2900,adam,5.070410765468443e-05,0.0005222318563897659,0.0
2901,adam,5.0676790821694744e-05,0.0007582681575600917,0.0
2902,adam,5.0650292486434355e-05,0.001030698353431914,0.0
2903,adam,5.062422348021779e-05,0.0012366878616164613,0.0
2904,adam,5.059801179200787e-05,0.0014366077478144299,0.0
2905,adam,5.057122834923777e-05,0.0015633233751007809,0.0
2906,adam,5.0545018924857725e-05,0.0016894184367774556,0.0
2907,adam,5.05181736031937e-05,0.0017511550112877313,0.0
2908,adam,5.049153224868885e-05,0.0018197296823893793,0.0
2909,adam,5.046439969935513e-05,0.0018317607571451983,0.0
2910,adam,5.043727417889328e-05,0.0018632485984441487,0.0
2911,adam,5.0409938742942e-05,0.0018506822712063596,0.0
2912,adam,5.038319023405228e-05,0.0018688389761338064,0.0
2913,adam,5.03559418606178e-05,0.0018550136735139239,0.0
2914,adam,5.0329483651862346e-05,0.0018810025815652344,0.0
2915,adam,5.0302217581905286e-05,0.0018800114564221692,0.0
2916,adam,5.027622555748085e-05,0.0019258605860569228,0.0
2917,adam,5.0249212897097344e-05,0.00195450736190481,0.0
2918,adam,5.0223190232724786e-05,0.00203345010928101,0.0
2919,adam,5.019741845801487e-05,0.002098378905582254,0.0
2920,adam,5.017186966460383e-05,0.002223991905098376,0.0
2921,adam,5.01466239762361e-05,0.0023420718989101688,0.0
2922,adam,5.012189452785195e-05,0.002524333352989864,0.0
2923,adam,5.009791139076525e-05,0.0027125675303131327,0.0
2924,adam,5.00744170050402e-05,0.002983815689447987,0.0
2925,adam,5.005272142392191e-05,0.0032768295267644834,0.0
2926,adam,5.003224892858824e-05,0.003670810512319926,0.0
2927,adam,5.001345250632641e-05,0.00411207198860943,0.0
2928,adam,4.999840962832357e-05,0.004680571752798641,0.0
2929,adam,4.998656591818644e-05,0.005327269476409465,0.0
2930,adam,4.9981357973594304e-05,0.006143500943399309,0.0
2931,adam,4.998303872844182e-05,0.007092438189154868,0.0
2932,adam,4.9996715992762434e-05,0.00827998518670753,0.0
2933,adam,5.002773877413414e-05,0.009690728299772031,0.0
2934,adam,5.008355440149931e-05,0.011450596326417222,0.0
2935,adam,5.0175247484005016e-05,0.013570069745034094,0.0
2936,adam,5.032273972338029e-05,0.01621620563977541,0.0
2937,adam,5.055286775471118e-05,0.019449117069459367,0.0
2938,adam,5.090867287008232e-05,0.023491137832995862,0.0
2939,adam,5.1457667935947524e-05,0.02847947338093742,0.0
2940,adam,5.230323943732175e-05,0.03473636012459906,0.0
2941,adam,5.361039848464721e-05,0.042533342590493003,0.0
2942,adam,5.564146628060009e-05,0.05236131494667325,0.0
2943,adam,5.881097194753719e-05,0.06471598068199812,0.0
2944,adam,6.379480072500126e-05,0.08036852721036372,0.0
2945,adam,7.166875826893552e-05,0.10019655822367086,0.0
2946,adam,8.421341515358764e-05,0.12544081756458708,0.0
2947,adam,0.00010426065489825402,0.15761760737088687,0.0
2948,adam,0.00013655125777796307,0.19870455617651972,0.0
2949,adam,0.00018852637982052554,0.251222385120731,0.0
2950,adam,0.0002726363948714031,0.31814210940386056,0.0
2951,adam,0.00040742913942363876,0.4032356062608154,0.0
2952,adam,0.0006228103654194223,0.5100003922757631,0.0
2953,adam,0.0009561974935440436,0.6421907165751438,0.0
2954,adam,0.0014579634227239024,0.7996232823661565,0.0
2955,adam,0.002148414771054965,0.9781414038800708,0.0
2956,adam,0.0030017830285581455,1.158588911740749,0.0
2957,adam,0.0037919565046122083,1.3080323404988259,0.0
2958,adam,0.004175362636839193,1.3708793279522526,0.0
2959,adam,0.003712173542811249,1.2926176110370515,0.0
2960,adam,0.0025053516059337973,1.0467012366633999,0.0
2961,adam,0.0011603471779982443,0.6746769330515987,0.0
2962,adam,0.0005065388571695467,0.3533850541515707,0.0
2963,adam,0.000687673442677688,0.45410175853359447,0.0
2964,adam,0.0011898989775001494,0.6844073739055166,0.0
2965,adam,0.0013925484654244307,0.7717079451597011,0.0
2966,adam,0.0011102409202789387,0.6857462516946764,0.0
2967,adam,0.0006898869222617143,0.49078507853033404,0.0
2968,adam,0.0004739464484669347,0.3337169115664468,0.0
2969,adam,0.000503915224977875,0.36895720820327094,0.0
2970,adam,0.0005735710785542988,0.45873687735897917,0.0
2971,adam,0.0005682909430590015,0.4786631276616287,0.0
2972,adam,0.0005214488217542162,0.4249431260429266,0.0
2973,adam,0.00044473993777452664,0.3384007159994004,0.0
2974,adam,0.00033996077671326645,0.2711707083769791,0.0
2975,adam,0.00024596275329388947,0.2627529270798197,0.0
2976,adam,0.0002595466661191257,0.3021407429056832,0.0
2977,adam,0.0003537755852996558,0.3329871336317728,0.0
2978,adam,0.000365913485249004,0.3079325077698234,0.0
2979,adam,0.0002400337452378324,0.22066551048002184,0.0
2980,adam,0.00010905319328552033,0.13417218676285145,0.0
2981,adam,0.0001331454411165601,0.18466569128788282,0.0
2982,adam,0.00025155634270609267,0.26141456632173204,0.0
2983,adam,0.0002722411985407649,0.2610775887103512,0.0
2984,adam,0.00015897154135420988,0.17394822909480598,0.0
2985,adam,5.9618099480999065e-05,0.04572638966428742,0.0
2986,adam,9.306492327480061e-05,0.11990810387127356,0.0
2987,adam,0.00018274785707628118,0.20441397934986394,0.0
2988,adam,0.00018795033594384462,0.20811086448565216,0.0
2989,adam,0.00010826676910323468,0.13621547428922215,0.0
2990,adam,5.4100813471630037e-05,0.03268508856543854,0.0
2991,adam,8.240050328008244e-05,0.091931859637376,0.0
2992,adam,0.00012998016832437278,0.15279611052932063,0.0
2993,adam,0.0001235676994557771,0.15375800241286794,0.0
2994,adam,8.092178253778841e-05,0.10709639569793927,0.0
2995,adam,6.166096122985853e-05,0.06308042188098684,0.0
2996,adam,7.83251619436521e-05,0.08328695079288453,0.0
2997,adam,9.288108607905554e-05,0.1073675296934249,0.0
2998,adam,8.274974287659186e-05,0.10322155413547211,0.0
2999,adam,6.74398930641014e-05,0.08440292598266674,0.0
3000,adam,6.716414612169686e-05,0.0769313711102883,0.0
3001,adam,7.365627227755837e-05,0.07859023097912257,0.0
3002,adam,7.05565292029834e-05,0.07131650451464161,0.0
3003,adam,6.125454648173975e-05,0.05969431342004182,0.0
3004,adam,6.009047139555573e-05,0.06392771021049841,0.0
3005,adam,6.687746131956392e-05,0.07567585501425995,0.0
3006,adam,6.826942432279417e-05,0.07247368520435007,0.0
3007,adam,5.9791000738918045e-05,0.04896747836517834,0.0
3008,adam,5.249937321020531e-05,0.02490139416343569,0.0
3009,adam,5.544576196221246e-05,0.044065466942709394,0.0
3010,adam,6.260428332800671e-05,0.0642148659718856,0.0
3011,adam,6.282301413197301e-05,0.06314438321965617,0.0
3012,adam,5.5652678471226095e-05,0.040412970844609486,0.0
3013,adam,5.053222129039916e-05,0.005939502839691096,0.0
3014,adam,5.276081689744276e-05,0.02716629576611175,0.0
3015,adam,5.743785406920302e-05,0.04754590176988104,0.0
3016,adam,5.7727092581736065e-05,0.049881869173901174,0.0
3017,adam,5.3809367189094796e-05,0.0364823938878081,0.0
3018,adam,5.097608572720902e-05,0.01845981759838432,0.0
3019,adam,5.1775249085760134e-05,0.020404124774626324,0.0
3020,adam,5.368160922396044e-05,0.03145291013257351,0.0
3021,adam,5.369096487791944e-05,0.03417601465445942,0.0
3022,adam,5.216818609945411e-05,0.02926078396358165,0.0
3023,adam,5.1284057223797145e-05,0.02372288801633817,0.0
3024,adam,5.1621822679942784e-05,0.022745396787675315,0.0
3025,adam,5.190542654718307e-05,0.02272623172104784,0.0
3026,adam,5.132449960673716e-05,0.020120334332049305,0.0
3027,adam,5.063095975468977e-05,0.01777902613157573,0.0
3028,adam,5.07314462955691e-05,0.0200821983515491,0.0
3029,adam,5.128076985199062e-05,0.023030290061806513,0.0
3030,adam,5.12655636041846e-05,0.02158187685769735,0.0
3031,adam,5.048368264520672e-05,0.014715103787943188,0.0
3032,adam,4.978661861254823e-05,0.006465835742235768,0.0
3033,adam,4.988550473083207e-05,0.010618341725399215,0.0
3034,adam,5.0467163014352474e-05,0.017541778341143732,0.0
3035,adam,5.069042419066337e-05,0.01946932751237979,0.0
3036,adam,5.02485666043618e-05,0.01565151514337706,0.0
3037,adam,4.964305817830333e-05,0.007908849573376604,0.0
3038,adam,4.946268637647331e-05,0.002788402154875681,0.0
3039,adam,4.971650600156464e-05,0.009512106674432285,0.0
3040,adam,4.9952887137182114e-05,0.013463242479893944,0.0
3041,adam,4.98629993749127e-05,0.013380957752610917,0.0
3042,adam,4.957443427753307e-05,0.010464842292181465,0.0
3043,adam,4.938736741640309e-05,0.007259614588317088,0.0
3044,adam,4.9396656069277775e-05,0.006884872926580621,0.0
3045,adam,4.945261749380255e-05,0.008053364267610308,0.0
3046,adam,4.940872091024555e-05,0.00822476236313285,0.0
3047,adam,4.929278427019859e-05,0.007479350188919111,0.0
3048,adam,4.9221677157798186e-05,0.007143704210177806,0.0
3049,adam,4.923045708330765e-05,0.007679212446786844,0.0
3050,adam,4.923739483636327e-05,0.007771978746437914,0.0
3051,adam,4.916849769309865e-05,0.006541943756399205,0.0
3052,adam,4.904955712080538e-05,0.004105179382084737,0.0
3053,adam,4.8972371513230666e-05,0.002660201254036492,0.0
3054,adam,4.8977214456131675e-05,0.0045883033830375316,0.0
3055,adam,4.901423969301217e-05,0.006412199637877114,0.0
3056,adam,4.9004477688487616e-05,0.0067946051095229,0.0
3057,adam,4.8928390933820834e-05,0.005503837226636153,0.0
3058,adam,4.883439398036619e-05,0.0030978791093426395,0.0
3059,adam,4.878083545057411e-05,0.0008899466807381946,0.0
3060,adam,4.877553515844282e-05,0.0026525288950179043,0.0
3061,adam,4.878074518175097e-05,0.004229914555172888,0.0
3062,adam,4.8760412947969555e-05,0.004664778687046871,0.0
3063,adam,4.871229009953653e-05,0.0041830356249342735,0.0
3064,adam,4.8660939096657295e-05,0.0032375136671039745,0.0
3065,adam,4.862660981608896e-05,0.0026607908998681168,0.0
3066,adam,4.8604982716325827e-05,0.0026470692454210842,0.0
3067,adam,4.858186300239362e-05,0.002719711732710698,0.0
3068,adam,4.854859710154744e-05,0.0024936168415880594,0.0
3069,adam,4.851181578583326e-05,0.002142257337831973,0.0
3070,adam,4.8482479638166946e-05,0.0022178110996075046,0.0
3071,adam,4.846194995210004e-05,0.0025970769218304894,0.0
3072,adam,4.844179254442243e-05,0.0028705648724476522,0.0
3073,adam,4.8413412265505655e-05,0.0026590979469783655,0.0
3074,adam,4.837726063367477e-05,0.001973040408619769,0.0
3075,adam,4.8340508062882436e-05,0.0009481170225735648,0.0
3076,adam,4.831215704952804e-05,0.0004458276325373863,0.0
3077,adam,4.8290455345493184e-05,0.001334890407947028,0.0
3078,adam,4.8271030889583574e-05,0.0019569146562595768,0.0
3079,adam,4.8247102850148246e-05,0.002167074572215487,0.0
3080,adam,4.821784774689138e-05,0.001953893701936542,0.0
3081,adam,4.818699957287762e-05,0.0015234359089950906,0.0
3082,adam,4.8158026083573136e-05,0.0010767132143109015,0.0
3083,adam,4.813290197318554e-05,0.0009725880399683352,0.0
3084,adam,4.8108143934800514e-05,0.0010740986736464129,0.0
3085,adam,4.8083945755804767e-05,0.0011509166353836742,0.0
3086,adam,4.805712377544002e-05,0.0010933996439602758,0.0
3087,adam,4.80307785931187e-05,0.000991799605585389,0.0
3088,adam,4.800511815026986e-05,0.0010203724042660927,0.0
3089,adam,4.798079968983784e-05,0.0011190273990212328,0.0
3090,adam,4.7956680424940444e-05,0.0012304031006485534,0.0
3091,adam,4.7932147901606646e-05,0.0011684166564520297,0.0
3092,adam,4.7905788171593905e-05,0.0009861663352067685,0.0
3093,adam,4.787938346744782e-05,0.0006536858407762534,0.0
3094,adam,4.7853465906911756e-05,0.00035094407999873345,0.0
3095,adam,4.7829011112741375e-05,0.00035825832343015334,0.0
3096,adam,4.780510784267938e-05,0.0005923577764299158,0.0
3097,adam,4.7781685648091894e-05,0.0007853441870471639,0.0
3098,adam,4.77570413296403e-05,0.0008250571111801088,0.0
3099,adam,4.7732512815892476e-05,0.0007926244834110083,0.0
3100,adam,4.770783116505918e-05,0.0006708188050472636,0.0
3101,adam,4.768300534310854e-05,0.0006091317223372669,0.0
3102,adam,4.765876613761136e-05,0.0005731695279713821,0.0
3103,adam,4.763483877715272e-05,0.0005894031666081552,0.0
3104,adam,4.7610802397059834e-05,0.0005650829744297355,0.0
3105,adam,4.758689074961309e-05,0.0004992024644487145,0.0
3106,adam,4.756221398253906e-05,0.0003947877882146635,0.0
3107,adam,4.753824520715804e-05,0.0003053236978453837,0.0
3108,adam,4.751438346041426e-05,0.0003154207300146244,0.0
3109,adam,4.749059183385714e-05,0.00038030827334671505,0.0
3110,adam,4.746740037545112e-05,0.0004561916058644904,0.0
3111,adam,4.744323107939953e-05,0.00048337483514137404,0.0
3112,adam,4.741974038149252e-05,0.0004810835123964607,0.0
3113,adam,4.739600022762501e-05,0.0004346853864107327,0.0
3114,adam,4.737296256416098e-05,0.0004001053651568443,0.0
3115,adam,4.734909525637129e-05,0.00036131449259694284,0.0
3116,adam,4.73256305630825e-05,0.00037357527575491707,0.0
3117,adam,4.730224171856228e-05,0.00037045176521142905,0.0
3118,adam,4.727945768552825e-05,0.0003807737812248175,0.0
3119,adam,4.725591362083443e-05,0.00035197568119978243,0.0
3120,adam,4.723255305937424e-05,0.0003268584289943965,0.0
3121,adam,4.720918744331252e-05,0.00028946433622799187,0.0
3122,adam,4.718587550010957e-05,0.00027558713074512435,0.0
3123,adam,4.716294528995292e-05,0.0002848781844744293,0.0
3124,adam,4.7139865360971246e-05,0.0002996210103251962,0.0
3125,adam,4.71169454346932e-05,0.0003239514595382311,0.0
3126,adam,4.709391377930784e-05,0.00032271783429718476,0.0
3127,adam,4.7070989073892085e-05,0.0003289084391828842,0.0
3128,adam,4.704773048612267e-05,0.0003110751602965926,0.0
3129,adam,4.702496110848468e-05,0.0003122314088115188,0.0
3130,adam,4.7002323863445795e-05,0.00030102340357282824,0.0
3131,adam,4.697934829667207e-05,0.00031344072800004226,0.0
3132,adam,4.695672895518029e-05,0.00031423842692220006,0.0
3133,adam,4.6933742053604516e-05,0.0003275490896954935,0.0
3134,adam,4.691120542414772e-05,0.00032532948537093503,0.0
3135,adam,4.688876096284874e-05,0.000332871478157221,0.0
3136,adam,4.68665122475885e-05,0.00032513712920739763,0.0
3137,adam,4.684354864442928e-05,0.0003345194834636225,0.0
3138,adam,4.682081536921201e-05,0.00033223703166369595,0.0
3139,adam,4.6798509323360425e-05,0.00035259269792702465,0.0
3140,adam,4.677597335978557e-05,0.0003534969916576889,0.0
3141,adam,4.67537366098607e-05,0.00038064615895184463,0.0
3142,adam,4.6731508960725836e-05,0.00038487174493731665,0.0
3143,adam,4.670891847175548e-05,0.0004181933328711252,0.0
3144,adam,4.668697428965115e-05,0.0004244080797516723,0.0
3145,adam,4.6664170358518016e-05,0.0004598124639344168,0.0
3146,adam,4.6642264539524175e-05,0.0004735931822480363,0.0
3147,adam,4.6619801584480916e-05,0.0005287319349833559,0.0
3148,adam,4.659780271485982e-05,0.0005650327570270731,0.0
3149,adam,4.657561401745847e-05,0.0006436005953705178,0.0
3150,adam,4.6554060082887276e-05,0.0007033476228019556,0.0
3151,adam,4.653173361821019e-05,0.0008083136063431019,0.0
3152,adam,4.651072146977675e-05,0.0009041441430842817,0.0
3153,adam,4.648884292985378e-05,0.0010574859145661458,0.0
3154,adam,4.646761865382665e-05,0.0012094894279425141,0.0
3155,adam,4.644696123806238e-05,0.0014342870506061664,0.0
3156,adam,4.6426898246679754e-05,0.001676518544747486,0.0
3157,adam,4.640783173575939e-05,0.0020121697633517376,0.0
3158,adam,4.6389400215291394e-05,0.002387901149072377,0.0
3159,adam,4.637302153550511e-05,0.002887999883703934,0.0
3160,adam,4.6359671739983646e-05,0.0034729510046566194,0.0
3161,adam,4.635093800491638e-05,0.004242930228664631,0.0
3162,adam,4.634850520383733e-05,0.005171041702188359,0.0
3163,adam,4.635729181118837e-05,0.00637239098391707,0.0
3164,adam,4.63825677658544e-05,0.007846633703850078,0.0
3165,adam,4.643443621146509e-05,0.009751713728899004,0.0
3166,adam,4.652881972745676e-05,0.012138116527341659,0.0
3167,adam,4.669357011720698e-05,0.015223877860338625,0.0
3168,adam,4.6971135097633135e-05,0.019138642199689575,0.0
3169,adam,4.743437057927787e-05,0.024202182397155745,0.0
3170,adam,4.820312889781569e-05,0.030687587575279573,0.0
3171,adam,4.948176763871904e-05,0.03910781137689308,0.0
3172,adam,5.1611877537617846e-05,0.04999504731319498,0.0
3173,adam,5.518178827600987e-05,0.06420035226492914,0.0
3174,adam,6.118989942554167e-05,0.08271887147438357,0.0
3175,adam,7.137739700781214e-05,0.10700670249196309,0.0
3176,adam,8.871158215716438e-05,0.1388804061559286,0.0
3177,adam,0.00011843604812387154,0.18084147733931652,0.0
3178,adam,0.0001694358961425703,0.23613941026466656,0.0
3179,adam,0.00025750115795645525,0.30894799562122427,0.0
3180,adam,0.0004084596288270652,0.4046574134655799,0.0
3181,adam,0.0006672029297078946,0.5292514497405497,0.0
3182,adam,0.0010982835620964935,0.6894707524282478,0.0
3183,adam,0.0017995357270395164,0.8884985870854956,0.0
3184,adam,0.002841822103088284,1.123483183518876,0.0
3185,adam,0.004227964327520803,1.3698403683321447,0.0
3186,adam,0.00555227799862483,1.5744108641761458,0.0
3187,adam,0.006087157955697881,1.6412343265013396,0.0
3188,adam,0.0048767220744940585,1.4683999736679405,0.0
3189,adam,0.002381281030550188,1.01393454535505,0.0
3190,adam,0.0003541177970394496,0.35885604080050454,0.0
3191,adam,0.00031398325202854294,0.33781351666770304,0.0
3192,adam,0.0017032820971897317,0.8536341436718593,0.0
3193,adam,0.0026141790884645277,1.0635033550052757,0.0
3194,adam,0.0019454148636774498,0.910135352742328,0.0
3195,adam,0.000540903751999779,0.4571948571870487,0.0
3196,adam,0.00010050560430667714,0.13159955948639884,0.0
3197,adam,0.0008518313908404516,0.589986882622216,0.0
3198,adam,0.0014609947827906853,0.7839553989943314,0.0
3199,adam,0.0010263897429212967,0.6489704963707327,0.0
3200,adam,0.00021981961627356032,0.2641310110869458,0.0
3201,adam,0.0001489683388875877,0.20015217122770798,0.0
3202,adam,0.0006890796733341562,0.5252416972555225,0.0
3203,adam,0.0008688152065686537,0.5950034263580298,0.0
3204,adam,0.0004255715540235443,0.4013397844917199,0.0
3205,adam,6.115520290262723e-05,0.05560453299392177,0.0
3206,adam,0.00024539024948571074,0.2894435773212381,0.0
3207,adam,0.000550831147565557,0.46522526976826517,0.0
3208,adam,0.0004508930212538629,0.4164902857469161,0.0
3209,adam,0.00013084697768770453,0.186310017340118,0.0
3210,adam,7.619788238699873e-05,0.10540503582119298,0.0
3211,adam,0.00028675907645837065,0.32002302415129846,0.0
3212,adam,0.00036590107310684465,0.3696996562857143,0.0
3213,adam,0.00019159800432626506,0.24768050949353598,0.0
3214,adam,5.1782096749435564e-05,0.027771542347369334,0.0
3215,adam,0.00012914975727278905,0.18498531832459558,0.0
3216,adam,0.000245984027709877,0.291303777931739,0.0
3217,adam,0.0002018744175669426,0.2564543755925471,0.0
3218,adam,7.866064864674121e-05,0.11082983419836069,0.0
3219,adam,6.341012001010975e-05,0.0743388145875337,0.0
3220,adam,0.0001450967416703898,0.202215480100464,0.0
3221,adam,0.00017029604154748592,0.22842497593934222,0.0
3222,adam,0.00010234811300488165,0.1506486942732363,0.0
3223,adam,5.2388438826999234e-05,0.028424550180795694,0.0
3224,adam,8.338596843044353e-05,0.11853729981815347,0.0
3225,adam,0.00012517793523338336,0.18007716680732178,0.0
3226,adam,0.00010609565018053267,0.1567765852758579,0.0
3227,adam,6.0761217416836165e-05,0.06977060422673916,0.0
3228,adam,5.658614163567025e-05,0.05128626522358652,0.0
3229,adam,8.663799465285742e-05,0.12484155023879766,0.0
3230,adam,9.47530324407152e-05,0.13977905891998937,0.0
3231,adam,6.879048952667806e-05,0.0932031855774132,0.0
3232,adam,5.040707408556129e-05,0.022668623060297564,0.0
3233,adam,6.231500583143916e-05,0.07250364989675293,0.0
3234,adam,7.811677076656148e-05,0.11020363878285674,0.0
3235,adam,7.092762516916454e-05,0.09751524719123192,0.0
3236,adam,5.30781575511602e-05,0.045233872368254456,0.0
3237,adam,5.068238163318909e-05,0.027677249156238277,0.0
3238,adam,6.254270197988812e-05,0.07479708984809376,0.0
3239,adam,6.696738496001831e-05,0.08725078982115071,0.0
3240,adam,5.726797834640884e-05,0.06176179595638155,0.0
3241,adam,4.854260115839474e-05,0.01396013494162272,0.0
3242,adam,5.1903284505996975e-05,0.038119125037340516,0.0
3243,adam,5.920633421012992e-05,0.06652198602178586,0.0
3244,adam,5.8268805500635775e-05,0.06435929868388751,0.0
3245,adam,5.0979603076448725e-05,0.03557814979470816,0.0
3246,adam,4.788411910956088e-05,0.00541138505455428,0.0
3247,adam,5.175272189049263e-05,0.039745093065662256,0.0
3248,adam,5.519891919545202e-05,0.05455660235690228,0.0
3249,adam,5.289316458393002e-05,0.04540699758464488,0.0
3250,adam,4.853671525229668e-05,0.018889573402159365,0.0
3251,adam,4.7950234997799255e-05,0.013257933937180414,0.0
3252,adam,5.071406459668758e-05,0.03627617642963636,0.0
3253,adam,5.1988154440068425e-05,0.04268204569045401,0.0
3254,adam,4.995031675928522e-05,0.03145207603285794,0.0
3255,adam,4.764717233094169e-05,0.009694290173239398,0.0
3256,adam,4.789078425776427e-05,0.01585571654886885,0.0
3257,adam,4.95491800178387e-05,0.03090082791319343,0.0
3258,adam,4.9858306524512704e-05,0.032804270749418,0.0
3259,adam,4.842036132343768e-05,0.02191884738458414,0.0
3260,adam,4.7255888208006975e-05,0.00538714330777977,0.0
3261,adam,4.7640828494809065e-05,0.015182850805666918,0.0
3262,adam,4.857979471402039e-05,0.025360020860639786,0.0
3263,adam,4.8557282588428816e-05,0.025276388360594034,0.0
3264,adam,4.7615566806661404e-05,0.01578469880029333,0.0
3265,adam,4.699608770355936e-05,0.003055144845117954,0.0
3266,adam,4.7300632583796934e-05,0.012789926309882613,0.0
3267,adam,4.783989527802774e-05,0.020258467141534165,0.0
3268,adam,4.776301622995639e-05,0.01975556803061591,0.0
3269,adam,4.716539257027305e-05,0.012117119008439318,0.0
3270,adam,4.678727613747019e-05,0.0013645721653839707,0.0
3271,adam,4.696276577127398e-05,0.009711250521083186,0.0
3272,adam,4.7281452644322195e-05,0.015678750066404415,0.0
3273,adam,4.7240198595200094e-05,0.01558509761907926,0.0
3274,adam,4.687649409986648e-05,0.009997871744825582,0.0
3275,adam,4.6617775468813205e-05,0.0016111279630205034,0.0
3276,adam,4.668447795498015e-05,0.006693880535518598,0.0
3277,adam,4.686620288963182e-05,0.011679256295056624,0.0
3278,adam,4.686058128247297e-05,0.012216912240462856,0.0
3279,adam,4.665123515504003e-05,0.008517822467871137,0.0
3280,adam,4.64689015123062e-05,0.00259865807361683,0.0
3281,adam,4.646749157685484e-05,0.004229793327509046,0.0
3282,adam,4.65603994644206e-05,0.008377632871263366,0.0
3283,adam,4.65695793558314e-05,0.009429884311404362,0.0
3284,adam,4.6452653318126305e-05,0.00723677074197578,0.0
3285,adam,4.6323613987835444e-05,0.0030925247219210426,0.0
3286,adam,4.628883232513437e-05,0.0023591312383418397,0.0
3287,adam,4.632688734607577e-05,0.005754020027133164,0.0
3288,adam,4.633808053492132e-05,0.0071466271620955705,0.0
3289,adam,4.627358678564706e-05,0.0060839484550190065,0.0
3290,adam,4.6180423877711565e-05,0.0032568131406209484,0.0
3291,adam,4.6130669072166425e-05,0.0008671792122764327,0.0
3292,adam,4.613433419074768e-05,0.0036250414898762453,0.0
3293,adam,4.6141925329320346e-05,0.005283255286534662,0.0
3294,adam,4.610924196157007e-05,0.0051010029031245616,0.0
3295,adam,4.604460231473534e-05,0.003394064954459727,0.0
3296,adam,4.5990243824193385e-05,0.0008109566344802544,0.0
3297,adam,4.5970076188634776e-05,0.0018266949956201209,0.0
3298,adam,4.596684363404773e-05,0.0036075959566439545,0.0
3299,adam,4.594992664258553e-05,0.004096159792004066,0.0
3300,adam,4.5909464061525125e-05,0.0033534872079763376,0.0
3301,adam,4.586229184931323e-05,0.001686262700931867,0.0
3302,adam,4.5828855668721203e-05,0.0006091926852593392,0.0
3303,adam,4.5812487770213795e-05,0.0021360071494450237,0.0
3304,adam,4.579757074618074e-05,0.003012172117327093,0.0
3305,adam,4.577167427637257e-05,0.002985912401013545,0.0
3306,adam,4.573500591594016e-05,0.0020905333504995724,0.0
3307,adam,4.5700431042994076e-05,0.0008198586144161493,0.0
3308,adam,4.567500552174533e-05,0.0009608022340160886,0.0
3309,adam,4.565617995060166e-05,0.0019369221547564435,0.0
3310,adam,4.563512204485879e-05,0.0023895672847665233,0.0
3311,adam,4.5607155106030374e-05,0.0021276239890782853,0.0
3312,adam,4.557613803250891e-05,0.001366482169595794,0.0
3313,adam,4.5547357878821036e-05,0.0004055724636206204,0.0
3314,adam,4.55236049894883e-05,0.0008542006677361794,0.0
3315,adam,4.5503114649349626e-05,0.001575304408126433,0.0
3316,adam,4.548021793234446e-05,0.001805988918981113,0.0
3317,adam,4.545369220931184e-05,0.0015959335378024678,0.0
3318,adam,4.542608193047571e-05,0.0009821323881788646,0.0
3319,adam,4.5399923959397385e-05,0.000333046155074839,0.0
3320,adam,4.5376016395344935e-05,0.0006596429143293405,0.0
3321,adam,4.535391629505646e-05,0.0011346139352597941,0.0
3322,adam,4.533137229508063e-05,0.0013394886374389265,0.0
3323,adam,4.5306273423903056e-05,0.001173863165026323,0.0
3324,adam,4.528091031534734e-05,0.0008069731119382615,0.0
3325,adam,4.525600593555123e-05,0.00037166554071319755,0.0
3326,adam,4.523230269587652e-05,0.0004755831809965853,0.0
3327,adam,4.520972951290799e-05,0.0008092300918845307,0.0
3328,adam,4.518680366399591e-05,0.0009476767900308892,0.0
3329,adam,4.516309332805557e-05,0.0008987749482602097,0.0
3330,adam,4.513869061626394e-05,0.0006390474234991983,0.0
3331,adam,4.5114681260501546e-05,0.0003571248777074924,0.0
3332,adam,4.50911652554929e-05,0.00032605116952662733,0.0
3333,adam,4.506884424870385e-05,0.0005383642821806463,0.0
3334,adam,4.504611592381268e-05,0.0006948848393629667,0.0
3335,adam,4.5022953078251333e-05,0.0006849001838788866,0.0
3336,adam,4.49995800642841e-05,0.0005768978249118647,0.0
3337,adam,4.497620241266891e-05,0.0003802688751466949,0.0
3338,adam,4.495308921644768e-05,0.00027012852920338257,0.0
3339,adam,4.493064307035724e-05,0.00036539660702605993,0.0
3340,adam,4.490796133971374e-05,0.0004775054290704011,0.0
3341,adam,4.488569993607541e-05,0.0005465121295919518,0.0
3342,adam,4.4862522284539136e-05,0.0004968522696383407,0.0
3343,adam,4.483974486541518e-05,0.0004073385470921479,0.0
3344,adam,4.481739743230712e-05,0.0003003381841095183,0.0
3345,adam,4.4794518057399556e-05,0.0002829855975594104,0.0
3346,adam,4.4772704480072006e-05,0.000361368651279012,0.0
3347,adam,4.475006165313225e-05,0.00040784199093318294,0.0
3348,adam,4.472787282651655e-05,0.0004395345267903796,0.0
3349,adam,4.470591577858364e-05,0.00039245049159745363,0.0
3350,adam,4.468319754203261e-05,0.0003421417588009079,0.0
3351,adam,4.466096419209501e-05,0.0002727233485844956,0.0
3352,adam,4.4638747594238395e-05,0.00025977967320508247,0.0
3353,adam,4.4616906161168136e-05,0.00029415936527931705,0.0
3354,adam,4.459490980575126e-05,0.00032074046844028246,0.0
3355,adam,4.457287622405513e-05,0.00034590690758994926,0.0
3356,adam,4.4550642213607454e-05,0.000322679949487379,0.0
3357,adam,4.452885494819124e-05,0.0003029165406816549,0.0
3358,adam,4.450715844194317e-05,0.0002659363918214087,0.0
3359,adam,4.448536559823779e-05,0.0002595948032846416,0.0
3360,adam,4.446390394205224e-05,0.0002675274642475999,0.0
3361,adam,4.444162468807395e-05,0.0002774674540719025,0.0
3362,adam,4.4420624717239234e-05,0.00029061623037500623,0.0
3363,adam,4.4398687664871095e-05,0.00028132113460306216,0.0
3364,adam,4.4376941157479875e-05,0.0002742293422080168,0.0
3365,adam,4.435538992757228e-05,0.0002591257804068761,0.0
3366,adam,4.4333856110583484e-05,0.00025431373710691776,0.0
3367,adam,4.431235913009954e-05,0.0002563871321128779,0.0
3368,adam,4.429069338520425e-05,0.00026071353087610646,0.0
3369,adam,4.426963776661361e-05,0.0002716699788796038,0.0
3370,adam,4.4248480264361877e-05,0.0002685493386258366,0.0
3371,adam,4.42267335991217e-05,0.0002715835244474248,0.0
3372,adam,4.4205715075379776e-05,0.0002608786217402457,0.0
3373,adam,4.418452673759764e-05,0.00025565952149138516,0.0
3374,adam,4.41630891193028e-05,0.0002528932281066046,0.0
3375,adam,4.4141606797428124e-05,0.00025264051781090987,0.0
3376,adam,4.412079914016838e-05,0.0002582320569729161,0.0
3377,adam,4.409956905339696e-05,0.000256305804901075,0.0
3378,adam,4.407835158509978e-05,0.000261715394037754,0.0
3379,adam,4.405733026847427e-05,0.00025618117317466766,0.0
3380,adam,4.4036228524511295e-05,0.00026014067154012056,0.0
3381,adam,4.4015415659069865e-05,0.0002551377827877955,0.0
3382,adam,4.39942214543773e-05,0.0002593584338644214,0.0
3383,adam,4.3973373369383995e-05,0.0002573066701217352,0.0
3384,adam,4.395267649479251e-05,0.0002640829689553978,0.0
3385,adam,4.393192303801199e-05,0.0002638224143052751,0.0
3386,adam,4.3910786654862064e-05,0.000272891034893987,0.0
3387,adam,4.3889972851059374e-05,0.0002783021114096328,0.0
3388,adam,4.3869251991737254e-05,0.0002927929176810031,0.0
3389,adam,4.3848848734515114e-05,0.0003008349063921608,0.0
3390,adam,4.38279670984571e-05,0.0003231644778949559,0.0
3391,adam,4.380717787492026e-05,0.00033667520283453474,0.0
3392,adam,4.3786672331375635e-05,0.00037387320805356086,0.0
3393,adam,4.376628485398752e-05,0.0003991809634481597,0.0
3394,adam,4.3745607647722154e-05,0.0004561384527675439,0.0
3395,adam,4.372511256460338e-05,0.0005088282815423138,0.0
3396,adam,4.370485204361969e-05,0.0006019733342022495,0.0
3397,adam,4.368517595160855e-05,0.0006872993467086491,0.0
3398,adam,4.36646823761108e-05,0.0008233321487291776,0.0
3399,adam,4.3645745961702815e-05,0.0009675533615716913,0.0
3400,adam,4.3626527840867374e-05,0.0011787590828188147,0.0
3401,adam,4.3608854669447105e-05,0.0014142546722323507,0.0
3402,adam,4.359194238559355e-05,0.00173919367445922,0.0
3403,adam,4.357748504700763e-05,0.002124343603656539,0.0
3404,adam,4.3566098404967886e-05,0.002641727894441357,0.0
3405,adam,4.3559579810574276e-05,0.003268644352710707,0.0
3406,adam,4.356164125071882e-05,0.004098116072981646,0.0
3407,adam,4.357728726119678e-05,0.005132525540038095,0.0
3408,adam,4.361517327624587e-05,0.0064907182072585,0.0
3409,adam,4.368947780850167e-05,0.008211554913628447,0.0
3410,adam,4.382466055925622e-05,0.010466623014415906,0.0
3411,adam,4.4062401712466676e-05,0.013366265533702815,0.0
3412,adam,4.447127340888893e-05,0.017171934510806557,0.0
3413,adam,4.517341280571051e-05,0.02211330718333844,0.0
3414,adam,4.637495473164395e-05,0.028617287234413844,0.0
3415,adam,4.843687995688913e-05,0.037134342836322776,0.0
3416,adam,5.1982200320134766e-05,0.04838768929625423,0.0
3417,adam,5.811572538229112e-05,0.06321693597769759,0.0
3418,adam,6.872396291681914e-05,0.08285580652407845,0.0
3419,adam,8.71702367548999e-05,0.10876794442078927,0.0
3420,adam,0.00011897945200072331,0.142925896775085,0.0
3421,adam,0.00017371138380478676,0.1874669319104646,0.0
3422,adam,0.0002649970617713042,0.2446702041270585,0.0
3423,adam,0.0004127604125744284,0.3155827300905487,0.0
3424,adam,0.0006295140833771611,0.39835847048250034,0.0
3425,adam,0.000909035166528238,0.48401112475323615,0.0
3426,adam,0.0011625274053590619,0.5529290731430481,0.0
3427,adam,0.0012430422434100495,0.5753365229165105,0.0
3428,adam,0.001007661529618149,0.5244456342031011,0.0
3429,adam,0.0005614295508078184,0.401963639907065,0.0
3430,adam,0.00022516505586209359,0.2699537965401657,0.0
3431,adam,0.0002177364880930644,0.2562502435753089,0.0
3432,adam,0.0004374887602930431,0.33813325830979346,0.0
3433,adam,0.0005743979428070753,0.3799202535553882,0.0
3434,adam,0.0004605236512543948,0.33054749621395546,0.0
3435,adam,0.00018902288071431979,0.1939047697562928,0.0
3436,adam,4.6521698665353514e-05,0.02373100062246238,0.0
3437,adam,0.00013838204516693702,0.1598613404428866,0.0
3438,adam,0.0003013196149961634,0.263982131764719,0.0
3439,adam,0.00033099473488424497,0.2804621153304781,0.0
3440,adam,0.00020301600020086207,0.21800676926613072,0.0
3441,adam,9.024780309070253e-05,0.13656187222612928,0.0
3442,adam,0.00010790740589748053,0.14887074909042977,0.0
3443,adam,0.00019287684659849953,0.20541921256529266,0.0
3444,adam,0.000210723852118077,0.21222050948416019,0.0
3445,adam,0.0001320808651842994,0.1539644342914725,0.0
3446,adam,5.337409014000026e-05,0.05194274016959807,0.0
3447,adam,5.711876982260012e-05,0.05891516420729282,0.0
3448,adam,0.00011433789251415023,0.13618283849011623,0.0
3449,adam,0.00014027864989236359,0.16047940082495837,0.0
3450,adam,0.00010593623076511331,0.13276071687244545,0.0
3451,adam,6.264954641563622e-05,0.08388485618428668,0.0
3452,adam,6.24899708887114e-05,0.08513230113179376,0.0
3453,adam,9.397243812038954e-05,0.12344065217856204,0.0
3454,adam,0.00010860596708158692,0.1362725068666936,0.0
3455,adam,8.572161527085266e-05,0.11079522059688442,0.0
3456,adam,5.452066112378355e-05,0.061314439314734036,0.0
3457,adam,4.8181596308656714e-05,0.04091244816918498,0.0
3458,adam,6.459152382523908e-05,0.07483712304926425,0.0
3459,adam,7.574090529293414e-05,0.09127194224262973,0.0
3460,adam,6.617119110940417e-05,0.07661171332491638,0.0
3461,adam,4.927905616536088e-05,0.040161206028382454,0.0
3462,adam,4.5214451890443784e-05,0.027061035787749724,0.0
3463,adam,5.5610049421716615e-05,0.05966881995419994,0.0
3464,adam,6.493405603593805e-05,0.07797240057485351,0.0
3465,adam,6.191110337640673e-05,0.0735769231903185,0.0
3466,adam,5.179699874075302e-05,0.05359242424217138,0.0
3467,adam,4.695316389309992e-05,0.04052568934308046,0.0
3468,adam,5.101261637557045e-05,0.05137475528616184,0.0
3469,adam,5.6459897305774384e-05,0.06297145362112927,0.0
3470,adam,5.546987327077612e-05,0.060251093054859844,0.0
3471,adam,4.919679906375965e-05,0.043739089804522666,0.0
3472,adam,4.457536639373409e-05,0.025122880425533702,0.0
3473,adam,4.545539032372903e-05,0.027968329409636464,0.0
3474,adam,4.880795958170062e-05,0.03974977754785265,0.0
3475,adam,4.955223639600434e-05,0.04155004468675179,0.0
3476,adam,4.667264989536916e-05,0.03104561338601828,0.0
3477,adam,4.351787104044085e-05,0.01210137480989065,0.0
3478,adam,4.3219822083555364e-05,0.008598171658766009,0.0
3479,adam,4.524500125962682e-05,0.024570660334589066,0.0
3480,adam,4.669330783651474e-05,0.031568922984488566,0.0
3481,adam,4.5925782793877914e-05,0.028721199351887435,0.0
3482,adam,4.406304703354926e-05,0.01921768208690963,0.0
3483,adam,4.322514299095447e-05,0.013400675584282672,0.0
3484,adam,4.404444324730796e-05,0.02045682622109213,0.0
3485,adam,4.5285205728501364e-05,0.02763340790210145,0.0
3486,adam,4.553416091647017e-05,0.02924307312760803,0.0
3487,adam,4.470449612423527e-05,0.02585922077345756,0.0
3488,adam,4.387862627387096e-05,0.02211518108161975,0.0
3489,adam,4.394186168645728e-05,0.023171730978357816,0.0
3490,adam,4.472614801093857e-05,0.027878950806393812,0.0
3491,adam,4.539798803575681e-05,0.031542053723442744,0.0
3492,adam,4.5454623423622e-05,0.032647635361315576,0.0
3493,adam,4.517192091882304e-05,0.03252841174211783,0.0
3494,adam,4.519741760014478e-05,0.03392353625826314,0.0
3495,adam,4.5858200003560975e-05,0.037759472491353634,0.0
3496,adam,4.694484773830156e-05,0.04296422700329419,0.0
3497,adam,4.8072573806112945e-05,0.04813600481783054,0.0
3498,adam,4.917708605774572e-05,0.05333302764889866,0.0
3499,adam,5.0598145987443155e-05,0.05944122801677525,0.0
3500,adam,5.284144295482385e-05,0.06748471277641274,0.0
3501,adam,5.625709747067602e-05,0.07769541451337683,0.0
3502,adam,6.106576684253705e-05,0.09008568221149883,0.0
3503,adam,6.758602007071653e-05,0.10472203412844108,0.0
3504,adam,7.65975162770831e-05,0.12222950662195589,0.0
3505,adam,8.937651884685863e-05,0.14345709041964624,0.0
3506,adam,0.00010788336506373755,0.16939408073699044,0.0
3507,adam,0.0001345989672897067,0.20100417721247724,0.0
3508,adam,0.00017330451456274955,0.23938469660640474,0.0
3509,adam,0.00022888026878941552,0.28580876613010653,0.0
3510,adam,0.0003092438055988601,0.34171478762538215,0.0
3511,adam,0.00042358632087771263,0.4086743778482564,0.0
3512,adam,0.000585960108640147,0.48756610315736604,0.0
3513,adam,0.0008073694039130524,0.5788624345489635,0.0
3514,adam,0.0011016163672001125,0.6802145112658897,0.0
3515,adam,0.00145756545283364,0.7870573738362961,0.0
3516,adam,0.0018507499982199258,0.887941713614997,0.0
3517,adam,0.0021809885133899434,0.9667010915535725,0.0
3518,adam,0.0023373241761654325,0.9987746300756178,0.0
3519,adam,0.0021606060188290323,0.9602814770370882,0.0
3520,adam,0.001647707479458701,0.8334247473378861,0.0
3521,adam,0.0009316242568061069,0.6198017223945856,0.0
3522,adam,0.00031866565880760123,0.34336151513031166,0.0
3523,adam,5.050228902464532e-05,0.04735049876370441,0.0
3524,adam,0.0001685774872500249,0.2313187045721862,0.0
3525,adam,0.0004997929093753611,0.44303975717313826,0.0
3526,adam,0.0007808707187510089,0.563146737037281,0.0
3527,adam,0.0008237587566241311,0.5786213969933566,0.0
3528,adam,0.0006053748104383073,0.4908022705075889,0.0
3529,adam,0.0002873117933508317,0.3226428651096623,0.0
3530,adam,7.345508477687562e-05,0.11061145327966383,0.0
3531,adam,6.932633272465076e-05,0.101887242959594,0.0
3532,adam,0.0002185468936581523,0.27263507799642533,0.0
3533,adam,0.00037065330141839185,0.3740393943836965,0.0
3534,adam,0.000403946925794837,0.39279253983960116,0.0
3535,adam,0.0003010391549297243,0.33213149027794386,0.0
3536,adam,0.0001485744927634448,0.21202845276558896,0.0
3537,adam,5.296330478725821e-05,0.06206387125335543,0.0
3538,adam,6.19255660572077e-05,0.08792518096880157,0.0
3539,adam,0.00013997746948430658,0.2031967418468038,0.0
3540,adam,0.00020995466179055393,0.26733689552472784,0.0
3541,adam,0.0002164630261182376,0.2724110432428473,0.0
3542,adam,0.00015957359152288825,0.22316065619828312,0.0
3543,adam,8.594319515185755e-05,0.13497482572462038,0.0
3544,adam,4.546759434221242e-05,0.029284964625906646,0.0
3545,adam,5.574596309118987e-05,0.07279708714211819,0.0
3546,adam,9.564065107946775e-05,0.14974119317010515,0.0
3547,adam,0.00012778354634577244,0.1903658498907462,0.0
3548,adam,0.000127984415612718,0.19052378300087605,0.0
3549,adam,9.884597532671524e-05,0.15432502871109993,0.0
3550,adam,6.323223569722321e-05,0.0925412800798695,0.0
3551,adam,4.411187164314687e-05,0.019443405188165837,0.0
3552,adam,4.90425378495906e-05,0.05011189052795835,0.0
3553,adam,6.806028923518383e-05,0.10328645968235907,0.0
3554,adam,8.394283199281891e-05,0.1324221329261689,0.0
3555,adam,8.521421226108885e-05,0.13448025557566676,0.0
3556,adam,7.233058382863966e-05,0.11217363248195192,0.0
3557,adam,5.5085729959003465e-05,0.07217104917739477,0.0
3558,adam,4.419538327337313e-05,0.023360187671134083,0.0
3559,adam,4.432645423663672e-05,0.024957135595610514,0.0
3560,adam,5.232976548777516e-05,0.0638285427661575,0.0
3561,adam,6.0819357897286394e-05,0.08796738563796087,0.0
3562,adam,6.367032340664868e-05,0.09470031182154065,0.0
3563,adam,5.9501340555102644e-05,0.08481056306446745,0.0
3564,adam,5.159616695488401e-05,0.06181841138013986,0.0
3565,adam,4.487936366436401e-05,0.03079336472424909,0.0
3566,adam,4.2641948706579564e-05,0.002143813359770904,0.0
3567,adam,4.489854564079213e-05,0.03140983850018982,0.0
3568,adam,4.907121338007319e-05,0.05279477902952594,0.0
3569,adam,5.203949790054601e-05,0.06385794412387549,0.0
3570,adam,5.203160935913176e-05,0.06389949141819218,0.0
3571,adam,4.934649968095949e-05,0.0543130879104884,0.0
3572,adam,4.572171150089824e-05,0.03742620944033787,0.0
3573,adam,4.308283494783887e-05,0.016823370575831522,0.0
3574,adam,4.24442950273593e-05,0.0045644340201582475,0.0
3575,adam,4.356427071180713e-05,0.022696257398423857,0.0
3576,adam,4.534971630264704e-05,0.03600512245167334,0.0
3577,adam,4.660562393254057e-05,0.042970458375538534,0.0
3578,adam,4.666811945674962e-05,0.04346614319199404,0.0
3579,adam,4.56132285714854e-05,0.037979130067727906,0.0
3580,adam,4.406231464101016e-05,0.02814946465463238,0.0
3581,adam,4.27569302897504e-05,0.015554017137719053,0.0
3582,adam,4.217751939862184e-05,0.0023624507529901987,0.0
3583,adam,4.2371579448410496e-05,0.01002211917024328,0.0
3584,adam,4.302617860953556e-05,0.019799557885872388,0.0
3585,adam,4.3693335542616726e-05,0.02628759945904854,0.0
3586,adam,4.401497091396603e-05,0.028942136613202735,0.0
3587,adam,4.3867015600086454e-05,0.02806638853473656,0.0
3588,adam,4.33552050446686e-05,0.024013988131619018,0.0
3589,adam,4.271920281763912e-05,0.01775671197198719,0.0
3590,adam,4.220275571525635e-05,0.01015182728831117,0.0
3591,adam,4.195138043457092e-05,0.0023157078486786644,0.0
3592,adam,4.197748089000355e-05,0.0051939180230781284,0.0
3593,adam,4.218681816733922e-05,0.01125203452969155,0.0
3594,adam,4.2435590663167245e-05,0.015647328406530003,0.0
3595,adam,4.260025795789461e-05,0.018035593546402186,0.0
3596,adam,4.261452620431727e-05,0.018499194137803786,0.0
3597,adam,4.248188745513377e-05,0.017163710090856352,0.0
3598,adam,4.225629175991687e-05,0.014423517537560776,0.0
3599,adam,4.201455838660145e-05,0.010630644530043894,0.0
3600,adam,4.18214588600767e-05,0.006345540155949664,0.0
3601,adam,4.171459093648426e-05,0.0018991697331317932,0.0
3602,adam,4.169538921623041e-05,0.0022497094672493953,0.0
3603,adam,4.17394413640649e-05,0.005813818070411715,0.0
3604,adam,4.180890506678316e-05,0.008539507859642298,0.0
3605,adam,4.18670625602256e-05,0.0103826379703413,0.0
3606,adam,4.188969427716551e-05,0.011239415932640575,0.0
3607,adam,4.186760838488193e-05,0.011256557090929768,0.0
3608,adam,4.180637522772388e-05,0.010443274325587766,0.0
3609,adam,4.172161974086951e-05,0.00906678139490631,0.0
3610,adam,4.16300059160654e-05,0.007191546156567902,0.0
3611,adam,4.154887597427836e-05,0.005097108822021595,0.0
3612,adam,4.1486609320902764e-05,0.0028671845124400215,0.0
3613,adam,4.144783819658626e-05,0.0007611019018329262,0.0
3614,adam,4.1429943092251983e-05,0.0013154314301324452,0.0
3615,adam,4.1426083522341454e-05,0.002992816359759582,0.0
3616,adam,4.142905215839269e-05,0.004404800381889492,0.0
3617,adam,4.1431875062200994e-05,0.005420140741334041,0.0
3618,adam,4.142986557983097e-05,0.006120051671195024,0.0
3619,adam,4.141927329627494e-05,0.006438549567910839,0.0
3620,adam,4.1400143157798336e-05,0.006493640833616923,0.0
3621,adam,4.137272190541329e-05,0.006237889593842396,0.0
3622,adam,4.134025472319779e-05,0.005819227221834048,0.0
3623,adam,4.130463699956526e-05,0.00518807943475335,0.0
3624,adam,4.1268207846841746e-05,0.004489786406404545,0.0
3625,adam,4.1233873747066706e-05,0.003681945334126596,0.0
3626,adam,4.120109787050033e-05,0.0028898217148258802,0.0
3627,adam,4.1172460927768004e-05,0.002062279707904398,0.0
3628,adam,4.1146505932958236e-05,0.0013091460743176052,0.0
3629,adam,4.1124075422542745e-05,0.0005811785669894524,0.0
3630,adam,4.110353875581562e-05,0.00027443609252739577,0.0
3631,adam,4.108515893282894e-05,0.0007890124414940116,0.0
3632,adam,4.106819411619613e-05,0.0012858876458475001,0.0
3633,adam,4.1051852305888955e-05,0.0017603211156455637,0.0
3634,adam,4.10363021941141e-05,0.00213724212377703,0.0
3635,adam,4.1020221304668645e-05,0.002497372835463875,0.0
3636,adam,4.1004903505995906e-05,0.00276806208325607,0.0
3637,adam,4.098902652165733e-05,0.0030379348816695737,0.0
3638,adam,4.097302699069522e-05,0.003233837290662867,0.0
3639,adam,4.095666383653977e-05,0.0034471277684463343,0.0
3640,adam,4.0940601756124325e-05,0.003606807848493837,0.0
3641,adam,4.092448615947955e-05,0.00380195267310418,0.0
3642,adam,4.090889833735341e-05,0.003960999601219915,0.0
3643,adam,4.08935938464695e-05,0.004176161029929332,0.0
3644,adam,4.087908610589283e-05,0.004373186656573625,0.0
3645,adam,4.086566855846954e-05,0.004643178476096266,0.0
3646,adam,4.08530252839941e-05,0.004914792062784686,0.0
3647,adam,4.0842645177382845e-05,0.005275971132088017,0.0
3648,adam,4.083407323168577e-05,0.0056627332864724045,0.0
3649,adam,4.082866894119185e-05,0.006169760488754714,0.0
3650,adam,4.0827497539689956e-05,0.006735400291177374,0.0
3651,adam,4.083196877571869e-05,0.00745827385138684,0.0
3652,adam,4.084423785832689e-05,0.008279944913041758,0.0
3653,adam,4.086656988380242e-05,0.009308012889411969,0.0
3654,adam,4.0903852692208086e-05,0.010500481284903898,0.0
3655,adam,4.096115435076672e-05,0.011976118454324267,0.0
3656,adam,4.104666759721013e-05,0.013710077217211195,0.0
3657,adam,4.117327776234012e-05,0.015847547478785858,0.0
3658,adam,4.135782969728294e-05,0.018390332659837975,0.0
3659,adam,4.162617231790963e-05,0.021515402969241385,0.0
3660,adam,4.201706968340132e-05,0.025274507369148182,0.0
3661,adam,4.258770015537391e-05,0.029904636623969607,0.0
3662,adam,4.3424350761673426e-05,0.03553473828451587,0.0
3663,adam,4.465924858218635e-05,0.04249713179535967,0.0
3664,adam,4.6493214114269484e-05,0.05104409778416305,0.0
3665,adam,4.9238605332250375e-05,0.061658432734267306,0.0
3666,adam,5.336992033045599e-05,0.07479717221678224,0.0
3667,adam,5.964446016975135e-05,0.09119608008372827,0.0
3668,adam,6.921886858085413e-05,0.11164861450519055,0.0
3669,adam,8.396440146427573e-05,0.1372852836320043,0.0
3670,adam,0.00010672753173584426,0.16943491279935471,0.0
3671,adam,0.0001421703174785677,0.20981933662025265,0.0
3672,adam,0.00019722729727845816,0.2605493469670756,0.0
3673,adam,0.000283269053435262,0.32405504700850174,0.0
3674,adam,0.0004160953405819062,0.4032718247254247,0.0
3675,adam,0.0006206855127550597,0.5007125807863895,0.0
3676,adam,0.0009249349381564396,0.618746797150654,0.0
3677,adam,0.0013656776975304323,0.7561960004859216,0.0
3678,adam,0.0019472880765874182,0.9081894165051122,0.0
3679,adam,0.0026402558035685565,1.0578463322212213,0.0
3680,adam,0.0032522383564737374,1.177351249406274,0.0
3681,adam,0.0035214244649989005,1.2213655421412786,0.0
3682,adam,0.003094187526680915,1.1445484244898319,0.0
3683,adam,0.002032635921758128,0.9196001409858344,0.0
3684,adam,0.0008042634397778434,0.5651110143811676,0.0
3685,adam,0.00011652897208213395,0.15861142108513118,0.0
3686,adam,0.00024408051707849402,0.2855772306389329,0.0
3687,adam,0.0008530801418083549,0.5859063751596421,0.0
3688,adam,0.001320382797232841,0.7356092422707232,0.0
3689,adam,0.0012197419358098696,0.7042720513124102,0.0
3690,adam,0.0006749090829184148,0.5106857184572694,0.0
3691,adam,0.00017399922954336862,0.21855261572757007,0.0
3692,adam,0.00011011420104499787,0.15190182895543997,0.0
3693,adam,0.00040703296450316233,0.3891408236914516,0.0
3694,adam,0.0006701762799817801,0.5136949675939708,0.0
3695,adam,0.0006167353921630277,0.4885622961514862,0.0
3696,adam,0.0003197657767963874,0.3337678440320612,0.0
3697,adam,9.053301248397763e-05,0.12106729686747242,0.0
3698,adam,0.00011439568367755343,0.1645592231163598,0.0
3699,adam,0.0002914018291239229,0.3224419713342025,0.0
3700,adam,0.00039003890537747524,0.3815879399204974,0.0
3701,adam,0.0003029537029224683,0.32807141815896645,0.0
3702,adam,0.00013696401760859356,0.19062995435242833,0.0
3703,adam,5.948016489276241e-05,0.0651142984690867,0.0
3704,adam,0.00011815402170772236,0.17472030735685343,0.0
3705,adam,0.0002130295971611991,0.26753037013428965,0.0
3706,adam,0.00022708187061637225,0.27800094523454233,0.0
3707,adam,0.00015040809146526945,0.20977185591665284,0.0
3708,adam,6.827756028962193e-05,0.09529620104010848,0.0
3709,adam,5.732333731211201e-05,0.070578527168937,0.0
3710,adam,0.00010738247368628029,0.1639684476915322,0.0
3711,adam,0.00014869878201949336,0.21126078932553868,0.0
3712,adam,0.00013440489316141844,0.19586417205699252,0.0
3713,adam,8.306927983691058e-05,0.12811921870141632,0.0
3714,adam,4.836096591149609e-05,0.04181165685562592,0.0
3715,adam,5.748002819884778e-05,0.07686228708601224,0.0
3716,adam,8.899232444124204e-05,0.13989526094122023,0.0
3717,adam,0.00010346779295610714,0.16046817192754348,0.0
3718,adam,8.595909088942257e-05,0.1352798604554971,0.0
3719,adam,5.652995279105435e-05,0.07632164448004047,0.0
3720,adam,4.352318980493495e-05,0.0200313131648999,0.0
3721,adam,5.423703037588793e-05,0.07114648707824804,0.0
3722,adam,7.162419214379225e-05,0.11178106428380061,0.0
3723,adam,7.546430056347815e-05,0.1189990387161309,0.0
3724,adam,6.267226038715864e-05,0.09354099902952379,0.0
3725,adam,4.6910597178130225e-05,0.04594417706374996,0.0
3726,adam,4.2363255882092466e-05,0.015244224848877207,0.0
3727,adam,4.997909331486979e-05,0.05912003130501511,0.0
3728,adam,5.9133634164523985e-05,0.08591811881468278,0.0
3729,adam,5.9890674746038933e-05,0.08789345864745389,0.0
3730,adam,5.2108635025316304e-05,0.06675160427669938,0.0
3731,adam,4.3703636766730366e-05,0.03064652758054582,0.0
3732,adam,4.1721002109114033e-05,0.011138062769234102,0.0
3733,adam,4.606937683512682e-05,0.044382002661894515,0.0
3734,adam,5.101040345098036e-05,0.06383021036760327,0.0
3735,adam,5.143375724533093e-05,0.0653040554770161,0.0
3736,adam,4.730430991893701e-05,0.0504598073984773,0.0
3737,adam,4.265282859124028e-05,0.024622080381936834,0.0
3738,adam,4.1223838061797864e-05,0.004671606978524305,0.0
3739,adam,4.326226574650487e-05,0.029947030836977896,0.0
3740,adam,4.6013651403391346e-05,0.045441813238669304,0.0
3741,adam,4.6697652353403674e-05,0.048735505862579076,0.0
3742,adam,4.486154685440433e-05,0.040150757156683384,0.0
3743,adam,4.2281644349344284e-05,0.023272771029722132,0.0
3744,adam,4.100636049550642e-05,0.0038653520673334156,0.0
3745,adam,4.16135791334846e-05,0.016827597334012807,0.0
3746,adam,4.305027900158436e-05,0.03009522461507884,0.0
3747,adam,4.3831218919371896e-05,0.03532414550033459,0.0
3748,adam,4.332063826144189e-05,0.03238450742569403,0.0
3749,adam,4.2046097151486736e-05,0.022739547926602106,0.0
3750,adam,4.103248482719106e-05,0.009889210756299633,0.0
3751,adam,4.0890687530338634e-05,0.006885190455556047,0.0
3752,adam,4.144106286490271e-05,0.01714845551400681,0.0
3753,adam,4.202633686980412e-05,0.023665196491172304,0.0
3754,adam,4.2114960842839114e-05,0.02472928879515732,0.0
3755,adam,4.167050154113451e-05,0.020854323417415867,0.0
3756,adam,4.106224031575315e-05,0.013505091734530078,0.0
3757,adam,4.0701690164088425e-05,0.005977357688098601,0.0
3758,adam,4.073054536949754e-05,0.0076283756875755015,0.0
3759,adam,4.098340102689692e-05,0.01344662083688101,0.0
3760,adam,4.117792822121922e-05,0.016784315404897453,0.0
3761,adam,4.114225256510691e-05,0.016756298555490715,0.0
3762,adam,4.090965880750415e-05,0.013882867794430386,0.0
3763,adam,4.064483231197777e-05,0.009196401811254617,0.0
3764,adam,4.049683245322457e-05,0.005220620976570317,0.0
3765,adam,4.050211793988984e-05,0.006179079903580201,0.0
3766,adam,4.0584646474704914e-05,0.009328076911580082,0.0
3767,adam,4.063789752036606e-05,0.011249459181124424,0.0
3768,adam,4.060290863696408e-05,0.011231553929389793,0.0
3769,adam,4.049507885712734e-05,0.009585961579763573,0.0
3770,adam,4.037790006397608e-05,0.006905834247235069,0.0
3771,adam,4.0304145122409125e-05,0.004635947524600348,0.0
3772,adam,4.028688005609591e-05,0.004586993475198093,0.0
3773,adam,4.0300692032893315e-05,0.006108173290618107,0.0
3774,adam,4.030470797971904e-05,0.0072951828099632856,0.0
3775,adam,4.0277390042233836e-05,0.007455809724261121,0.0
3776,adam,4.0221784893066645e-05,0.006679874196709191,0.0
3777,adam,4.0160464501134356e-05,0.00522062136041128,0.0
3778,adam,4.011498268604612e-05,0.003828557666198169,0.0
3779,adam,4.009249081464042e-05,0.0033405050739540873,0.0
3780,adam,4.008533873807824e-05,0.003950854021715696,0.0
3781,adam,4.007673339569973e-05,0.0046936437258321044,0.0
3782,adam,4.005557094179266e-05,0.004965032585162742,0.0
3783,adam,4.001962909787698e-05,0.004681701434844909,0.0
3784,adam,3.997757657773876e-05,0.003874367872074723,0.0
3785,adam,3.9940416498435974e-05,0.002919718439080249,0.0
3786,adam,3.991454850285842e-05,0.0022200851958900287,0.0
3787,adam,3.989916055734351e-05,0.0023381855079348886,0.0
3788,adam,3.988828435391588e-05,0.002876188487029819,0.0
3789,adam,3.987439600996817e-05,0.0033179020739589017,0.0
3790,adam,3.985322487689637e-05,0.0034232606804115028,0.0
3791,adam,3.982403849369242e-05,0.003131301068585426,0.0
3792,adam,3.979244700074649e-05,0.0025432466520888095,0.0
3793,adam,3.976188808781871e-05,0.001756309562233243,0.0
3794,adam,3.9737167806739535e-05,0.0011240363732303367,0.0
3795,adam,3.9718541266438694e-05,0.0011075693094674422,0.0
3796,adam,3.970367763151501e-05,0.001619401144810969,0.0
3797,adam,3.968936880198152e-05,0.002078593253015199,0.0
3798,adam,3.967253971137285e-05,0.0023240141432629468,0.0
3799,adam,3.965207519198428e-05,0.0023137310387852054,0.0
3800,adam,3.962794305169383e-05,0.0020588725949090645,0.0
3801,adam,3.960308133742187e-05,0.0016233157142111255,0.0
3802,adam,3.957822851524898e-05,0.0010604532295155663,0.0
3803,adam,3.9556129835120233e-05,0.0004958905048413826,0.0
3804,adam,3.9536242567426034e-05,0.00032118287278471287,0.0
3805,adam,3.951836568542325e-05,0.0007543143834231895,0.0
3806,adam,3.95015507987776e-05,0.0011418596496782507,0.0
3807,adam,3.948442073903623e-05,0.001394536917138472,0.0
3808,adam,3.946624732088818e-05,0.0015068803840724118,0.0
3809,adam,3.944693953370844e-05,0.001477137732283767,0.0
3810,adam,3.942689701158773e-05,0.0013366751085830888,0.0
3811,adam,3.9405843967424693e-05,0.0011133541945942444,0.0
3812,adam,3.9385174964637494e-05,0.0008458067353650465,0.0
3813,adam,3.9364768336272736e-05,0.0006039229117605371,0.0
3814,adam,3.9345472995147535e-05,0.00044568780958905395,0.0
3815,adam,3.9326466028025864e-05,0.0004994971606024621,0.0
3816,adam,3.930842956654258e-05,0.0006125712022276678,0.0
3817,adam,3.928991736958908e-05,0.0007536204594880621,0.0
3818,adam,3.9271836837426256e-05,0.0008275169381785468,0.0
3819,adam,3.92538169687033e-05,0.0008686039641603552,0.0
3820,adam,3.923495128132286e-05,0.0008434561279831513,0.0
3821,adam,3.921624584166473e-05,0.0007944650272331627,0.0
3822,adam,3.91976886033174e-05,0.0007206406862152208,0.0
3823,adam,3.9179172118354886e-05,0.0006414043534886535,0.0
3824,adam,3.9160270479510504e-05,0.0005904234649323475,0.0
3825,adam,3.9141644110125056e-05,0.0005528676065617858,0.0
3826,adam,3.9123215980344975e-05,0.0005833466377283194,0.0
3827,adam,3.9104972331906414e-05,0.0005994525636876847,0.0
3828,adam,3.908710360866109e-05,0.0006608422428560396,0.0
3829,adam,3.9069144930673624e-05,0.0006745109819465944,0.0
3830,adam,3.9050563652031354e-05,0.0007141993926114532,0.0
3831,adam,3.903266630301785e-05,0.000696454818123965,0.0
3832,adam,3.9014643356450894e-05,0.0007008493123384875,0.0
3833,adam,3.899648245858789e-05,0.0006510429444605961,0.0
3834,adam,3.897821638170173e-05,0.0006316280167407448,0.0
3835,adam,3.895996077407761e-05,0.0005653323216038266,0.0
3836,adam,3.8942255712974207e-05,0.0005302364269921851,0.0
3837,adam,3.892439511411288e-05,0.0004569498486561254,0.0
3838,adam,3.890629748121709e-05,0.0004236055607149332,0.0
3839,adam,3.888855102056655e-05,0.0003636800788675335,0.0
3840,adam,3.88705096353464e-05,0.0003451371374951977,0.0
3841,adam,3.885277945862564e-05,0.0003028062027289528,0.0
3842,adam,3.8834944486099506e-05,0.00029732400754483315,0.0
3843,adam,3.881723581549993e-05,0.00027694170363588936,0.0
3844,adam,3.879965369525534e-05,0.0002846999346130719,0.0
3845,adam,3.8781870384810714e-05,0.00028443478553301355,0.0
3846,adam,3.876435567852283e-05,0.00029912976129381946,0.0
3847,adam,3.874691166019182e-05,0.00030912496110001514,0.0
3848,adam,3.872903519779363e-05,0.0003293479373262563,0.0
3849,adam,3.8711884836733224e-05,0.00034627817876200243,0.0
3850,adam,3.869461847063561e-05,0.00037160722697504323,0.0
3851,adam,3.8676739460696465e-05,0.0003957468525675124,0.0
3852,adam,3.865971430099189e-05,0.0004318787906531852,0.0
3853,adam,3.864253080401081e-05,0.0004656158354271068,0.0
3854,adam,3.8625033885418604e-05,0.0005194823310131323,0.0
3855,adam,3.860832279989786e-05,0.0005741421684119978,0.0
3856,adam,3.859117168464045e-05,0.0006566860145644297,0.0
3857,adam,3.857457011781914e-05,0.0007427667055746415,0.0
3858,adam,3.855789666376311e-05,0.0008699046595209307,0.0
3859,adam,3.854133043308836e-05,0.0010063788483337369,0.0
3860,adam,3.852600448448638e-05,0.0011972465855687186,0.0
3861,adam,3.8510801064708215e-05,0.0014120265273890823,0.0
3862,adam,3.8496896310136766e-05,0.0017099481072120786,0.0
3863,adam,3.848492679774549e-05,0.0020597538537646754,0.0
3864,adam,3.8475537837084046e-05,0.002526934025127291,0.0
3865,adam,3.847090527032136e-05,0.0030884833042907484,0.0
3866,adam,3.8472800334770916e-05,0.0038285013245128344,0.0
3867,adam,3.848534662231772e-05,0.0047374281027549306,0.0
3868,adam,3.851531539389117e-05,0.005925861363439417,0.0
3869,adam,3.857306756132147e-05,0.00741619854756937,0.0
3870,adam,3.867719544791375e-05,0.009360917194993388,0.0
3871,adam,3.8855784730347855e-05,0.011829489574360882,0.0
3872,adam,3.915803673576079e-05,0.015043908654798115,0.0
3873,adam,3.966664583114779e-05,0.019170762224539235,0.0
3874,adam,4.051996665810904e-05,0.024563581366869067,0.0
3875,adam,4.195737003964551e-05,0.03155554632869087,0.0
3876,adam,4.438224363166387e-05,0.04072610933036769,0.0
3877,adam,4.850055107073124e-05,0.05270789900327946,0.0
3878,adam,5.5504573111014825e-05,0.06846874466868781,0.0
3879,adam,6.749098425471871e-05,0.0891388448531142,0.0
3880,adam,8.795168001667604e-05,0.11631034535465362,0.0
3881,adam,0.00012294236739235684,0.1518213784289352,0.0
3882,adam,0.00018189233821592533,0.19793585792539006,0.0
3883,adam,0.0002798859872724456,0.2567500227351139,0.0
3884,adam,0.00043479175660550564,0.3295261029706861,0.0
3885,adam,0.0006644989337264868,0.41453999121357793,0.0
3886,adam,0.0009557730085688176,0.5038412872045721,0.0
3887,adam,0.0012409363346143714,0.5800281383436137,0.0
3888,adam,0.0013629382646676252,0.6165440855175506,0.0
3889,adam,0.0011927825881193597,0.5920980666926268,0.0
3890,adam,0.0008198824740125694,0.5173881490766479,0.0
3891,adam,0.0005537969716578547,0.460848882668419,0.0
3892,adam,0.00066768680886104,0.5027561553006897,0.0
3893,adam,0.0010874174804982257,0.613150149527789,0.0
3894,adam,0.0015054108092239621,0.7052776324139624,0.0
3895,adam,0.0015350970799936654,0.7288229250260839,0.0
3896,adam,0.0012853055831306536,0.6921964384295358,0.0
3897,adam,0.0010332074462215267,0.6459592701063005,0.0
3898,adam,0.0010095774931164697,0.6258458799465575,0.0
3899,adam,0.0009919710040491437,0.593163539625919,0.0
3900,adam,0.0007181354356379567,0.48527155333227073,0.0
3901,adam,0.0002798613031693122,0.29150546029298907,0.0
3902,adam,5.903073263090956e-05,0.08375634855582652,0.0
3903,adam,0.00016951439845901375,0.18579164887114294,0.0
3904,adam,0.00035447502530986535,0.3103307088807397,0.0
3905,adam,0.0003850840078274641,0.3489395932401319,0.0
3906,adam,0.00032452583646442213,0.3417820028006214,0.0
3907,adam,0.0003360372395139527,0.3441889424832927,0.0
3908,adam,0.0003825137063202006,0.3471299984225694,0.0
3909,adam,0.00032273825991268365,0.30266940602347536,0.0
3910,adam,0.00015396972938710763,0.1933339063706572,0.0
3911,adam,4.904795273400342e-05,0.061355695818467566,0.0
3912,adam,8.505771805812554e-05,0.1079461438903675,0.0
3913,adam,0.00016095285475789103,0.18585412231631415,0.0
3914,adam,0.0001738594149254577,0.20948329892885356,0.0
3915,adam,0.00014720120963250506,0.20705951582375515,0.0
3916,adam,0.0001529358475795622,0.2158228921246524,0.0
3917,adam,0.00017572773375678505,0.22422377260097906,0.0
3918,adam,0.0001534878746459797,0.19810870234584324,0.0
3919,adam,8.741906825011931e-05,0.1297170048869879,0.0
3920,adam,4.478874218311401e-05,0.04642340507927113,0.0
3921,adam,5.695493764403943e-05,0.06681164800184,0.0
3922,adam,8.527478538263375e-05,0.11580567299737844,0.0
3923,adam,8.95951786981657e-05,0.13073257717240294,0.0
3924,adam,8.044421797935969e-05,0.1291502949200819,0.0
3925,adam,8.484818806154766e-05,0.13523091211589805,0.0
3926,adam,9.631964411421648e-05,0.14252905917821956,0.0
3927,adam,8.983282055230774e-05,0.1301568073588832,0.0
3928,adam,6.405336063966046e-05,0.09280743037659707,0.0
3929,adam,4.4756215483629844e-05,0.04771906251616555,0.0
3930,adam,4.5768204585181606e-05,0.04164165588713425,0.0
3931,adam,5.4289211360795885e-05,0.06230333921589029,0.0
3932,adam,5.52204732638019e-05,0.06902599053490556,0.0
3933,adam,5.177696325938255e-05,0.06975767280909595,0.0
3934,adam,5.454556196576723e-05,0.07991389547771688,0.0
3935,adam,6.172711421645383e-05,0.09250292261938638,0.0
3936,adam,6.263735289870272e-05,0.09261133372942267,0.0
3937,adam,5.4465255532840873e-05,0.07644478469602999,0.0
3938,adam,4.5817273903158704e-05,0.053382112070368394,0.0
3939,adam,4.3505275537030235e-05,0.039957717767034794,0.0
3940,adam,4.468524912439953e-05,0.03907605315981929,0.0
3941,adam,4.375672723773645e-05,0.03509432431125942,0.0
3942,adam,4.120463620085397e-05,0.02741302683578852,0.0
3943,adam,4.136984605359393e-05,0.032479507627439244,0.0
3944,adam,4.487562959626395e-05,0.04674792826065653,0.0
3945,adam,4.7691043949437535e-05,0.055550989764354845,0.0
3946,adam,4.6999845172002786e-05,0.054742287097592164,0.0
3947,adam,4.458546416410516e-05,0.048698598320927974,0.0
3948,adam,4.335670365688906e-05,0.04400354520064755,0.0
3949,adam,4.3376643218834436e-05,0.041979214019598234,0.0
3950,adam,4.264747688323147e-05,0.036949977247737784,0.0
3951,adam,4.0606155336222676e-05,0.025941305818933332,0.0
3952,adam,3.887614199472952e-05,0.011040199828890556,0.0
3953,adam,3.879866149030233e-05,0.008342449043364489,0.0
3954,adam,3.97165269692257e-05,0.018281697222576433,0.0
3955,adam,4.018093263762593e-05,0.022779252612900067,0.0
3956,adam,3.990785449812499e-05,0.023042176890077242,0.0
3957,adam,3.9774238125936195e-05,0.02380444686638686,0.0
3958,adam,4.0304265065094425e-05,0.027443333443513053,0.0
3959,adam,4.095303863233399e-05,0.030766917273976346,0.0
3960,adam,4.0980747268843976e-05,0.03112055853515103,0.0
3961,adam,4.0425058331799914e-05,0.0287227337095501,0.0
3962,adam,3.9924174485973283e-05,0.02612313903137251,0.0
3963,adam,3.980822683674754e-05,0.024980304402092732,0.0
3964,adam,3.978576069096895e-05,0.02415719361189513,0.0
3965,adam,3.9476413609546555e-05,0.0215207991472742,0.0
3966,adam,3.8944924450052375e-05,0.017043674196691484,0.0
3967,adam,3.8553547549738584e-05,0.012589661970992896,0.0
3968,adam,3.846992709975309e-05,0.010757785392873986,0.0
3969,adam,3.850268905067137e-05,0.010519865962058625,0.0
3970,adam,3.840982365090822e-05,0.009092981039003658,0.0
3971,adam,3.819871745777253e-05,0.005520796116727453,0.0
3972,adam,3.806331052179963e-05,0.0009206501349130731,0.0
3973,adam,3.8100057158832075e-05,0.004187310996787778,0.0
3974,adam,3.8206267628145576e-05,0.007324477136492637,0.0
3975,adam,3.8234112110415136e-05,0.008489895957689812,0.0
3976,adam,3.817123539531823e-05,0.008283282708759856,0.0
3977,adam,3.812493209035084e-05,0.008445232223151829,0.0
3978,adam,3.816907301708995e-05,0.00986031556617936,0.0
3979,adam,3.826359531513715e-05,0.01171690528875966,0.0
3980,adam,3.8323225205291216e-05,0.012936601118776321,0.0
3981,adam,3.832868017792417e-05,0.013607328855874895,0.0
3982,adam,3.8335368906121937e-05,0.014249411834976963,0.0
3983,adam,3.8401832406824005e-05,0.01546468576699471,0.0
3984,adam,3.852506383701407e-05,0.01707227711980915,0.0
3985,adam,3.8664012871148986e-05,0.018829937079635206,0.0
3986,adam,3.8802734819099745e-05,0.020559981096518843,0.0
3987,adam,3.89752955116885e-05,0.0226048498546569,0.0
3988,adam,3.923385312508107e-05,0.02511025416177886,0.0
3989,adam,3.9613105265926863e-05,0.028271254299673976,0.0
3990,adam,4.012542489350206e-05,0.03193652907414776,0.0
3991,adam,4.0801619438566424e-05,0.03624733741330567,0.0
3992,adam,4.1714412709957125e-05,0.04129777409975606,0.0
3993,adam,4.2991678965879785e-05,0.04745407211553978,0.0
3994,adam,4.479705959026019e-05,0.054891444093385394,0.0
3995,adam,4.735356626229239e-05,0.06396705442566349,0.0
3996,adam,5.0971073237243205e-05,0.07493633130712468,0.0
3997,adam,5.6147850627863655e-05,0.08832438016445994,0.0
3998,adam,6.36046135479798e-05,0.10462625665533219,0.0
3999,adam,7.447837737026758e-05,0.12461654263081237,0.0
4000,adam,9.036929923483915e-05,0.14908727491844065,0.0
4001,adam,0.00011382236581562352,0.179127027723898,0.0
4002,adam,0.00014838063367332354,0.21597717829755378,0.0
4003,adam,0.00019975911443282745,0.26115056102800593,0.0
4004,adam,0.00027549257804136825,0.31641518897192744,0.0
4005,adam,0.00038759628220449575,0.3834670269737553,0.0
4006,adam,0.0005496392482275853,0.46412198854522213,0.0
4007,adam,0.0007819185435446796,0.5588975949315996,0.0
4008,adam,0.0010964728050904722,0.6672880232790954,0.0
4009,adam,0.0015044974893046483,0.783971160242229,0.0
4010,adam,0.0019630611798114772,0.8993343681018275,0.0
4011,adam,0.0023985311239004144,0.9932403693190225,0.0
4012,adam,0.0026175864660700644,1.0395801147083008,0.0
4013,adam,0.0024698054950990666,1.0060452106555697,0.0
4014,adam,0.0018586414497769321,0.8709246295730361,0.0
4015,adam,0.001008544055678864,0.6335667230264915,0.0
4016,adam,0.0002942184008353784,0.3238611373170957,0.0
4017,adam,4.131105264221616e-05,0.01568347198247329,0.0
4018,adam,0.000263742675772718,0.30420885809028236,0.0
4019,adam,0.0006876969397298559,0.5173888916539758,0.0
4020,adam,0.000962448451994889,0.6165842964943363,0.0
4021,adam,0.000879081596840722,0.5878916794649406,0.0
4022,adam,0.0005213382634128122,0.4446151773514557,0.0
4023,adam,0.00016076832587534406,0.22193594905678574,0.0
4024,adam,4.269257725847712e-05,0.02636833202199756,0.0
4025,adam,0.00018492315764540045,0.24301851240134195,0.0
4026,adam,0.0004015988201858968,0.38518682538143745,0.0
4027,adam,0.0004858923512789157,0.4277320012892197,0.0
4028,adam,0.0003719503525044127,0.3694710024156598,0.0
4029,adam,0.00017164569810976612,0.2330388508876315,0.0
4030,adam,4.7581715805612053e-05,0.0568058378388933,0.0
4031,adam,7.277617313809628e-05,0.11652105730066198,0.0
4032,adam,0.0001849559012652012,0.24442419736824988,0.0
4033,adam,0.00026333473793227014,0.3036652202037165,0.0
4034,adam,0.00023964099917978275,0.28707737574717396,0.0
4035,adam,0.00014214405835457364,0.205827526135711,0.0
4036,adam,5.686200034057378e-05,0.08536157340529653,0.0
4037,adam,4.3871052669097965e-05,0.04410204912310783,0.0
4038,adam,9.325566347173135e-05,0.1492679477889181,0.0
4039,adam,0.00014671921605330628,0.2103841730293518,0.0
4040,adam,0.0001541713790141355,0.21768867567637395,0.0
4041,adam,0.00011338744100081958,0.17487389571625458,0.0
4042,adam,6.175431904294849e-05,0.09673056395038816,0.0
4043,adam,3.9017060507498354e-05,0.0049678020358752155,0.0
4044,adam,5.425267659471451e-05,0.07943626917880506,0.0
4045,adam,8.474845119117747e-05,0.13741547465018622,0.0
4046,adam,0.0001004616160914981,0.15914007389563112,0.0
4047,adam,8.903783063813019e-05,0.14388094853054012,0.0
4048,adam,6.23042188285785e-05,0.09849936806740157,0.0
4049,adam,4.1861363827122e-05,0.03635971251997624,0.0
4050,adam,4.0446473590882465e-05,0.027516958506932417,0.0
4051,adam,5.376123313056305e-05,0.07913818966795357,0.0
4052,adam,6.723757294414145e-05,0.10871033567733122,0.0
4053,adam,6.92419085007884e-05,0.1125187739033776,0.0
4054,adam,5.9159726089011e-05,0.09238164874430474,0.0
4055,adam,4.5748931327399325e-05,0.05501868379083756,0.0
4056,adam,3.860060321562653e-05,0.010119893201217483,0.0
4057,adam,4.0892603369309343e-05,0.03255206847736761,0.0
4058,adam,4.8328877976598056e-05,0.06433676376532799,0.0
4059,adam,5.379384577508951e-05,0.07994407591313146,0.0
4060,adam,5.3091299881557985e-05,0.07824190935686973,0.0
4061,adam,4.730258451372254e-05,0.06122744467936991,0.0
4062,adam,4.096784420395022e-05,0.034084993952943864,0.0
4063,adam,3.813811890841024e-05,0.0030502684925312793,0.0
4064,adam,3.966838713212821e-05,0.02549031506974875,0.0
4065,adam,4.328815615829258e-05,0.04643993292069547,0.0
4066,adam,4.580098870348334e-05,0.05657233750558678,0.0
4067,adam,4.543633786007675e-05,0.055386090146276,0.0
4068,adam,4.270792179809495e-05,0.044235320005352456,0.0
4069,adam,3.9603388587414775e-05,0.02631982806240605,0.0
4070,adam,3.796904502417898e-05,0.005584746818268044,0.0
4071,adam,3.835779204464638e-05,0.014244019190035859,0.0
4072,adam,3.995145950110928e-05,0.029572855488654612,0.0
4073,adam,4.136377898968649e-05,0.03827653164986087,0.0
4074,adam,4.161735742623358e-05,0.039809634354385406,0.0
4075,adam,4.0646327446687214e-05,0.03454085613539303,0.0
4076,adam,3.9145728755249796e-05,0.024223757993537615,0.0
4077,adam,3.799089665015153e-05,0.010985215830429442,0.0
4078,adam,3.7688379014969145e-05,0.0026486624253625624,0.0
4079,adam,3.8157717137522035e-05,0.01455041493576195,0.0
4080,adam,3.890346573051786e-05,0.02296912848099416,0.0
4081,adam,3.938240126932095e-05,0.027145370237918853,0.0
4082,adam,3.9315694519641056e-05,0.026792709902890777,0.0
4083,adam,3.878459097191795e-05,0.02258884083709386,0.0
4084,adam,3.810788542024801e-05,0.015490746474723711,0.0
4085,adam,3.7618337428799804e-05,0.006955745916162505,0.0
4086,adam,3.7486467121999616e-05,0.0018567390062030672,0.0
4087,adam,3.766747750081487e-05,0.00935023873425398,0.0
4088,adam,3.7971187563807306e-05,0.014925707848465187,0.0
4089,adam,3.8188361292376626e-05,0.01792759478199624,0.0
4090,adam,3.819791873089911e-05,0.018308942917720093,0.0
4091,adam,3.8005473546597706e-05,0.016252119079811465,0.0
4092,adam,3.771291062980264e-05,0.012383102908016017,0.0
4093,adam,3.745041167245813e-05,0.0072954446475751505,0.0
4094,adam,3.73074625563196e-05,0.0018925948866951885,0.0
4095,adam,3.730344036844481e-05,0.003292412804367224,0.0
4096,adam,3.739291304454837e-05,0.007493927619431692,0.0
4097,adam,3.749968301618673e-05,0.010455165899144308,0.0
4098,adam,3.755771686582026e-05,0.011889283588525803,0.0
4099,adam,3.753609286101353e-05,0.011897622406068255,0.0
4100,adam,3.744387263928047e-05,0.010556978988702339,0.0
4101,adam,3.7318275175301725e-05,0.008274521975063084,0.0
4102,adam,3.7201364168118084e-05,0.005294357119532825,0.0
4103,adam,3.7124104295690146e-05,0.002128013950058948,0.0
4104,adam,3.709596036597977e-05,0.0010539441341913885,0.0
4105,adam,3.71066693231382e-05,0.0036930274061272848,0.0
4106,adam,3.7134174711737205e-05,0.005779916631346768,0.0
4107,adam,3.715540276156068e-05,0.007068099877777432,0.0
4108,adam,3.71549231921414e-05,0.007623576637558249,0.0
4109,adam,3.7127990345638435e-05,0.007390006913358241,0.0
4110,adam,3.708021075326873e-05,0.006572964042086904,0.0
4111,adam,3.702347513969125e-05,0.00523020701182382,0.0
4112,adam,3.696980995346668e-05,0.003626747165490366,0.0
4113,adam,3.692775236992235e-05,0.0018473406979537998,0.0
4114,adam,3.6900424156303615e-05,0.0002746989600381563,0.0
4115,adam,3.6887192884201254e-05,0.0014950620702119267,0.0
4116,adam,3.6881780668872206e-05,0.0027648503386445028,0.0
4117,adam,3.6878791855266194e-05,0.0037633632819337472,0.0
4118,adam,3.687246579151474e-05,0.0043586458096225794,0.0
4119,adam,3.6859771002073194e-05,0.0046404890346149206,0.0
4120,adam,3.684014132469269e-05,0.004548439145486421,0.0
4121,adam,3.681443067183533e-05,0.004219109163593362,0.0
4122,adam,3.678542749072012e-05,0.0036221377812020897,0.0
4123,adam,3.675620818071145e-05,0.0029141177395667233,0.0
4124,adam,3.672823391700012e-05,0.0020714960813786915,0.0
4125,adam,3.670373654536509e-05,0.0012469778387127236,0.0
4126,adam,3.668230685453474e-05,0.00043685644658676486,0.0
4127,adam,3.666482647405566e-05,0.0004406363618825937,0.0
4128,adam,3.6649247055371475e-05,0.0010930191578672783,0.0
4129,adam,3.663562184515658e-05,0.0016169764329067497,0.0
4130,adam,3.662175362750554e-05,0.0020604131939943116,0.0
4131,adam,3.660749758607582e-05,0.0023369930734627197,0.0
4132,adam,3.6592296551146234e-05,0.0025340634699196596,0.0
4133,adam,3.657555840805124e-05,0.0025783178483657176,0.0
4134,adam,3.6557846880012605e-05,0.002571502263789506,0.0
4135,adam,3.653958888926229e-05,0.0024402602439849916,0.0
4136,adam,3.652034940619084e-05,0.0022910095779646216,0.0
4137,adam,3.650072110942542e-05,0.002051574786505028,0.0
4138,adam,3.648146052294681e-05,0.0018238668464065726,0.0
4139,adam,3.6462351413229134e-05,0.0015374990779268678,0.0
4140,adam,3.6443720914510525e-05,0.0012854371395869895,0.0
4141,adam,3.6425230950473485e-05,0.0009977927505391273,0.0
4142,adam,3.640706645901512e-05,0.0007647657435637427,0.0
4143,adam,3.6389603685935917e-05,0.000517004043118588,0.0
4144,adam,3.63725097260219e-05,0.000345705633161081,0.0
4145,adam,3.635541950049974e-05,0.000220911395491147,0.0
4146,adam,3.633886827802178e-05,0.0002473123226677957,0.0
4147,adam,3.63221060934387e-05,0.0003697551524296531,0.0
4148,adam,3.630632217007042e-05,0.00047737664743545204,0.0
4149,adam,3.628976489139034e-05,0.0006163344884703302,0.0
4150,adam,3.6273421627753635e-05,0.0007076451101858229,0.0
4151,adam,3.625728664818894e-05,0.0008320801241377653,0.0
4152,adam,3.624113823084704e-05,0.000912011989685557,0.0
4153,adam,3.622515003239466e-05,0.0010257763035962373,0.0
4154,adam,3.620921456474388e-05,0.0010972886630953589,0.0
4155,adam,3.619340438925114e-05,0.001212452420919897,0.0
4156,adam,3.617785660531452e-05,0.0012947273546297271,0.0
4157,adam,3.616198984296834e-05,0.001427050545112929,0.0
4158,adam,3.614668231003275e-05,0.001534505388999167,0.0
4159,adam,3.6131611777913495e-05,0.0017008834925171972,0.0
4160,adam,3.6116792762239865e-05,0.0018519752663891627,0.0
4161,adam,3.610242247051262e-05,0.0020715550454029285,0.0
4162,adam,3.6089135078205063e-05,0.002288624246074343,0.0
4163,adam,3.607624619617218e-05,0.002586867440949326,0.0
4164,adam,3.606448183665998e-05,0.0028976955346916413,0.0
4165,adam,3.6054336976268535e-05,0.0033111865675394063,0.0
4166,adam,3.604633780519112e-05,0.0037635712079526627,0.0
4167,adam,3.604125428324563e-05,0.004348343051532349,0.0
4168,adam,3.604063923008335e-05,0.005010932037190182,0.0
4169,adam,3.604636467271726e-05,0.005855074941624911,0.0
4170,adam,3.6061215296367254e-05,0.006834959670159814,0.0
4171,adam,3.608847578997589e-05,0.008064006839359742,0.0
4172,adam,3.613491691562744e-05,0.009517633157310907,0.0
4173,adam,3.620969058855113e-05,0.011338680891456964,0.0
4174,adam,3.6326860799572536e-05,0.0135349813621712,0.0
4175,adam,3.650718617580326e-05,0.01628582396359599,0.0
4176,adam,3.6784314900248e-05,0.019651323743865887,0.0
4177,adam,3.7209000417683685e-05,0.023874140799403504,0.0
4178,adam,3.786205228649372e-05,0.029096361415825948,0.0
4179,adam,3.8868742849522144e-05,0.035670053410654975,0.0
4180,adam,4.042914631904785e-05,0.043881140099586095,0.0
4181,adam,4.2864667838230424e-05,0.054265346384442116,0.0
4182,adam,4.668528685014656e-05,0.06735725785038296,0.0
4183,adam,5.273144845891434e-05,0.08399726717050494,0.0
4184,adam,6.234012850261968e-05,0.10513303121614627,0.0
4185,adam,7.774260263643212e-05,0.13211393938942395,0.0
4186,adam,0.00010248639577623815,0.1665751982181437,0.0
4187,adam,0.00014255779892047142,0.21065305569547546,0.0
4188,adam,0.00020726789535094607,0.2670363038163452,0.0
4189,adam,0.0003123132727568776,0.3388591566027661,0.0
4190,adam,0.00048042243802260396,0.42995782918623593,0.0
4191,adam,0.0007481603399777455,0.5435886234630272,0.0
4192,adam,0.0011568654961554518,0.6826250531032063,0.0
4193,adam,0.0017583670615008995,0.8445000164179265,0.0
4194,adam,0.002542769209383369,1.0202201173792205,0.0
4195,adam,0.0034233714786625685,1.1821531669227954,0.0
4196,adam,0.004034553497590612,1.286112842734489,0.0
4197,adam,0.003961663159553435,1.2684610611689862,0.0
4198,adam,0.002881536453136089,1.0795486225967634,0.0
4199,adam,0.0013108504964417455,0.71633986793603,0.0
4200,adam,0.00020844685514407685,0.2503509034581421,0.0
4201,adam,0.0002106506063425185,0.2570311531121019,0.0
4202,adam,0.0009837380960558881,0.6188825132283018,0.0
4203,adam,0.0016080440897954578,0.7983515625002943,0.0
4204,adam,0.0014527769689204168,0.7542105142403709,0.0
4205,adam,0.00069300162924376,0.5069087451557153,0.0
4206,adam,0.00012215833911995218,0.15964222264818023,0.0
4207,adam,0.00021384574401112644,0.25684797935122317,0.0
4208,adam,0.0006712752426064196,0.5039268490025433,0.0
4209,adam,0.0008674795522425667,0.5755410423382222,0.0
4210,adam,0.0005735299328901867,0.4586417911967648,0.0
4211,adam,0.0001692705043103785,0.21405294860061636,0.0
4212,adam,9.238242189303972e-05,0.1305082562886902,0.0
4213,adam,0.0003265182847521284,0.338067521473219,0.0
4214,adam,0.0005006339637784504,0.43012071604193564,0.0
4215,adam,0.00038639928316277236,0.37079324790183715,0.0
4216,adam,0.00014704797755125338,0.1987934453286477,0.0
4217,adam,6.449314987151181e-05,0.08437935012255991,0.0
4218,adam,0.00018353857827310788,0.2388146897102952,0.0
4219,adam,0.00030097804861097416,0.32436974079930697,0.0
4220,adam,0.0002553687632115872,0.2935442504218014,0.0
4221,adam,0.00011573115812185794,0.16991694856505948,0.0
4222,adam,5.229670081384229e-05,0.05852016866893941,0.0
4223,adam,0.00011356736382658661,0.17067078951972983,0.0
4224,adam,0.00018974957900386996,0.24602112668499027,0.0
4225,adam,0.00017441019273351286,0.23293504414276756,0.0
4226,adam,9.280408330497533e-05,0.1444163749781021,0.0
4227,adam,4.5737576866579305e-05,0.04202831569811533,0.0
4228,adam,7.522549417020733e-05,0.11849001731285864,0.0
4229,adam,0.00012449853149774955,0.1852317307578393,0.0
4230,adam,0.0001240328227484521,0.18535218795300645,0.0
4231,adam,7.726344457246204e-05,0.12378171862088734,0.0
4232,adam,4.246775332044285e-05,0.03532757079119399,0.0
4233,adam,5.38317538897039e-05,0.07693952603078937,0.0
4234,adam,8.520176525997393e-05,0.13704307156133333,0.0
4235,adam,9.199654510368789e-05,0.1471274344687348,0.0
4236,adam,6.707063296605901e-05,0.10792561354480673,0.0
4237,adam,4.1868602014115045e-05,0.038556318343984056,0.0
4238,adam,4.282432692387951e-05,0.04333906999105404,0.0
4239,adam,6.146091477687305e-05,0.09708542588413205,0.0
4240,adam,7.06924766501676e-05,0.11492782611061915,0.0
4241,adam,5.954185600045024e-05,0.09370879881266188,0.0
4242,adam,4.2524893753279754e-05,0.044200752527457206,0.0
4243,adam,3.834499023048441e-05,0.016784592945703072,0.0
4244,adam,4.782339739118791e-05,0.06411136632749781,0.0
4245,adam,5.643696733342932e-05,0.08712821879489022,0.0
4246,adam,5.353601376809662e-05,0.08041549963868626,0.0
4247,adam,4.3337575841468213e-05,0.04886000495636352,0.0
4248,adam,3.740467693051145e-05,0.005345248802897539,0.0
4249,adam,4.048965409985521e-05,0.035893633682726106,0.0
4250,adam,4.672144235004138e-05,0.06167940663706764,0.0
4251,adam,4.8065304581696495e-05,0.06604843428124589,0.0
4252,adam,4.334842087443672e-05,0.049865218405056616,0.0
4253,adam,3.814067119083756e-05,0.020382736400961558,0.0
4254,adam,3.7466990335627534e-05,0.012910931657287862,0.0
4255,adam,4.064812820843698e-05,0.03824150581188846,0.0
4256,adam,4.3186907411574e-05,0.05006383332940073,0.0
4257,adam,4.2203011098002e-05,0.04599721429163724,0.0
4258,adam,3.90514436389038e-05,0.02931980923320709,0.0
4259,adam,3.702965114006774e-05,0.00752589588444476,0.0
4260,adam,3.763914586675911e-05,0.017939607220843614,0.0
4261,adam,3.946261514245192e-05,0.03287728663910781,0.0
4262,adam,4.020667134396856e-05,0.03732377969849987,0.0
4263,adam,3.9154047297219355e-05,0.03127277674099206,0.0
4264,adam,3.7512903984069596e-05,0.01774792863835706,0.0
4265,adam,3.681306518662056e-05,0.006530759686638133,0.0
4266,adam,3.735460023082687e-05,0.01678290923151998,0.0
4267,adam,3.819852700507539e-05,0.025413288240349764,0.0
4268,adam,3.8344204920030906e-05,0.026896405370340538,0.0
4269,adam,3.768639010645476e-05,0.021467561649412673,0.0
4270,adam,3.690792509174395e-05,0.012110329736373809,0.0
4271,adam,3.6651669776259545e-05,0.006979190977960721,0.0
4272,adam,3.693478311441512e-05,0.013469411258222307,0.0
4273,adam,3.72805622848804e-05,0.01860725699181849,0.0
4274,adam,3.7275277105522113e-05,0.019034351333812868,0.0
4275,adam,3.693124355119853e-05,0.0151984458314629,0.0
4276,adam,3.6571470925462626e-05,0.009159001808684404,0.0
4277,adam,3.6458792197232756e-05,0.0064572477788288184,0.0
4278,adam,3.657355763510468e-05,0.010095745020131913,0.0
4279,adam,3.669995700246875e-05,0.013177808355954262,0.0
4280,adam,3.666670262312563e-05,0.013435361044208718,0.0
4281,adam,3.649141990231236e-05,0.010935597326054702,0.0
4282,adam,3.6318600280304895e-05,0.007223716782320167,0.0
4283,adam,3.625966013213691e-05,0.005418568258957637,0.0
4284,adam,3.6300050695179244e-05,0.007323930829092665,0.0
4285,adam,3.6340616216512436e-05,0.009288556685528403,0.0
4286,adam,3.630552375596298e-05,0.00948181799636099,0.0
4287,adam,3.6204993825496136e-05,0.00797026096671931,0.0
4288,adam,3.610750529532403e-05,0.005516067696422299,0.0
4289,adam,3.606744854079102e-05,0.0041528238151220575,0.0
4290,adam,3.6079830456191395e-05,0.005171641448014329,0.0
4291,adam,3.6095703253818236e-05,0.006542093346633288,0.0
4292,adam,3.607154438728541e-05,0.006891961822190124,0.0
4293,adam,3.600681574782897e-05,0.005956464497623309,0.0
4294,adam,3.5936209053340844e-05,0.004242175903638847,0.0
4295,adam,3.5895246710999064e-05,0.0027886024343925764,0.0
4296,adam,3.589071906278026e-05,0.0032420095659816436,0.0
4297,adam,3.589925047033728e-05,0.004465201527414065,0.0
4298,adam,3.589128989015899e-05,0.00508465001272693,0.0
4299,adam,3.585520223379882e-05,0.004795549016550672,0.0
4300,adam,3.580260209817795e-05,0.0036508155364232938,0.0
4301,adam,3.5756787100653556e-05,0.002148095232283698,0.0
4302,adam,3.573257329447938e-05,0.0014093114797384715,0.0
4303,adam,3.5727361653676575e-05,0.0024154032884551304,0.0
4304,adam,3.5725769620387684e-05,0.0033932562925937377,0.0
4305,adam,3.571243780918916e-05,0.0037381380239588998,0.0
4306,adam,3.5682754630483144e-05,0.003397018724254916,0.0
4307,adam,3.564512622628897e-05,0.002461080477801661,0.0
4308,adam,3.561103215543608e-05,0.0012259335220742838,0.0
4309,adam,3.558866095046848e-05,0.00048599131360111807,0.0
4310,adam,3.557666956824911e-05,0.001495160245101892,0.0
4311,adam,3.5567615105300746e-05,0.002304886420419608,0.0
4312,adam,3.5554319684485805e-05,0.0026445470583036207,0.0
4313,adam,3.553312902261915e-05,0.002516197043092858,0.0
4314,adam,3.550672062286531e-05,0.0019737734950178204,0.0
4315,adam,3.547964368315943e-05,0.0011840592155210221,0.0
4316,adam,3.545677480631626e-05,0.000406729337458915,0.0
4317,adam,3.543893720786299e-05,0.0007064102318360984,0.0
4318,adam,3.54249302645607e-05,0.0013353497386616006,0.0
4319,adam,3.5410095679517655e-05,0.0016972424434003443,0.0
4320,adam,3.53937748756482e-05,0.001788216608086888,0.0
4321,adam,3.537398180593179e-05,0.0015994226102876226,0.0
4322,adam,3.535267874006234e-05,0.0012318897801029732,0.0
4323,adam,3.5332019082374115e-05,0.0008083607781774786,0.0
4324,adam,3.5312505319903085e-05,0.0005673655846286199,0.0
4325,adam,3.529521652757433e-05,0.0007547905757437016,0.0
4326,adam,3.527893359182464e-05,0.0009929991185503642,0.0
4327,adam,3.5262244395060595e-05,0.0011611874154782115,0.0
4328,adam,3.524553297613991e-05,0.001154259620839041,0.0
4329,adam,3.5227584786931695e-05,0.001039328692096395,0.0
4330,adam,3.5209149630127334e-05,0.0008363688216013914,0.0
4331,adam,3.519065392822012e-05,0.0006503334650507527,0.0
4332,adam,3.517340809657965e-05,0.0006100562974828448,0.0
4333,adam,3.51558398550325e-05,0.0006671292103094359,0.0
4334,adam,3.513915438324427e-05,0.0007980114979906269,0.0
4335,adam,3.512215117019975e-05,0.0008360722580364666,0.0
4336,adam,3.510505268564542e-05,0.0008343284358768013,0.0
4337,adam,3.508813311257499e-05,0.0007231155697668574,0.0
4338,adam,3.5070751853167494e-05,0.0005916089680894311,0.0
4339,adam,3.505316596067598e-05,0.0004468904208599394,0.0
4340,adam,3.503635477012408e-05,0.0003895690103861185,0.0
4341,adam,3.501983378548829e-05,0.00046752760360010184,0.0
4342,adam,3.500311623590262e-05,0.0005537911074559426,0.0
4343,adam,3.498683737626554e-05,0.0006619276001819665,0.0
4344,adam,3.497033518431827e-05,0.0006778874204686383,0.0
4345,adam,3.495375250190562e-05,0.0006766239871137067,0.0
4346,adam,3.493686871060731e-05,0.0005844475998841452,0.0
4347,adam,3.4920176361685846e-05,0.0004943276074094911,0.0
4348,adam,3.4903518234904095e-05,0.0003514622992939123,0.0
4349,adam,3.4886863836923065e-05,0.00025339893354067185,0.0
4350,adam,3.4870428622927885e-05,0.00021394637769794357,0.0
4351,adam,3.485428911984039e-05,0.0002616990002298016,0.0
4352,adam,3.4837898356004975e-05,0.00035882864310474405,0.0
4353,adam,3.4821891877985294e-05,0.00040680930306697424,0.0
4354,adam,3.480559670772333e-05,0.00046091757764925274,0.0
4355,adam,3.4789542371294125e-05,0.00044751814294268096,0.0
4356,adam,3.477348732598351e-05,0.0004423929452516138,0.0
4357,adam,3.475688807160808e-05,0.0003789841165034875,0.0
4358,adam,3.474092568722589e-05,0.00033762653626680613,0.0
4359,adam,3.4725177793466815e-05,0.0002660942162025528,0.0
4360,adam,3.470882972932036e-05,0.00023995868304821824,0.0
4361,adam,3.469306838787845e-05,0.0002202283222714704,0.0
4362,adam,3.46769602741443e-05,0.00023368023059840276,0.0
4363,adam,3.466103228693995e-05,0.00026182455519059426,0.0
4364,adam,3.4645576360279576e-05,0.00027721245868517013,0.0
4365,adam,3.4629847939037964e-05,0.0003018729377616358,0.0
4366,adam,3.461381483594892e-05,0.00029462666554410706,0.0
4367,adam,3.459805317330535e-05,0.0002957980570392435,0.0
4368,adam,3.4582469264365825e-05,0.00026873699415204264,0.0
4369,adam,3.456629974832137e-05,0.00026034294364163233,0.0
4370,adam,3.4550734069399626e-05,0.00023231758307450787,0.0
4371,adam,3.453510644822673e-05,0.00022322690071876138,0.0
4372,adam,3.451945221673598e-05,0.00020631245713139909,0.0
4373,adam,3.4504174185037454e-05,0.00020729078683759923,0.0
4374,adam,3.4488328384393475e-05,0.00020970423422562616,0.0
4375,adam,3.447281994015433e-05,0.00021941797318312853,0.0
4376,adam,3.445741433294988e-05,0.0002326600739963966,0.0
4377,adam,3.444182858682783e-05,0.00023782736484076285,0.0
4378,adam,3.442650156544703e-05,0.0002488167162035667,0.0
4379,adam,3.4410657196442466e-05,0.0002470464535888388,0.0
4380,adam,3.4395438465399403e-05,0.0002522300152260591,0.0
4381,adam,3.4380317123347126e-05,0.0002475549915646251,0.0
4382,adam,3.4364848939285784e-05,0.00024919419890696647,0.0
4383,adam,3.43489798427195e-05,0.00024524321386121186,0.0
4384,adam,3.4334111396862194e-05,0.00024549951158359335,0.0
4385,adam,3.431870620985526e-05,0.00025072089552398587,0.0
4386,adam,3.430361414938918e-05,0.0002550604667400869,0.0
4387,adam,3.428845711482361e-05,0.0002766765879226841,0.0
4388,adam,3.427316700933414e-05,0.00029166146847586273,0.0
4389,adam,3.425799351818336e-05,0.0003315737762472661,0.0
4390,adam,3.424304222491261e-05,0.00036034901318001734,0.0
4391,adam,3.422817352416709e-05,0.0004191231024500529,0.0
4392,adam,3.421327023433882e-05,0.0004646460144804448,0.0
4393,adam,3.4198332282506435e-05,0.0005484724500591004,0.0
4394,adam,3.4183470256909396e-05,0.0006250219354937157,0.0
4395,adam,3.416880109081562e-05,0.0007507517752475708,0.0
4396,adam,3.415469868559537e-05,0.0008818196044227272,0.0
4397,adam,3.41410549112684e-05,0.0010766195940062325,0.0
4398,adam,3.4128396470896914e-05,0.0012881310801579854,0.0
4399,adam,3.411620531347309e-05,0.001579059034165605,0.0
4400,adam,3.410559510710777e-05,0.0019124011405068407,0.0
4401,adam,3.4097801254330445e-05,0.002361025800988403,0.0
4402,adam,3.4093734963073407e-05,0.0028964694029066217,0.0
4403,adam,3.409583525805129e-05,0.003601726653109117,0.0
4404,adam,3.41073648969945e-05,0.004467517647992328,0.0
4405,adam,3.413482051442272e-05,0.005600707300793493,0.0
4406,adam,3.418759958843781e-05,0.007019751535653671,0.0
4407,adam,3.4282341952116764e-05,0.008870073148293628,0.0
4408,adam,3.444561936609166e-05,0.011221175183150635,0.0
4409,adam,3.472277691653654e-05,0.014286417945485854,0.0
4410,adam,3.5190634131213557e-05,0.01822930288171641,0.0
4411,adam,3.597883444189243e-05,0.023387663178697414,0.0
4412,adam,3.731177680886144e-05,0.0300876843230598,0.0
4413,adam,3.9568541140054246e-05,0.03888267895479663,0.0
4414,adam,4.3415572256601416e-05,0.05038785308029302,0.0
4415,adam,4.998273690663525e-05,0.0655395423710646,0.0
4416,adam,6.126774293068581e-05,0.08543919821853115,0.0
4417,adam,8.060641356578938e-05,0.1116458382060484,0.0
4418,adam,0.00011386693172326141,0.14596966368834777,0.0
4419,adam,0.0001701896233819764,0.19068539293415132,0.0
4420,adam,0.0002646704802825137,0.24792494420581176,0.0
4421,adam,0.00041529965157510013,0.31920281616795015,0.0
4422,adam,0.0006426556255287085,0.4030753110729941,0.0
4423,adam,0.0009359080956532547,0.4922926461265282,0.0
4424,adam,0.0012355997726529171,0.569420374099212,0.0
4425,adam,0.0013733712608945663,0.606752400692367,0.0
4426,adam,0.0012059883403350785,0.5778447611943748,0.0
4427,adam,0.0007838311214850536,0.4839320425410223,0.0
4428,adam,0.0004246982264308716,0.38578729030209574,0.0
4429,adam,0.0004305319550245473,0.39064991283999106,0.0
4430,adam,0.0007535733964368799,0.48696054185008636,0.0
4431,adam,0.0010819529760024461,0.5664788602935288,0.0
4432,adam,0.0010605960252992527,0.5700565652869616,0.0
4433,adam,0.0007761755437844029,0.5057743301505774,0.0
4434,adam,0.0005196168826965125,0.43886684711151785,0.0
4435,adam,0.0005295319279913084,0.4344433788139604,0.0
4436,adam,0.0006382960909135795,0.45173377520257013,0.0
4437,adam,0.0005656875832790822,0.4100287233538398,0.0
4438,adam,0.0002894910874046867,0.28710567803442644,0.0
4439,adam,8.008508919685676e-05,0.13140054409293175,0.0
4440,adam,0.00010211818213425906,0.1294091654033553,0.0
4441,adam,0.00022498050702980739,0.21882898261180192,0.0
4442,adam,0.00024407646971142882,0.23937509613532695,0.0
4443,adam,0.00016047839418017188,0.20446593265800356,0.0
4444,adam,0.00012795001388621848,0.192964678370597,0.0
4445,adam,0.00020205942571378046,0.23903455691552677,0.0
4446,adam,0.00027253793957399494,0.2723242674868975,0.0
4447,adam,0.00023182926148876886,0.2503423224642802,0.0
4448,adam,0.00013383370166128566,0.188351563803005,0.0
4449,adam,8.699138443751323e-05,0.14386368577694902,0.0
4450,adam,0.0001084295919577209,0.15074641623247748,0.0
4451,adam,0.00012100297024041127,0.15191066180525742,0.0
4452,adam,8.329535595840494e-05,0.11049181656258134,0.0
4453,adam,4.2198069146227716e-05,0.044595402579249425,0.0
4454,adam,5.049992614631321e-05,0.07294185924654652,0.0
4455,adam,9.061391731968768e-05,0.13046763547207388,0.0
4456,adam,0.00010803132542714812,0.15153558764150077,0.0
4457,adam,8.955060773448647e-05,0.1382422390033977,0.0
4458,adam,7.026426020484807e-05,0.11920083522908237,0.0
4459,adam,7.563794637457856e-05,0.1216499121842184,0.0
4460,adam,8.802132430068848e-05,0.1302059519669269,0.0
4461,adam,8.070027637433703e-05,0.11867644329049143,0.0
4462,adam,5.657021469302278e-05,0.08476027054016932,0.0
4463,adam,4.137727038003865e-05,0.051638079442066206,0.0
4464,adam,4.497368709523831e-05,0.05487412655638135,0.0
4465,adam,5.233995789161279e-05,0.06710299190125794,0.0
4466,adam,4.885334988335689e-05,0.059353955860209084,0.0
4467,adam,3.955851585370256e-05,0.037398292340215175,0.0
4468,adam,3.819886305995696e-05,0.037806689432204256,0.0
4469,adam,4.631822708763984e-05,0.06231413599517815,0.0
4470,adam,5.295125477642862e-05,0.07677513293673434,0.0
4471,adam,5.09948179159479e-05,0.07499246928028024,0.0
4472,adam,4.551820809794507e-05,0.06551274422010171,0.0
4473,adam,4.444439019437838e-05,0.06255864735740237,0.0
4474,adam,4.766711582257519e-05,0.06752694695282262,0.0
4475,adam,4.87922802993856e-05,0.0682905156194298,0.0
4476,adam,4.499530975978141e-05,0.059598904793762494,0.0
4477,adam,4.0042099097069615e-05,0.046495125016155506,0.0
4478,adam,3.8470032187792094e-05,0.04033624429705873,0.0
4479,adam,3.968456964089178e-05,0.042217239288870355,0.0
4480,adam,3.9882292381697164e-05,0.041117800297339246,0.0
4481,adam,3.755980910795271e-05,0.03146371397519414,0.0
4482,adam,3.49886581906106e-05,0.01632543196452978,0.0
4483,adam,3.459311010715915e-05,0.010858929243158042,0.0
4484,adam,3.586556710179387e-05,0.020574458627005434,0.0
4485,adam,3.653986637933127e-05,0.024600509375779983,0.0
4486,adam,3.570002562782622e-05,0.020455177898684125,0.0
4487,adam,3.45858166875353e-05,0.012954186781912009,0.0
4488,adam,3.4628444205285356e-05,0.01431701452062589,0.0
4489,adam,3.564602195371901e-05,0.022169009653191834,0.0
4490,adam,3.6366648663322244e-05,0.026613141650232253,0.0
4491,adam,3.616772666048207e-05,0.026557965726116014,0.0
4492,adam,3.5672184750123505e-05,0.025280645543855444,0.0
4493,adam,3.578085041906401e-05,0.027104622661977825,0.0
4494,adam,3.655729872373559e-05,0.031637606328844034,0.0
4495,adam,3.734328338887988e-05,0.03576211587330664,0.0
4496,adam,3.768333384978225e-05,0.03803759681218722,0.0
4497,adam,3.785085936247724e-05,0.03980824588229105,0.0
4498,adam,3.84189710740626e-05,0.04290319125253127,0.0
4499,adam,3.961507510336948e-05,0.04783164703295439,0.0
4500,adam,4.119932194062715e-05,0.0536728970459614,0.0
4501,adam,4.294877679236266e-05,0.0599438584689379,0.0
4502,adam,4.503163869722725e-05,0.06695842209997334,0.0
4503,adam,4.797618595243125e-05,0.0756860429981747,0.0
4504,adam,5.2273430184814073e-05,0.08651387813860122,0.0
4505,adam,5.829365705106451e-05,0.09959661221051211,0.0
4506,adam,6.643964663983259e-05,0.11495447056597162,0.0
4507,adam,7.760892916902597e-05,0.13318190297253157,0.0
4508,adam,9.319201644853085e-05,0.15505370357698078,0.0
4509,adam,0.00011535864157118304,0.18152644080809185,0.0
4510,adam,0.00014667888797581798,0.21347207842889462,0.0
4511,adam,0.00019116152779867049,0.25185237639378516,0.0
4512,adam,0.0002535422537886983,0.2977900678650968,0.0
4513,adam,0.0003416366794220456,0.352284822875979,0.0
4514,adam,0.0004630336327577565,0.4163649840809293,0.0
4515,adam,0.0006293996729453484,0.4899886555088198,0.0
4516,adam,0.0008450543905713895,0.5724126662865302,0.0
4517,adam,0.0011150046374074599,0.6597308580783161,0.0
4518,adam,0.0014126155949146827,0.7458188862465747,0.0
4519,adam,0.00170115368137729,0.818213024641308,0.0
4520,adam,0.0018784292849288275,0.8615096951197495,0.0
4521,adam,0.0018633202668334658,0.8554801584840894,0.0
4522,adam,0.0015703514135644635,0.7844954240242529,0.0
4523,adam,0.0010678671194775144,0.6416317885326948,0.0
4524,adam,0.0005147050109722538,0.4370426301565909,0.0
4525,adam,0.00013246618876016695,0.19601620544670015,0.0
4526,adam,4.154699225975445e-05,0.04792001649186661,0.0
4527,adam,0.00020558289123253756,0.2597630804024536,0.0
4528,adam,0.0004670901106552946,0.41385119132564013,0.0
4529,adam,0.0006433123430185131,0.4911949900925599,0.0
4530,adam,0.0006308982829507763,0.48581572421926417,0.0
4531,adam,0.0004432441793738305,0.40218833878162036,0.0
4532,adam,0.000205806388932401,0.25970490263965196,0.0
4533,adam,5.486518514363469e-05,0.08705491334752935,0.0
4534,adam,5.3737944658474705e-05,0.08430816323707428,0.0
4535,adam,0.0001612684063993231,0.22309136526004783,0.0
4536,adam,0.00027684632795179135,0.30945555548232034,0.0
4537,adam,0.0003155309823160605,0.33342447422273347,0.0
4538,adam,0.0002557430762876159,0.2958997516420907,0.0
4539,adam,0.00014576592099208832,0.20974786062252423,0.0
4540,adam,5.73249707818837e-05,0.09446616930198226,0.0
4541,adam,3.655765735557233e-05,0.02628373025320107,0.0
4542,adam,7.755982541182483e-05,0.13013445980371618,0.0
4543,adam,0.00013653082652241263,0.20088574854036617,0.0
4544,adam,0.00016751838188213,0.22941498328887663,0.0
4545,adam,0.0001512009940048787,0.21491538604475377,0.0
4546,adam,0.00010297675040173745,0.16451658042257356,0.0
4547,adam,5.5380266403641824e-05,0.09042571060470583,0.0
4548,adam,3.492075879170374e-05,0.008334203101496417,0.0
4549,adam,4.613613171391624e-05,0.06730991320010055,0.0
4550,adam,7.333231159272513e-05,0.12385406870968776,0.0
4551,adam,9.440502826641493e-05,0.153929347878788,0.0
4552,adam,9.541879090821988e-05,0.1552830600791725,0.0
4553,adam,7.771005916082106e-05,0.1307728873556531,0.0
4554,adam,5.365356508285212e-05,0.08712192398132085,0.0
4555,adam,3.730714459223575e-05,0.033528159938187585,0.0
4556,adam,3.544277123366884e-05,0.020090675638033437,0.0
4557,adam,4.510530156835531e-05,0.06521705544168988,0.0
4558,adam,5.7353742724245114e-05,0.09552722160066017,0.0
4559,adam,6.362396278858486e-05,0.10778866907881979,0.0
4560,adam,6.0613580717467275e-05,0.1022624114396079,0.0
4561,adam,5.0949289266333525e-05,0.08142717913475504,0.0
4562,adam,4.059697418307499e-05,0.05039102841048604,0.0
4563,adam,3.47369052569581e-05,0.014864795890102138,0.0
4564,adam,3.5112432641631015e-05,0.019477978857998002,0.0
4565,adam,3.9793085309542853e-05,0.047445124106744216,0.0
4566,adam,4.49917506581864e-05,0.06575186441017732,0.0
4567,adam,4.74712469792845e-05,0.07300212922404219,0.0
4568,adam,4.608897952593288e-05,0.06914232878840552,0.0
4569,adam,4.197289159316811e-05,0.056270922742969014,0.0
4570,adam,3.7414166055731765e-05,0.03691455477195022,0.0
4571,adam,3.4488837861290174e-05,0.014620809164081315,0.0
4572,adam,3.406228808294531e-05,0.007455640367465244,0.0
4573,adam,3.5637275006764544e-05,0.026294943738401258,0.0
4574,adam,3.788969469898797e-05,0.04000021128667452,0.0
4575,adam,3.94697748424939e-05,0.0472763796129129,0.0
4576,adam,3.963722312651131e-05,0.04812113102461854,0.0
4577,adam,3.8450536923255286e-05,0.0430342665756101,0.0
4578,adam,3.657451838954573e-05,0.03343917912823449,0.0
4579,adam,3.4838195775526345e-05,0.020880475501657336,0.0
4580,adam,3.384766061716644e-05,0.007277874117848537,0.0
4581,adam,3.3777798516545135e-05,0.005884524141607201,0.0
4582,adam,3.439715877980585e-05,0.016991085304866375,0.0
4583,adam,3.525197309675624e-05,0.02527489468548597,0.0
4584,adam,3.58973862309048e-05,0.030041530135495924,0.0
4585,adam,3.607130770374176e-05,0.0313319481614429,0.0
4586,adam,3.574739874202884e-05,0.029335380955413947,0.0
4587,adam,3.5097978218467674e-05,0.02474232391948281,0.0
4588,adam,3.4374737335744917e-05,0.018200417902294975,0.0
4589,adam,3.38064620878127e-05,0.010690534319368452,0.0
4590,adam,3.3521484186631225e-05,0.0029094059067552307,0.0
4591,adam,3.352740493606464e-05,0.00434336939496364,0.0
4592,adam,3.373637663505323e-05,0.01051031594208673,0.0
4593,adam,3.4016735401975794e-05,0.015154088853427724,0.0
4594,adam,3.4244603346056024e-05,0.01814262547362888,0.0
4595,adam,3.4340972664031715e-05,0.01935064136137179,0.0
4596,adam,3.4284988721832555e-05,0.018989523036086257,0.0
4597,adam,3.4104582651751706e-05,0.017200259830360866,0.0
4598,adam,3.386053703114486e-05,0.014385453991882,0.0
4599,adam,3.361656487131132e-05,0.010796121631895448,0.0
4600,adam,3.342309683127426e-05,0.006878206630419849,0.0
4601,adam,3.330748765006895e-05,0.0028459405972072614,0.0
4602,adam,3.3270641229184644e-05,0.0009559583505523847,0.0
4603,adam,3.329698971603234e-05,0.0043174341864315,0.0
4604,adam,3.3357843008167964e-05,0.007059240714279926,0.0
4605,adam,3.342518323937282e-05,0.009171355804064604,0.0
4606,adam,3.3475493823644236e-05,0.010527441195805435,0.0
4607,adam,3.34954567256743e-05,0.011234141045236321,0.0
4608,adam,3.348000879993242e-05,0.01125082857655431,0.0
4609,adam,3.343477607577819e-05,0.010769988024499974,0.0
4610,adam,3.336797872557081e-05,0.009782193952998368,0.0
4611,adam,3.329154165656264e-05,0.008511844279886103,0.0
4612,adam,3.321538117170589e-05,0.006966280375957469,0.0
4613,adam,3.3147650701580407e-05,0.0053403714741684215,0.0
4614,adam,3.309297109518644e-05,0.003638420097110395,0.0
4615,adam,3.305330639562947e-05,0.0020221270040167694,0.0
4616,adam,3.302693091496937e-05,0.0004832944675602662,0.0
4617,adam,3.301249346234709e-05,0.0009782136726033967,0.0
4618,adam,3.3006150276495345e-05,0.00223438321041518,0.0
4619,adam,3.300431656898977e-05,0.0032714130111384672,0.0
4620,adam,3.3004268641783573e-05,0.0041692289520121615,0.0
4621,adam,3.300400757805358e-05,0.004843055705340029,0.0
4622,adam,3.300155003790433e-05,0.005399194468914499,0.0
4623,adam,3.2996511583703264e-05,0.005762634650577555,0.0
4624,adam,3.29880134282222e-05,0.006045869228275759,0.0
4625,adam,3.297685418485522e-05,0.00617824444892633,0.0
4626,adam,3.2963430217726545e-05,0.00626840456423373,0.0
4627,adam,3.2947989411110104e-05,0.006256479427532437,0.0
4628,adam,3.293129691558925e-05,0.0062411206220978665,0.0
4629,adam,3.291359783934737e-05,0.0061586034723896295,0.0
4630,adam,3.289608845962342e-05,0.006109236489489149,0.0
4631,adam,3.287851973042818e-05,0.006022314748167203,0.0
4632,adam,3.28615034677137e-05,0.005997331254376437,0.0
4633,adam,3.2846077733871366e-05,0.005961622122192742,0.0
4634,adam,3.283121146803552e-05,0.00600554588571269,0.0
4635,adam,3.2818382217250624e-05,0.0060580197354520755,0.0
4636,adam,3.280716675910624e-05,0.006211290618264975,0.0
4637,adam,3.279861376352178e-05,0.006397555562242334,0.0
4638,adam,3.279280043781068e-05,0.00670876676325599,0.0
4639,adam,3.2791077996116325e-05,0.007067989660147224,0.0
4640,adam,3.279348052811728e-05,0.007569768119589559,0.0
4641,adam,3.280219771253446e-05,0.008148830895529851,0.0
4642,adam,3.281890569880305e-05,0.008908525059773322,0.0
4643,adam,3.284613404130846e-05,0.009787759390458544,0.0
4644,adam,3.2887991511783496e-05,0.010898389870467333,0.0
4645,adam,3.294879145633333e-05,0.012190859669680133,0.0
4646,adam,3.303696526591078e-05,0.013791830801410223,0.0
4647,adam,3.316265570545656e-05,0.015680009448091045,0.0
4648,adam,3.334222544801508e-05,0.018003167963493657,0.0
4649,adam,3.3597796448356766e-05,0.020768342609776242,0.0
4650,adam,3.3962159007152176e-05,0.024163752355241763,0.0
4651,adam,3.448496651248272e-05,0.02824334748117951,0.0
4652,adam,3.523888592873144e-05,0.03325727463692018,0.0
4653,adam,3.6331748263905117e-05,0.03934134503670772,0.0
4654,adam,3.792983272157867e-05,0.046839634277285484,0.0
4655,adam,4.02794551386335e-05,0.05601866862499527,0.0
4656,adam,4.376631312540328e-05,0.067378225679824,0.0
4657,adam,4.896705173455621e-05,0.08139326495530613,0.0
4658,adam,5.6800789782434627e-05,0.09881397685237535,0.0
4659,adam,6.864358616593297e-05,0.12045412668784071,0.0
4660,adam,8.672526262060334e-05,0.14745125334216982,0.0
4661,adam,0.00011434240856456736,0.18113403133339329,0.0
4662,adam,0.00015689375444471066,0.22316952854619693,0.0
4663,adam,0.00022208880351917714,0.2755873043511921,0.0
4664,adam,0.00032249813158947516,0.34055819680191984,0.0
4665,adam,0.00047429387971942223,0.42060797003098016,0.0
4666,adam,0.0007024687411312392,0.5173169898474276,0.0
4667,adam,0.0010292752580799327,0.631628718133429,0.0
4668,adam,0.0014803047846840855,0.7597516242881968,0.0
4669,adam,0.0020288494234439814,0.8933052727178148,0.0
4670,adam,0.0026055417965193716,1.0111451687203377,0.0
4671,adam,0.0029770690106200666,1.0830351290671705,0.0
4672,adam,0.0029163662294470457,1.0674825276148685,0.0
4673,adam,0.0022347155641552884,0.932892015557533,0.0
4674,adam,0.0011940426164371277,0.6735510185709935,0.0
4675,adam,0.0003126117076547681,0.32616974476454963,0.0
4676,adam,5.2178415543726e-05,0.07067163478656287,0.0
4677,adam,0.00040119873333556563,0.3786885469505606,0.0
4678,adam,0.0009318465235098872,0.5931320275110603,0.0
4679,adam,0.0011620342511638353,0.6629672135267082,0.0
4680,adam,0.000896207233904645,0.5776181633363343,0.0
4681,adam,0.00038958944979845746,0.36674523066609693,0.0
4682,adam,6.530027621371533e-05,0.09566320965018939,0.0
4683,adam,0.0001337237288313456,0.19383397613603692,0.0
4684,adam,0.0004219399730721783,0.3873821751640361,0.0
4685,adam,0.0005918431905339315,0.46432832320612477,0.0
4686,adam,0.00047949543961685554,0.41271958083984134,0.0
4687,adam,0.00021057695334300987,0.25670751265415226,0.0
4688,adam,4.606918517007049e-05,0.056518377830384936,0.0
4689,adam,0.00010057521982797412,0.15965460917280958,0.0
4690,adam,0.0002604047297152931,0.29605459041186843,0.0
4691,adam,0.0003345678544526707,0.3398465224249788,0.0
4692,adam,0.00024952219249130584,0.28666988611680094,0.0
4693,adam,0.00010346805475989712,0.1604042567300674,0.0
4694,adam,3.6353900804265174e-05,0.019907915502368752,0.0
4695,adam,8.744139367204549e-05,0.14326486617110257,0.0
4696,adam,0.00017444302199171767,0.2323639908680177,0.0
4697,adam,0.00019611807221921063,0.2492157461489446,0.0
4698,adam,0.00013525133572872417,0.1960055287157568,0.0
4699,adam,5.819209785798988e-05,0.09437737439843051,0.0
4700,adam,3.6110913557828444e-05,0.024255739986979434,0.0
4701,adam,7.379734733122095e-05,0.12307921338149955,0.0
4702,adam,0.00011787768976608809,0.17907409490400367,0.0
4703,adam,0.00011970829533260989,0.1809275784681899,0.0
4704,adam,8.070440382195876e-05,0.1336107588683981,0.0
4705,adam,4.204073974743239e-05,0.05477186474700609,0.0
4706,adam,3.682265981338432e-05,0.031199641402035284,0.0
4707,adam,6.0229072362954715e-05,0.09974139684326742,0.0
4708,adam,8.159720237918121e-05,0.134994602036393,0.0
4709,adam,7.844541760560722e-05,0.13086756982397543,0.0
4710,adam,5.6204999037653e-05,0.09305646957184285,0.0
4711,adam,3.7168328771930274e-05,0.03572649801586222,0.0
4712,adam,3.6405658407126455e-05,0.029595950542171748,0.0
4713,adam,4.917235784129931e-05,0.07593407216707627,0.0
4714,adam,5.943560474212849e-05,0.09912860589164967,0.0
4715,adam,5.7016414838929915e-05,0.0950125221707577,0.0
4716,adam,4.546275577124617e-05,0.06777171961903836,0.0
4717,adam,3.5939047408394765e-05,0.028983478497290053,0.0
4718,adam,3.544534164899604e-05,0.02363128510162176,0.0
4719,adam,4.155792128045155e-05,0.05414543085790857,0.0
4720,adam,4.6721508377757414e-05,0.07104622717913028,0.0
4721,adam,4.597845069018334e-05,0.06968124501263039,0.0
4722,adam,4.065633425166646e-05,0.052949409739720475,0.0
4723,adam,3.5680432822894425e-05,0.02815769791961805,0.0
4724,adam,3.457730228810632e-05,0.01760128014863424,0.0
4725,adam,3.6864892046788424e-05,0.035109216926739024,0.0
4726,adam,3.945507303239943e-05,0.04834425661088947,0.0
4727,adam,3.9841310522415114e-05,0.050668554094675126,0.0
4728,adam,3.792845510078442e-05,0.04263260202281214,0.0
4729,adam,3.547749180240299e-05,0.028393352172905704,0.0
4730,adam,3.421343610096011e-05,0.01642531202536904,0.0
4731,adam,3.452723078322809e-05,0.020495587221356575,0.0
4732,adam,3.555818085205226e-05,0.030030459586278143,0.0
4733,adam,3.6184885827819576e-05,0.034772186232850645,0.0
4734,adam,3.591548828461871e-05,0.03334328094331029,0.0
4735,adam,3.503250971307072e-05,0.0269034797664288,0.0
4736,adam,3.416034919174145e-05,0.018658204470102597,0.0
4737,adam,3.373490235130042e-05,0.013795923180433505,0.0
4738,adam,3.3786992569150994e-05,0.016284932974187448,0.0
4739,adam,3.4061301171402987e-05,0.0207935526714436,0.0
4740,adam,3.42576239863256e-05,0.023075240016691832,0.0
4741,adam,3.4213662239768034e-05,0.02234516115243616,0.0
4742,adam,3.3943304325846854e-05,0.01902495246734916,0.0
4743,adam,3.357780602057102e-05,0.014530230943430587,0.0
4744,adam,3.327342061433427e-05,0.010878006403534344,0.0
4745,adam,3.3132479793671434e-05,0.01046598048894732,0.0
4746,adam,3.316419416916425e-05,0.012602485398579123,0.0
4747,adam,3.3286427015605946e-05,0.014671009477952936,0.0
4748,adam,3.337656001661042e-05,0.01540697511786293,0.0
4749,adam,3.334204076577484e-05,0.014405632940876155,0.0
4750,adam,3.317255391813193e-05,0.01199080820258289,0.0
4751,adam,3.2943941404765014e-05,0.00875218243366767,0.0
4752,adam,3.276380566272387e-05,0.006199793675484362,0.0
4753,adam,3.2706034669226984e-05,0.006350908593094841,0.0
4754,adam,3.27630629045699e-05,0.00836219521888581,0.0
4755,adam,3.285958376421762e-05,0.010143941068139501,0.0
4756,adam,3.290655054500272e-05,0.010698556357743999,0.0
4757,adam,3.285608703343822e-05,0.009903652047998422,0.0
4758,adam,3.2725921870941986e-05,0.007838473298873739,0.0
4759,adam,3.258065340958774e-05,0.005069861718993557,0.0
4760,adam,3.2485792145001644e-05,0.002641377479036881,0.0
4761,adam,3.2469494596854206e-05,0.003275059092221644,0.0
4762,adam,3.251080684571429e-05,0.0054378267903279045,0.0
4763,adam,3.256166484250556e-05,0.006960703168269377,0.0
4764,adam,3.25754419691504e-05,0.007508805907470651,0.0
4765,adam,3.253543710875471e-05,0.00695584123526382,0.0
4766,adam,3.245721481473568e-05,0.005545307133773469,0.0
4767,adam,3.237469193716258e-05,0.0034837582307693906,0.0
4768,adam,3.231789735903072e-05,0.0012015564726107686,0.0
4769,adam,3.229920628871637e-05,0.0011591347893596185,0.0
4770,adam,3.230835844663159e-05,0.002995483273327726,0.0
4771,adam,3.232448808233379e-05,0.004329195619888519,0.0
4772,adam,3.2327561554632266e-05,0.004946033625638731,0.0
4773,adam,3.230835183864146e-05,0.0049393921400127366,0.0
4774,adam,3.227040141551857e-05,0.004305554543342573,0.0
4775,adam,3.222579651429584e-05,0.0032941905765037026,0.0
4776,adam,3.218672394064623e-05,0.0020392272099058373,0.0
4777,adam,3.2159927893686666e-05,0.0010042526957970146,0.0
4778,adam,3.2146374530895325e-05,0.001178256578913779,0.0
4779,adam,3.214019541086632e-05,0.0020215048385488184,0.0
4780,adam,3.2134748485802256e-05,0.002714402260898272,0.0
4781,adam,3.212451157101987e-05,0.0030638623714044815,0.0
4782,adam,3.210771043665264e-05,0.0031411568187252586,0.0
4783,adam,3.2085723835745576e-05,0.0029211964298439842,0.0
4784,adam,3.2061493447260866e-05,0.0025498021444123743,0.0
4785,adam,3.2037843559880915e-05,0.0020284149545634306,0.0
4786,adam,3.2016945897700986e-05,0.0015558047841255354,0.0
4787,adam,3.1998895460242144e-05,0.0011827964206764536,0.0
4788,adam,3.1983556534885486e-05,0.0011068575535681,0.0
4789,adam,3.196955189720105e-05,0.0012614316465643627,0.0
4790,adam,3.1955806958274096e-05,0.0014754842669410671,0.0
4791,adam,3.194134658983356e-05,0.001695725991959442,0.0
4792,adam,3.192669817991788e-05,0.0018072568003607036,0.0
4793,adam,3.191092807745489e-05,0.0018809621563498048,0.0
4794,adam,3.189430204714949e-05,0.0018218312138720118,0.0
4795,adam,3.187798089946383e-05,0.0017261336141991236,0.0
4796,adam,3.1860775844664355e-05,0.0015181841442714367,0.0
4797,adam,3.184399737298142e-05,0.00129494165485477,0.0
4798,adam,3.182733869724986e-05,0.001002527091192479,0.0
4799,adam,3.181112446557406e-05,0.00075166009052977,0.0
4800,adam,3.1795152342484185e-05,0.0005644482393643102,0.0
4801,adam,3.1780387048492266e-05,0.0005540808033699374,0.0
4802,adam,3.176565960327847e-05,0.0007173525233641973,0.0
4803,adam,3.1751203644932204e-05,0.0008798445766811831,0.0
4804,adam,3.1737203335445945e-05,0.0010587691036451116,0.0
4805,adam,3.172251656483262e-05,0.001147694841837811,0.0
4806,adam,3.170819273041918e-05,0.0012235103199132106,0.0
4807,adam,3.169348041493247e-05,0.0011988268750483106,0.0
4808,adam,3.16782262776078e-05,0.001159481357130894,0.0
4809,adam,3.1662746751514705e-05,0.001031399463428768,0.0
4810,adam,3.164738209069302e-05,0.0009055447201572886,0.0
4811,adam,3.163231372872213e-05,0.0007189224298642539,0.0
4812,adam,3.161717131415103e-05,0.0005620929916309085,0.0
4813,adam,3.160216133253991e-05,0.000374625661838737,0.0
4814,adam,3.1587644139382574e-05,0.000253489445680578,0.0
4815,adam,3.157285552283346e-05,0.0002017591661641255,0.0
4816,adam,3.155854693308282e-05,0.00026468180172893645,0.0
4817,adam,3.1544501769853235e-05,0.000376102152018326,0.0
4818,adam,3.152999064226689e-05,0.00045368968744650934,0.0
4819,adam,3.1515914479673944e-05,0.0005442695661566584,0.0
4820,adam,3.150176074364493e-05,0.0005816610174694411,0.0
4821,adam,3.1487765133867504e-05,0.0006357879798997097,0.0
4822,adam,3.1473294324222765e-05,0.0006374791541896734,0.0
4823,adam,3.145942468556262e-05,0.0006633861694037337,0.0
4824,adam,3.144536397411503e-05,0.0006483776460813706,0.0
4825,adam,3.143121335402132e-05,0.000668674580506499,0.0
4826,adam,3.141671157951865e-05,0.0006502831165505823,0.0
4827,adam,3.1402900662430496e-05,0.0006734473841315485,0.0
4828,adam,3.1388873457255205e-05,0.0006613297575372157,0.0
4829,adam,3.137506187331971e-05,0.0006916437559011808,0.0
4830,adam,3.136121021880883e-05,0.0006903254647063042,0.0
4831,adam,3.1347139636084125e-05,0.0007319475884173533,0.0
4832,adam,3.133347823037862e-05,0.0007445360094560133,0.0
4833,adam,3.131972203086652e-05,0.0007994297009032587,0.0
4834,adam,3.13058106459631e-05,0.000822541924330392,0.0
4835,adam,3.1292381022177417e-05,0.0008905028119273389,0.0
4836,adam,3.1278976709366875e-05,0.0009353724376882082,0.0
4837,adam,3.1265682616496124e-05,0.0010294995324180679,0.0
4838,adam,3.1252056396091456e-05,0.0011031360765793767,0.0
4839,adam,3.123940960157082e-05,0.0012350123284829266,0.0
4840,adam,3.122668064734177e-05,0.001353997160222005,0.0
4841,adam,3.121401686112449e-05,0.0015357779324204498,0.0
4842,adam,3.120230215218667e-05,0.0017140482171405175,0.0
4843,adam,3.1191210570206786e-05,0.0019712366285101137,0.0
4844,adam,3.118085376319978e-05,0.0022421106520866883,0.0
4845,adam,3.117169628388286e-05,0.002612908448350728,0.0
4846,adam,3.11650619652773e-05,0.003024049063025813,0.0
4847,adam,3.1161186107886706e-05,0.00356222518523059,0.0
4848,adam,3.116145052076763e-05,0.004173372173784562,0.0
4849,adam,3.1167785354770225e-05,0.004961834438092682,0.0
4850,adam,3.118258625326752e-05,0.0058876170411444745,0.0
4851,adam,3.12111400775716e-05,0.007066009064374417,0.0
4852,adam,3.125970483315641e-05,0.008477584758011287,0.0
4853,adam,3.133912439701737e-05,0.010264161526508095,0.0
4854,adam,3.146506217917549e-05,0.012439192208718109,0.0
4855,adam,3.166244374461738e-05,0.015189372299568824,0.0
4856,adam,3.19715722322083e-05,0.018591654828697415,0.0
4857,adam,3.2456295332946143e-05,0.02290401072134194,0.0
4858,adam,3.321569058246625e-05,0.028297246179911174,0.0
4859,adam,3.441379540186206e-05,0.035152069110917304,0.0
4860,adam,3.630822195054527e-05,0.043805596332946034,0.0
4861,adam,3.932952418892185e-05,0.05484456585238066,0.0
4862,adam,4.416159130697326e-05,0.0688970497836907,0.0
4863,adam,5.196792593623455e-05,0.0868982988775993,0.0
4864,adam,6.457745663515857e-05,0.1099598662159208,0.0
4865,adam,8.517228733491417e-05,0.1395659403052389,0.0
4866,adam,0.00011862037055650383,0.17761240360833683,0.0
4867,adam,0.00017351433745300715,0.22632406230278865,0.0
4868,adam,0.00026200530762452725,0.28860145482099664,0.0
4869,adam,0.00040536623840557604,0.3670159534963101,0.0
4870,adam,0.0006272338962662258,0.4646115491116527,0.0
4871,adam,0.0009652739963753626,0.5810212130971404,0.0
4872,adam,0.0014240752465608775,0.7136302699625484,0.0
4873,adam,0.0019963710661237317,0.8478850377137928,0.0
4874,adam,0.002506800446302783,0.9615550960373366,0.0
4875,adam,0.0027787321833786724,1.0175923826167592,0.0
4876,adam,0.0025471682063269475,0.9870746872191009,0.0
4877,adam,0.0019635107744553153,0.8656879972517747,0.0
4878,adam,0.001384851415780332,0.7017949463443311,0.0
4879,adam,0.001192023911428686,0.5832335513337075,0.0
4880,adam,0.0012109253820240754,0.546748749195046,0.0
4881,adam,0.0010584096144884213,0.5036610307050229,0.0
4882,adam,0.0005568108465511234,0.3816784485606052,0.0
4883,adam,0.00024370037576982678,0.27887368386264044,0.0
4884,adam,0.0004917276381239616,0.3687066877169369,0.0
4885,adam,0.000890443501499535,0.47579024282040083,0.0
4886,adam,0.0008340123199971106,0.4479136425232513,0.0
4887,adam,0.0003148974783215133,0.2668328691724929,0.0
4888,adam,4.519122331000472e-05,0.04826210633057887,0.0
4889,adam,0.0002721760515279847,0.23812187370684212,0.0
4890,adam,0.0005112157658378903,0.3444610398802396,0.0
4891,adam,0.0003983607124360498,0.3101939293756896,0.0
4892,adam,0.0001653771034221888,0.21253309015344038,0.0
4893,adam,0.00017274660131103977,0.2155305589775424,0.0
4894,adam,0.0002904221990349732,0.26436024325067803,0.0
4895,adam,0.00023639502462052627,0.2248766165854105,0.0
4896,adam,9.054044330382008e-05,0.12306276893780065,0.0
4897,adam,0.00010122319932067074,0.1572218885932906,0.0
4898,adam,0.00022814830618178523,0.24693680115564107,0.0
4899,adam,0.00023350587326566888,0.24557069141754903,0.0
4900,adam,0.00010331086006786766,0.14713998244300533,0.0
4901,adam,3.807994789467389e-05,0.035677363120214016,0.0
4902,adam,0.00010302432180953114,0.13497275948364867,0.0
4903,adam,0.0001546172254110835,0.18499038701819281,0.0
4904,adam,0.0001123999446230731,0.1595693045697632,0.0
4905,adam,6.620923912790861e-05,0.11140080021206927,0.0
4906,adam,8.404290686218306e-05,0.11784907053749868,0.0
4907,adam,0.00010529186507251916,0.13270592630918887,0.0
4908,adam,7.381331026301978e-05,0.10017645729887616,0.0
4909,adam,4.078670131329382e-05,0.05080474147897531,0.0
4910,adam,5.963686699924502e-05,0.08770392361693,0.0
4911,adam,9.115645505038857e-05,0.12464889567685666,0.0
4912,adam,7.965323103353793e-05,0.1114926022502707,0.0
4913,adam,4.4800872707411767e-05,0.05945947406597687,0.0
4914,adam,3.8511219494655935e-05,0.039852904325773916,0.0
4915,adam,5.695194619845378e-05,0.07644101707300456,0.0
4916,adam,6.090024310586633e-05,0.08331346471294072,0.0
4917,adam,4.684226404428123e-05,0.0641315963235595,0.0
4918,adam,4.2248001067332806e-05,0.05951669275378834,0.0
4919,adam,5.170906801509133e-05,0.07637440786705997,0.0
4920,adam,5.2894680599759e-05,0.07480088751648575,0.0
4921,adam,4.0226202860300306e-05,0.0442386792418639,0.0
4922,adam,3.302261704367301e-05,0.01024750292570011,0.0
4923,adam,4.038023273399018e-05,0.047952065495943955,0.0
4924,adam,4.786811607706243e-05,0.06736294013423613,0.0
4925,adam,4.380383428045364e-05,0.059734631134918593,0.0
4926,adam,3.6305619783712266e-05,0.03773967054276634,0.0
4927,adam,3.60522803761198e-05,0.031917464306943664,0.0
4928,adam,3.949379288150658e-05,0.04162142498915649,0.0
4929,adam,3.8363885874800476e-05,0.03868645130838118,0.0
4930,adam,3.439718255651824e-05,0.025396537394384994,0.0
4931,adam,3.439072794832204e-05,0.02683380279449499,0.0
4932,adam,3.78593814825206e-05,0.03952681674970972,0.0
4933,adam,3.8565612845197435e-05,0.04128542154724746,0.0
4934,adam,3.511170480268073e-05,0.028585995230187046,0.0
4935,adam,3.246385023777602e-05,0.011362279460052499,0.0
4936,adam,3.3426501766037047e-05,0.01823276447206273,0.0
4937,adam,3.5143378536632905e-05,0.02750670005070986,0.0
4938,adam,3.4643297329361734e-05,0.02620940676137439,0.0
4939,adam,3.317962351074786e-05,0.01999378918303308,0.0
4940,adam,3.3211740488729854e-05,0.02168166393192295,0.0
4941,adam,3.4234153694316535e-05,0.026948092748134898,0.0
4942,adam,3.409155776512937e-05,0.02534053781107701,0.0
4943,adam,3.266268212319981e-05,0.015153736183395439,0.0
4944,adam,3.182066264090496e-05,0.0010834435654364634,0.0
4945,adam,3.238881236958889e-05,0.012846457328491384,0.0
4946,adam,3.3154360917808255e-05,0.01993375106107067,0.0
4947,adam,3.2964831014523476e-05,0.01954294848624204,0.0
4948,adam,3.2290642547336496e-05,0.014782599837923351,0.0
4949,adam,3.213270019084374e-05,0.012795061237677038,0.0
4950,adam,3.244242928589111e-05,0.014826384054204252,0.0
4951,adam,3.243960496373498e-05,0.014537457567688499,0.0
4952,adam,3.194149060604424e-05,0.009495380691587032,0.0
4953,adam,3.1566433836347315e-05,0.0020169941331671056,0.0
4954,adam,3.1719281016655474e-05,0.007201407543842237,0.0
4955,adam,3.204658866923465e-05,0.011987351147940807,0.0
4956,adam,3.2047808734906477e-05,0.012513220318822741,0.0
4957,adam,3.176719406889133e-05,0.009925005286381156,0.0
4958,adam,3.1598768125609374e-05,0.008117275483778285,0.0
4959,adam,3.16658648531436e-05,0.009215132247012928,0.0
4960,adam,3.1719403887122286e-05,0.009791528005787736,0.0
4961,adam,3.157559359541885e-05,0.007550225403778892,0.0
4962,adam,3.137543085544643e-05,0.0030842264460750274,0.0
4963,adam,3.133799404793201e-05,0.00271613730182438,0.0
4964,adam,3.1445682322134104e-05,0.006664168533221995,0.0
4965,adam,3.150552786767437e-05,0.008366473556134705,0.0
4966,adam,3.142931284100135e-05,0.007598775923988584,0.0
4967,adam,3.1320229435156656e-05,0.005838409656882425,0.0
4968,adam,3.12926126577262e-05,0.005305794290390678,0.0
4969,adam,3.131892755989042e-05,0.0060288582118097215,0.0
4970,adam,3.1299760781826466e-05,0.005826135537368988,0.0
4971,adam,3.121390046625873e-05,0.004028470269769359,0.0
4972,adam,3.113656096514683e-05,0.0011592293133508094,0.0
4973,adam,3.1126336515607196e-05,0.0018601961030810825,0.0
4974,adam,3.115216920214538e-05,0.0038333235738915276,0.0
4975,adam,3.115035677881869e-05,0.004421026979813314,0.0
4976,adam,3.1108625666873604e-05,0.0038829106664804245,0.0
4977,adam,3.106793771824055e-05,0.0032721106535668963,0.0
4978,adam,3.105819962911413e-05,0.003735266481037846,0.0
4979,adam,3.106102471246727e-05,0.00437628829784146,0.0
4980,adam,3.104371784074784e-05,0.004318721281789459,0.0
4981,adam,3.1001609008719455e-05,0.0033348048412108196,0.0
4982,adam,3.0961537858302354e-05,0.0020468459342152163,0.0
4983,adam,3.094262466733221e-05,0.0016463223634114572,0.0
4984,adam,3.0936211206177266e-05,0.002228759151253679,0.0
4985,adam,3.092240509324315e-05,0.0023655804781327386,0.0
4986,adam,3.089597635763879e-05,0.0018033146862923364,0.0
4987,adam,3.086981838385559e-05,0.0010491090316996582,0.0
4988,adam,3.085554341459063e-05,0.0013018324494826954,0.0
4989,adam,3.08491054531189e-05,0.0020647926005033265,0.0
4990,adam,3.083861756143373e-05,0.0023881411465833365,0.0
4991,adam,3.0818606111885754e-05,0.002243161531813582,0.0
4992,adam,3.079637482651521e-05,0.0018931686902300593,0.0
4993,adam,3.077914686810707e-05,0.001866561560913238,0.0
4994,adam,3.076708021566399e-05,0.00208633375423423,0.0
4995,adam,3.075345840557692e-05,0.0022293230129981833,0.0
4996,adam,3.0735339665205396e-05,0.001988881694164659,0.0
4997,adam,3.071470528262201e-05,0.0015607801182533172,0.0
4998,adam,3.0696499767257396e-05,0.001175443027452703,0.0
4999,adam,3.068184054314168e-05,0.001195686448388323,0.0
5000,lbfgs,3.0668274894917415e-05,0.0012971468025837108,0.0
5001,lbfgs,0.00014671014286678983,0.18658016439308261,0.0
5002,lbfgs,3.0662691458464744e-05,0.0003479502152091211,0.0
5003,lbfgs,3.0661890807206764e-05,0.00021222361773684886,0.0
5004,lbfgs,3.066130992654318e-05,0.0002490989992055753,0.0
5005,lbfgs,3.0659552901360904e-05,0.0004952307527501967,0.0
5006,lbfgs,3.065613515334427e-05,0.0007983786590232907,0.0
5007,lbfgs,3.064522500423301e-05,0.001407351829523789,0.0
5008,lbfgs,3.062060063056345e-05,0.0022133687472173707,0.0
5009,lbfgs,3.0566152796804714e-05,0.0031744803036478563,0.0
5010,lbfgs,3.0466594681323976e-05,0.003802107076815855,0.0
5011,lbfgs,3.0287245231357573e-05,0.003915364315304332,0.0
5012,lbfgs,3.164079260855644e-05,0.015198597059016692,0.0
5013,lbfgs,3.0219858654488193e-05,0.004756077103186417,0.0
5014,lbfgs,2.9966054016066706e-05,0.0028925087970037185,0.0
5015,lbfgs,2.9764634040872883e-05,0.0016036491767436973,0.0
5016,lbfgs,2.9655818451459336e-05,0.002484478455304541,0.0
5017,lbfgs,2.9554765365451177e-05,0.002888155207588392,0.0
5018,lbfgs,2.9343946790580794e-05,0.004245698230641739,0.0
5019,lbfgs,2.9166233388822152e-05,0.0024595034449201984,0.0
5020,lbfgs,2.899920341062706e-05,0.0019139726215327039,0.0
5021,lbfgs,2.8903180182468356e-05,0.0021771604017536907,0.0
5022,lbfgs,2.871206485206243e-05,0.0019366692957003846,0.0
5023,lbfgs,2.8476152044169243e-05,0.0015476635764832788,0.0
5024,lbfgs,2.822119381804823e-05,0.0024601566171481293,0.0
5025,lbfgs,2.7990845453333927e-05,0.0021686543652266283,0.0
5026,lbfgs,2.780594851416676e-05,0.0018134089135426663,0.0
5027,lbfgs,2.7557816289071006e-05,0.0011290912707913965,0.0
5028,lbfgs,2.7428280175943985e-05,0.0010724598402008204,0.0
5029,lbfgs,2.732996699911046e-05,0.0012680397101538469,0.0
5030,lbfgs,2.7214400932845125e-05,0.0010756912005275402,0.0
5031,lbfgs,2.7049373455385175e-05,0.0010547703915560042,0.0
5032,lbfgs,2.6757889139897557e-05,0.0017138577212084162,0.0
5033,lbfgs,2.6386177562269078e-05,0.0020565971873985505,0.0
5034,lbfgs,2.6105619598737746e-05,0.002176510390167174,0.0
5035,lbfgs,2.5873910217565915e-05,0.0007158859449801484,0.0
5036,lbfgs,2.57956473698298e-05,0.0007078700582170495,0.0
5037,lbfgs,2.5683641606230857e-05,0.0010447661768012565,0.0
5038,lbfgs,2.5468566968418497e-05,0.0013748482792825753,0.0
5039,lbfgs,2.5068599320037314e-05,0.0019263691372786327,0.0
5040,lbfgs,2.463096900264995e-05,0.0017563103003385978,0.0
5041,lbfgs,2.4390588652781208e-05,0.002058170726105116,0.0
5042,lbfgs,2.4265776633726102e-05,0.00154129818716509,0.0
5043,lbfgs,2.4212102459876746e-05,0.001163119425200744,0.0
5044,lbfgs,2.4102866845075843e-05,0.001022223645178648,0.0
5045,lbfgs,2.39858340118283e-05,0.0013273285242178636,0.0
5046,lbfgs,2.3835766452537323e-05,0.0014538470527518522,0.0
5047,lbfgs,2.3625406848320826e-05,0.001221474206850893,0.0
5048,lbfgs,2.3285020297805637e-05,0.0011616039767765646,0.0
5049,lbfgs,2.2777915621386242e-05,0.0012095159753411568,0.0
5050,lbfgs,2.2878271126868603e-05,0.0056440428738363585,0.0
5051,lbfgs,2.2566240952627853e-05,0.0026034834424641445,0.0
5052,lbfgs,2.229306336485767e-05,0.0013446571393076051,0.0
5053,lbfgs,2.2129768282915308e-05,0.0011312178918952839,0.0
5054,lbfgs,2.2030080325011905e-05,0.0011993968193267262,0.0
5055,lbfgs,2.1862620895349846e-05,0.0010257625693652099,0.0
5056,lbfgs,2.1556358330817013e-05,0.001536006747669311,0.0
5057,lbfgs,2.109089352771594e-05,0.0011400653280534683,0.0
5058,lbfgs,2.0858432075368244e-05,0.003551713102832064,0.0
5059,lbfgs,2.0776438342277e-05,0.0008542480757421496,0.0
5060,lbfgs,2.072750880045365e-05,0.0013460132945925327,0.0
5061,lbfgs,2.0684096648178576e-05,0.001240423778991646,0.0
5062,lbfgs,2.0595147271012238e-05,0.0008545242718295701,0.0
5063,lbfgs,2.052507140555316e-05,0.0009338915564877543,0.0
5064,lbfgs,2.0470983960386096e-05,0.001489909589872321,0.0
5065,lbfgs,2.039909141082052e-05,0.0022790278020569177,0.0
5066,lbfgs,2.0283737015023788e-05,0.003205310700250257,0.0
5067,lbfgs,2.007406719263276e-05,0.0038685861831082224,0.0
5068,lbfgs,1.9720971239626678e-05,0.0030352120432334596,0.0
5069,lbfgs,1.9313852699871368e-05,0.0009824693121404948,0.0
5070,lbfgs,1.9049042685478924e-05,0.0013114575128969816,0.0
5071,lbfgs,1.8849161800268345e-05,0.0027088311278180306,0.0
5072,lbfgs,1.8708451085630814e-05,0.0034742243624526566,0.0
5073,lbfgs,1.8434484387113333e-05,0.004265880170286531,0.0
5074,lbfgs,1.8314074033980336e-05,0.00279890602798852,0.0
5075,lbfgs,1.820542853649235e-05,0.0013699811615161734,0.0
5076,lbfgs,1.816289057385268e-05,0.0015381888763433727,0.0
5077,lbfgs,1.803661062263148e-05,0.0009318397358333293,0.0
5078,lbfgs,1.7964583175978353e-05,0.0008982643047320087,0.0
5079,lbfgs,1.7908899085536e-05,0.0006870762146979968,0.0
5080,lbfgs,1.7869735825890122e-05,0.0007319204988127356,0.0
5081,lbfgs,1.7735264251380183e-05,0.0010175091376297325,0.0
5082,lbfgs,1.748600099981954e-05,0.0017318827377384319,0.0
5083,lbfgs,1.695819436315173e-05,0.0024395662218452243,0.0
5084,lbfgs,1.634976424883547e-05,0.0028930268266107706,0.0
5085,lbfgs,1.5902391519745983e-05,0.0017311755444833308,0.0
5086,lbfgs,1.5710606998043e-05,0.0006472404692924604,0.0
5087,lbfgs,1.5659945307426846e-05,0.0009321695123702739,0.0
5088,lbfgs,1.561888282801958e-05,0.0011444986416538447,0.0
5089,lbfgs,1.5496869451373845e-05,0.0019457385991838762,0.0
5090,lbfgs,1.5181641857131602e-05,0.002023662660348489,0.0
5091,lbfgs,1.4787492450253042e-05,0.003034621032557712,0.0
5092,lbfgs,1.4461242730434423e-05,0.0008241727323695727,0.0
5093,lbfgs,1.4412363549425382e-05,0.0015534877844718493,0.0
5094,lbfgs,1.4386539421414042e-05,0.000545201127356777,0.0
5095,lbfgs,1.437248466714902e-05,0.0005681689067439057,0.0
5096,lbfgs,1.4357966103823916e-05,0.0004912011018004418,0.0
5097,lbfgs,1.4316909750662908e-05,0.0006162568317080989,0.0
5098,lbfgs,1.4201960932138921e-05,0.0008813707086549901,0.0
5099,lbfgs,1.3890909005474227e-05,0.0013188877374637439,0.0
5100,lbfgs,1.3552201558429718e-05,0.0034474645453582914,0.0
5101,lbfgs,1.3438265686577652e-05,0.0036201066629214,0.0
5102,lbfgs,1.32410076666905e-05,0.003491613745750038,0.0
5103,lbfgs,1.3181588330874208e-05,0.0021074354384449812,0.0
5104,lbfgs,1.3137985515211511e-05,0.0008414400859138297,0.0
5105,lbfgs,1.3073675313559149e-05,0.0013019374908433412,0.0
5106,lbfgs,1.3042051611236862e-05,0.0014202924720759002,0.0
5107,lbfgs,1.3081977345016635e-05,0.004260185923355873,0.0
5108,lbfgs,1.3026349476515276e-05,0.001978978152126964,0.0
5109,lbfgs,1.2993138635226377e-05,0.0007055873263844934,0.0
5110,lbfgs,1.2965613335761264e-05,0.0005711646538790041,0.0
5111,lbfgs,1.2928515913674272e-05,0.0012318245749795447,0.0
5112,lbfgs,1.2881401951773306e-05,0.0014396323890026618,0.0
5113,lbfgs,1.2801427191714111e-05,0.0016797095854678863,0.0
5114,lbfgs,1.2672895594045986e-05,0.0014021350587978554,0.0
5115,lbfgs,1.418679212819614e-05,0.006808343334212943,0.0
5116,lbfgs,1.2576891180706568e-05,0.0015325152929568273,0.0
5117,lbfgs,1.2453345584363056e-05,0.0008561302541198559,0.0
5118,lbfgs,1.2383333149485353e-05,0.0013751603698274762,0.0
5119,lbfgs,1.236516732759975e-05,0.0005901668772777252,0.0
5120,lbfgs,1.2355862731462909e-05,0.0003402220154533906,0.0
5121,lbfgs,1.2352538691859074e-05,0.0003218568205576845,0.0
5122,lbfgs,1.2348001141150697e-05,0.00043815989510363117,0.0
5123,lbfgs,1.2334007353250374e-05,0.0008525857981844117,0.0
5124,lbfgs,1.2309317358030993e-05,0.0012007830563706774,0.0
5125,lbfgs,1.225708669965955e-05,0.002022573972260161,0.0
5126,lbfgs,1.215872441006352e-05,0.0020532085622526055,0.0
5127,lbfgs,1.1981078071329377e-05,0.0032294728160426342,0.0
5128,lbfgs,1.1844738248769383e-05,0.0012468300758125708,0.0
5129,lbfgs,1.1783466655525886e-05,0.0005966796225448708,0.0
5130,lbfgs,1.1767352653731457e-05,0.0002482003268110152,0.0
5131,lbfgs,1.176387351541848e-05,0.00024570863533549816,0.0
5132,lbfgs,1.1759867439169944e-05,0.0002554425273431494,0.0
5133,lbfgs,1.1750823491296988e-05,0.0003785347320710574,0.0
5134,lbfgs,1.171367973367919e-05,0.0007410280691793528,0.0
5135,lbfgs,1.1641103606726777e-05,0.0012374584635373436,0.0
5136,lbfgs,1.1492729849017327e-05,0.0026322566144788956,0.0
5137,lbfgs,1.1264305748425222e-05,0.0028117278223033786,0.0
5138,lbfgs,1.104583736967163e-05,0.0027637169413398163,0.0
5139,lbfgs,1.085700202671401e-05,0.0022583589706797586,0.0
5140,lbfgs,1.0797872403992055e-05,0.0017048946017027351,0.0
5141,lbfgs,1.0769466106849572e-05,0.0005367667526832778,0.0
5142,lbfgs,1.0755321150885287e-05,0.00034223869926190584,0.0
5143,lbfgs,1.0745253768735151e-05,0.0002467313251835304,0.0
5144,lbfgs,1.073847287072704e-05,0.0002352470774772339,0.0
5145,lbfgs,1.0720043959184916e-05,0.0003048215432508665,0.0
5146,lbfgs,1.0677473803227778e-05,0.000646607735074087,0.0
5147,lbfgs,1.0599595136406449e-05,0.0008253473000106152,0.0
5148,lbfgs,1.0475816252130002e-05,0.0022065605384778836,0.0
5149,lbfgs,1.0320213134303097e-05,0.0009991980787017287,0.0
5150,lbfgs,1.0174482933748306e-05,0.0010834571357882415,0.0
5151,lbfgs,1.0154404795452147e-05,0.0002662912696830119,0.0
5152,lbfgs,1.01495025084034e-05,0.0003025679619343731,0.0
5153,lbfgs,1.0137178023945425e-05,0.00020873059965904815,0.0
5154,lbfgs,1.0101339044932522e-05,0.0006415925758899764,0.0
5155,lbfgs,1.0068848705318879e-05,0.000978867266885211,0.0
5156,lbfgs,9.978839359376537e-06,0.0014278628078808453,0.0
5157,lbfgs,9.87469884263252e-06,0.0017252037881167743,0.0
5158,lbfgs,9.797985843690649e-06,0.001832791280322978,0.0
5159,lbfgs,9.767974583745696e-06,0.002002021962038911,0.0
5160,lbfgs,9.70972980540034e-06,0.000896735397633934,0.0
5161,lbfgs,9.694157495848998e-06,0.0005377788346135211,0.0
5162,lbfgs,9.685323816925227e-06,0.0002959376113058858,0.0
5163,lbfgs,9.681151344560085e-06,0.0003086744704289021,0.0
5164,lbfgs,9.665666711710181e-06,0.0003571609047017327,0.0
5165,lbfgs,9.63492686034153e-06,0.0004999199387267651,0.0
5166,lbfgs,9.598996511531899e-06,0.0005369558549398052,0.0
5167,lbfgs,9.523774429761211e-06,0.0009181311328381671,0.0
5168,lbfgs,9.405652914833041e-06,0.000944544298758875,0.0
5169,lbfgs,9.257640516394624e-06,0.00136475885690859,0.0
5170,lbfgs,9.093776092142492e-06,0.0010498649138848276,0.0
5171,lbfgs,8.978854442230068e-06,0.0008901019762469998,0.0
5172,lbfgs,8.932784275477676e-06,0.00043891965455784127,0.0
5173,lbfgs,8.923834634024968e-06,0.00024155647010892624,0.0
5174,lbfgs,8.919546090498383e-06,0.0002307783846426512,0.0
5175,lbfgs,8.91558049181325e-06,0.0002771432250689493,0.0
5176,lbfgs,8.911968012489981e-06,0.000292985683489175,0.0
5177,lbfgs,8.90465599705643e-06,0.00043154225664546105,0.0
5178,lbfgs,8.885868353679005e-06,0.0005428140273010849,0.0
5179,lbfgs,8.844605006232511e-06,0.0011935283343362825,0.0
5180,lbfgs,8.775093594010282e-06,0.0010048537374668096,0.0
5181,lbfgs,8.573773709649059e-06,0.0011511484459096092,0.0
5182,lbfgs,8.293610495508665e-06,0.0018528769205045598,0.0
5183,lbfgs,8.02483765368826e-06,0.001883663173441294,0.0
5184,lbfgs,7.904575504277406e-06,0.0018327346320833246,0.0
5185,lbfgs,7.822162008268048e-06,0.0007733942573141052,0.0
5186,lbfgs,7.805512217288203e-06,0.0008859240030687707,0.0
5187,lbfgs,7.796497195520951e-06,0.00030746572318607427,0.0
5188,lbfgs,7.791871592373623e-06,0.0003852931563631172,0.0
5189,lbfgs,7.785872981692481e-06,0.00046555304625972875,0.0
5190,lbfgs,7.776141808045407e-06,0.0006439086447509693,0.0
5191,lbfgs,7.75134876910286e-06,0.0007766603097731025,0.0
5192,lbfgs,7.718326267501825e-06,0.0010127188924121215,0.0
5193,lbfgs,7.642349075223262e-06,0.0015269363663066072,0.0
5194,lbfgs,7.528336672580036e-06,0.0016723106876599194,0.0
5195,lbfgs,7.372156963791722e-06,0.0020609413859088003,0.0
5196,lbfgs,7.217877294289679e-06,0.0020120323277164416,0.0
5197,lbfgs,7.113557445362449e-06,0.00139066850510385,0.0
5198,lbfgs,7.071897471998897e-06,0.0010731211286774923,0.0
5199,lbfgs,7.06204278515922e-06,0.001291475047559777,0.0
5200,lbfgs,7.042433721910788e-06,0.0003564903086645431,0.0
5201,lbfgs,7.0357498241941244e-06,0.00034476830901260057,0.0
5202,lbfgs,7.032400435876706e-06,0.00015159259081884533,0.0
5203,lbfgs,7.030982803956447e-06,0.00015604440178275581,0.0
5204,lbfgs,7.029608153550821e-06,0.00014707344620911757,0.0
5205,lbfgs,7.02797202742904e-06,0.00022235671578022692,0.0
5206,lbfgs,7.023753010226604e-06,0.00035181028106387593,0.0
5207,lbfgs,7.0134605246048444e-06,0.0005601624475115703,0.0
5208,lbfgs,6.992511179571213e-06,0.0007232058738153239,0.0
5209,lbfgs,6.9546327145523216e-06,0.0008182366282355939,0.0
5210,lbfgs,7.027988238464404e-06,0.003497366566442674,0.0
5211,lbfgs,6.939596720525796e-06,0.0012038038292369428,0.0
5212,lbfgs,6.862798411794006e-06,0.0009300522518270112,0.0
5213,lbfgs,6.773099728313389e-06,0.0015035011013139448,0.0
5214,lbfgs,6.974664362713663e-06,0.005899885023825474,0.0
5215,lbfgs,6.706178079751879e-06,0.0013797004332972741,0.0
5216,lbfgs,6.544167622356734e-06,0.0009359639938575289,0.0
5217,lbfgs,6.4111575723422695e-06,0.006897521150975913,0.0
5218,lbfgs,6.31264473056107e-06,0.004065050582036931,0.0
5219,lbfgs,6.371715380850706e-06,0.007319076911248731,0.0
5220,lbfgs,6.2008166275482966e-06,0.004648275000617192,0.0
5221,lbfgs,6.45463933019727e-06,0.00701389005441417,0.0
5222,lbfgs,6.099577632587161e-06,0.0010834135237492194,0.0
5223,lbfgs,6.051400927002464e-06,0.0024603982519360783,0.0
5224,lbfgs,6.003564887621764e-06,0.0016046088280875117,0.0
5225,lbfgs,5.979170794501382e-06,0.0011882887581827096,0.0
5226,lbfgs,5.961440114718944e-06,0.0009073745928026436,0.0
5227,lbfgs,5.9367759395355795e-06,0.0003953281171239694,0.0
5228,lbfgs,5.9223292912290425e-06,0.0005572733199104798,0.0
5229,lbfgs,5.908758639410395e-06,0.0005029788759035738,0.0
5230,lbfgs,5.903733871645022e-06,0.000743619539053212,0.0
5231,lbfgs,5.896172802988193e-06,0.00043597095894003804,0.0
5232,lbfgs,5.890619243830717e-06,0.00037228445855535034,0.0
5233,lbfgs,5.8833063120105524e-06,0.00040689555735881784,0.0
5234,lbfgs,5.87939717260156e-06,0.00022351023153102518,0.0
5235,lbfgs,5.8748533293477365e-06,0.00025057007078871623,0.0
5236,lbfgs,5.8699690424555545e-06,0.0004996239130154739,0.0
5237,lbfgs,5.865512609302423e-06,0.0005529568826383401,0.0
5238,lbfgs,5.857611025124915e-06,0.0005866706030689452,0.0
5239,lbfgs,5.846049485376537e-06,0.00040583555221982646,0.0
5240,lbfgs,5.831766233105259e-06,0.0005452285758717414,0.0
5241,lbfgs,5.807856311459999e-06,0.0009368465558253338,0.0
5242,lbfgs,5.767557129552489e-06,0.0013956847326727943,0.0
5243,lbfgs,5.707541896971192e-06,0.0017622016495947301,0.0
5244,lbfgs,5.622655946083614e-06,0.0016839684659902398,0.0
5245,lbfgs,5.669615137536849e-06,0.003379947209237561,0.0
5246,lbfgs,5.586342978821206e-06,0.0020581227180466364,0.0
5247,lbfgs,5.505786781923011e-06,0.0017442178365096757,0.0
5248,lbfgs,5.464999847373033e-06,0.0007917236026079567,0.0
5249,lbfgs,5.42906643950583e-06,0.0016934033008079654,0.0
5250,lbfgs,5.412785315288721e-06,0.0009332293734269845,0.0
5251,lbfgs,5.399847638999238e-06,0.00023086371452250493,0.0
5252,lbfgs,5.395950426175061e-06,0.00021155872743167266,0.0
5253,lbfgs,5.393548608380923e-06,0.00013014690324072094,0.0
5254,lbfgs,5.39095409314722e-06,0.0001227959068697296,0.0
5255,lbfgs,5.387229814631601e-06,0.00021717727035688424,0.0
5256,lbfgs,5.382885050721396e-06,0.00027364802642199153,0.0
5257,lbfgs,5.374026615868493e-06,0.0002620639217970747,0.0
5258,lbfgs,5.358422006096247e-06,0.00041854663272643917,0.0
5259,lbfgs,5.328537807927205e-06,0.00041067784943531486,0.0
5260,lbfgs,5.2344030366748615e-06,0.0015843921748164825,0.0
5261,lbfgs,5.153199211429397e-06,0.0018462061471617639,0.0
5262,lbfgs,5.008147387386084e-06,0.001318038217384069,0.0
5263,lbfgs,4.902929859473503e-06,0.0006563522458358115,0.0
5264,lbfgs,4.872630739735115e-06,0.0021126813493208387,0.0
5265,lbfgs,4.874684898982131e-06,0.003648206231696153,0.0
5266,lbfgs,4.829500322901558e-06,0.0010032401510329538,0.0
5267,lbfgs,4.807085512924139e-06,0.0011306496230746293,0.0
5268,lbfgs,4.7869129595612245e-06,0.0005275329646753147,0.0
5269,lbfgs,4.7650608301534645e-06,0.0003468146224058066,0.0
5270,lbfgs,4.75610202641546e-06,0.0006466763288739986,0.0
5271,lbfgs,4.751849889233131e-06,0.0001984699848365643,0.0
5272,lbfgs,4.750030580193007e-06,0.00015576099316327963,0.0
5273,lbfgs,4.748455895350194e-06,0.00013046532776993228,0.0
5274,lbfgs,4.7430094603988375e-06,0.00023809967406477703,0.0
5275,lbfgs,4.737132393626172e-06,0.0003388853902786573,0.0
5276,lbfgs,4.727865242363372e-06,0.0007258266141671518,0.0
5277,lbfgs,4.714516384930602e-06,0.0007734599528050234,0.0
5278,lbfgs,4.693719615273731e-06,0.001227389658273225,0.0
5279,lbfgs,4.665834963307201e-06,0.0011098431415039354,0.0
5280,lbfgs,4.617476522671534e-06,0.0016353355222995156,0.0
5281,lbfgs,4.560774231520634e-06,0.0009610902694379907,0.0
5282,lbfgs,4.459240930941704e-06,0.0016296040649212522,0.0
5283,lbfgs,4.446438072606925e-06,0.003351365014396399,0.0
5284,lbfgs,4.576199116756701e-06,0.004786866746014694,0.0
5285,lbfgs,4.405166608941306e-06,0.0016138952004358944,0.0
5286,lbfgs,4.3802920880817864e-06,0.0019130559862276016,0.0
5287,lbfgs,4.362595742565525e-06,0.001132063627191518,0.0
5288,lbfgs,4.353009257212395e-06,0.0008645916626600412,0.0
5289,lbfgs,4.346895637070628e-06,0.00044556666511932544,0.0
5290,lbfgs,4.3407510639466026e-06,0.00032665222998684687,0.0
5291,lbfgs,4.335076290618332e-06,0.0004153981482097441,0.0
5292,lbfgs,4.328891917419824e-06,0.00046590012333549177,0.0
5293,lbfgs,4.323729845181214e-06,0.0007239450973141625,0.0
5294,lbfgs,4.3161712923368336e-06,0.0006285534321411188,0.0
5295,lbfgs,4.306541057612727e-06,0.00038497459241051756,0.0
5296,lbfgs,4.299561429863905e-06,0.0002678522286352785,0.0
5297,lbfgs,4.292688425859063e-06,0.0004675357501653909,0.0
5298,lbfgs,4.286914460209204e-06,0.0006369976079288465,0.0
5299,lbfgs,4.282483588780276e-06,0.0005439513074000254,0.0
5300,lbfgs,4.278261786029385e-06,0.00042207989665346205,0.0
5301,lbfgs,4.2747597484826184e-06,0.0001524273705226973,0.0
5302,lbfgs,4.272792755369096e-06,0.00016742340589688464,0.0
5303,lbfgs,4.2712943418159746e-06,0.00024344490041375185,0.0
5304,lbfgs,4.269513168539936e-06,0.0002976280818556635,0.0
5305,lbfgs,4.266739379132992e-06,0.0003420625216119522,0.0
5306,lbfgs,4.260150328333555e-06,0.0004293600045197083,0.0
5307,lbfgs,4.246710111858439e-06,0.0004385365533156004,0.0
5308,lbfgs,4.346751180915356e-06,0.0011421426797316179,0.0
5309,lbfgs,4.240792398996511e-06,0.0004377379665071567,0.0
5310,lbfgs,4.211449527259918e-06,0.000663069683209097,0.0
5311,lbfgs,4.164536258914165e-06,0.0008010728537114987,0.0
5312,lbfgs,4.079025277488834e-06,0.0011640211550716997,0.0
5313,lbfgs,3.94663569321844e-06,0.0014178396678212488,0.0
5314,lbfgs,3.880533961856371e-06,0.003969553042497246,0.0
5315,lbfgs,3.926004684346736e-06,0.0035351052890683662,0.0
5316,lbfgs,3.7926777934848217e-06,0.0010996068969925592,0.0
5317,lbfgs,3.734043838826889e-06,0.0011555347294859868,0.0
5318,lbfgs,3.6384488952215434e-06,0.002045756711478347,0.0
5319,lbfgs,3.59882704040371e-06,0.0015697083744570899,0.0
5320,lbfgs,3.557573647063735e-06,0.002313479350703997,0.0
5321,lbfgs,3.5383056360700625e-06,0.0012880698742917288,0.0
5322,lbfgs,3.5049940874868755e-06,0.0012085401446772723,0.0
5323,lbfgs,3.4892373399447865e-06,0.0014775533269817869,0.0
5324,lbfgs,3.4787653126256694e-06,0.0007493084263261896,0.0
5325,lbfgs,3.4579569796972513e-06,0.0009365249744470899,0.0
5326,lbfgs,3.444819272077632e-06,0.0009400891805268783,0.0
5327,lbfgs,3.428347402192843e-06,0.0009932558098973187,0.0
5328,lbfgs,3.400089205696224e-06,0.0007296828562877548,0.0
5329,lbfgs,3.394621594583927e-06,0.002098858008187754,0.0
5330,lbfgs,3.3868472009746906e-06,0.0011774501273323155,0.0
5331,lbfgs,3.4173832670056582e-06,0.0035271422417486537,0.0
5332,lbfgs,3.3792485582916342e-06,0.0010381562904732177,0.0
5333,lbfgs,3.3710631390819043e-06,0.00046781773659115286,0.0
5334,lbfgs,3.365517575935528e-06,0.0008939344227811571,0.0
5335,lbfgs,3.361953625616662e-06,0.0007838324384019743,0.0
5336,lbfgs,3.3574229511745466e-06,0.00027018416102116697,0.0
5337,lbfgs,3.3558970705331925e-06,0.00016417010069566176,0.0
5338,lbfgs,3.3541790727562e-06,0.00026887647062109654,0.0
5339,lbfgs,3.3522232299917563e-06,0.00017395721022728713,0.0
5340,lbfgs,3.3509973019614803e-06,0.0001731453549556717,0.0
5341,lbfgs,3.349775116099926e-06,0.00021548436635408016,0.0
5342,lbfgs,3.3488951125899054e-06,0.0002814345544381607,0.0
5343,lbfgs,3.3476342556709274e-06,0.00018673104457260303,0.0
5344,lbfgs,3.3460530469554525e-06,0.00027146652390768605,0.0
5345,lbfgs,3.344539891403782e-06,0.00031090801830028824,0.0
5346,lbfgs,3.3419599354076037e-06,0.0003906060053160142,0.0
5347,lbfgs,3.3382998564816515e-06,0.00023190270639190916,0.0
5348,lbfgs,3.333522726001188e-06,0.0005126393651242367,0.0
5349,lbfgs,3.3300463809556852e-06,0.00018065207660745858,0.0
5350,lbfgs,3.326278741410793e-06,0.00046251071565191665,0.0
5351,lbfgs,3.320526005039656e-06,0.0005089421536187832,0.0
5352,lbfgs,3.302208327817772e-06,0.00047834778011791553,0.0
5353,lbfgs,3.327865232289542e-06,0.001753187498962669,0.0
5354,lbfgs,3.293404724091031e-06,0.0007987515845106798,0.0
5355,lbfgs,3.27440936444222e-06,0.0006680963383919634,0.0
5356,lbfgs,3.2315109454170436e-06,0.0015441108203685032,0.0
5357,lbfgs,3.2063546094640647e-06,0.0012481540943060664,0.0
5358,lbfgs,3.1815205137857473e-06,0.0005647136843064172,0.0
5359,lbfgs,3.156688376884302e-06,0.0021639598112041555,0.0
5360,lbfgs,3.134028640200825e-06,0.0017774603316281312,0.0
5361,lbfgs,3.087588738385159e-06,0.0012665168525931182,0.0
5362,lbfgs,3.0517571588493987e-06,0.0006562844823648164,0.0
5363,lbfgs,3.0041027310888847e-06,0.0012251216838095617,0.0
5364,lbfgs,2.96859262284442e-06,0.0010071180737536282,0.0
5365,lbfgs,2.9536450025679004e-06,0.0009535446772206731,0.0
5366,lbfgs,2.94076697948134e-06,0.0004911335369911661,0.0
5367,lbfgs,2.9262116080879493e-06,0.0008541500382283548,0.0
5368,lbfgs,2.913051880878283e-06,0.0007577419425092219,0.0
5369,lbfgs,2.8958843542924575e-06,0.0007038854171730662,0.0
5370,lbfgs,2.8819116848831105e-06,0.0004337206174171483,0.0
5371,lbfgs,2.8701643222109383e-06,0.0005349861663665783,0.0
5372,lbfgs,2.863279386740231e-06,0.0003926666526924725,0.0
5373,lbfgs,2.8584142160860708e-06,0.00026919637808762504,0.0
5374,lbfgs,2.8528463676633303e-06,0.00020298536088901679,0.0
5375,lbfgs,2.8500568992979456e-06,0.0001782187008325675,0.0
5376,lbfgs,2.8477801715327183e-06,0.0001562649081689889,0.0
5377,lbfgs,2.846987352983801e-06,0.00033634955426200646,0.0
5378,lbfgs,2.8461432570364587e-06,0.0001443003716403722,0.0
5379,lbfgs,2.8457483290886725e-06,0.00011817815651435597,0.0
5380,lbfgs,2.845405159551988e-06,0.00011288932078213066,0.0
5381,lbfgs,2.8445905324206465e-06,0.00019881496588995755,0.0
5382,lbfgs,2.8434733056270733e-06,0.00014207050307647777,0.0
5383,lbfgs,2.840821878254964e-06,9.152242834955757e-05,0.0
5384,lbfgs,2.838417207593475e-06,0.00019753804401680534,0.0
5385,lbfgs,2.8356696666751086e-06,0.0003497793390341892,0.0
5386,lbfgs,2.832949988759707e-06,0.00030003567675947445,0.0
5387,lbfgs,2.8299649900056686e-06,0.0002757629168558204,0.0
5388,lbfgs,2.826689811548263e-06,0.0002126810760945345,0.0
5389,lbfgs,2.8224133937284577e-06,0.00033471079360096283,0.0
5390,lbfgs,2.816413650530525e-06,0.0002506300732658224,0.0
5391,lbfgs,2.8019377811248124e-06,0.000503967137956036,0.0
5392,lbfgs,2.789765395320704e-06,0.0004338365357532536,0.0
5393,lbfgs,2.7777641405396572e-06,0.0006357658685397829,0.0
5394,lbfgs,2.7682378786731566e-06,0.0005114604856761032,0.0
5395,lbfgs,2.7557905926671843e-06,0.0006176291344206326,0.0
5396,lbfgs,2.7359204942228124e-06,0.0006527901551738659,0.0
5397,lbfgs,2.697348020089563e-06,0.0010897112775275772,0.0
5398,lbfgs,2.649578166728749e-06,0.0016081143856982608,0.0
5399,lbfgs,2.597069476526987e-06,0.0015732965112324072,0.0
5400,lbfgs,2.548676888780916e-06,0.001383082152403207,0.0
5401,lbfgs,2.5959736682263755e-06,0.004873823654340134,0.0
5402,lbfgs,2.5258088498907706e-06,0.0013608994535962017,0.0
5403,lbfgs,2.50906867810704e-06,0.000871176763502476,0.0
5404,lbfgs,2.4986372141343214e-06,0.0006933235000596303,0.0
5405,lbfgs,2.49438285766093e-06,0.0004347628099421133,0.0
5406,lbfgs,2.4888717749090983e-06,0.00040092704748011606,0.0
5407,lbfgs,2.482895299537679e-06,0.0003008820216166842,0.0
5408,lbfgs,2.4809245437699005e-06,0.00018188068082917804,0.0
5409,lbfgs,2.4789524445565872e-06,0.00045344391807695906,0.0
5410,lbfgs,2.4770192623227818e-06,0.0001916753274193589,0.0
5411,lbfgs,2.474802476015086e-06,0.00020926286093650713,0.0
5412,lbfgs,2.4729754704920097e-06,0.00015826373423385187,0.0
5413,lbfgs,2.471279551370623e-06,0.00014194836031902072,0.0
5414,lbfgs,2.47010472138793e-06,9.682833925617937e-05,0.0
5415,lbfgs,2.4687020784590655e-06,0.00018681683220528387,0.0
5416,lbfgs,2.467734566402558e-06,0.00011587983615221365,0.0
5417,lbfgs,2.4668064485551644e-06,0.00016597811329954743,0.0
5418,lbfgs,2.4665357546877576e-06,0.0001927976641727702,0.0
5419,lbfgs,2.466193013645589e-06,0.0003593512318467127,0.0
5420,lbfgs,2.465627588979683e-06,0.0001465640995517198,0.0
5421,lbfgs,2.465214669668519e-06,8.889972522949667e-05,0.0
5422,lbfgs,2.4643718350781973e-06,9.554643128782304e-05,0.0
5423,lbfgs,2.4632497345455703e-06,0.00012422371485171712,0.0
5424,lbfgs,2.461127362252054e-06,0.00025270223597061565,0.0
5425,lbfgs,2.4578738336154864e-06,0.00015946379947513067,0.0
5426,lbfgs,2.453650959245229e-06,0.00037270466847130973,0.0
5427,lbfgs,2.4488325519666173e-06,0.00026325243171430396,0.0
5428,lbfgs,2.4452954961804166e-06,0.0013146394586336394,0.0
5429,lbfgs,2.4395454975258477e-06,0.0007330287185073317,0.0
5430,lbfgs,2.430996532489452e-06,0.00044572461613989696,0.0
5431,lbfgs,2.4083772687190236e-06,0.00044269076853103035,0.0
5432,lbfgs,2.377804190266488e-06,0.0007729845880172161,0.0
5433,lbfgs,2.337127050005623e-06,0.0005866082006774472,0.0
5434,lbfgs,2.2897923513152453e-06,0.001057770491811005,0.0
5435,lbfgs,2.2427059283421827e-06,0.0006926320579791271,0.0
5436,lbfgs,2.2427430440342612e-06,0.00282628923292824,0.0
5437,lbfgs,2.231499984722895e-06,0.0013991883636584703,0.0
5438,lbfgs,2.399322301757985e-06,0.006413099118566328,0.0
5439,lbfgs,2.216967817060263e-06,0.0011127336062739296,0.0
5440,lbfgs,2.2076299782373784e-06,0.000728624832492727,0.0
5441,lbfgs,2.199256042676431e-06,0.001140581202915986,0.0
5442,lbfgs,2.188266999504044e-06,0.0007896937215787121,0.0
5443,lbfgs,2.1816207962295786e-06,0.00042059521724123434,0.0
5444,lbfgs,2.1744514906645e-06,0.000369131411579265,0.0
5445,lbfgs,2.168373992044309e-06,0.00033821790474344735,0.0
5446,lbfgs,2.166013845541657e-06,0.0005389766945268747,0.0
5447,lbfgs,2.1640870875942093e-06,0.00020256068400839266,0.0
5448,lbfgs,2.1631753491857426e-06,0.00021371523138330407,0.0
5449,lbfgs,2.162378593855025e-06,0.00019641765652635436,0.0
5450,lbfgs,2.1615319555928294e-06,0.00021438625999148524,0.0
5451,lbfgs,2.161164381157907e-06,0.00016097098308081063,0.0
5452,lbfgs,2.1606224262027483e-06,8.890750866773157e-05,0.0
5453,lbfgs,2.1599754499613776e-06,9.946468456316388e-05,0.0
5454,lbfgs,2.158759431769827e-06,9.977994518080547e-05,0.0
5455,lbfgs,2.1575041479924007e-06,0.00013860066396617705,0.0
5456,lbfgs,2.1555917474072293e-06,0.00026668772936225456,0.0
5457,lbfgs,2.1536464926547515e-06,0.00030336413386827105,0.0
5458,lbfgs,2.1515961858320048e-06,0.00030871683150170354,0.0
5459,lbfgs,2.149729770960699e-06,0.000312003167911501,0.0
5460,lbfgs,2.1478445690171365e-06,0.000364783133358532,0.0
5461,lbfgs,2.144904508986368e-06,0.0005494366022119331,0.0
5462,lbfgs,2.141437574413335e-06,0.0005706708570414685,0.0
5463,lbfgs,2.138146941285047e-06,0.00044602743689572163,0.0
5464,lbfgs,2.135633065598041e-06,0.00037593023211870437,0.0
5465,lbfgs,2.133691333780564e-06,0.0002233164172562808,0.0
5466,lbfgs,2.131145818720879e-06,0.00014402253633017458,0.0
5467,lbfgs,2.1260199618576377e-06,0.00029944265134932536,0.0
5468,lbfgs,2.1152834271021602e-06,0.0006501309934064079,0.0
5469,lbfgs,2.092843655127053e-06,0.0007981922434064251,0.0
5470,lbfgs,2.0442160827424574e-06,0.0018490779424332724,0.0
5471,lbfgs,1.984829127571695e-06,0.002343408898063644,0.0
5472,lbfgs,1.9927514172982404e-06,0.008318483149622139,0.0
5473,lbfgs,1.912546116260311e-06,0.0027798847367771656,0.0
5474,lbfgs,1.8225893296004846e-06,0.0031770883262662586,0.0
5475,lbfgs,1.7615560082860742e-06,0.0037155426075238685,0.0
5476,lbfgs,1.7043260530231563e-06,0.0014546003738711002,0.0
5477,lbfgs,1.6658087738489123e-06,0.0009550232802365538,0.0
5478,lbfgs,1.6632156479036197e-06,0.0036533290573396507,0.0
5479,lbfgs,1.6469155443218462e-06,0.0019147936216461763,0.0
5480,lbfgs,1.6240019921865716e-06,0.0021114018290633247,0.0
5481,lbfgs,1.603662089979095e-06,0.000564808557101708,0.0
5482,lbfgs,1.5881519034924273e-06,0.0016427903847296829,0.0
5483,lbfgs,1.571949490333265e-06,0.000873871607315623,0.0
5484,lbfgs,1.5576198659530542e-06,0.0006255736550875524,0.0
5485,lbfgs,1.5490286526639738e-06,0.0011043616665976342,0.0
5486,lbfgs,1.544760110244591e-06,0.0006153039791908137,0.0
5487,lbfgs,1.5425974475992578e-06,0.0009137549749364674,0.0
5488,lbfgs,1.538793824504584e-06,0.0007814213504371222,0.0
5489,lbfgs,1.5357218292322861e-06,0.0006946366453859259,0.0
5490,lbfgs,1.5303974064946811e-06,0.0008506565174195338,0.0
5491,lbfgs,1.5248847929602085e-06,0.0007741159916794214,0.0
5492,lbfgs,1.517477663319243e-06,0.0011486441835072375,0.0
5493,lbfgs,1.5091669630716012e-06,0.0007136108695733628,0.0
5494,lbfgs,1.5004267117273583e-06,0.001447927757876595,0.0
5495,lbfgs,1.4941725606405932e-06,0.0010588111326100475,0.0
5496,lbfgs,1.4867527839320065e-06,0.0007107349411984644,0.0
5497,lbfgs,1.4812803046679456e-06,0.0007332785307502936,0.0
5498,lbfgs,1.4725628420487876e-06,0.0008140196330331974,0.0
5499,lbfgs,1.4643732926668667e-06,0.0006128780239941339,0.0
5500,lbfgs,1.4554268234311013e-06,0.0005935712188575412,0.0
5501,lbfgs,1.448514113440964e-06,0.001177624343090223,0.0
5502,lbfgs,1.451377272189107e-06,0.0011867201519276675,0.0
5503,lbfgs,1.443767611962348e-06,0.00037637542743776387,0.0
5504,lbfgs,1.4413634375733082e-06,0.0005674403203802806,0.0
5505,lbfgs,1.4376360004303465e-06,0.00021369867777646363,0.0
5506,lbfgs,1.435494356352135e-06,0.00037550589870680975,0.0
5507,lbfgs,1.4350505814658597e-06,0.0003122586560776489,0.0
5508,lbfgs,1.434575377843731e-06,0.00015080659561761455,0.0
5509,lbfgs,1.4342920921745264e-06,9.285276439017416e-05,0.0
5510,lbfgs,1.4339373394375353e-06,0.0001258026143368154,0.0
5511,lbfgs,1.4339170615970577e-06,9.874853447229799e-05,0.0
5512,lbfgs,1.433672648086873e-06,2.9657104833419253e-05,0.0
5513,lbfgs,1.4336013879636852e-06,4.1961260986799114e-05,0.0
5514,lbfgs,1.4336234915782439e-06,2.6860182503598446e-05,0.0
5515,lbfgs,1.4336943019301291e-06,3.8933938991624244e-05,0.0
5516,lbfgs,1.4336130892540424e-06,4.1966064608315786e-05,0.0
5517,lbfgs,1.4336012602667316e-06,4.1971303510395515e-05,0.0
5518,lbfgs,1.4336012602667394e-06,4.197130351040799e-05,0.0
