iteration,phase,loss,grad_norm
0,adam,1.1396163702011108,1.2025066614151
1,adam,1.104873538017273,0.9480240345001221
2,adam,1.0777710676193237,0.7579715847969055
3,adam,1.0565108060836792,0.60288006067276
4,adam,1.0400474071502686,0.4744909405708313
5,adam,1.0275222063064575,0.3765476942062378
6,adam,1.018039345741272,0.31851300597190857
7,adam,1.0106594562530518,0.30540621280670166
8,adam,1.0044447183609009,0.3291351795196533
9,adam,0.998507022857666,0.37433046102523804
10,adam,0.9920543432235718,0.42937803268432617
11,adam,0.9844260811805725,0.4880896806716919
12,adam,0.9751143455505371,0.5470624566078186
13,adam,0.9637736678123474,0.6035458445549011
14,adam,0.9502314925193787,0.6543995141983032
15,adam,0.9345138072967529,0.6957489252090454
16,adam,0.916880190372467,0.7230808734893799
17,adam,0.8978481292724609,0.7316861152648926
18,adam,0.8781915903091431,0.7172940969467163
19,adam,0.858911395072937,0.6769295930862427
20,adam,0.841160237789154,0.6104767918586731
21,adam,0.8261213898658752,0.5244908928871155
22,adam,0.8148224949836731,0.4417217969894409
23,adam,0.8078148365020752,0.4121496379375458
24,adam,0.8047105073928833,0.474846214056015
25,adam,0.8039515614509583,0.592933714389801
26,adam,0.8032508492469788,0.7041497826576233
27,adam,0.8005373477935791,0.7696931958198547
28,adam,0.7947791218757629,0.7759920358657837
29,adam,0.7861917018890381,0.7285779118537903
30,adam,0.7758464813232422,0.6450802683830261
31,adam,0.7650647759437561,0.5489088296890259
32,adam,0.7549261450767517,0.46453914046287537
33,adam,0.7460130453109741,0.4120446443557739
34,adam,0.7383850812911987,0.398656964302063
35,adam,0.7317095398902893,0.4159591495990753
36,adam,0.725435197353363,0.4501826763153076
37,adam,0.7189305424690247,0.49151572585105896
38,adam,0.7115708589553833,0.5345702171325684
39,adam,0.7028005123138428,0.5762103796005249
40,adam,0.6921870708465576,0.6146877408027649
41,adam,0.6794582009315491,0.6498911380767822
42,adam,0.6644958257675171,0.6834535002708435
43,adam,0.6472837924957275,0.7179127931594849
44,adam,0.627835750579834,0.7548922300338745
45,adam,0.6061508655548096,0.7932332754135132
46,adam,0.5822520852088928,0.8287367224693298
47,adam,0.5563105940818787,0.8559015393257141
48,adam,0.5287747979164124,0.8694745898246765
49,adam,0.500426709651947,0.8640447854995728
50,adam,0.47239136695861816,0.8329038619995117
51,adam,0.44615647196769714,0.7693949341773987
52,adam,0.4235629439353943,0.6768582463264465
53,adam,0.40654921531677246,0.5994021892547607
54,adam,0.396289587020874,0.6440823674201965
55,adam,0.3917297124862671,0.8349765539169312
56,adam,0.38897237181663513,1.0351449251174927
57,adam,0.3835955262184143,1.1233084201812744
58,adam,0.37392446398735046,1.0738681554794312
59,adam,0.36129727959632874,0.9345762133598328
60,adam,0.34801000356674194,0.774482011795044
61,adam,0.3356909155845642,0.6460770964622498
62,adam,0.32496482133865356,0.5734102725982666
63,adam,0.3157607316970825,0.5530596375465393
64,adam,0.30766814947128296,0.5625631809234619
65,adam,0.3002079129219055,0.5778875350952148
66,adam,0.2930026054382324,0.5849963426589966
67,adam,0.28583240509033203,0.5795390605926514
68,adam,0.27861306071281433,0.561858057975769
69,adam,0.2713664174079895,0.5337024927139282
70,adam,0.26421016454696655,0.49885594844818115
71,adam,0.25732702016830444,0.46468740701675415
72,adam,0.2508796751499176,0.439532995223999
73,adam,0.24492496252059937,0.4262363910675049
74,adam,0.2394094467163086,0.41982343792915344
75,adam,0.2342444509267807,0.41271284222602844
76,adam,0.22938385605812073,0.40010204911231995
77,adam,0.22484825551509857,0.38139334321022034
78,adam,0.2206980139017105,0.36054274439811707
79,adam,0.21697263419628143,0.3459508419036865
80,adam,0.21361802518367767,0.3457454741001129
81,adam,0.21044790744781494,0.3589388132095337
82,adam,0.20719079673290253,0.37353795766830444
83,adam,0.20362135767936707,0.3750841021537781
84,adam,0.19969628751277924,0.3552645742893219
85,adam,0.19559326767921448,0.31552860140800476
86,adam,0.19162067770957947,0.26748743653297424
87,adam,0.18805187940597534,0.23084673285484314
88,adam,0.18498919904232025,0.22328369319438934
89,adam,0.18232835829257965,0.24211283028125763
90,adam,0.17982947826385498,0.26770585775375366
91,adam,0.17724725604057312,0.28281623125076294
92,adam,0.17445328831672668,0.27948296070098877
93,adam,0.1714872568845749,0.25947263836860657
94,adam,0.16850797832012177,0.23349042236804962
95,adam,0.16567830741405487,0.21665166318416595
96,adam,0.16306450963020325,0.21777361631393433
97,adam,0.160611093044281,0.2317262440919876
98,adam,0.1581895351409912,0.24651336669921875
99,adam,0.15567800402641296,0.25296759605407715
100,adam,0.1530241221189499,0.24815550446510315
101,adam,0.1502603441476822,0.23586226999759674
102,adam,0.14746497571468353,0.22436505556106567
103,adam,0.14470067620277405,0.22049471735954285
104,adam,0.1419779658317566,0.22459018230438232
105,adam,0.13926221430301666,0.23234723508358002
106,adam,0.1365056335926056,0.23965565860271454
107,adam,0.13367682695388794,0.24465136229991913
108,adam,0.1307736188173294,0.24792712926864624
109,adam,0.12781526148319244,0.2518209218978882
110,adam,0.12482092529535294,0.2579990029335022
111,adam,0.12179385125637054,0.2652929127216339
112,adam,0.11872705817222595,0.27068284153938293
113,adam,0.11562162637710571,0.271890789270401
114,adam,0.11249718815088272,0.2685716152191162
115,adam,0.10938809812068939,0.2621319890022278
116,adam,0.10633070766925812,0.2549619972705841
117,adam,0.10335233807563782,0.24882061779499054
118,adam,0.1004704087972641,0.24345435202121735
119,adam,0.09770306944847107,0.2374856173992157
120,adam,0.09507960081100464,0.23021943867206573
121,adam,0.092638298869133,0.2216329425573349
122,adam,0.09041585773229599,0.21178758144378662
123,adam,0.08843448758125305,0.20211704075336456
124,adam,0.08668656647205353,0.19652621448040009
125,adam,0.08512084186077118,0.1983901858329773
126,adam,0.08364573121070862,0.2054387331008911
127,adam,0.08216171711683273,0.21014150977134705
128,adam,0.08061117678880692,0.20681782066822052
129,adam,0.0790044292807579,0.1981765776872635
130,adam,0.07738712430000305,0.19342553615570068
131,adam,0.0757775530219078,0.19618600606918335
132,adam,0.07414953410625458,0.19906501471996307
133,adam,0.07247745990753174,0.19579215347766876
134,adam,0.07077082991600037,0.19065015017986298
135,adam,0.06904546916484833,0.19101248681545258
136,adam,0.06728479266166687,0.1931314617395401
137,adam,0.06546497344970703,0.18572822213172913
138,adam,0.06361417472362518,0.16656789183616638
139,adam,0.06180921941995621,0.1479371041059494
140,adam,0.06010390445590019,0.141257643699646
141,adam,0.058492518961429596,0.1391967386007309
142,adam,0.05695463716983795,0.1319577544927597
143,adam,0.05549425259232521,0.12676748633384705
144,adam,0.054107312113046646,0.13306260108947754
145,adam,0.052749644964933395,0.1400282084941864
146,adam,0.05138254165649414,0.13498073816299438
147,adam,0.050023265182971954,0.12389481067657471
148,adam,0.04871106147766113,0.11990120261907578
149,adam,0.047454964369535446,0.11844232678413391
150,adam,0.04625362157821655,0.11070722341537476
151,adam,0.04512427747249603,0.10634830594062805
152,adam,0.04406844079494476,0.11127025634050369
153,adam,0.04305800050497055,0.11103710532188416
154,adam,0.04208384454250336,0.1037505716085434
155,adam,0.04115884006023407,0.10232347249984741
156,adam,0.04027600586414337,0.10152584314346313
157,adam,0.03942783176898956,0.09553196281194687
158,adam,0.03862270340323448,0.09696253389120102
159,adam,0.03784918785095215,0.10011192411184311
160,adam,0.03709321469068527,0.09475238621234894
161,adam,0.0363650843501091,0.09143572300672531
162,adam,0.035668302327394485,0.08772090822458267
163,adam,0.03500768914818764,0.07829368859529495
164,adam,0.03439827635884285,0.07720410823822021
165,adam,0.03383173048496246,0.07756705582141876
166,adam,0.03329705819487572,0.07435663789510727
167,adam,0.03279239684343338,0.07730551064014435
168,adam,0.03230384737253189,0.07504433393478394
169,adam,0.031831517815589905,0.06993589550256729
170,adam,0.03138171136379242,0.06990612298250198
171,adam,0.030950399115681648,0.06588070839643478
172,adam,0.030541952699422836,0.06607222557067871
173,adam,0.030152736231684685,0.06637410819530487
174,adam,0.029779421165585518,0.06341966241598129
175,adam,0.029424648731946945,0.06409107893705368
176,adam,0.02908436208963394,0.0603783056139946
177,adam,0.028760569170117378,0.059843145310878754
178,adam,0.02844807878136635,0.05908260866999626
179,adam,0.0281430222094059,0.058086197823286057
180,adam,0.02784421108663082,0.05889413133263588
181,adam,0.027549196034669876,0.055475447326898575
182,adam,0.027261996641755104,0.05474747344851494
183,adam,0.026981912553310394,0.05265432968735695
184,adam,0.026710016652941704,0.05330570042133331
185,adam,0.026443559676408768,0.052863478660583496
186,adam,0.026181060820817947,0.05213017389178276
187,adam,0.02592143602669239,0.051231272518634796
188,adam,0.025663947686553,0.049309469759464264
189,adam,0.025409653782844543,0.04939494654536247
190,adam,0.02515731193125248,0.04814670607447624
191,adam,0.024907518178224564,0.048188988119363785
192,adam,0.024659400805830956,0.04713321477174759
193,adam,0.024414248764514923,0.04757621884346008
194,adam,0.024171913042664528,0.046857163310050964
195,adam,0.023933162912726402,0.047020405530929565
196,adam,0.02369687147438526,0.046817928552627563
197,adam,0.023462729528546333,0.04729778319597244
198,adam,0.02323020063340664,0.0466749481856823
199,adam,0.022999649867415428,0.04567713662981987
200,adam,0.022771136835217476,0.04476996138691902
201,adam,0.02254493348300457,0.0448201447725296
202,adam,0.022320697084069252,0.04454738646745682
203,adam,0.022098202258348465,0.04389725625514984
204,adam,0.021877346560359,0.04364953190088272
205,adam,0.02165805920958519,0.043932292610406876
206,adam,0.021440226584672928,0.04398730769753456
207,adam,0.02122354321181774,0.043551985174417496
208,adam,0.021007804200053215,0.043352190405130386
209,adam,0.020792927592992783,0.04342912882566452
210,adam,0.020579103380441666,0.04311714321374893
211,adam,0.02036641724407673,0.04241243749856949
212,adam,0.020154830068349838,0.04214797541499138
213,adam,0.019944190979003906,0.042333897203207016
214,adam,0.01973443664610386,0.042101942002773285
215,adam,0.0195255558937788,0.041691556572914124
216,adam,0.019317537546157837,0.0415947325527668
217,adam,0.01911044679582119,0.04176376387476921
218,adam,0.01890421472489834,0.04141777753829956
219,adam,0.018698889762163162,0.041002873331308365
220,adam,0.01849452033638954,0.04080372303724289
221,adam,0.018291179090738297,0.040775202214717865
222,adam,0.01808878220617771,0.040369972586631775
223,adam,0.01788734830915928,0.04009990766644478
224,adam,0.017686760053038597,0.04003399237990379
225,adam,0.017487093806266785,0.04000646620988846
226,adam,0.017288338392972946,0.03971189260482788
227,adam,0.017090555280447006,0.03953118622303009
228,adam,0.016893716529011726,0.039444658905267715
229,adam,0.016697822138667107,0.03925246745347977
230,adam,0.016502879559993744,0.03890029713511467
231,adam,0.016308903694152832,0.03869188204407692
232,adam,0.016115862876176834,0.0386047326028347
233,adam,0.01592373102903366,0.038376882672309875
234,adam,0.015732532367110252,0.03812588378787041
235,adam,0.015542293898761272,0.03802482783794403
236,adam,0.015353039838373661,0.03800170123577118
237,adam,0.015164729207754135,0.037785716354846954
238,adam,0.014977410435676575,0.03755137696862221
239,adam,0.014791063964366913,0.0374099500477314
240,adam,0.014605697244405746,0.03723013773560524
241,adam,0.014421321451663971,0.036940474063158035
242,adam,0.014237958937883377,0.03675644472241402
243,adam,0.014055612497031689,0.03664718195796013
244,adam,0.013874320313334465,0.03642596676945686
245,adam,0.013694098219275475,0.03620311990380287
246,adam,0.013514973223209381,0.03606634959578514
247,adam,0.013336963951587677,0.03590470179915428
248,adam,0.013160090893507004,0.03563806042075157
249,adam,0.012984401546418667,0.035400036722421646
250,adam,0.012809902429580688,0.03522191569209099
251,adam,0.012636646628379822,0.0350220687687397
252,adam,0.012464646250009537,0.034795671701431274
253,adam,0.012293952517211437,0.034625064581632614
254,adam,0.012124610133469105,0.034463148564100266
255,adam,0.01195661723613739,0.034213047474622726
256,adam,0.011790052987635136,0.03397621959447861
257,adam,0.011624934151768684,0.03376972675323486
258,adam,0.011461318470537663,0.0335182324051857
259,adam,0.011299243196845055,0.03324539586901665
260,adam,0.011138735339045525,0.033002838492393494
261,adam,0.010979853570461273,0.03278055787086487
262,adam,0.010822639800608158,0.03252924978733063
263,adam,0.01066712848842144,0.032271482050418854
264,adam,0.01051339041441679,0.03203029930591583
265,adam,0.010361429303884506,0.03174952045083046
266,adam,0.010211318731307983,0.03145792335271835
267,adam,0.010063097812235355,0.031195765361189842
268,adam,0.009916797280311584,0.030932648107409477
269,adam,0.009772473014891148,0.03064655512571335
270,adam,0.009630169719457626,0.030367545783519745
271,adam,0.00948989950120449,0.030102014541625977
272,adam,0.009351753629744053,0.02980511263012886
273,adam,0.009215720929205418,0.029499443247914314
274,adam,0.009081859141588211,0.029199060052633286
275,adam,0.008950191549956799,0.028885765001177788
276,adam,0.008820747956633568,0.028569571673870087
277,adam,0.008693568408489227,0.02826620079576969
278,adam,0.008568665012717247,0.027966326102614403
279,adam,0.008446073159575462,0.02764640375971794
280,adam,0.008325796574354172,0.027334872633218765
281,adam,0.00820787064731121,0.027021706104278564
282,adam,0.008092292584478855,0.026714174076914787
283,adam,0.007979083806276321,0.02641025185585022
284,adam,0.00786825455725193,0.026155102998018265
285,adam,0.007759795989841223,0.025966916233301163
286,adam,0.0076537360437214375,0.02608984149992466
287,adam,0.007550136186182499,0.027091067284345627
288,adam,0.007449162658303976,0.030953526496887207
289,adam,0.007351596839725971,0.04239568114280701
290,adam,0.007260183338075876,0.07076750695705414
291,adam,0.007186769973486662,0.13292166590690613
292,adam,0.007178395055234432,0.26296037435531616
293,adam,0.007429732941091061,0.5273390412330627
294,adam,0.00852178130298853,1.0078810453414917
295,adam,0.010923990979790688,1.5936286449432373
296,adam,0.010694715194404125,1.5785062313079834
297,adam,0.007062623742967844,0.4941285252571106
298,adam,0.00791146233677864,0.9015798568725586
299,adam,0.009268118068575859,1.3144290447235107
300,adam,0.006713689770549536,0.38023295998573303
301,adam,0.007623458281159401,0.8721914291381836
302,adam,0.008013552986085415,1.0279076099395752
303,adam,0.006316022016108036,0.08246944844722748
304,adam,0.007576506119221449,0.9240049719810486
305,adam,0.006892252713441849,0.6695837378501892
306,adam,0.0063535431399941444,0.3702473044395447
307,adam,0.007217762526124716,0.8562073707580566
308,adam,0.006153454538434744,0.26752445101737976
309,adam,0.006543966010212898,0.6032193303108215
310,adam,0.006565166171640158,0.6393923759460449
311,adam,0.0059210131876170635,0.1407952457666397
312,adam,0.00649677962064743,0.6568199396133423
313,adam,0.005973018705844879,0.3378240168094635
314,adam,0.005962109658867121,0.37602296471595764
315,adam,0.006164029240608215,0.5516571998596191
316,adam,0.005668171215802431,0.07041105628013611
317,adam,0.005952141247689724,0.4763021171092987
318,adam,0.005770448595285416,0.3623553216457367
319,adam,0.005578718613833189,0.1845782846212387
320,adam,0.005793823394924402,0.45507535338401794
321,adam,0.005489125847816467,0.1670985072851181
322,adam,0.005533660762012005,0.29612696170806885
323,adam,0.005562660284340382,0.3654874265193939
324,adam,0.005327914841473103,0.032099537551403046
325,adam,0.005445810966193676,0.329202800989151
326,adam,0.0053453571163117886,0.2545236349105835
327,adam,0.005228374153375626,0.10500851273536682
328,adam,0.0053164600394666195,0.3111730217933655
329,adam,0.005174401216208935,0.1538236290216446
330,adam,0.00514073995873332,0.1598440259695053
331,adam,0.00517282634973526,0.26878052949905396
332,adam,0.005042809061706066,0.07901477813720703
333,adam,0.005045905243605375,0.17958536744117737
334,adam,0.0050362334586679935,0.22214435040950775
335,adam,0.004934065509587526,0.03377046063542366
336,adam,0.0049440013244748116,0.1765998750925064
337,adam,0.00491325743496418,0.18166707456111908
338,adam,0.0048353360034525394,0.02111361175775528
339,adam,0.004840053152292967,0.16215473413467407
340,adam,0.004802940413355827,0.15101774036884308
341,adam,0.004741305951029062,0.024478729814291
342,adam,0.004738217685371637,0.1429426521062851
343,adam,0.004702175501734018,0.12993846833705902
344,adam,0.004650101996958256,0.024945642799139023
345,adam,0.004639961291104555,0.12211627513170242
346,adam,0.004608092829585075,0.11598101258277893
347,adam,0.004561752080917358,0.024292346090078354
348,adam,0.00454575102776289,0.10034094005823135
349,adam,0.0045186858624219894,0.1064504012465477
350,adam,0.004476492293179035,0.02896885946393013
351,adam,0.004455411806702614,0.07746219635009766
352,adam,0.004432397894561291,0.09792428463697433
353,adam,0.004394381772726774,0.03926705941557884
354,adam,0.00436893105506897,0.053447529673576355
355,adam,0.004348376765847206,0.08763401210308075
356,adam,0.0043151187710464,0.05087714642286301
357,adam,0.004286335315555334,0.02933536469936371
358,adam,0.004266094882041216,0.07325934618711472
359,adam,0.004237935412675142,0.05970380827784538
360,adam,0.004207724239677191,0.014467013068497181
361,adam,0.004185766447335482,0.05359582230448723
362,adam,0.0041619036346673965,0.06191570311784744
363,adam,0.004132759291678667,0.027676822617650032
364,adam,0.004108156077563763,0.03019782155752182
365,adam,0.0040863920003175735,0.0547616071999073
366,adam,0.004060320556163788,0.04216888174414635
367,adam,0.004034094512462616,0.01340282242745161
368,adam,0.004011861514300108,0.03827425092458725
369,adam,0.003988900221884251,0.046433594077825546
370,adam,0.003963446710258722,0.02571975067257881
371,adam,0.003939645830541849,0.018063370138406754
372,adam,0.0039178188890218735,0.0377657413482666
373,adam,0.003894711844623089,0.036108486354351044
374,adam,0.003870645770803094,0.01880878210067749
375,adam,0.003848075168207288,0.020130418241024017
376,adam,0.0038264787290245295,0.03244522586464882
377,adam,0.0038039740175008774,0.030320337042212486
378,adam,0.003781062550842762,0.015687204897403717
379,adam,0.0037591992877423763,0.01774810440838337
380,adam,0.003738012630492449,0.0283497367054224
381,adam,0.003716312348842621,0.025671491399407387
382,adam,0.003694309387356043,0.015697598457336426
383,adam,0.003673007246106863,0.015117290429770947
384,adam,0.0036523158196359873,0.02284359559416771
385,adam,0.0036314043682068586,0.024115243926644325
386,adam,0.0036102249287068844,0.01586310938000679
387,adam,0.003589437808841467,0.012080498971045017
388,adam,0.0035692027304321527,0.01870599575340748
389,adam,0.0035490202717483044,0.020814530551433563
390,adam,0.003528659464791417,0.01794716715812683
391,adam,0.00350842229090631,0.012041095644235611
392,adam,0.0034885939676314592,0.013305465690791607
393,adam,0.0034690157044678926,0.018014058470726013
394,adam,0.003449434181675315,0.017538731917738914
395,adam,0.003429837990552187,0.014823226258158684
396,adam,0.003410434816032648,0.011529430747032166
397,adam,0.0033913194201886654,0.01278044655919075
398,adam,0.0033723697997629642,0.01600898988544941
399,adam,0.003353481413796544,0.015553299337625504
400,adam,0.003334633307531476,0.013928191736340523
401,adam,0.0033159360755234957,0.011238301172852516
402,adam,0.003297447459772229,0.011490986682474613
403,adam,0.0032791434787213802,0.013840909115970135
404,adam,0.003260935889557004,0.014063747599720955
405,adam,0.003242802107706666,0.01375168189406395
406,adam,0.003224768443033099,0.011521516367793083
407,adam,0.0032068886794149876,0.010831456631422043
408,adam,0.00318917422555387,0.011546513065695763
409,adam,0.0031716024968773127,0.012161925435066223
410,adam,0.003154135774821043,0.013130461797118187
411,adam,0.0031367561314255,0.01216263696551323
412,adam,0.0031194938346743584,0.011716268956661224
413,adam,0.0031023477204144,0.010606563650071621
414,adam,0.0030853375792503357,0.010454747825860977
415,adam,0.0030684650409966707,0.011021415702998638
416,adam,0.0030517105478793383,0.01120960433036089
417,adam,0.0030350617598742247,0.01199258491396904
418,adam,0.0030185231007635593,0.011434703134000301
419,adam,0.003002079436555505,0.011513514444231987
420,adam,0.002985753584653139,0.010627109557390213
421,adam,0.002969539724290371,0.010470367968082428
422,adam,0.0029534415807574987,0.010092404671013355
423,adam,0.002937458222731948,0.010046887211501598
424,adam,0.002921583130955696,0.010309908539056778
425,adam,0.002905821893364191,0.01025828905403614
426,adam,0.0028901679906994104,0.010780488140881062
427,adam,0.0028746130410581827,0.010564792901277542
428,adam,0.002859163098037243,0.011089795269072056
429,adam,0.0028438225854188204,0.010726476088166237
430,adam,0.0028285779990255833,0.011254576966166496
431,adam,0.0028134395834058523,0.010872196406126022
432,adam,0.0027984073385596275,0.011503261514008045
433,adam,0.002783470321446657,0.011207278817892075
434,adam,0.0027686473913490772,0.012134574353694916
435,adam,0.002753923647105694,0.012126938439905643
436,adam,0.0027393116615712643,0.013730539940297604
437,adam,0.002724821912124753,0.014488864690065384
438,adam,0.002710462547838688,0.017571723088622093
439,adam,0.002696262439712882,0.020235974341630936
440,adam,0.0026822970248758793,0.026346199214458466
441,adam,0.0026686738710850477,0.033142633736133575
442,adam,0.002655648160725832,0.04541049897670746
443,adam,0.0026437523774802685,0.06118106469511986
444,adam,0.0026341343764215708,0.0868893414735794
445,adam,0.0026293392293155193,0.12290295213460922
446,adam,0.002635109703987837,0.17940278351306915
447,adam,0.00266441167332232,0.2624570429325104
448,adam,0.002747124992311001,0.3907220661640167
449,adam,0.002948076231405139,0.5812873244285583
450,adam,0.0034016543067991734,0.862002968788147
451,adam,0.004291960503906012,1.2366445064544678
452,adam,0.005641198717057705,1.6449322700500488
453,adam,0.006453670561313629,1.8522882461547852
454,adam,0.005240792874246836,1.5414392948150635
455,adam,0.0029362959321588278,0.6188181042671204
456,adam,0.0027841755654662848,0.5072038173675537
457,adam,0.004319868981838226,1.2635917663574219
458,adam,0.004250001162290573,1.244504451751709
459,adam,0.002720932010561228,0.4835807979106903
460,adam,0.002740841591730714,0.5083448886871338
461,adam,0.003758935024961829,1.0705116987228394
462,adam,0.0032817863393574953,0.8596408367156982
463,adam,0.0024187935050576925,0.07148131728172302
464,adam,0.002957862103357911,0.6920156478881836
465,adam,0.003289183136075735,0.8787288069725037
466,adam,0.0025676898658275604,0.3954498767852783
467,adam,0.00250445120036602,0.33627983927726746
468,adam,0.0030016303062438965,0.744233250617981
469,adam,0.0027002105489373207,0.5472904443740845
470,adam,0.002345849759876728,0.05333402007818222
471,adam,0.002674960531294346,0.5468400716781616
472,adam,0.002713505644351244,0.5836635828018188
473,adam,0.0023479305673390627,0.17586994171142578
474,adam,0.0024246072862297297,0.32858195900917053
475,adam,0.0026166122406721115,0.533089816570282
476,adam,0.002397088101133704,0.3177940845489502
477,adam,0.002288340125232935,0.11910904943943024
478,adam,0.002465394325554371,0.4214472472667694
479,adam,0.002420012839138508,0.38421159982681274
480,adam,0.0022478827740997076,0.06421884894371033
481,adam,0.002317107515409589,0.27118024230003357
482,adam,0.0023852307349443436,0.37787333130836487
483,adam,0.0022598542273044586,0.20036551356315613
484,adam,0.0022171223536133766,0.10316168516874313
485,adam,0.002299586310982704,0.304490327835083
486,adam,0.0022684766445308924,0.2704208195209503
487,adam,0.002179596573114395,0.05431562662124634
488,adam,0.002204371616244316,0.18239416182041168
489,adam,0.0022383006289601326,0.2671279013156891
490,adam,0.0021782703697681427,0.16469191014766693
491,adam,0.0021406784653663635,0.04198089614510536
492,adam,0.002173535991460085,0.19755974411964417
493,adam,0.0021697855554521084,0.21088139712810516
494,adam,0.002118946984410286,0.08437338471412659
495,adam,0.0021095757838338614,0.08347940444946289
496,adam,0.00212971237488091,0.1828446090221405
497,adam,0.0021110055968165398,0.1562669724225998
498,adam,0.0020760672632604837,0.03799329325556755
499,adam,0.002075502648949623,0.09563811123371124
500,adam,0.002083530882373452,0.155273899435997
501,adam,0.0020631756633520126,0.11869917809963226
502,adam,0.0020391615107655525,0.016490444540977478
503,adam,0.0020386469550430775,0.08795776218175888
504,adam,0.0020399459172040224,0.13073033094406128
505,adam,0.002022495726123452,0.09441269189119339
506,adam,0.002004114678129554,0.013131577521562576
507,adam,0.0020010119769722223,0.0727723017334938
508,adam,0.0019993619062006474,0.10695651173591614
509,adam,0.001985701033845544,0.08349341154098511
510,adam,0.0019701013807207346,0.018316257745027542
511,adam,0.001964110881090164,0.050518594682216644
512,adam,0.0019610377494245768,0.08725875616073608
513,adam,0.0019508491968736053,0.07594624906778336
514,adam,0.001937229884788394,0.03143918141722679
515,adam,0.0019287404138594866,0.027597906067967415
516,adam,0.0019242707639932632,0.06430090218782425
517,adam,0.0019168131984770298,0.07043302059173584
518,adam,0.0019054372096434236,0.0430508591234684
519,adam,0.0018953577382490039,0.00747672701254487
520,adam,0.001888934290036559,0.04002657160162926
521,adam,0.001882854849100113,0.05732221528887749
522,adam,0.0018740727100521326,0.051522042602300644
523,adam,0.0018640010384842753,0.024337951093912125
524,adam,0.0018556078430265188,0.011601661331951618
525,adam,0.001849077409133315,0.037505973130464554
526,adam,0.001842185971327126,0.04669709876179695
527,adam,0.0018337058136239648,0.039919786155223846
528,adam,0.0018247049301862717,0.018622279167175293
529,adam,0.0018167459638789296,0.00998080987483263
530,adam,0.0018098583677783608,0.029184535145759583
531,adam,0.001802867162041366,0.03698071837425232
532,adam,0.0017950218170881271,0.03435139358043671
533,adam,0.0017867280403152108,0.02004365064203739
534,adam,0.0017788436962291598,0.006949011702090502
535,adam,0.0017716599395498633,0.017742820084095
536,adam,0.0017647217027842999,0.02694016322493553
537,adam,0.0017574765952304006,0.03004651516675949
538,adam,0.0017498246161267161,0.023543978109955788
539,adam,0.0017421157099306583,0.014106212183833122
540,adam,0.0017347063403576612,0.006953634321689606
541,adam,0.001727654249407351,0.014015045017004013
542,adam,0.001720725791528821,0.02170388773083687
543,adam,0.0017136706737801433,0.022894900292158127
544,adam,0.0017064294079318643,0.021056318655610085
545,adam,0.0016991236479952931,0.014128892682492733
546,adam,0.0016919265035539865,0.008165359497070312
547,adam,0.0016849152743816376,0.00811410415917635
548,adam,0.0016780521254986525,0.012554994784295559
549,adam,0.0016712357755750418,0.01731949858367443
550,adam,0.0016643829876556993,0.017803264781832695
551,adam,0.001657474203966558,0.0175616592168808
552,adam,0.0016505455132573843,0.013693176209926605
553,adam,0.001643654308281839,0.010685188695788383
554,adam,0.0016368392389267683,0.007136303000152111
555,adam,0.0016301160212606192,0.0075031062588095665
556,adam,0.0016234632348641753,0.010183120146393776
557,adam,0.001616875291801989,0.012483923695981503
558,adam,0.0016103207599371672,0.01513038668781519
559,adam,0.0016038097674027085,0.01643236167728901
560,adam,0.0015973530244082212,0.018416691571474075
561,adam,0.0015910209622234106,0.020727703347802162
562,adam,0.001584898680448532,0.025012686848640442
563,adam,0.001579212723299861,0.032562050968408585
564,adam,0.0015743820695206523,0.04384130612015724
565,adam,0.001571306842379272,0.061944153159856796
566,adam,0.0015719281509518623,0.08772841840982437
567,adam,0.0015804386930540204,0.12733368575572968
568,adam,0.0016061017522588372,0.1846620738506317
569,adam,0.0016685675363987684,0.2709643840789795
570,adam,0.001809675944969058,0.3952679932117462
571,adam,0.002101435326039791,0.571868896484375
572,adam,0.0026425523683428764,0.796268880367279
573,adam,0.0033704815432429314,1.029752492904663
574,adam,0.003848270047456026,1.1509124040603638
575,adam,0.0032533907797187567,1.0083041191101074
576,adam,0.0020440116059035063,0.5852480530738831
577,adam,0.00163597846403718,0.358842134475708
578,adam,0.0023276552092283964,0.7243038415908813
579,adam,0.002782542956992984,0.8805313110351562
580,adam,0.002163045108318329,0.6422588229179382
581,adam,0.0015053615206852555,0.15417759120464325
582,adam,0.0018014592351391912,0.43364420533180237
583,adam,0.002243486000224948,0.667877197265625
584,adam,0.0019244494615122676,0.5169153213500977
585,adam,0.001477507990784943,0.132378950715065
586,adam,0.0016878140158951283,0.3719545304775238
587,adam,0.001984821166843176,0.5543033480644226
588,adam,0.0017338753677904606,0.4177691638469696
589,adam,0.0014622275484725833,0.15782210230827332
590,adam,0.0016364598413929343,0.3620982766151428
591,adam,0.0017855293117463589,0.4678366780281067
592,adam,0.001572689856402576,0.30475667119026184
593,adam,0.00142616534139961,0.08403301239013672
594,adam,0.001571441302075982,0.30133306980133057
595,adam,0.0016317458357661963,0.3559931218624115
596,adam,0.0014681201428174973,0.19398261606693268
597,adam,0.001408434472978115,0.07437029480934143
598,adam,0.0015205243835225701,0.26944926381111145
599,adam,0.0015308668371289968,0.2869791090488434
600,adam,0.0014163069427013397,0.13965612649917603
601,adam,0.0014009886654093862,0.1264367550611496
602,adam,0.0014781537465751171,0.25644493103027344
603,adam,0.0014689224772155285,0.2525918483734131
604,adam,0.001393333077430725,0.15398874878883362
605,adam,0.001396023784764111,0.1675909161567688
606,adam,0.0014507045270875096,0.2518991529941559
607,adam,0.0014443699037656188,0.26005735993385315
608,adam,0.0014062360860407352,0.23712393641471863
609,adam,0.0014301841147243977,0.2946775257587433
610,adam,0.0014971373602747917,0.384023517370224
611,adam,0.0015424960292875767,0.4505002498626709
612,adam,0.0015970879467204213,0.5243847370147705
613,adam,0.0017411235021427274,0.647739052772522
614,adam,0.0019759268034249544,0.805656373500824
615,adam,0.002264441456645727,0.9752973318099976
616,adam,0.002581749577075243,1.1398850679397583
617,adam,0.0028773159720003605,1.2685500383377075
618,adam,0.002907585119828582,1.2836953401565552
619,adam,0.0025365324690937996,1.1238082647323608
620,adam,0.0018716462654992938,0.7671794295310974
621,adam,0.0013818283332511783,0.29393190145492554
622,adam,0.0013464395888149738,0.22610996663570404
623,adam,0.0016485945088788867,0.6075584888458252
624,adam,0.001950665027834475,0.8261948823928833
625,adam,0.001961952308192849,0.8335331678390503
626,adam,0.001676616258919239,0.6333954334259033
627,adam,0.001355183427222073,0.2838767468929291
628,adam,0.001282233977690339,0.11275158822536469
629,adam,0.0014560038689523935,0.4374055862426758
630,adam,0.001630226499401033,0.6093162894248962
631,adam,0.0016091256402432919,0.5981547236442566
632,adam,0.0014279249589890242,0.4226020872592926
633,adam,0.0012766020372509956,0.15860295295715332
634,adam,0.0012724034022539854,0.15260528028011322
635,adam,0.0013721870491281152,0.3633316457271576
636,adam,0.0014508519088849425,0.46739381551742554
637,adam,0.0014247955987229943,0.4416268765926361
638,adam,0.001322152093052864,0.30390045046806335
639,adam,0.0012375819496810436,0.09859742224216461
640,adam,0.0012366629671305418,0.11505189538002014
641,adam,0.001295095426030457,0.2778049111366272
642,adam,0.0013386154314503074,0.35495439171791077
643,adam,0.0013237950624898076,0.33982381224632263
644,adam,0.0012672950979322195,0.24684080481529236
645,adam,0.0012175091542303562,0.11218993365764618
646,adam,0.001204746775329113,0.05464338883757591
647,adam,0.0012247358681634068,0.16845224797725677
648,adam,0.0012513637775555253,0.24597030878067017
649,adam,0.0012588889803737402,0.2674701511859894
650,adam,0.0012398846447467804,0.23603004217147827
651,adam,0.0012071607634425163,0.16021926701068878
652,adam,0.0011820351937785745,0.06283595412969589
653,adam,0.0011761735659092665,0.03994009643793106
654,adam,0.0011853082105517387,0.12118740379810333
655,adam,0.0011968057369813323,0.1759098917245865
656,adam,0.0012004601303488016,0.19718685746192932
657,adam,0.001193470787256956,0.1890147626399994
658,adam,0.001178773702122271,0.1546584814786911
659,adam,0.0011624408653005958,0.10334377735853195
660,adam,0.001150233205407858,0.042364127933979034
661,adam,0.001145114772953093,0.01934388093650341
662,adam,0.0011460194364190102,0.07197273522615433
663,adam,0.0011492191115394235,0.11084040254354477
664,adam,0.0011511218035593629,0.13537560403347015
665,adam,0.0011499000247567892,0.14456753432750702
666,adam,0.0011455551721155643,0.14224430918693542
667,adam,0.0011387633858248591,0.12910272181034088
668,adam,0.0011306429514661431,0.10954196751117706
669,adam,0.001122419722378254,0.08385155349969864
670,adam,0.0011151859071105719,0.05749928578734398
671,adam,0.001109474222175777,0.031008411198854446
672,adam,0.0011051800101995468,0.011766810901463032
673,adam,0.0011018963996320963,0.02101844549179077
674,adam,0.001099329092539847,0.03838277608156204
675,adam,0.0010973118478432298,0.05633179470896721
676,adam,0.0010957446647807956,0.07209772616624832
677,adam,0.0010945240501314402,0.08774468302726746
678,adam,0.0010936334729194641,0.10205915570259094
679,adam,0.0010933215962722898,0.11815232783555984
680,adam,0.0010940002975985408,0.13528788089752197
681,adam,0.00109637260902673,0.15726718306541443
682,adam,0.0011013110633939505,0.18329790234565735
683,adam,0.0011104756267741323,0.2177160680294037
684,adam,0.0011262731859460473,0.2608184218406677
685,adam,0.0011533645447343588,0.31825700402259827
686,adam,0.0011983346194028854,0.39193403720855713
687,adam,0.001273815636523068,0.4891059696674347
688,adam,0.0013957031769677997,0.6128425002098083
689,adam,0.0015935651026666164,0.7701526880264282
690,adam,0.0018880057614296675,0.9587725400924683
691,adam,0.0023066941648721695,1.1714935302734375
692,adam,0.002765938173979521,1.372412085533142
693,adam,0.0031273900531232357,1.504602074623108
694,adam,0.0030280607752501965,1.473160982131958
695,adam,0.0024056194815784693,1.2182694673538208
696,adam,0.0015310832532122731,0.7354947328567505
697,adam,0.0010464375372976065,0.13699766993522644
698,adam,0.001208475325256586,0.4436114728450775
699,adam,0.0016926813405007124,0.8514317870140076
700,adam,0.001959399785846472,1.0050853490829468
701,adam,0.0017219969304278493,0.8715510964393616
702,adam,0.0012541015166789293,0.5030181407928467
703,adam,0.0010202095145359635,0.06056772917509079
704,adam,0.0011792208533734083,0.42343848943710327
705,adam,0.0014503359561786056,0.6890993714332581
706,adam,0.00148486765101552,0.7173910737037659
707,adam,0.0012617433676496148,0.5237473845481873
708,adam,0.001039112452417612,0.19200833141803741
709,adam,0.0010348682990297675,0.19424192607402802
710,adam,0.0011873672483488917,0.45481574535369873
711,adam,0.0012803663266822696,0.5575181245803833
712,adam,0.001208344241604209,0.48209336400032043
713,adam,0.0010593971237540245,0.27078112959861755
714,adam,0.000990960281342268,0.06357873976230621
715,adam,0.0010441578924655914,0.2594957649707794
716,adam,0.0011264964705333114,0.3993295431137085
717,adam,0.0011366824619472027,0.4138484001159668
718,adam,0.0010660517727956176,0.30996307730674744
719,adam,0.0009908945066854358,0.13536742329597473
720,adam,0.0009762935223989189,0.08833004534244537
721,adam,0.0010163510451093316,0.23531782627105713
722,adam,0.001055197324603796,0.31550946831703186
723,adam,0.001049209269694984,0.3072887659072876
724,adam,0.0010056907776743174,0.2229703813791275
725,adam,0.0009642586228437722,0.09393038600683212
726,adam,0.0009555209544487298,0.06213405355811119
727,adam,0.0009756319923326373,0.1708984524011612
728,adam,0.0009970625396817923,0.23365403711795807
729,adam,0.000997185823507607,0.23835337162017822
730,adam,0.0009752587648108602,0.1895231306552887
731,adam,0.0009487955248914659,0.10501748323440552
732,adam,0.0009353386121802032,0.015520459972321987
733,adam,0.0009391264175064862,0.08651051670312881
734,adam,0.0009508177172392607,0.15083898603916168
735,adam,0.0009574176510795951,0.17979376018047333
736,adam,0.0009524747729301453,0.17322517931461334
737,adam,0.000938736367970705,0.13524273037910461
738,adam,0.0009243569802492857,0.07833914458751678
739,adam,0.0009160895133391023,0.014263571240007877
740,adam,0.0009154558647423983,0.047772862017154694
741,adam,0.0009191778372041881,0.09501413255929947
742,adam,0.0009223961969837546,0.12381257116794586
743,adam,0.0009217584738507867,0.1334032565355301
744,adam,0.0009167489479295909,0.12418128550052643
745,adam,0.0009091856190934777,0.10176386684179306
746,adam,0.0009015526156872511,0.06970437616109848
747,adam,0.0008957102545537055,0.03613916411995888
748,adam,0.000892298819962889,0.016633087769150734
749,adam,0.0008908542222343385,0.03891487419605255
750,adam,0.0008904112037271261,0.06307171285152435
751,adam,0.000890023133251816,0.08078362792730331
752,adam,0.0008890469325706363,0.0923047736287117
753,adam,0.0008871981408447027,0.09681101143360138
754,adam,0.0008845062693580985,0.09687183797359467
755,adam,0.0008811263251118362,0.09148801863193512
756,adam,0.000877333281096071,0.0841275081038475
757,adam,0.0008733627619221807,0.0735398381948471
758,adam,0.0008694566786289215,0.06306012719869614
759,adam,0.0008657489088363945,0.05120234936475754
760,adam,0.0008623093599453568,0.04099274054169655
761,adam,0.0008591503719799221,0.03068701922893524
762,adam,0.0008562309667468071,0.022784890606999397
763,adam,0.0008535025408491492,0.015936164185404778
764,adam,0.0008509054314345121,0.011556122452020645
765,adam,0.0008483764831908047,0.00967621710151434
766,adam,0.0008458847878500819,0.009137386456131935
767,adam,0.0008434203919023275,0.011227408424019814
768,adam,0.0008409770671278238,0.012573456391692162
769,adam,0.0008385675610043108,0.016118934378027916
770,adam,0.0008362153312191367,0.019281325861811638
771,adam,0.0008339509950019419,0.02484559826552868
772,adam,0.000831826648209244,0.03094157949090004
773,adam,0.0008299360633827746,0.040218912065029144
774,adam,0.0008284591021947563,0.05155356973409653
775,adam,0.0008277192246168852,0.06797187775373459
776,adam,0.0008283280185423791,0.08943700790405273
777,adam,0.0008314923034049571,0.12020261585712433
778,adam,0.0008395470213145018,0.16218574345111847
779,adam,0.000857266248203814,0.22240698337554932
780,adam,0.0008939211838878691,0.30685776472091675
781,adam,0.0009691357263363898,0.428130179643631
782,adam,0.0011199633590877056,0.5998843908309937
783,adam,0.0014244918711483479,0.8433820605278015
784,adam,0.002004435285925865,1.1777114868164062
785,adam,0.0030672349967062473,1.611499309539795
786,adam,0.004602314438670874,2.0971028804779053
787,adam,0.006186119746416807,2.477766752243042
788,adam,0.005957676097750664,2.434657096862793
789,adam,0.0034811501391232014,1.740315318107605
790,adam,0.0010176756186410785,0.48038119077682495
791,adam,0.001448067370802164,0.8520680665969849
792,adam,0.0032911645248532295,1.6725572347640991
793,adam,0.0031383081804960966,1.6253440380096436
794,adam,0.0013371084351092577,0.767792284488678
795,adam,0.0009755564387887716,0.4247031509876251
796,adam,0.0021915005054324865,1.2461360692977905
797,adam,0.0022581142839044333,1.2697193622589111
798,adam,0.0010563493706285954,0.5278728604316711
799,adam,0.0010156305506825447,0.47629210352897644
800,adam,0.0018412040080875158,1.0678197145462036
801,adam,0.0015548415249213576,0.9114524126052856
802,adam,0.0008266490185633302,0.179550439119339
803,adam,0.0011185315670445561,0.594944417476654
804,adam,0.0015308745205402374,0.9022194743156433
805,adam,0.00109880103264004,0.5789777040481567
806,adam,0.0007996796048246324,0.10749742388725281
807,adam,0.0011630794033408165,0.6457058191299438
808,adam,0.0012335939100012183,0.7037224769592285
809,adam,0.0008542965515516698,0.27807509899139404
810,adam,0.0008606059127487242,0.2955620288848877
811,adam,0.001118666143156588,0.6123006343841553
812,adam,0.0009907406056299806,0.48557695746421814
813,adam,0.0007780995219945908,0.049137260764837265
814,adam,0.0009047251660376787,0.37904539704322815
815,adam,0.0010089889401569963,0.5120015740394592
816,adam,0.0008492834167554975,0.29504260420799255
817,adam,0.0007781782769598067,0.09824592620134354
818,adam,0.0009012061054818332,0.38424453139305115
819,adam,0.0009050884400494397,0.39340686798095703
820,adam,0.0007818753365427256,0.14339202642440796
821,adam,0.0007889038533903658,0.1747259795665741
822,adam,0.0008692487608641386,0.3489125072956085
823,adam,0.0008289652760140598,0.28103217482566833
824,adam,0.0007567479624412954,0.04364223778247833
825,adam,0.0007893883739598095,0.2014484405517578
826,adam,0.0008283403003588319,0.2935386598110199
827,adam,0.0007826009532436728,0.19398005306720734
828,adam,0.0007471005665138364,0.019928283989429474
829,adam,0.0007795134442858398,0.19683152437210083
830,adam,0.0007940793293528259,0.23985783755779266
831,adam,0.0007564700790680945,0.1318444311618805
832,adam,0.0007407290977425873,0.044546160846948624
833,adam,0.0007648212485946715,0.17638570070266724
834,adam,0.0007678109686821699,0.1912888139486313
835,adam,0.0007409720565192401,0.09356958419084549
836,adam,0.0007335505215451121,0.05008937418460846
837,adam,0.0007494422025047243,0.14915354549884796
838,adam,0.0007489590207114816,0.1553892195224762
839,adam,0.0007302637677639723,0.0726025402545929
840,adam,0.0007251916686072946,0.042304426431655884
841,adam,0.000735078938305378,0.12312094867229462
842,adam,0.0007344440091401339,0.1281449794769287
843,adam,0.0007216342492029071,0.06487996876239777
844,adam,0.0007167281582951546,0.028651462867856026
845,adam,0.0007223572465591133,0.09630589187145233
846,adam,0.0007227046880871058,0.10892771184444427
847,adam,0.0007140619563870132,0.06417378038167953
848,adam,0.0007086576079018414,0.00906321220099926
849,adam,0.0007110113510861993,0.06982982158660889
850,adam,0.0007121243979781866,0.09019186347723007
851,adam,0.0007068534032441676,0.06583254784345627
852,adam,0.0007013992872089148,0.01198737695813179
853,adam,0.0007010962581261992,0.04264155775308609
854,adam,0.0007021818892098963,0.07188314944505692
855,adam,0.0006995325093157589,0.0641452893614769
856,adam,0.0006948055233806372,0.02928697131574154
857,adam,0.0006925229681655765,0.017594046890735626
858,adam,0.000692675297614187,0.05001531541347504
859,adam,0.0006916833226568997,0.059017643332481384
860,adam,0.0006883764872327447,0.04072364792227745
861,adam,0.0006851998041383922,0.008728747256100178
862,adam,0.0006839563138782978,0.02618994750082493
863,adam,0.0006833840743638575,0.044832099229097366
864,adam,0.0006815656670369208,0.04449785500764847
865,adam,0.0006786922458559275,0.02565523236989975
866,adam,0.0006763800629414618,0.0035810794215649366
867,adam,0.000675178540404886,0.025274695828557014
868,adam,0.0006740837125107646,0.036456309258937836
869,adam,0.0006721689715050161,0.03399726375937462
870,adam,0.0006697667413391173,0.01831245981156826
871,adam,0.0006677723722532392,0.004957177210599184
872,adam,0.0006663998356088996,0.020721515640616417
873,adam,0.00066507572773844,0.029025202617049217
874,adam,0.0006632932927459478,0.02765495702624321
875,adam,0.0006612091674469411,0.016910910606384277
876,adam,0.0006593184662051499,0.006241339724510908
877,adam,0.0006578061729669571,0.015030674636363983
878,adam,0.0006564038340002298,0.02230825647711754
879,adam,0.000654802133794874,0.02409849688410759
880,adam,0.0006530003738589585,0.01892615668475628
881,adam,0.0006512635736726224,0.015685508027672768
882,adam,0.0006497979047708213,0.019496295601129532
883,adam,0.0006485979538410902,0.028049081563949585
884,adam,0.0006475748959928751,0.0355231910943985
885,adam,0.0006467969506047666,0.04295019805431366
886,adam,0.0006466464838013053,0.052427612245082855
887,adam,0.000647854816634208,0.06821940839290619
888,adam,0.0006515816203318536,0.09040427207946777
889,adam,0.0006598983309231699,0.12256810069084167
890,adam,0.0006768391467630863,0.165774405002594
891,adam,0.0007102758390828967,0.22714611887931824
892,adam,0.0007754870457574725,0.31159818172454834
893,adam,0.0009008730412460864,0.4295608401298523
894,adam,0.001135245431214571,0.5883862376213074
895,adam,0.0015500590670853853,0.7949278950691223
896,adam,0.002196697983890772,1.0371829271316528
897,adam,0.0029754203278571367,1.267205834388733
898,adam,0.003403592389076948,1.3768922090530396
899,adam,0.0028588196728378534,1.2312449216842651
900,adam,0.0015164647484198213,0.7787641286849976
901,adam,0.0006489289808087051,0.12614218890666962
902,adam,0.000995353446342051,0.5048497319221497
903,adam,0.0018217858159914613,0.9031493663787842
904,adam,0.0019418869633227587,0.9504245519638062
905,adam,0.0011901597026735544,0.6225707530975342
906,adam,0.0006287662545219064,0.0754845067858696
907,adam,0.0009231322328560054,0.45917215943336487
908,adam,0.0014223159523680806,0.7417486906051636
909,adam,0.0012979076709598303,0.6857221722602844
910,adam,0.0007734454120509326,0.3282192349433899
911,adam,0.0006446996703743935,0.14679987728595734
912,adam,0.0009733260958455503,0.4993819296360016
913,adam,0.0011209109798073769,0.5917918682098389
914,adam,0.0008464174461551011,0.4034576117992401
915,adam,0.0006111782277002931,0.046785641461610794
916,adam,0.0007394534768536687,0.3037309944629669
917,adam,0.000926500593777746,0.47041332721710205
918,adam,0.0008326697279699147,0.39631566405296326
919,adam,0.0006326026050373912,0.1415661871433258
920,adam,0.0006380429258570075,0.15696057677268982
921,adam,0.0007786981295794249,0.3504444658756256
922,adam,0.0007878146134316921,0.3608604967594147
923,adam,0.0006562921334989369,0.20060858130455017
924,adam,0.0006001279107294977,0.041815467178821564
925,adam,0.0006781593547202647,0.23857776820659637
926,adam,0.0007298810523934662,0.3045138716697693
927,adam,0.000667214160785079,0.22661417722702026
928,adam,0.0005964168231002986,0.05286465212702751
929,adam,0.0006167920073494315,0.1317327916622162
930,adam,0.0006695594056509435,0.2340490072965622
931,adam,0.0006593168363906443,0.22009451687335968
932,adam,0.0006050477386452258,0.11056485027074814
933,adam,0.0005887598963454366,0.04092750698328018
934,adam,0.0006207589176483452,0.1564408391714096
935,adam,0.0006378260441124439,0.19264426827430725
936,adam,0.0006113307317718863,0.14072448015213013
937,adam,0.0005829468718729913,0.0332181416451931
938,adam,0.0005891496548429132,0.07967726141214371
939,adam,0.0006095770513638854,0.14546963572502136
940,adam,0.0006080032326281071,0.14540985226631165
941,adam,0.0005865960265509784,0.08365695178508759
942,adam,0.0005752456490881741,0.010146042332053185
943,adam,0.0005843092803843319,0.08587311953306198
944,adam,0.0005939500988461077,0.12169677019119263
945,adam,0.0005875935894437134,0.10682501643896103
946,adam,0.0005738231702707708,0.050200629979372025
947,adam,0.0005695709842257202,0.020166192203760147
948,adam,0.0005758750485256314,0.07591090351343155
949,adam,0.0005798684433102608,0.09660885483026505
950,adam,0.0005742785288020968,0.07993549853563309
951,adam,0.0005657136207446456,0.03443672135472298
952,adam,0.0005634201806969941,0.019996073096990585
953,adam,0.0005668873200193048,0.06077847629785538
954,adam,0.0005685687065124512,0.07527940720319748
955,adam,0.000564733287319541,0.06270445883274078
956,adam,0.0005591412191279233,0.028225185349583626
957,adam,0.0005569872446358204,0.012202401645481586
958,adam,0.0005583963938988745,0.04463301599025726
959,adam,0.0005592755624093115,0.05837766453623772
960,adam,0.0005570112261921167,0.05214548110961914
961,adam,0.0005531779606826603,0.028583182021975517
962,adam,0.0005508158355951309,0.005092253442853689
963,adam,0.0005507390014827251,0.028882035985589027
964,adam,0.0005511027411557734,0.04361272603273392
965,adam,0.0005499650142155588,0.04422041028738022
966,adam,0.0005474059144034982,0.030893420800566673
967,adam,0.0005450333701446652,0.010850881226360798
968,adam,0.0005439381347969174,0.01288809534162283
969,adam,0.0005436798091977835,0.02804194763302803
970,adam,0.0005430896999314427,0.03496081382036209
971,adam,0.000541561865247786,0.030601181089878082
972,adam,0.0005395585321821272,0.019073961302638054
973,adam,0.0005379266222007573,0.003799330908805132
974,adam,0.0005369795835576952,0.012537918984889984
975,adam,0.0005363487871363759,0.023285606876015663
976,adam,0.0005354463937692344,0.026232073083519936
977,adam,0.0005340566858649254,0.023151598870754242
978,adam,0.0005324601661413908,0.013916106894612312
979,adam,0.0005310620181262493,0.003948614466935396
980,adam,0.000530024291947484,0.00905894860625267
981,adam,0.0005291634588502347,0.016252482309937477
982,adam,0.0005282093770802021,0.020014619454741478
983,adam,0.0005270132678560913,0.01820242404937744
984,adam,0.00052566610975191,0.01348557323217392
985,adam,0.0005243609775789082,0.00603950722143054
986,adam,0.0005232220864854753,0.0040360866114497185
987,adam,0.0005222249310463667,0.010155171155929565
988,adam,0.0005212596734054387,0.013660088181495667
989,adam,0.0005202039610594511,0.01545797847211361
990,adam,0.0005190532538108528,0.013712973333895206
991,adam,0.0005178657593205571,0.012247679755091667
992,adam,0.0005167361814528704,0.011782334186136723
993,adam,0.0005157320993021131,0.016232868656516075
994,adam,0.0005148878553882241,0.023026740178465843
995,adam,0.0005142444279044867,0.032622240483760834
996,adam,0.0005139614804647863,0.04511113464832306
997,adam,0.000514448678586632,0.06337021291255951
998,adam,0.0005166194750927389,0.0897054672241211
999,adam,0.0005224983324296772,0.12950053811073303
1000,adam,0.0005364015814848244,0.18794682621955872
1001,adam,0.000568072427995503,0.2759006917476654
1002,adam,0.0006386013701558113,0.4066721796989441
1003,adam,0.0007969740545377135,0.6028817296028137
1004,adam,0.0011440670350566506,0.8947429656982422
1005,adam,0.001907281344756484,1.3208277225494385
1006,adam,0.0034201666712760925,1.9138590097427368
1007,adam,0.006147281266748905,2.6397929191589355
1008,adam,0.009052963927388191,3.2748916149139404
1009,adam,0.009623941965401173,3.33425235748291
1010,adam,0.004751279484480619,2.2787411212921143
1011,adam,0.0006825167220085859,0.38885509967803955
1012,adam,0.002554758917540312,1.5437774658203125
1013,adam,0.005133335944265127,2.3557536602020264
1014,adam,0.002941552549600601,1.6947650909423828
1015,adam,0.0006397531251423061,0.26098257303237915
1016,adam,0.0026099453680217266,1.5359028577804565
1017,adam,0.0032328565139323473,1.7605793476104736
1018,adam,0.000903114618267864,0.6482126116752625
1019,adam,0.0013108720304444432,0.9017661809921265
1020,adam,0.002592469332739711,1.5012917518615723
1021,adam,0.0010978716891258955,0.7801100015640259
1022,adam,0.0008101888233795762,0.5347238779067993
1023,adam,0.001964576542377472,1.243412971496582
1024,adam,0.001111520454287529,0.7830343246459961
1025,adam,0.000638218130916357,0.3482266366481781
1026,adam,0.001500244252383709,1.0354664325714111
1027,adam,0.0010249309707432985,0.7321845293045044
1028,adam,0.0005795253673568368,0.24282316863536835
1029,adam,0.001197637408040464,0.8741093873977661
1030,adam,0.0009134395513683558,0.660628616809845
1031,adam,0.0005426120478659868,0.1468014419078827
1032,adam,0.0009950739331543446,0.7329577207565308
1033,adam,0.0008317985921166837,0.5946856737136841
1034,adam,0.0005260658799670637,0.07804395258426666
1035,adam,0.0008427567663602531,0.6028417348861694
1036,adam,0.0007641782867722213,0.5280612111091614
1037,adam,0.0005251146503724158,0.06357549130916595
1038,adam,0.0007393455016426742,0.4907214343547821
1039,adam,0.0007044008234515786,0.45942050218582153
1040,adam,0.00051834003534168,0.044417835772037506
1041,adam,0.000667027838062495,0.403228223323822
1042,adam,0.000660642865113914,0.39887258410453796
1043,adam,0.0005128216580487788,0.030325105413794518
1044,adam,0.0006116368458606303,0.3317769765853882
1045,adam,0.0006242867675609887,0.35049277544021606
1046,adam,0.0005115518579259515,0.05616556853055954
1047,adam,0.0005721732741221786,0.271340012550354
1048,adam,0.0005932107451371849,0.3104606568813324
1049,adam,0.0005092505598440766,0.07060873508453369
1050,adam,0.0005449525779113173,0.2197352647781372
1051,adam,0.0005696697044186294,0.2772560119628906
1052,adam,0.0005067804595455527,0.08382637053728104
1053,adam,0.0005241775652393699,0.16757535934448242
1054,adam,0.0005510235205292702,0.2449011206626892
1055,adam,0.000506203097756952,0.10089840739965439
1056,adam,0.0005094115040265024,0.11923918128013611
1057,adam,0.0005341675714589655,0.2091221809387207
1058,adam,0.0005047152517363429,0.10887788981199265
1059,adam,0.0004996045609004796,0.07998582720756531
1060,adam,0.0005205683410167694,0.17502014338970184
1061,adam,0.0005024605197831988,0.1115012988448143
1062,adam,0.0004919505445286632,0.04283706098794937
1063,adam,0.0005085557932034135,0.14408278465270996
1064,adam,0.0005002599209547043,0.11393795907497406
1065,adam,0.0004873998404946178,0.016228487715125084
1066,adam,0.0004978756187483668,0.11466929316520691
1067,adam,0.000496619613841176,0.11286252737045288
1068,adam,0.00048471102491021156,0.01988353580236435
1069,adam,0.0004896230529993773,0.08570004254579544
1070,adam,0.0004923687665723264,0.10752762109041214
1071,adam,0.0004828367964364588,0.039966046810150146
1072,adam,0.000482915376778692,0.05265030637383461
1073,adam,0.00048735292511992157,0.09501273930072784
1074,adam,0.00048154991236515343,0.057273127138614655
1075,adam,0.0004782801552210003,0.02207668125629425
1076,adam,0.0004818278830498457,0.07494556158781052
1077,adam,0.00047953089233487844,0.06376628577709198
1078,adam,0.0004751605447381735,0.008629840798676014
1079,adam,0.0004767661157529801,0.05305416136980057
1080,adam,0.00047685333993285894,0.06251562386751175
1081,adam,0.0004728864587377757,0.02401699312031269
1082,adam,0.0004723007441498339,0.030443064868450165
1083,adam,0.0004733790992759168,0.055009372532367706
1084,adam,0.0004709747445303947,0.036782871931791306
1085,adam,0.000468952493974939,0.01062443945556879
1086,adam,0.0004695729585364461,0.042656756937503815
1087,adam,0.0004686622996814549,0.04226147383451462
1088,adam,0.00046636417391709983,0.010549451224505901
1089,adam,0.0004659934202209115,0.02622680552303791
1090,adam,0.00046593023580498993,0.040614787489175797
1091,adam,0.0004641880514100194,0.024128133431077003
1092,adam,0.0004628966562449932,0.007838004268705845
1093,adam,0.00046280608512461185,0.03087378665804863
1094,adam,0.00046190276043489575,0.02938651666045189
1095,adam,0.00046037911670282483,0.009028605185449123
1096,adam,0.0004597612423822284,0.017768729478120804
1097,adam,0.00045931851491332054,0.027147958055138588
1098,adam,0.00045808928553014994,0.017866086214780807
1099,adam,0.0004570033634081483,0.004450609907507896
1100,adam,0.0004565283306874335,0.019913649186491966
1101,adam,0.0004557537322398275,0.021620268002152443
1102,adam,0.0004545914998743683,0.008169597014784813
1103,adam,0.00045379530638456345,0.009964537806808949
1104,adam,0.00045321634388528764,0.019499704241752625
1105,adam,0.00045228912495076656,0.014842521399259567
1106,adam,0.00045129048521630466,0.003048479091376066
1107,adam,0.0004506056138779968,0.012377972714602947
1108,adam,0.00044990977039560676,0.016206413507461548
1109,adam,0.0004489723942242563,0.010357892140746117
1110,adam,0.0004481038195081055,0.0035447049885988235
1111,adam,0.0004474206652957946,0.011455043219029903
1112,adam,0.00044665494351647794,0.013079946860671043
1113,adam,0.00044576296932063997,0.006116281729191542
1114,adam,0.0004449663101695478,0.004461412318050861
1115,adam,0.0004442649078555405,0.010756589472293854
1116,adam,0.00044347631046548486,0.009569678455591202
1117,adam,0.0004426270897965878,0.004087276756763458
1118,adam,0.0004418652388267219,0.005416707135736942
1119,adam,0.00044114625779911876,0.008927510119974613
1120,adam,0.00044035696191713214,0.007913808338344097
1121,adam,0.00043954772991128266,0.0027487087063491344
1122,adam,0.00043880060547962785,0.005015181843191385
1123,adam,0.00043807225301861763,0.0081290602684021
1124,adam,0.0004372973635327071,0.00627502566203475
1125,adam,0.00043651580926962197,0.0026917464565485716
1126,adam,0.0004357732832431793,0.0046479832381010056
1127,adam,0.0004350465314928442,0.006350815761834383
1128,adam,0.00043428316712379456,0.00547140883281827
1129,adam,0.0004335221601650119,0.0024453499354422092
1130,adam,0.000432785163866356,0.003641137620434165
1131,adam,0.0004320612642914057,0.005647888407111168
1132,adam,0.00043131387792527676,0.004387752618640661
1133,adam,0.00043056445429101586,0.002557480474933982
1134,adam,0.00042983610183000565,0.003398616099730134
1135,adam,0.0004291147051844746,0.0044466848485171795
1136,adam,0.0004283812886569649,0.0042369370348751545
1137,adam,0.0004276476101949811,0.0023804025258868933
1138,adam,0.00042692560236901045,0.002695237984880805
1139,adam,0.0004262115398887545,0.0040893820114433765
1140,adam,0.0004254912491887808,0.003677828935906291
1141,adam,0.00042476807720959187,0.0027285332325845957
1142,adam,0.00042405157000757754,0.0024692118167877197
1143,adam,0.0004233428044244647,0.0030913581140339375
1144,adam,0.0004226331366226077,0.0035760572645813227
1145,adam,0.0004219246911816299,0.0025741991121321917
1146,adam,0.00042121505248360336,0.002211604965850711
1147,adam,0.00042051353375427425,0.002864713780581951
1148,adam,0.0004198123060632497,0.0029875384643673897
1149,adam,0.0004191114567220211,0.0028571481816470623
1150,adam,0.0004184129065833986,0.0021820117253810167
1151,adam,0.000417719769757241,0.002268067328259349
1152,adam,0.0004170269821770489,0.0028110176790505648
1153,adam,0.0004163362900726497,0.002601739251986146
1154,adam,0.00041564489947631955,0.002412981353700161
1155,adam,0.0004149592132307589,0.0022170827724039555
1156,adam,0.0004142766119912267,0.0022932759020477533
1157,adam,0.0004135936906095594,0.002661501057446003
1158,adam,0.0004129127773921937,0.00231573055498302
1159,adam,0.00041223535663448274,0.0023169557098299265
1160,adam,0.00041155892540700734,0.0023147875908762217
1161,adam,0.0004108872090000659,0.002510128542780876
1162,adam,0.0004102156963199377,0.002644506748765707
1163,adam,0.00040954738506115973,0.002533502643927932
1164,adam,0.0004088766872882843,0.0024087773635983467
1165,adam,0.0004082130908500403,0.0026281625032424927
1166,adam,0.0004075514152646065,0.0025831428356468678
1167,adam,0.0004068903508596122,0.002984687453135848
1168,adam,0.0004062319057993591,0.0029381434433162212
1169,adam,0.00040557709871791303,0.0034556316677480936
1170,adam,0.0004049272392876446,0.003767523216083646
1171,adam,0.0004042787477374077,0.0045216986909508705
1172,adam,0.0004036357277072966,0.005109468474984169
1173,adam,0.0004029998672194779,0.006242027506232262
1174,adam,0.0004023775109089911,0.0073317429050803185
1175,adam,0.0004017667379230261,0.009272881783545017
1176,adam,0.00040118693141266704,0.011354370974004269
1177,adam,0.0004006470553576946,0.014632058329880238
1178,adam,0.000400177959818393,0.01847243681550026
1179,adam,0.00039983500028029084,0.024121364578604698
1180,adam,0.00039970962097868323,0.03120480105280876
1181,adam,0.00039997720159590244,0.041227005422115326
1182,adam,0.0004009474359918386,0.05428530275821686
1183,adam,0.0004032255383208394,0.07254784554243088
1184,adam,0.0004079151258338243,0.09708006680011749
1185,adam,0.00041716534178704023,0.1313280314207077
1186,adam,0.00043496739817783237,0.17821769416332245
1187,adam,0.0004693147784564644,0.24367989599704742
1188,adam,0.0005346168181858957,0.33405494689941406
1189,adam,0.0006600015913136303,0.4591605067253113
1190,adam,0.0008920530672185123,0.6294973492622375
1191,adam,0.0013184418203309178,0.8548201322555542
1192,adam,0.002009863965213299,1.1348141431808472
1193,adam,0.0030169945675879717,1.4373974800109863
1194,adam,0.003887317143380642,1.6722924709320068
1195,adam,0.003994245082139969,1.686178207397461
1196,adam,0.0025944458320736885,1.3433942794799805
1197,adam,0.0009076901478692889,0.6637001633644104
1198,adam,0.0004706011095549911,0.2394804060459137
1199,adam,0.0013739470159634948,0.8623171448707581
1200,adam,0.0021936753764748573,1.194814682006836
1201,adam,0.0017585612367838621,1.067535161972046
1202,adam,0.0007492369622923434,0.5749561786651611
1203,adam,0.0005100140115246177,0.3064156770706177
1204,adam,0.0011159915011376143,0.733942985534668
1205,adam,0.0014364841626957059,0.9106080532073975
1206,adam,0.0009560798644088209,0.7021543979644775
1207,adam,0.0004866074596066028,0.3385668694972992
1208,adam,0.0006500104791484773,0.4392472803592682
1209,adam,0.0009766867151483893,0.6588044762611389
1210,adam,0.0008512216154485941,0.6088192462921143
1211,adam,0.0005122121656313539,0.3596552312374115
1212,adam,0.0005078489193692803,0.32723715901374817
1213,adam,0.00072863744571805,0.5008272528648376
1214,adam,0.0007163207046687603,0.4933314919471741
1215,adam,0.0004945905529893935,0.3077391982078552
1216,adam,0.00044459529453888535,0.24695922434329987
1217,adam,0.0005940406699664891,0.3989989459514618
1218,adam,0.0006258317735046148,0.4185526669025421
1219,adam,0.0004781956668011844,0.26579269766807556
1220,adam,0.0004049896087963134,0.15002045035362244
1221,adam,0.0004968410357832909,0.3024621307849884
1222,adam,0.0005573329981416464,0.36073753237724304
1223,adam,0.000473527965368703,0.2561538815498352
1224,adam,0.0003896088746841997,0.07145050913095474
1225,adam,0.00042825128184631467,0.19348788261413574
1226,adam,0.0004948003916069865,0.2952815890312195
1227,adam,0.0004664947045966983,0.2531015872955322
1228,adam,0.00039431333425454795,0.09832437336444855
1229,adam,0.00039173371624201536,0.08919990807771683
1230,adam,0.00044150155736133456,0.21534331142902374
1231,adam,0.00044861307833343744,0.2308061420917511
1232,adam,0.00040440994780510664,0.14265525341033936
1233,adam,0.00038116282667033374,0.04525439441204071
1234,adam,0.000404210266424343,0.13736116886138916
1235,adam,0.00042331297299824655,0.18362493813037872
1236,adam,0.00040570739656686783,0.15033164620399475
1237,adam,0.00038222939474508166,0.07525958120822906
1238,adam,0.0003860389406327158,0.08859167993068695
1239,adam,0.0004014982550870627,0.13643933832645416
1240,adam,0.0003987895033787936,0.13124185800552368
1241,adam,0.0003828400804195553,0.08183073997497559
1242,adam,0.00037811690708622336,0.06326501071453094
1243,adam,0.0003871407243423164,0.10271839052438736
1244,adam,0.0003911760577466339,0.11522114276885986
1245,adam,0.00038240879075601697,0.08252823352813721
1246,adam,0.0003738789528142661,0.034883130341768265
1247,adam,0.0003764252760447562,0.0630081295967102
1248,adam,0.00038288120413199067,0.09550050646066666
1249,adam,0.00038156015216372907,0.0909808874130249
1250,adam,0.00037393998354673386,0.05000931769609451
1251,adam,0.00037025983328931034,0.008780122734606266
1252,adam,0.00037348567275330424,0.05538613721728325
1253,adam,0.00037670350866392255,0.07792923599481583
1254,adam,0.00037445078487508,0.06924877315759659
1255,adam,0.00036966579500585794,0.0365353487432003
1256,adam,0.0003680803347378969,0.01775479130446911
1257,adam,0.00036999647272750735,0.04566522687673569
1258,adam,0.00037109575350768864,0.05794151499867439
1259,adam,0.0003691920137498528,0.04953138157725334
1260,adam,0.00036657825694419444,0.029531877487897873
1261,adam,0.0003659501380752772,0.02592334896326065
1262,adam,0.0003668116114567965,0.03981645032763481
1263,adam,0.00036683332291431725,0.04327985644340515
1264,adam,0.00036526902113109827,0.03344668447971344
1265,adam,0.0003636359761003405,0.01790308952331543
1266,adam,0.0003633210144471377,0.021888157352805138
1267,adam,0.00036377922515384853,0.03439183905720711
1268,adam,0.00036357593489810824,0.03640370815992355
1269,adam,0.0003623520606197417,0.027282800525426865
1270,adam,0.0003610515268519521,0.00959842186421156
1271,adam,0.00036056560929864645,0.009694244712591171
1272,adam,0.00036068912595510483,0.024162903428077698
1273,adam,0.00036055888631381094,0.029049217700958252
1274,adam,0.0003597855684347451,0.025396866723895073
1275,adam,0.00035879373899661005,0.015103173442184925
1276,adam,0.00035815188311971724,0.009225139394402504
1277,adam,0.00035791663685813546,0.015574625693261623
1278,adam,0.0003576850285753608,0.019982261583209038
1279,adam,0.00035714919795282185,0.01925353705883026
1280,adam,0.00035641665454022586,0.013166668824851513
1281,adam,0.000355806783773005,0.009063449688255787
1282,adam,0.0003554365539457649,0.012360010296106339
1283,adam,0.00035514283808879554,0.016490846872329712
1284,adam,0.0003547053493093699,0.016969233751296997
1285,adam,0.00035409870906732976,0.012539341114461422
1286,adam,0.0003534781571943313,0.005886310711503029
1287,adam,0.00035299058072268963,0.003125032177194953
1288,adam,0.00035262879100628197,0.009051237255334854
1289,adam,0.0003522667975630611,0.012685975059866905
1290,adam,0.0003518073062878102,0.012542164884507656
1291,adam,0.0003512738330755383,0.010101808235049248
1292,adam,0.00035075139021500945,0.006698385812342167
1293,adam,0.00035029769060201943,0.006051606498658657
1294,adam,0.0003498928854241967,0.008451005443930626
1295,adam,0.0003494788834359497,0.009253399446606636
1296,adam,0.0003490135131869465,0.00867693405598402
1297,adam,0.00034851787495426834,0.005650981329381466
1298,adam,0.0003480392915662378,0.002687184838578105
1299,adam,0.0003475992998573929,0.0033482410944998264
1300,adam,0.00034718826645985246,0.005683965049684048
1301,adam,0.0003467733331490308,0.007570883724838495
1302,adam,0.0003463317407295108,0.007254625204950571
1303,adam,0.00034587029949761927,0.006433453410863876
1304,adam,0.00034541304921731353,0.004706007428467274
1305,adam,0.00034497070009820163,0.0045199464075267315
1306,adam,0.0003445493057370186,0.005290928762406111
1307,adam,0.00034413018147461116,0.006066875532269478
1308,adam,0.0003437003178987652,0.006307768169790506
1309,adam,0.0003432602097745985,0.005509885028004646
1310,adam,0.0003428144264034927,0.0044524590484797955
1311,adam,0.0003423777816351503,0.003453927580267191
1312,adam,0.00034195033367723227,0.0031679500825703144
1313,adam,0.0003415303654037416,0.004033398814499378
1314,adam,0.00034110911656171083,0.004195262212306261
1315,adam,0.00034068754757754505,0.004563312977552414
1316,adam,0.0003402583533897996,0.0038593034259974957
1317,adam,0.00033983023604378104,0.003578290343284607
1318,adam,0.0003394076193217188,0.002967835171148181
1319,adam,0.0003389886114746332,0.0032695108093321323
1320,adam,0.0003385730378795415,0.0036892166826874018
1321,adam,0.00033815857023000717,0.004207361489534378
1322,adam,0.00033774643088690937,0.004645962733775377
1323,adam,0.00033733583404682577,0.005039944313466549
1324,adam,0.0003369231417309493,0.005462740547955036
1325,adam,0.0003365181910339743,0.006332028191536665
1326,adam,0.00033611568505875766,0.007297540549188852
1327,adam,0.00033572432585060596,0.008999540470540524
1328,adam,0.0003353466745465994,0.010790855623781681
1329,adam,0.0003349864564370364,0.013552791438996792
1330,adam,0.000334654760081321,0.016650428995490074
1331,adam,0.0003343741409480572,0.021181989461183548
1332,adam,0.0003341784467920661,0.026726437732577324
1333,adam,0.0003341317642480135,0.034547120332717896
1334,adam,0.0003343455900903791,0.04455912485718727
1335,adam,0.00033501803409308195,0.05841207876801491
1336,adam,0.0003365169104654342,0.07667984813451767
1337,adam,0.00033952793455682695,0.10185814648866653
1338,adam,0.0003452870878390968,0.13573944568634033
1339,adam,0.00035622002906166017,0.18251706659793854
1340,adam,0.0003767336020246148,0.24650339782238007
1341,adam,0.000415767019148916,0.33531391620635986
1342,adam,0.0004891477874480188,0.4579087793827057
1343,adam,0.0006300236564129591,0.6278217434883118
1344,adam,0.0008919547544792295,0.8612596988677979
1345,adam,0.0013878257013857365,1.1770076751708984
1346,adam,0.0022387041244655848,1.5882116556167603
1347,adam,0.0036605915520340204,2.082374334335327
1348,adam,0.0053560202941298485,2.5764379501342773
1349,adam,0.006774136796593666,2.882399559020996
1350,adam,0.0058395275846123695,2.682206630706787
1351,adam,0.002960371319204569,1.8291285037994385
1352,adam,0.000535591272637248,0.477213054895401
1353,adam,0.0010641508270055056,0.9511037468910217
1354,adam,0.0029526588041335344,1.813210368156433
1355,adam,0.0029076198115944862,1.8090699911117554
1356,adam,0.001129064941778779,0.9849081039428711
1357,adam,0.00046378892147913575,0.32038888335227966
1358,adam,0.0015807588351890445,1.2265665531158447
1359,adam,0.001989499432966113,1.4175862073898315
1360,adam,0.0008587560732848942,0.7937639355659485
1361,adam,0.0004322788445279002,0.27581343054771423
1362,adam,0.0012279048096388578,1.0146116018295288
1363,adam,0.0013273617951199412,1.0813820362091064
1364,adam,0.0005383514799177647,0.47689735889434814
1365,adam,0.0004575430939439684,0.36131832003593445
1366,adam,0.0010134999174624681,0.893373966217041
1367,adam,0.0008967979229055345,0.8045414090156555
1368,adam,0.0003899071307387203,0.21996848285198212
1369,adam,0.0005231911782175303,0.47187668085098267
1370,adam,0.0008325747330673039,0.7696431875228882
1371,adam,0.0005865294369868934,0.5369202494621277
1372,adam,0.00035032350569963455,0.0793302059173584
1373,adam,0.0005643629701808095,0.5216221809387207
1374,adam,0.0006571477861143649,0.621565043926239
1375,adam,0.00042051798664033413,0.310295432806015
1376,adam,0.0003663140523713082,0.17463965713977814
1377,adam,0.000543143309187144,0.4983726441860199
1378,adam,0.0005199491861276329,0.4683084189891815
1379,adam,0.00035656263935379684,0.14142510294914246
1380,adam,0.0003921758907381445,0.25092825293540955
1381,adam,0.0004928542184643447,0.43215739727020264
1382,adam,0.00041923151002265513,0.31354087591171265
1383,adam,0.0003405849856790155,0.04485829547047615
1384,adam,0.0004045368987135589,0.279607892036438
1385,adam,0.00043722623377107084,0.3464375436306
1386,adam,0.000363552215276286,0.1825975477695465
1387,adam,0.0003420697757974267,0.08540593087673187
1388,adam,0.0003972144331783056,0.2701141834259033
1389,adam,0.00039367665885947645,0.26330891251564026
1390,adam,0.0003409681667108089,0.08811162412166595
1391,adam,0.00034697711816988885,0.12867872416973114
1392,adam,0.00038085857522673905,0.23927997052669525
1393,adam,0.0003625531680881977,0.18734952807426453
1394,adam,0.00033335440093651414,0.03241769224405289
1395,adam,0.00034874503035098314,0.14495490491390228
1396,adam,0.000364598905434832,0.20223398506641388
1397,adam,0.0003446231421548873,0.13010269403457642
1398,adam,0.0003305403224658221,0.01706578955054283
1399,adam,0.00034526485251262784,0.1380532830953598
1400,adam,0.0003514172858558595,0.1648765355348587
1401,adam,0.0003355514199938625,0.09037882834672928
1402,adam,0.0003294764901511371,0.03327557072043419
1403,adam,0.00034009042428806424,0.12093004584312439
1404,adam,0.0003412537625990808,0.12912434339523315
1405,adam,0.0003302338591311127,0.062308307737112045
1406,adam,0.0003281079407315701,0.03860953450202942
1407,adam,0.0003352974308654666,0.10283004492521286
1408,adam,0.0003347693127579987,0.1030171662569046
1409,adam,0.0003270949819125235,0.04368593171238899
1410,adam,0.0003260830417275429,0.03430447727441788
1411,adam,0.00033079637796618044,0.08558204025030136
1412,adam,0.00033020914997905493,0.08300566673278809
1413,adam,0.0003250976442359388,0.03617038577795029
1414,adam,0.0003242523525841534,0.029702331870794296
1415,adam,0.00032712696702219546,0.06982599198818207
1416,adam,0.0003267033607698977,0.06967315822839737
1417,adam,0.00032322685001417994,0.031615279614925385
1418,adam,0.00032234948594123125,0.020720966160297394
1419,adam,0.00032414545421488583,0.05639473721385002
1420,adam,0.00032403875957243145,0.059010401368141174
1421,adam,0.0003216390614397824,0.03150134161114693
1422,adam,0.00032057001953944564,0.010727732442319393
1423,adam,0.00032152023050002754,0.041552621871232986
1424,adam,0.00032166443997994065,0.04914234206080437
1425,adam,0.00032012155861593783,0.030723780393600464
1426,adam,0.00031903586932457983,0.005485001485794783
1427,adam,0.0003193845332134515,0.029925918206572533
1428,adam,0.0003195872704964131,0.03974597156047821
1429,adam,0.0003186154062859714,0.029429245740175247
1430,adam,0.00031756580574437976,0.00544806569814682
1431,adam,0.0003174762532580644,0.018674932420253754
1432,adam,0.0003176497993990779,0.03168687969446182
1433,adam,0.00031712179770693183,0.027675306424498558
1434,adam,0.00031623843824490905,0.011901222169399261
1435,adam,0.00031583872623741627,0.010027921758592129
1436,adam,0.0003158487088512629,0.023411953821778297
1437,adam,0.0003155696904286742,0.025438867509365082
1438,adam,0.0003148989344481379,0.01527636218816042
1439,adam,0.00031436208519153297,0.0019472890999168158
1440,adam,0.0003141862980555743,0.014958122745156288
1441,adam,0.00031401781598106027,0.02090713195502758
1442,adam,0.00031356335966847837,0.0175543874502182
1443,adam,0.00031301844865083694,0.006903451401740313
1444,adam,0.0003126758383587003,0.006359678227454424
1445,adam,0.00031247796141542494,0.014955204911530018
1446,adam,0.0003121703048236668,0.015972603112459183
1447,adam,0.00031170982401818037,0.010619970969855785
1448,adam,0.0003112868871539831,0.0018281943630427122
1449,adam,0.00031100548221729696,0.008063700050115585
1450,adam,0.0003107513184659183,0.012941068969666958
1451,adam,0.0003103982307948172,0.011660228483378887
1452,adam,0.00030998303554952145,0.0064361863769590855
1453,adam,0.00030962395248934627,0.002648737747222185
1454,adam,0.0003093385021202266,0.007943923585116863
1455,adam,0.00030904487357474864,0.010520261712372303
1456,adam,0.00030868942849338055,0.00848500058054924
1457,adam,0.00030831340700387955,0.003953590989112854
1458,adam,0.00030798165244050324,0.002787546720355749
1459,adam,0.00030768895521759987,0.0067392620258033276
1460,adam,0.0003073806001339108,0.008395574055612087
1461,adam,0.00030703775701113045,0.006597732659429312
1462,adam,0.0003066900244448334,0.0031940308399498463
1463,adam,0.0003063659823965281,0.0026494076009839773
1464,adam,0.00030606400105170906,0.005210388917475939
1465,adam,0.00030575308483093977,0.0064611914567649364
1466,adam,0.0003054239205084741,0.005030938424170017
1467,adam,0.00030508937197737396,0.0026925404090434313
1468,adam,0.0003047711797989905,0.001922284485772252
1469,adam,0.0003044626791961491,0.003868344472721219
1470,adam,0.0003041549935005605,0.005024062003940344
1471,adam,0.00030383598641492426,0.004134634509682655
1472,adam,0.00030351412715390325,0.002576876897364855
1473,adam,0.00030319913639687,0.0016838551964610815
1474,adam,0.0003028938372153789,0.0031134055461734533
1475,adam,0.0003025891201104969,0.004227934405207634
1476,adam,0.0003022781165782362,0.003940509632229805
1477,adam,0.00030196053558029234,0.002972172573208809
1478,adam,0.00030164982308633626,0.0019000659231096506
1479,adam,0.00030134423286654055,0.002077623503282666
1480,adam,0.00030104152392596006,0.0031750171910971403
1481,adam,0.0003007380000781268,0.0031674399506300688
1482,adam,0.00030043121660128236,0.002995944581925869
1483,adam,0.00030012402567081153,0.002063035499304533
1484,adam,0.0002998199197463691,0.002210723701864481
1485,adam,0.00029951974283903837,0.0027994224801659584
1486,adam,0.00029922081739641726,0.003355317283421755
1487,adam,0.0002989210479427129,0.0035081710666418076
1488,adam,0.0002986220351886004,0.003362142713740468
1489,adam,0.0002983217127621174,0.003121164394542575
1490,adam,0.00029802400968037546,0.0034843245521187782
1491,adam,0.0002977334661409259,0.0037708538584411144
1492,adam,0.0002974435337819159,0.00464759673923254
1493,adam,0.00029715397977270186,0.005032090935856104
1494,adam,0.0002968690241687,0.006054983474314213
1495,adam,0.0002965921303257346,0.006866156589239836
1496,adam,0.00029632405494339764,0.008506957441568375
1497,adam,0.0002960723068099469,0.010175400413572788
1498,adam,0.00029584430740214884,0.012683955952525139
1499,adam,0.0002956537064164877,0.01540178619325161
1500,adam,0.000295522651867941,0.01924881525337696
1501,adam,0.0002954887750092894,0.023738296702504158
1502,adam,0.0002956123207695782,0.029994573444128036
1503,adam,0.0002960017300210893,0.03769723325967789
1504,adam,0.0002968402986880392,0.048250358551740646
1505,adam,0.0002984399616252631,0.061662331223487854
1506,adam,0.0003013548848684877,0.07980707287788391
1507,adam,0.0003065305936615914,0.10333824157714844
1508,adam,0.00031569553539156914,0.1350332349538803
1509,adam,0.00033181789331138134,0.17679862678050995
1510,adam,0.00036043350701220334,0.2330022007226944
1511,adam,0.00041079739457927644,0.30764371156692505
1512,adam,0.0005003473488613963,0.40744972229003906
1513,adam,0.0006555115687660873,0.5388229489326477
1514,adam,0.0009240334620699286,0.7092025876045227
1515,adam,0.0013533397577703,0.9210192561149597
1516,adam,0.002003059722483158,1.1651817560195923
1517,adam,0.002758990041911602,1.4048092365264893
1518,adam,0.00337922852486372,1.562273383140564
1519,adam,0.003193625947460532,1.5268880128860474
1520,adam,0.002141907112672925,1.21376371383667
1521,adam,0.0008101522689685225,0.6596562266349792
1522,adam,0.00031462847255170345,0.14226631820201874
1523,adam,0.0008360618958249688,0.6472498178482056
1524,adam,0.0015778038650751114,1.0010833740234375
1525,adam,0.0016696613747626543,1.0433932542800903
1526,adam,0.0009896776173263788,0.7579160332679749
1527,adam,0.0003755211946554482,0.2821734845638275
1528,adam,0.000463015865534544,0.364643931388855
1529,adam,0.0009519165614619851,0.7086973190307617
1530,adam,0.0011153568048030138,0.8035486340522766
1531,adam,0.000743530341424048,0.599916398525238
1532,adam,0.0003541667538229376,0.2370140552520752
1533,adam,0.00039936788380146027,0.2898576259613037
1534,adam,0.0006951956893317401,0.5555583238601685
1535,adam,0.0007621377590112388,0.6013379096984863
1536,adam,0.0005101155256852508,0.411392480134964
1537,adam,0.00030537901329807937,0.11834372580051422
1538,adam,0.0003862549492623657,0.2726280093193054
1539,adam,0.0005616216221824288,0.45533236861228943
1540,adam,0.0005502573912963271,0.44455596804618835
1541,adam,0.00037999192136339843,0.26158812642097473
1542,adam,0.00029107011505402625,0.02901480346918106
1543,adam,0.0003719095839187503,0.2522699534893036
1544,adam,0.0004676140088122338,0.3684121370315552
1545,adam,0.0004319032304920256,0.3308863341808319
1546,adam,0.0003249207802582532,0.16678009927272797
1547,adam,0.00029304236522875726,0.05655647814273834
1548,adam,0.0003535454161465168,0.2224118709564209
1549,adam,0.00039818265940994024,0.28966236114501953
1550,adam,0.0003628112026490271,0.24004247784614563
1551,adam,0.00030243612127378583,0.10729987919330597
1552,adam,0.00029536918736994267,0.08346186578273773
1553,adam,0.00033488107146695256,0.19293120503425598
1554,adam,0.0003534469287842512,0.22562140226364136
1555,adam,0.00032502677640877664,0.1707632690668106
1556,adam,0.0002915981167461723,0.06461602449417114
1557,adam,0.0002940177801065147,0.08218490332365036
1558,adam,0.00031849744846113026,0.16154947876930237
1559,adam,0.00032586156157776713,0.17730988562107086
1560,adam,0.00030675524612888694,0.1285599321126938
1561,adam,0.0002872504701372236,0.037602756172418594
1562,adam,0.0002896550577133894,0.06143656745553017
1563,adam,0.00030466594034805894,0.12569774687290192
1564,adam,0.0003089875681325793,0.13944792747497559
1565,adam,0.00029751090914942324,0.1036018431186676
1566,adam,0.00028563867090269923,0.03605564311146736
1567,adam,0.00028622354147955775,0.042137954384088516
1568,adam,0.0002946367021650076,0.09222947061061859
1569,adam,0.00029787857783958316,0.10680148005485535
1570,adam,0.00029183251899667084,0.08335688710212708
1571,adam,0.00028444937197491527,0.03774742782115936
1572,adam,0.00028379508876241744,0.031086666509509087
1573,adam,0.00028833988471888006,0.06792005151510239
1574,adam,0.0002908614987973124,0.08182315528392792
1575,adam,0.0002879902604036033,0.06831403076648712
1576,adam,0.00028321222634986043,0.0345882773399353
1577,adam,0.0002816275809891522,0.013192634098231792
1578,adam,0.0002838320506270975,0.04572360962629318
1579,adam,0.0002860423701349646,0.06244124472141266
1580,adam,0.00028523040236905217,0.05936106666922569
1581,adam,0.00028233378543518484,0.03799792751669884
1582,adam,0.0002803475072141737,0.009217707440257072
1583,adam,0.00028071372071281075,0.02357063814997673
1584,adam,0.0002821402158588171,0.04274247586727142
1585,adam,0.000282470224192366,0.04797772318124771
1586,adam,0.00028114556334912777,0.037842124700546265
1587,adam,0.0002794989268295467,0.019613388925790787
1588,adam,0.0002789315767586231,0.011633024550974369
1589,adam,0.0002794441534206271,0.027071615681052208
1590,adam,0.0002799645299091935,0.03639089688658714
1591,adam,0.0002796228800434619,0.03467809781432152
1592,adam,0.0002785816031973809,0.02423074096441269
1593,adam,0.00027768834843300283,0.0075808423571288586
1594,adam,0.0002774878521449864,0.009460301138460636
1595,adam,0.0002777486515697092,0.02207411639392376
1596,adam,0.00027785851852968335,0.027643810957670212
1597,adam,0.00027748444699682295,0.025877317413687706
1598,adam,0.0002768044651020318,0.017638571560382843
1599,adam,0.00027625562506727874,0.007969479076564312
1600,adam,0.0002760663628578186,0.009641208685934544
1601,adam,0.0002760895004030317,0.016732461750507355
1602,adam,0.00027602087357081473,0.0203123576939106
1603,adam,0.0002757053589448333,0.018396124243736267
1604,adam,0.0002752341970335692,0.01265186257660389
1605,adam,0.0002748239494394511,0.004096930846571922
1606,adam,0.0002746006357483566,0.00461469404399395
1607,adam,0.0002745050296653062,0.011440062895417213
1608,adam,0.00027438680990599096,0.014605584554374218
1609,adam,0.0002741489151958376,0.014606095850467682
1610,adam,0.000273809622740373,0.011106500402092934
1611,adam,0.00027346931165084243,0.006543959956616163
1612,adam,0.0002732106950134039,0.004209463018923998
1613,adam,0.0002730331907514483,0.007664507254958153
1614,adam,0.0002728763793129474,0.010836806148290634
1615,adam,0.0002726770471781492,0.011662530712783337
1616,adam,0.0002724160149227828,0.010579070076346397
1617,adam,0.00027212611166760325,0.007607427891343832
1618,adam,0.000271855533355847,0.00453349482268095
1619,adam,0.0002716269518714398,0.004314123652875423
1620,adam,0.0002714338479563594,0.006242125295102596
1621,adam,0.0002712425484787673,0.008205503225326538
1622,adam,0.0002710276748985052,0.00833822786808014
1623,adam,0.0002707853855099529,0.007620896212756634
1624,adam,0.00027053029043599963,0.0056246183812618256
1625,adam,0.00027028756448999047,0.004301056731492281
1626,adam,0.0002700655022636056,0.004261088091880083
1627,adam,0.0002698604657780379,0.005716480314731598
1628,adam,0.00026965918368659914,0.00716940825805068
1629,adam,0.0002694512077141553,0.00793667696416378
1630,adam,0.0002692326670512557,0.008277934975922108
1631,adam,0.00026901011005975306,0.008498001843690872
1632,adam,0.000268794217845425,0.008998963981866837
1633,adam,0.0002685943036340177,0.010409745387732983
1634,adam,0.0002684122009668499,0.012372508645057678
1635,adam,0.0002682567574083805,0.015270181931555271
1636,adam,0.0002681293699424714,0.0184959527105093
1637,adam,0.0002680448815226555,0.022880861535668373
1638,adam,0.0002680352481547743,0.02808266319334507
1639,adam,0.0002681488695088774,0.035196203738451004
1640,adam,0.000268470321316272,0.04414747282862663
1641,adam,0.000269148702500388,0.05614277347922325
1642,adam,0.00027042016154155135,0.07154078781604767
1643,adam,0.00027271220460534096,0.0920579805970192
1644,adam,0.0002767526893876493,0.11883173882961273
1645,adam,0.0002838882792275399,0.15466587245464325
1646,adam,0.0002963909355457872,0.2021394819021225
1647,adam,0.0003186440735589713,0.26595401763916016
1648,adam,0.0003578847390599549,0.3513568639755249
1649,adam,0.00042866714647971094,0.4664222002029419
1650,adam,0.0005533394869416952,0.6205984950065613
1651,adam,0.0007788703660480678,0.8263179063796997
1652,adam,0.0011628674110397696,1.096227765083313
1653,adam,0.0018284088000655174,1.4388877153396606
1654,adam,0.0028066334780305624,1.8454763889312744
1655,adam,0.004174357745796442,2.2677628993988037
1656,adam,0.005228145979344845,2.575324535369873
1657,adam,0.005396875087171793,2.585864543914795
1658,adam,0.0035757736768573523,2.0878970623016357
1659,adam,0.001235731178894639,1.1137430667877197
1660,adam,0.0003170969139318913,0.18322333693504333
1661,adam,0.0013291953364387155,1.1581891775131226
1662,adam,0.0025080773048102856,1.6851657629013062
1663,adam,0.0020581192802637815,1.5169644355773926
1664,adam,0.0007458602194674313,0.7634369730949402
1665,adam,0.0003958525776397437,0.32538342475891113
1666,adam,0.0011899863602593541,1.0520812273025513
1667,adam,0.0015374564100056887,1.2450693845748901
1668,adam,0.000806632568128407,0.8121296167373657
1669,adam,0.0003070702077820897,0.1358625292778015
1670,adam,0.0007302232552319765,0.7188437581062317
1671,adam,0.0010862407507374883,0.9817332029342651
1672,adam,0.0006902108434587717,0.7022331953048706
1673,adam,0.00028232025215402246,0.07911482453346252
1674,adam,0.0005149331409484148,0.5319240093231201
1675,adam,0.0008046637522056699,0.7901638150215149
1676,adam,0.0005759697523899376,0.5908092856407166
1677,adam,0.0002884897985495627,0.10678868740797043
1678,adam,0.0004180519899819046,0.4193905293941498
1679,adam,0.0006077215075492859,0.6347132921218872
1680,adam,0.00047126083518378437,0.47952380776405334
1681,adam,0.0002869454037863761,0.09781960397958755
1682,adam,0.000372917449567467,0.3494088351726532
1683,adam,0.0004981923848390579,0.5253295302391052
1684,adam,0.0004026795504614711,0.39555853605270386
1685,adam,0.00027941394364461303,0.06615283340215683
1686,adam,0.00033683545188978314,0.2784717082977295
1687,adam,0.00042110218782909214,0.42843908071517944
1688,adam,0.00036083138547837734,0.3294232487678528
1689,adam,0.00027666828827932477,0.061325687915086746
1690,adam,0.0003116305742878467,0.2166440784931183
1691,adam,0.00036806982825510204,0.3437463045120239
1692,adam,0.0003299303352832794,0.26874563097953796
1693,adam,0.0002757046022452414,0.06539394706487656
1694,adam,0.00029738532612100244,0.1719822883605957
1695,adam,0.00033341633388772607,0.27339968085289
1696,adam,0.0003091972612310201,0.21687231957912445
1697,adam,0.0002727413666434586,0.05184273049235344
1698,adam,0.0002861871325876564,0.13370056450366974
1699,adam,0.000311770272674039,0.22057704627513885
1700,adam,0.0002973448426928371,0.1798478215932846
1701,adam,0.0002713710127864033,0.046554066240787506
1702,adam,0.000277300423476845,0.09952381253242493
1703,adam,0.0002952259674202651,0.17703600227832794
1704,adam,0.00028896910953335464,0.15428526699543
1705,adam,0.0002712380373850465,0.05502510815858841
1706,adam,0.00027205381775274873,0.07142563909292221
1707,adam,0.0002839218359440565,0.14189213514328003
1708,adam,0.00028214763733558357,0.1343311220407486
1709,adam,0.0002702021738514304,0.06045696139335632
1710,adam,0.0002682138292584568,0.04137543588876724
1711,adam,0.0002760786737781018,0.10921800881624222
1712,adam,0.00027747024432756007,0.11848632991313934
1713,adam,0.0002698229218367487,0.06886475533246994
1714,adam,0.00026589681510813534,0.010060140863060951
1715,adam,0.0002700549957808107,0.07478386163711548
1716,adam,0.00027297536144033074,0.09768743813037872
1717,adam,0.0002692675625439733,0.07282428443431854
1718,adam,0.0002651624090503901,0.01902441494166851
1719,adam,0.0002663224586285651,0.043958473950624466
1720,adam,0.00026904584956355393,0.07514744997024536
1721,adam,0.00026793821598403156,0.06811961531639099
1722,adam,0.0002646647044457495,0.03126518428325653
1723,adam,0.000263977242866531,0.018502475693821907
1724,adam,0.0002658081066329032,0.05249984934926033
1725,adam,0.0002663062186911702,0.0606495626270771
1726,adam,0.00026437558699399233,0.040355369448661804
1727,adam,0.0002627784851938486,0.005798082333058119
1728,adam,0.00026325980434194207,0.030518075451254845
1729,adam,0.00026418804191052914,0.04792559891939163
1730,adam,0.0002636366116348654,0.04343457520008087
1731,adam,0.0002622358442749828,0.020399775356054306
1732,adam,0.0002617455320432782,0.01149100624024868
1733,adam,0.0002622731262817979,0.03306077793240547
1734,adam,0.0002624471380840987,0.03952927514910698
1735,adam,0.0002616764686536044,0.02945481799542904
1736,adam,0.0002608283539302647,0.008048797026276588
1737,adam,0.00026073120534420013,0.014546933583915234
1738,adam,0.0002610194787848741,0.02924751676619053
1739,adam,0.00026088146842084825,0.030591130256652832
1740,adam,0.00026024793623946607,0.02025993913412094
1741,adam,0.00025973861920647323,0.004454329609870911
1742,adam,0.00025968821137212217,0.014295716769993305
1743,adam,0.00025975366588681936,0.02356320060789585
1744,adam,0.000259509717579931,0.022528741508722305
1745,adam,0.00025903229834511876,0.013417997397482395
1746,adam,0.00025869326782412827,0.002523933071643114
1747,adam,0.0002586201298981905,0.012449396774172783
1748,adam,0.00025857301079668105,0.018705986440181732
1749,adam,0.00025832821847870946,0.017143933102488518
1750,adam,0.0002579597639851272,0.009951821528375149
1751,adam,0.0002576797269284725,0.0018194196745753288
1752,adam,0.0002575537655502558,0.009742792695760727
1753,adam,0.0002574474783614278,0.014603170566260815
1754,adam,0.00025723010185174644,0.013514725491404533
1755,adam,0.00025693769566714764,0.008263470605015755
1756,adam,0.0002566883049439639,0.0019748229533433914
1757,adam,0.00025652858312241733,0.007262927480041981
1758,adam,0.00025639066006988287,0.011400165967643261
1759,adam,0.00025619438383728266,0.011223546229302883
1760,adam,0.00025594604085199535,0.007770002353936434
1761,adam,0.00025570954312570393,0.0022052270360291004
1762,adam,0.0002555245300754905,0.003994233440607786
1763,adam,0.0002553678350523114,0.007960718125104904
1764,adam,0.00025518666370771825,0.008792664855718613
1765,adam,0.00025497248861938715,0.0071729752235114574
1766,adam,0.000254750601015985,0.0034687190782278776
1767,adam,0.00025455415016040206,0.0019268500618636608
1768,adam,0.0002543802547734231,0.005111800041049719
1769,adam,0.0002542054280638695,0.006526765413582325
1770,adam,0.00025401130551472306,0.006310115102678537
1771,adam,0.00025380359147675335,0.003970109857618809
1772,adam,0.00025360265863128006,0.001604126882739365
1773,adam,0.0002534170635044575,0.002760344184935093
1774,adam,0.0002532401995267719,0.0045701018534600735
1775,adam,0.000253058853559196,0.005299695767462254
1776,adam,0.000252865138463676,0.004294192884117365
1777,adam,0.0002526675525587052,0.0026388061232864857
1778,adam,0.00025247951271012425,0.001165772438980639
1779,adam,0.0002522961876820773,0.002556560328230262
1780,adam,0.0002521169662941247,0.003941037692129612
1781,adam,0.0002519332629162818,0.004089166410267353
1782,adam,0.0002517440589144826,0.0034852426033467054
1783,adam,0.00025155500043183565,0.0021076679695397615
1784,adam,0.0002513689687475562,0.0012782899430021644
1785,adam,0.00025118791381828487,0.0021290637087076902
1786,adam,0.0002510087797418237,0.002690813271328807
1787,adam,0.00025082670617848635,0.003065046388655901
1788,adam,0.0002506424207240343,0.002441935706883669
1789,adam,0.00025045822258107364,0.0018558257725089788
1790,adam,0.000250275363214314,0.0012296144850552082
1791,adam,0.0002500948903616518,0.0016445007640868425
1792,adam,0.00024991630925796926,0.0022679660469293594
1793,adam,0.0002497367386240512,0.0024433843791484833
1794,adam,0.0002495570224709809,0.002407965948805213
1795,adam,0.0002493753272574395,0.001920290756970644
1796,adam,0.0002491959312465042,0.0014922433765605092
1797,adam,0.0002490172046236694,0.0014543887227773666
1798,adam,0.00024883949663490057,0.001557350973598659
1799,adam,0.00024866295279935,0.0020279395394027233
1800,adam,0.0002484851283952594,0.001936115324497223
1801,adam,0.0002483076532371342,0.0020958133973181248
1802,adam,0.0002481317787896842,0.0018597323214635253
1803,adam,0.0002479538961779326,0.00213792291469872
1804,adam,0.0002477802336215973,0.0023244081530719995
1805,adam,0.00024760671658441424,0.0028611610177904367
1806,adam,0.00024743349058553576,0.0032518128864467144
1807,adam,0.0002472630294505507,0.0038492840249091387
1808,adam,0.0002470930921845138,0.0043382905423641205
1809,adam,0.0002469276369083673,0.005166595336049795
1810,adam,0.0002467674494255334,0.005984867457300425
1811,adam,0.0002466148871462792,0.0073607550002634525
1812,adam,0.00024647233658470213,0.008836261928081512
1813,adam,0.0002463496057316661,0.011074966751039028
1814,adam,0.00024625766673125327,0.013604770414531231
1815,adam,0.00024621307966299355,0.01718318462371826
1816,adam,0.0002462481497786939,0.02148600108921528
1817,adam,0.0002464146527927369,0.02739637903869152
1818,adam,0.00024680167553015053,0.03475908190011978
1819,adam,0.0002475691435392946,0.04472046345472336
1820,adam,0.00024897835101000965,0.05749208852648735
1821,adam,0.0002515025844331831,0.07462543249130249
1822,adam,0.00025594644830562174,0.09695380926132202
1823,adam,0.0002637879806570709,0.12687788903713226
1824,adam,0.00027754410984925926,0.16642269492149353
1825,adam,0.00030196536681614816,0.21953271329402924
1826,adam,0.00034491432597860694,0.29024386405944824
1827,adam,0.00042155562550760806,0.38483482599258423
1828,adam,0.0005548750050365925,0.510087251663208
1829,adam,0.0007891227724030614,0.6739954352378845
1830,adam,0.0011723148636519909,0.8822603821754456
1831,adam,0.0017854792531579733,1.1321463584899902
1832,adam,0.0025767150800675154,1.4005670547485352
1833,adam,0.003427575109526515,1.6252964735031128
1834,adam,0.0036569368094205856,1.7008438110351562
1835,adam,0.002972594927996397,1.5138142108917236
1836,adam,0.0014587960904464126,1.040754795074463
1837,adam,0.000399960670620203,0.4069232642650604
1838,adam,0.0005110098863951862,0.4573090672492981
1839,adam,0.0013351781526580453,0.9245883226394653
1840,adam,0.0018185654189437628,1.1254420280456543
1841,adam,0.0013629293534904718,0.9655826091766357
1842,adam,0.0005585769540630281,0.5303475260734558
1843,adam,0.0003307362203486264,0.2922108769416809
1844,adam,0.0007899334887042642,0.6518916487693787
1845,adam,0.0011737907771021128,0.855673611164093
1846,adam,0.0009334741625934839,0.7328925728797913
1847,adam,0.00041727209463715553,0.368110716342926
1848,adam,0.0002837397623807192,0.1729535460472107
1849,adam,0.0005919402465224266,0.5203991532325745
1850,adam,0.0008040160173550248,0.6600591540336609
1851,adam,0.0006054327241145074,0.5272102355957031
1852,adam,0.00029874336905777454,0.20318475365638733
1853,adam,0.0002870879543479532,0.17715980112552643
1854,adam,0.0004948152345605195,0.44007933139801025
1855,adam,0.0005624466575682163,0.4947313070297241
1856,adam,0.00040033142431639135,0.34926167130470276
1857,adam,0.00025869152159430087,0.11586962640285492
1858,adam,0.00031002494506537914,0.2368401288986206
1859,adam,0.00042636855505406857,0.3799762427806854
1860,adam,0.00041581731056794524,0.36579155921936035
1861,adam,0.0003002532757818699,0.20842806994915009
1862,adam,0.0002501368580851704,0.08340853452682495
1863,adam,0.00031290657352656126,0.2438996285200119
1864,adam,0.00036885723238810897,0.32095205783843994
1865,adam,0.00033175101270899177,0.26854783296585083
1866,adam,0.0002598762803245336,0.11314377933740616
1867,adam,0.00025022655609063804,0.07394053786993027
1868,adam,0.00029732470284216106,0.21081945300102234
1869,adam,0.0003197696933057159,0.25215089321136475
1870,adam,0.00028614694019779563,0.19232042133808136
1871,adam,0.0002477163216099143,0.07297039777040482
1872,adam,0.0002528693585190922,0.08944369107484818
1873,adam,0.00028098735492676497,0.17379558086395264
1874,adam,0.0002852649486158043,0.1851976364850998
1875,adam,0.0002613667747937143,0.12671245634555817
1876,adam,0.0002435912610962987,0.04303092136979103
1877,adam,0.00025187665596604347,0.09082583338022232
1878,adam,0.00026810020790435374,0.14455248415470123
1879,adam,0.0002668285451363772,0.14028802514076233
1880,adam,0.0002504527510609478,0.08488371223211288
1881,adam,0.0002411088062217459,0.0032200398854911327
1882,adam,0.0002477607340551913,0.07251070439815521
1883,adam,0.00025719686527736485,0.11311385035514832
1884,adam,0.00025562342489138246,0.10855739563703537
1885,adam,0.0002460162795614451,0.06675879657268524
1886,adam,0.00024081261653918773,0.024500511586666107
1887,adam,0.0002445860009174794,0.06146302446722984
1888,adam,0.0002498358371667564,0.0892903134226799
1889,adam,0.0002486754092387855,0.08353320509195328
1890,adam,0.00024287546693813056,0.049922969192266464
1891,adam,0.00023969283211044967,0.012391239404678345
1892,adam,0.0002418230433249846,0.045920517295598984
1893,adam,0.00024510364164598286,0.07061518728733063
1894,adam,0.00024483827291987836,0.06935626268386841
1895,adam,0.00024143789778463542,0.04659154638648033
1896,adam,0.00023894617334008217,0.014091570861637592
1897,adam,0.00023959616373758763,0.027612581849098206
1898,adam,0.00024151333491317928,0.048970796167850494
1899,adam,0.00024177596787922084,0.05252189561724663
1900,adam,0.00024002604186534882,0.039449844509363174
1901,adam,0.00023829175916034728,0.016650600358843803
1902,adam,0.00023821306240279227,0.017998872324824333
1903,adam,0.00023926697031129152,0.0354548841714859
1904,adam,0.0002397427597315982,0.04163022339344025
1905,adam,0.0002389092551311478,0.03486032783985138
1906,adam,0.00023764676006976515,0.018030231818556786
1907,adam,0.0002371233276790008,0.006342720706015825
1908,adam,0.0002374843170400709,0.021319018676877022
1909,adam,0.00023792572028469294,0.030217234045267105
1910,adam,0.00023771818086970598,0.029360825195908546
1911,adam,0.0002369784633629024,0.019894883036613464
1912,adam,0.00023638445418328047,0.007947911508381367
1913,adam,0.00023633053933735937,0.012533563189208508
1914,adam,0.00023656839039176702,0.021769331768155098
1915,adam,0.00023661022714804858,0.02520960383117199
1916,adam,0.0002362600644119084,0.021654833108186722
1917,adam,0.00023575279919896275,0.01309913955628872
1918,adam,0.00023544413852505386,0.005807491950690746
1919,adam,0.00023542167036794126,0.010955354198813438
1920,adam,0.0002354724274482578,0.016824686899781227
1921,adam,0.00023535947548225522,0.01741972379386425
1922,adam,0.00023505881836172193,0.013713742606341839
1923,adam,0.00023472850443795323,0.006467127241194248
1924,adam,0.0002345309912925586,0.0019386452622711658
1925,adam,0.00023447473358828574,0.008863518014550209
1926,adam,0.0002344339300179854,0.01253070030361414
1927,adam,0.0002342967054573819,0.013090122491121292
1928,adam,0.00023406484979204834,0.010001341812312603
1929,adam,0.0002338254125788808,0.005552882794290781
1930,adam,0.00023365617380477488,0.003928691614419222
1931,adam,0.00023356042220257223,0.007659880444407463
1932,adam,0.00023347552632912993,0.010598530061542988
1933,adam,0.0002333410520805046,0.010929819196462631
1934,adam,0.00023315541329793632,0.009432220831513405
1935,adam,0.000232957536354661,0.0068638985976576805
1936,adam,0.00023279411834664643,0.0055709462612867355
1937,adam,0.00023267374490387738,0.0071227154694497585
1938,adam,0.000232567050261423,0.008857065811753273
1939,adam,0.00023244167095981538,0.010058210231363773
1940,adam,0.00023229177168104798,0.009830598719418049
1941,adam,0.00023213124950416386,0.009802029468119144
1942,adam,0.00023198610870167613,0.01017675455659628
1943,adam,0.00023187029000837356,0.01196278352290392
1944,adam,0.00023177574621513486,0.014251604676246643
1945,adam,0.00023169621999841183,0.016809668391942978
1946,adam,0.0002316226891707629,0.01937095820903778
1947,adam,0.0002315713936695829,0.022478744387626648
1948,adam,0.00023156638781074435,0.026199331507086754
1949,adam,0.0002316462341696024,0.031351324170827866
1950,adam,0.00023185324971564114,0.0377914160490036
1951,adam,0.00023225024051498622,0.046232108026742935
1952,adam,0.00023293615959119052,0.056685030460357666
1953,adam,0.00023408772540278733,0.07030770182609558
1954,adam,0.00023599494306836277,0.08745872229337692
1955,adam,0.00023915701603982598,0.10983069241046906
1956,adam,0.0002443597768433392,0.13846582174301147
1957,adam,0.0002530404017306864,0.1758331060409546
1958,adam,0.00026742008049041033,0.22421863675117493
1959,adam,0.00029173586517572403,0.28763869404792786
1960,adam,0.00033229825203306973,0.37029609084129333
1961,adam,0.0004017706960439682,0.4786780774593353
1962,adam,0.0005172425881028175,0.6198712587356567
1963,adam,0.0007151655154302716,0.8028331398963928
1964,adam,0.001032104017212987,1.0356454849243164
1965,adam,0.0015527999494224787,1.3228302001953125
1966,adam,0.002277735620737076,1.6550058126449585
1967,adam,0.003263919847086072,1.9972691535949707
1968,adam,0.004057397600263357,2.2601683139801025
1969,adam,0.004360353574156761,2.3210887908935547
1970,adam,0.003323426702991128,2.021915912628174
1971,adam,0.0016232940834015608,1.3429104089736938
1972,adam,0.00037062703631818295,0.4091555178165436
1973,adam,0.0005039777024649084,0.5736159086227417
1974,adam,0.001473001902922988,1.253145456314087
1975,adam,0.0019228042801842093,1.476759910583496
1976,adam,0.001350335543975234,1.1911282539367676
1977,adam,0.0004627155140042305,0.5256943702697754
1978,adam,0.0003547059022821486,0.34460484981536865
1979,adam,0.000906344095710665,0.9014945030212402
1980,adam,0.0011332354042679071,1.059822678565979
1981,adam,0.0007138695218600333,0.7736481428146362
1982,adam,0.0002944518637377769,0.24007515609264374
1983,adam,0.00043480005115270615,0.46090179681777954
1984,adam,0.0007590142777189612,0.7860122323036194
1985,adam,0.0006850434583611786,0.7442273497581482
1986,adam,0.0003543997590895742,0.38413122296333313
1987,adam,0.00027227698592469096,0.17432430386543274
1988,adam,0.0004849550314247608,0.5275776386260986
1989,adam,0.0005803627427667379,0.6336943507194519
1990,adam,0.0003981058544013649,0.44028377532958984
1991,adam,0.00024266401305794716,0.07797277718782425
1992,adam,0.00032498908694833517,0.31017929315567017
1993,adam,0.00045407720608636737,0.49606725573539734
1994,adam,0.00040396559052169323,0.437223345041275
1995,adam,0.00026594416704028845,0.18085937201976776
1996,adam,0.0002521095739211887,0.13389919698238373
1997,adam,0.0003452671517152339,0.35411152243614197
1998,adam,0.00036920164711773396,0.3897446393966675
1999,adam,0.0002897206577472389,0.2423934042453766
2000,adam,0.00023797200992703438,0.04217899218201637
2001,adam,0.00027770904125645757,0.227085679769516
2002,adam,0.00032057202770374715,0.31844303011894226
2003,adam,0.0002917128731496632,0.2543923556804657
2004,adam,0.0002431008906569332,0.08878865838050842
2005,adam,0.000247164920438081,0.12671278417110443
2006,adam,0.00028150418074801564,0.2426200658082962
2007,adam,0.0002821946400217712,0.24195513129234314
2008,adam,0.00024929564096964896,0.1335570216178894
2009,adam,0.00023524160496890545,0.04250803217291832
2010,adam,0.0002543813898228109,0.1629222333431244
2011,adam,0.0002682141785044223,0.20957444608211517
2012,adam,0.0002536720421630889,0.16020742058753967
2013,adam,0.00023452045570593327,0.04569506645202637
2014,adam,0.000237428248510696,0.07825585454702377
2015,adam,0.0002517683897167444,0.1562860757112503
2016,adam,0.0002524370211176574,0.1598861664533615
2017,adam,0.00023926513676997274,0.09622282534837723
2018,adam,0.0002319324848940596,0.012490491382777691
2019,adam,0.00023802864598110318,0.08907659351825714
2020,adam,0.00024476178805343807,0.12957443296909332
2021,adam,0.0002411866735201329,0.11253980547189713
2022,adam,0.00023323760251514614,0.05401542782783508
2023,adam,0.00023176851391326636,0.031176460906863213
2024,adam,0.00023649429203942418,0.08301284164190292
2025,adam,0.0002386806590948254,0.10031533241271973
2026,adam,0.0002349026472074911,0.07644063979387283
2027,adam,0.00023068318841978908,0.02797650173306465
2028,adam,0.00023112844792194664,0.03529563918709755
2029,adam,0.00023413605231326073,0.07037652283906937
2030,adam,0.00023459467047359794,0.07682161033153534
2031,adam,0.00023174782108981162,0.0529833547770977
2032,adam,0.00022935699962545186,0.012744599021971226
2033,adam,0.00022993411403149366,0.030857736244797707
2034,adam,0.00023174357193056494,0.05634322762489319
2035,adam,0.00023183359007816762,0.059382133185863495
2036,adam,0.00022999834618531168,0.03971449285745621
2037,adam,0.00022849874221719801,0.008647352457046509
2038,adam,0.00022874283604323864,0.024173276498913765
2039,adam,0.00022974151943344623,0.043787792325019836
2040,adam,0.00022981289657764137,0.04645657539367676
2041,adam,0.0002287527167936787,0.03218664228916168
2042,adam,0.00022777596313972026,0.010496863164007664
2043,adam,0.000227753771468997,0.018021365627646446
2044,adam,0.00022825486666988581,0.033431313931941986
2045,adam,0.00022832122340332717,0.03693440929055214
2046,adam,0.000227710377657786,0.027584942057728767
2047,adam,0.00022703105059918016,0.011052530258893967
2048,adam,0.00022686170996166766,0.010785821825265884
2049,adam,0.00022708791948389262,0.024293776601552963
2050,adam,0.00022717016690876335,0.029659105464816093
2051,adam,0.00022683519637212157,0.024988185614347458
2052,adam,0.00022633295156992972,0.013299616053700447
2053,adam,0.00022605268168263137,0.0021675683092325926
2054,adam,0.00022607491700910032,0.014548844657838345
2055,adam,0.00022614281624555588,0.021954191848635674
2056,adam,0.00022600003285333514,0.021837349981069565
2057,adam,0.00022567284759134054,0.015624037943780422
2058,adam,0.00022537005133926868,0.005609860643744469
2059,adam,0.00022523810912389308,0.005910303443670273
2060,adam,0.00022522066137753427,0.01375597808510065
2061,adam,0.0002251579862786457,0.01675514131784439
2062,adam,0.0002249720855616033,0.015122276730835438
2063,adam,0.00022472391719929874,0.009294392541050911
2064,adam,0.00022452838311437517,0.002995227463543415
2065,adam,0.00022442516637966037,0.006707572378218174
2066,adam,0.00022435617574956268,0.0110464533790946
2067,adam,0.00022424165217671543,0.012485494837164879
2068,adam,0.00022406375501304865,0.01011534221470356
2069,adam,0.00022386753698810935,0.005706643220037222
2070,adam,0.00022371056547854096,0.0015359175158664584
2071,adam,0.00022360149887390435,0.005253366660326719
2072,adam,0.00022350411745719612,0.008522307500243187
2073,adam,0.00022338137205224484,0.009020275436341763
2074,adam,0.00022322408040054142,0.00760646490380168
2075,adam,0.00022305944003164768,0.00412819255143404
2076,adam,0.00022291035566013306,0.0011696224100887775
2077,adam,0.00022278814867604524,0.0037817126139998436
2078,adam,0.00022267627355176955,0.005968394223600626
2079,adam,0.00022255341173149645,0.006887118797749281
2080,adam,0.00022241324768401682,0.005869180429726839
2081,adam,0.00022226649161893874,0.003987998701632023
2082,adam,0.0002221238537458703,0.0014259477611631155
2083,adam,0.0002219963353127241,0.002135624410584569
2084,adam,0.00022187529248185456,0.004160261247307062
2085,adam,0.0002217535802628845,0.005079250317066908
2086,adam,0.00022162320965435356,0.005137307569384575
2087,adam,0.00022148704738356173,0.003897210583090782
2088,adam,0.00022134963364806026,0.0023299921303987503
2089,adam,0.00022121702204458416,0.0009045645128935575
2090,adam,0.0002210918755736202,0.0020069056190550327
2091,adam,0.00022096889733802527,0.0033373318146914244
2092,adam,0.00022084356169216335,0.0037644209805876017
2093,adam,0.0002207148791057989,0.0037337406538426876
2094,adam,0.00022058453760109842,0.002850254299119115
2095,adam,0.00022045343939680606,0.0018645016243681312
2096,adam,0.00022032461129128933,0.0010554095497354865
2097,adam,0.00022019869356881827,0.0014036472421139479
2098,adam,0.0002200748713221401,0.002320016734302044
2099,adam,0.0002199495938839391,0.002608817769214511
2100,adam,0.00021982403995934874,0.0027724176179617643
2101,adam,0.00021969605586491525,0.0022270253393799067
2102,adam,0.0002195686538470909,0.0017305375076830387
2103,adam,0.0002194421977037564,0.0010427423985674977
2104,adam,0.0002193175459979102,0.0009344833670184016
2105,adam,0.0002191925304941833,0.0014481687685474753
2106,adam,0.00021907004702370614,0.0016873721033334732
2107,adam,0.00021894510427955538,0.002057619858533144
2108,adam,0.00021882134024053812,0.0018454986857250333
2109,adam,0.0002186968340538442,0.0017884601838886738
2110,adam,0.0002185706835007295,0.0012892175000160933
2111,adam,0.00021844779257662594,0.0011588992783799767
2112,adam,0.0002183239412261173,0.0011021328391507268
2113,adam,0.0002182014286518097,0.0013400393072515726
2114,adam,0.00021807845041621476,0.001654835999943316
2115,adam,0.00021795557404402643,0.0017268479568883777
2116,adam,0.00021783277043141425,0.0018429288174957037
2117,adam,0.00021771078172605485,0.0016432733973488212
2118,adam,0.00021758819639217108,0.001512996037490666
2119,adam,0.00021746501442976296,0.0012224727543070912
2120,adam,0.00021734312758781016,0.0010632919147610664
2121,adam,0.00021722196834161878,0.001022842014208436
2122,adam,0.00021709974680561572,0.000992017099633813
2123,adam,0.00021697924239560962,0.0012005059979856014
2124,adam,0.00021685851970687509,0.0011541108833625913
2125,adam,0.00021673690935131162,0.0013448488898575306
2126,adam,0.00021661707432940602,0.0012294604675844312
2127,adam,0.00021649710834026337,0.0013938992051407695
2128,adam,0.00021637527970597148,0.0012954296544194221
2129,adam,0.00021625669614877552,0.0014724517241120338
2130,adam,0.00021613579883705825,0.0014580185525119305
2131,adam,0.00021601705520879477,0.0016956698382273316
2132,adam,0.00021589765674434602,0.001817789627239108
2133,adam,0.0002157785784220323,0.002150427782908082
2134,adam,0.0002156614064006135,0.0024035514798015356
2135,adam,0.0002155435213353485,0.0028860156890004873
2136,adam,0.00021542879403568804,0.0033411255571991205
2137,adam,0.00021531562379095703,0.0040493919514119625
2138,adam,0.00021520482550840825,0.00477796932682395
2139,adam,0.00021509893122129142,0.005884284619241953
2140,adam,0.00021500000730156898,0.007111232727766037
2141,adam,0.00021491119696293026,0.008871419355273247
2142,adam,0.0002148409839719534,0.010950521565973759
2143,adam,0.00021480067516677082,0.013842505402863026
2144,adam,0.00021480771829374135,0.017390573397278786
2145,adam,0.00021489827486220747,0.02219148725271225
2146,adam,0.00021512259263545275,0.028241058811545372
2147,adam,0.00021557520085480064,0.036328963935375214
2148,adam,0.0002164183824788779,0.046747416257858276
2149,adam,0.00021793351334054023,0.06064750626683235
2150,adam,0.0002206088392995298,0.07882238179445267
2151,adam,0.00022533426817972213,0.10311071574687958
2152,adam,0.00023361857165582478,0.13527171313762665
2153,adam,0.0002483341086190194,0.1783909946680069
2154,adam,0.00027424719883129,0.2359803467988968
2155,adam,0.0003207069239579141,0.31321462988853455
2156,adam,0.00040232876199297607,0.41650888323783875
2157,adam,0.0005488630849868059,0.553801953792572
2158,adam,0.000798785884398967,0.7343915700912476
2159,adam,0.001231369562447071,0.9645402431488037
2160,adam,0.0018854119116440415,1.2449389696121216
2161,adam,0.0028390793595463037,1.5502077341079712
2162,adam,0.003740668995305896,1.8205097913742065
2163,adam,0.004255304578691721,1.9391255378723145
2164,adam,0.003460780717432499,1.7885234355926514
2165,adam,0.0018968092044815421,1.3258196115493774
2166,adam,0.0006615847232751548,0.757209062576294
2167,adam,0.0007223183638416231,0.6723074913024902
2168,adam,0.0016006339574232697,1.0500651597976685
2169,adam,0.0020379123743623495,1.205098271369934
2170,adam,0.0014203740283846855,0.9837601184844971
2171,adam,0.00045953603694215417,0.4641517698764801
2172,adam,0.000331287388689816,0.31299206614494324
2173,adam,0.0009881926234811544,0.7837187051773071
2174,adam,0.001379524590447545,0.9533746838569641
2175,adam,0.0009648051345720887,0.7698056697845459
2176,adam,0.00035751424729824066,0.342500776052475
2177,adam,0.0003388555196579546,0.3432296812534332
2178,adam,0.0007298895507119596,0.6517959833145142
2179,adam,0.0008127900655381382,0.6896909475326538
2180,adam,0.0004763087199535221,0.45151853561401367
2181,adam,0.0002524662122596055,0.2053561806678772
2182,adam,0.00042302205110900104,0.4545445442199707
2183,adam,0.0006220194045454264,0.6053038835525513
2184,adam,0.0004949997528456151,0.4996991455554962
2185,adam,0.000257065607002005,0.1888517588376999
2186,adam,0.0002518872788641602,0.17339561879634857
2187,adam,0.00041782823973335326,0.4200183153152466
2188,adam,0.00045840037637390196,0.469331294298172
2189,adam,0.0003204395470675081,0.320998877286911
2190,adam,0.0002308270923094824,0.13087597489356995
2191,adam,0.00029699329752475023,0.25111961364746094
2192,adam,0.0003691974561661482,0.3488379418849945
2193,adam,0.0003190413990523666,0.2928583323955536
2194,adam,0.00023123103892430663,0.12248767167329788
2195,adam,0.00023659136786591262,0.1297426074743271
2196,adam,0.0003017288981936872,0.2588328719139099
2197,adam,0.000309808790916577,0.272721529006958
2198,adam,0.0002513259823899716,0.16859859228134155
2199,adam,0.00021692318841814995,0.04919448122382164
2200,adam,0.00024449825286865234,0.15789885818958282
2201,adam,0.0002744133525993675,0.21956151723861694
2202,adam,0.0002563964808359742,0.1811489760875702
2203,adam,0.00022267179156187922,0.08385588973760605
2204,adam,0.00022320081188809127,0.10052567720413208
2205,adam,0.00024743162794038653,0.1761210560798645
2206,adam,0.0002517234534025192,0.18529579043388367
2207,adam,0.00022952120343688875,0.11885900050401688
2208,adam,0.00021403665596153587,0.014594290405511856
2209,adam,0.00022295050439424813,0.08901041001081467
2210,adam,0.00023663228785153478,0.14237001538276672
2211,adam,0.00023308253730647266,0.1340198963880539
2212,adam,0.0002191679523093626,0.0788426399230957
2213,adam,0.00021531233505811542,0.04700566083192825
2214,adam,0.0002234558342024684,0.09065325558185577
2215,adam,0.00022799173893872648,0.10898160189390182
2216,adam,0.00022153664031066,0.08364763110876083
2217,adam,0.00021361840481404215,0.02713964320719242
2218,adam,0.00021415509399957955,0.03520394116640091
2219,adam,0.00021992757683619857,0.07721830159425735
2220,adam,0.0002214556880062446,0.08447936177253723
2221,adam,0.00021684591774828732,0.060765672475099564
2222,adam,0.00021287867275532335,0.029455555602908134
2223,adam,0.0002141377772204578,0.04723405838012695
2224,adam,0.00021717352501582354,0.0696815699338913
2225,adam,0.00021683049271814525,0.06693500280380249
2226,adam,0.00021353467309381813,0.04048299044370651
2227,adam,0.00021155849390197545,0.0026576195377856493
2228,adam,0.00021272570302244276,0.033907029777765274
2229,adam,0.00021455383102875203,0.05383097007870674
2230,adam,0.00021422764984890819,0.05258893221616745
2231,adam,0.00021228016703389585,0.03525574505329132
2232,adam,0.00021123742044437677,0.01896672695875168
2233,adam,0.00021195733279455453,0.029971227049827576
2234,adam,0.00021285528782755136,0.04121880605816841
2235,adam,0.0002124367601936683,0.03783731535077095
2236,adam,0.000211145612411201,0.022660842165350914
2237,adam,0.00021042620937805623,0.006508531514555216
2238,adam,0.00021077037672512233,0.020558934658765793
2239,adam,0.00021130086679477245,0.030507300049066544
2240,adam,0.00021110143279656768,0.028918415307998657
2241,adam,0.00021035374084021896,0.018244078382849693
2242,adam,0.00020988672622479498,0.00812939926981926
2243,adam,0.00021003141591791064,0.017917906865477562
2244,adam,0.0002103334409184754,0.02646251767873764
2245,adam,0.00021024486341048032,0.02695230394601822
2246,adam,0.0002097783435601741,0.020226407796144485
2247,adam,0.00020938408852089196,0.011955597437918186
2248,adam,0.0002093426010105759,0.012613882310688496
2249,adam,0.00020946681615896523,0.018350349739193916
2250,adam,0.0002094170922646299,0.019338242709636688
2251,adam,0.00020912107720505446,0.015190637670457363
2252,adam,0.00020879905787296593,0.007892325520515442
2253,adam,0.0002086619642795995,0.007194456644356251
2254,adam,0.00020867872808594257,0.012638797052204609
2255,adam,0.00020865423721261322,0.014857797883450985
2256,adam,0.00020848256826866418,0.012926463969051838
2257,adam,0.00020824548846576363,0.007237471640110016
2258,adam,0.00020807988767046481,0.0011070608161389828
2259,adam,0.00020802176732104272,0.006572906859219074
2260,adam,0.00020798607147298753,0.010143183171749115
2261,adam,0.0002078870020341128,0.010703745298087597
2262,adam,0.0002077188837574795,0.007865868508815765
2263,adam,0.00020755577133968472,0.0039032737258821726
2264,adam,0.00020745066285599023,0.0038864375092089176
2265,adam,0.00020738854072988033,0.006910486612468958
2266,adam,0.00020731431141030043,0.008772986941039562
2267,adam,0.0002071973285637796,0.008125982247292995
2268,adam,0.0002070570772048086,0.006802470423281193
2269,adam,0.00020693503029178828,0.006290884222835302
2270,adam,0.0002068510657409206,0.008287844248116016
2271,adam,0.000206783035537228,0.01054780650883913
2272,adam,0.00020670612866524607,0.012211213819682598
2273,adam,0.00020661625603679568,0.013183514587581158
2274,adam,0.00020653150568250567,0.014385095797479153
2275,adam,0.00020647993369493634,0.016380559653043747
2276,adam,0.00020647676137741655,0.01971755363047123
2277,adam,0.00020652519015129656,0.02373984456062317
2278,adam,0.00020663696341216564,0.029048264026641846
2279,adam,0.00020685313211288303,0.03543926775455475
2280,adam,0.00020725028298329562,0.043968163430690765
2281,adam,0.00020794925512745976,0.05468492582440376
2282,adam,0.00020913625485263765,0.06862290948629379
2283,adam,0.0002111011854140088,0.08609383553266525
2284,adam,0.00021435911185108125,0.10871918499469757
2285,adam,0.00021973351249471307,0.13764210045337677
2286,adam,0.00022873972193337977,0.17545586824417114
2287,adam,0.0002437495277263224,0.22457659244537354
2288,adam,0.00026924588019028306,0.2891426086425781
2289,adam,0.00031199364457279444,0.3735767602920532
2290,adam,0.0003854485403280705,0.48448577523231506
2291,adam,0.0005079898401163518,0.6291731595993042
2292,adam,0.0007180174579843879,0.8163939118385315
2293,adam,0.00105379824526608,1.0539817810058594
2294,adam,0.001600773772224784,1.3445820808410645
2295,adam,0.002349603222683072,1.676094651222229
2296,adam,0.0033329518046230078,2.006836175918579
2297,adam,0.004047533497214317,2.2405953407287598
2298,adam,0.004168661776930094,2.2498724460601807
2299,adam,0.0029651133809238672,1.8894025087356567
2300,adam,0.0012688153656199574,1.1614054441452026
2301,adam,0.0002542400034144521,0.2221367061138153
2302,adam,0.0006165189552120864,0.7053645253181458
2303,adam,0.0015895344549790025,1.309912085533142
2304,adam,0.0018427978502586484,1.4374513626098633
2305,adam,0.0011214585974812508,1.0660322904586792
2306,adam,0.00031797357951290905,0.3549591302871704
2307,adam,0.00038729337393306196,0.4458498954772949
2308,adam,0.0009715700871311128,0.9588395357131958
2309,adam,0.0010714138625189662,1.0298867225646973
2310,adam,0.0005736571620218456,0.6677151918411255
2311,adam,0.00022993949824012816,0.11125396192073822
2312,adam,0.0004586699069477618,0.5330584645271301
2313,adam,0.000754634034819901,0.8063268661499023
2314,adam,0.0006050837691873312,0.6968390345573425
2315,adam,0.0002821383241098374,0.2939198911190033
2316,adam,0.0002654919517226517,0.23232218623161316
2317,adam,0.0004863365611527115,0.5654982924461365
2318,adam,0.0005288911634124815,0.6158002614974976
2319,adam,0.00032902861130423844,0.3792356848716736
2320,adam,0.00022030959371477365,0.07415967434644699
2321,adam,0.00033153564436361194,0.36314913630485535
2322,adam,0.00042575091356411576,0.4972946345806122
2323,adam,0.00034025745117105544,0.3908493220806122
2324,adam,0.0002241757174488157,0.11921246349811554
2325,adam,0.0002504386648070067,0.19907721877098083
2326,adam,0.0003376902313902974,0.375531941652298
2327,adam,0.00032496789935976267,0.3619332015514374
2328,adam,0.00023916162899695337,0.18101376295089722
2329,adam,0.00021716194169130176,0.07361318916082382
2330,adam,0.0002723001525737345,0.25957006216049194
2331,adam,0.0002957132237497717,0.30919691920280457
2332,adam,0.00024879866396076977,0.20782624185085297
2333,adam,0.00021091655071359128,0.019594896584749222
2334,adam,0.00023294027778320014,0.15919682383537292
2335,adam,0.00026394237647764385,0.2459067553281784
2336,adam,0.000249608390731737,0.21063512563705444
2337,adam,0.0002160224103135988,0.08141554892063141
2338,adam,0.00021422762074507773,0.07427090406417847
2339,adam,0.00023710759705863893,0.178562194108963
2340,adam,0.00024165691866073757,0.19147910177707672
2341,adam,0.00022164422261994332,0.11651314795017242
2342,adam,0.00020940843387506902,0.01896030455827713
2343,adam,0.00021938257850706577,0.1129804253578186
2344,adam,0.00023005333787295967,0.15862129628658295
2345,adam,0.00022327678743749857,0.13000205159187317
2346,adam,0.0002106510364683345,0.04903612285852432
2347,adam,0.00021022491273470223,0.05210685357451439
2348,adam,0.00021875173843000084,0.1150432899594307
2349,adam,0.00022068826365284622,0.12462908774614334
2350,adam,0.0002131221117451787,0.07993082702159882
2351,adam,0.00020759539620485157,0.013180045410990715
2352,adam,0.00021059741266071796,0.06499448418617249
2353,adam,0.00021530840604100376,0.10039392113685608
2354,adam,0.00021389768517110497,0.09183576703071594
2355,adam,0.00020864700491074473,0.04655705764889717
2356,adam,0.00020682424656115472,0.014102297835052013
2357,adam,0.0002096283424180001,0.062114667147397995
2358,adam,0.00021175621077418327,0.08121102303266525
2359,adam,0.00020989030599594116,0.06691228598356247
2360,adam,0.00020674432744272053,0.027577491477131844
2361,adam,0.00020626657351385802,0.01822473667562008
2362,adam,0.00020812696311622858,0.05293377861380577
2363,adam,0.00020900453091599047,0.06335396319627762
2364,adam,0.00020755590230692178,0.04946262016892433
2365,adam,0.00020573321671690792,0.018320471048355103
2366,adam,0.00020560600387398154,0.017146652564406395
2367,adam,0.00020667866920121014,0.04196680709719658
2368,adam,0.00020704997587017715,0.048815321177244186
2369,adam,0.00020610693900380284,0.037743765860795975
2370,adam,0.0002050179900834337,0.014436470344662666
2371,adam,0.0002049178583547473,0.013584270142018795
2372,adam,0.00020549321197904646,0.03198627755045891
2373,adam,0.00020566883904393762,0.037357933819293976
2374,adam,0.00020509256864897907,0.029597517102956772
2375,adam,0.00020440149819478393,0.01272745244204998
2376,adam,0.00020425851107575,0.00932150799781084
2377,adam,0.00020453595789149404,0.023368218913674355
2378,adam,0.00020463606051634997,0.028486665338277817
2379,adam,0.0002042960113612935,0.023943519219756126
2380,adam,0.00020382623188197613,0.011970052495598793
2381,adam,0.00020363387011457235,0.005082910414785147
2382,adam,0.00020373074221424758,0.016086718067526817
2383,adam,0.00020379634224809706,0.02134718745946884
2384,adam,0.0002036072255577892,0.01971261203289032
2385,adam,0.00020327960373833776,0.011692782863974571
2386,adam,0.00020306205260567367,0.0022945739328861237
2387,adam,0.00020303696510381997,0.009559499099850655
2388,adam,0.0002030627365456894,0.015318809077143669
2389,adam,0.00020297107403166592,0.016212400048971176
2390,adam,0.0002027537120738998,0.011641203425824642
2391,adam,0.00020254190894775093,0.004388749599456787
2392,adam,0.00020243706239853054,0.004088220186531544
2393,adam,0.00020240909361746162,0.009878650307655334
2394,adam,0.00020235645934008062,0.012605419382452965
2395,adam,0.0002022228727582842,0.011026444844901562
2396,adam,0.00020204803149681538,0.0068311202339828014
2397,adam,0.00020190452050883323,0.0011109900660812855
2398,adam,0.00020182121079415083,0.004803684540092945
2399,adam,0.0002017616934608668,0.008580392226576805
2400,adam,0.00020167487673461437,0.00932000670582056
2401,adam,0.00020154677622485906,0.0077539244666695595
2402,adam,0.00020140812557656318,0.003920974209904671
2403,adam,0.00020129198674112558,0.0012848892947658896
2404,adam,0.0002012062177527696,0.004560572095215321
2405,adam,0.00020112722995691001,0.0066208369098603725
2406,adam,0.00020103075075894594,0.007059856317937374
2407,adam,0.00020091472833883017,0.005351307801902294
2408,adam,0.0002007942966884002,0.0028435206040740013
2409,adam,0.0002006893919315189,0.0013202596455812454
2410,adam,0.00020059882081113756,0.003523358842357993
2411,adam,0.0002005094283958897,0.0052050380036234856
2412,adam,0.00020041366224177182,0.005239254795014858
2413,adam,0.00020030513405799866,0.004302566405385733
2414,adam,0.0002001960383495316,0.002217875560745597
2415,adam,0.00020009336003568023,0.0010087911505252123
2416,adam,0.00019999891810584813,0.0025084398221224546
2417,adam,0.00019990617875009775,0.003645768389105797
2418,adam,0.0001998107909457758,0.00415377551689744
2419,adam,0.00019971092115156353,0.0034836705308407545
2420,adam,0.00019960736972279847,0.002422357676550746
2421,adam,0.00019950572459492832,0.000939313555136323
2422,adam,0.00019940857600886375,0.001212999690324068
2423,adam,0.00019931481801904738,0.0024454244412481785
2424,adam,0.0001992211036849767,0.0029678468126803637
2425,adam,0.00019912439165636897,0.003126319730654359
2426,adam,0.00019902500207535923,0.00245781522244215
2427,adam,0.00019892609270755202,0.0016668416792526841
2428,adam,0.00019882821652572602,0.0008622562163509429
2429,adam,0.00019873322162311524,0.001101640984416008
2430,adam,0.00019863806664943695,0.0019009532406926155
2431,adam,0.00019854330457746983,0.0021274492610245943
2432,adam,0.00019844814960379153,0.0022136238403618336
2433,adam,0.00019835145212709904,0.0017025230918079615
2434,adam,0.00019825471099466085,0.0012542047770693898
2435,adam,0.0001981584937311709,0.0008414699696004391
2436,adam,0.00019806376076303422,0.0009154245490208268
2437,adam,0.00019796952256001532,0.0013669647742062807
2438,adam,0.0001978755317395553,0.0014133885269984603
2439,adam,0.00019778132264036685,0.0015480368165299296
2440,adam,0.00019768612401094288,0.0012104797642678022
2441,adam,0.00019759067799896002,0.0010428403038531542
2442,adam,0.00019749686180148274,0.0007674117223359644
2443,adam,0.000197402507183142,0.0007687287288717926
2444,adam,0.00019731030624825507,0.0010184046113863587
2445,adam,0.00019721653370652348,0.0010514195309951901
2446,adam,0.00019712245557457209,0.001232364447787404
2447,adam,0.00019702901772689074,0.0010630907490849495
2448,adam,0.0001969348086277023,0.0010526630794629455
2449,adam,0.0001968421711353585,0.0008210441446863115
2450,adam,0.0001967488060472533,0.0007715111132711172
2451,adam,0.00019665549916680902,0.0008039131644181907
2452,adam,0.0001965636620298028,0.0008075407822616398
2453,adam,0.00019647210137918591,0.0009722231770865619
2454,adam,0.00019637896912172437,0.0008925024885684252
2455,adam,0.00019628570589702576,0.0009905858896672726
2456,adam,0.00019619413069449365,0.0008450308814644814
2457,adam,0.00019610270101111382,0.000891270989086479
2458,adam,0.00019601079111453146,0.0007996056228876114
2459,adam,0.00019591793534345925,0.0008167811902239919
2460,adam,0.00019582660752348602,0.0008104632142931223
2461,adam,0.00019573514873627573,0.0008025491843000054
2462,adam,0.0001956431078724563,0.0008651844691485167
2463,adam,0.00019555180915631354,0.0007912455475889146
2464,adam,0.00019546029216144234,0.0008532474748790264
2465,adam,0.00019536980835255235,0.000775553286075592
2466,adam,0.0001952779566636309,0.0008468982996419072
2467,adam,0.00019518742919899523,0.0008172538364306092
2468,adam,0.00019509655248839408,0.0008831051527522504
2469,adam,0.00019500635971780866,0.0008740452467463911
2470,adam,0.00019491610873956233,0.0009056652779690921
2471,adam,0.00019482620700728148,0.0008702439372427762
2472,adam,0.00019473458814900368,0.0008459895034320652
2473,adam,0.0001946454431163147,0.0008133273804560304
2474,adam,0.00019455418805591762,0.0007989167934283614
2475,adam,0.00019446502847131342,0.0007841654005460441
2476,adam,0.0001943752431543544,0.0007776303682476282
2477,adam,0.0001942848030012101,0.0007473375299014151
2478,adam,0.0001941954978974536,0.0007646237500011921
2479,adam,0.00019410575623624027,0.0007307853666134179
2480,adam,0.0001940157380886376,0.000788830453529954
2481,adam,0.00019392809190321714,0.0007467680261470377
2482,adam,0.00019383811741136014,0.0008088534814305604
2483,adam,0.00019374923431314528,0.0007445024093613029
2484,adam,0.0001936600892804563,0.0007883155485615134
2485,adam,0.00019357146811671555,0.0007350840605795383
2486,adam,0.00019348289060872048,0.0007620661053806543
2487,adam,0.00019339392019901425,0.0007335293339565396
2488,adam,0.0001933051971718669,0.0007429110119119287
2489,adam,0.00019321705622132868,0.0007310122600756586
2490,adam,0.0001931291481014341,0.0007316942792385817
2491,adam,0.00019304026500321925,0.0007644192082807422
2492,adam,0.00019295219681225717,0.0007784513290971518
2493,adam,0.0001928650599438697,0.000877112674061209
2494,adam,0.0001927767152665183,0.0009317260701209307
2495,adam,0.00019268988398835063,0.0011066970182582736
2496,adam,0.00019260159751866013,0.0012408018810674548
2497,adam,0.00019251419871579856,0.0015202772337943316
2498,adam,0.00019242914277128875,0.0017687786603346467
2499,adam,0.0001923436502693221,0.0021728358697146177
2500,adam,0.000192257110029459,0.002599806757643819
2501,adam,0.00019217384397052228,0.003254224779084325
2502,adam,0.00019209232414141297,0.004037263337522745
2503,adam,0.00019201426766812801,0.005117200780659914
2504,adam,0.00019194262858945876,0.006448282394558191
2505,adam,0.0001918802736327052,0.00826725922524929
2506,adam,0.0001918355410452932,0.010580414906144142
2507,adam,0.0001918189664138481,0.01364612951874733
2508,adam,0.00019184936536476016,0.017577916383743286
2509,adam,0.00019196185166947544,0.022796811535954475
2510,adam,0.0001922174560604617,0.02962096408009529
2511,adam,0.00019272309145890176,0.038744308054447174
2512,adam,0.00019366889318916947,0.05082939565181732
2513,adam,0.00019539792265277356,0.06704410165548325
2514,adam,0.00019852380501106381,0.08874474465847015
2515,adam,0.00020418714848347008,0.11801039427518845
2516,adam,0.000214396117371507,0.15747855603694916
2517,adam,0.0002330052957404405,0.21090376377105713
2518,adam,0.0002667171065695584,0.2834033966064453
2519,adam,0.00032874871976673603,0.38168513774871826
2520,adam,0.0004408634267747402,0.5151140689849854
2521,adam,0.0006468361825682223,0.6941461563110352
2522,adam,0.0010069009149447083,0.9325497150421143
2523,adam,0.0016378568252548575,1.2371556758880615
2524,adam,0.0025980204809457064,1.6081159114837646
2525,adam,0.003948244731873274,1.9989567995071411
2526,adam,0.0050997501239180565,2.317430257797241
2527,adam,0.005374624859541655,2.3825371265411377
2528,adam,0.0038543723057955503,2.061845302581787
2529,adam,0.0016437434824183583,1.3526443243026733
2530,adam,0.0006560031324625015,0.7090780735015869
2531,adam,0.0014389131683856249,0.9958577752113342
2532,adam,0.002557192463427782,1.426720142364502
2533,adam,0.0022471952252089977,1.3681180477142334
2534,adam,0.0008759405463933945,0.809521496295929
2535,adam,0.0002858341613318771,0.2788042426109314
2536,adam,0.0010878577595576644,0.8462698459625244
2537,adam,0.0017944311257451773,1.1529158353805542
2538,adam,0.0012196390889585018,0.9109144806861877
2539,adam,0.000327709800330922,0.3088945746421814
2540,adam,0.00040689430898055434,0.43417179584503174
2541,adam,0.0010002939961850643,0.8358237743377686
2542,adam,0.0009446800104342401,0.788806140422821
2543,adam,0.00038776546716690063,0.3803994655609131
2544,adam,0.00030771445017307997,0.3614272475242615
2545,adam,0.0006777271046303213,0.694616436958313
2546,adam,0.0006902562454342842,0.6809816360473633
2547,adam,0.0003200795326847583,0.317064493894577
2548,adam,0.00023863406386226416,0.21674244105815887
2549,adam,0.000505371019244194,0.5625442862510681
2550,adam,0.0005567685584537685,0.6077890396118164
2551,adam,0.0003051316598430276,0.3364185392856598
2552,adam,0.00021116370044182986,0.09806816279888153
2553,adam,0.0003719824308063835,0.40099889039993286
2554,adam,0.00042482890421524644,0.4738870859146118
2555,adam,0.0002789573045447469,0.2994125485420227
2556,adam,0.00021307525457814336,0.11562327295541763
2557,adam,0.0003093078557867557,0.3033311069011688
2558,adam,0.0003466563066467643,0.36186298727989197
2559,adam,0.0002499001566320658,0.22373776137828827
2560,adam,0.0002013693010667339,0.06414667516946793
2561,adam,0.0002681464538909495,0.24101479351520538
2562,adam,0.00030201117624528706,0.29383012652397156
2563,adam,0.00023937111836858094,0.1886606216430664
2564,adam,0.00019648863235488534,0.03198372200131416
2565,adam,0.00023399438941851258,0.1852586567401886
2566,adam,0.0002629516238812357,0.2394861876964569
2567,adam,0.0002287926763528958,0.16480983793735504
2568,adam,0.00019839394371956587,0.05819230154156685
2569,adam,0.00021821161499246955,0.15715967118740082
2570,adam,0.00023880615481175482,0.2059357911348343
2571,adam,0.00021923462918493897,0.1496180146932602
2572,adam,0.00019584396795835346,0.03107728436589241
2573,adam,0.0002060833794530481,0.11179590970277786
2574,adam,0.00022383290342986584,0.1742539256811142
2575,adam,0.00021500008006114513,0.146197110414505
2576,adam,0.00019660366524476558,0.05453280359506607
2577,adam,0.00019841233734041452,0.06132672727108002
2578,adam,0.00021082219609525055,0.1256077140569687
2579,adam,0.00020899006631225348,0.122125044465065
2580,adam,0.0001972733880393207,0.06418109685182571
2581,adam,0.00019581102242227644,0.041452717036008835
2582,adam,0.00020365709497127682,0.0914548933506012
2583,adam,0.00020459515508264303,0.09755930304527283
2584,adam,0.00019686818995978683,0.05588870123028755
2585,adam,0.00019336448167450726,0.011567712761461735
2586,adam,0.00019803160103037953,0.06411474943161011
2587,adam,0.0002010523312492296,0.0818229392170906
2588,adam,0.00019714576774276793,0.05812263488769531
2589,adam,0.0001931591978063807,0.019128307700157166
2590,adam,0.00019468746904749423,0.04525676369667053
2591,adam,0.00019740672723855823,0.06707759946584702
2592,adam,0.00019604922272264957,0.056138332933187485
2593,adam,0.00019300011626910418,0.02184329740703106
2594,adam,0.0001929450809257105,0.02733449637889862
2595,adam,0.00019500455528032035,0.054270580410957336
2596,adam,0.00019516129395924509,0.05607844516634941
2597,adam,0.0001930843573063612,0.03352949395775795
2598,adam,0.0001919467031257227,0.006090114824473858
2599,adam,0.00019291388161946088,0.03156937658786774
2600,adam,0.00019373997929506004,0.04404915124177933
2601,adam,0.00019288160547148436,0.03568461537361145
2602,adam,0.00019171919848304242,0.015534129925072193
2603,adam,0.0001918315829243511,0.01765294000506401
2604,adam,0.00019253847131039947,0.031269170343875885
2605,adam,0.00019238959066569805,0.031045109033584595
2606,adam,0.00019149975560139865,0.016827892512083054
2607,adam,0.00019108050037175417,0.0033147516660392284
2608,adam,0.00019143946701660752,0.02000485733151436
2609,adam,0.0001917038462124765,0.026186348870396614
2610,adam,0.0001913164887810126,0.020632905885577202
2611,adam,0.00019079454068560153,0.008627407252788544
2612,adam,0.00019074862939305604,0.012588493525981903
2613,adam,0.00019096926553174853,0.02136625535786152
2614,adam,0.00019089752458967268,0.021172618493437767
2615,adam,0.00019051578419748694,0.01264276448637247
2616,adam,0.0001902612712001428,0.001263618702068925
2617,adam,0.00019031345436815172,0.012066970579326153
2618,adam,0.00019039581820834428,0.017885519191622734
2619,adam,0.0001902436779346317,0.016089389100670815
2620,adam,0.00018997601000592113,0.009133062325417995
2621,adam,0.00018984983034897596,0.005244383122771978
2622,adam,0.00018987184739671648,0.010582284070551395
2623,adam,0.00018984093912877142,0.012901692651212215
2624,adam,0.0001896690810099244,0.009672658517956734
2625,adam,0.00018948447541333735,0.0032364472281187773
2626,adam,0.00018940815061796457,0.004428887274116278
2627,adam,0.0001893985754577443,0.009080781601369381
2628,adam,0.000189333688467741,0.009995359927415848
2629,adam,0.00018918841669801623,0.006857451517134905
2630,adam,0.00018905311299022287,0.003281344659626484
2631,adam,0.00018898581038229167,0.00578471040353179
2632,adam,0.0001889417035272345,0.00853829737752676
2633,adam,0.00018885533791035414,0.008422834798693657
2634,adam,0.00018872898363042623,0.0053084963001310825
2635,adam,0.00018861819989979267,0.0011660059681162238
2636,adam,0.0001885482488432899,0.003876843024045229
2637,adam,0.00018848881882149726,0.006105697248131037
2638,adam,0.00018840144912246615,0.006131243892014027
2639,adam,0.00018829424516297877,0.0038495429325848818
2640,adam,0.00018819751858245581,0.0015050984220579267
2641,adam,0.000188124569831416,0.0033133262768387794
2642,adam,0.00018805453146342188,0.004627890419214964
2643,adam,0.00018796803487930447,0.004560466390103102
2644,adam,0.00018787020235322416,0.002734728157520294
2645,adam,0.0001877797767519951,0.0016394929261878133
2646,adam,0.00018770138558465987,0.002965981140732765
2647,adam,0.00018762687977869064,0.0040709697641432285
2648,adam,0.0001875431917142123,0.0039832862094044685
2649,adam,0.00018745163106359541,0.0026571222115308046
2650,adam,0.00018736404308583587,0.0010963045060634613
2651,adam,0.00018728294526226819,0.0018030655337497592
2652,adam,0.00018720648949965835,0.002680925652384758
2653,adam,0.0001871252025011927,0.0029185025487095118
2654,adam,0.00018703757086768746,0.002061561681330204
2655,adam,0.00018695146718528122,0.0010081457439810038
2656,adam,0.00018686996190808713,0.0011367701226845384
2657,adam,0.00018679164350032806,0.0019588342402130365
2658,adam,0.00018671120051294565,0.002385341562330723
2659,adam,0.00018662810907699168,0.0019068099791184068
2660,adam,0.00018654431914910674,0.0011694568675011396
2661,adam,0.0001864615478552878,0.0007556179189123213
2662,adam,0.00018638194887898862,0.0012775022769346833
2663,adam,0.00018630178237799555,0.0017512468621134758
2664,adam,0.00018622056813910604,0.0015683621168136597
2665,adam,0.0001861377531895414,0.0011734648142009974
2666,adam,0.00018605646619107574,0.0007017345051281154
2667,adam,0.00018597638700157404,0.0009403493604622781
2668,adam,0.00018589662795420736,0.0014066644944250584
2669,adam,0.00018581685435492545,0.0014007866848260164
2670,adam,0.00018573616398498416,0.0012202919460833073
2671,adam,0.00018565526988822967,0.0008114450029097497
2672,adam,0.00018557430303189903,0.0007221161504276097
2673,adam,0.00018549484957475215,0.001084832358174026
2674,adam,0.00018541573081165552,0.0011862670071423054
2675,adam,0.0001853361027315259,0.0012326547876000404
2676,adam,0.00018525544146541506,0.0008744772640056908
2677,adam,0.00018517568241804838,0.0008252428378909826
2678,adam,0.00018509672372601926,0.0009435431566089392
2679,adam,0.0001850177941378206,0.001224734354764223
2680,adam,0.00018493847164791077,0.001362824928946793
2681,adam,0.00018485925102140754,0.001423508976586163
2682,adam,0.00018478007405065,0.0013628294691443443
2683,adam,0.0001847020030254498,0.0015554464189335704
2684,adam,0.0001846241211751476,0.0016355334082618356
2685,adam,0.00018454679229762405,0.00207237945869565
2686,adam,0.00018446837202645838,0.0022977732587605715
2687,adam,0.00018439264385960996,0.0029826746322214603
2688,adam,0.00018431813805364072,0.003621296025812626
2689,adam,0.00018424596055410802,0.004795103333890438
2690,adam,0.00018417954561300576,0.006039977539330721
2691,adam,0.0001841224147938192,0.007916368544101715
2692,adam,0.000184076459845528,0.01005384512245655
2693,adam,0.00018405492301099002,0.01311375293880701
2694,adam,0.00018407459720037878,0.016876516863703728
2695,adam,0.0001841643825173378,0.02218369022011757
2696,adam,0.00018438267579767853,0.02900591306388378
2697,adam,0.0001848263927968219,0.038459986448287964
2698,adam,0.00018567574443295598,0.05089108645915985
2699,adam,0.00018726696725934744,0.06799957901239395
2700,adam,0.00019021169282495975,0.09094387292861938
2701,adam,0.00019565715047065169,0.12244334816932678
2702,adam,0.00020571050117723644,0.16516031324863434
2703,adam,0.00022444773640017956,0.2239053100347519
2704,adam,0.0002592704549897462,0.3042861521244049
2705,adam,0.0003247806744184345,0.4148011803627014
2706,adam,0.0004463714431039989,0.566139817237854
2707,adam,0.0006744756828993559,0.771949291229248
2708,adam,0.001084261341020465,1.0479419231414795
2709,adam,0.0018136013532057405,1.404030680656433
2710,adam,0.0029436657205224037,1.834436297416687
2711,adam,0.004507396835833788,2.279048204421997
2712,adam,0.0057114651426672935,2.5902349948883057
2713,adam,0.005613490007817745,2.5402581691741943
2714,adam,0.0032644541934132576,1.9197585582733154
2715,adam,0.0007371106767095625,0.7994321584701538
2716,adam,0.0004009565163869411,0.47257664799690247
2717,adam,0.00196785107254982,1.4317371845245361
2718,adam,0.0028098325710743666,1.735317349433899
2719,adam,0.0015683668898418546,1.259931206703186
2720,adam,0.00026418178458698094,0.2511114180088043
2721,adam,0.0007132595055736601,0.7600229382514954
2722,adam,0.001646545366384089,1.284003734588623
2723,adam,0.0012392525095492601,1.0761841535568237
2724,adam,0.00029356873710639775,0.2998262941837311
2725,adam,0.000486483215354383,0.5761961340904236
2726,adam,0.0011182002490386367,1.0188310146331787
2727,adam,0.0008014593040570617,0.818549394607544
2728,adam,0.00022715800150763243,0.16356347501277924
2729,adam,0.0004514071042649448,0.5466879606246948
2730,adam,0.0008075420628301799,0.8380580544471741
2731,adam,0.0005149075295776129,0.5975551009178162
2732,adam,0.00019996111223008484,0.06209944188594818
2733,adam,0.0004315289843361825,0.5289666056632996
2734,adam,0.000599183258600533,0.682408332824707
2735,adam,0.0003324981953483075,0.39296582341194153
2736,adam,0.00020851014414802194,0.12176278233528137
2737,adam,0.0004118318611290306,0.503473699092865
2738,adam,0.00043839108548127115,0.5312288403511047
2739,adam,0.0002394411276327446,0.22453957796096802
2740,adam,0.00022817126591689885,0.1926211267709732
2741,adam,0.0003676690103020519,0.44773513078689575
2742,adam,0.0003284016565885395,0.39428120851516724
2743,adam,0.00020254537230357528,0.09804227203130722
2744,adam,0.00024267313710879534,0.23255817592144012
2745,adam,0.00031911220867186785,0.37938210368156433
2746,adam,0.0002548648335505277,0.26731619238853455
2747,adam,0.00019432192493695766,0.02758757397532463
2748,adam,0.00024706777185201645,0.24468591809272766
2749,adam,0.0002730074047576636,0.30233854055404663
2750,adam,0.0002148300118278712,0.1622016429901123
2751,adam,0.0001974671467905864,0.07223697006702423
2752,adam,0.00024068003403954208,0.2314971536397934
2753,adam,0.00023881056404206902,0.2293982207775116
2754,adam,0.00019728997722268105,0.08188421279191971
2755,adam,0.00020137723186053336,0.10432323068380356
2756,adam,0.0002291526907356456,0.2044382393360138
2757,adam,0.00021574136917479336,0.1646500527858734
2758,adam,0.00019130275177303702,0.026591798290610313
2759,adam,0.00020242412574589252,0.11593372374773026
2760,adam,0.00021670202841050923,0.1714915931224823
2761,adam,0.00020214870164636523,0.11509466171264648
2762,adam,0.00018988890224136412,0.012194523587822914
2763,adam,0.0002007859293371439,0.11363005638122559
2764,adam,0.0002066831657430157,0.14037878811359406
2765,adam,0.0001947607524925843,0.07835213094949722
2766,adam,0.0001895152236102149,0.02667956054210663
2767,adam,0.00019799088477157056,0.10356492549180984
2768,adam,0.00019960672943852842,0.11206473410129547
2769,adam,0.00019101932412013412,0.053780123591423035
2770,adam,0.0001891148422146216,0.03173280134797096
2771,adam,0.00019502249779179692,0.08919281512498856
2772,adam,0.00019500138296280056,0.09030778706073761
2773,adam,0.0001891499268822372,0.0385170541703701
2774,adam,0.0001885302335722372,0.030317552387714386
2775,adam,0.00019241795234847814,0.07515090703964233
2776,adam,0.00019192953186575323,0.07219710946083069
2777,adam,0.00018805215950123966,0.029312143102288246
2778,adam,0.00018785499560181051,0.02705788053572178
2779,adam,0.0001903399679576978,0.06107538193464279
2780,adam,0.00018985546194016933,0.05819472670555115
2781,adam,0.00018728287250269204,0.023332618176937103
2782,adam,0.0001871678832685575,0.021658509969711304
2783,adam,0.00018876350077334791,0.04941839724779129
2784,adam,0.00018841175187844783,0.04691470041871071
2785,adam,0.0001866867096396163,0.019659800454974174
2786,adam,0.0001865386584540829,0.016933772712945938
2787,adam,0.0001875724265119061,0.039405204355716705
2788,adam,0.00018738512881100178,0.038715463131666183
2789,adam,0.00018620587070472538,0.016880718991160393
2790,adam,0.0001859848853200674,0.011657468974590302
2791,adam,0.00018663851369637996,0.03131186589598656
2792,adam,0.0001865871890913695,0.03194175288081169
2793,adam,0.00018578750314190984,0.015960149466991425
2794,adam,0.00018550539971329272,0.007215519901365042
2795,adam,0.00018588338571134955,0.02401149272918701
2796,adam,0.00018591807747725397,0.026955869048833847
2797,adam,0.00018539244774729013,0.01520066149532795
2798,adam,0.0001850928383646533,0.003532364033162594
2799,adam,0.00018527440261095762,0.018243061378598213
2800,adam,0.00018534153059590608,0.022335272282361984
2801,adam,0.00018500842270441353,0.015022450126707554
2802,adam,0.0001847214443841949,0.001714833895675838
2803,adam,0.00018476799596101046,0.012711231596767902
2804,adam,0.00018483426538296044,0.01851825602352619
2805,adam,0.0001846352533902973,0.014311693608760834
2806,adam,0.00018438036204315722,0.003923555836081505
2807,adam,0.00018433292279951274,0.00791954156011343
2808,adam,0.00018437027756590396,0.014253037050366402
2809,adam,0.00018426161841489375,0.013421233743429184
2810,adam,0.00018405572336632758,0.005952745676040649
2811,adam,0.00018395090592093766,0.003401810536161065
2812,adam,0.00018394782091490924,0.010385499335825443
2813,adam,0.000183887779712677,0.01153130829334259
2814,adam,0.00018373534840065986,0.007390226237475872
2815,adam,0.00018360761168878525,0.000971795991063118
2816,adam,0.00018356203509029,0.0064916484989225864
2817,adam,0.00018351778271608055,0.009469947777688503
2818,adam,0.00018341031682211906,0.007562517188489437
2819,adam,0.00018328566511627287,0.002819004002958536
2820,adam,0.000183208379894495,0.0033655378501862288
2821,adam,0.0001831592817325145,0.006732705980539322
2822,adam,0.00018307927530258894,0.00704573979601264
2823,adam,0.00018296959751751274,0.00390645070001483
2824,adam,0.00018287717830389738,0.0009315095376223326
2825,adam,0.00018281472148373723,0.004491925239562988
2826,adam,0.00018274721514899284,0.0057381633669137955
2827,adam,0.00018265630933456123,0.004637349396944046
2828,adam,0.00018256073235534132,0.0015154819702729583
2829,adam,0.00018248333071824163,0.0020346955861896276
2830,adam,0.00018241771613247693,0.004344126675277948
2831,adam,0.00018234072194900364,0.004351044073700905
2832,adam,0.0001822501071728766,0.002838792745023966
2833,adam,0.00018216660828329623,0.0007189733441919088
2834,adam,0.00018209476547781378,0.0024723047390580177
2835,adam,0.00018202266073785722,0.0037179826758801937
2836,adam,0.00018194234871771187,0.0030847201123833656
2837,adam,0.00018185812223237008,0.001609854050911963
2838,adam,0.0001817800075514242,0.0011175372637808323
2839,adam,0.0001817072625271976,0.002426670165732503
2840,adam,0.00018163249478675425,0.0030222604982554913
2841,adam,0.00018155288125853986,0.0021941750310361385
2842,adam,0.00018147245282307267,0.0010287980549037457
2843,adam,0.0001813972048694268,0.0012111689429730177
2844,adam,0.0001813234412111342,0.0020695310086011887
2845,adam,0.00018124778580386192,0.0024067198392003775
2846,adam,0.00018117038416676223,0.0016241351841017604
2847,adam,0.00018109253142029047,0.0007948328857310116
2848,adam,0.00018101782188750803,0.001193126430734992
2849,adam,0.0001809439272619784,0.0017115020891651511
2850,adam,0.00018086843192577362,0.0018659004708752036
2851,adam,0.00018079175788443536,0.0011772302677854896
2852,adam,0.00018071665544994175,0.0007050156127661467
2853,adam,0.00018064236792270094,0.0011455505155026913
2854,adam,0.000180568327778019,0.0014566893223673105
2855,adam,0.00018049303616862744,0.0015289576258510351
2856,adam,0.00018041866132989526,0.0009943692712113261
2857,adam,0.00018034309323411435,0.0006874636164866388
2858,adam,0.00018026918405666947,0.0009709607693366706
2859,adam,0.00018019510025624186,0.001134713995270431
2860,adam,0.0001801209436962381,0.0012563704513013363
2861,adam,0.00018004745652433485,0.0008802250376902521
2862,adam,0.00017997318354900926,0.0007081382209435105
2863,adam,0.00017989934713114053,0.0008169314824044704
2864,adam,0.00017982583085540682,0.0009183239890262485
2865,adam,0.00017975301307160407,0.0010475392919033766
2866,adam,0.00017967939493246377,0.0007866757223382592
2867,adam,0.0001796058495528996,0.0007066747057251632
2868,adam,0.0001795323332771659,0.0007450818084180355
2869,adam,0.00017945989384315908,0.0008115070522762835
2870,adam,0.00017938643577508628,0.0009373830980621278
2871,adam,0.000179314476554282,0.0007800916209816933
2872,adam,0.00017924141138792038,0.0007120032678358257
2873,adam,0.00017916873912326992,0.0006894660764373839
2874,adam,0.00017909622692968696,0.0007304114405997097
2875,adam,0.00017902435502037406,0.0008299652836285532
2876,adam,0.00017895190103445202,0.0007297794218175113
2877,adam,0.00017888013098854572,0.0007042278302833438
2878,adam,0.00017880734230857342,0.0006803577998653054
2879,adam,0.00017873590695671737,0.0006717446958646178
2880,adam,0.00017866391863208264,0.0007398015586659312
2881,adam,0.00017859230865724385,0.0006754847709089518
2882,adam,0.00017852053861133754,0.0006757838418707252
2883,adam,0.00017844921967480332,0.000672106456477195
2884,adam,0.00017837737686932087,0.0006621124339289963
2885,adam,0.0001783063926268369,0.0007183381239883602
2886,adam,0.0001782350445864722,0.0006754928035661578
2887,adam,0.00017816353647504002,0.000715153815690428
2888,adam,0.00017809234850574285,0.0006538439192809165
2889,adam,0.0001780216844053939,0.0006701726815663278
2890,adam,0.00017794978339225054,0.0006879736320115626
2891,adam,0.00017787973047234118,0.0006772827473469079
2892,adam,0.00017780892085283995,0.0007113724132068455
2893,adam,0.0001777384604793042,0.0006596078164875507
2894,adam,0.00017766728706192225,0.0006664965185336769
2895,adam,0.00017759732145350426,0.0006688432185910642
2896,adam,0.00017752732674125582,0.0006835385574959219
2897,adam,0.0001774565753294155,0.0007274939562194049
2898,adam,0.00017738659516908228,0.0007086101686581969
2899,adam,0.0001773165859049186,0.0007303557940758765
2900,adam,0.00017724600911606103,0.0007308500353246927
2901,adam,0.00017717665468808264,0.0006953265983611345
2902,adam,0.00017710600513964891,0.0007350678206421435
2903,adam,0.00017703685443848372,0.0006756651564501226
2904,adam,0.00017696613213047385,0.0007241260609589517
2905,adam,0.0001768979273037985,0.0006515548448078334
2906,adam,0.00017682752513792366,0.0006704598781652749
2907,adam,0.00017675866547506303,0.0006461584707722068
2908,adam,0.00017668894724920392,0.0006431726505979896
2909,adam,0.000176619942067191,0.0006736111827194691
2910,adam,0.0001765503839123994,0.0006568434182554483
2911,adam,0.00017648222274146974,0.0006846177275292575
2912,adam,0.00017641206795815378,0.00065892084967345
2913,adam,0.00017634322284720838,0.0006789530743844807
2914,adam,0.00017627456691116095,0.0006453924579545856
2915,adam,0.00017620557628106326,0.0006584954098798335
2916,adam,0.00017613664385862648,0.0006373857031576335
2917,adam,0.0001760677550919354,0.0006451715598814189
2918,adam,0.0001759994775056839,0.0006442061858251691
2919,adam,0.00017593115626368672,0.0006401747814379632
2920,adam,0.00017586260219104588,0.0006457561976276338
2921,adam,0.00017579435370862484,0.0006449429201893508
2922,adam,0.00017572577053215355,0.0006577980238944292
2923,adam,0.0001756583369569853,0.0006596709717996418
2924,adam,0.0001755895937094465,0.0006777935195714235
2925,adam,0.0001755214179866016,0.0006765130092389882
2926,adam,0.00017545378068462014,0.0006792100029997528
2927,adam,0.0001753851684043184,0.0006962015759199858
2928,adam,0.0001753179240040481,0.0007015324081294239
2929,adam,0.00017525047587696463,0.0006848815246485174
2930,adam,0.00017518257664050907,0.0006876310217194259
2931,adam,0.00017511432815808803,0.0006409910856746137
2932,adam,0.00017504749121144414,0.0006889474461786449
2933,adam,0.00017497999942861497,0.0006656479090452194
2934,adam,0.00017491256585344672,0.0007309549837373197
2935,adam,0.00017484472482465208,0.0006908410578034818
2936,adam,0.00017477749497629702,0.0007025225204415619
2937,adam,0.0001747102796798572,0.0007237893878482282
2938,adam,0.00017464376287534833,0.0007114892941899598
2939,adam,0.00017457632930018008,0.0008175807306542993
2940,adam,0.00017450973973609507,0.0007675388478673995
2941,adam,0.00017444250988774002,0.0008818007772788405
2942,adam,0.00017437562928535044,0.0007996282074600458
2943,adam,0.00017430867592338473,0.0008928319439291954
2944,adam,0.00017424239194951952,0.0007835094584152102
2945,adam,0.00017417591880075634,0.000862448534462601
2946,adam,0.00017410857253707945,0.0007940058130770922
2947,adam,0.00017404273967258632,0.0009132564882747829
2948,adam,0.00017397644114680588,0.000950999150518328
2949,adam,0.00017390992434229702,0.001123418565839529
2950,adam,0.00017384380043949932,0.0012380497064441442
2951,adam,0.00017377748736180365,0.0014485009014606476
2952,adam,0.00017371233843732625,0.001635101274587214
2953,adam,0.00017364764062222093,0.0019528931006789207
2954,adam,0.00017358253535348922,0.0022326067555695772
2955,adam,0.00017351869610138237,0.002679788740351796
2956,adam,0.00017345556989312172,0.0031046674121171236
2957,adam,0.00017339453916065395,0.0037498855963349342
2958,adam,0.00017333406140096486,0.00440019927918911
2959,adam,0.00017327861860394478,0.005341989453881979
2960,adam,0.00017322621715720743,0.006382189225405455
2961,adam,0.00017318144091404974,0.007863840088248253
2962,adam,0.00017314901924692094,0.00962557177990675
2963,adam,0.00017313654825557023,0.012010389938950539
2964,adam,0.00017315283184871078,0.014898273162543774
2965,adam,0.00017321833001915365,0.018699873238801956
2966,adam,0.0001733613753458485,0.023411866277456284
2967,adam,0.00017363224469590932,0.02957748807966709
2968,adam,0.00017411346198059618,0.037383172661066055
2969,adam,0.00017494337225798517,0.04757325351238251
2970,adam,0.00017635182302910835,0.0606456883251667
2971,adam,0.0001787418150343001,0.07776433974504471
2972,adam,0.00018277138588018715,0.09997443854808807
2973,adam,0.00018964243645314127,0.12914596498012543
2974,adam,0.00020129969925619662,0.16737672686576843
2975,adam,0.00022140968940220773,0.21777541935443878
2976,adam,0.0002556700201239437,0.2841756343841553
2977,adam,0.00031528351246379316,0.3715526759624481
2978,adam,0.00041606277227401733,0.4863656759262085
2979,adam,0.000590559677220881,0.6352005004882812
2980,adam,0.0008729681721888483,0.8259139060974121
2981,adam,0.0013369473163038492,1.0595593452453613
2982,adam,0.0019808216020464897,1.3309333324432373
2983,adam,0.002833570819348097,1.6029809713363647
2984,adam,0.003480119165033102,1.8117066621780396
2985,adam,0.003635719884186983,1.8445872068405151
2986,adam,0.0027018028777092695,1.6173263788223267
2987,adam,0.0013087863335385919,1.1117850542068481
2988,adam,0.0003865070757456124,0.518612802028656
2989,adam,0.0005104657029733062,0.5153656601905823
2990,adam,0.001227577100507915,0.9456162452697754
2991,adam,0.001598536386154592,1.1354550123214722
2992,adam,0.001218624645844102,0.9996308088302612
2993,adam,0.000519893248565495,0.6263554096221924
2994,adam,0.0003214562311768532,0.385602742433548
2995,adam,0.0007009465480223298,0.6479278802871704
2996,adam,0.00101426150649786,0.8225153088569641
2997,adam,0.0008129288326017559,0.733864426612854
2998,adam,0.00035570122417993844,0.4105115532875061
2999,adam,0.0002275871520396322,0.2165077030658722
3000,adam,0.0004994291812181473,0.5029175281524658
3001,adam,0.0007053482695482671,0.6437618732452393
3002,adam,0.0005394425243139267,0.538841187953949
3003,adam,0.00024241370556410402,0.22875268757343292
3004,adam,0.00020307174418121576,0.1416628062725067
3005,adam,0.0003922137839253992,0.41038453578948975
3006,adam,0.0004822967457585037,0.492191344499588
3007,adam,0.00035257518175058067,0.37294524908065796
3008,adam,0.00020173925440758467,0.1473182737827301
3009,adam,0.0002178057184210047,0.20014308393001556
3010,adam,0.00032557768281549215,0.3541254699230194
3011,adam,0.0003396896936465055,0.36367449164390564
3012,adam,0.0002464205026626587,0.2352195680141449
3013,adam,0.00018758424266707152,0.11992354691028595
3014,adam,0.0002291873242938891,0.23290106654167175
3015,adam,0.0002827750286087394,0.31411340832710266
3016,adam,0.00026000989601016045,0.2703341841697693
3017,adam,0.00019725544552784413,0.130802184343338
3018,adam,0.00018131894466932863,0.08717367053031921
3019,adam,0.0002209733793279156,0.21508049964904785
3020,adam,0.00024694716557860374,0.26398980617523193
3021,adam,0.00022007344523444772,0.20735569298267365
3022,adam,0.00018095932318829,0.08066198974847794
3023,adam,0.00017923759878613055,0.06497059017419815
3024,adam,0.0002055438089882955,0.17023040354251862
3025,adam,0.00021642868523485959,0.20062687993049622
3026,adam,0.00019807202625088394,0.15503957867622375
3027,adam,0.0001778989244485274,0.07047067582607269
3028,adam,0.00017991650383919477,0.07026407867670059
3029,adam,0.0001942168310051784,0.13041409850120544
3030,adam,0.00019689445616677403,0.14215391874313354
3031,adam,0.00018470865325070918,0.10394378751516342
3032,adam,0.00017538313113618642,0.049677882343530655
3033,adam,0.0001793308911146596,0.06976301223039627
3034,adam,0.00018757148063741624,0.10604143887758255
3035,adam,0.0001872403227025643,0.10606086254119873
3036,adam,0.00017879321239888668,0.06847599148750305
3037,adam,0.00017323673819191754,0.014940731227397919
3038,adam,0.00017625093460083008,0.051020391285419464
3039,adam,0.00018179992912337184,0.08353353291749954
3040,adam,0.00018185537192039192,0.08490243554115295
3041,adam,0.00017677262076176703,0.05617879703640938
3042,adam,0.00017306105291936547,0.018730031326413155
3043,adam,0.00017422041855752468,0.037809982895851135
3044,adam,0.00017727895465213805,0.06248553469777107
3045,adam,0.0001776652643457055,0.0647088885307312
3046,adam,0.00017502748232800514,0.0453752726316452
3047,adam,0.00017284390924032778,0.022946808487176895
3048,adam,0.0001733368553686887,0.03410748392343521
3049,adam,0.00017501511320006102,0.051947254687547684
3050,adam,0.0001752785174176097,0.053369443863630295
3051,adam,0.00017372381989844143,0.0376814529299736
3052,adam,0.000172192623722367,0.012950845994055271
3053,adam,0.00017223134636878967,0.0186274666339159
3054,adam,0.00017332252173218876,0.037984974682331085
3055,adam,0.00017382620717398822,0.04439271241426468
3056,adam,0.00017309690883848816,0.037058986723423004
3057,adam,0.00017201399896293879,0.020284049212932587
3058,adam,0.00017165088502224535,0.008611896075308323
3059,adam,0.000172076077433303,0.021678980439901352
3060,adam,0.00017249574011657387,0.030256858095526695
3061,adam,0.00017229201330337673,0.028967097401618958
3062,adam,0.000171684252563864,0.019766703248023987
3063,adam,0.0001713170058792457,0.010395463556051254
3064,adam,0.00017143441073130816,0.014777935110032558
3065,adam,0.0001716963161015883,0.02194257266819477
3066,adam,0.00017167434270959347,0.022599896416068077
3067,adam,0.00017131988715846092,0.016881229355931282
3068,adam,0.00017095384828280658,0.006570138968527317
3069,adam,0.00017086067236959934,0.0045699384063482285
3070,adam,0.00017099334218073636,0.013484842143952847
3071,adam,0.00017108011525124311,0.01724899373948574
3072,adam,0.00017096137162297964,0.016146335750818253
3073,adam,0.00017071930051315576,0.01081794872879982
3074,adam,0.00017054245108738542,0.006267820950597525
3075,adam,0.00017051577742677182,0.008943174034357071
3076,adam,0.00017055441276170313,0.01277108769863844
3077,adam,0.00017052123439498246,0.013648818247020245
3078,adam,0.00017038370424415916,0.01069222018122673
3079,adam,0.00017022245447151363,0.005478433333337307
3080,adam,0.0001701274304650724,0.0023297471925616264
3081,adam,0.0001701096334727481,0.0071535250172019005
3082,adam,0.00017010692681651562,0.010495288297533989
3083,adam,0.00017005254630930722,0.010826370678842068
3084,adam,0.0001699433196336031,0.008843163959681988
3085,adam,0.00016982888337224722,0.005344486329704523
3086,adam,0.0001697506377240643,0.003186530200764537
3087,adam,0.0001697102125035599,0.005243591032922268
3088,adam,0.0001696738472674042,0.006850685924291611
3089,adam,0.00016961032815743238,0.0070610372349619865
3090,adam,0.0001695209793979302,0.005245409905910492
3091,adam,0.00016943246009759605,0.002607027068734169
3092,adam,0.00016936408064793795,0.001374587300233543
3093,adam,0.00016931482241488993,0.003481240477412939
3094,adam,0.00016926803800743073,0.005104800686240196
3095,adam,0.00016920761845540255,0.0051114968955516815
3096,adam,0.0001691335201030597,0.004254452884197235
3097,adam,0.00016905694792512804,0.0024397321976721287
3098,adam,0.0001689893106231466,0.0017567811300978065
3099,adam,0.00016893260180950165,0.0028599807992577553
3100,adam,0.00016887859965208918,0.003825175343081355
3101,adam,0.00016881835472304374,0.004125811625272036
3102,adam,0.00016875111032277346,0.003351863706484437
3103,adam,0.00016868129023350775,0.002133571309968829
3104,adam,0.00016861542826518416,0.0007443477516062558
3105,adam,0.0001685551251284778,0.0013145282864570618
3106,adam,0.0001684973540250212,0.0024702271912246943
3107,adam,0.00016843952471390367,0.002867414616048336
3108,adam,0.00016837715520523489,0.0028538599144667387
3109,adam,0.00016831172979436815,0.0021881028078496456
3110,adam,0.00016824725025799125,0.0014531674096360803
3111,adam,0.0001681855646893382,0.0012168538523837924
3112,adam,0.000168125334312208,0.0015195778105407953
3113,adam,0.0001680668501649052,0.0021238490007817745
3114,adam,0.0001680064742686227,0.002121169585734606
3115,adam,0.00016794454131741077,0.002123116748407483
3116,adam,0.000167882171808742,0.0016812817193567753
3117,adam,0.0001678203116171062,0.0016641771653667092
3118,adam,0.00016775961557868868,0.0017814052989706397
3119,adam,0.00016770034562796354,0.0022566423285752535
3120,adam,0.0001676417887210846,0.0026247657369822264
3121,adam,0.0001675818784860894,0.0029156007803976536
3122,adam,0.00016752209921833128,0.0030441994313150644
3123,adam,0.00016746122855693102,0.0032409117557108402
3124,adam,0.00016740328283049166,0.003396375570446253
3125,adam,0.00016734542441554368,0.0038642275612801313
3126,adam,0.00016728862829040736,0.004276588559150696
3127,adam,0.000167233549291268,0.005009228363633156
3128,adam,0.000167179896379821,0.005651273764669895
3129,adam,0.00016712912474758923,0.0066870213486254215
3130,adam,0.00016708218026906252,0.007735147140920162
3131,adam,0.0001670409255893901,0.00927059818059206
3132,adam,0.0001670089113758877,0.010963806882500648
3133,adam,0.00016698965919204056,0.013241535983979702
3134,adam,0.00016699197294656187,0.01584523729979992
3135,adam,0.0001670246128924191,0.01927173137664795
3136,adam,0.00016710680210962892,0.023373160511255264
3137,adam,0.00016726604371797293,0.02874649502336979
3138,adam,0.0001675464736763388,0.03533370420336723
3139,adam,0.00016801942547317594,0.04386181756854057
3140,adam,0.00016880256589502096,0.05451437830924988
3141,adam,0.00017009051225613803,0.06836051493883133
3142,adam,0.0001722001179587096,0.08596494048833847
3143,adam,0.00017568356997799128,0.10889019817113876
3144,adam,0.0001814157876651734,0.1383751928806305
3145,adam,0.00019098060147371143,0.17683367431163788
3146,adam,0.00020683548063971102,0.22667446732521057
3147,adam,0.00023364965454675257,0.2918397784233093
3148,adam,0.00027829743339680135,0.37667226791381836
3149,adam,0.0003545238869264722,0.48731786012649536
3150,adam,0.0004801266477443278,0.6305595636367798
3151,adam,0.0006929644150659442,0.8140938878059387
3152,adam,0.0010258352849632502,1.043926477432251
3153,adam,0.001556324539706111,1.3199981451034546
3154,adam,0.002250152174383402,1.6257104873657227
3155,adam,0.0031140518840402365,1.9161235094070435
3156,adam,0.003635717323049903,2.094536542892456
3157,adam,0.0035563723649829626,2.0469040870666504
3158,adam,0.0023570910561829805,1.6568684577941895
3159,adam,0.0009014555253088474,0.950971782207489
3160,adam,0.00018797357915900648,0.11728029698133469
3161,adam,0.000623647472821176,0.7292300462722778
3162,adam,0.0014445206616073847,1.2328028678894043
3163,adam,0.0015645904932171106,1.3015573024749756
3164,adam,0.0008933298522606492,0.9312553405761719
3165,adam,0.00024021539138630033,0.27869293093681335
3166,adam,0.0003472281096037477,0.436800479888916
3167,adam,0.0008503319695591927,0.884282112121582
3168,adam,0.0009159042383544147,0.9332597851753235
3169,adam,0.0004785695346072316,0.598216712474823
3170,adam,0.00017944452702067792,0.06588979065418243
3171,adam,0.00037310304469428957,0.4748454689979553
3172,adam,0.0006430763751268387,0.7324893474578857
3173,adam,0.0005360127543099225,0.6478409767150879
3174,adam,0.0002451733744237572,0.2892321050167084
3175,adam,0.00019572299788706005,0.16073377430438995
3176,adam,0.0003853701346088201,0.4941900670528412
3177,adam,0.000460640003439039,0.5727262496948242
3178,adam,0.00030344538390636444,0.38440781831741333
3179,adam,0.00017552926146890968,0.04359607398509979
3180,adam,0.00024464266607537866,0.2891082763671875
3181,adam,0.00035008639679290354,0.4517994821071625
3182,adam,0.0003102678165305406,0.39536863565444946
3183,adam,0.00019790802616626024,0.16495941579341888
3184,adam,0.0001856115850387141,0.1231377050280571
3185,adam,0.0002611128147691488,0.32184430956840515
3186,adam,0.0002811180311255157,0.35572266578674316
3187,adam,0.00021627247042488307,0.2252289354801178
3188,adam,0.00017242958710994571,0.015757080167531967
3189,adam,0.00020517426310107112,0.19910049438476562
3190,adam,0.00024282981758005917,0.28960856795310974
3191,adam,0.00021987143554724753,0.23892275989055634
3192,adam,0.00017735062283463776,0.08436799049377441
3193,adam,0.0001784385385690257,0.09298815578222275
3194,adam,0.00020861122175119817,0.2102767527103424
3195,adam,0.00021262303926050663,0.2218189537525177
3196,adam,0.0001854518341133371,0.13257050514221191
3197,adam,0.0001707735937088728,0.011565865017473698
3198,adam,0.0001851351116783917,0.12969118356704712
3199,adam,0.00019861708278767765,0.1815139353275299
3200,adam,0.000188782112672925,0.14820396900177002
3201,adam,0.00017235943232662976,0.05285317450761795
3202,adam,0.0001729367213556543,0.0576932430267334
3203,adam,0.00018454741802997887,0.12982052564620972
3204,adam,0.00018633337458595634,0.13892388343811035
3205,adam,0.00017602326988708228,0.08731469511985779
3206,adam,0.0001693722588242963,0.00610429048538208
3207,adam,0.00017399612988810986,0.07318298518657684
3208,adam,0.00018002430442720652,0.11160585284233093
3209,adam,0.00017757755995262414,0.09899476915597916
3210,adam,0.00017078423115890473,0.04661596938967705
3211,adam,0.0001691203360678628,0.020257383584976196
3212,adam,0.00017316137382294983,0.07183673232793808
3213,adam,0.00017553838551975787,0.08964461833238602
3214,adam,0.00017265959468204528,0.06877752393484116
3215,adam,0.00016888654499780387,0.0230134017765522
3216,adam,0.00016897097520995885,0.02835719659924507
3217,adam,0.00017156875401269644,0.06273343414068222
3218,adam,0.00017226477211806923,0.0695616826415062
3219,adam,0.00017006621055770665,0.04818335548043251
3220,adam,0.00016805806080810726,0.01115104928612709
3221,adam,0.00016849667008500546,0.027808452025055885
3222,adam,0.0001700155989965424,0.05153965577483177
3223,adam,0.00017012754688039422,0.05376623943448067
3224,adam,0.00016867091471794993,0.03536834940314293
3225,adam,0.00016755751857999712,0.005904823075979948
3226,adam,0.00016790322843007743,0.023306522518396378
3227,adam,0.0001687689800746739,0.040575698018074036
3228,adam,0.00016875879373401403,0.041676927357912064
3229,adam,0.00016785756452009082,0.02741178870201111
3230,adam,0.0001671747595537454,0.00520906550809741
3231,adam,0.00016734391101635993,0.017381487414240837
3232,adam,0.00016782917373348027,0.03074275143444538
3233,adam,0.00016782312013674527,0.0323120653629303
3234,adam,0.00016728191985748708,0.02211824432015419
3235,adam,0.00016682456771377474,0.0056204963475465775
3236,adam,0.00016685295850038528,0.011781813576817513
3237,adam,0.00016711748321540654,0.02282550372183323
3238,adam,0.0001671411591814831,0.025287050753831863
3239,adam,0.0001668265467742458,0.018640639260411263
3240,adam,0.0001664945884840563,0.006751206237822771
3241,adam,0.0001664272422203794,0.0065582431852817535
3242,adam,0.00016655011859256774,0.01603449508547783
3243,adam,0.00016658828826621175,0.01952558569610119
3244,adam,0.0001664198498474434,0.016047468408942223
3245,adam,0.00016618309018667787,0.008004004135727882
3246,adam,0.00016606732970103621,0.002375554060563445
3247,adam,0.00016609131125733256,0.010433674789965153
3248,adam,0.0001661184651311487,0.014728793874382973
3249,adam,0.00016603666881565005,0.013779615983366966
3250,adam,0.0001658760302234441,0.00890122726559639
3251,adam,0.0001657473767409101,0.0016836479771882296
3252,adam,0.00016570711159147322,0.005508253816515207
3253,adam,0.00016570565639995039,0.010261268354952335
3254,adam,0.0001656641106819734,0.011302132159471512
3255,adam,0.00016556245100218803,0.009092436172068119
3256,adam,0.00016544699610676616,0.0042740050703287125
3257,adam,0.00016537102055735886,0.0013044129591435194
3258,adam,0.00016533609596081078,0.005902903154492378
3259,adam,0.00016530344146303833,0.008235488086938858
3260,adam,0.00016524019883945584,0.008232345804572105
3261,adam,0.00016515166498720646,0.005771017167717218
3262,adam,0.00016506646352354437,0.00221626996062696
3263,adam,0.00016500499623361975,0.0020817378535866737
3264,adam,0.00016496211173944175,0.004874837584793568
3265,adam,0.0001649141777306795,0.006363611202687025
3266,adam,0.00016484849038533866,0.005794459022581577
3267,adam,0.00016477216558996588,0.003929278813302517
3268,adam,0.0001647001481615007,0.0011941399425268173
3269,adam,0.000164641925948672,0.0018088326323777437
3270,adam,0.00016459223115816712,0.0038865255191922188
3271,adam,0.00016453818534500897,0.004583471454679966
3272,adam,0.00016447562666144222,0.0043046739883720875
3273,adam,0.00016440704348497093,0.0027819445822387934
3274,adam,0.00016434176359325647,0.0010295264655724168
3275,adam,0.00016428303206339478,0.0014527873136103153
3276,adam,0.00016422875341959298,0.0028030681423842907
3277,adam,0.0001641736162127927,0.003592558903619647
3278,adam,0.00016411315300501883,0.0032350625842809677
3279,adam,0.00016404959023930132,0.0023573259823024273
3280,adam,0.0001639868423808366,0.0009175289887934923
3281,adam,0.00016392792167607695,0.0010003818897530437
3282,adam,0.0001638722897041589,0.002171257743611932
3283,adam,0.00016381594468839467,0.002675850410014391
3284,adam,0.00016375759150832891,0.002721053082495928
3285,adam,0.00016369651712011546,0.0020008974242955446
3286,adam,0.00016363602480851114,0.0011587979970499873
3287,adam,0.0001635768130654469,0.0006405660533346236
3288,adam,0.0001635205262573436,0.0012663686648011208
3289,adam,0.00016346391930710524,0.0019346610642969608
3290,adam,0.00016340635193046182,0.0020043556578457355
3291,adam,0.00016334789688698947,0.0018763875123113394
3292,adam,0.00016328919446095824,0.0013211906189098954
3293,adam,0.00016323068120982498,0.0008487597806379199
3294,adam,0.00016317240078933537,0.0007700783899053931
3295,adam,0.00016311540093738586,0.0009920404991135001
3296,adam,0.0001630590995773673,0.0013995675835758448
3297,adam,0.00016300177958328277,0.0013212673366069794
3298,adam,0.00016294396482408047,0.0012434674426913261
3299,adam,0.00016288620827253908,0.0008093196083791554
3300,adam,0.0001628285535844043,0.0006420682184398174
3301,adam,0.00016277188842650503,0.0007373863481916487
3302,adam,0.0001627151941647753,0.0009585712687112391
3303,adam,0.00016265838348772377,0.0012256867485120893
3304,adam,0.00016260177653748542,0.001180683495476842
3305,adam,0.00016254435467999429,0.0011132481740787625
3306,adam,0.0001624875294510275,0.0008137984550558031
3307,adam,0.00016243066056631505,0.0006338821840472519
3308,adam,0.00016237402451224625,0.0006904022302478552
3309,adam,0.00016231754852924496,0.0007559426594525576
3310,adam,0.00016226130537688732,0.0009791406337171793
3311,adam,0.00016220526595134288,0.0008975273231044412
3312,adam,0.00016214967763517052,0.0009506075293757021
3313,adam,0.00016209279419854283,0.0007460379274562001
3314,adam,0.0001620370603632182,0.0007826291839592159
3315,adam,0.0001619807881070301,0.0007410327671095729
3316,adam,0.00016192389011848718,0.0008592323283664882
3317,adam,0.00016186819993890822,0.000937481177970767
3318,adam,0.0001618127425899729,0.0010145147098228335
3319,adam,0.00016175766359083354,0.0010397557634860277
3320,adam,0.00016170181334018707,0.0010902568465098739
3321,adam,0.00016164587577804923,0.0011026808060705662
3322,adam,0.00016159063670784235,0.0012176206801086664
3323,adam,0.0001615353103261441,0.0012350627221167088
3324,adam,0.0001614799111848697,0.0014641002053394914
3325,adam,0.00016142592357937247,0.0015678082127124071
3326,adam,0.00016137139755301178,0.0019358268473297358
3327,adam,0.00016131735173985362,0.002188740996643901
3328,adam,0.00016126384434755892,0.0026992473285645247
3329,adam,0.00016121282533276826,0.0030985157936811447
3330,adam,0.00016116152983158827,0.0037812928203493357
3331,adam,0.00016111279546748847,0.004443515557795763
3332,adam,0.0001610663312021643,0.0054163094609975815
3333,adam,0.00016102584777399898,0.006429524160921574
3334,adam,0.00016099223284982145,0.007842031307518482
3335,adam,0.00016096756735350937,0.0093985665589571
3336,adam,0.0001609589671716094,0.011474620550870895
3337,adam,0.00016097319894470274,0.01388057041913271
3338,adam,0.00016102413064800203,0.017069824039936066
3339,adam,0.0001611350307939574,0.02093222364783287
3340,adam,0.00016133890312630683,0.025996699929237366
3341,adam,0.00016168902220670134,0.03222120925784111
3342,adam,0.00016227572632487863,0.040308210998773575
3343,adam,0.00016324332682415843,0.05046848952770233
3344,adam,0.00016483858053106815,0.0636766329407692
3345,adam,0.00016745900211390108,0.08051155507564545
3346,adam,0.00017179457063321024,0.10239957273006439
3347,adam,0.0001789362431736663,0.13054907321929932
3348,adam,0.00019087448890786618,0.1672089397907257
3349,adam,0.0002106541214743629,0.21471469104290009
3350,adam,0.00024404338910244405,0.2765503525733948
3351,adam,0.0002992723311763257,0.3567642867565155
3352,adam,0.00039267895044758916,0.46031543612480164
3353,adam,0.000543614907655865,0.5929361581802368
3354,adam,0.0007925165700726211,0.7587394714355469
3355,adam,0.0011615039547905326,0.9598303437232971
3356,adam,0.0017053800402209163,1.1855733394622803
3357,adam,0.002309775445610285,1.4108555316925049
3358,adam,0.0028797611594200134,1.5755151510238647
3359,adam,0.002889399416744709,1.602881908416748
3360,adam,0.002283700741827488,1.4133589267730713
3361,adam,0.001168982358649373,1.010117530822754
3362,adam,0.000367595290299505,0.49326086044311523
3363,adam,0.0003333724453113973,0.3785324990749359
3364,adam,0.0008495856309309602,0.745675265789032
3365,adam,0.001287980005145073,0.9727687835693359
3366,adam,0.001153307850472629,0.9342525601387024
3367,adam,0.000618566875346005,0.6537971496582031
3368,adam,0.00024170168035198003,0.31211331486701965
3369,adam,0.0003627485712058842,0.403195321559906
3370,adam,0.0007130488520488143,0.6642012596130371
3371,adam,0.0008160650031641126,0.7236654162406921
3372,adam,0.0005515586235560477,0.5580070614814758
3373,adam,0.00022936833556741476,0.2365236133337021
3374,adam,0.00020536767260637134,0.18413297832012177
3375,adam,0.0004313402168918401,0.4607861340045929
3376,adam,0.0005677613662555814,0.562830924987793
3377,adam,0.0004434973234310746,0.4716208577156067
3378,adam,0.00023011054145172238,0.22941333055496216
3379,adam,0.00017657589341979474,0.10663381218910217
3380,adam,0.0002933420182671398,0.32609808444976807
3381,adam,0.0003884674224536866,0.42414042353630066
3382,adam,0.00033663545036688447,0.3721669018268585
3383,adam,0.00021503644529730082,0.2042931169271469
3384,adam,0.00017512793419882655,0.12157103419303894
3385,adam,0.0002363630337640643,0.25743967294692993
3386,adam,0.0002894281642511487,0.3303110599517822
3387,adam,0.0002607466885820031,0.2858459949493408
3388,adam,0.00019136549963150173,0.14965279400348663
3389,adam,0.00016707841132301837,0.07778169214725494
3390,adam,0.00020421786757651716,0.2012338489294052
3391,adam,0.00023991373018361628,0.2675726115703583
3392,adam,0.00022438605083152652,0.23674874007701874
3393,adam,0.00018047940102405846,0.13035131990909576
3394,adam,0.0001620180846657604,0.012777375057339668
3395,adam,0.00018155647558160126,0.13319723308086395
3396,adam,0.00020528693858068436,0.19802233576774597
3397,adam,0.00020178263366688043,0.1916249394416809
3398,adam,0.000177547219209373,0.12692098319530487
3399,adam,0.00016312561638187617,0.04998655617237091
3400,adam,0.0001711907098069787,0.08952206373214722
3401,adam,0.0001850535481935367,0.13881979882717133
3402,adam,0.00018517152057029307,0.14281456172466278
3403,adam,0.00017232605023309588,0.10118240118026733
3404,adam,0.0001624263677513227,0.04246729984879494
3405,adam,0.00016527042316738516,0.061301521956920624
3406,adam,0.00017427626880817115,0.10337395966053009
3407,adam,0.0001767150970408693,0.1133260652422905
3408,adam,0.00016978679923340678,0.08560407161712646
3409,adam,0.00016200718528125435,0.034225840121507645
3410,adam,0.0001611522602615878,0.022880762815475464
3411,adam,0.00016604489064775407,0.067337267100811
3412,adam,0.00016969018906820565,0.08674104511737823
3413,adam,0.00016777195560280234,0.07679527252912521
3414,adam,0.0001629397738724947,0.04739290475845337
3415,adam,0.00016054927255026996,0.0219716913998127
3416,adam,0.00016213872004300356,0.04413312301039696
3417,adam,0.0001646794262342155,0.06343606114387512
3418,adam,0.0001648478937568143,0.06360916048288345
3419,adam,0.00016251360648311675,0.04606961831450462
3420,adam,0.00016027445963118225,0.018629848957061768
3421,adam,0.0001602492411620915,0.022626381367444992
3422,adam,0.0001618141686776653,0.04417349770665169
3423,adam,0.00016280192357953638,0.05379563942551613
3424,adam,0.0001621040137251839,0.04799307510256767
3425,adam,0.0001605090219527483,0.02976285293698311
3426,adam,0.00015955133130773902,0.008229735307395458
3427,adam,0.00015987467486411333,0.018771247938275337
3428,adam,0.0001607251906534657,0.0335281677544117
3429,adam,0.00016098536434583366,0.03783269226551056
3430,adam,0.0001603903219802305,0.03173379227519035
3431,adam,0.00015957740833982825,0.019334468990564346
3432,adam,0.00015925995830912143,0.010941547341644764
3433,adam,0.00015954923583194613,0.019091587513685226
3434,adam,0.00015994205023162067,0.02669677697122097
3435,adam,0.00015991572581697255,0.027179380878806114
3436,adam,0.00015946567873470485,0.02071213349699974
3437,adam,0.00015899336722213775,0.009333141148090363
3438,adam,0.0001588388258824125,0.0034130827989429235
3439,adam,0.00015900014841463417,0.013796553947031498
3440,adam,0.00015919179713819176,0.019561713561415672
3441,adam,0.00015915445692371577,0.01991507038474083
3442,adam,0.0001589007442817092,0.015287460759282112
3443,adam,0.0001586385624250397,0.008738918229937553
3444,adam,0.0001585374411661178,0.0070779407396912575
3445,adam,0.00015859337872825563,0.012268242426216602
3446,adam,0.00015866423200350255,0.015983711928129196
3447,adam,0.00015861776773817837,0.01603832095861435
3448,adam,0.00015845581947360188,0.012633753009140491
3449,adam,0.00015827745664864779,0.006756208371371031
3450,adam,0.00015817889652680606,0.0017447654390707612
3451,adam,0.00015817195526324213,0.00639292411506176
3452,adam,0.00015819181862752885,0.010104446671903133
3453,adam,0.00015816630912013352,0.011353669688105583
3454,adam,0.0001580742682563141,0.009889500215649605
3455,adam,0.00015795690705999732,0.006762586068361998
3456,adam,0.00015786770381964743,0.0034942401107400656
3457,adam,0.00015782636182848364,0.004358823411166668
3458,adam,0.00015781393449287862,0.007139869499951601
3459,adam,0.00015778881788719445,0.00837781559675932
3460,adam,0.00015772777260281146,0.00815300177782774
3461,adam,0.00015764225099701434,0.006238308269530535
3462,adam,0.0001575599453644827,0.004144933540374041
3463,adam,0.00015749904559925199,0.003362056100741029
3464,adam,0.0001574600173626095,0.0048666708171367645
3465,adam,0.0001574258494656533,0.006264592055231333
3466,adam,0.00015737986541353166,0.006596170365810394
3467,adam,0.00015731833991594613,0.005935876630246639
3468,adam,0.00015724811237305403,0.004287779796868563
3469,adam,0.00015718358918093145,0.002565826755017042
3470,adam,0.0001571306784171611,0.0021262189839035273
3471,adam,0.0001570863532833755,0.0030633320566266775
3472,adam,0.0001570434687891975,0.004127065185457468
3473,adam,0.00015699391951784492,0.004214898683130741
3474,adam,0.00015693774912506342,0.0038825697265565395
3475,adam,0.00015687785344198346,0.002746138023212552
3476,adam,0.00015682014054618776,0.0019555240869522095
3477,adam,0.0001567682920722291,0.0019201880786567926
3478,adam,0.00015672066365368664,0.0027625325601547956
3479,adam,0.00015667430125176907,0.003518537851050496
3480,adam,0.00015662582882214338,0.0038355456199496984
3481,adam,0.00015657432959415019,0.003872815053910017
3482,adam,0.00015652156434953213,0.0036688114050775766
3483,adam,0.0001564686099300161,0.003511575749143958
3484,adam,0.00015641932259313762,0.0037622549571096897
3485,adam,0.0001563721161801368,0.004229551646858454
3486,adam,0.0001563292753417045,0.005129033233970404
3487,adam,0.00015628733672201633,0.005951367784291506
3488,adam,0.0001562478137202561,0.007146857213228941
3489,adam,0.00015621392230968922,0.008363141678273678
3490,adam,0.00015618675388395786,0.010108067654073238
3491,adam,0.00015617119788657874,0.012097002938389778
3492,adam,0.0001561757962917909,0.01480058953166008
3493,adam,0.00015620981866959482,0.01801847293972969
3494,adam,0.00015628826804459095,0.02218140847980976
3495,adam,0.0001564354170113802,0.02718759886920452
3496,adam,0.00015669174899812788,0.03363336995244026
3497,adam,0.00015712089953012764,0.04159877821803093
3498,adam,0.00015782928676344454,0.0518622025847435
3499,adam,0.00015898332640063018,0.06478402763605118
3500,adam,0.00016087984840851277,0.08155134320259094
3501,adam,0.00016397966828662902,0.10298056155443192
3502,adam,0.0001691037614364177,0.13083873689174652
3503,adam,0.00017753042629919946,0.166746124625206
3504,adam,0.00019164400873705745,0.21356448531150818
3505,adam,0.00021502604067791253,0.2743387818336487
3506,adam,0.0002546817413531244,0.353657066822052
3507,adam,0.0003203059022780508,0.45665255188941956
3508,adam,0.0004321323649492115,0.5901552438735962
3509,adam,0.0006128174136392772,0.7610777020454407
3510,adam,0.0009139785543084145,0.9758846163749695
3511,adam,0.00135891477111727,1.2352895736694336
3512,adam,0.0020244186744093895,1.5282301902770996
3513,adam,0.00274989427998662,1.8134820461273193
3514,adam,0.003437563544139266,2.0178110599517822
3515,adam,0.00337021891027689,2.013537645339966
3516,adam,0.002532843267545104,1.711958646774292
3517,adam,0.0010980258230119944,1.0837645530700684
3518,adam,0.00022328713384922594,0.27070462703704834
3519,adam,0.00043148675467818975,0.5574126243591309
3520,adam,0.0011931754415854812,1.1145997047424316
3521,adam,0.0015366418519988656,1.2843680381774902
3522,adam,0.001008930616080761,1.0179489850997925
3523,adam,0.0003198027843609452,0.4339260458946228
3524,adam,0.0002436541544739157,0.28090324997901917
3525,adam,0.0006866019102744758,0.7741149663925171
3526,adam,0.0009037302224896848,0.9275763034820557
3527,adam,0.0005658450536429882,0.6909112930297852
3528,adam,0.00019863381749019027,0.2047596126794815
3529,adam,0.0002703733625821769,0.3377705216407776
3530,adam,0.0005532375071197748,0.6645126938819885
3531,adam,0.0005671560647897422,0.6785888671875
3532,adam,0.00030010889167897403,0.39915016293525696
3533,adam,0.0001627148303668946,0.029568355530500412
3534,adam,0.0003009999345522374,0.39501723647117615
3535,adam,0.00043306953739374876,0.5535851120948792
3536,adam,0.0003438214771449566,0.4503489136695862
3537,adam,0.0001855011796578765,0.15715400874614716
3538,adam,0.00019006655202247202,0.18124906718730927
3539,adam,0.0003024873149115592,0.40188565850257874
3540,adam,0.0003178251499775797,0.4200584292411804
3541,adam,0.00021930642833467573,0.2500879764556885
3542,adam,0.00016359805886168033,0.040141697973012924
3543,adam,0.00021539644512813538,0.25267574191093445
3544,adam,0.0002660993777681142,0.34922531247138977
3545,adam,0.00022913275461178273,0.2792057394981384
3546,adam,0.0001690456847427413,0.09318210184574127
3547,adam,0.0001735047553665936,0.1236816793680191
3548,adam,0.00021690268476959318,0.25883749127388
3549,adam,0.00022029216052033007,0.2655966579914093
3550,adam,0.0001801071484806016,0.15278370678424835
3551,adam,0.0001603979035280645,0.017375275492668152
3552,adam,0.00018239428754895926,0.16248691082000732
3553,adam,0.0002012630575336516,0.22104254364967346
3554,adam,0.00018610012193676084,0.17663179337978363
3555,adam,0.00016264471923932433,0.06043840944766998
3556,adam,0.0001645131706027314,0.07382981479167938
3557,adam,0.0001813746930565685,0.1590322107076645
3558,adam,0.00018294487381353974,0.16627904772758484
3559,adam,0.00016775687981862575,0.10154655575752258
3560,adam,0.00015930032532196492,0.015144815668463707
3561,adam,0.00016691666678525507,0.09413199126720428
3562,adam,0.00017490173922851682,0.13509684801101685
3563,adam,0.00017013252363540232,0.11477244645357132
3564,adam,0.0001604960416443646,0.0485263429582119
3565,adam,0.00015938965952955186,0.03285898268222809
3566,adam,0.00016572294407524168,0.09085137397050858
3567,adam,0.00016825545753818005,0.10610396414995193
3568,adam,0.00016326727927662432,0.07594788819551468
3569,adam,0.00015830632764846087,0.01813811995089054
3570,adam,0.00015945403720252216,0.04245232045650482
3571,adam,0.00016331046936102211,0.0790078192949295
3572,adam,0.00016353323007933795,0.08103974908590317
3573,adam,0.00015997604350559413,0.05034459009766579
3574,adam,0.00015765491116326302,0.007049079518765211
3575,adam,0.00015897197590675205,0.04199301078915596
3576,adam,0.0001610500767128542,0.06507132947444916
3577,adam,0.0001605999714229256,0.061501964926719666
3578,adam,0.00015832520148251206,0.03432580828666687
3579,adam,0.00015722148236818612,0.00498697254806757
3580,adam,0.00015820450789760798,0.036047134548425674
3581,adam,0.00015933217946439981,0.052064165472984314
3582,adam,0.0001588738086866215,0.04750611260533333
3583,adam,0.00015747142606414855,0.025659602135419846
3584,adam,0.00015685726248193532,0.003206945024430752
3585,adam,0.0001574472989886999,0.02811567671597004
3586,adam,0.00015808497846592218,0.04021448642015457
3587,adam,0.000157794333063066,0.03686264157295227
3588,adam,0.00015694981266278774,0.020713746547698975
3589,adam,0.00015654471644666046,0.0031864990014582872
3590,adam,0.00015684358368162066,0.02057056687772274
3591,adam,0.00015720821102149785,0.030264930799603462
3592,adam,0.00015705463010817766,0.028777552768588066
3593,adam,0.00015654323215130717,0.017406338825821877
3594,adam,0.0001562352990731597,0.0025731953792274
3595,adam,0.00015634925512131304,0.014086051844060421
3596,adam,0.00015656562754884362,0.022500887513160706
3597,adam,0.00015651121793780476,0.022857921198010445
3598,adam,0.00015620207705069333,0.015242491848766804
3599,adam,0.0001559489464852959,0.003566380124539137
3600,adam,0.0001559430529596284,0.008413328789174557
3601,adam,0.00015605866792611778,0.01617542840540409
3602,adam,0.0001560603268444538,0.018166229128837585
3603,adam,0.0001558886287966743,0.013846143148839474
3604,adam,0.00015569114475511014,0.005869429092854261
3605,adam,0.00015561703185085207,0.0039019144605845213
3606,adam,0.0001556502829771489,0.010893326252698898
3607,adam,0.00015566385991405696,0.014108042232692242
3608,adam,0.00015557737788185477,0.01244890596717596
3609,adam,0.00015543479821644723,0.007418741937726736
3610,adam,0.00015533396799582988,0.0009556101867929101
3611,adam,0.00015531040844507515,0.006037613842636347
3612,adam,0.00015531042299699038,0.010069341398775578
3613,adam,0.00015526911010965705,0.010641718283295631
3614,adam,0.00015517606516368687,0.008248267695307732
3615,adam,0.00015507757780142128,0.003544073086231947
3616,adam,0.000155016896314919,0.0016812352696433663
3617,adam,0.0001549897133372724,0.005921944510191679
3618,adam,0.0001549630396766588,0.007974304258823395
3619,adam,0.0001549066510051489,0.007771733682602644
3620,adam,0.00015482828894164413,0.00528488727286458
3621,adam,0.00015475448162760586,0.0018522044410929084
3622,adam,0.00015470548532903194,0.0023385346867144108
3623,adam,0.0001546707790112123,0.004900870844721794
3624,adam,0.0001546293351566419,0.006116974633187056
3625,adam,0.0001545708510093391,0.005389114376157522
3626,adam,0.0001545041595818475,0.0034860000014305115
3627,adam,0.000154443274368532,0.000839214597363025
3628,adam,0.0001543947437312454,0.001977363135665655
3629,adam,0.0001543532416690141,0.0038900908548384905
3630,adam,0.00015430687926709652,0.004421731922775507
3631,adam,0.0001542514655739069,0.0039540440775454044
3632,adam,0.00015419338888023049,0.0023691265378147364
3633,adam,0.0001541371166240424,0.0008327345130965114
3634,adam,0.00015408857143484056,0.0017782114446163177
3635,adam,0.00015404366422444582,0.0029943876434117556
3636,adam,0.0001539955846965313,0.0035614981316030025
3637,adam,0.00015394261572510004,0.003081154776737094
3638,adam,0.00015388800238724798,0.0021115196868777275
3639,adam,0.0001538349170004949,0.0007713850354775786
3640,adam,0.0001537850039312616,0.0009668582933954895
3641,adam,0.00015373789938166738,0.002050732495263219
3642,adam,0.00015368942695204169,0.002465110504999757
3643,adam,0.00015363963029813021,0.002453241031616926
3644,adam,0.00015358702512457967,0.0017692954279482365
3645,adam,0.0001535359479021281,0.0010115343611687422
3646,adam,0.000153485219925642,0.0006156173185445368
3647,adam,0.00015343686391133815,0.0011069137835875154
3648,adam,0.00015338860976044089,0.0016609245212748647
3649,adam,0.000153338914969936,0.0016748986672610044
3650,adam,0.00015328862355090678,0.0015291727613657713
3651,adam,0.00015323932166211307,0.0009833528893068433
3652,adam,0.00015318887017201632,0.000606287328992039
3653,adam,0.00015313993208110332,0.0007281145080924034
3654,adam,0.0001530913868919015,0.0010725882602855563
3655,adam,0.00015304313274100423,0.001393744139932096
3656,adam,0.000152994180098176,0.0013315369142219424
3657,adam,0.00015294496552087367,0.0011980868875980377
3658,adam,0.0001528953289380297,0.0008544525480829179
3659,adam,0.0001528463908471167,0.0006415951065719128
3660,adam,0.0001527973508927971,0.0007928616832941771
3661,adam,0.00015274935867637396,0.0008694094722159207
3662,adam,0.00015270088624674827,0.0011058701202273369
3663,adam,0.00015265248657669872,0.000997290713712573
3664,adam,0.00015260397049132735,0.0010070960270240903
3665,adam,0.00015255501784849912,0.0007337325951084495
3666,adam,0.00015250667638611048,0.0006942700129002333
3667,adam,0.0001524577382951975,0.0006427127518691123
3668,adam,0.00015241012442857027,0.0007544300169683993
3669,adam,0.00015236163744702935,0.0008788068662397563
3670,adam,0.0001523140090284869,0.0008586141047999263
3671,adam,0.00015226574032567441,0.0008664305205456913
3672,adam,0.00015221696230582893,0.0007229268085211515
3673,adam,0.00015216926112771034,0.0006247357232496142
3674,adam,0.00015212083235383034,0.0005368412821553648
3675,adam,0.00015207353862933815,0.0005623302422463894
3676,adam,0.0001520257064839825,0.00071069470141083
3677,adam,0.00015197745233308524,0.000757915957365185
3678,adam,0.00015193007129710168,0.0008320166380144656
3679,adam,0.00015188221004791558,0.0007207809831015766
3680,adam,0.00015183439245447516,0.0006609578849747777
3681,adam,0.00015178669127635658,0.0005805254331789911
3682,adam,0.00015173903375398368,0.0005511778290383518
3683,adam,0.00015169254038482904,0.000655417563393712
3684,adam,0.00015164438809733838,0.0006313076592050493
3685,adam,0.00015159769100137055,0.0007622302509844303
3686,adam,0.00015154987340793014,0.0007149967714212835
3687,adam,0.00015150227409321815,0.0008792452281340957
3688,adam,0.00015145645011216402,0.000860127795021981
3689,adam,0.00015140889445319772,0.0010393927805125713
3690,adam,0.000151361949974671,0.00108292733784765
3691,adam,0.00015131455438677222,0.0013541385997086763
3692,adam,0.00015126839571166784,0.00151262735016644
3693,adam,0.0001512224116595462,0.00184313440695405
3694,adam,0.0001511768059572205,0.002072959439828992
3695,adam,0.0001511314621893689,0.0025102398358285427
3696,adam,0.00015108798106666654,0.002885020337998867
3697,adam,0.00015104511112440377,0.0035366809461265802
3698,adam,0.00015100446762517095,0.004182232543826103
3699,adam,0.00015096779679879546,0.005181154236197472
3700,adam,0.00015093617548700422,0.00626200158149004
3701,adam,0.00015091222303453833,0.007824040949344635
3702,adam,0.00015090267697814852,0.009611174464225769
3703,adam,0.00015091233944986016,0.012052438221871853
3704,adam,0.00015095589333213866,0.01498265191912651
3705,adam,0.00015105593774933368,0.01894109696149826
3706,adam,0.00015124805213417858,0.02387128956615925
3707,adam,0.00015159269969444722,0.03041326254606247
3708,adam,0.00015218956104945391,0.03869350627064705
3709,adam,0.00015321088721975684,0.04961777478456497
3710,adam,0.00015494824037887156,0.06368740648031235
3711,adam,0.00015791603073012084,0.08228235691785812
3712,adam,0.00016296251851599663,0.10650218278169632
3713,adam,0.000171638501342386,0.13851185142993927
3714,adam,0.000186473858775571,0.1805594265460968
3715,adam,0.00021224327792879194,0.2361728399991989
3716,adam,0.000256344152148813,0.3094346225261688
3717,adam,0.00033324246760457754,0.4057604968547821
3718,adam,0.00046270163147710264,0.531585693359375
3719,adam,0.0006844723829999566,0.6929477453231812
3720,adam,0.0010328181087970734,0.8947598934173584
3721,adam,0.0015768319135531783,1.1314880847930908
3722,adam,0.002248249715194106,1.3830736875534058
3723,adam,0.0029721069149672985,1.5917012691497803
3724,adam,0.0031755848322063684,1.671301245689392
3725,adam,0.0026715067215263844,1.5203932523727417
3726,adam,0.0014234775444492698,1.1161956787109375
3727,adam,0.00042136237607337534,0.5493495464324951
3728,adam,0.0003222202940378338,0.3788892328739166
3729,adam,0.0009279826772399247,0.7895766496658325
3730,adam,0.001442742650397122,1.0352427959442139
3731,adam,0.0012385982554405928,0.9675891399383545
3732,adam,0.0005782022490166128,0.6214321851730347
3733,adam,0.00020744523499161005,0.2545061707496643
3734,adam,0.00046401930740103126,0.49396970868110657
3735,adam,0.0008787908591330051,0.7628504037857056
3736,adam,0.0008635928388684988,0.7537357211112976
3737,adam,0.00045341887744143605,0.48541364073753357
3738,adam,0.00016547463019378483,0.08148793876171112
3739,adam,0.0003044473414774984,0.3451714813709259
3740,adam,0.0005818535573780537,0.5838425755500793
3741,adam,0.0005764472298324108,0.5746220946311951
3742,adam,0.00031688890885561705,0.35821014642715454
3743,adam,0.00016428033995907754,0.0989433228969574
3744,adam,0.0002688770182430744,0.3134591281414032
3745,adam,0.0004109020810574293,0.458512544631958
3746,adam,0.00036929186899214983,0.41379496455192566
3747,adam,0.00021893318626098335,0.2271745502948761
3748,adam,0.0001669822377152741,0.1285763531923294
3749,adam,0.0002513641375117004,0.3007186949253082
3750,adam,0.0003152857825625688,0.3730911910533905
3751,adam,0.00025815266417339444,0.2979355454444885
3752,adam,0.00016968704585451633,0.1160425990819931
3753,adam,0.00016591785242781043,0.11300028860569
3754,adam,0.00022762191656511277,0.26049938797950745
3755,adam,0.0002528616169001907,0.29985755681991577
3756,adam,0.000206467550015077,0.2222733348608017
3757,adam,0.0001574389316374436,0.07124482840299606
3758,adam,0.00016604590928182006,0.10523201525211334
3759,adam,0.00020364578813314438,0.2067173272371292
3760,adam,0.00020896208297926933,0.2233351320028305
3761,adam,0.00017737812595441937,0.15427710115909576
3762,adam,0.00015514780534431338,0.060543764382600784
3763,adam,0.0001662684080656618,0.10629644244909286
3764,adam,0.00018618004105519503,0.16540640592575073
3765,adam,0.00018355851352680475,0.16134057939052582
3766,adam,0.00016265179147012532,0.09559454768896103
3767,adam,0.00015197839820757508,0.02393529750406742
3768,adam,0.00016179325757548213,0.08936644345521927
3769,adam,0.00017363770166411996,0.13276870548725128
3770,adam,0.00017025441047735512,0.12260134518146515
3771,adam,0.0001573729532537982,0.06878401339054108
3772,adam,0.00015152731793932617,0.017519565299153328
3773,adam,0.00015731985331512988,0.07183249294757843
3774,adam,0.00016399880405515432,0.10238003730773926
3775,adam,0.00016188646259251982,0.09249526262283325
3776,adam,0.0001545305276522413,0.053168490529060364
3777,adam,0.00015155694563873112,0.027428781613707542
3778,adam,0.00015507017087657005,0.06292005628347397
3779,adam,0.00015871788491494954,0.08321120589971542
3780,adam,0.0001573105255374685,0.07464582473039627
3781,adam,0.00015279608487617224,0.041557829827070236
3782,adam,0.00015070164226926863,0.007276036776602268
3783,adam,0.0001527301938040182,0.04403549060225487
3784,adam,0.00015526966308243573,0.06456080824136734
3785,adam,0.0001548321160953492,0.06265605986118317
3786,adam,0.00015220700879581273,0.040909770876169205
3787,adam,0.00015057629207149148,0.013696873560547829
3788,adam,0.00015131210966501385,0.027566533535718918
3789,adam,0.00015279644867405295,0.04491491988301277
3790,adam,0.00015285605331882834,0.04689124971628189
3791,adam,0.0001514389441581443,0.032921306788921356
3792,adam,0.0001503012899775058,0.013191604055464268
3793,adam,0.00015053174865897745,0.018737254664301872
3794,adam,0.00015142856864258647,0.03313682973384857
3795,adam,0.00015168904792517424,0.03685034066438675
3796,adam,0.00015096644347067922,0.028192918747663498
3797,adam,0.00015008277841843665,0.012362344190478325
3798,adam,0.00014991124044172466,0.007667833473533392
3799,adam,0.000150365725858137,0.02157323993742466
3800,adam,0.00015069037908688188,0.027564993128180504
3801,adam,0.00015045222244225442,0.024429693818092346
3802,adam,0.00014992830983828753,0.014973384328186512
3803,adam,0.00014964950969442725,0.0074881273321807384
3804,adam,0.0001497899938840419,0.015311729162931442
3805,adam,0.00015002884902060032,0.02176135964691639
3806,adam,0.0001499943173257634,0.021843060851097107
3807,adam,0.00014968743198551238,0.0157576035708189
3808,adam,0.00014940134133212268,0.005645721219480038
3809,adam,0.0001493492309236899,0.005001668818295002
3810,adam,0.00014946893497835845,0.01305887009948492
3811,adam,0.00014953520440030843,0.016430452466011047
3812,adam,0.00014942485722713172,0.014885769225656986
3813,adam,0.00014922540867701173,0.0096150953322649
3814,adam,0.0001491005386924371,0.004521740600466728
3815,adam,0.00014910277968738228,0.007439573761075735
3816,adam,0.00014914815255906433,0.011160610243678093
3817,adam,0.00014912427286617458,0.012021022848784924
3818,adam,0.00014901072427164763,0.009414393454790115
3819,adam,0.0001488793350290507,0.004723967052996159
3820,adam,0.0001488102279836312,0.0018980026943609118
3821,adam,0.00014880418893881142,0.005943990312516689
3822,adam,0.00014880429080221802,0.008634326048195362
3823,adam,0.00014876123168505728,0.008566251024603844
3824,adam,0.00014867514255456626,0.006445665378123522
3825,adam,0.00014858909707982093,0.003050917526707053
3826,adam,0.0001485399843659252,0.002860844135284424
3827,adam,0.00014851964078843594,0.005648674909025431
3828,adam,0.0001484975655330345,0.007169457618147135
3829,adam,0.00014844993711449206,0.007100250571966171
3830,adam,0.00014838190691079944,0.005430121906101704
3831,adam,0.0001483152445871383,0.003134269267320633
3832,adam,0.00014826761616859585,0.002423063851892948
3833,adam,0.00014823459787294269,0.0037126766983419657
3834,adam,0.0001482009538449347,0.004908906761556864
3835,adam,0.00014815540635026991,0.004681664053350687
3836,adam,0.00014809786807745695,0.003603778313845396
3837,adam,0.00014804123202338815,0.0016663186252117157
3838,adam,0.00014799399650655687,0.0010016021551564336
3839,adam,0.00014795489551033825,0.0025385934859514236
3840,adam,0.0001479176862630993,0.003377848770469427
3841,adam,0.00014787436521146446,0.003581810975447297
3842,adam,0.0001478252379456535,0.0027963039465248585
3843,adam,0.0001477731711929664,0.0016703325090929866
3844,adam,0.00014772654685657471,0.0005557732074521482
3845,adam,0.0001476843754062429,0.0013765301555395126
3846,adam,0.00014764341176487505,0.0023453556932508945
3847,adam,0.00014760115300305188,0.0026046521961688995
3848,adam,0.00014755583833903074,0.002449647756293416
3849,adam,0.00014750825357623398,0.0016674618236720562
3850,adam,0.00014746215310879052,0.0008756257593631744
3851,adam,0.00014741830818820745,0.0008229695959016681
3852,adam,0.000147375903907232,0.0013639040989801288
3853,adam,0.00014733331045135856,0.001922046416439116
3854,adam,0.00014729045506101102,0.0018744512926787138
3855,adam,0.00014724474749527872,0.0017057058867067099
3856,adam,0.000147199651109986,0.0010933863231912255
3857,adam,0.00014715510769747198,0.0008238694863393903
3858,adam,0.00014711145195178688,0.0009240573854185641
3859,adam,0.00014706901856698096,0.0012704223627224565
3860,adam,0.0001470256975153461,0.001564212841913104
3861,adam,0.00014698288578074425,0.0015998926246538758
3862,adam,0.0001469393027946353,0.0015820545377209783
3863,adam,0.00014689542877022177,0.0014914898201823235
3864,adam,0.0001468520931666717,0.0015021198196336627
3865,adam,0.00014680932508781552,0.001809412962757051
3866,adam,0.00014676725550089031,0.002105546649545431
3867,adam,0.00014672704855911434,0.0026845114771276712
3868,adam,0.00014668591029476374,0.0031554587185382843
3869,adam,0.00014664694026578218,0.003941419534385204
3870,adam,0.00014660948363598436,0.004720930941402912
3871,adam,0.00014657521387562156,0.005902963224798441
3872,adam,0.00014654693950433284,0.007241131737828255
3873,adam,0.00014652710524387658,0.0090969642624259
3874,adam,0.00014652161917183548,0.011307393200695515
3875,adam,0.0001465367095079273,0.014257433824241161
3876,adam,0.00014658825239166617,0.017861204221844673
3877,adam,0.00014669775555375963,0.022623561322689056
3878,adam,0.00014690372336190194,0.02860279195010662
3879,adam,0.00014727011148352176,0.036484185606241226
3880,adam,0.00014790412387810647,0.04655331373214722
3881,adam,0.00014899206871632487,0.059825848788022995
3882,adam,0.0001508435234427452,0.0770268440246582
3883,adam,0.00015402218559756875,0.0997665673494339
3884,adam,0.00015945621998980641,0.1295517235994339
3885,adam,0.00016886940284166485,0.1690262258052826
3886,adam,0.00018505158368498087,0.22107787430286407
3887,adam,0.0002134067181032151,0.29016223549842834
3888,adam,0.0002622321480885148,0.3815373480319977
3889,adam,0.00034844933543354273,0.5024323463439941
3890,adam,0.0004946300177834928,0.661045491695404
3891,adam,0.0007496614707633853,0.8664458394050598
3892,adam,0.0011539602419361472,1.1247262954711914
3893,adam,0.0018045671749860048,1.4328911304473877
3894,adam,0.0026175205130130053,1.7615607976913452
3895,adam,0.0035450803115963936,2.0434248447418213
3896,adam,0.003812947543337941,2.1410887241363525
3897,adam,0.0031986371614038944,1.9286978244781494
3898,adam,0.001561080920509994,1.321852684020996
3899,adam,0.0003150627017021179,0.4436732232570648
3900,adam,0.00036527295014820993,0.4881281554698944
3901,adam,0.0012609983095899224,1.1484479904174805
3902,adam,0.0017360623460263014,1.3702150583267212
3903,adam,0.001113435602746904,1.0779953002929688
3904,adam,0.0003029160725418478,0.4171946048736572
3905,adam,0.0002949759946204722,0.37678807973861694
3906,adam,0.000849620089866221,0.889725387096405
3907,adam,0.0009815074736252427,0.9758809208869934
3908,adam,0.00047726897173561156,0.6161414384841919
3909,adam,0.00016746428445912898,0.09572256356477737
3910,adam,0.0004282981972210109,0.5421175956726074
3911,adam,0.0006831594510003924,0.7698517441749573
3912,adam,0.00048257873277179897,0.609126091003418
3913,adam,0.00017910018505062908,0.17330119013786316
3914,adam,0.00024299646611325443,0.30986109375953674
3915,adam,0.0004672271606978029,0.5867003202438354
3916,adam,0.00042244017822667956,0.5454411506652832
3917,adam,0.0002048566093435511,0.2353477030992508
3918,adam,0.00017683142505120486,0.1622879058122635
3919,adam,0.0003249901346862316,0.43726956844329834
3920,adam,0.0003504703345242888,0.46579402685165405
3921,adam,0.00021470982756000012,0.25435614585876465
3922,adam,0.0001587734295753762,0.07832583785057068
3923,adam,0.0002442712429910898,0.3226241171360016
3924,adam,0.00028583689709194005,0.3866693377494812
3925,adam,0.00020998936088290066,0.2495536357164383
3926,adam,0.00015421834541484714,0.035748474299907684
3927,adam,0.00019850560056511313,0.23222452402114868
3928,adam,0.00023993014474399388,0.31788256764411926
3929,adam,0.00019957195036113262,0.23303155601024628
3930,adam,0.00015334236377384514,0.03938872367143631
3931,adam,0.00017328927060589194,0.15975479781627655
3932,adam,0.00020724728528875858,0.25527241826057434
3933,adam,0.00019025940855499357,0.21305890381336212
3934,adam,0.00015510088996961713,0.06744683533906937
3935,adam,0.00015951329260133207,0.09812358766794205
3936,adam,0.00018440926214680076,0.1961463987827301
3937,adam,0.00018062016170006245,0.1863633394241333
3938,adam,0.00015686452388763428,0.08550088107585907
3939,adam,0.00015332727343775332,0.05264093726873398
3940,adam,0.00016918564506340772,0.14439406991004944
3941,adam,0.00017201410082634538,0.15742899477481842
3942,adam,0.00015727817662991583,0.09181086719036102
3943,adam,0.0001504805259173736,0.02015542984008789
3944,adam,0.00015940616140142083,0.1015453115105629
3945,adam,0.000164942437550053,0.12970508635044098
3946,adam,0.00015722381067462265,0.09276383370161057
3947,adam,0.00014964469301048666,0.014814258553087711
3948,adam,0.00015303879627026618,0.06316644698381424
3949,adam,0.00015888347115833312,0.10255307704210281
3950,adam,0.00015649963461328298,0.08922877907752991
3951,adam,0.00015027514018584043,0.03572214022278786
3952,adam,0.00014978760736994445,0.03055013157427311
3953,adam,0.000153922796016559,0.07486893981695175
3954,adam,0.00015473380335606635,0.08096497505903244
3955,adam,0.00015099516895134002,0.04909660294651985
3956,adam,0.00014874315820634365,0.00807800330221653
3957,adam,0.00015059509314596653,0.0486237071454525
3958,adam,0.00015246162365656346,0.06726504117250443
3959,adam,0.00015106126375030726,0.05461825802922249
3960,adam,0.00014870094310026616,0.01861555129289627
3961,adam,0.00014873218606226146,0.022931136190891266
3962,adam,0.00015032076044008136,0.049669910222291946
3963,adam,0.00015050095680635422,0.052240580320358276
3964,adam,0.0001489792630309239,0.032269854098558426
3965,adam,0.00014802963414695114,0.0009120192262344062
3966,adam,0.00014867601566947997,0.028608152642846107
3967,adam,0.00014945086149964482,0.04251484572887421
3968,adam,0.00014900196401868016,0.03684864565730095
3969,adam,0.0001480155624449253,0.016498098149895668
3970,adam,0.00014782451034989208,0.009775692597031593
3971,adam,0.00014837477647233754,0.027971137315034866
3972,adam,0.00014857837231829762,0.03325539454817772
3973,adam,0.00014806030958425254,0.024020086973905563
3974,adam,0.00014754757285118103,0.006557117216289043
3975,adam,0.00014762370847165585,0.013244878500699997
3976,adam,0.0001479436323279515,0.0243336483836174
3977,adam,0.00014789393753744662,0.02475261688232422
3978,adam,0.0001474932359997183,0.014876384288072586
3979,adam,0.00014724594075232744,0.0011232650140300393
3980,adam,0.00014735532749909908,0.013307210057973862
3981,adam,0.0001475051394663751,0.01992092654109001
3982,adam,0.00014739023754373193,0.018180735409259796
3983,adam,0.0001471230643801391,0.009255396202206612
3984,adam,0.00014699790335725993,0.002511141821742058
3985,adam,0.00014706762158311903,0.011957190930843353
3986,adam,0.00014711909170728177,0.015829293057322502
3987,adam,0.0001470085117034614,0.013448473997414112
3988,adam,0.00014683412155136466,0.0060683200135827065
3989,adam,0.0001467592956032604,0.003333723871037364
3990,adam,0.00014678748266305774,0.010106655769050121
3991,adam,0.00014679030573461205,0.01252118218690157
3992,adam,0.00014669688243884593,0.010304921306669712
3993,adam,0.00014657671272289008,0.004356131423264742
3994,adam,0.00014651741366833448,0.0026739216409623623
3995,adam,0.00014651780657004565,0.00798109732568264
3996,adam,0.00014650153752882034,0.009853207506239414
3997,adam,0.00014642844325862825,0.008248423226177692
3998,adam,0.00014633672253694385,0.0037649907171726227
3999,adam,0.0001462810905650258,0.0016238543903455138
4000,adam,0.00014626212941948324,0.005833467468619347
4001,adam,0.00014623651804868132,0.007506159599870443
4002,adam,0.00014617743727285415,0.006592052523046732
4003,adam,0.00014610515790991485,0.0033884027507156134
4004,adam,0.00014605114120058715,0.0009976767469197512
4005,adam,0.0001460203347960487,0.004140145145356655
4006,adam,0.00014598813140764832,0.005620924755930901
4007,adam,0.00014593827654607594,0.005226864945143461
4008,adam,0.00014587670739274472,0.0029734917916357517
4009,adam,0.0001458243204979226,0.0005612588720396161
4010,adam,0.00014578636910300702,0.002792415674775839
4011,adam,0.0001457508042221889,0.004200460389256477
4012,adam,0.00014570658095180988,0.004318618681281805
4013,adam,0.0001456537574995309,0.002879967214539647
4014,adam,0.00014560212730430067,0.0009641422075219452
4015,adam,0.0001455591118428856,0.001640261965803802
4016,adam,0.00014552092761732638,0.0030304184183478355
4017,adam,0.0001454792363801971,0.0035522885154932737
4018,adam,0.00014543120050802827,0.0027688948903232813
4019,adam,0.00014538234972860664,0.0014180311700329185
4020,adam,0.00014533694775309414,0.0008136733667925
4021,adam,0.00014529674081131816,0.002075743395835161
4022,adam,0.00014525609731208533,0.002882074099034071
4023,adam,0.00014521178673021495,0.0026326384395360947
4024,adam,0.00014516495866701007,0.0018048688070848584
4025,adam,0.00014511868357658386,0.0005939484108239412
4026,adam,0.00014507610467262566,0.0010917938780039549
4027,adam,0.0001450349809601903,0.00202207756228745
4028,adam,0.00014499222743324935,0.0021946439519524574
4029,adam,0.00014494785864371806,0.0019123377278447151
4030,adam,0.00014490316971205175,0.0010620441753417253
4031,adam,0.00014485900464933366,0.0005317082977853715
4032,adam,0.0001448169641662389,0.0011580416467040777
4033,adam,0.00014477490913122892,0.001507762004621327
4034,adam,0.00014473209739662707,0.0016216953517869115
4035,adam,0.0001446880924049765,0.0011669195955619216
4036,adam,0.00014464440755546093,0.0007292733062058687
4037,adam,0.00014460185775533319,0.0005850487505085766
4038,adam,0.0001445597445126623,0.0009085633209906518
4039,adam,0.00014451764582190663,0.00123986869584769
4040,adam,0.00014447480498347431,0.0011025958228856325
4041,adam,0.00014443183317780495,0.000932892260607332
4042,adam,0.0001443889195797965,0.0005612340173684061
4043,adam,0.00014434693730436265,0.0006330852629616857
4044,adam,0.0001443046348867938,0.0009009609348140657
4045,adam,0.00014426253619603813,0.001003436860628426
4046,adam,0.00014421995729207993,0.0010164229897782207
4047,adam,0.00014417822239920497,0.000758857699111104
4048,adam,0.0001441350468667224,0.0005852387985214591
4049,adam,0.00014409319555852562,0.0005470495671033859
4050,adam,0.00014405124238692224,0.0007188037852756679
4051,adam,0.00014400960935745388,0.0009342614212073386
4052,adam,0.00014396748156286776,0.0009146970696747303
4053,adam,0.00014392560115084052,0.0008248302037827671
4054,adam,0.00014388402632903308,0.0006429481436498463
4055,adam,0.0001438419712940231,0.0005346429534256458
4056,adam,0.00014380010543391109,0.0006210437859408557
4057,adam,0.00014375863247551024,0.0006423791637644172
4058,adam,0.00014371713041327894,0.0007725525065325201
4059,adam,0.00014367522089742124,0.0006463380414061248
4060,adam,0.00014363347145263106,0.0006205393583513796
4061,adam,0.00014359231863636523,0.0005084501462988555
4062,adam,0.00014355046732816845,0.0005193129181861877
4063,adam,0.0001435090380255133,0.0005558694829232991
4064,adam,0.00014346792886499316,0.0005691580008715391
4065,adam,0.00014342674694489688,0.0006271504680626094
4066,adam,0.00014338523033075035,0.0005980707937851548
4067,adam,0.00014334428124129772,0.0005955708329565823
4068,adam,0.00014330273552332073,0.0005221396568231285
4069,adam,0.00014326108794193715,0.0004975479678250849
4070,adam,0.00014322050265036523,0.0005405410192906857
4071,adam,0.0001431791897630319,0.0005237833829596639
4072,adam,0.00014313816791400313,0.0005587076302617788
4073,adam,0.0001430971169611439,0.0005044961581006646
4074,adam,0.00014305644435808063,0.0005098212277516723
4075,adam,0.00014301558258011937,0.0005110769998282194
4076,adam,0.00014297403686214238,0.0005292106652632356
4077,adam,0.00014293361164163798,0.0005682762712240219
4078,adam,0.00014289270620793104,0.0005522856954485178
4079,adam,0.00014285177167039365,0.0005540424608625472
4080,adam,0.0001428107643732801,0.0005377832567319274
4081,adam,0.00014277026639319956,0.0005210312083363533
4082,adam,0.00014272968110162765,0.0005499434191733599
4083,adam,0.00014268913946580142,0.0005240608588792384
4084,adam,0.00014264817582443357,0.0005846158601343632
4085,adam,0.0001426082308171317,0.0005551027716137469
4086,adam,0.00014256764552555978,0.0006353231146931648
4087,adam,0.00014252714754547924,0.0005992313381284475
4088,adam,0.00014248678053263575,0.0006972082192078233
4089,adam,0.0001424461806891486,0.0006719639641232789
4090,adam,0.0001424057554686442,0.0007664304575882852
4091,adam,0.00014236544666346163,0.0007420039619319141
4092,adam,0.00014232563262339681,0.0008287581149488688
4093,adam,0.00014228542568162084,0.0008216258720494807
4094,adam,0.00014224494225345552,0.0009330350439995527
4095,adam,0.00014220509910956025,0.0009292315226048231
4096,adam,0.00014216515410225838,0.0010781539604067802
4097,adam,0.00014212490350473672,0.0011170761426910758
4098,adam,0.00014208572974894196,0.0013230914482846856
4099,adam,0.00014204587205313146,0.001384606584906578
4100,adam,0.00014200630539562553,0.001641240087337792
4101,adam,0.00014196697156876326,0.0017923245904967189
4102,adam,0.00014192861272022128,0.002162475837394595
4103,adam,0.0001418903557350859,0.002439243718981743
4104,adam,0.00014185227337293327,0.002919994294643402
4105,adam,0.00014181618462316692,0.003349842969328165
4106,adam,0.00014178142009768635,0.004071082919836044
4107,adam,0.0001417501480318606,0.0047904495149850845
4108,adam,0.0001417213788954541,0.005851034540683031
4109,adam,0.00014169960923027247,0.007013377267867327
4110,adam,0.00014168651250656694,0.008630145341157913
4111,adam,0.00014168758934829384,0.010481060482561588
4112,adam,0.00014171113434713334,0.012981845997273922
4113,adam,0.00014176988042891026,0.01597786694765091
4114,adam,0.00014188457862474024,0.019921623170375824
4115,adam,0.0001420870394213125,0.02473517879843712
4116,adam,0.00014243218174669892,0.031019503250718117
4117,adam,0.0001430076954420656,0.038883108645677567
4118,adam,0.00014396246115211397,0.04913283511996269
4119,adam,0.00014553446089848876,0.06215152516961098
4120,adam,0.00014813723100814968,0.07908856868743896
4121,adam,0.00015243067173287272,0.1008152961730957
4122,adam,0.00015959054871927947,0.12909947335720062
4123,adam,0.00017146411119028926,0.16567052900791168
4124,adam,0.00019145393162034452,0.2133074849843979
4125,adam,0.00022465239453595132,0.27511629462242126
4126,adam,0.00028084396035410464,0.3553009331226349
4127,adam,0.00037304600118659437,0.4587455093860626
4128,adam,0.0005271803238429129,0.5902860164642334
4129,adam,0.0007669097976759076,0.7544240951538086
4130,adam,0.0011412054300308228,0.9494466781616211
4131,adam,0.0016288186889141798,1.1655851602554321
4132,adam,0.002218551468104124,1.368263602256775
4133,adam,0.0025876550935208797,1.5012526512145996
4134,adam,0.0025490836706012487,1.4809801578521729
4135,adam,0.0017947085434570909,1.2530933618545532
4136,adam,0.0008228078950196505,0.8195840120315552
4137,adam,0.00023639228311367333,0.3345361053943634
4138,adam,0.0003562452329788357,0.4101669192314148
4139,adam,0.0008662136970087886,0.7738584280014038
4140,adam,0.0011665328638628125,0.9377048015594482
4141,adam,0.000957658514380455,0.847605288028717
4142,adam,0.0004513738094829023,0.550600528717041
4143,adam,0.00019568944117054343,0.24997259676456451
4144,adam,0.00037276497459970415,0.4284919500350952
4145,adam,0.0006656046025454998,0.644084095954895
4146,adam,0.000692168076056987,0.6685133576393127
4147,adam,0.00041820117621682584,0.4801846742630005
4148,adam,0.0001759372971719131,0.1727219969034195
4149,adam,0.000217324064578861,0.2421540468931198
4150,adam,0.0004222587449476123,0.4658227860927582
4151,adam,0.0004937563790008426,0.5280482172966003
4152,adam,0.0003454925026744604,0.40059688687324524
4153,adam,0.00017403381934855133,0.14690065383911133
4154,adam,0.00016693421639502048,0.13062907755374908
4155,adam,0.00028513302095234394,0.33615925908088684
4156,adam,0.0003503330226521939,0.4068191647529602
4157,adam,0.0002794017782434821,0.3255806267261505
4158,adam,0.0001729499053908512,0.15381669998168945
4159,adam,0.00015560157771687955,0.10767518728971481
4160,adam,0.00021770133753307164,0.251431941986084
4161,adam,0.0002577956474851817,0.3068711757659912
4162,adam,0.000223012815695256,0.25111645460128784
4163,adam,0.00016311426588799804,0.12675368785858154
4164,adam,0.000150316467625089,0.09322723746299744
4165,adam,0.00018610821280162781,0.19998733699321747
4166,adam,0.00021091412054374814,0.24263617396354675
4167,adam,0.00019038743630517274,0.20140419900417328
4168,adam,0.00015397834067698568,0.09659554064273834
4169,adam,0.00014450057642534375,0.04679238051176071
4170,adam,0.00016524195962119848,0.14550445973873138
4171,adam,0.00018342642579227686,0.19225862622261047
4172,adam,0.00017478853987995535,0.17184007167816162
4173,adam,0.00015207976684905589,0.09662391990423203
4174,adam,0.00014248922525439411,0.01887526549398899
4175,adam,0.00015233007434289902,0.09152697771787643
4176,adam,0.00016437526210211217,0.13917803764343262
4177,adam,0.00016282089927699417,0.1365976780653
4178,adam,0.00015080234152264893,0.09165456146001816
4179,adam,0.0001429627591278404,0.03807520866394043
4180,adam,0.0001465253735659644,0.06127656251192093
4181,adam,0.00015390512999147177,0.09919226169586182
4182,adam,0.00015465053729712963,0.1031336784362793
4183,adam,0.0001483020605519414,0.07525445520877838
4184,adam,0.0001425366208422929,0.03160449489951134
4185,adam,0.00014305651711765677,0.03610217571258545
4186,adam,0.0001476529723731801,0.07036849856376648
4187,adam,0.0001498894562246278,0.08144272863864899
4188,adam,0.00014711376570630819,0.06792853027582169
4189,adam,0.00014278832531999797,0.03422531858086586
4190,adam,0.0001413707941537723,0.007811506278812885
4191,adam,0.00014335298328660429,0.04131533205509186
4192,adam,0.00014565070159733295,0.05954785272479057
4193,adam,0.00014545868907589465,0.05876082181930542
4194,adam,0.00014316341548692435,0.040346723049879074
4195,adam,0.00014137235120870173,0.017319664359092712
4196,adam,0.0001416026207152754,0.02383512072265148
4197,adam,0.0001429258263669908,0.0414014607667923
4198,adam,0.0001435293088434264,0.046914003789424896
4199,adam,0.00014270321116782725,0.03830408677458763
4200,adam,0.00014137456309981644,0.02087603509426117
4201,adam,0.00014086654118727893,0.009454195387661457
4202,adam,0.00014140913845039904,0.025110965594649315
4203,adam,0.00014211384404916316,0.035743433982133865
4204,adam,0.0001421246415702626,0.036096666008234024
4205,adam,0.00014143539010547101,0.027151523157954216
4206,adam,0.0001407254603691399,0.01159596350044012
4207,adam,0.00014058909437153488,0.0062233759090304375
4208,adam,0.00014094548532739282,0.01920895464718342
4209,adam,0.000141252763569355,0.026162248104810715
4210,adam,0.00014115034718997777,0.025505419820547104
4211,adam,0.00014074468344915658,0.01838102377951145
4212,adam,0.0001404077629558742,0.00916299782693386
4213,adam,0.0001403818605467677,0.008824361488223076
4214,adam,0.00014056367217563093,0.015679476782679558
4215,adam,0.00014066796575207263,0.019086550921201706
4216,adam,0.00014054794155526906,0.017310725525021553
4217,adam,0.00014029748854227364,0.01163583341985941
4218,adam,0.00014010746963322163,0.0033588968217372894
4219,adam,0.00014008964353706688,0.005333325359970331
4220,adam,0.0001401786576025188,0.011462212540209293
4221,adam,0.00014022606774233282,0.014143368229269981
4222,adam,0.000140152798849158,0.01327233575284481
4223,adam,0.00014000339433550835,0.009189600124955177
4224,adam,0.0001398780441377312,0.004595763981342316
4225,adam,0.00013983807002659887,0.004839079920202494
4226,adam,0.00013985848636366427,0.008506865240633488
4227,adam,0.00013986420526634902,0.010418635793030262
4228,adam,0.00013981398660689592,0.009729735553264618
4229,adam,0.00013972085434943438,0.007120736874639988
4230,adam,0.00013963379024062306,0.003022522432729602
4231,adam,0.00013958747149445117,0.002322140382602811
4232,adam,0.00013957776536699384,0.005653217900544405
4233,adam,0.0001395708241034299,0.007731098681688309
4234,adam,0.00013953799498267472,0.008148428052663803
4235,adam,0.00013947758998256177,0.006781901232898235
4236,adam,0.00013940960343461484,0.004583525471389294
4237,adam,0.00013935580500401556,0.0025357240810990334
4238,adam,0.00013932351430412382,0.003033609362319112
4239,adam,0.00013930074055679142,0.004670734051615
4240,adam,0.00013927162217441946,0.005284574814140797
4241,adam,0.00013922770449426025,0.005022396333515644
4242,adam,0.000139174735522829,0.0034928745590150356
4243,adam,0.00013912397844251245,0.0016861801268532872
4244,adam,0.00013908340770285577,0.0008480226388201118
4245,adam,0.0001390519319102168,0.0024262540973722935
4246,adam,0.00013902215869165957,0.003643597709015012
4247,adam,0.00013898705947212875,0.003823941107839346
4248,adam,0.00013894504809286445,0.003496852470561862
4249,adam,0.0001388990058330819,0.0023250868543982506
4250,adam,0.0001388559612678364,0.0012650747084990144
4251,adam,0.0001388181117363274,0.0012323639821261168
4252,adam,0.00013878387107979506,0.0021792061161249876
4253,adam,0.0001387501833960414,0.00297201587818563
4254,adam,0.00013871346891392022,0.003124027047306299
4255,adam,0.00013867454254068434,0.0029465993866324425
4256,adam,0.0001386330695822835,0.0023671023081988096
4257,adam,0.00013859281898476183,0.0018087299540638924
4258,adam,0.00013855454744771123,0.0016951700672507286
4259,adam,0.00013851927360519767,0.0019113344606012106
4260,adam,0.0001384834322379902,0.002396742580458522
4261,adam,0.00013844724162481725,0.0024390057660639286
4262,adam,0.0001384088973281905,0.002512372564524412
4263,adam,0.00013837018923368305,0.002296460559591651
4264,adam,0.00013833203411195427,0.0023997691459953785
4265,adam,0.0001382952177664265,0.0025392554234713316
4266,adam,0.00013825934729538858,0.002963074715808034
4267,adam,0.00013822477194480598,0.0033655529841780663
4268,adam,0.00013818976003676653,0.0038112488109618425
4269,adam,0.00013815503916703165,0.004146086052060127
4270,adam,0.00013812014367431402,0.004549021366983652
4271,adam,0.00013808625226374716,0.004935161210596561
4272,adam,0.00013805428170599043,0.0055495877750217915
4273,adam,0.00013802478497382253,0.0062033068388700485
4274,adam,0.00013799867883790284,0.00720257731154561
4275,adam,0.00013797621068079025,0.008290874771773815
4276,adam,0.00013796055282000452,0.00978654995560646
4277,adam,0.0001379529421683401,0.011443309485912323
4278,adam,0.0001379583409288898,0.013617601245641708
4279,adam,0.00013798345753457397,0.016131889075040817
4280,adam,0.00013803725596517324,0.01937633566558361
4281,adam,0.0001381354231853038,0.02326069585978985
4282,adam,0.0001383013732265681,0.028193680569529533
4283,adam,0.00013856847363058478,0.034162018448114395
4284,adam,0.00013899311306886375,0.04172332212328911
4285,adam,0.00013966247206553817,0.051063213497400284
4286,adam,0.00014072212798055261,0.06296214461326599
4287,adam,0.00014239050506148487,0.07785484939813614
4288,adam,0.00014504598220810294,0.09687250107526779
4289,adam,0.00014925474533811212,0.12091639637947083
4290,adam,0.00015602690109517425,0.15169183909893036
4291,adam,0.00016683099966030568,0.19084641337394714
4292,adam,0.0001844430953497067,0.2411009818315506
4293,adam,0.0002126602194039151,0.30529940128326416
4294,adam,0.0002591018856037408,0.38756871223449707
4295,adam,0.0003329093742650002,0.4922117590904236
4296,adam,0.0004540888185147196,0.6246314644813538
4297,adam,0.0006392181385308504,0.7889358401298523
4298,adam,0.0009312728652730584,0.9875897765159607
4299,adam,0.00132455094717443,1.2140045166015625
4300,adam,0.001856162678450346,1.4498897790908813
4301,adam,0.0023218460846692324,1.6462479829788208
4302,adam,0.002620645798742771,1.7377146482467651
4303,adam,0.002282300963997841,1.627580165863037
4304,adam,0.0014837199123576283,1.2778252363204956
4305,adam,0.0005507682217285037,0.7108436226844788
4306,adam,0.00015322008403018117,0.09780798107385635
4307,adam,0.0004287151386961341,0.5743781924247742
4308,adam,0.0009310084278695285,0.9686692357063293
4309,adam,0.0011030668392777443,1.0673660039901733
4310,adam,0.0007381816394627094,0.8491882085800171
4311,adam,0.0002769854327198118,0.40191882848739624
4312,adam,0.00017859754734672606,0.17847511172294617
4313,adam,0.0004398199380375445,0.5759931802749634
4314,adam,0.000648851040750742,0.7615029215812683
4315,adam,0.0005195423145778477,0.6653529405593872
4316,adam,0.00024444516748189926,0.3493746817111969
4317,adam,0.0001551755121909082,0.10456022620201111
4318,adam,0.0003037669521290809,0.4184906482696533
4319,adam,0.00043763298890553415,0.5737659931182861
4320,adam,0.00036537935375235975,0.503964364528656
4321,adam,0.00019818452710751444,0.256862610578537
4322,adam,0.00014676156570203602,0.06951562315225601
4323,adam,0.00024009740445762873,0.32760491967201233
4324,adam,0.00031769758788868785,0.4396909475326538
4325,adam,0.0002684498031158,0.37306836247444153
4326,adam,0.00016904171206988394,0.17257575690746307
4327,adam,0.00014633456885349005,0.07547243684530258
4328,adam,0.00020571710774675012,0.2684185802936554
4329,adam,0.0002464096178300679,0.34037816524505615
4330,adam,0.0002110921632265672,0.2760010361671448
4331,adam,0.0001539876830065623,0.11482434719800949
4332,adam,0.00014696636935696006,0.08525516092777252
4333,adam,0.00018355036445427686,0.22238397598266602
4334,adam,0.0002023729612119496,0.26465317606925964
4335,adam,0.00017710047541186213,0.2015884816646576
4336,adam,0.00014542833378072828,0.07022766768932343
4337,adam,0.0001463355729356408,0.08512044697999954
4338,adam,0.00016917857283260673,0.184622123837471
4339,adam,0.00017716246657073498,0.20732343196868896
4340,adam,0.00015970037202350795,0.15011434257030487
4341,adam,0.00014172177179716527,0.04310988262295723
4342,adam,0.00014417794591281563,0.07094398885965347
4343,adam,0.00015814923972357064,0.14685165882110596
4344,adam,0.00016199512174353004,0.1617187261581421
4345,adam,0.00015105739294085652,0.11597441136837006
4346,adam,0.00014051637845113873,0.0336545966565609
4347,adam,0.00014209153596311808,0.05415557324886322
4348,adam,0.0001502428640378639,0.11210644990205765
4349,adam,0.00015255775360856205,0.12433569878339767
4350,adam,0.00014633478713221848,0.09171892702579498
4351,adam,0.00014001442468725145,0.032429978251457214
4352,adam,0.00014049441961105913,0.03815016523003578
4353,adam,0.00014514257782138884,0.08239972591400146
4354,adam,0.00014689270756207407,0.09502798318862915
4355,adam,0.00014357740292325616,0.07386302202939987
4356,adam,0.00013957648479845375,0.03057631477713585
4357,adam,0.00013927290274295956,0.022588470950722694
4358,adam,0.00014190911315381527,0.058676838874816895
4359,adam,0.0001434746227459982,0.07298247516155243
4360,adam,0.00014198353164829314,0.06136513501405716
4361,adam,0.00013937594485469162,0.03090306743979454
4362,adam,0.00013850885443389416,0.006975345313549042
4363,adam,0.00013975818001199514,0.0383337065577507
4364,adam,0.00014107674360275269,0.054737772792577744
4365,adam,0.00014075342915020883,0.05156509205698967
4366,adam,0.00013925319944974035,0.03279254212975502
4367,adam,0.00013824988855049014,0.006479682866483927
4368,adam,0.00013855413999408484,0.02176623046398163
4369,adam,0.00013941094221081585,0.03880739584565163
4370,adam,0.00013963240780867636,0.04209461063146591
4371,adam,0.0001389646640745923,0.032533008605241776
4372,adam,0.00013816166028846055,0.014084958471357822
4373,adam,0.00013798500003758818,0.008800332434475422
4374,adam,0.00013838963059242815,0.024749623611569405
4375,adam,0.00013873404532205313,0.03247642517089844
4376,adam,0.00013857193698640913,0.03024672530591488
4377,adam,0.00013807113282382488,0.01930071786046028
4378,adam,0.00013772040256299078,0.0042608194053173065
4379,adam,0.0001377642183797434,0.011098893359303474
4380,adam,0.0001380082539981231,0.021459659561514854
4381,adam,0.00013809918891638517,0.024920759722590446
4382,adam,0.00013790825323667377,0.021015089005231857
4383,adam,0.00013761229638475925,0.011993284337222576
4384,adam,0.00013745717296842486,0.0019452617270871997
4385,adam,0.00013750340440310538,0.009994549676775932
4386,adam,0.0001376099098706618,0.01654680073261261
4387,adam,0.00013760957517661154,0.017933109775185585
4388,adam,0.0001374715066049248,0.014634421095252037
4389,adam,0.00013730280625168234,0.007805022411048412
4390,adam,0.00013721879804506898,0.002143698278814554
4391,adam,0.00013723464508075267,0.008063494227826595
4392,adam,0.00013727163604926318,0.01222638227045536
4393,adam,0.00013724780001211911,0.013092447072267532
4394,adam,0.00013715287786908448,0.010389050468802452
4395,adam,0.00013704375305678695,0.0055578891187906265
4396,adam,0.00013697920076083392,0.0008949046605266631
4397,adam,0.00013696875248569995,0.005557585507631302
4398,adam,0.00013697384565602988,0.008924296125769615
4399,adam,0.0001369484089082107,0.009624466300010681
4400,adam,0.00013688424951396883,0.008103099651634693
4401,adam,0.00013680745905730873,0.0046283346600830555
4402,adam,0.00013674925139639527,0.0012314229970797896
4403,adam,0.00013672083150595427,0.0036761972587555647
4404,adam,0.00013670507178176194,0.006209535524249077
4405,adam,0.00013667902385350317,0.007253503892570734
4406,adam,0.00013663306890521199,0.006444871425628662
4407,adam,0.00013657550152856857,0.00445211585611105
4408,adam,0.00013652337656822056,0.0015953435795381665
4409,adam,0.00013648552703671157,0.0016448189271613955
4410,adam,0.0001364583586109802,0.0038828011602163315
4411,adam,0.0001364297204418108,0.005083173047751188
4412,adam,0.00013639310782309622,0.005205234512686729
4413,adam,0.0001363479095743969,0.0041176010854542255
4414,adam,0.0001363008632324636,0.002426441526040435
4415,adam,0.0001362594193778932,0.000624458771198988
4416,adam,0.00013622475671581924,0.0017128826584666967
4417,adam,0.00013619317905977368,0.0031354192178696394
4418,adam,0.00013616008800454438,0.0036802494432777166
4419,adam,0.000136121321702376,0.003569500520825386
4420,adam,0.00013608003791887313,0.0026683397591114044
4421,adam,0.00013603910338133574,0.001538432901725173
4422,adam,0.00013600062811747193,0.0006975735304877162
4423,adam,0.00013596564531326294,0.0013530341675505042
4424,adam,0.00013593152107205242,0.002260747365653515
4425,adam,0.0001358966837869957,0.002533234655857086
4426,adam,0.0001358591835014522,0.002505491953343153
4427,adam,0.00013582097017206252,0.0018674881430342793
4428,adam,0.0001357818691758439,0.0011657786089926958
4429,adam,0.0001357444270979613,0.00047169640311039984
4430,adam,0.0001357086148345843,0.000870579737238586
4431,adam,0.00013567412679549307,0.0015132601838558912
4432,adam,0.00013563831453211606,0.0017422324744984508
4433,adam,0.00013560225488618016,0.0018783708801493049
4434,adam,0.00013556501653511077,0.0015527289360761642
4435,adam,0.00013552770542446524,0.001236978336237371
4436,adam,0.00013549107825383544,0.0007424295763485134
4437,adam,0.0001354541745968163,0.000881490355823189
4438,adam,0.00013541952648665756,0.0012851838255301118
4439,adam,0.0001353840925730765,0.0016166644636541605
4440,adam,0.00013534838217310607,0.0017847685376182199
4441,adam,0.00013531236618291587,0.001673353835940361
4442,adam,0.0001352757535642013,0.001442415057681501
4443,adam,0.00013523951929528266,0.0010812424588948488
4444,adam,0.0001352030085399747,0.0007533454336225986
4445,adam,0.000135167152620852,0.0007917004404589534
4446,adam,0.00013513120939023793,0.0008762068464420736
4447,adam,0.0001350959064438939,0.0011499169049784541
4448,adam,0.00013506087998393923,0.0011273483978584409
4449,adam,0.00013502479123417288,0.0011710048420354724
4450,adam,0.00013498916814569384,0.0009280528756789863
4451,adam,0.00013495299208443612,0.0007867257227189839
4452,adam,0.00013491688878275454,0.0005084238946437836
4453,adam,0.00013488125114236027,0.0004895573947578669
4454,adam,0.00013484594819601625,0.0006088895024731755
4455,adam,0.00013481045607477427,0.0006688489811494946
4456,adam,0.00013477521133609116,0.000799403409473598
4457,adam,0.0001347395300399512,0.0007320758304558694
4458,adam,0.0001347043871646747,0.0007861598860472441
4459,adam,0.0001346688368357718,0.000648497836664319
4460,adam,0.00013463343202602118,0.0006829265621490777
4461,adam,0.00013459795445669442,0.0006038035498932004
4462,adam,0.00013456288434099406,0.0007348994258791208
4463,adam,0.0001345277123618871,0.0007984217954799533
4464,adam,0.00013449248217511922,0.000962264952249825
4465,adam,0.0001344577467534691,0.0010328075150027871
4466,adam,0.00013442285126075149,0.0012025681789964437
4467,adam,0.00013438846508506685,0.0012832274660468102
4468,adam,0.0001343533513136208,0.0014777651522308588
4469,adam,0.0001343193871434778,0.0016035441076382995
4470,adam,0.00013428498641587794,0.0019030860858038068
4471,adam,0.00013425144425127655,0.0021085895132273436
4472,adam,0.00013421816402114928,0.002521417336538434
4473,adam,0.00013418548041954637,0.0028616299387067556
4474,adam,0.0001341548195341602,0.0034613017924129963
4475,adam,0.0001341249153483659,0.0040601687505841255
4476,adam,0.0001340983435511589,0.004970046225935221
4477,adam,0.00013407634105533361,0.005918868351727724
4478,adam,0.0001340591552434489,0.007239507976919413
4479,adam,0.00013405116624198854,0.008690190501511097
4480,adam,0.00013405636127572507,0.01064935140311718
4481,adam,0.00013408478116616607,0.012974560260772705
4482,adam,0.00013414776185527444,0.016081219539046288
4483,adam,0.00013426478835754097,0.019845010712742805
4484,adam,0.0001344691263511777,0.024757202714681625
4485,adam,0.00013481116911862046,0.03081618621945381
4486,adam,0.00013537443010136485,0.038671012967824936
4487,adam,0.00013629464956466109,0.04852753505110741
4488,adam,0.0001377993612550199,0.061277832835912704
4489,adam,0.00014025364362169057,0.07748719304800034
4490,adam,0.00014429398288484663,0.09849140048027039
4491,adam,0.00015091567183844745,0.12544621527194977
4492,adam,0.00016192557814065367,0.16044089198112488
4493,adam,0.0001800846221158281,0.20567847788333893
4494,adam,0.00021054624812677503,0.2643449008464813
4495,adam,0.00026059322408400476,0.3401066064834595
4496,adam,0.00034440914168953896,0.4373239278793335
4497,adam,0.00047843274660408497,0.560911238193512
4498,adam,0.0006960390019230545,0.7139496803283691
4499,adam,0.001013134140521288,0.8972340226173401
4500,adam,0.0014677500585094094,1.0992305278778076
4501,adam,0.0019546221010386944,1.294946551322937
4502,adam,0.0023785026278346777,1.4284465312957764
4503,adam,0.0023271790705621243,1.432408094406128
4504,adam,0.001779531710781157,1.2412559986114502
4505,adam,0.0008814618340693414,0.8661589622497559
4506,adam,0.0002767132536973804,0.40805360674858093
4507,adam,0.0002911699702963233,0.35870829224586487
4508,adam,0.0007204989087767899,0.6884638071060181
4509,adam,0.0010607264703139663,0.8773425817489624
4510,adam,0.0009337069932371378,0.828826904296875
4511,adam,0.0004894777666777372,0.5634753108024597
4512,adam,0.00017922396364156157,0.22595934569835663
4513,adam,0.0002730253618210554,0.32928404211997986
4514,adam,0.0005638578440994024,0.5860987901687622
4515,adam,0.0006708783912472427,0.6555031538009644
4516,adam,0.0004747512866742909,0.5180472135543823
4517,adam,0.0002028005983447656,0.22978538274765015
4518,adam,0.00015204341616481543,0.11350417882204056
4519,adam,0.0003185519599355757,0.3841167688369751
4520,adam,0.00044662109576165676,0.49699899554252625
4521,adam,0.0003785710141528398,0.4390234053134918
4522,adam,0.00021332062897272408,0.2469753921031952
4523,adam,0.0001466645480832085,0.1071617603302002
4524,adam,0.0002226109936600551,0.2792261242866516
4525,adam,0.0003086859651375562,0.3809926211833954
4526,adam,0.00028647578437812626,0.35351645946502686
4527,adam,0.0001905482349684462,0.2089940309524536
4528,adam,0.0001417204475728795,0.07697971910238266
4529,adam,0.00017985320300795138,0.20561374723911285
4530,adam,0.0002346717519685626,0.3008238673210144
4531,adam,0.00023068531299941242,0.2923482358455658
4532,adam,0.00017431385640520602,0.184214785695076
4533,adam,0.00013603823026642203,0.02769930101931095
4534,adam,0.0001525243278592825,0.12233416736125946
4535,adam,0.00018814409850165248,0.21808551251888275
4536,adam,0.0001932119339471683,0.23010843992233276
4537,adam,0.0001644410949666053,0.1665920913219452
4538,adam,0.00013881971244700253,0.06830617040395737
4539,adam,0.0001423573266947642,0.07855132222175598
4540,adam,0.00016216590302065015,0.14992986619472504
4541,adam,0.0001686259638518095,0.16817060112953186
4542,adam,0.00015415997768286616,0.13080301880836487
4543,adam,0.0001380189642077312,0.060436829924583435
4544,adam,0.00013742721057496965,0.05079805105924606
4545,adam,0.00014871703751850873,0.10690444707870483
4546,adam,0.00015550837269984186,0.12965050339698792
4547,adam,0.0001492544251959771,0.1099030002951622
4548,adam,0.00013805300113745034,0.055885639041662216
4549,adam,0.00013431681145448238,0.0130746029317379
4550,adam,0.00013964191020932049,0.06693688780069351
4551,adam,0.00014547484170179814,0.09652962535619736
4552,adam,0.00014464581909123808,0.09268979728221893
4553,adam,0.00013868535461369902,0.060902271419763565
4554,adam,0.0001344978081760928,0.024830279871821404
4555,adam,0.00013582267274614424,0.044146616011857986
4556,adam,0.00013954710448160768,0.07198300212621689
4557,adam,0.0001405927469022572,0.07685649394989014
4558,adam,0.0001379019522573799,0.059307761490345
4559,adam,0.00013455945008900017,0.026480024680495262
4560,adam,0.00013385381316766143,0.014876309782266617
4561,adam,0.00013578914513345808,0.04492200165987015
4562,adam,0.00013755998224951327,0.05985451117157936
4563,adam,0.00013710412895306945,0.05727933719754219
4564,adam,0.0001351112878182903,0.03932443633675575
4565,adam,0.0001336713321506977,0.015222107991576195
4566,adam,0.0001338995061814785,0.019619373604655266
4567,adam,0.00013504346134141088,0.03652624785900116
4568,adam,0.00013555683835875243,0.04307693988084793
4569,adam,0.00013485777890309691,0.03636796027421951
4570,adam,0.00013375701382756233,0.021075444296002388
4571,adam,0.0001332966348854825,0.00823137816041708
4572,adam,0.0001336950808763504,0.020033638924360275
4573,adam,0.00013431251863949,0.03054799698293209
4574,adam,0.00013439622125588357,0.03169691935181618
4575,adam,0.00013385721831582487,0.02498508058488369
4576,adam,0.0001332431857008487,0.012622196227312088
4577,adam,0.0001330498344032094,0.006634457036852837
4578,adam,0.0001332837127847597,0.01658925972878933
4579,adam,0.00013356601994019002,0.02294798754155636
4580,adam,0.00013354344991967082,0.023186104372143745
4581,adam,0.00013322375889401883,0.01703036203980446
4582,adam,0.00013290744391269982,0.00788145326077938
4583,adam,0.00013282890722621232,0.0061466284096241
4584,adam,0.00013296239194460213,0.013979583978652954
4585,adam,0.00013310156646184623,0.018795881420373917
4586,adam,0.0001330676459474489,0.018607430160045624
4587,adam,0.00013287339243106544,0.014532634057104588
4588,adam,0.00013267697067931294,0.007879014126956463
4589,adam,0.00013260218838695437,0.004203250631690025
4590,adam,0.0001326441124547273,0.008791341446340084
4591,adam,0.00013270041381474584,0.012186887674033642
4592,adam,0.0001326757192146033,0.01277904026210308
4593,adam,0.00013256561942398548,0.009991289116442204
4594,adam,0.00013244335423223674,0.005352892447263002
4595,adam,0.00013237819075584412,0.0014194912509992719
4596,adam,0.00013237878738436848,0.005444159731268883
4597,adam,0.00013240045518614352,0.008737705647945404
4598,adam,0.00013238785322755575,0.009496859274804592
4599,adam,0.00013232669152785093,0.00847276858985424
4600,adam,0.00013224656868260354,0.005822077859193087
4601,adam,0.0001321845775237307,0.003917225170880556
4602,adam,0.0001321580057265237,0.005008361767977476
4603,adam,0.0001321512390859425,0.007111805025488138
4604,adam,0.00013213696365710348,0.008364050649106503
4605,adam,0.00013209908502176404,0.008083369582891464
4606,adam,0.00013204326387494802,0.006748303305357695
4607,adam,0.00013198761735111475,0.00499315932393074
4608,adam,0.00013194714847486466,0.003997999243438244
4609,adam,0.0001319222938036546,0.004631275776773691
4610,adam,0.00013190081517677754,0.005390687379986048
4611,adam,0.0001318726281169802,0.0058824592269957066
4612,adam,0.00013183322153054178,0.005360443610697985
4613,adam,0.00013178710651118308,0.004536082968115807
4614,adam,0.0001317444839514792,0.003678262233734131
4615,adam,0.00013170969032216817,0.0038669740315526724
4616,adam,0.00013168240548111498,0.004655755590647459
4617,adam,0.00013165634300094098,0.0054160673171281815
4618,adam,0.00013162687537260354,0.005802059546113014
4619,adam,0.00013159260561224073,0.005774506833404303
4620,adam,0.00013155567285139114,0.005530723836272955
4621,adam,0.000131521956063807,0.005490513984113932
4622,adam,0.0001314922992605716,0.005728136748075485
4623,adam,0.00013146795390639454,0.006430368404835463
4624,adam,0.00013144570402801037,0.007121941540390253
4625,adam,0.00013142364332452416,0.00804112572222948
4626,adam,0.00013140328519511968,0.008884293958544731
4627,adam,0.00013138650683686137,0.010111946612596512
4628,adam,0.00013137781934347004,0.011523202061653137
4629,adam,0.00013138173380866647,0.013484600000083447
4630,adam,0.00013140199007466435,0.015756281092762947
4631,adam,0.00013144603872206062,0.018588868901133537
4632,adam,0.00013152034080121666,0.021809734404087067
4633,adam,0.0001316396810580045,0.02577952854335308
4634,adam,0.0001318270806223154,0.03048068657517433
4635,adam,0.0001321181480307132,0.03638341277837753
4636,adam,0.00013256324746180326,0.04354342073202133
4637,adam,0.00013324520841706544,0.052562158554792404
4638,adam,0.00013428264355752617,0.06363409012556076
4639,adam,0.00013587424473371357,0.07758194953203201
4640,adam,0.000138307994347997,0.09489476680755615
4641,adam,0.00014208679203875363,0.11677446961402893
4642,adam,0.0001479171623941511,0.14413626492023468
4643,adam,0.0001570816821185872,0.1787317991256714
4644,adam,0.0001713141828076914,0.22220228612422943
4645,adam,0.0001939495705300942,0.27719244360923767
4646,adam,0.0002291132987011224,0.3463582396507263
4647,adam,0.0002853834012057632,0.43348783254623413
4648,adam,0.00037140713538974524,0.5420325994491577
4649,adam,0.0005073185893706977,0.6758981943130493
4650,adam,0.0007030838169157505,0.8362399339675903
4651,adam,0.000992844463326037,1.0211950540542603
4652,adam,0.0013428558595478535,1.2172245979309082
4653,adam,0.0017563187284395099,1.3993009328842163
4654,adam,0.0020095682702958584,1.5144755840301514
4655,adam,0.0020242684986442327,1.5069152116775513
4656,adam,0.0015458677662536502,1.3116496801376343
4657,adam,0.0008476243820041418,0.9272269606590271
4658,adam,0.00026978683308698237,0.40801018476486206
4659,adam,0.00015992172120604664,0.16278083622455597
4660,adam,0.000459340080851689,0.613854706287384
4661,adam,0.0007980691152624786,0.8869312405586243
4662,adam,0.0008507987367920578,0.9196093678474426
4663,adam,0.0005546198808588088,0.7110992670059204
4664,adam,0.0002273702120874077,0.3340958058834076
4665,adam,0.00015496145351789892,0.13524803519248962
4666,adam,0.0003314124478492886,0.47013774514198303
4667,adam,0.0005003346013836563,0.648760974407196
4668,adam,0.00045455386862158775,0.6141654253005981
4669,adam,0.00026670386432670057,0.3977336585521698
4670,adam,0.00014416783233173192,0.10617853701114655
4671,adam,0.00019314339442644268,0.2479897439479828
4672,adam,0.0003107549564447254,0.4435783922672272
4673,adam,0.0003370877238921821,0.48252204060554504
4674,adam,0.00024847566965036094,0.36631497740745544
4675,adam,0.00015249787247739732,0.15062275528907776
4676,adam,0.00014984158042352647,0.12240199744701385
4677,adam,0.00021640764316543937,0.2972811758518219
4678,adam,0.00025412291870452464,0.3643505275249481
4679,adam,0.00021784144337289035,0.30829814076423645
4680,adam,0.00015488518693018705,0.1580297201871872
4681,adam,0.00013640016550198197,0.048131611198186874
4682,adam,0.00016946534742601216,0.19295252859592438
4683,adam,0.00020158423285465688,0.27085548639297485
4684,adam,0.00019176911155227572,0.2530819773674011
4685,adam,0.0001542532118037343,0.15317152440547943
4686,adam,0.00013331258378457278,0.016995061188936234
4687,adam,0.00014623145398218185,0.11798112094402313
4688,adam,0.00016885549121070653,0.1963450312614441
4689,adam,0.00017106367158703506,0.20239154994487762
4690,adam,0.0001516281336080283,0.14169250428676605
4691,adam,0.00013437472807709128,0.04169454425573349
4692,adam,0.00013617699733003974,0.06335106492042542
4693,adam,0.00014953587378840894,0.13649298250675201
4694,adam,0.00015578312741126865,0.1587710827589035
4695,adam,0.00014788411499466747,0.12845458090305328
4696,adam,0.0001360519672743976,0.06106434017419815
4697,adam,0.0001328464859398082,0.026048285886645317
4698,adam,0.00013901357306167483,0.08856671303510666
4699,adam,0.00014503789134323597,0.1204226016998291
4700,adam,0.00014350067067425698,0.11217096447944641
4701,adam,0.00013675435911864042,0.07081344723701477
4702,adam,0.0001322837342740968,0.017022162675857544
4703,adam,0.00013376861170399934,0.04781653732061386
4704,adam,0.00013793265679851174,0.08455205708742142
4705,adam,0.00013935613969806582,0.09329758584499359
4706,adam,0.00013659846445079893,0.07440517842769623
4707,adam,0.00013283331645652652,0.035841986536979675
4708,adam,0.00013171930913813412,0.01252084132283926
4709,adam,0.00013354372640606016,0.04893343895673752
4710,adam,0.00013560453953687102,0.06932425498962402
4711,adam,0.00013551837764680386,0.06887587159872055
4712,adam,0.00013349397340789437,0.049130942672491074
4713,adam,0.00013163939001969993,0.018134642392396927
4714,adam,0.00013149555888958275,0.01494896225631237
4715,adam,0.00013267375470604748,0.04050222039222717
4716,adam,0.00013362041499931365,0.05304916203022003
4717,adam,0.0001333115214947611,0.04997725039720535
4718,adam,0.00013212735939305276,0.0344218872487545
4719,adam,0.00013119797222316265,0.011573510244488716
4720,adam,0.00013120217772666365,0.012826444581151009
4721,adam,0.00013183150440454483,0.030621258541941643
4722,adam,0.00013227945601101965,0.038768868893384933
4723,adam,0.000132076078443788,0.03662535548210144
4724,adam,0.00013143829710315913,0.02548217587172985
4725,adam,0.00013093625602778047,0.01006497722119093
4726,adam,0.00013090686115901917,0.009201066568493843
4727,adam,0.00013120475341565907,0.02128599025309086
4728,adam,0.00013143445539753884,0.027810191735625267
4729,adam,0.00013134106120560318,0.02685590833425522
4730,adam,0.00013100600335747004,0.019924936816096306
4731,adam,0.00013070282875560224,0.009283042512834072
4732,adam,0.00013062819198239595,0.005122795235365629
4733,adam,0.0001307485217694193,0.013862579129636288
4734,adam,0.00013087657862342894,0.01926414854824543
4735,adam,0.00013085693353787065,0.02005794271826744
4736,adam,0.00013068734551779926,0.01609090529382229
4737,adam,0.00013048983237240463,0.009164242073893547
4738,adam,0.00013038657198194414,0.001984864939004183
4739,adam,0.00013040498015470803,0.00738122221082449
4740,adam,0.00013046825188212097,0.01270043570548296
4741,adam,0.00013048344408161938,0.01457188930362463
4742,adam,0.00013041243073530495,0.01332680694758892
4743,adam,0.00013029105321038514,0.009167744778096676
4744,adam,0.00013018946629017591,0.0037149155978113413
4745,adam,0.0001301474985666573,0.00222912454046309
4746,adam,0.00013015445438213646,0.006870619487017393
4747,adam,0.0001301669399254024,0.009916388429701328
4748,adam,0.00013014691649004817,0.010478110983967781
4749,adam,0.0001300863950746134,0.009097901172935963
4750,adam,0.000130009138956666,0.005869539454579353
4751,adam,0.00012994557619094849,0.0021827348973602057
4752,adam,0.00012991130643058568,0.002401730278506875
4753,adam,0.0001298987917834893,0.005317088216543198
4754,adam,0.00012988611706532538,0.00719513138756156
4755,adam,0.000129858119180426,0.007415924686938524
4756,adam,0.00012981175677850842,0.006433581002056599
4757,adam,0.00012975827849004418,0.00424211286008358
4758,adam,0.0001297106355195865,0.001785576925612986
4759,adam,0.0001296766713494435,0.0013873442076146603
4760,adam,0.0001296516857109964,0.0033708028495311737
4761,adam,0.0001296288683079183,0.004816169384866953
4762,adam,0.0001296002883464098,0.00518629839643836
4763,adam,0.00012956369027961046,0.0047723944298923016
4764,adam,0.00012952198449056596,0.003475714009255171
4765,adam,0.00012948118092026561,0.001902749645523727
4766,adam,0.0001294460380449891,0.0004868101386819035
4767,adam,0.0001294155663345009,0.00173916423227638
4768,adam,0.00012938815052621067,0.0030291161965578794
4769,adam,0.00012935911945533007,0.003614444751292467
4770,adam,0.00012932679965160787,0.0036826659925282
4771,adam,0.00012929076910950243,0.003049866994842887
4772,adam,0.00012925440387334675,0.002146172570064664
4773,adam,0.0001292192901019007,0.0009575552539899945
4774,adam,0.0001291864027734846,0.0005786708206869662
4775,adam,0.00012915552360937,0.0015149092068895698
4776,adam,0.00012912534293718636,0.002129441360011697
4777,adam,0.0001290949439862743,0.0025637017097324133
4778,adam,0.00012906218762509525,0.002448617247864604
4779,adam,0.00012902899470645934,0.0021630241535604
4780,adam,0.00012899441935587674,0.001519599580205977
4781,adam,0.00012896128464490175,0.0009455019026063383
4782,adam,0.00012892871745862067,0.000614080170635134
4783,adam,0.00012889729987364262,0.0008287356467917562
4784,adam,0.000128866609884426,0.0013710097409784794
4785,adam,0.00012883555609732866,0.001586955157108605
4786,adam,0.0001288038183702156,0.0017942872364073992
4787,adam,0.00012877173139713705,0.0016097226180136204
4788,adam,0.0001287387713091448,0.0014503189595416188
4789,adam,0.00012870658247265965,0.0010045577073469758
4790,adam,0.00012867379700765014,0.0007138887885957956
4791,adam,0.0001286417100345716,0.00045616040006279945
4792,adam,0.00012861020513810217,0.0005966949975118041
4793,adam,0.00012857888941653073,0.0009084150660783052
4794,adam,0.00012854738452006131,0.0010323809692636132
4795,adam,0.00012851558858528733,0.001178798615001142
4796,adam,0.0001284840691369027,0.0010515013709664345
4797,adam,0.00012845224409829825,0.0009770056931301951
4798,adam,0.00012842034630011767,0.000701019773259759
4799,adam,0.00012838892871513963,0.0005635467241518199
4800,adam,0.00012835729285143316,0.00043594223097898066
4801,adam,0.00012832604988943785,0.0005026950966566801
4802,adam,0.0001282941084355116,0.0006904912879690528
4803,adam,0.00012826321471948177,0.000758450711145997
4804,adam,0.0001282317389268428,0.0008988758199848235
4805,adam,0.00012820027768611908,0.0008207270875573158
4806,adam,0.00012816877278964967,0.0008430273155681789
4807,adam,0.00012813732610084116,0.0006661539082415402
4808,adam,0.0001281057484447956,0.0006807947647757828
4809,adam,0.00012807492748834193,0.0006071667885407805
4810,adam,0.00012804329162463546,0.0007182208937592804
4811,adam,0.00012801200500689447,0.0007775530102662742
4812,adam,0.00012798115494661033,0.0009157123859040439
4813,adam,0.00012795043585356325,0.0010417777812108397
4814,adam,0.00012791887274943292,0.001174531877040863
4815,adam,0.00012788841559085995,0.0012943046167492867
4816,adam,0.0001278570416616276,0.0014169838977977633
4817,adam,0.00012782670091837645,0.0015147621743381023
4818,adam,0.00012779627286363393,0.0016350230434909463
4819,adam,0.0001277650153497234,0.0017049836460500956
4820,adam,0.00012773482012562454,0.001851949142292142
4821,adam,0.00012770431931130588,0.0019447633530944586
4822,adam,0.0001276742113986984,0.0021591922268271446
4823,adam,0.00012764388520736247,0.0023132122587412596
4824,adam,0.00012761438847519457,0.002620971528813243
4825,adam,0.00012758534285239875,0.0028549537528306246
4826,adam,0.00012755623902194202,0.0032814452424645424
4827,adam,0.0001275291433557868,0.0036840937100350857
4828,adam,0.0001275030372198671,0.0043092756532132626
4829,adam,0.00012747850269079208,0.004912170115858316
4830,adam,0.0001274568057851866,0.005753916222602129
4831,adam,0.00012743852857965976,0.006666441913694143
4832,adam,0.00012742631952278316,0.007937940768897533
4833,adam,0.00012742292892653495,0.009393278509378433
4834,adam,0.00012743195111397654,0.011315491050481796
4835,adam,0.00012746095308102667,0.013586019165813923
4836,adam,0.0001275191898457706,0.016497323289513588
4837,adam,0.0001276211260119453,0.01996643655002117
4838,adam,0.00012779042299371213,0.02438531443476677
4839,adam,0.0001280650612898171,0.029788963496685028
4840,adam,0.0001285044854739681,0.036668360233306885
4841,adam,0.0001292005181312561,0.0452086441218853
4842,adam,0.00013030623085796833,0.05608795955777168
4843,adam,0.00013205753930378705,0.06975957006216049
4844,adam,0.00013485693489201367,0.08722034096717834
4845,adam,0.00013930730347055942,0.10930637270212173
4846,adam,0.0001464712986489758,0.13750120997428894
4847,adam,0.00015793548664078116,0.1734231412410736
4848,adam,0.00017658683646004647,0.21936415135860443
4849,adam,0.00020648585632443428,0.278074711561203
4850,adam,0.00025536963948979974,0.35283899307250977
4851,adam,0.0003327732265461236,0.44780027866363525
4852,adam,0.0004577166400849819,0.5663115978240967
4853,adam,0.0006456234259530902,0.7121031880378723
4854,adam,0.0009299714583903551,0.8827498555183411
4855,adam,0.0012948107905685902,1.0718189477920532
4856,adam,0.0017361980862915516,1.2521179914474487
4857,adam,0.002052612602710724,1.3850098848342896
4858,adam,0.0021159022580832243,1.4045490026474
4859,adam,0.0016798803117126226,1.2661325931549072
4860,adam,0.0009745329152792692,0.9534854292869568
4861,adam,0.0003853667585644871,0.5563340187072754
4862,adam,0.0002577095292508602,0.34851354360580444
4863,adam,0.0005417158827185631,0.5775206089019775
4864,adam,0.0008730852277949452,0.7890090942382812
4865,adam,0.0009091123938560486,0.8164921998977661
4866,adam,0.0005854690098203719,0.6389181613922119
4867,adam,0.0002302113571204245,0.3156573176383972
4868,adam,0.00015791316400282085,0.15721900761127472
4869,adam,0.0003628411504905671,0.43159013986587524
4870,adam,0.0005692353588528931,0.5994065999984741
4871,adam,0.0005396344349719584,0.5780959129333496
4872,adam,0.0003193925367668271,0.38626983761787415
4873,adam,0.00014815962640568614,0.12556667625904083
4874,adam,0.00018177078163716942,0.2233273983001709
4875,adam,0.00032212259247899055,0.412056028842926
4876,adam,0.00037478061858564615,0.45625627040863037
4877,adam,0.0002870174066629261,0.3572523891925812
4878,adam,0.0001688047923380509,0.17666544020175934
4879,adam,0.00014948991884011775,0.15649789571762085
4880,adam,0.00022390641970559955,0.3106895685195923
4881,adam,0.0002782034280244261,0.37637048959732056
4882,adam,0.00024337490322068334,0.32727518677711487
4883,adam,0.00016468169633299112,0.17951564490795135
4884,adam,0.00013004006177652627,0.025524910539388657
4885,adam,0.00016293127555400133,0.18331585824489594
4886,adam,0.0002092821232508868,0.27875232696533203
4887,adam,0.00020978458633180708,0.28281059861183167
4888,adam,0.00016743000014685094,0.20008647441864014
4889,adam,0.00013408991799224168,0.08108853548765182
4890,adam,0.00013982261589262635,0.09321646392345428
4891,adam,0.00016564811812713742,0.1780908852815628
4892,adam,0.00017538444080855697,0.20459577441215515
4893,adam,0.00015748983423691243,0.16377626359462738
4894,adam,0.0001345883501926437,0.08395367115736008
4895,adam,0.00013123215467203408,0.051994647830724716
4896,adam,0.00014539065887220204,0.11836899816989899
4897,adam,0.00015643956430722028,0.15256483852863312
4898,adam,0.00015130201063584536,0.13766105473041534
4899,adam,0.00013654338545165956,0.0846719741821289
4900,adam,0.00012792703637387604,0.015937315300107002
4901,adam,0.00013208277232479304,0.0628761574625969
4902,adam,0.0001407160161761567,0.10522105544805527
4903,adam,0.00014279021706897765,0.11297731101512909
4904,adam,0.00013678411778528243,0.08721321076154709
4905,adam,0.00012978003360331059,0.04258227348327637
4906,adam,0.00012864591553807259,0.038752276450395584
4907,adam,0.00013286939065437764,0.074623703956604
4908,adam,0.00013629728346131742,0.09321535378694534
4909,adam,0.00013487625983543694,0.08475962281227112
4910,adam,0.00013039889745414257,0.053818050771951675
4911,adam,0.00012739567318931222,0.01202945876866579
4912,adam,0.00012814506771974266,0.029896339401602745
4913,adam,0.0001308710197918117,0.05907252058386803
4914,adam,0.00013217280502431095,0.0691959410905838
4915,adam,0.00013079271593596786,0.060525793582201004
4916,adam,0.00012842664727941155,0.03852356970310211
4917,adam,0.00012732477625831962,0.018497006967663765
4918,adam,0.00012808095198124647,0.029579730704426765
4919,adam,0.00012939932639710605,0.04442083090543747
4920,adam,0.00012965139467269182,0.04762180149555206
4921,adam,0.00012857858382631093,0.037695299834012985
4922,adam,0.0001272750523639843,0.01869572512805462
4923,adam,0.00012683407112490386,0.0031398299615830183
4924,adam,0.0001273651432711631,0.022119078785181046
4925,adam,0.00012809257896151394,0.03340744599699974
4926,adam,0.00012820513802580535,0.034895386546850204
4927,adam,0.0001276331313420087,0.027680233120918274
4928,adam,0.0001269592612516135,0.015946516767144203
4929,adam,0.00012672618322540075,0.01133986096829176
4930,adam,0.00012697944475803524,0.020698167383670807
4931,adam,0.0001273266097996384,0.027817392721772194
4932,adam,0.00012735486961901188,0.02864205650985241
4933,adam,0.00012702203821390867,0.022943995893001556
4934,adam,0.0001266185863642022,0.012828406877815723
4935,adam,0.00012643537775147706,0.0032483015675097704
4936,adam,0.00012652628356590867,0.01066804863512516
4937,adam,0.00012670858995988965,0.017484862357378006
4938,adam,0.00012675819743890315,0.019629132002592087
4939,adam,0.00012661321670748293,0.017117327079176903
4940,adam,0.00012639450142160058,0.011378289200365543
4941,adam,0.00012625829549506307,0.0053065200336277485
4942,adam,0.00012626615352928638,0.007117412053048611
4943,adam,0.0001263513113372028,0.011966221034526825
4944,adam,0.00012639464694075286,0.014235071837902069
4945,adam,0.0001263361336896196,0.013498163782060146
4946,adam,0.00012621025962289423,0.010134278796613216
4947,adam,0.0001260978024220094,0.006677985191345215
4948,adam,0.00012605267693288624,0.006472380831837654
4949,adam,0.00012606759264599532,0.009492957964539528
4950,adam,0.0001260873832507059,0.011743477545678616
4951,adam,0.00012606504606083035,0.012034136801958084
4952,adam,0.00012599672481883317,0.010415519587695599
4953,adam,0.0001259137352462858,0.007405693642795086
4954,adam,0.000125853723147884,0.004686164204031229
4955,adam,0.00012583019270095974,0.0047378456220030785
4956,adam,0.00012582623458001763,0.006409237626940012
4957,adam,0.00012581502960529178,0.007603991311043501
4958,adam,0.00012578094901982695,0.007261534221470356
4959,adam,0.00012572843115776777,0.006057997699826956
4960,adam,0.00012567383237183094,0.0041366457007825375
4961,adam,0.00012563413474708796,0.0034640999510884285
4962,adam,0.00012561018229462206,0.004498269874602556
4963,adam,0.00012559385504573584,0.005898414645344019
4964,adam,0.00012557294394355267,0.006698709912598133
4965,adam,0.00012554180284496397,0.006612679455429316
4966,adam,0.0001255028328159824,0.005934694316238165
4967,adam,0.0001254636445082724,0.005118673201650381
4968,adam,0.0001254319940926507,0.00473783677443862
4969,adam,0.00012540892930701375,0.00524603296071291
4970,adam,0.00012539111776277423,0.006005596835166216
4971,adam,0.0001253745867870748,0.007040988188236952
4972,adam,0.0001253570371773094,0.007822957821190357
4973,adam,0.00012533988046925515,0.008911101147532463
4974,adam,0.00012532879190985113,0.010157829150557518
4975,adam,0.00012532909750007093,0.012025715783238411
4976,adam,0.000125345861306414,0.014243950136005878
4977,adam,0.0001253857626579702,0.017049819231033325
4978,adam,0.00012545427307486534,0.020199144259095192
4979,adam,0.00012556392175611109,0.02403966151177883
4980,adam,0.00012573729327414185,0.028538523241877556
4981,adam,0.00012600875925272703,0.034189414232969284
4982,adam,0.00012642766523640603,0.0410340391099453
4983,adam,0.00012707457062788308,0.04969868063926697
4984,adam,0.00012807232269551605,0.060414329171180725
4985,adam,0.0001296197297051549,0.0740545392036438
4986,adam,0.0001320096052950248,0.09106723219156265
4987,adam,0.00013573940668720752,0.11262968182563782
4988,adam,0.00014154215750750154,0.13967889547348022
4989,adam,0.00015072227688506246,0.17403638362884521
4990,adam,0.00016511371359229088,0.21736861765384674
4991,adam,0.00018810828623827547,0.27234190702438354
4992,adam,0.00022412478574551642,0.34162700176239014
4993,adam,0.0002818219072651118,0.4289174973964691
4994,adam,0.0003705061390064657,0.5376045107841492
4995,adam,0.0005098560941405594,0.671159565448761
4996,adam,0.0007104185642674565,0.8302239179611206
4997,adam,0.0010009873658418655,1.0110447406768799
4998,adam,0.0013438186142593622,1.1978394985198975
4999,adam,0.0017188757192343473,1.3609778881072998
5000,adam,0.0019032811978831887,1.4455081224441528
5001,adam,0.0018064836040139198,1.395062804222107
5002,adam,0.0012704229447990656,1.1578348875045776
5003,adam,0.000605754554271698,0.7463390827178955
5004,adam,0.0001727428170852363,0.23276250064373016
5005,adam,0.00020262834732420743,0.28667181730270386
5006,adam,0.0005393545143306255,0.681252658367157
5007,adam,0.000804022653028369,0.8799594640731812
5008,adam,0.000751454324927181,0.842739462852478
5009,adam,0.00042613924597389996,0.5876188278198242
5010,adam,0.00016098601918201894,0.19593146443367004
5011,adam,0.00017189756908919662,0.21586298942565918
5012,adam,0.0003675507032312453,0.5166952610015869
5013,adam,0.0004883985966444016,0.6356325149536133
5014,adam,0.00039320799987763166,0.549157977104187
5015,adam,0.00020719673193525523,0.3019357919692993
5016,adam,0.00012827874161303043,0.028910426422953606
5017,adam,0.00020728401432279497,0.29537585377693176
5018,adam,0.00031370206852443516,0.45457643270492554
5019,adam,0.0003103047492913902,0.4529859721660614
5020,adam,0.00021100358571857214,0.3073923587799072
5021,adam,0.00013253281940706074,0.07860145717859268
5022,adam,0.00015025047468952835,0.1570042222738266
5023,adam,0.00021737781935371459,0.31438592076301575
5024,adam,0.00024019359261728823,0.35286369919776917
5025,adam,0.00019474570581223816,0.27381107211112976
5026,adam,0.00013844754721503705,0.11279725283384323
5027,adam,0.00013179611414670944,0.0700836181640625
5028,adam,0.00016767787747085094,0.2100881189107895
5029,adam,0.00019251910271123052,0.26809030771255493
5030,adam,0.00017617613775655627,0.2331508845090866
5031,adam,0.0001407797244610265,0.12435713410377502
5032,adam,0.00012688928109128028,0.01429181732237339
5033,adam,0.00014299299800768495,0.13394887745380402
5034,adam,0.00016221935220528394,0.19805550575256348
5035,adam,0.00015981851902324706,0.191009521484375
5036,adam,0.00014020812523085624,0.1223946288228035
5037,adam,0.00012679281644523144,0.02166827768087387
5038,adam,0.00013159122318029404,0.07686542719602585
5039,adam,0.00014409485447686166,0.1405373066663742
5040,adam,0.00014748408284503967,0.15303930640220642
5041,adam,0.00013835176650900394,0.11576874554157257
5042,adam,0.0001280001742998138,0.045644182711839676
5043,adam,0.00012693137978203595,0.033102769404649734
5044,adam,0.00013357496936805546,0.09273582696914673
5045,adam,0.00013836259313393384,0.11810581386089325
5046,adam,0.00013564826804213226,0.10451937466859818
5047,adam,0.00012907751079183072,0.06038098782300949
5048,adam,0.00012570159742608666,0.003961481619626284
5049,adam,0.00012789887841790915,0.05079013854265213
5050,adam,0.00013178320659790188,0.08365627378225327
5051,adam,0.00013249149196781218,0.08835919201374054
5052,adam,0.00012947386130690575,0.06696237623691559
5053,adam,0.00012613552098628134,0.02801690623164177
5054,adam,0.00012558871821966022,0.01513604260981083
5055,adam,0.00012753572082147002,0.04987490549683571
5056,adam,0.00012925636838190258,0.06668715178966522
5057,adam,0.00012881861766800284,0.06341371685266495
5058,adam,0.0001268215710297227,0.042529404163360596
5059,adam,0.00012530769163277,0.012289597652852535
5060,adam,0.00012545415665954351,0.018663542345166206
5061,adam,0.00012661790242418647,0.04098455235362053
5062,adam,0.0001273212255910039,0.05038616061210632
5063,adam,0.0001268223422812298,0.04500177875161171
5064,adam,0.00012568595411721617,0.028472039848566055
5065,adam,0.0001249754714081064,0.006265323143452406
5066,adam,0.00012515582784544677,0.016166524961590767
5067,adam,0.00012578027963172644,0.03161424770951271
5068,adam,0.00012609070108737797,0.03718574717640877
5069,adam,0.00012576955487020314,0.032936204224824905
5070,adam,0.00012514207628555596,0.02058776468038559
5071,adam,0.0001247544278157875,0.004882569890469313
5072,adam,0.00012483220780268312,0.011592295952141285
5073,adam,0.0001251476351171732,0.02257763221859932
5074,adam,0.00012531291577033699,0.02720211260020733
5075,adam,0.00012515125854406506,0.024512266740202904
5076,adam,0.0001248080952791497,0.016336001455783844
5077,adam,0.0001245596504304558,0.004992093425244093
5078,adam,0.00012454975512810051,0.006637250538915396
5079,adam,0.00012469361536204815,0.015352948568761349
5080,adam,0.000124796133604832,0.019461549818515778
5081,adam,0.0001247370964847505,0.01883550174534321
5082,adam,0.00012455560499802232,0.013784674927592278
5083,adam,0.00012438361591193825,0.006317974999547005
5084,adam,0.00012432134826667607,0.00211416301317513
5085,adam,0.00012436133692972362,0.008924839086830616
5086,adam,0.00012441868602763861,0.01331156212836504
5087,adam,0.00012441205035429448,0.014144913293421268
5088,adam,0.00012432709627319127,0.011992367915809155
5089,adam,0.00012421431893017143,0.007314278278499842
5090,adam,0.0001241364370798692,0.0018050981452688575
5091,adam,0.00012411607895046473,0.003842610167339444
5092,adam,0.0001241307327290997,0.007870710454881191
5093,adam,0.00012413522927090526,0.01007281057536602
5094,adam,0.00012410215276759118,0.009812628850340843
5095,adam,0.00012403787695802748,0.007759710308164358
5096,adam,0.0001239697157870978,0.004187720362097025
5097,adam,0.00012392265489324927,0.0006425777683034539
5098,adam,0.00012390308256726712,0.0035292136017233133
5099,adam,0.00012389595212880522,0.006039234343916178
5100,adam,0.0001238807599293068,0.007291900459676981
5101,adam,0.0001238470576936379,0.006873342674225569
5102,adam,0.00012379986583255231,0.005345899611711502
5103,adam,0.00012375233927741647,0.0028360027354210615
5104,adam,0.00012371502816677094,0.0005304638762027025
5105,adam,0.0001236902899108827,0.0024647810496389866
5106,adam,0.00012367211456876248,0.00419397559016943
5107,adam,0.00012365030124783516,0.005163391586393118
5108,adam,0.00012361971312202513,0.005004102364182472
5109,adam,0.0001235824602190405,0.00412388751283288
5110,adam,0.0001235445379279554,0.0025317403487861156
5111,adam,0.00012351029727142304,0.0008871996542438865
5112,adam,0.00012348132440820336,0.0011708405800163746
5113,adam,0.0001234564115293324,0.002380451187491417
5114,adam,0.00012343139678705484,0.003274815157055855
5115,adam,0.00012340361718088388,0.003388466313481331
5116,adam,0.00012337215594016016,0.0030565473716706038
5117,adam,0.00012333926861174405,0.0021319184452295303
5118,adam,0.00012330715253483504,0.001146235503256321
5119,adam,0.00012327708827797323,0.0004953680909238756
5120,adam,0.0001232495269505307,0.001186275389045477
5121,adam,0.00012322251859586686,0.0019757894333451986
5122,adam,0.00012319536472205073,0.002275529084727168
5123,adam,0.0001231667265528813,0.0023932368494570255
5124,adam,0.00012313709885347635,0.0020286350045353174
5125,adam,0.00012310617603361607,0.001581375952810049
5126,adam,0.00012307584984228015,0.0008564693853259087
5127,adam,0.00012304644042160362,0.00043728790478780866
5128,adam,0.0001230181660503149,0.0007594609051011503
5129,adam,0.00012299032823648304,0.0011391736334189773
5130,adam,0.0001229627087013796,0.0014931611949577928
5131,adam,0.00012293385225348175,0.0015199072659015656
5132,adam,0.0001229051558766514,0.00151671445928514
5133,adam,0.00012287599383853376,0.0012317982036620378
5134,adam,0.00012284675904083997,0.000979248434305191
5135,adam,0.0001228178443852812,0.0006494686822406948
5136,adam,0.0001227895700139925,0.0005102528375573456
5137,adam,0.0001227610046043992,0.000664413149934262
5138,adam,0.00012273312313482165,0.0007599557866342366
5139,adam,0.00012270502338651568,0.0009772072080522776
5140,adam,0.00012267619604244828,0.0009404558804817498
5141,adam,0.00012264802353456616,0.0010025841183960438
5142,adam,0.00012261922529432923,0.0008268789388239384
5143,adam,0.00012259083450771868,0.0007276554824784398
5144,adam,0.000122561861644499,0.0005092032952234149
5145,adam,0.0001225340529344976,0.00044738122960552573
5146,adam,0.0001225059968419373,0.0005361796356737614
5147,adam,0.00012247770791873336,0.0005789026035927236
5148,adam,0.0001224498264491558,0.0007691975915804505
5149,adam,0.0001224217121489346,0.0007684408919885755
5150,adam,0.00012239314673934132,0.0008814925677143037
5151,adam,0.00012236510519869626,0.0007775227422825992
5152,adam,0.00012233669986017048,0.0008042123517952859
5153,adam,0.0001223086437676102,0.0006513094995170832
5154,adam,0.00012228036939632148,0.0006448929780162871
5155,adam,0.00012225213868077844,0.0004898038459941745
5156,adam,0.00012222387886140496,0.0004827009397558868
5157,adam,0.00012219576456118375,0.0004435961600393057
5158,adam,0.00012216770846862346,0.0004494999593589455
5159,adam,0.00012213950685691088,0.0004907168913632631
5160,adam,0.0001221114071086049,0.00046850269427523017
5161,adam,0.00012208393309265375,0.0005316510796546936
5162,adam,0.00012205575330881402,0.0004966980195604265
5163,adam,0.00012202787911519408,0.0006015670951455832
5164,adam,0.00012199996126582846,0.0006401796126738191
5165,adam,0.00012197200703667477,0.0007871525594964623
5166,adam,0.00012194454757263884,0.0008857395732775331
5167,adam,0.00012191678979434073,0.001039028400555253
5168,adam,0.00012188932305434719,0.0011414302280172706
5169,adam,0.00012186155072413385,0.0012863145675510168
5170,adam,0.00012183393118903041,0.0013729375787079334
5171,adam,0.00012180665362393484,0.001538188080303371
5172,adam,0.0001217796525452286,0.0016696932725608349
5173,adam,0.00012175277515780181,0.0019202600233256817
5174,adam,0.0001217259414261207,0.0021279153879731894
5175,adam,0.00012169986439403147,0.002487151650711894
5176,adam,0.00012167399836471304,0.002831461373716593
5177,adam,0.00012164927466074005,0.00335097499191761
5178,adam,0.00012162533676018938,0.00386591674759984
5179,adam,0.00012160376354586333,0.004573454149067402
5180,adam,0.00012158413301222026,0.005321092437952757
5181,adam,0.00012156764569226652,0.00631652120500803
5182,adam,0.00012155608419561759,0.00741166016086936
5183,adam,0.00012155158765381202,0.00884097721427679
5184,adam,0.00012155817967141047,0.010503718629479408
5185,adam,0.00012158125900896266,0.012665904127061367
5186,adam,0.00012162912753410637,0.01526118814945221
5187,adam,0.00012171654088888317,0.018602171912789345
5188,adam,0.0001218632678501308,0.022673923522233963
5189,adam,0.00012210363638587296,0.02788092941045761
5190,adam,0.0001224906591232866,0.034339699894189835
5191,adam,0.00012310982856433839,0.04258999601006508
5192,adam,0.0001240942656295374,0.052928052842617035
5193,adam,0.0001256675022887066,0.0661173015832901
5194,adam,0.00012817255628760904,0.08277945965528488
5195,adam,0.00013220503751654178,0.10408490896224976
5196,adam,0.000138675284688361,0.13122934103012085
5197,adam,0.00014921119145583361,0.1660425066947937
5198,adam,0.00016621118993498385,0.21064329147338867
5199,adam,0.0001940912043210119,0.2677271366119385
5200,adam,0.00023885242990218103,0.3407003581523895
5201,adam,0.0003120610199403018,0.4331032931804657
5202,adam,0.0004264839517418295,0.5494046211242676
5203,adam,0.0006077436846680939,0.6914895176887512
5204,adam,0.0008670257520861924,0.860491156578064
5205,adam,0.001231645350344479,1.0454018115997314
5206,adam,0.0016260850243270397,1.2271045446395874
5207,adam,0.0019792995881289244,1.3575056791305542
5208,adam,0.0019988592248409986,1.3833829164505005
5209,adam,0.0016270220512524247,1.2430224418640137
5210,adam,0.0009297119686380029,0.9373836517333984
5211,adam,0.0003561697085388005,0.5299369096755981
5212,adam,0.0002304551308043301,0.31518977880477905
5213,adam,0.000503634859342128,0.5572401285171509
5214,adam,0.0008301128400489688,0.7771318554878235
5215,adam,0.0008525220328010619,0.8054147958755493
5216,adam,0.0005534780211746693,0.628369927406311
5217,adam,0.00021861556160729378,0.3167773187160492
5218,adam,0.00016042467905208468,0.1772698312997818
5219,adam,0.000360461650416255,0.43911415338516235
5220,adam,0.0005451569450087845,0.5891825556755066
5221,adam,0.0005046766600571573,0.5586313605308533
5222,adam,0.0002851851168088615,0.3632279932498932
5223,adam,0.00013222655979916453,0.08326798677444458
5224,adam,0.0001799821766326204,0.22660468518733978
5225,adam,0.00031728550675325096,0.4070470631122589
5226,adam,0.0003602492797654122,0.44670525193214417
5227,adam,0.00026519107632339,0.3406100273132324
5228,adam,0.00015458845882676542,0.1549033224582672
5229,adam,0.00014568398182746023,0.16204330325126648
5230,adam,0.00021956821728963405,0.3079167902469635
5231,adam,0.00026414613239467144,0.36469975113868713
5232,adam,0.00022160136722959578,0.2986454367637634
5233,adam,0.00014911773905623704,0.14699865877628326
5234,adam,0.00012683399836532772,0.06368060410022736
5235,adam,0.00016515998868271708,0.20789757370948792
5236,adam,0.00020506886357907206,0.28608983755111694
5237,adam,0.00019503339717630297,0.2668091654777527
5238,adam,0.0001508530112914741,0.17068199813365936
5239,adam,0.00012438910198397934,0.04468691349029541
5240,adam,0.00013693375512957573,0.11075004190206528
5241,adam,0.00016239671094808728,0.19018325209617615
5242,adam,0.0001664670999161899,0.20271946489810944
5243,adam,0.00014598583220504224,0.15399441123008728
5244,adam,0.00012645219976548105,0.07171882688999176
5245,adam,0.00012795777001883835,0.068938247859478
5246,adam,0.000142471311846748,0.1281595528125763
5247,adam,0.0001491511065978557,0.15043795108795166
5248,adam,0.0001402522757416591,0.12497349083423615
5249,adam,0.0001263678859686479,0.061513595283031464
5250,adam,0.00012209337728563696,0.015234891325235367
5251,adam,0.00012919565779156983,0.07758230715990067
5252,adam,0.0001367360819131136,0.11158178746700287
5253,adam,0.00013573435717262328,0.10747527331113815
5254,adam,0.00012822358985431492,0.07211967557668686
5255,adam,0.00012260609946679324,0.029575500637292862
5256,adam,0.00012365751899778843,0.04736756905913353
5257,adam,0.00012824489385820925,0.07994348555803299
5258,adam,0.00013006739027332515,0.08797319233417511
5259,adam,0.00012711455929093063,0.07041530311107635
5260,adam,0.00012294782209210098,0.03531575947999954
5261,adam,0.00012166744272690266,0.01701427437365055
5262,adam,0.0001237284450326115,0.04917920380830765
5263,adam,0.00012614845763891935,0.06888029724359512
5264,adam,0.00012607796816155314,0.06880734115839005
5265,adam,0.0001237755932379514,0.050475843250751495
5266,adam,0.00012170242553111166,0.022391360253095627
5267,adam,0.0001215639931615442,0.016059238463640213
5268,adam,0.00012285707634873688,0.03779371827840805
5269,adam,0.00012381731357891113,0.04866855591535568
5270,adam,0.00012335610517766327,0.04505064710974693
5271,adam,0.00012204326776554808,0.030425777658820152
5272,adam,0.00012120649626012892,0.012637089937925339
5273,adam,0.00012143503408879042,0.017924198880791664
5274,adam,0.00012220029020681977,0.030978405848145485
5275,adam,0.00012257708294782788,0.03600998967885971
5276,adam,0.00012216015602461994,0.031429413706064224
5277,adam,0.00012138132296968251,0.019339952617883682
5278,adam,0.00012093763507436961,0.0064161974005401134
5279,adam,0.0001210663394886069,0.014139105565845966
5280,adam,0.0001214475923916325,0.023770367726683617
5281,adam,0.00012160921323811635,0.0267379991710186
5282,adam,0.00012137056182837114,0.022588243708014488
5283,adam,0.0001209661495522596,0.013449890539050102
5284,adam,0.0001207448513014242,0.005183254834264517
5285,adam,0.00012081645400030538,0.01184045523405075
5286,adam,0.00012101725587854162,0.019078027456998825
5287,adam,0.00012110510579077527,0.021740129217505455
5288,adam,0.00012097628496121615,0.01946842484176159
5289,adam,0.00012074010737705976,0.013345618732273579
5290,adam,0.00012057936692144722,0.006287446245551109
5291,adam,0.00012057168351020664,0.006454476621001959
5292,adam,0.00012065325427101925,0.011638056486845016
5293,adam,0.00012070056982338428,0.014136053621768951
5294,adam,0.00012063924077665433,0.013223663903772831
5295,adam,0.00012050725490553305,0.009294978342950344
5296,adam,0.00012039504508720711,0.0038128704763948917
5297,adam,0.0001203586725750938,0.002461857395246625
5298,adam,0.00012038400745950639,0.007056377362459898
5299,adam,0.00012041130685247481,0.009798102080821991
5300,adam,0.00012039040302624926,0.010029756464064121
5301,adam,0.00012032201630063355,0.008168035186827183
5302,adam,0.00012024513853248209,0.004903005436062813
5303,adam,0.00012019642599625513,0.003360497998073697
5304,adam,0.00012018501001875848,0.005489952862262726
5305,adam,0.0001201891791424714,0.00780828483402729
5306,adam,0.00012017793051199988,0.008757015690207481
5307,adam,0.00012013930245302618,0.008095424622297287
5308,adam,0.00012008548947051167,0.0062813227996230125
5309,adam,0.00012003564916085452,0.004015679471194744
5310,adam,0.00012000494461972266,0.0030832423362880945
5311,adam,0.00011998984700767323,0.004236102569848299
5312,adam,0.00011997565161436796,0.005229576025158167
5313,adam,0.00011995129170827568,0.0055439346469938755
5314,adam,0.00011991576320724562,0.004739695694297552
5315,adam,0.00011987546167802066,0.003644923446699977
5316,adam,0.00011984012962784618,0.0026520511601120234
5317,adam,0.00011981391435256228,0.003120814450085163
5318,adam,0.0001197930469061248,0.004113269504159689
5319,adam,0.00011977270332863554,0.004811894614249468
5320,adam,0.00011974689550697803,0.00495345052331686
5321,adam,0.00011971581989200786,0.004509524907916784
5322,adam,0.00011968380567850545,0.0038469440769404173
5323,adam,0.00011965404701186344,0.00344136287458241
5324,adam,0.00011962901044171304,0.003470261814072728
5325,adam,0.00011960752453887835,0.004052989184856415
5326,adam,0.00011958653340116143,0.004531188402324915
5327,adam,0.0001195649165310897,0.005139422137290239
5328,adam,0.0001195419899886474,0.005529647693037987
5329,adam,0.00011952057684538886,0.00622248649597168
5330,adam,0.0001195017684949562,0.007017673458904028
5331,adam,0.00011948855535592884,0.008261159062385559
5332,adam,0.00011948285100515932,0.009648873470723629
5333,adam,0.0001194848955492489,0.01138871069997549
5334,adam,0.00011949799227295443,0.013260873034596443
5335,adam,0.00011952599743381143,0.015534457750618458
5336,adam,0.0001195764634758234,0.01812037266790867
5337,adam,0.0001196626471937634,0.021434344351291656
5338,adam,0.0001198024328914471,0.025402778759598732
5339,adam,0.00012002182484138757,0.03047698363661766
5340,adam,0.00012036162661388516,0.03665805980563164
5341,adam,0.00012088541552657261,0.04450671002268791
5342,adam,0.00012168626562925056,0.05413293465971947
5343,adam,0.00012291801976971328,0.06627829372882843
5344,adam,0.0001248097833013162,0.08132107555866241
5345,adam,0.00012775184586644173,0.10034210234880447
5346,adam,0.0001323174947174266,0.12413844466209412
5347,adam,0.000139503667014651,0.15425537526607513
5348,adam,0.00015072277165018022,0.192086324095726
5349,adam,0.0001685523020569235,0.23997186124324799
5350,adam,0.00019642067491076887,0.30024051666259766
5351,adam,0.00024087453493848443,0.37617960572242737
5352,adam,0.0003093218838330358,0.47082656621932983
5353,adam,0.0004168299783486873,0.5875816345214844
5354,adam,0.0005737701430916786,0.7279268503189087
5355,adam,0.0008046048460528255,0.8904449343681335
5356,adam,0.0010918790940195322,1.0648199319839478
5357,adam,0.0014305857475847006,1.229599952697754
5358,adam,0.0016650165198370814,1.3417322635650635
5359,adam,0.001706406706944108,1.350440263748169
5360,adam,0.0013573153410106897,1.1992172002792358
5361,adam,0.0007903029909357429,0.8784920573234558
5362,adam,0.00027765383129008114,0.4288019835948944
5363,adam,0.00012750382302328944,0.07504773139953613
5364,adam,0.0003390632919035852,0.49178364872932434
5365,adam,0.0006407449254766107,0.7667936086654663
5366,adam,0.0007423444767482579,0.8372713923454285
5367,adam,0.0005406250129453838,0.6931396126747131
5368,adam,0.0002480362600181252,0.38112494349479675
5369,adam,0.00012340959801804274,0.0346052348613739
5370,adam,0.0002326463581994176,0.34800219535827637
5371,adam,0.0004012828867416829,0.5570424199104309
5372,adam,0.0004244042793288827,0.5833582282066345
5373,adam,0.0002897264785133302,0.4354083836078644
5374,adam,0.00014685788482893258,0.1739046573638916
5375,adam,0.00013496186875272542,0.12000317126512527
5376,adam,0.00022854442067909986,0.3424483835697174
5377,adam,0.000295517616905272,0.4393838047981262
5378,adam,0.0002596480480860919,0.39301013946533203
5379,adam,0.00016731489449739456,0.22912386059761047
5380,adam,0.00012142011109972373,0.019575409591197968
5381,adam,0.00015518630971200764,0.19156986474990845
5382,adam,0.0002093887305818498,0.3102618157863617
5383,adam,0.00021481182193383574,0.32099395990371704
5384,adam,0.00016829722153488547,0.2288670837879181
5385,adam,0.00012583973875734955,0.0748104676604271
5386,adam,0.0001282454759348184,0.08808699995279312
5387,adam,0.00016015692381188273,0.20637567341327667
5388,adam,0.00017731793923303485,0.24837590754032135
5389,adam,0.00015990859537851065,0.20719215273857117
5390,adam,0.00013060968194622546,0.1053425669670105
5391,adam,0.00012085249909432605,0.020174382254481316
5392,adam,0.00013506310642696917,0.12653110921382904
5393,adam,0.0001509079447714612,0.18238377571105957
5394,adam,0.000148666906170547,0.17546406388282776
5395,adam,0.00013244742876850069,0.1149248480796814
5396,adam,0.0001207600871566683,0.024707281962037086
5397,adam,0.00012388879258651286,0.06462720036506653
5398,adam,0.00013429367390926927,0.12478669732809067
5399,adam,0.0001382197078783065,0.1410629153251648
5400,adam,0.00013166505959816277,0.11277489364147186
5401,adam,0.0001225470332428813,0.052869368344545364
5402,adam,0.00012012773368041962,0.01778748817741871
5403,adam,0.0001248638000106439,0.07529264688491821
5404,adam,0.00012970538227818906,0.10509838163852692
5405,adam,0.00012898740533273667,0.10105255246162415
5406,adam,0.00012389128096401691,0.0678940862417221
5407,adam,0.00011993256339337677,0.01869259402155876
5408,adam,0.00012043483729939908,0.0318487212061882
5409,adam,0.00012360778055153787,0.06767116487026215
5410,adam,0.0001253780210390687,0.08118107169866562
5411,adam,0.00012389145558699965,0.0704292505979538
5412,adam,0.00012092247197870165,0.041294731199741364
5413,adam,0.00011936207738472149,0.003453836776316166
5414,adam,0.00012020072608720511,0.0314641147851944
5415,adam,0.0001219327823491767,0.05456842482089996
5416,adam,0.00012250752479303628,0.06038681045174599
5417,adam,0.00012140985199948773,0.04972468689084053
5418,adam,0.00011981177522102371,0.026842767372727394
5419,adam,0.00011914077185792848,0.0016909574624150991
5420,adam,0.00011969308980042115,0.025422237813472748
5421,adam,0.00012058295396855101,0.04079437628388405
5422,adam,0.00012080254236934707,0.04442954808473587
5423,adam,0.00012016595428576693,0.0361383855342865
5424,adam,0.00011930942127946764,0.01975272223353386
5425,adam,0.00011894657654920593,0.002464874414727092
5426,adam,0.00011922037811018527,0.01810085028409958
5427,adam,0.00011968431499553844,0.029649052768945694
5428,adam,0.00011981681018369272,0.03258250281214714
5429,adam,0.00011949601321248338,0.027497395873069763
5430,adam,0.000119021613500081,0.016220783814787865
5431,adam,0.00011876843927893788,0.0030629904940724373
5432,adam,0.0001188541209558025,0.011211485601961613
5433,adam,0.00011908781016245484,0.02016710676252842
5434,adam,0.0001191953124362044,0.02377208322286606
5435,adam,0.00011906275904038921,0.021325988695025444
5436,adam,0.00011880142847076058,0.014347954653203487
5437,adam,0.00011860775703098625,0.004793077241629362
5438,adam,0.00011858795187436044,0.00520860543474555
5439,adam,0.0001186874505947344,0.012767525389790535
5440,adam,0.00011876714415848255,0.016611726954579353
5441,adam,0.00011873431503772736,0.016606157645583153
5442,adam,0.00011860353697557002,0.01281937025487423
5443,adam,0.0001184636348625645,0.00680563785135746
5444,adam,0.00011839401122415438,0.0005745754460804164
5445,adam,0.00011840564548037946,0.006335154175758362
5446,adam,0.0001184459833893925,0.010633306577801704
5447,adam,0.00011845189874293283,0.012088216841220856
5448,adam,0.00011840035585919395,0.011037449352443218
5449,adam,0.00011831567098852247,0.0076587386429309845
5450,adam,0.00011824204557342455,0.0032588394824415445
5451,adam,0.00011820711370091885,0.0016968515701591969
5452,adam,0.00011820607323898003,0.005454018712043762
5453,adam,0.00011820982763310894,0.007980585098266602
5454,adam,0.00011819305655080825,0.008517252281308174
5455,adam,0.0001181505576823838,0.007487738039344549
5456,adam,0.00011809522402472794,0.0049749705940485
5457,adam,0.00011804855603259057,0.001954535488039255
5458,adam,0.00011802014341810718,0.0015365241561084986
5459,adam,0.00011800647189375013,0.004009841475635767
5460,adam,0.00011799491767305881,0.005711227655410767
5461,adam,0.00011797345359809697,0.006094102747738361
5462,adam,0.0001179398677777499,0.005471787881106138
5463,adam,0.00011790050484705716,0.0037884635385125875
5464,adam,0.00011786299728555605,0.0017621621955186129
5465,adam,0.00011783435184042901,0.0008421532693319023
5466,adam,0.0001178131642518565,0.0025311908684670925
5467,adam,0.00011779429041780531,0.0038082890678197145
5468,adam,0.00011777189502026886,0.0042165666818618774
5469,adam,0.0001177438534796238,0.0040181721560657024
5470,adam,0.00011771233403123915,0.0030795482452958822
5471,adam,0.00011768057447625324,0.0019011388067156076
5472,adam,0.00011765171075239778,0.0005483531858772039
5473,adam,0.00011762613576138392,0.0009968428639695048
5474,adam,0.00011760322377085686,0.00210201065056026
5475,adam,0.00011758039909182116,0.002706589177250862
5476,adam,0.00011755502055166289,0.0029765234794467688
5477,adam,0.00011752815044019371,0.0026599348057061434
5478,adam,0.00011749948316719383,0.002125917933881283
5479,adam,0.00011747147800633684,0.0012847523903474212
5480,adam,0.00011744466610252857,0.0005850737798027694
5481,adam,0.00011741924390662462,0.0007865093648433685
5482,adam,0.00011739448382286355,0.0012629947159439325
5483,adam,0.00011736966553144157,0.0017220464069396257
5484,adam,0.00011734404688468203,0.0017566037131473422
5485,adam,0.0001173179698525928,0.0017027572030201554
5486,adam,0.00011729148536687717,0.00129075744189322
5487,adam,0.00011726509546861053,0.0009207639377564192
5488,adam,0.00011723861825885251,0.0004578937077894807
5489,adam,0.00011721326154656708,0.0004579718806780875
5490,adam,0.00011718780297087505,0.0008234743145294487
5491,adam,0.00011716277367668226,0.001047384343110025
5492,adam,0.00011713777348631993,0.0012761374237015843
5493,adam,0.00011711208935594186,0.0012192409485578537
5494,adam,0.00011708616511896253,0.0011733040446415544
5495,adam,0.00011706027726177126,0.0008886440773494542
5496,adam,0.00011703447671607137,0.000686225073877722
5497,adam,0.0001170088944490999,0.00042128071072511375
5498,adam,0.00011698327580234036,0.00046554853906854987
5499,adam,0.00011695813009282574,0.000695374037604779
5500,adam,0.00011693310079863295,0.0008537045796401799
5501,adam,0.00011690756946336478,0.0010412480914965272
5502,adam,0.00011688254016917199,0.0010620454559102654
5503,adam,0.00011685703066177666,0.001094754901714623
5504,adam,0.00011683171760523692,0.0009826280875131488
5505,adam,0.0001168057497125119,0.0008943566936068237
5506,adam,0.00011678091686917469,0.0007705563912168145
5507,adam,0.00011675518908305094,0.0006944022607058287
5508,adam,0.00011672974505927414,0.0007254157681018114
5509,adam,0.00011670465755742043,0.0007000226760283113
5510,adam,0.00011667968647088856,0.0007962049567140639
5511,adam,0.00011665448982967064,0.0007384030031971633
5512,adam,0.00011662922042887658,0.0008236219291575253
5513,adam,0.00011660406744340435,0.0007399666355922818
5514,adam,0.00011657873255899176,0.0008062976994551718
5515,adam,0.0001165536668850109,0.0007302442681975663
5516,adam,0.00011652844113996252,0.0008170801447704434
5517,adam,0.00011650327360257506,0.0007901504868641496
5518,adam,0.0001164781060651876,0.0008938960381783545
5519,adam,0.00011645305494312197,0.0009094670531339943
5520,adam,0.0001164280911325477,0.0009963291231542826
5521,adam,0.00011640289449132979,0.001036597415804863
5522,adam,0.00011637797433650121,0.001123549067415297
5523,adam,0.00011635290138656273,0.0011640473967418075
5524,adam,0.0001163282067864202,0.001228288747370243
5525,adam,0.00011630306835286319,0.0012709768489003181
5526,adam,0.00011627847561612725,0.0013653849018737674
5527,adam,0.00011625346087384969,0.0014374112943187356
5528,adam,0.00011622860620263964,0.0015756862703710794
5529,adam,0.00011620434088399634,0.0016819576267153025
5530,adam,0.00011617963900789618,0.0018863813020288944
5531,adam,0.00011615601397352293,0.002058581914752722
5532,adam,0.00011613222159212455,0.002356261480599642
5533,adam,0.00011610912770265713,0.0026344875805079937
5534,adam,0.0001160864339908585,0.0030703507363796234
5535,adam,0.00011606447515077889,0.0035016483161598444
5536,adam,0.00011604418978095055,0.004127643536776304
5537,adam,0.00011602588347159326,0.004795327316969633
5538,adam,0.00011600978177739307,0.0056778606958687305
5539,adam,0.00011599712888710201,0.006623636465519667
5540,adam,0.00011598988203331828,0.00785593781620264
5541,adam,0.00011599124991334975,0.009295972064137459
5542,adam,0.00011600431753322482,0.011153347790241241
5543,adam,0.00011603418533923104,0.013324916362762451
5544,adam,0.00011609061766648665,0.016089947894215584
5545,adam,0.0001161870313808322,0.01942327991127968
5546,adam,0.00011634481779765338,0.023647304624319077
5547,adam,0.00011659606389002874,0.028818486258387566
5548,adam,0.00011699389870045707,0.035361990332603455
5549,adam,0.00011761711357394233,0.043475691229104996
5550,adam,0.00011859820369863883,0.05374830588698387
5551,adam,0.00012013692321488634,0.06660759449005127
5552,adam,0.00012257500202395022,0.08293338119983673
5553,adam,0.00012642511865124106,0.10354873538017273
5554,adam,0.00013257797400001436,0.1297663301229477
5555,adam,0.0001423466601409018,0.16305449604988098
5556,adam,0.0001580972457304597,0.20540693402290344
5557,adam,0.00018313914188183844,0.2592921257019043
5558,adam,0.00022366207849700004,0.3275222182273865
5559,adam,0.00028725413721986115,0.4137263894081116
5560,adam,0.0003887562779709697,0.5207142233848572
5561,adam,0.0005404325784184039,0.6518359184265137
5562,adam,0.0007678199326619506,0.8048620820045471
5563,adam,0.0010605917777866125,0.974755585193634
5564,adam,0.0014158550184220076,1.1383671760559082
5565,adam,0.0016870474210008979,1.2636945247650146
5566,adam,0.001769417547620833,1.2933026552200317
5567,adam,0.0014608653727918863,1.1857185363769531
5568,adam,0.0009010277572087944,0.9182316064834595
5569,adam,0.0003748591698240489,0.5511392951011658
5570,adam,0.0001898759655887261,0.2742437422275543
5571,adam,0.0003677364147733897,0.4529259502887726
5572,adam,0.0006563785718753934,0.6829071044921875
5573,adam,0.0007651332416571677,0.7600920796394348
5574,adam,0.0005719568580389023,0.6521602869033813
5575,adam,0.00027327612042427063,0.39658334851264954
5576,adam,0.00013576538185589015,0.1468203365802765
5577,adam,0.00024081894662231207,0.31370291113853455
5578,adam,0.0004243932489771396,0.5047622323036194
5579,adam,0.00047094811452552676,0.5444530248641968
5580,adam,0.0003366285527590662,0.42523980140686035
5581,adam,0.00016430328832939267,0.1962110996246338
5582,adam,0.00012425881868693978,0.08157511800527573
5583,adam,0.00021751029998995364,0.29633039236068726
5584,adam,0.00030647614039480686,0.4020662009716034
5585,adam,0.00028957152971997857,0.37888970971107483
5586,adam,0.00019337105914019048,0.24827255308628082
5587,adam,0.0001277526025660336,0.0984509289264679
5588,adam,0.0001500123180449009,0.18878695368766785
5589,adam,0.00021022162400186062,0.29904505610466003
5590,adam,0.0002269074902869761,0.3202434182167053
5591,adam,0.0001823161874199286,0.24190257489681244
5592,adam,0.00013020986807532609,0.10143793374300003
5593,adam,0.00012279694783501327,0.08263740688562393
5594,adam,0.0001565528946230188,0.20142658054828644
5595,adam,0.00018363242270424962,0.25872665643692017
5596,adam,0.0001715819089440629,0.2337866872549057
5597,adam,0.00013741847942583263,0.14531491696834564
5598,adam,0.00011777839245041832,0.03340505063533783
5599,adam,0.00012709482689388096,0.09633783251047134
5600,adam,0.00014735417789779603,0.16925165057182312
5601,adam,0.00015239539789035916,0.18432676792144775
5602,adam,0.00013785305782221258,0.14697608351707458
5603,adam,0.00012145131768193096,0.076410211622715
5604,adam,0.00011922130943275988,0.04972051829099655
5605,adam,0.00012906624760944396,0.10245364159345627
5606,adam,0.00013702240539714694,0.13205258548259735
5607,adam,0.00013359346485231072,0.12293487787246704
5608,adam,0.0001229124318342656,0.07753807306289673
5609,adam,0.00011634755355771631,0.016842598095536232
5610,adam,0.00011881158570758998,0.04696938022971153
5611,adam,0.00012529283412732184,0.08825882524251938
5612,adam,0.00012801321281585842,0.10060843080282211
5613,adam,0.00012431062350515276,0.08265705406665802
5614,adam,0.000118512318294961,0.04617299139499664
5615,adam,0.00011625912156887352,0.021820997819304466
5616,adam,0.00011845699191326275,0.051627080887556076
5617,adam,0.00012152368435636163,0.07346750050783157
5618,adam,0.00012187743413960561,0.07420966029167175
5619,adam,0.0001192709751194343,0.05590708553791046
5620,adam,0.00011644782352959737,0.024757014587521553
5621,adam,0.0001159519306384027,0.0182217787951231
5622,adam,0.00011756254389183596,0.044396188110113144
5623,adam,0.00011913759226445109,0.05953953415155411
5624,adam,0.00011903342237928882,0.058869343250989914
5625,adam,0.00011743341747205704,0.04364367201924324
5626,adam,0.00011590420763241127,0.020688341930508614
5627,adam,0.00011566664761630818,0.011326367035508156
5628,adam,0.00011649213411146775,0.029658736661076546
5629,adam,0.00011726412049029022,0.040394097566604614
5630,adam,0.0001171723852166906,0.04003250598907471
5631,adam,0.0001163425695267506,0.030341526493430138
5632,adam,0.0001155680074589327,0.015087327919900417
5633,adam,0.00011546086170710623,0.010196221992373466
5634,adam,0.00011590175563469529,0.021740315482020378
5635,adam,0.00011632423411356285,0.029205569997429848
5636,adam,0.00011629523214651272,0.029384756460785866
5637,adam,0.00011584340245462954,0.022204214707016945
5638,adam,0.0001153663542936556,0.01141299307346344
5639,adam,0.00011521177657414228,0.00592046556994319
5640,adam,0.00011537573300302029,0.014674452133476734
5641,adam,0.00011559809354366735,0.020821040496230125
5642,adam,0.00011563140287762508,0.021621407940983772
5643,adam,0.00011543362779775634,0.017662983387708664
5644,adam,0.00011517395614646375,0.010012572631239891
5645,adam,0.00011504303256515414,0.0039457413367927074
5646,adam,0.00011508789611980319,0.00965376477688551
5647,adam,0.00011520749831106514,0.015390257351100445
5648,adam,0.00011526151502039284,0.0177852101624012
5649,adam,0.00011518538667587563,0.016268502920866013
5650,adam,0.00011503475980134681,0.01200812216848135
5651,adam,0.00011491408804431558,0.006663085427135229
5652,adam,0.00011487991287140176,0.004914300516247749
5653,adam,0.00011491308396216482,0.008376862853765488
5654,adam,0.00011494613863760605,0.010805255733430386
5655,adam,0.00011492511839605868,0.011163109913468361
5656,adam,0.00011484934657346457,0.008984850719571114
5657,adam,0.00011476213694550097,0.0052853855304419994
5658,adam,0.00011470537720015272,0.0011136993998661637
5659,adam,0.00011469287710497156,0.0035485997796058655
5660,adam,0.00011470336903585121,0.006635780446231365
5661,adam,0.00011470258323242888,0.00791847612708807
5662,adam,0.00011467342119431123,0.007682133466005325
5663,adam,0.00011462246038718149,0.005861654412001371
5664,adam,0.00011456997890491039,0.0033057432156056166
5665,adam,0.00011453504703240469,0.001782994600944221
5666,adam,0.0001145202768384479,0.0037254667840898037
5667,adam,0.00011451385944383219,0.005657066125422716
5668,adam,0.00011450012971181422,0.006530600134283304
5669,adam,0.00011447309225331992,0.0063539184629917145
5670,adam,0.0001144355337601155,0.0052932570688426495
5671,adam,0.00011439860099926591,0.003889398882165551
5672,adam,0.00011436987551860511,0.00305051333270967
5673,adam,0.00011434989573899657,0.0033141213934868574
5674,adam,0.00011433481267886236,0.004257502034306526
5675,adam,0.00011431664461269975,0.004743855446577072
5676,adam,0.00011429333972046152,0.004915175028145313
5677,adam,0.00011426523269619793,0.004585775546729565
5678,adam,0.00011423716205172241,0.004489611834287643
5679,adam,0.00011421171802794561,0.004625300876796246
5680,adam,0.00011419197107898071,0.005380149930715561
5681,adam,0.00011417614587116987,0.006243550684303045
5682,adam,0.00011416102643124759,0.0071449740789830685
5683,adam,0.00011414607433835045,0.007845516316592693
5684,adam,0.00011413084575906396,0.008535166271030903
5685,adam,0.00011411834566388279,0.009212907403707504
5686,adam,0.00011411154991947114,0.010185839608311653
5687,adam,0.00011411343439249322,0.011370553635060787
5688,adam,0.00011412688763812184,0.013037693686783314
5689,adam,0.00011415453627705574,0.014947559684515
5690,adam,0.00011420110240578651,0.01741379126906395
5691,adam,0.00011427433491917327,0.020263154059648514
5692,adam,0.00011438702495070174,0.023888317868113518
5693,adam,0.00011455737694632262,0.02816389501094818
5694,adam,0.00011481326509965584,0.033525336533784866
5695,adam,0.0001151962933363393,0.03993464261293411
5696,adam,0.0001157684819190763,0.04789046570658684
5697,adam,0.00011661910684779286,0.05747902765870094
5698,adam,0.00011789474956458434,0.06936779618263245
5699,adam,0.00011980273120570928,0.08387632668018341
5700,adam,0.00012269093713257462,0.10193926095962524
5701,adam,0.00012704569962807,0.12420704215765
5702,adam,0.00013371140812523663,0.152032271027565
5703,adam,0.0001438314066035673,0.18655994534492493
5704,adam,0.00015948424697853625,0.2297620326280594
5705,adam,0.00018328441365156323,0.28344279527664185
5706,adam,0.00022019402240402997,0.35021451115608215
5707,adam,0.00027550311642698944,0.43231862783432007
5708,adam,0.0003599358315113932,0.5322924256324768
5709,adam,0.00048017833614721894,0.6509249210357666
5710,adam,0.0006526223151013255,0.7869390249252319
5711,adam,0.0008650104864500463,0.9323434233665466
5712,adam,0.001115086954087019,1.0715255737304688
5713,adam,0.0013037830358371139,1.1733156442642212
5714,adam,0.0013732161605730653,1.2003295421600342
5715,adam,0.0011763643706217408,1.108005404472351
5716,adam,0.000791145779658109,0.8807658553123474
5717,adam,0.0003615067107602954,0.5355154871940613
5718,adam,0.0001298312854487449,0.13276952505111694
5719,adam,0.00017757053137756884,0.26015159487724304
5720,adam,0.0003925517958123237,0.557751476764679
5721,adam,0.0005693521234206855,0.7143335342407227
5722,adam,0.0005501789855770767,0.7038385272026062
5723,adam,0.0003673788160085678,0.53545743227005
5724,adam,0.00017293587734457105,0.25882652401924133
5725,adam,0.00011985690798610449,0.06302959471940994
5726,adam,0.0002109600172843784,0.3234045207500458
5727,adam,0.00032312169787473977,0.4811460077762604
5728,adam,0.0003403538139536977,0.5015459656715393
5729,adam,0.0002494686050340533,0.39064350724220276
5730,adam,0.000145710539072752,0.1887693852186203
5731,adam,0.00011761820496758446,0.049925029277801514
5732,adam,0.0001687325566308573,0.24107202887535095
5733,adam,0.00022868708765599877,0.353908896446228
5734,adam,0.00023164760204963386,0.3605647385120392
5735,adam,0.00017984627629630268,0.2697167694568634
5736,adam,0.00012652663281187415,0.11591947823762894
5737,adam,0.00011845486733363941,0.058901965618133545
5738,adam,0.0001501639635534957,0.194757878780365
5739,adam,0.0001794801210053265,0.2651926279067993
5740,adam,0.00017535783990751952,0.25781723856925964
5741,adam,0.00014424668916035444,0.18131718039512634
5742,adam,0.00011819034261861816,0.06372900307178497
5743,adam,0.0001183824788313359,0.061736445873975754
5744,adam,0.00013719494745600969,0.15526379644870758
5745,adam,0.00015090462693478912,0.19848713278770447
5746,adam,0.00014524457219522446,0.18300455808639526
5747,adam,0.00012755363422911614,0.11978071182966232
5748,adam,0.0001152263066614978,0.031027764081954956
5749,adam,0.00011754133447539061,0.05807790905237198
5750,adam,0.00012822428834624588,0.12213976681232452
5751,adam,0.00013442648923955858,0.14716430008411407
5752,adam,0.00013019396283198148,0.13119344413280487
5753,adam,0.00012043665628880262,0.0821998342871666
5754,adam,0.00011440320668043569,0.016330154612660408
5755,adam,0.00011617378186201677,0.04719635099172592
5756,adam,0.00012192880240036175,0.0921192392706871
5757,adam,0.00012503332982305437,0.10916854441165924
5758,adam,0.00012260345101822168,0.09630022943019867
5759,adam,0.00011738376633729786,0.06050429120659828
5760,adam,0.00011408718273742124,0.013280249200761318
5761,adam,0.0001148606461356394,0.03313075006008148
5762,adam,0.00011786964751081541,0.06652536243200302
5763,adam,0.00011971421190537512,0.0802382081747055
5764,adam,0.00011872954928549007,0.07352353632450104
5765,adam,0.0001160110259661451,0.049570538103580475
5766,adam,0.00011395516048651189,0.016376934945583344
5767,adam,0.00011394784814910963,0.017904747277498245
5768,adam,0.00011539444676600397,0.044111646711826324
5769,adam,0.00011662434553727508,0.05778134614229202
5770,adam,0.00011649319640127942,0.05648993328213692
5771,adam,0.00011521879059728235,0.04273170605301857
5772,adam,0.00011390928557375446,0.020541271194815636
5773,adam,0.00011350098066031933,0.004138853866606951
5774,adam,0.00011403112875996158,0.025329740718007088
5775,adam,0.00011479360546218231,0.03881266340613365
5776,adam,0.0001150524039985612,0.04283911734819412
5777,adam,0.00011461205576779321,0.03700137510895729
5778,adam,0.00011386245751054958,0.024043118581175804
5779,adam,0.00011336200259393081,0.0071295942179858685
5780,adam,0.00011337473551975563,0.009536773897707462
5781,adam,0.00011372793233022094,0.02265266515314579
5782,adam,0.00011403525422792882,0.02960013784468174
5783,adam,0.0001140228341682814,0.030007299035787582
5784,adam,0.00011371065920684487,0.024151835590600967
5785,adam,0.00011333756992826238,0.01418472733348608
5786,adam,0.0001131403842009604,0.002528395503759384
5787,adam,0.00011318556062178686,0.008902860805392265
5788,adam,0.00011335708404658362,0.01723671518266201
5789,adam,0.00011347314284648746,0.021242927759885788
5790,adam,0.00011342970537953079,0.020917290821671486
5791,adam,0.00011325639206916094,0.01655915565788746
5792,adam,0.00011306684609735385,0.009706434793770313
5793,adam,0.00011296304001007229,0.0020870380103588104
5794,adam,0.00011297178571112454,0.006018407177180052
5795,adam,0.00011303966311970726,0.01168304868042469
5796,adam,0.00011308598914183676,0.014578099362552166
5797,adam,0.00011306125088594854,0.014743142761290073
5798,adam,0.00011297339369775727,0.012152193114161491
5799,adam,0.0001128681396949105,0.007857066579163074
5800,adam,0.00011279578757239506,0.002659162972122431
5801,adam,0.00011277446174062788,0.002861959859728813
5802,adam,0.00011278899910394102,0.007004029117524624
5803,adam,0.0001128047879319638,0.009501260705292225
5804,adam,0.00011279385216766968,0.010339329950511456
5805,adam,0.00011275123688392341,0.00927131436765194
5806,adam,0.00011269073002040386,0.006984390318393707
5807,adam,0.00011263448686804622,0.003673579776659608
5808,adam,0.0001125986673287116,0.0006373541546054184
5809,adam,0.00011258487938903272,0.0032218575943261385
5810,adam,0.00011258108133915812,0.005496579688042402
5811,adam,0.00011257219011895359,0.0068571195006370544
5812,adam,0.0001125501876231283,0.006895345635712147
5813,adam,0.00011251492105657235,0.006013945676386356
5814,adam,0.0001124738046200946,0.004180881194770336
5815,adam,0.00011243684275541455,0.0020897220820188522
5816,adam,0.00011240989260841161,0.0005132280057296157
5817,adam,0.00011239132436458021,0.0022980612702667713
5818,adam,0.0001123766996897757,0.003862713696435094
5819,adam,0.00011235952115384862,0.004612681455910206
5820,adam,0.00011233715486014262,0.004792308900505304
5821,adam,0.00011230943346163258,0.004193482454866171
5822,adam,0.00011227894719922915,0.0032662840094417334
5823,adam,0.00011224966874578968,0.0019224808784201741
5824,adam,0.00011222291504964232,0.000682591344229877
5825,adam,0.00011219999578315765,0.0009465797920711339
5826,adam,0.00011217960127396509,0.0019526907708495855
5827,adam,0.00011216025450266898,0.0027845522854477167
5828,adam,0.00011213855759706348,0.003064011689275503
5829,adam,0.00011211521632503718,0.003071156330406666
5830,adam,0.0001120893211918883,0.002573868026956916
5831,adam,0.00011206360795767978,0.00197814404964447
5832,adam,0.00011203785834368318,0.0011293465504422784
5833,adam,0.00011201357119716704,0.0005425008130259812
5834,adam,0.00011199073924217373,0.0007269048364832997
5835,adam,0.00011196878767805174,0.0012596111046150327
5836,adam,0.0001119468652177602,0.0017815293977037072
5837,adam,0.00011192476085852832,0.0019731565844267607
5838,adam,0.00011190188524778932,0.0020738476887345314
5839,adam,0.00011187785275978968,0.0018389279721304774
5840,adam,0.00011185403855051845,0.0015892989467829466
5841,adam,0.00011182993330294266,0.0010945262620225549
5842,adam,0.00011180606088601053,0.0006922348984517157
5843,adam,0.00011178284330526367,0.00038858616608195007
5844,adam,0.00011175976396771148,0.000622717896476388
5845,adam,0.0001117377687478438,0.0010328586213290691
5846,adam,0.00011171518417540938,0.0012577824527397752
5847,adam,0.00011169318167958409,0.0014584085438400507
5848,adam,0.00011166983313160017,0.001403884612955153
5849,adam,0.0001116463536163792,0.0013433598214760423
5850,adam,0.00011162324517499655,0.0010818440932780504
5851,adam,0.00011160056601511315,0.000867457827553153
5852,adam,0.00011157685366924852,0.0005486927111633122
5853,adam,0.00011155367974424735,0.0003960335743613541
5854,adam,0.0001115309278247878,0.0004695082316175103
5855,adam,0.00011150779027957469,0.0006058299331925809
5856,adam,0.00011148562043672428,0.0008342831861227751
5857,adam,0.00011146308679599315,0.0009104799246415496
5858,adam,0.00011144017480546609,0.0010555611224845052
5859,adam,0.00011141796130686998,0.0010359784355387092
5860,adam,0.00011139494017697871,0.0010532555170357227
5861,adam,0.00011137205001432449,0.0009450679644942284
5862,adam,0.00011134873057017103,0.0009185145027004182
5863,adam,0.00011132624058518559,0.000817525084130466
5864,adam,0.0001113033140427433,0.0007717690314166248
5865,adam,0.00011128045298391953,0.000717660179361701
5866,adam,0.0001112577083404176,0.0006914263358339667
5867,adam,0.00011123475997010246,0.000730586820282042
5868,adam,0.00011121253919554874,0.0007256314274854958
5869,adam,0.00011118978727608919,0.0008383242529816926
5870,adam,0.00011116750101791695,0.0008469687891192734
5871,adam,0.00011114492372144014,0.0009717741631902754
5872,adam,0.00011112201173091307,0.000947883352637291
5873,adam,0.000111099609057419,0.0010467624524608254
5874,adam,0.00011107703176094219,0.0010213896166533232
5875,adam,0.00011105486191809177,0.0011365966638550162
5876,adam,0.00011103216093033552,0.0011212363606318831
5877,adam,0.00011100987467216328,0.001263864105567336
5878,adam,0.00011098779941676185,0.0013269231421872973
5879,adam,0.00011096554226242006,0.0015527658397331834
5880,adam,0.00011094383080489933,0.0017179605783894658
5881,adam,0.00011092230852227658,0.002024994697421789
5882,adam,0.00011090104089817032,0.0022910116240382195
5883,adam,0.0001108806100091897,0.002723944140598178
5884,adam,0.00011086067388532683,0.0031710800249129534
5885,adam,0.00011084226571256295,0.003791030030697584
5886,adam,0.00011082515266025439,0.004458978306502104
5887,adam,0.00011081119009759277,0.0053519983775913715
5888,adam,0.00011080067633884028,0.006371200084686279
5889,adam,0.0001107967909774743,0.007710825651884079
5890,adam,0.00011080157855758443,0.009315622970461845
5891,adam,0.0001108212600229308,0.011386997997760773
5892,adam,0.00011086151789641008,0.013883760198950768
5893,adam,0.00011093592183897272,0.01707545481622219
5894,adam,0.00011106243618996814,0.021011266857385635
5895,adam,0.00011127039761049673,0.0260224100202322
5896,adam,0.00011160822759848088,0.032264307141304016
5897,adam,0.00011215105769224465,0.040202364325523376
5898,adam,0.00011301920312689617,0.05017245188355446
5899,adam,0.00011441323295002803,0.0628814846277237
5900,adam,0.00011664461635518819,0.07898283749818802
5901,adam,0.00012024828902212903,0.09956439584493637
5902,adam,0.0001260510180145502,0.12583427131175995
5903,adam,0.00013551874144468457,0.15951482951641083
5904,adam,0.00015084476035553962,0.20272569358348846
5905,adam,0.00017602041771169752,0.2580506503582001
5906,adam,0.00021658932382706553,0.3288915157318115
5907,adam,0.0002829715667758137,0.41859912872314453
5908,adam,0.0003870133077725768,0.5315642952919006
5909,adam,0.0005513383075594902,0.6693155765533447
5910,adam,0.0007863931823521852,0.8327623605728149
5911,adam,0.0011128291953355074,1.0101454257965088
5912,adam,0.0014619106659665704,1.1820783615112305
5913,adam,0.0017570208292454481,1.3000421524047852
5914,adam,0.0017472979379817843,1.3125784397125244
5915,adam,0.0013808554504066706,1.1615185737609863
5916,adam,0.0007599594537168741,0.8528825044631958
5917,adam,0.00028203451074659824,0.4572140872478485
5918,adam,0.00021608031238429248,0.2995649576187134
5919,adam,0.0004832921549677849,0.5594499111175537
5920,adam,0.0007604652200825512,0.7571670413017273
5921,adam,0.0007424390059895813,0.7615962624549866
5922,adam,0.00045303351362235844,0.5683254599571228
5923,adam,0.00017078327073249966,0.2526991367340088
5924,adam,0.0001525802945252508,0.17914460599422455
5925,adam,0.00034513307036831975,0.44272658228874207
5926,adam,0.0004906824324280024,0.5681757926940918
5927,adam,0.0004264629678800702,0.5147492289543152
5928,adam,0.00022750940115656704,0.30960866808891296
5929,adam,0.00011655734124360606,0.06402888894081116
5930,adam,0.00018114878912456334,0.2564288079738617
5931,adam,0.0002971268258988857,0.40775877237319946
5932,adam,0.0003112875856459141,0.4180005192756653
5933,adam,0.000213947772863321,0.29280605912208557
5934,adam,0.00012809470354113728,0.11117663234472275
5935,adam,0.00014107568131294101,0.18139752745628357
5936,adam,0.00021065604232717305,0.315569132566452
5937,adam,0.00023537848028354347,0.3482531011104584
5938,adam,0.00018463717424310744,0.26343685388565063
5939,adam,0.00012417476682458073,0.1027652844786644
5940,adam,0.00011844922119053081,0.08164896816015244
5941,adam,0.00015857252583373338,0.21778438985347748
5942,adam,0.00018564931815490127,0.2735033929347992
5943,adam,0.00016600203525740653,0.23524075746536255
5944,adam,0.00012729575973935425,0.1312011480331421
5945,adam,0.00011388282291591167,0.0423816479742527
5946,adam,0.00013185810530558228,0.13295108079910278
5947,adam,0.00015077552234288305,0.1898375153541565
5948,adam,0.0001457148464396596,0.17988434433937073
5949,adam,0.00012452816008590162,0.11604088544845581
5950,adam,0.00011255392018938437,0.038950562477111816
5951,adam,0.00012019366113236174,0.08538743853569031
5952,adam,0.00013320439029484987,0.13584642112255096
5953,adam,0.00013412923726718873,0.1401599794626236
5954,adam,0.000122696059406735,0.09986062347888947
5955,adam,0.00011226560309296474,0.030691230669617653
5956,adam,0.00011291439295746386,0.04203556850552559
5957,adam,0.00012074345431756228,0.09265455603599548
5958,adam,0.00012469998910091817,0.10969880223274231
5959,adam,0.00012048494681948796,0.09035877138376236
5960,adam,0.0001136746141128242,0.04695063829421997
5961,adam,0.00011152072693221271,0.02812567912042141
5962,adam,0.00011485590221127495,0.06518332660198212
5963,adam,0.00011842234380310401,0.08713989704847336
5964,adam,0.00011767342948587611,0.08161235600709915
5965,adam,0.00011367775732651353,0.052796658128499985
5966,adam,0.00011088274914072827,0.011865406297147274
5967,adam,0.00011160504800500348,0.03067738190293312
5968,adam,0.00011412236199248582,0.0588502511382103
5969,adam,0.00011523317516548559,0.06782666593790054
5970,adam,0.00011378260387573391,0.05725063756108284
5971,adam,0.00011154203821206465,0.03286508843302727
5972,adam,0.00011075571092078462,0.013777116313576698
5973,adam,0.00011169593199156225,0.030875330790877342
5974,adam,0.00011285248183412477,0.04527660086750984
5975,adam,0.00011281061597401276,0.04577880725264549
5976,adam,0.00011164524767082185,0.03299425169825554
5977,adam,0.000110589389805682,0.01280661765486002
5978,adam,0.00011056348739657551,0.011036001145839691
5979,adam,0.00011128118057968095,0.02769964560866356
5980,adam,0.00011180106230312958,0.03504190593957901
5981,adam,0.00011156864638905972,0.03218146041035652
5982,adam,0.00011085684673162177,0.021234504878520966
5983,adam,0.00011036304204026237,0.008523521944880486
5984,adam,0.00011043878475902602,0.014113678596913815
5985,adam,0.00011080904369009659,0.023860998451709747
5986,adam,0.00011098729009972885,0.02737429551780224
5987,adam,0.00011077284580096602,0.023500759154558182
5988,adam,0.00011037471995223314,0.013797830790281296
5989,adam,0.00011014763731509447,0.0022626658901572227
5990,adam,0.00011022548278560862,0.010419953614473343
5991,adam,0.00011043129779864103,0.018416037783026695
5992,adam,0.00011051400360884145,0.021098516881465912
5993,adam,0.00011038438969990239,0.018505549058318138
5994,adam,0.00011015889322152361,0.012088054791092873
5995,adam,0.00011002492101397365,0.005194010678678751
5996,adam,0.00011004970292560756,0.0075743068009614944
5997,adam,0.00011014169285772368,0.012372246943414211
5998,adam,0.00011017129145329818,0.014315109699964523
5999,adam,0.00011009104491677135,0.012463713996112347
6000,adam,0.00010995872435159981,0.0077508967369794846
6001,adam,0.00010986965935444459,0.0016326223267242312
6002,adam,0.00010986605047946796,0.004395510535687208
6003,adam,0.00010990540613420308,0.008733819238841534
6004,adam,0.00010992097668349743,0.010398727841675282
6005,adam,0.00010988054418703541,0.009504947811365128
6006,adam,0.0001098042557714507,0.006482905242592096
6007,adam,0.00010974184260703623,0.002908440539613366
6008,adam,0.00010972035670420155,0.00355826155282557
6009,adam,0.00010972831660183147,0.006599725224077702
6010,adam,0.00010973249300150201,0.008403207175433636
6011,adam,0.00010970921721309423,0.008345602080225945
6012,adam,0.0001096617997973226,0.0067011588253080845
6013,adam,0.00010961308726109564,0.00420474074780941
6014,adam,0.00010958292114082724,0.0025352132506668568
6015,adam,0.00010957106860587373,0.003724113805219531
6016,adam,0.00010956398909911513,0.005088141653686762
6017,adam,0.00010954755998682231,0.005619339644908905
6018,adam,0.00010951722651952878,0.004900086205452681
6019,adam,0.00010947990085696802,0.003461761400103569
6020,adam,0.0001094474209821783,0.0017590016359463334
6021,adam,0.00010942512744804844,0.00210787495598197
6022,adam,0.00010941046639345586,0.0034684636630117893
6023,adam,0.00010939542698906735,0.004286289215087891
6024,adam,0.00010937362094409764,0.004309587646275759
6025,adam,0.0001093457467504777,0.003504825057461858
6026,adam,0.00010931618453469127,0.0022689986508339643
6027,adam,0.00010929055861197412,0.001046178163960576
6028,adam,0.00010926948016276583,0.0012756681535393
6029,adam,0.00010925182868959382,0.002259192755445838
6030,adam,0.00010923243826255202,0.00269717862829566
6031,adam,0.00010921011562459171,0.002694548573344946
6032,adam,0.00010918460611719638,0.002043773652985692
6033,adam,0.00010915997700067237,0.0012825655285269022
6034,adam,0.00010913684673141688,0.0005482545238919556
6035,adam,0.00010911574645433575,0.0009880479192361236
6036,adam,0.00010909524280577898,0.0016348693752661347
6037,adam,0.00010907496471190825,0.0019608591683208942
6038,adam,0.00010905340604949743,0.0020407121628522873
6039,adam,0.00010903042129939422,0.0017285739304497838
6040,adam,0.00010900683992076665,0.0012406543828547
6041,adam,0.00010898442997131497,0.0007198354578576982
6042,adam,0.00010896236926782876,0.0006361427949741483
6043,adam,0.00010894163278862834,0.0010735461255535483
6044,adam,0.00010892072168644518,0.0012822073185816407
6045,adam,0.00010889963596127927,0.0014692152617499232
6046,adam,0.00010887764801736921,0.0013194462517276406
6047,adam,0.00010885510710068047,0.0012477640993893147
6048,adam,0.00010883356299018487,0.0011120372219011188
6049,adam,0.00010881174966925755,0.0013626681175082922
6050,adam,0.00010879107867367566,0.001688700751401484
6051,adam,0.00010877080057980493,0.0021390339825302362
6052,adam,0.00010875076259253547,0.002490786835551262
6053,adam,0.00010873079736484215,0.0029117106460034847
6054,adam,0.00010871186532313004,0.003313339315354824
6055,adam,0.000108693478978239,0.003917088266462088
6056,adam,0.00010867801756830886,0.00460383016616106
6057,adam,0.00010866545926546678,0.005641385447233915
6058,adam,0.0001086588017642498,0.006844944320619106
6059,adam,0.00010865968943107873,0.008524457924067974
6060,adam,0.00010867352830246091,0.010531858541071415
6061,adam,0.00010870715777855366,0.013231821358203888
6062,adam,0.00010877313616219908,0.016506953164935112
6063,adam,0.00010889008990488946,0.0207841657102108
6064,adam,0.00010908885451499373,0.02609187550842762
6065,adam,0.00010942271910607815,0.033002182841300964
6066,adam,0.00010997607751050964,0.04171787574887276
6067,adam,0.00011089342297054827,0.053045302629470825
6068,adam,0.00011241227912250906,0.06752271950244904
6069,adam,0.0001149445233750157,0.08639264106750488
6070,adam,0.00011916090443264693,0.11077218502759933
6071,adam,0.00012624850205611438,0.14261412620544434
6072,adam,0.00013809558004140854,0.1839340776205063
6073,adam,0.0001581404940225184,0.23785151541233063
6074,adam,0.00019161580712534487,0.3078307807445526
6075,adam,0.0002482011914253235,0.39846301078796387
6076,adam,0.0003407169133424759,0.5144357085227966
6077,adam,0.0004927887348458171,0.6602559685707092
6078,adam,0.0007229418260976672,0.8370517492294312
6079,adam,0.0010609987657517195,1.0382486581802368
6080,adam,0.001455658464692533,1.239605188369751
6081,adam,0.0018302472308278084,1.39354407787323
6082,adam,0.0018816147930920124,1.421157717704773
6083,adam,0.001505044405348599,1.25398850440979
6084,adam,0.0007645026198588312,0.8644053339958191
6085,adam,0.00020014180336147547,0.3223770260810852
6086,adam,0.0001704069145489484,0.24908307194709778
6087,adam,0.0005453712656162679,0.6898863911628723
6088,adam,0.0008555452805012465,0.9048495292663574
6089,adam,0.000741522409953177,0.8389365077018738
6090,adam,0.00035484397085383534,0.5219777822494507
6091,adam,0.0001165747016784735,0.07919522374868393
6092,adam,0.00023532389604952186,0.36233317852020264
6093,adam,0.0004713877278845757,0.6235331892967224
6094,adam,0.0004858137108385563,0.6389940977096558
6095,adam,0.0002760264032986015,0.4241234362125397
6096,adam,0.00011605153849814087,0.07868368178606033
6097,adam,0.00017767801182344556,0.267061322927475
6098,adam,0.00032115436624735594,0.4744497537612915
6099,adam,0.00032748718513175845,0.48288100957870483
6100,adam,0.0001985381677513942,0.30863767862319946
6101,adam,0.00011130374332424253,0.03381829336285591
6102,adam,0.00015916897973511368,0.22827711701393127
6103,adam,0.00024139219021890312,0.3741561472415924
6104,adam,0.00023093905474524945,0.35899293422698975
6105,adam,0.00014987301256041974,0.2050972729921341
6106,adam,0.00011054760398110375,0.01577826403081417
6107,adam,0.00014994878438301384,0.20700769126415253
6108,adam,0.00019329969654791057,0.2980363667011261
6109,adam,0.00017489524907432497,0.2625744938850403
6110,adam,0.0001255879324162379,0.12708839774131775
6111,adam,0.00011197403364349157,0.046117767691612244
6112,adam,0.00014079028915148228,0.18255393207073212
6113,adam,0.00016093594604171813,0.23428890109062195
6114,adam,0.000142779215821065,0.187705859541893
6115,adam,0.0001147074144682847,0.07132132351398468
6116,adam,0.00011326901585562155,0.06263930350542068
6117,adam,0.00013251969357952476,0.15801472961902618
6118,adam,0.00014016623026691377,0.18225756287574768
6119,adam,0.0001257778494618833,0.13210532069206238
6120,adam,0.00011078845273004845,0.03534761816263199
6121,adam,0.00011342413927195594,0.06576672941446304
6122,adam,0.00012517049617599696,0.13122083246707916
6123,adam,0.0001272240187972784,0.1393975019454956
6124,adam,0.00011728060053428635,0.09275570511817932
6125,adam,0.00010954908793792129,0.01535959541797638
6126,adam,0.000112652123789303,0.06051298975944519
6127,adam,0.00011944935249630362,0.10572036355733871
6128,adam,0.0001194874057546258,0.10635916143655777
6129,adam,0.00011315807932987809,0.0667678639292717
6130,adam,0.00010912056313827634,0.006820822134613991
6131,adam,0.0001114547485485673,0.0509658046066761
6132,adam,0.00011533954238984734,0.08293700963258743
6133,adam,0.00011498305684654042,0.08118192106485367
6134,adam,0.00011114751396235079,0.04963770508766174
6135,adam,0.00010890512203332037,0.004850923083722591
6136,adam,0.00011036636715289205,0.04002382233738899
6137,adam,0.00011263675696682185,0.06381285190582275
6138,adam,0.000112406094558537,0.0625908225774765
6139,adam,0.00011012895993189886,0.03884673863649368
6140,adam,0.00010873532301047817,0.004597395192831755
6141,adam,0.00010951727017527446,0.029388774186372757
6142,adam,0.00011087887833127752,0.048438116908073425
6143,adam,0.00011085024743806571,0.04882173612713814
6144,adam,0.00010953949822578579,0.03177312761545181
6145,adam,0.0001085938565665856,0.00569818913936615
6146,adam,0.00010892113641602919,0.020153263583779335
6147,adam,0.00010974574252031744,0.036101698875427246
6148,adam,0.00010986113193212077,0.03825400024652481
6149,adam,0.00010914415906881914,0.026920801028609276
6150,adam,0.00010848600504687056,0.007825820706784725
6151,adam,0.00010854088759515435,0.012276907451450825
6152,adam,0.00010901521454798058,0.0260614100843668
6153,adam,0.00010919238411588594,0.029942860826849937
6154,adam,0.00010884345101658255,0.023312432691454887
6155,adam,0.00010839464812306687,0.009804909117519855
6156,adam,0.00010830943938344717,0.006018662825226784
6157,adam,0.00010854887659661472,0.01792146824300289
6158,adam,0.00010871875565499067,0.023049570620059967
6159,adam,0.00010858463065233082,0.020115401595830917
6160,adam,0.00010830004612216726,0.011185694485902786
6161,adam,0.00010815983841894194,0.0008790228166617453
6162,adam,0.00010824357741512358,0.010850014165043831
6163,adam,0.00010837055742740631,0.016820313408970833
6164,adam,0.00010835004650289193,0.01679595559835434
6165,adam,0.00010819179442478344,0.011706320568919182
6166,adam,0.00010805515921674669,0.00337382429279387
6167,adam,0.00010804591875057667,0.005103364121168852
6168,adam,0.00010811477113747969,0.011277004145085812
6169,adam,0.00010813940752996132,0.013280953280627728
6170,adam,0.00010806887439684942,0.01123233512043953
6171,adam,0.00010796433343784884,0.005893236491829157
6172,adam,0.00010791075328597799,0.0007784207118675113
6173,adam,0.00010792525426950306,0.0063112108036875725
6174,adam,0.00010795009438879788,0.00944722443819046
6175,adam,0.00010792956891236827,0.0096510611474514
6176,adam,0.00010786650818772614,0.006901753135025501
6177,adam,0.00010780653246911243,0.002629523864015937
6178,adam,0.00010778417345136404,0.0023212870582938194
6179,adam,0.00010778975411085412,0.005775866564363241
6180,adam,0.000107786720036529,0.007413327228277922
6181,adam,0.0001077562992577441,0.006662412546575069
6182,adam,0.00010770896915346384,0.004260184243321419
6183,adam,0.0001076715998351574,0.0009190880227833986
6184,adam,0.00010765564366010949,0.0024751636665314436
6185,adam,0.00010764935723273084,0.004752184264361858
6186,adam,0.00010763468162622303,0.005378917790949345
6187,adam,0.000107604602817446,0.00458665331825614
6188,adam,0.0001075695690815337,0.0024836775846779346
6189,adam,0.00010754240065580234,0.0004302432935219258
6190,adam,0.00010752566595328972,0.0023832230363041162
6191,adam,0.00010751265654107556,0.0037213461473584175
6192,adam,0.00010749376815510914,0.0040398030541837215
6193,adam,0.00010746684711193666,0.003148687770590186
6194,adam,0.00010743856546469033,0.001683192327618599
6195,adam,0.0001074148021871224,0.0005050565232522786
6196,adam,0.00010739661229308695,0.0018093608086928725
6197,adam,0.00010737936827354133,0.0027963081374764442
6198,adam,0.00010735914838733152,0.002886064350605011
6199,adam,0.00010733517410699278,0.0023541958071291447
6200,adam,0.00010731031943578273,0.0011918839300051332
6201,adam,0.00010728789493441582,0.0004476697067730129
6202,adam,0.00010726838081609458,0.0014061273541301489
6203,adam,0.0001072495651897043,0.002078934106975794
6204,adam,0.00010722973092924803,0.0023332699202001095
6205,adam,0.00010720699356170371,0.0019323589513078332
6206,adam,0.00010718395787989721,0.0012570988619700074
6207,adam,0.00010716206452343613,0.0004603257984854281
6208,adam,0.00010714147356338799,0.0007335998234339058
6209,adam,0.00010712168295867741,0.001375586143694818
6210,adam,0.00010710128117352724,0.0015569977695122361
6211,adam,0.00010708013724070042,0.0014894116902723908
6212,adam,0.00010705817840062082,0.0009822589345276356
6213,adam,0.00010703670704970136,0.0004899888299405575
6214,adam,0.00010701567953219637,0.0005638434668071568
6215,adam,0.0001069950230885297,0.0009168728720396757
6216,adam,0.00010697481775423512,0.0012116316938772798
6217,adam,0.00010695435048546642,0.0011074725771322846
6218,adam,0.00010693285003071651,0.0009461728623136878
6219,adam,0.00010691163333831355,0.0005791549920104444
6220,adam,0.00010689082409953699,0.0005566111067309976
6221,adam,0.00010687007306842133,0.0007579446537420154
6222,adam,0.00010684956941986457,0.000914046133402735
6223,adam,0.00010682894935598597,0.001001607277430594
6224,adam,0.00010680822742870077,0.0008504394209012389
6225,adam,0.00010678726539481431,0.0006798412650823593
6226,adam,0.00010676635429263115,0.0004279351851437241
6227,adam,0.00010674558870960027,0.00036480603739619255
6228,adam,0.000106724830402527,0.0005246633081696928
6229,adam,0.0001067046687239781,0.0006345418514683843
6230,adam,0.00010668393224477768,0.0007477123872376978
6231,adam,0.0001066632685251534,0.000668057706207037
6232,adam,0.00010664224828360602,0.0005785099929198623
6233,adam,0.00010662190470611677,0.0004459842457436025
6234,adam,0.00010660092812031507,0.0003997806925326586
6235,adam,0.00010658062092261389,0.000524624832905829
6236,adam,0.00010655997903086245,0.0005406701820902526
6237,adam,0.00010653919889591634,0.0006103704799897969
6238,adam,0.0001065188116626814,0.0005091652856208384
6239,adam,0.00010649817704688758,0.0004945615655742586
6240,adam,0.00010647770977811888,0.00040930171962827444
6241,adam,0.00010645703878253698,0.00039200158789753914
6242,adam,0.0001064365278580226,0.00042013509664684534
6243,adam,0.00010641581320669502,0.0004158027586527169
6244,adam,0.00010639546235324815,0.0004941154038533568
6245,adam,0.00010637479863362387,0.000446738995378837
6246,adam,0.00010635455691954121,0.00048079885891638696
6247,adam,0.00010633365309331566,0.00039589815423823893
6248,adam,0.00010631350596668199,0.0003998595930170268
6249,adam,0.00010629300959408283,0.00036283209919929504
6250,adam,0.00010627254960127175,0.00035945401759818196
6251,adam,0.00010625211143633351,0.0003786269517149776
6252,adam,0.00010623160778777674,0.0003723178233485669
6253,adam,0.0001062112205545418,0.00040354966768063605
6254,adam,0.00010619073873385787,0.00037433201214298606
6255,adam,0.00010617032239679247,0.00041374508873559535
6256,adam,0.00010614999337121844,0.00037400584551505744
6257,adam,0.00010612962796585634,0.0004027183458674699
6258,adam,0.0001061093935277313,0.0003869312640745193
6259,adam,0.00010608891170704737,0.0004253087972756475
6260,adam,0.00010606850264593959,0.00044202053686603904
6261,adam,0.00010604826820781454,0.00047513909521512687
6262,adam,0.00010602761904010549,0.0004906883696094155
6263,adam,0.00010600745008559898,0.0005019819363951683
6264,adam,0.00010598713561194018,0.0005066466983407736
6265,adam,0.0001059671922121197,0.0005072106723673642
6266,adam,0.00010594693594612181,0.0005216614808887243
6267,adam,0.0001059264104696922,0.0005656671710312366
6268,adam,0.00010590600868454203,0.0005638888687826693
6269,adam,0.000105885679658968,0.0005951285711489618
6270,adam,0.00010586545977275819,0.0005417910288088024
6271,adam,0.00010584554547676817,0.0006025744369253516
6272,adam,0.000105824634374585,0.0005625978810712695
6273,adam,0.00010580461093923077,0.0006160493358038366
6274,adam,0.00010578429646557197,0.0005707935197278857
6275,adam,0.00010576414206298068,0.0006269866717047989
6276,adam,0.00010574389307294041,0.0006503450567834079
6277,adam,0.00010572376777417958,0.000744888442568481
6278,adam,0.00010570383892627433,0.0008176836417987943
6279,adam,0.00010568360448814929,0.0009300914825871587
6280,adam,0.0001056633482221514,0.0010391036048531532
6281,adam,0.00010564362310105935,0.0011859340593218803
6282,adam,0.00010562352690612897,0.0012997443554922938
6283,adam,0.00010560402006376535,0.0014482337282970548
6284,adam,0.00010558401118032634,0.001571171684190631
6285,adam,0.00010556506458669901,0.0017873365432024002
6286,adam,0.00010554573964327574,0.002000759355723858
6287,adam,0.00010552672029007226,0.00232724379748106
6288,adam,0.00010550864681135863,0.0026363120414316654
6289,adam,0.00010549095168244094,0.003104156581684947
6290,adam,0.00010547406418481842,0.003600530093535781
6291,adam,0.00010545928671490401,0.0042760418727993965
6292,adam,0.00010544615361141041,0.005006901454180479
6293,adam,0.00010543617099756375,0.005956010427325964
6294,adam,0.00010543074313318357,0.007033239584416151
6295,adam,0.00010543170355958864,0.008428198285400867
6296,adam,0.00010544274118728936,0.010082500986754894
6297,adam,0.00010546977136982605,0.012203538790345192
6298,adam,0.0001055195607477799,0.014744188636541367
6299,adam,0.00010560392547631636,0.017946487292647362
6300,adam,0.00010574205953162163,0.021830307319760323
6301,adam,0.00010596069478197023,0.0267082080245018
6302,adam,0.00010630352335283533,0.03270009160041809
6303,adam,0.00010683929576771334,0.04023338109254837
6304,adam,0.000107672625745181,0.049577053636312485
6305,adam,0.00010897712490987033,0.06135861948132515
6306,adam,0.00011101663403678685,0.07613402605056763
6307,adam,0.00011424348485888913,0.09486641734838486
6308,adam,0.00011932933557545766,0.11854729056358337
6309,adam,0.00012745046115014702,0.14859157800674438
6310,adam,0.0001402811030857265,0.18666021525859833
6311,adam,0.0001608854508958757,0.2348267287015915
6312,adam,0.000193257539649494,0.29571908712387085
6313,adam,0.0002450222964398563,0.3718922734260559
6314,adam,0.0003240881487727165,0.46655991673469543
6315,adam,0.00044633925426751375,0.5807271003723145
6316,adam,0.000617397075984627,0.7147771716117859
6317,adam,0.0008528032922185957,0.859932005405426
6318,adam,0.00110547652002424,1.0017497539520264
6319,adam,0.001333696534857154,1.1050255298614502
6320,adam,0.001363573013804853,1.1305217742919922
6321,adam,0.001152726006694138,1.0312103033065796
6322,adam,0.0007105587283149362,0.7992014288902283
6323,adam,0.00029668211936950684,0.4627276062965393
6324,adam,0.00013090556603856385,0.1654127538204193
6325,adam,0.0002460753603372723,0.34578171372413635
6326,adam,0.00047453446313738823,0.581201434135437
6327,adam,0.0005889007588848472,0.6814736127853394
6328,adam,0.0004979426739737391,0.6251505017280579
6329,adam,0.0002847937576007098,0.44045352935791016
6330,adam,0.00014485730207525194,0.21833543479442596
6331,adam,0.00017069901514332741,0.2305237501859665
6332,adam,0.0002869780291803181,0.3901125490665436
6333,adam,0.0003517059958539903,0.4654955565929413
6334,adam,0.00029267393983900547,0.4171246886253357
6335,adam,0.0001776052376953885,0.2698363661766052
6336,adam,0.00011985032324446365,0.12732632458209991
6337,adam,0.00015866065223235637,0.20521409809589386
6338,adam,0.00022822068422101438,0.31710293889045715
6339,adam,0.00024319330987054855,0.3401440978050232
6340,adam,0.00018937309505417943,0.26705700159072876
6341,adam,0.00012411460920702666,0.12986411154270172
6342,adam,0.00011054258357034996,0.06240168586373329
6343,adam,0.00014830213331151754,0.18616004288196564
6344,adam,0.00018472736701369286,0.2539597451686859
6345,adam,0.00017924385610967875,0.24589812755584717
6346,adam,0.00014034337073098868,0.16825884580612183
6347,adam,0.0001091493249987252,0.05032934248447418
6348,adam,0.00011209525109734386,0.07488028705120087
6349,adam,0.00013657727686222643,0.16057725250720978
6350,adam,0.0001508394634583965,0.1943739503622055
6351,adam,0.0001402078487444669,0.1687455028295517
6352,adam,0.00011842152161989361,0.10068225115537643
6353,adam,0.00010725689207902178,0.042667362838983536
6354,adam,0.00011399695358704776,0.09145413339138031
6355,adam,0.0001265695900656283,0.13833925127983093
6356,adam,0.00012929322838317603,0.1435086578130722
6357,adam,0.00012013243394903839,0.11083634942770004
6358,adam,0.00010938583727693185,0.056735843420028687
6359,adam,0.00010695426317397505,0.0436016209423542
6360,adam,0.00011282019841019064,0.08791708946228027
6361,adam,0.00011875404015881941,0.11318414658308029
6362,adam,0.00011791202268796042,0.10856298357248306
6363,adam,0.0001115345221478492,0.07520532608032227
6364,adam,0.00010615726932883263,0.02691231667995453
6365,adam,0.00010608817683532834,0.031183060258626938
6366,adam,0.00010999377991538495,0.06962622702121735
6367,adam,0.00011305346561130136,0.08829908818006516
6368,adam,0.00011205964983673766,0.08234775811433792
6369,adam,0.00010834395652636886,0.056826211512088776
6370,adam,0.00010547579586273059,0.020596573129296303
6371,adam,0.00010552506864769384,0.020216766744852066
6372,adam,0.00010759986616903916,0.04871760308742523
6373,adam,0.00010917034524027258,0.06235608085989952
6374,adam,0.00010867169476114213,0.060033168643713
6375,adam,0.00010679259867174551,0.043495651334524155
6376,adam,0.00010533069871598855,0.02135804109275341
6377,adam,0.0001053035375662148,0.017946865409612656
6378,adam,0.00010629159805830568,0.03403589874505997
6379,adam,0.00010705429303925484,0.04355885833501816
6380,adam,0.0001067841803887859,0.04149993136525154
6381,adam,0.00010580891103018075,0.03044879250228405
6382,adam,0.00010502000077394769,0.015377945266664028
6383,adam,0.0001049690181389451,0.012786846607923508
6384,adam,0.00010548946738708764,0.024388929829001427
6385,adam,0.00010594821651466191,0.0312570296227932
6386,adam,0.00010587070573819801,0.03100888431072235
6387,adam,0.00010534681496210396,0.02330305427312851
6388,adam,0.00010482664220035076,0.01098164264112711
6389,adam,0.0001046702018356882,0.0029329543467611074
6390,adam,0.00010489139094715938,0.014393188059329987
6391,adam,0.00010519177158130333,0.02189076691865921
6392,adam,0.00010526119149290025,0.02330937050282955
6393,adam,0.00010505285172257572,0.01974477432668209
6394,adam,0.00010474887676537037,0.012502065859735012
6395,adam,0.00010456574818817899,0.005466772709041834
6396,adam,0.00010458949691383168,0.00878322497010231
6397,adam,0.00010472400026628748,0.0144093232229352
6398,adam,0.00010480409400770441,0.01711430959403515
6399,adam,0.00010474684677319601,0.0158541202545166
6400,adam,0.00010459508484927937,0.011496208608150482
6401,adam,0.00010445670341141522,0.005847166758030653
6402,adam,0.00010441451740916818,0.004846337717026472
6403,adam,0.00010445764928590506,0.009346798062324524
6404,adam,0.00010451248090248555,0.012453675270080566
6405,adam,0.00010451325942995027,0.013128337450325489
6406,adam,0.00010444634972373024,0.01118922047317028
6407,adam,0.00010435095464345068,0.007255410309880972
6408,adam,0.00010428160021547228,0.002315397607162595
6409,adam,0.0001042642688844353,0.0025759488344192505
6410,adam,0.00010428166569909081,0.006513515487313271
6411,adam,0.00010429773101350293,0.008726661093533039
6412,adam,0.00010428443783894181,0.009107416495680809
6413,adam,0.00010423847561469302,0.00776188587769866
6414,adam,0.00010418402962386608,0.005269021727144718
6415,adam,0.00010414425196358934,0.0026918950024992228
6416,adam,0.00010412826668471098,0.0028057312592864037
6417,adam,0.00010412695701234043,0.004829827230423689
6418,adam,0.00010412280244054273,0.006025290582329035
6419,adam,0.00010410331015009433,0.006138993427157402
6420,adam,0.0001040699498844333,0.005039555951952934
6421,adam,0.00010403263149783015,0.0033028607722371817
6422,adam,0.00010400229803053662,0.0012311197351664305
6423,adam,0.00010398446465842426,0.001584107638336718
6424,adam,0.00010397445294074714,0.003248586319386959
6425,adam,0.00010396433208370581,0.00420407997444272
6426,adam,0.00010394646960776299,0.004493437707424164
6427,adam,0.00010392237163614482,0.0038859560154378414
6428,adam,0.0001038940972648561,0.002974172355607152
6429,adam,0.00010386828944319859,0.0018593186978250742
6430,adam,0.00010384750203229487,0.0017776985187083483
6431,adam,0.00010383136395830661,0.0025250802282243967
6432,adam,0.00010381593892816454,0.0031675121281296015
6433,adam,0.00010379855666542426,0.003434470621868968
6434,adam,0.00010377736180089414,0.003086472861468792
6435,adam,0.00010375399142503738,0.002402391517534852
6436,adam,0.00010373046825407073,0.0013814460253342986
6437,adam,0.00010370899690315127,0.0004646621528081596
6438,adam,0.0001036903922795318,0.0008417335920967162
6439,adam,0.00010367271170252934,0.0015315805794671178
6440,adam,0.0001036552494042553,0.0020482249092310667
6441,adam,0.00010363643377786502,0.002192299347370863
6442,adam,0.00010361656313762069,0.0020991431083530188
6443,adam,0.00010359566658735275,0.0017407606355845928
6444,adam,0.00010357528663007542,0.0013280143029987812
6445,adam,0.00010355489939684048,0.0010294184321537614
6446,adam,0.00010353612015023828,0.0009793773060664535
6447,adam,0.00010351747187087312,0.0012536547146737576
6448,adam,0.00010349895455874503,0.0013932572910562158
6449,adam,0.00010347971692681313,0.0015534997219219804
6450,adam,0.00010346013732487336,0.0013992227613925934
6451,adam,0.0001034405649988912,0.0012952792458236217
6452,adam,0.00010342049063183367,0.0010331164812669158
6453,adam,0.0001034009619615972,0.0010164709528908134
6454,adam,0.00010338156425859779,0.0010558182839304209
6455,adam,0.00010336308332625777,0.0012396619422361255
6456,adam,0.00010334381659049541,0.0013921235222369432
6457,adam,0.00010332521924283355,0.0014435556950047612
6458,adam,0.00010330552322557196,0.0014000714290887117
6459,adam,0.0001032862564898096,0.0012382370186969638
6460,adam,0.00010326661868020892,0.0010351038072258234
6461,adam,0.00010324701725039631,0.0008692795527167618
6462,adam,0.00010322778689442202,0.000737401656806469
6463,adam,0.00010320880392100662,0.0007740435539744794
6464,adam,0.0001031899155350402,0.0007634864887222648
6465,adam,0.00010317035048501566,0.000897006771992892
6466,adam,0.00010315181862097234,0.0008827484562061727
6467,adam,0.00010313261009287089,0.0009767654119059443
6468,adam,0.0001031130159390159,0.0008872373146004975
6469,adam,0.00010309382196282968,0.0009019848075695336
6470,adam,0.00010307488264515996,0.0007676027598790824
6471,adam,0.00010305530304322019,0.0007912808796390891
6472,adam,0.0001030365820042789,0.0007811778341419995
6473,adam,0.00010301769361831248,0.0008899432723410428
6474,adam,0.00010299858695361763,0.0009529656963422894
6475,adam,0.0001029798440868035,0.0010632678167894483
6476,adam,0.0001029608174576424,0.0011343971127644181
6477,adam,0.00010294181265635416,0.0012283677933737636
6478,adam,0.00010292316437698901,0.001266856794245541
6479,adam,0.00010290434875059873,0.0013988781720399857
6480,adam,0.00010288546036463231,0.00152019748929888
6481,adam,0.00010286696488037705,0.0017878843937069178
6482,adam,0.00010284899326507002,0.0020079805981367826
6483,adam,0.00010283158189849928,0.002399387303739786
6484,adam,0.00010281401046086103,0.0027599858585745096
6485,adam,0.00010279784328304231,0.0033047646284103394
6486,adam,0.00010278243280481547,0.003877777373418212
6487,adam,0.00010276930697727948,0.004722335375845432
6488,adam,0.00010275938257109374,0.005678089335560799
6489,adam,0.00010275295790052041,0.006950091104954481
6490,adam,0.00010275319073116407,0.008419864811003208
6491,adam,0.00010276446846546605,0.01036866009235382
6492,adam,0.00010279176058247685,0.012711219489574432
6493,adam,0.00010284398013027385,0.015735765919089317
6494,adam,0.00010293607192579657,0.01943831518292427
6495,adam,0.00010308960918337107,0.024188639596104622
6496,adam,0.00010334006219636649,0.030055910348892212
6497,adam,0.0001037470719893463,0.0375831164419651
6498,adam,0.0001044043674482964,0.04705511033535004
6499,adam,0.00010546936391619965,0.05921933427453041
6500,adam,0.00010718781413743272,0.0746522843837738
6501,adam,0.0001099868313758634,0.09449761360883713
6502,adam,0.0001145263813668862,0.11984793096780777
6503,adam,0.00012198706826893613,0.15251989662647247
6504,adam,0.00013413021224550903,0.19440294802188873
6505,adam,0.0001542293030070141,0.24834568798542023
6506,adam,0.00018680642824620008,0.3173709213733673
6507,adam,0.00024058818235062063,0.4054604470729828
6508,adam,0.0003254396142438054,0.516223669052124
6509,adam,0.00046120939077809453,0.652945339679718
6510,adam,0.0006571653066202998,0.8146678805351257
6511,adam,0.0009359150426462293,0.9941141605377197
6512,adam,0.0012387563474476337,1.1665921211242676
6513,adam,0.001512759132310748,1.2915300130844116
6514,adam,0.0015152636915445328,1.3010321855545044
6515,adam,0.001209335750900209,1.144945502281189
6516,adam,0.000637902703601867,0.8025898933410645
6517,adam,0.00019726090249605477,0.3369763195514679
6518,adam,0.0001421278720954433,0.19208645820617676
6519,adam,0.0004034285666421056,0.5784481763839722
6520,adam,0.0006622892688028514,0.7961936593055725
6521,adam,0.0006351460469886661,0.7847571969032288
6522,adam,0.0003701368405018002,0.5569169521331787
6523,adam,0.00013700772251468152,0.1985931396484375
6524,adam,0.00015147766680456698,0.2155972570180893
6525,adam,0.0003262623504269868,0.4897749423980713
6526,adam,0.00041436072206124663,0.5849817395210266
6527,adam,0.00031335698440670967,0.48124614357948303
6528,adam,0.00015013765369076282,0.2283974140882492
6529,adam,0.00011027095752069727,0.08048204332590103
6530,adam,0.0002024094428634271,0.3261978328227997
6531,adam,0.00028014834970235825,0.4375589191913605
6532,adam,0.0002434434136375785,0.38865187764167786
6533,adam,0.0001450323179597035,0.20923681557178497
6534,adam,0.00010510411811992526,0.03665207326412201
6535,adam,0.0001512759627075866,0.23142468929290771
6536,adam,0.00020270893583074212,0.33185485005378723
6537,adam,0.00018907280173152685,0.30594369769096375
6538,adam,0.00013228577154222876,0.17344887554645538
6539,adam,0.00010481042409082875,0.029247751459479332
6540,adam,0.00012941549357492477,0.17267954349517822
6541,adam,0.00016106395923998207,0.2563033699989319
6542,adam,0.00015545163478236645,0.24201346933841705
6543,adam,0.00012202756624901667,0.143214151263237
6544,adam,0.00010372141696279868,0.009193851612508297
6545,adam,0.00011698281741701066,0.12444540113210678
6546,adam,0.0001366568758385256,0.1953541785478592
6547,adam,0.00013496779138222337,0.19048376381397247
6548,adam,0.00011558148980839178,0.11915711313486099
6549,adam,0.0001036154935718514,0.016359928995370865
6550,adam,0.00011031034955522045,0.08754123747348785
6551,adam,0.00012218812480568886,0.1456640362739563
6552,adam,0.00012231060827616602,0.1469491571187973
6553,adam,0.00011135794193251058,0.09701114147901535
6554,adam,0.00010358951112721115,0.02153685688972473
6555,adam,0.00010668598406482488,0.06046449765563011
6556,adam,0.00011384121899027377,0.10748812556266785
6557,adam,0.00011478357919258997,0.11314339190721512
6558,adam,0.0001086802949430421,0.07898638397455215
6559,adam,0.00010338128777220845,0.021080322563648224
6560,adam,0.0001043416777974926,0.03851860389113426
6561,adam,0.00010865348303923383,0.0788644403219223
6562,adam,0.00011010956950485706,0.08865142613649368
6563,adam,0.00010707040200941265,0.0673469603061676
6564,adam,0.00010347905481467023,0.02604287676513195
6565,adam,0.00010317071428289637,0.02167937345802784
6566,adam,0.00010550250590313226,0.05595596507191658
6567,adam,0.00010697374091250822,0.06908643990755081
6568,adam,0.00010576852946542203,0.05827821046113968
6569,adam,0.00010350125376135111,0.030042270198464394
6570,adam,0.00010268396727042273,0.007304270286113024
6571,adam,0.00010373829718446359,0.036170583218336105
6572,adam,0.00010494139860384166,0.052115146070718765
6573,adam,0.0001047483310685493,0.05011425539851189
6574,adam,0.00010346853377996013,0.03288848325610161
6575,adam,0.0001025524252327159,0.00706243934109807
6576,adam,0.0001027868056553416,0.018298760056495667
6577,adam,0.00010356627171859145,0.035460248589515686
6578,adam,0.00010382971231592819,0.039856355637311935
6579,adam,0.00010329070937586948,0.031852152198553085
6580,adam,0.00010258264956064522,0.015076329931616783
6581,adam,0.00010240430128760636,0.005689581856131554
6582,adam,0.00010276171087753028,0.02114672213792801
6583,adam,0.00010309907520422712,0.029109841212630272
6584,adam,0.00010299572750227526,0.027751406654715538
6585,adam,0.0001025770980049856,0.018187612295150757
6586,adam,0.00010227739403489977,0.00445937504991889
6587,adam,0.00010232627391815186,0.009578809142112732
6588,adam,0.00010255573579343036,0.019031694158911705
6589,adam,0.0001026487589115277,0.02214069291949272
6590,adam,0.0001024925077217631,0.01839526742696762
6591,adam,0.00010224957804894075,0.009867929853498936
6592,adam,0.00010214002395514399,0.0016075132880359888
6593,adam,0.00010220838157692924,0.010246915742754936
6594,adam,0.00010231733904220164,0.015826765447854996
6595,adam,0.0001023159857140854,0.01633775234222412
6596,adam,0.00010219430987490341,0.012373712845146656
6597,adam,0.00010206372826360166,0.005279257893562317
6598,adam,0.00010202379780821502,0.0027633497957140207
6599,adam,0.000102068624983076,0.009099123068153858
6600,adam,0.00010211194603471085,0.012374191544950008
6601,adam,0.00010208634193986654,0.012148949317634106
6602,adam,0.00010200422548223287,0.008620396256446838
6603,adam,0.00010192915215156972,0.0032916876953095198
6604,adam,0.00010190632019657642,0.002555546350777149
6605,adam,0.00010192401532549411,0.006901836954057217
6606,adam,0.00010193578782491386,0.009148665703833103
6607,adam,0.00010190990724368021,0.00869912188500166
6608,adam,0.00010185695282416418,0.006196050439029932
6609,adam,0.000101809149782639,0.002342172432690859
6610,adam,0.00010178951924899593,0.0019194348715245724
6611,adam,0.00010179012315347791,0.0050721061415970325
6612,adam,0.00010178756201639771,0.00656904885545373
6613,adam,0.000101765341241844,0.0063839564099907875
6614,adam,0.00010172784823225811,0.0045098187401890755
6615,adam,0.0001016931637423113,0.001835978589951992
6616,adam,0.00010167241271119565,0.0012598895700648427
6617,adam,0.00010166353604290634,0.0035324140917509794
6618,adam,0.0001016544847516343,0.004877127707004547
6619,adam,0.00010163596016354859,0.0048638153821229935
6620,adam,0.00010160860256291926,0.003823705483227968
6621,adam,0.00010158031363971531,0.0019020806066691875
6622,adam,0.00010155786003451794,0.00046093479613773525
6623,adam,0.00010154292249353603,0.002158256946131587
6624,adam,0.00010152986942557618,0.0032892937306314707
6625,adam,0.00010151341848541051,0.0036792301107198
6626,adam,0.00010149172157980502,0.00314607797190547
6627,adam,0.00010146813292521983,0.002093289280310273
6628,adam,0.00010144589032279328,0.0007068518898449838
6629,adam,0.0001014278459479101,0.0008739886688999832
6630,adam,0.00010141150414710864,0.0019519758643582463
6631,adam,0.00010139495861949399,0.0024350008461624384
6632,adam,0.00010137584467884153,0.002460066694766283
6633,adam,0.00010135521006304771,0.001863954239524901
6634,adam,0.00010133445175597444,0.001041254960000515
6635,adam,0.00010131493036169559,0.0004114463517908007
6636,adam,0.00010129748261533678,0.001047364086844027
6637,adam,0.00010128053691005334,0.0016882593045011163
6638,adam,0.00010126241977559403,0.001831586821936071
6639,adam,0.000101243938843254,0.0017279203748330474
6640,adam,0.00010122426465386525,0.0012232784647494555
6641,adam,0.00010120430670212954,0.0008694556308910251
6642,adam,0.0001011857166304253,0.0008701691986061633
6643,adam,0.00010116778867086396,0.0012837201356887817
6644,adam,0.0001011498025036417,0.0016243900172412395
6645,adam,0.0001011317508528009,0.0016825183993205428
6646,adam,0.00010111308074556291,0.00153696583583951
6647,adam,0.00010109380673384294,0.0012117796577513218
6648,adam,0.00010107478738063946,0.000893916527274996
6649,adam,0.00010105629917234182,0.0008809224818833172
6650,adam,0.0001010381238302216,0.0009790658950805664
6651,adam,0.000101020275906194,0.0012041504960507154
6652,adam,0.0001010014966595918,0.0011504126014187932
6653,adam,0.00010098310303874314,0.001095168525353074
6654,adam,0.00010096412734128535,0.0008313964353874326
6655,adam,0.0001009454790619202,0.0007601595716550946
6656,adam,0.00010092679440276697,0.0007507717236876488
6657,adam,0.00010090877185575664,0.0008980559650808573
6658,adam,0.00010089026909554377,0.0009998055174946785
6659,adam,0.00010087189730256796,0.0009751806501299143
6660,adam,0.00010085330723086372,0.0008898964151740074
6661,adam,0.00010083511006087065,0.0007313740788958967
6662,adam,0.00010081628715852275,0.0005714194267056882
6663,adam,0.00010079787898575887,0.0005330516141839325
6664,adam,0.00010077936894958839,0.0005429666489362717
6665,adam,0.00010076147736981511,0.0006944669294171035
6666,adam,0.00010074306919705123,0.0006709187291562557
6667,adam,0.00010072477016365156,0.0007080042269080877
6668,adam,0.00010070655844174325,0.0005707250093109906
6669,adam,0.00010068817937280983,0.000552884943317622
6670,adam,0.00010066976392408833,0.00046331234625540674
6671,adam,0.00010065112292068079,0.0004970119916833937
6672,adam,0.00010063339141197503,0.0005057434318587184
6673,adam,0.00010061477951239794,0.0005540993879549205
6674,adam,0.00010059650230687112,0.0005668989615514874
6675,adam,0.00010057832696475089,0.0005648501100949943
6676,adam,0.0001005601225188002,0.0005528485053218901
6677,adam,0.00010054186714114621,0.000562623143196106
6678,adam,0.0001005234444164671,0.0005527274333871901
6679,adam,0.00010050522541860119,0.0006192082073539495
6680,adam,0.00010048720287159085,0.0006534280837513506
6681,adam,0.00010046903480542824,0.000808101030997932
6682,adam,0.00010045132512459531,0.0009135378641076386
6683,adam,0.00010043340444099158,0.0011362932855263352
6684,adam,0.00010041575296781957,0.0012957288417965174
6685,adam,0.00010039840708486736,0.0016225692816078663
6686,adam,0.00010038224718300626,0.001957116648554802
6687,adam,0.00010036583262262866,0.0024876610841602087
6688,adam,0.0001003508223220706,0.003032104577869177
6689,adam,0.00010033796570496634,0.003781731240451336
6690,adam,0.00010032759746536613,0.004629897885024548
6691,adam,0.0001003218421828933,0.0057809907011687756
6692,adam,0.00010032305726781487,0.00712201651185751
6693,adam,0.00010033403668785468,0.00887508038431406
6694,adam,0.00010036173625849187,0.010984580963850021
6695,adam,0.0001004149453365244,0.013715262524783611
6696,adam,0.00010050867422251031,0.017059599980711937
6697,adam,0.00010066843969980255,0.02140813134610653
6698,adam,0.00010093656601384282,0.02689298428595066
6699,adam,0.00010137981735169888,0.034009769558906555
6700,adam,0.00010210687469225377,0.04303385317325592
6701,adam,0.0001033034932333976,0.054697636514902115
6702,adam,0.00010526720870984718,0.06961426883935928
6703,adam,0.0001085141411749646,0.08889581263065338
6704,adam,0.00011385766993043944,0.11371328681707382
6705,adam,0.00012276261986698955,0.14584262669086456
6706,adam,0.00013743758609052747,0.18732349574565887
6707,adam,0.00016198004595935345,0.24080809950828552
6708,adam,0.0002020019746851176,0.30950671434402466
6709,adam,0.00026826371322385967,0.39668405055999756
6710,adam,0.0003719426749739796,0.5058730840682983
6711,adam,0.0005347978440113366,0.6374046206474304
6712,adam,0.000758133886847645,0.7882919907569885
6713,adam,0.0010491135763004422,0.9417521953582764
6714,adam,0.0013010278344154358,1.0682529211044312
6715,adam,0.0014225977938622236,1.1150116920471191
6716,adam,0.0012035955442115664,1.0322072505950928
6717,adam,0.0007436459418386221,0.7912650108337402
6718,adam,0.0002799180510919541,0.4345449209213257
6719,adam,0.00011974116205237806,0.13775041699409485
6720,adam,0.00028705739532597363,0.3985203802585602
6721,adam,0.0005445482674986124,0.6308534145355225
6722,adam,0.0006298620719462633,0.6976445913314819
6723,adam,0.0004535954794846475,0.5855729579925537
6724,adam,0.0002111818321282044,0.345077782869339
6725,adam,0.0001287970517296344,0.16970054805278778
6726,adam,0.00023606029571965337,0.33139288425445557
6727,adam,0.0003638593771029264,0.47421157360076904
6728,adam,0.0003514041309244931,0.47269174456596375
6729,adam,0.000222012386075221,0.33824238181114197
6730,adam,0.00012239266652613878,0.1600380390882492
6731,adam,0.00014793495938647538,0.1983337253332138
6732,adam,0.00023459400108549744,0.33118268847465515
6733,adam,0.00025925642694346607,0.363099068403244
6734,adam,0.0001938658970175311,0.2820163369178772
6735,adam,0.00011843637912534177,0.13020144402980804
6736,adam,0.0001140201129601337,0.10682538896799088
6737,adam,0.0001666565949562937,0.23196029663085938
6738,adam,0.00019875331781804562,0.28197741508483887
6739,adam,0.00017017882782965899,0.2394126057624817
6740,adam,0.0001184350621770136,0.12108715623617172
6741,adam,0.00010207853483734652,0.02995867282152176
6742,adam,0.00012837910617236048,0.14993859827518463
6743,adam,0.00015533616533502936,0.2110380381345749
6744,adam,0.00014850820298306644,0.19813629984855652
6745,adam,0.00011852665193146095,0.12052550911903381
6746,adam,0.00010134711919818074,0.028259702026844025
6747,adam,0.00011117772373836488,0.09474516659975052
6748,adam,0.000128534302348271,0.15304185450077057
6749,adam,0.00012997460726182908,0.15602701902389526
6750,adam,0.00011513606295920908,0.10899405926465988
6751,adam,0.0001025692472467199,0.04562873765826225
6752,adam,0.00010469460539752617,0.06616539508104324
6753,adam,0.00011461188114481047,0.11286503821611404
6754,adam,0.00011793208977906033,0.12264938652515411
6755,adam,0.00011088699102401733,0.0936519205570221
6756,adam,0.00010251752246404067,0.04358147084712982
6757,adam,0.00010165111598325893,0.040534984320402145
6758,adam,0.00010712236689869314,0.08139652013778687
6759,adam,0.00011085860023740679,0.09835134446620941
6760,adam,0.00010815456334967166,0.08439724892377853
6761,adam,0.00010254410153720528,0.045720700174570084
6762,adam,0.00010018947068601847,0.009830239228904247
6763,adam,0.00010256933455821127,0.048627324402332306
6764,adam,0.00010581169772194698,0.07318492233753204
6765,adam,0.00010586025746306404,0.07366775721311569
6766,adam,0.00010288195335306227,0.05188481882214546
6767,adam,0.00010029489203589037,0.017988136038184166
6768,adam,0.00010046994430013001,0.020171750336885452
6769,adam,0.00010236731759505346,0.046233534812927246
6770,adam,0.00010339939763071015,0.05590967833995819
6771,adam,0.0001024645462166518,0.04871346801519394
6772,adam,0.00010073853627545759,0.02945869229733944
6773,adam,0.00010001636110246181,0.012864059768617153
6774,adam,0.00010068442497868091,0.026239534839987755
6775,adam,0.00010158597433473915,0.03817658871412277
6776,adam,0.00010158328950637951,0.0391206331551075
6777,adam,0.00010072915756609291,0.029199596494436264
6778,adam,9.995868458645418e-05,0.014160390943288803
6779,adam,9.995902655646205e-05,0.013667240738868713
6780,adam,0.00010050008131656796,0.024919716641306877
6781,adam,0.0001008305189316161,0.030361026525497437
6782,adam,0.0001005614540190436,0.02672625333070755
6783,adam,9.999365283874795e-05,0.0162169449031353
6784,adam,9.967343794414774e-05,0.0036390419118106365
6785,adam,9.981213952414691e-05,0.011795200407505035
6786,adam,0.00010013583960244432,0.020586136728525162
6787,adam,0.00010023766662925482,0.022662432864308357
6788,adam,0.00010001044574892148,0.018715430051088333
6789,adam,9.96920425677672e-05,0.010125125758349895
6790,adam,9.95585069176741e-05,0.0031164532992988825
6791,adam,9.965670324163511e-05,0.01041396614164114
6792,adam,9.980887261917815e-05,0.01564183458685875
6793,adam,9.982204937841743e-05,0.016486484557390213
6794,adam,9.967778896680102e-05,0.01278851181268692
6795,adam,9.951493848348036e-05,0.00690460903570056
6796,adam,9.946081263478845e-05,0.004788588732481003
6797,adam,9.951486572390422e-05,0.009318758733570576
6798,adam,9.957692964235321e-05,0.012401988729834557
6799,adam,9.955743735190481e-05,0.012050371617078781
6800,adam,9.946379577741027e-05,0.008930675685405731
6801,adam,9.937153663486242e-05,0.004032852593809366
6802,adam,9.934328409144655e-05,0.003272363683208823
6803,adam,9.937077993527055e-05,0.00730085140094161
6804,adam,9.939821757143363e-05,0.009599878452718258
6805,adam,9.937860886566341e-05,0.009544593282043934
6806,adam,9.9317250715103e-05,0.0070806522853672504
6807,adam,9.925678750732914e-05,0.0032962157856673002
6808,adam,9.922913159243762e-05,0.0011660399613901973
6809,adam,9.923268225975335e-05,0.004445134196430445
6810,adam,9.923960897140205e-05,0.006532115396112204
6811,adam,9.922509343596175e-05,0.006737744901329279
6812,adam,9.918915020534769e-05,0.00549674965441227
6813,adam,9.914941620081663e-05,0.0032483336981385946
6814,adam,9.912469977280125e-05,0.001726030488498509
6815,adam,9.911575762089342e-05,0.003083667252212763
6816,adam,9.911080269375816e-05,0.004359446931630373
6817,adam,9.909595974022523e-05,0.0047734868712723255
6818,adam,9.907002095133066e-05,0.003914280794560909
6819,adam,9.904061880661175e-05,0.0024195110891014338
6820,adam,9.901777229970321e-05,0.0010413618292659521
6821,adam,9.900414443109185e-05,0.0019337172852829099
6822,adam,9.899413998937234e-05,0.003204743843525648
6823,adam,9.89805266726762e-05,0.0035746467765420675
6824,adam,9.895984112517908e-05,0.0032734021078795195
6825,adam,9.893547394312918e-05,0.0021553686819970608
6826,adam,9.891310764942318e-05,0.0008839169749990106
6827,adam,9.889556531561539e-05,0.0009156104060821235
6828,adam,9.888145723380148e-05,0.0018527270294725895
6829,adam,9.886726184049621e-05,0.002483772113919258
6830,adam,9.884988685371354e-05,0.002423789817839861
6831,adam,9.883028542390093e-05,0.0020556189119815826
6832,adam,9.881023288471624e-05,0.001334541360847652
6833,adam,9.879146819002926e-05,0.0010557194473221898
6834,adam,9.877468983177096e-05,0.0014046948635950685
6835,adam,9.875951946014538e-05,0.0017903572879731655
6836,adam,9.874238457996398e-05,0.001954650040715933
6837,adam,9.872445662040263e-05,0.0016843959456309676
6838,adam,9.870554640656337e-05,0.001218369696289301
6839,adam,9.868658526102081e-05,0.0005630326922982931
6840,adam,9.866966138361022e-05,0.0004731396329589188
6841,adam,9.865273750619963e-05,0.0009636973263695836
6842,adam,9.863659943221137e-05,0.0013032001443207264
6843,adam,9.861947182798758e-05,0.0014879318187013268
6844,adam,9.860190766630694e-05,0.0013635905925184488
6845,adam,9.858365956461057e-05,0.0011085814330726862
6846,adam,9.856605174718425e-05,0.0008041537366807461
6847,adam,9.854885865934193e-05,0.0007053821464069188
6848,adam,9.853180381469429e-05,0.0009249111171811819
6849,adam,9.851478534983471e-05,0.0009972910629585385
6850,adam,9.849781781667843e-05,0.0010594198247417808
6851,adam,9.848005720414221e-05,0.0008476775255985558
6852,adam,9.846265311352909e-05,0.0007135195774026215
6853,adam,9.8444965260569e-05,0.0005271715926937759
6854,adam,9.842779400059953e-05,0.0005491971387527883
6855,adam,9.841101564234123e-05,0.000635061354842037
6856,adam,9.839369158726186e-05,0.0006947389920242131
6857,adam,9.837656398303807e-05,0.0007428064127452672
6858,adam,9.83591889962554e-05,0.0006221766234375536
6859,adam,9.834207594394684e-05,0.0005287726526148617
6860,adam,9.832448995439336e-05,0.00035130561445839703
6861,adam,9.830770432017744e-05,0.00034574809251353145
6862,adam,9.82902420219034e-05,0.00046611521975137293
6863,adam,9.827345638768747e-05,0.0005257901502773166
6864,adam,9.825609595282003e-05,0.0006048743962310255
6865,adam,9.823918662732467e-05,0.0005332294967956841
6866,adam,9.82220662990585e-05,0.0004961445811204612
6867,adam,9.820456034503877e-05,0.00036773798638023436
6868,adam,9.818731632549316e-05,0.0003376862150616944
6869,adam,9.817062527872622e-05,0.0004382866609375924
6870,adam,9.81533812591806e-05,0.000471600767923519
6871,adam,9.813617361942306e-05,0.0005822841194458306
6872,adam,9.811932250158861e-05,0.0005501786363311112
6873,adam,9.810234769247472e-05,0.0005923432181589305
6874,adam,9.808506729314104e-05,0.0004979501245543361
6875,adam,9.806795424083248e-05,0.0005053894128650427
6876,adam,9.805065928958356e-05,0.00047948991414159536
6877,adam,9.803342982195318e-05,0.0005375283653847873
6878,adam,9.801683336263523e-05,0.0005606375634670258
6879,adam,9.800024417927489e-05,0.0005873158806934953
6880,adam,9.798269456950948e-05,0.0006047628121450543
6881,adam,9.796598897082731e-05,0.0006128845270723104
6882,adam,9.794855577638373e-05,0.0006011903169564903
6883,adam,9.793157369131222e-05,0.0006181917851790786
6884,adam,9.791456977836788e-05,0.0005997653352096677
6885,adam,9.789736941456795e-05,0.0006780740222893655
6886,adam,9.788058378035203e-05,0.0006782866548746824
6887,adam,9.786354348761961e-05,0.0007667519384995103
6888,adam,9.784685971681029e-05,0.0007650362094864249
6889,adam,9.783003042684868e-05,0.0008599046268500388
6890,adam,9.781299013411626e-05,0.0008723335922695696
6891,adam,9.779632819117978e-05,0.0009579607867635787
6892,adam,9.77788949967362e-05,0.0009961059549823403
6893,adam,9.776218939805403e-05,0.0011063189012929797
6894,adam,9.774525096872821e-05,0.0011905892752110958
6895,adam,9.772839257493615e-05,0.0013427328085526824
6896,adam,9.771216718945652e-05,0.001452662399969995
6897,adam,9.769566531758755e-05,0.0016200693789869547
6898,adam,9.767874871613458e-05,0.001739715924486518
6899,adam,9.766266884980723e-05,0.0019563075620681047
6900,adam,9.76462906692177e-05,0.002146865939721465
6901,adam,9.763057460077107e-05,0.002468016929924488
6902,adam,9.76148439804092e-05,0.002779336180537939
6903,adam,9.75999646470882e-05,0.0032399091869592667
6904,adam,9.758571104612201e-05,0.003708950709551573
6905,adam,9.757310908753425e-05,0.0043378425762057304
6906,adam,9.756162762641907e-05,0.005001103039830923
6907,adam,9.755241626407951e-05,0.0058813150972127914
6908,adam,9.754572965903208e-05,0.006852270569652319
6909,adam,9.754385246196762e-05,0.00810416229069233
6910,adam,9.754847269505262e-05,0.009547246620059013
6911,adam,9.756290819495916e-05,0.011399228125810623
6912,adam,9.759137901710346e-05,0.013605131767690182
6913,adam,9.76422379608266e-05,0.01640799269080162
6914,adam,9.772527118911967e-05,0.019762355834245682
6915,adam,9.785621659830213e-05,0.023940831422805786
6916,adam,9.805917215999216e-05,0.029002876952290535
6917,adam,9.837403922574595e-05,0.035349439829587936
6918,adam,9.885864710668102e-05,0.04314996674656868
6919,adam,9.960681927623227e-05,0.05293527990579605
6920,adam,0.00010076016769744456,0.06507408618927002
6921,adam,0.00010255653614876792,0.08036869764328003
6922,adam,0.00010533750173635781,0.09945981949567795
6923,adam,0.00010970085713779554,0.12351960688829422
6924,adam,0.00011648460349533707,0.15367737412452698
6925,adam,0.00012721450184471905,0.1917179822921753
6926,adam,0.00014388724230229855,0.2394094467163086
6927,adam,0.00017033223411999643,0.2993130683898926
6928,adam,0.00021084262698423117,0.37373724579811096
6929,adam,0.0002742541255429387,0.46554476022720337
6930,adam,0.0003666864358820021,0.5758267045021057
6931,adam,0.0005033306078985333,0.7045928835868835
6932,adam,0.0006763702258467674,0.8446445465087891
6933,adam,0.0008888355223461986,0.9827734231948853
6934,adam,0.0010568839497864246,1.087685227394104
6935,adam,0.0011336050229147077,1.1237400770187378
6936,adam,0.0009790054755285382,1.0426863431930542
6937,adam,0.0006605767994187772,0.8297824263572693
6938,adam,0.00030045336461625993,0.5007646083831787
6939,adam,0.0001137324798037298,0.13216212391853333
6940,adam,0.00016575513291172683,0.27427542209625244
6941,adam,0.0003487476205918938,0.5444363951683044
6942,adam,0.0004828015516977757,0.6773853898048401
6943,adam,0.0004421674821060151,0.6466167569160461
6944,adam,0.0002789822465274483,0.4694574773311615
6945,adam,0.00013451220002025366,0.20853711664676666
6946,adam,0.0001217799581354484,0.1461734026670456
6947,adam,0.00021207804093137383,0.35446062684059143
6948,adam,0.0002869615564122796,0.4665486216545105
6949,adam,0.0002674957213457674,0.44573527574539185
6950,adam,0.00017659107106737792,0.3082676827907562
6951,adam,0.00010920649219769984,0.11474622040987015
6952,adam,0.00011920599354198202,0.14171218872070312
6953,adam,0.00017503144044894725,0.2872900366783142
6954,adam,0.0002059272665064782,0.3460500240325928
6955,adam,0.00017805962124839425,0.3015598952770233
6956,adam,0.00012464571045711637,0.1758912056684494
6957,adam,9.889738430501893e-05,0.029227815568447113
6958,adam,0.00011770523269660771,0.14308670163154602
6959,adam,0.00015001578140072525,0.236948162317276
6960,adam,0.00015695083129685372,0.2531101107597351
6961,adam,0.00013308579218573868,0.19502176344394684
6962,adam,0.00010498069605091587,0.08651439845561981
6963,adam,9.9137396318838e-05,0.03836337849497795
6964,adam,0.00011473033373476937,0.13759732246398926
6965,adam,0.00012965283531229943,0.18757252395153046
6966,adam,0.00012715863704215735,0.17894859611988068
6967,adam,0.00011137068213429302,0.11965068429708481
6968,adam,9.93621870293282e-05,0.037588804960250854
6969,adam,0.00010105956607731059,0.06422481685876846
6970,adam,0.0001106919880839996,0.12394268810749054
6971,adam,0.0001157627411885187,0.14439402520656586
6972,adam,0.00011088141764048487,0.12197837978601456
6973,adam,0.00010200828546658158,0.06832124292850494
6974,adam,9.798915561987087e-05,0.019883794710040092
6975,adam,0.00010121237573912367,0.06723248958587646
6976,adam,0.00010644486610544845,0.10360430926084518
6977,adam,0.00010744215978775173,0.10881030559539795
6978,adam,0.00010342456516809762,0.08394162356853485
6979,adam,9.869896166492254e-05,0.03854013979434967
6980,adam,9.754305210663006e-05,0.014255405403673649
6981,adam,0.00010000469046644866,0.05660909414291382
6982,adam,0.00010269237827742472,0.08031530678272247
6983,adam,0.00010269748599966988,0.0805571898818016
6984,adam,0.00010021353955380619,0.05962125584483147
6985,adam,9.778899402590469e-05,0.02588042989373207
6986,adam,9.741070243762806e-05,0.013764262199401855
6987,adam,9.879050048766658e-05,0.042659711092710495
6988,adam,0.00010010611003963277,0.05855485424399376
6989,adam,9.99775220407173e-05,0.05786189064383507
6990,adam,9.865373431239277e-05,0.04294900223612785
6991,adam,9.743326518218964e-05,0.01974225416779518
6992,adam,9.727504220791161e-05,0.012593128718435764
6993,adam,9.799171675695106e-05,0.031256016343832016
6994,adam,9.865257743513212e-05,0.04209145903587341
6995,adam,9.856567339738831e-05,0.041761890053749084
6996,adam,9.784627764020115e-05,0.031078608706593513
6997,adam,9.716203931020573e-05,0.014425106346607208
6998,adam,9.702883835416287e-05,0.0070015257224440575
6999,adam,9.739022061694413e-05,0.021219948306679726
7000,adam,9.777923696674407e-05,0.030089808627963066
7001,adam,9.779607353266329e-05,0.03079225867986679
7002,adam,9.743860573507845e-05,0.024262523278594017
7003,adam,9.702547686174512e-05,0.012491514906287193
7004,adam,9.686213888926432e-05,0.0016155897174030542
7005,adam,9.699031215859577e-05,0.013026883825659752
7006,adam,9.72073758020997e-05,0.02064821496605873
7007,adam,9.728109580464661e-05,0.022871317341923714
7008,adam,9.714496263768524e-05,0.01951659843325615
7009,adam,9.691982268122956e-05,0.012347863055765629
7010,adam,9.677594061940908e-05,0.004342279862612486
7011,adam,9.678340575192124e-05,0.007657578215003014
7012,adam,9.68782405834645e-05,0.013916504569351673
7013,adam,9.694075561128557e-05,0.016827397048473358
7014,adam,9.690150181995705e-05,0.015980344265699387
7015,adam,9.678653441369534e-05,0.011724117211997509
7016,adam,9.667696576798335e-05,0.005559493787586689
7017,adam,9.663542732596397e-05,0.0021927827037870884
7018,adam,9.666162077337503e-05,0.0075970059260725975
7019,adam,9.670395229477435e-05,0.011386031284928322
7020,adam,9.670952567830682e-05,0.012462308630347252
7021,adam,9.66631414485164e-05,0.010996666736900806
7022,adam,9.65918879956007e-05,0.007427670992910862
7023,adam,9.653565939515829e-05,0.0029304451309144497
7024,adam,9.651680011302233e-05,0.0021495686378329992
7025,adam,9.652423614170402e-05,0.0057428376749157906
7026,adam,9.653341112425551e-05,0.008050726726651192
7027,adam,9.652240987634286e-05,0.008455174043774605
7028,adam,9.648867853684351e-05,0.007274372968822718
7029,adam,9.644670353736728e-05,0.004778292495757341
7030,adam,9.641419455874711e-05,0.001962946727871895
7031,adam,9.639885684009641e-05,0.0021304937545210123
7032,adam,9.639516065362841e-05,0.004237680230289698
7033,adam,9.639022027840838e-05,0.005653045140206814
7034,adam,9.637486800784245e-05,0.005799075588583946
7035,adam,9.634922025725245e-05,0.00494781881570816
7036,adam,9.631951979827136e-05,0.003159641521051526
7037,adam,9.629451960790902e-05,0.001092299702577293
7038,adam,9.627815597923473e-05,0.0011831410229206085
7039,adam,9.62675258051604e-05,0.0027987812645733356
7040,adam,9.625698294257745e-05,0.003863563295453787
7041,adam,9.62424383033067e-05,0.004044569097459316
7042,adam,9.62222256930545e-05,0.003595472313463688
7043,adam,9.620000491850078e-05,0.0024774670600891113
7044,adam,9.617895557312295e-05,0.0012847990728914738
7045,adam,9.616131865186617e-05,0.0009022322483360767
7046,adam,9.614704322302714e-05,0.0018482221057638526
7047,adam,9.613324073143303e-05,0.002657611621543765
7048,adam,9.611825953470543e-05,0.0029540506657212973
7049,adam,9.610078996047378e-05,0.002847921336069703
7050,adam,9.608216350898147e-05,0.002235410502180457
7051,adam,9.60628894972615e-05,0.0014006730634719133
7052,adam,9.604507067706436e-05,0.0004532110469881445
7053,adam,9.602840145817026e-05,0.0006698509678244591
7054,adam,9.60132892942056e-05,0.0013936315663158894
7055,adam,9.599803888704628e-05,0.0017979331314563751
7056,adam,9.598179894965142e-05,0.0019947760738432407
7057,adam,9.596520249033347e-05,0.0018180920742452145
7058,adam,9.59476237767376e-05,0.001478806254453957
7059,adam,9.592999413143843e-05,0.0009214394958689809
7060,adam,9.591272100806236e-05,0.00044753155088983476
7061,adam,9.58964810706675e-05,0.0005132771329954267
7062,adam,9.588038665242493e-05,0.0008751594577915967
7063,adam,9.586445230524987e-05,0.001242892351001501
7064,adam,9.584851795807481e-05,0.0013486602110788226
7065,adam,9.583171049598604e-05,0.0013466939562931657
7066,adam,9.581504127709195e-05,0.001129709999077022
7067,adam,9.579828474670649e-05,0.0009084442863240838
7068,adam,9.57813608692959e-05,0.0007144961273297668
7069,adam,9.576549200573936e-05,0.0006706091808155179
7070,adam,9.574919386068359e-05,0.0008705091313458979
7071,adam,9.573307033861056e-05,0.0009716238128021359
7072,adam,9.571688860887662e-05,0.0011390801519155502
7073,adam,9.57003649091348e-05,0.0010883435606956482
7074,adam,9.56840522121638e-05,0.001091229380108416
7075,adam,9.566740482114255e-05,0.0009226587717421353
7076,adam,9.565071377437562e-05,0.0008983529405668378
7077,adam,9.563443018123507e-05,0.0008548151818104088
7078,adam,9.561816114000976e-05,0.0009636477916501462
7079,adam,9.560197941027582e-05,0.0010460525518283248
7080,adam,9.558587044011801e-05,0.0011787753319367766
7081,adam,9.556999430060387e-05,0.001271324115805328
7082,adam,9.555348515277728e-05,0.00134299136698246
7083,adam,9.553699055686593e-05,0.0013698750408366323
7084,adam,9.552072879159823e-05,0.001409216900356114
7085,adam,9.550475078867748e-05,0.001426147879101336
7086,adam,9.548907110001892e-05,0.0015154797583818436
7087,adam,9.547262743581086e-05,0.001582956057973206
7088,adam,9.545698412694037e-05,0.0017556272214278579
7089,adam,9.544157364871353e-05,0.001879157149232924
7090,adam,9.542636689729989e-05,0.002106892643496394
7091,adam,9.541108011035249e-05,0.002281945664435625
7092,adam,9.539562597637996e-05,0.002583470894023776
7093,adam,9.538180165691301e-05,0.0028411955572664738
7094,adam,9.536720608593896e-05,0.0032092274632304907
7095,adam,9.535390563542023e-05,0.003544772509485483
7096,adam,9.534131095279008e-05,0.0040435511618852615
7097,adam,9.53298804233782e-05,0.0045555103570222855
7098,adam,9.532074182061478e-05,0.005249794572591782
7099,adam,9.531328396406025e-05,0.005981305614113808
7100,adam,9.530886018183082e-05,0.00689777173101902
7101,adam,9.530866373097524e-05,0.007876716554164886
7102,adam,9.531367686577141e-05,0.009098096750676632
7103,adam,9.532648255117238e-05,0.010461206547915936
7104,adam,9.5350194897037e-05,0.01214073970913887
7105,adam,9.538864833302796e-05,0.014054953120648861
7106,adam,9.544854401610792e-05,0.016421420499682426
7107,adam,9.553956624586135e-05,0.019178297370672226
7108,adam,9.567411325406283e-05,0.022568492218852043
7109,adam,9.587236127117649e-05,0.026597807183861732
7110,adam,9.61662080953829e-05,0.03158285841345787
7111,adam,9.659641364123672e-05,0.03756863623857498
7112,adam,9.722996037453413e-05,0.04492645338177681
7113,adam,9.815969679038972e-05,0.05383748561143875
7114,adam,9.95360387605615e-05,0.06479981541633606
7115,adam,0.0001015644011204131,0.0781482383608818
7116,adam,0.00010459371696924791,0.09459098428487778
7117,adam,0.0001090827354346402,0.11473158001899719
7118,adam,0.00011583721061469987,0.13951826095581055
7119,adam,0.00012584288197103888,0.16991592943668365
7120,adam,0.00014095412916503847,0.20718255639076233
7121,adam,0.00016313996457029134,0.25267115235328674
7122,adam,0.00019635255739558488,0.3076125681400299
7123,adam,0.00024346909776795655,0.37322232127189636
7124,adam,0.0003113001585006714,0.4493089020252228
7125,adam,0.00039911747444421053,0.5347996950149536
7126,adam,0.000511878402903676,0.6239569783210754
7127,adam,0.0006255052867345512,0.7079359889030457
7128,adam,0.0007258696714416146,0.7690402269363403
7129,adam,0.0007458453183062375,0.7877650260925293
7130,adam,0.0006732165347784758,0.74141526222229
7131,adam,0.0004910673596896231,0.6221767067909241
7132,adam,0.0002847811847459525,0.4363615810871124
7133,adam,0.0001387311494909227,0.2212458848953247
7134,adam,0.00010880914487643167,0.11232104897499084
7135,adam,0.00017668171494733542,0.26278090476989746
7136,adam,0.0002729374391492456,0.39570745825767517
7137,adam,0.0003265809209551662,0.45657235383987427
7138,adam,0.0002986377803608775,0.43553870916366577
7139,adam,0.0002161968150176108,0.3429640531539917
7140,adam,0.00013512880832422525,0.20808036625385284
7141,adam,0.00010547930287430063,0.10950537770986557
7142,adam,0.00013159509398974478,0.17470912635326385
7143,adam,0.00017830781871452928,0.2639992833137512
7144,adam,0.000202944444026798,0.30293384194374084
7145,adam,0.0001853720168583095,0.28117188811302185
7146,adam,0.0001423594367224723,0.2071363925933838
7147,adam,0.00010633509373292327,0.10796421021223068
7148,adam,0.00010005769581766799,0.07027091830968857
7149,adam,0.00011989583435934037,0.14362788200378418
7150,adam,0.00014365608512889594,0.20093967020511627
7151,adam,0.00015041278675198555,0.2147647589445114
7152,adam,0.00013542418309953064,0.18413875997066498
7153,adam,0.00011174894461873919,0.1190342903137207
7154,adam,9.653390588937327e-05,0.0362108089029789
7155,adam,9.783790301298723e-05,0.04836487025022507
7156,adam,0.00011019574594683945,0.11250416934490204
7157,adam,0.00012118387530790642,0.1478026807308197
7158,adam,0.00012190726556582376,0.14969292283058167
7159,adam,0.0001126718707382679,0.12140385061502457
7160,adam,0.00010123659740202129,0.07271210104227066
7161,adam,9.542746556689963e-05,0.024138659238815308
7162,adam,9.752391633810475e-05,0.05002935975790024
7163,adam,0.00010369830124545842,0.08788657188415527
7164,adam,0.00010799302981467918,0.10617484897375107
7165,adam,0.000107144245703239,0.10206706821918488
7166,adam,0.00010225336882285774,0.07883812487125397
7167,adam,9.72048583207652e-05,0.04544705152511597
7168,adam,9.522549225948751e-05,0.024389317259192467
7169,adam,9.676124318502843e-05,0.045834388583898544
7170,adam,9.97097376966849e-05,0.06860560178756714
7171,adam,0.00010139930236618966,0.07807732373476028
7172,adam,0.00010060363274533302,0.07276495546102524
7173,adam,9.804935689317062e-05,0.05447300150990486
7174,adam,9.558780584484339e-05,0.02848970703780651
7175,adam,9.466875053476542e-05,0.008251568302512169
7176,adam,9.545250941300765e-05,0.029142243787646294
7177,adam,9.694748587207869e-05,0.047343164682388306
7178,adam,9.789646719582379e-05,0.055826883763074875
7179,adam,9.766069706529379e-05,0.05400298163294792
7180,adam,9.649408457335085e-05,0.04309750348329544
7181,adam,9.521735046291724e-05,0.026331456378102303
7182,adam,9.455883264308795e-05,0.008687763474881649
7183,adam,9.471728117205203e-05,0.013992794789373875
7184,adam,9.534793207421899e-05,0.0276421457529068
7185,adam,9.588777174940333e-05,0.035545963793992996
7186,adam,9.595757001079619e-05,0.037001874297857285
7187,adam,9.554688585922122e-05,0.032247282564640045
7188,adam,9.495440463069826e-05,0.023191841319203377
7189,adam,9.452966332901269e-05,0.012880255468189716
7190,adam,9.445408068131655e-05,0.00940923485904932
7191,adam,9.466365008847788e-05,0.016245529055595398
7192,adam,9.493756078882143e-05,0.022378358989953995
7193,adam,9.506306378170848e-05,0.024956578388810158
7194,adam,9.495749691268429e-05,0.023455260321497917
7195,adam,9.469164797337726e-05,0.018544688820838928
7196,adam,9.441796282771975e-05,0.011172577738761902
7197,adam,9.426587348571047e-05,0.003239657497033477
7198,adam,9.427526674699038e-05,0.005520823877304792
7199,adam,9.43877748795785e-05,0.011677646078169346
7200,adam,9.450235666008666e-05,0.015706535428762436
7201,adam,9.453800885239616e-05,0.016965795308351517
7202,adam,9.447376942262053e-05,0.015804793685674667
7203,adam,9.434693492949009e-05,0.012464345432817936
7204,adam,9.42205369938165e-05,0.008107425644993782
7205,adam,9.414489613845944e-05,0.004177726339548826
7206,adam,9.413470979779959e-05,0.005014185793697834
7207,adam,9.416787361260504e-05,0.008256996050477028
7208,adam,9.420416608918458e-05,0.010576281696557999
7209,adam,9.421165304956958e-05,0.01144890021532774
7210,adam,9.417947148904204e-05,0.010666404850780964
7211,adam,9.411909559275955e-05,0.008642877452075481
7212,adam,9.405486343894154e-05,0.005628444720059633
7213,adam,9.400880662724376e-05,0.0024197762832045555
7214,adam,9.398899419466034e-05,0.0018252878217026591
7215,adam,9.399090777151287e-05,0.004452674649655819
7216,adam,9.400020644534379e-05,0.006574862636625767
7217,adam,9.400214912602678e-05,0.007697980385273695
7218,adam,9.398879046784714e-05,0.007892293855547905
7219,adam,9.396097448188812e-05,0.007156800013035536
7220,adam,9.392566425958648e-05,0.005836653057485819
7221,adam,9.389215847477317e-05,0.00417047506198287
7222,adam,9.386680176248774e-05,0.002775679575279355
7223,adam,9.385128214489669e-05,0.002598359016701579
7224,adam,9.38425146159716e-05,0.003412494668737054
7225,adam,9.383598808199167e-05,0.00437620934098959
7226,adam,9.382577263750136e-05,0.004806118551641703
7227,adam,9.380974370287731e-05,0.004851608071476221
7228,adam,9.378852701047435e-05,0.00426916778087616
7229,adam,9.376472735311836e-05,0.003411635523661971
7230,adam,9.374127694172785e-05,0.0022005403880029917
7231,adam,9.372096974402666e-05,0.0010554625187069178
7232,adam,9.37045260798186e-05,0.0005267044762149453
7233,adam,9.369076724397019e-05,0.0013718500267714262
7234,adam,9.367835446028039e-05,0.0021760074887424707
7235,adam,9.366522135678679e-05,0.0025790841318666935
7236,adam,9.365051664644852e-05,0.0027667128015309572
7237,adam,9.363422577735037e-05,0.0025855046696960926
7238,adam,9.361667616758496e-05,0.0022896064911037683
7239,adam,9.359852265333757e-05,0.0017248863587155938
7240,adam,9.358082024846226e-05,0.0012610709527507424
7241,adam,9.356458758702502e-05,0.0008364787790924311
7242,adam,9.35486750677228e-05,0.0009157451568171382
7243,adam,9.353427594760433e-05,0.001265582861378789
7244,adam,9.351957851322368e-05,0.0016278228722512722
7245,adam,9.350512846140191e-05,0.0019306149333715439
7246,adam,9.349000174552202e-05,0.0020709969103336334
7247,adam,9.347483864985406e-05,0.0021205765660852194
7248,adam,9.345877333544195e-05,0.0020378550980240107
7249,adam,9.344277350464836e-05,0.0019100273493677378
7250,adam,9.342643897980452e-05,0.0017623008461669087
7251,adam,9.341065015178174e-05,0.001680955057963729
7252,adam,9.33953415369615e-05,0.0017678672447800636
7253,adam,9.338032396044582e-05,0.0019117237534373999
7254,adam,9.336592484032735e-05,0.0022246306762099266
7255,adam,9.335180948255584e-05,0.0025206299033015966
7256,adam,9.333794878330082e-05,0.002948788460344076
7257,adam,9.332498302683234e-05,0.0033393285702914
7258,adam,9.331246837973595e-05,0.003915438428521156
7259,adam,9.330184548161924e-05,0.00453134486451745
7260,adam,9.329255408374593e-05,0.005376358050853014
7261,adam,9.32859256863594e-05,0.006301539484411478
7262,adam,9.328297164756805e-05,0.007476299535483122
7263,adam,9.328527812613174e-05,0.008782299235463142
7264,adam,9.329476597486064e-05,0.010441322810947895
7265,adam,9.331592445960268e-05,0.01238691434264183
7266,adam,9.335341746918857e-05,0.0148415332660079
7267,adam,9.341525583295152e-05,0.01774292066693306
7268,adam,9.351233893539757e-05,0.02133285067975521
7269,adam,9.366223821416497e-05,0.025639642030000687
7270,adam,9.389270417159423e-05,0.03101109340786934
7271,adam,9.424360177945346e-05,0.037561140954494476
7272,adam,9.477942512603477e-05,0.04574183002114296
7273,adam,9.559490717947483e-05,0.05579942464828491
7274,adam,9.684589167591184e-05,0.06837302446365356
7275,adam,9.875717660179362e-05,0.083949014544487
7276,adam,0.00010171262692892924,0.1034652590751648
7277,adam,0.0001062510782503523,0.12776850163936615
7278,adam,0.00011333257862133905,0.158281147480011
7279,adam,0.0001242276921402663,0.19634342193603516
7280,adam,0.00014130209456197917,0.2439866065979004
7281,adam,0.00016733678057789803,0.303066223859787
7282,adam,0.00020782940555363894,0.3760654628276825
7283,adam,0.0002674615243449807,0.46446800231933594
7284,adam,0.00035669951466843486,0.5695765614509583
7285,adam,0.00047597469529137015,0.6885278820991516
7286,adam,0.0006338122766464949,0.8151172399520874
7287,adam,0.0007924753008410335,0.9310573935508728
7288,adam,0.0009275372140109539,1.0120124816894531
7289,adam,0.0009275928605347872,1.0175281763076782
7290,adam,0.0007818507147021592,0.9203020930290222
7291,adam,0.0004923411761410534,0.7047116160392761
7292,adam,0.00022284688020590693,0.40074238181114197
7293,adam,0.00010435852163936943,0.10139081627130508
7294,adam,0.00016751069051679224,0.28644949197769165
7295,adam,0.00031618934008292854,0.5104930400848389
7296,adam,0.0004080485086888075,0.6141636967658997
7297,adam,0.00037166697438806295,0.5788586735725403
7298,adam,0.00023627431073691696,0.41881147027015686
7299,adam,0.0001223109575221315,0.18682390451431274
7300,adam,0.00011001972598023713,0.1215006560087204
7301,adam,0.00018055179680231959,0.30799105763435364
7302,adam,0.0002469081664457917,0.4163796603679657
7303,adam,0.00023975071962922812,0.41101813316345215
7304,adam,0.0001712355442577973,0.3013008236885071
7305,adam,0.00010661548731150106,0.12633290886878967
7306,adam,9.914825932355598e-05,0.07434047758579254
7307,adam,0.0001395810832036659,0.2249986231327057
7308,adam,0.00017639446014072746,0.30416569113731384
7309,adam,0.00017170565843116492,0.2952950596809387
7310,adam,0.0001326533529208973,0.208207368850708
7311,adam,9.885389590635896e-05,0.0744517520070076
7312,adam,9.761090041138232e-05,0.07078444212675095
7313,adam,0.00012060849985573441,0.17780861258506775
7314,adam,0.00013866533117834479,0.2277403473854065
7315,adam,0.00013293414667714387,0.21125702559947968
7316,adam,0.0001114346450776793,0.14009268581867218
7317,adam,9.557660087011755e-05,0.044754695147275925
7318,adam,9.766068251337856e-05,0.07292372733354568
7319,adam,0.00011055567301809788,0.14437595009803772
7320,adam,0.00011821710359072313,0.17248450219631195
7321,adam,0.00011297266610199586,0.15247121453285217
7322,adam,0.00010082228254759684,0.09379549324512482
7323,adam,9.35555508476682e-05,0.018044428899884224
7324,adam,9.618986223358661e-05,0.06073160842061043
7325,adam,0.0001035456734825857,0.11218281835317612
7326,adam,0.0001071063888957724,0.12988507747650146
7327,adam,0.00010351700620958582,0.1122095063328743
7328,adam,9.685418626759201e-05,0.06765440851449966
7329,adam,9.322804544353858e-05,0.013035666197538376
7330,adam,9.485155169386417e-05,0.044992558658123016
7331,adam,9.871640213532373e-05,0.0815233588218689
7332,adam,0.00010039334301836789,0.09354459494352341
7333,adam,9.842050349107012e-05,0.08079636096954346
7334,adam,9.495033737039194e-05,0.04936562478542328
7335,adam,9.311947360401973e-05,0.013724536634981632
7336,adam,9.398772817803547e-05,0.03323063999414444
7337,adam,9.600424527889118e-05,0.058503396809101105
7338,adam,9.691345621831715e-05,0.06749317049980164
7339,adam,9.589116234565154e-05,0.058787405490875244
7340,adam,9.399910777574405e-05,0.03662984445691109
7341,adam,9.286530985264108e-05,0.007828250527381897
7342,adam,9.317621879745275e-05,0.020399605855345726
7343,adam,9.425944881513715e-05,0.040742240846157074
7344,adam,9.492131357546896e-05,0.04910345748066902
7345,adam,9.457610576646402e-05,0.045160312205553055
7346,adam,9.360574767924845e-05,0.030863942578434944
7347,adam,9.284663246944547e-05,0.011588087305426598
7348,adam,9.280041558668017e-05,0.011823817156255245
7349,adam,9.328409942099825e-05,0.027191797271370888
7350,adam,9.371886699227616e-05,0.035610999912023544
7351,adam,9.368699829792604e-05,0.035074058920145035
7352,adam,9.324281563749537e-05,0.026870641857385635
7353,adam,9.276593482354656e-05,0.01345866173505783
7354,adam,9.259764919988811e-05,0.0037492939736694098
7355,adam,9.276821947423741e-05,0.015727167949080467
7356,adam,9.303558908868581e-05,0.024266354739665985
7357,adam,9.313283226219937e-05,0.026981549337506294
7358,adam,9.297906217398122e-05,0.023647401481866837
7359,adam,9.270625014323741e-05,0.01581200212240219
7360,adam,9.251250594388694e-05,0.005672627594321966
7361,adam,9.250095172319561e-05,0.005576557479798794
7362,adam,9.261588274966925e-05,0.013609638437628746
7363,adam,9.271801536669955e-05,0.018037065863609314
7364,adam,9.270893497159705e-05,0.018405405804514885
7365,adam,9.259324724553153e-05,0.014922261238098145
7366,adam,9.245627006748691e-05,0.0089399553835392
7367,adam,9.23832631087862e-05,0.0027549441438168287
7368,adam,9.239575592800975e-05,0.0058979555033147335
7369,adam,9.245044930139557e-05,0.010674264281988144
7370,adam,9.248171409126371e-05,0.012888586148619652
7371,adam,9.245398541679606e-05,0.012438610196113586
7372,adam,9.238124766852707e-05,0.009490652941167355
7373,adam,9.230717842001468e-05,0.0051099215634167194
7374,adam,9.226878319168463e-05,0.0011015512282028794
7375,adam,9.227043483406305e-05,0.004753521643579006
7376,adam,9.228975250152871e-05,0.007968931458890438
7377,adam,9.229632996721193e-05,0.009342329576611519
7378,adam,9.227483678841963e-05,0.008945357985794544
7379,adam,9.223227243637666e-05,0.006854520179331303
7380,adam,9.218876220984384e-05,0.0038621025159955025
7381,adam,9.216143371304497e-05,0.0011388265993446112
7382,adam,9.215321188094094e-05,0.0032666923943907022
7383,adam,9.21550381463021e-05,0.005604176316410303
7384,adam,9.215166937792674e-05,0.006766434758901596
7385,adam,9.213573503075168e-05,0.006745461840182543
7386,adam,9.210887219524011e-05,0.005562659353017807
7387,adam,9.207914990838617e-05,0.0036936369724571705
7388,adam,9.205521200783551e-05,0.0015509077347815037
7389,adam,9.203982335748151e-05,0.0013631567126139998
7390,adam,9.203096851706505e-05,0.003022497519850731
7391,adam,9.202233923133463e-05,0.0040463232435286045
7392,adam,9.200907516060397e-05,0.0043993862345814705
7393,adam,9.199017949867994e-05,0.003905956633388996
7394,adam,9.196894097840413e-05,0.0029059441294521093
7395,adam,9.194904123432934e-05,0.0014936459483578801
7396,adam,9.193192090606317e-05,0.0004096604825463146
7397,adam,9.191862773150206e-05,0.0014664623886346817
7398,adam,9.190686250803992e-05,0.002370381960645318
7399,adam,9.189411503029987e-05,0.0029130969196558
7400,adam,9.18788427952677e-05,0.002847996773198247
7401,adam,9.186178795062006e-05,0.0024485327303409576
7402,adam,9.18443693080917e-05,0.0016715636011213064
7403,adam,9.182753274217248e-05,0.0011264919303357601
7404,adam,9.181257337331772e-05,0.0012742842081934214
7405,adam,9.179909102385864e-05,0.001912318984977901
7406,adam,9.178555046673864e-05,0.0024329829029738903
7407,adam,9.177191532216966e-05,0.0026888176798820496
7408,adam,9.175672312267125e-05,0.002690625376999378
7409,adam,9.174092701869085e-05,0.002445888938382268
7410,adam,9.172449790639803e-05,0.00212576100602746
7411,adam,9.170950943371281e-05,0.0019182944670319557
7412,adam,9.1694419097621e-05,0.0018519986188039184
7413,adam,9.168046381091699e-05,0.0020347721874713898
7414,adam,9.166637755697593e-05,0.002178480848670006
7415,adam,9.16521530598402e-05,0.0023983388673514128
7416,adam,9.163755021290854e-05,0.0024260152131319046
7417,adam,9.162328206002712e-05,0.002534092403948307
7418,adam,9.160845365840942e-05,0.0025655694771558046
7419,adam,9.159420733340085e-05,0.0027746036648750305
7420,adam,9.158049942925572e-05,0.0029948800802230835
7421,adam,9.156716987490654e-05,0.0033498944249004126
7422,adam,9.155447332886979e-05,0.0036682519130408764
7423,adam,9.154214058071375e-05,0.0040726130828261375
7424,adam,9.15313939913176e-05,0.004460670053958893
7425,adam,9.1521033027675e-05,0.004942706786096096
7426,adam,9.15113341761753e-05,0.005407072138041258
7427,adam,9.150442201644182e-05,0.006014932878315449
7428,adam,9.149975812761113e-05,0.006670351140201092
7429,adam,9.149774996330962e-05,0.007554713170975447
7430,adam,9.150153346126899e-05,0.0085460115224123
7431,adam,9.151134145213291e-05,0.009800689294934273
7432,adam,9.152929851552472e-05,0.011203264817595482
7433,adam,9.156038868241012e-05,0.012958644889295101
7434,adam,9.160750050796196e-05,0.014965265989303589
7435,adam,9.167863026959822e-05,0.017445074394345284
7436,adam,9.178298205370083e-05,0.020326072350144386
7437,adam,9.193434379994869e-05,0.023844072595238686
7438,adam,9.215294994646683e-05,0.027978399768471718
7439,adam,9.247082198271528e-05,0.033036187291145325
7440,adam,9.292992035625502e-05,0.03907843679189682
7441,adam,9.359613613924012e-05,0.046443112194538116
7442,adam,9.455886902287602e-05,0.0552794523537159
7443,adam,9.596614836482331e-05,0.06607575714588165
7444,adam,9.800918633118272e-05,0.07912647724151611
7445,adam,0.00010101767111336812,0.09508039057254791
7446,adam,0.00010540908260736614,0.11449010670185089
7447,adam,0.0001119247535825707,0.13822655379772186
7448,adam,0.0001214303047163412,0.16710589826107025
7449,adam,0.000135547379613854,0.2021910548210144
7450,adam,0.00015588084352202713,0.24454744160175323
7451,adam,0.00018569271196611226,0.29509249329566956
7452,adam,0.00022698251996189356,0.35456615686416626
7453,adam,0.0002848298754543066,0.4223968982696533
7454,adam,0.0003572966670617461,0.49693435430526733
7455,adam,0.0004466918180696666,0.5725290775299072
7456,adam,0.0005317756440490484,0.6407140493392944
7457,adam,0.000600236002355814,0.6862901449203491
7458,adam,0.00060269859386608,0.6930953860282898
7459,adam,0.0005340246134437621,0.6438719630241394
7460,adam,0.0003886836639139801,0.5339058041572571
7461,adam,0.0002311752032255754,0.3698814809322357
7462,adam,0.00012158611934864894,0.18062961101531982
7463,adam,9.80428303591907e-05,0.07872806489467621
7464,adam,0.00014735751028638333,0.21963022649288177
7465,adam,0.00022127950796857476,0.340392142534256
7466,adam,0.00026891788002103567,0.40183553099632263
7467,adam,0.0002587705967016518,0.3959459066390991
7468,adam,0.00020326831145212054,0.3289758265018463
7469,adam,0.00013739595306105912,0.21914154291152954
7470,adam,0.00010052179277408868,0.10751496255397797
7471,adam,0.00010554023901931942,0.11160296201705933
7472,adam,0.00013653805945068598,0.19566093385219574
7473,adam,0.0001644887961447239,0.25201159715652466
7474,adam,0.0001675839303061366,0.26192930340766907
7475,adam,0.00014609808567911386,0.22640623152256012
7476,adam,0.00011618585995165631,0.15960289537906647
7477,adam,9.791701450012624e-05,0.09102318435907364
7478,adam,9.926449274644256e-05,0.08744586259126663
7479,adam,0.00011340658238623291,0.13664497435092926
7480,adam,0.0001262467703782022,0.17187930643558502
7481,adam,0.0001273077359655872,0.17638252675533295
7482,adam,0.00011666526552289724,0.15081609785556793
7483,adam,0.00010239692346658558,0.10419873893260956
7484,adam,9.399763803230599e-05,0.05950936675071716
7485,adam,9.512979886494577e-05,0.06309907883405685
7486,adam,0.00010231937631033361,0.09801527857780457
7487,adam,0.00010864813521038741,0.12141431123018265
7488,adam,0.00010908903641393408,0.12314555794000626
7489,adam,0.00010365105117671192,0.10361422598361969
7490,adam,9.635051537770778e-05,0.0686526894569397
7491,adam,9.187875548377633e-05,0.03146614506840706
7492,adam,9.22155159059912e-05,0.03514978289604187
7493,adam,9.58502059802413e-05,0.06500980257987976
7494,adam,9.942062752088532e-05,0.08472940325737
7495,adam,0.00010025173105532303,0.08856042474508286
7496,adam,9.796565427677706e-05,0.07710536569356918
7497,adam,9.426587348571047e-05,0.05336872115731239
7498,adam,9.14759366423823e-05,0.02309742011129856
7499,adam,9.0926478151232e-05,0.009244199842214584
7500,adam,9.232661977875978e-05,0.03562779724597931
7501,adam,9.426039468962699e-05,0.05399205535650253
7502,adam,9.527819202048704e-05,0.06144968420267105
7503,adam,9.478687570663169e-05,0.05817827954888344
7504,adam,9.323107224190608e-05,0.045759644359350204
7505,adam,9.162318019662052e-05,0.027642009779810905
7506,adam,9.081189637072384e-05,0.00988919846713543
7507,adam,9.100722672883421e-05,0.016482582315802574
7508,adam,9.179140033666044e-05,0.03061286360025406
7509,adam,9.249879803974181e-05,0.039134517312049866
7510,adam,9.265651169698685e-05,0.04093065857887268
7511,adam,9.221379150403664e-05,0.03624815493822098
7512,adam,9.148597746388987e-05,0.02698701247572899
7513,adam,9.089166997000575e-05,0.015821997076272964
7514,adam,9.068961662705988e-05,0.010336737148463726
7515,adam,9.086665522772819e-05,0.016557147726416588
7516,adam,9.120154572883621e-05,0.023726390674710274
7517,adam,9.143278293777257e-05,0.027572548016905785
7518,adam,9.141064219875261e-05,0.027185741811990738
7519,adam,9.116272121900693e-05,0.023129379376769066
7520,adam,9.083477198146284e-05,0.01633143611252308
7521,adam,9.059107105713338e-05,0.008929334580898285
7522,adam,9.052005771081895e-05,0.006400302983820438
7523,adam,9.060407319338992e-05,0.011568039655685425
7524,adam,9.074863919522613e-05,0.01657264307141304
7525,adam,9.084791963687167e-05,0.01921685039997101
7526,adam,9.084011253435165e-05,0.019265033304691315
7527,adam,9.072927059605718e-05,0.016735728830099106
7528,adam,9.057229908648878e-05,0.012375921942293644
7529,adam,9.043807949637994e-05,0.0067727649584412575
7530,adam,9.037209383677691e-05,0.0010898241307586432
7531,adam,9.037920972332358e-05,0.004613435361534357
7532,adam,9.04294938663952e-05,0.008875151164829731
7533,adam,9.047859930433333e-05,0.011699157766997814
7534,adam,9.04938715393655e-05,0.012773814611136913
7535,adam,9.04635016922839e-05,0.012271706014871597
7536,adam,9.03994805412367e-05,0.010332989506423473
7537,adam,9.032768866745755e-05,0.007498141378164291
7538,adam,9.027250052895397e-05,0.004325384274125099
7539,adam,9.024554310599342e-05,0.0023836838081479073
7540,adam,9.024344035424292e-05,0.00391065189614892
7541,adam,9.025391773320735e-05,0.005942726973444223
7542,adam,9.026081534102559e-05,0.007366538513451815
7543,adam,9.025340841617435e-05,0.007736677303910255
7544,adam,9.023026359500363e-05,0.00733245350420475
7545,adam,9.019659773912281e-05,0.00610761484131217
7546,adam,9.016116382554173e-05,0.0045002237893640995
7547,adam,9.01325183804147e-05,0.0027976592537015676
7548,adam,9.011413203552365e-05,0.002041077008470893
7549,adam,9.010500798467547e-05,0.0029060635715723038
7550,adam,9.01001549209468e-05,0.003981259185820818
7551,adam,9.009437781060115e-05,0.0048299808986485004
7552,adam,9.008379856823012e-05,0.005055523943156004
7553,adam,9.006671461975202e-05,0.0048826877027750015
7554,adam,9.004535968415439e-05,0.004161091987043619
7555,adam,9.002238948596641e-05,0.003228607354685664
7556,adam,9.000053250929341e-05,0.0019943362567573786
7557,adam,8.998261910164729e-05,0.0008307783864438534
7558,adam,8.996762335300446e-05,0.0005864184931851923
7559,adam,8.995559619506821e-05,0.0015109301311895251
7560,adam,8.994479867396876e-05,0.002335719298571348
7561,adam,8.99334263522178e-05,0.002758096670731902
7562,adam,8.992027869680896e-05,0.003007085295394063
7563,adam,8.990592323243618e-05,0.0028816726990044117
7564,adam,8.988914487417787e-05,0.002645614091306925
7565,adam,8.987245382741094e-05,0.0021423085127025843
7566,adam,8.985571912489831e-05,0.0016880132025107741
7567,adam,8.983952284324914e-05,0.001168991788290441
7568,adam,8.982489089248702e-05,0.0009962026961147785
7569,adam,8.981094288174063e-05,0.0011427156860008836
7570,adam,8.979751873994246e-05,0.0014895822387188673
7571,adam,8.97845093277283e-05,0.0018517946591600776
7572,adam,8.977098332252353e-05,0.0020810754504054785
7573,adam,8.975771925179288e-05,0.002235408639535308
7574,adam,8.974320371635258e-05,0.0022040309850126505
7575,adam,8.97283898666501e-05,0.0021153343841433525
7576,adam,8.9713154011406e-05,0.001906519290059805
7577,adam,8.96981218829751e-05,0.0016876873560249805
7578,adam,8.96829369594343e-05,0.0014576941030099988
7579,adam,8.96683704922907e-05,0.0013067270629107952
7580,adam,8.965373854152858e-05,0.0012762731639668345
7581,adam,8.963970321929082e-05,0.0012911470839753747
7582,adam,8.962590800365433e-05,0.0014398847706615925
7583,adam,8.961187995737419e-05,0.0015017949044704437
7584,adam,8.959830302046612e-05,0.0016537506598979235
7585,adam,8.958392572822049e-05,0.0016701871063560247
7586,adam,8.957019599620253e-05,0.0017610896611586213
7587,adam,8.955557132139802e-05,0.001701713539659977
7588,adam,8.954184158938006e-05,0.0017244161572307348
7589,adam,8.95270422915928e-05,0.0016465418739244342
7590,adam,8.951285417424515e-05,0.0016879549948498607
7591,adam,8.949814946390688e-05,0.0016602951800450683
7592,adam,8.948372851591557e-05,0.0017630599904805422
7593,adam,8.947023161454126e-05,0.001835917355492711
7594,adam,8.945650915848091e-05,0.0020301355980336666
7595,adam,8.944298315327615e-05,0.002210622187703848
7596,adam,8.94294134923257e-05,0.002500341273844242
7597,adam,8.941676060203463e-05,0.002812902210280299
7598,adam,8.940439875004813e-05,0.0032374367583543062
7599,adam,8.93928372533992e-05,0.0037001958116889
7600,adam,8.938205428421497e-05,0.004276692401617765
7601,adam,8.93724209163338e-05,0.004875436890870333
7602,adam,8.936407539295033e-05,0.0055977096781134605
7603,adam,8.935746882343665e-05,0.006374170538038015
7604,adam,8.935335790738463e-05,0.0073398384265601635
7605,adam,8.93531832844019e-05,0.008436953648924828
7606,adam,8.935874939197674e-05,0.00980942789465189
7607,adam,8.937162056099623e-05,0.011401324532926083
7608,adam,8.939635881688446e-05,0.013388174585998058
7609,adam,8.943777356762439e-05,0.01575770229101181
7610,adam,8.950445044320077e-05,0.01873362436890602
7611,adam,8.960779814515263e-05,0.022307371720671654
7612,adam,8.976469689514488e-05,0.026714826002717018
7613,adam,8.999935380415991e-05,0.032005470246076584
7614,adam,9.0350593382027e-05,0.03854215517640114
7615,adam,9.087740181712434e-05,0.0465087890625
7616,adam,9.166938252747059e-05,0.05638786405324936
7617,adam,9.285830310545862e-05,0.06849662214517593
7618,adam,9.466048504691571e-05,0.0835297480225563
7619,adam,9.737542131915689e-05,0.10204300284385681
7620,adam,0.00010152002505492419,0.1250482201576233
7621,adam,0.00010778454452520236,0.1534801721572876
7622,adam,0.00011741869820980355,0.18883883953094482
7623,adam,0.00013193528866395354,0.23244528472423553
7624,adam,0.00015422697470057756,0.28627631068229675
7625,adam,0.00018719515355769545,0.35181695222854614
7626,adam,0.00023687574139330536,0.4310056269168854
7627,adam,0.00030636056908406317,0.5237188935279846
7628,adam,0.0004043419030494988,0.6291107535362244
7629,adam,0.0005222460022196174,0.7397394180297852
7630,adam,0.0006581712514162064,0.8446499109268188
7631,adam,0.0007573706679977477,0.9190130233764648
7632,adam,0.0007914247689768672,0.9378884434700012
7633,adam,0.0006857534754090011,0.8680647015571594
7634,adam,0.0004820300673600286,0.7016773819923401
7635,adam,0.00025123602245002985,0.4506683349609375
7636,adam,0.00011495366925373673,0.16998571157455444
7637,adam,0.00012050422810716555,0.18049860000610352
7638,adam,0.00022268234170041978,0.39854565262794495
7639,adam,0.00032435631146654487,0.5339409708976746
7640,adam,0.000339167017955333,0.5551198720932007
7641,adam,0.00026280866586603224,0.46283483505249023
7642,adam,0.00015371818153653294,0.2835325300693512
7643,adam,9.594723087502643e-05,0.08195249736309052
7644,adam,0.000117666699225083,0.17416036128997803
7645,adam,0.00017935861251316965,0.32266712188720703
7646,adam,0.00021727336570620537,0.3874017000198364
7647,adam,0.0001965198025573045,0.35663843154907227
7648,adam,0.0001398913882439956,0.24469693005084991
7649,adam,9.555536962579936e-05,0.08564908802509308
7650,adam,9.452265658183023e-05,0.07847592979669571
7651,adam,0.00012540078023448586,0.20719778537750244
7652,adam,0.00015203053771983832,0.2729388177394867
7653,adam,0.00014954853395465761,0.2659933567047119
7654,adam,0.00012221255747135729,0.19495654106140137
7655,adam,9.625759412301704e-05,0.08567868173122406
7656,adam,9.156363375950605e-05,0.051090460270643234
7657,adam,0.00010588026634650305,0.1435054987668991
7658,adam,0.00012102419714210555,0.19746020436286926
7659,adam,0.0001215218726429157,0.19847209751605988
7660,adam,0.00010818477312568575,0.15113237500190735
7661,adam,9.367080201627687e-05,0.07206418365240097
7662,adam,8.972205978352576e-05,0.023851295933127403
7663,adam,9.668161510489881e-05,0.09650424122810364
7664,adam,0.00010542248492129147,0.14207884669303894
7665,adam,0.00010717278200900182,0.14942842721939087
7666,adam,0.00010079783533001319,0.1204037144780159
7667,adam,9.261017839889973e-05,0.06593776494264603
7668,adam,8.923480345401913e-05,0.010733073577284813
7669,adam,9.19785670703277e-05,0.0584627166390419
7670,adam,9.673165914136916e-05,0.09631063789129257
7671,adam,9.852761286310852e-05,0.10765281319618225
7672,adam,9.59858953137882e-05,0.09253039211034775
7673,adam,9.167304233415052e-05,0.05764731764793396
7674,adam,8.924266876420006e-05,0.01651405356824398
7675,adam,9.005753236124292e-05,0.03412014991044998
7676,adam,9.25261338124983e-05,0.06406892091035843
7677,adam,9.401753777638078e-05,0.07707640528678894
7678,adam,9.321763354819268e-05,0.07110600918531418
7679,adam,9.098646842176095e-05,0.049480825662612915
7680,adam,8.918983803596348e-05,0.018857665359973907
7681,adam,8.900280954549089e-05,0.013210372067987919
7682,adam,9.009557106764987e-05,0.03885023295879364
7683,adam,9.120665345108137e-05,0.05328867584466934
7684,adam,9.132904233410954e-05,0.054630350321531296
7685,adam,9.043876343639567e-05,0.04382070526480675
7686,adam,8.933265053201467e-05,0.02491799369454384
7687,adam,8.88218346517533e-05,0.0070539782755076885
7688,adam,8.909762254916131e-05,0.020943090319633484
7689,adam,8.971555507741868e-05,0.03509443625807762
7690,adam,9.005749598145485e-05,0.040824271738529205
7691,adam,8.98437574505806e-05,0.037680868059396744
7692,adam,8.927373710321262e-05,0.027012817561626434
7693,adam,8.878323569661006e-05,0.01197664625942707
7694,adam,8.866699499776587e-05,0.004164799582213163
7695,adam,8.889166929293424e-05,0.01762581057846546
7696,adam,8.918485400499776e-05,0.026349080726504326
7697,adam,8.928302850108594e-05,0.028904983773827553
7698,adam,8.911989425541833e-05,0.025643039494752884
7699,adam,8.88315262272954e-05,0.01778155006468296
7700,adam,8.861698006512597e-05,0.007978797890245914
7701,adam,8.858673390932381e-05,0.005908527411520481
7702,adam,8.86998968780972e-05,0.013469156809151173
7703,adam,8.882307884050533e-05,0.018632227554917336
7704,adam,8.884348790161312e-05,0.019759083166718483
7705,adam,8.874444756656885e-05,0.01716596446931362
7706,adam,8.859312220010906e-05,0.011527897790074348
7707,adam,8.848102152114734e-05,0.004472876898944378
7708,adam,8.845700358506292e-05,0.003244399791583419
7709,adam,8.850173617247492e-05,0.009071015752851963
7710,adam,8.85563058545813e-05,0.012856428511440754
7711,adam,8.856630302034318e-05,0.013865824788808823
7712,adam,8.85188055690378e-05,0.01232869178056717
7713,adam,8.844280091580003e-05,0.008681314066052437
7714,adam,8.837971836328506e-05,0.004102376289665699
7715,adam,8.835425251163542e-05,0.0021584327332675457
7716,adam,8.836371853249148e-05,0.0058912066742777824
7717,adam,8.83830216480419e-05,0.008780336938798428
7718,adam,8.838708890834823e-05,0.009948112070560455
7719,adam,8.836421329760924e-05,0.009416216053068638
7720,adam,8.83229513419792e-05,0.007359148934483528
7721,adam,8.82816020748578e-05,0.004470704589039087
7722,adam,8.825484110275283e-05,0.0017302142223343253
7723,adam,8.824511314742267e-05,0.002735968679189682
7724,adam,8.824555698083714e-05,0.005018072202801704
7725,adam,8.824396354611963e-05,0.00630264263600111
7726,adam,8.823232201393694e-05,0.006555601023137569
7727,adam,8.820949005894363e-05,0.005665395874530077
7728,adam,8.818161586532369e-05,0.004060971084982157
7729,adam,8.815717592369765e-05,0.0019256159430369735
7730,adam,8.814033208182082e-05,0.0005674784770235419
7731,adam,8.813058229861781e-05,0.0023284282069653273
7732,adam,8.812348096398637e-05,0.003698895452544093
7733,adam,8.811424049781635e-05,0.004440361633896828
7734,adam,8.810002327663824e-05,0.004360582679510117
7735,adam,8.808186976239085e-05,0.0037053474225103855
7736,adam,8.806223922874779e-05,0.002513214945793152
7737,adam,8.80439838510938e-05,0.0011973041109740734
7738,adam,8.802957745501772e-05,0.000529364391695708
7739,adam,8.801750664133579e-05,0.0016051566926762462
7740,adam,8.80064835655503e-05,0.002521366346627474
7741,adam,8.799483475740999e-05,0.0029844536911696196
7742,adam,8.798114868113771e-05,0.0030522379092872143
7743,adam,8.796576003078371e-05,0.0026743540074676275
7744,adam,8.794933091849089e-05,0.0020809166599065065
7745,adam,8.793394226813689e-05,0.0013782886089757085
7746,adam,8.791934669716284e-05,0.0009367254679091275
7747,adam,8.790632273303345e-05,0.0012319160159677267
7748,adam,8.789380080997944e-05,0.0016703247092664242
7749,adam,8.788146078586578e-05,0.0021015224047005177
7750,adam,8.786834223428741e-05,0.0022204541601240635
7751,adam,8.785490354057401e-05,0.0022703311406075954
7752,adam,8.784087549429387e-05,0.002101731486618519
7753,adam,8.782686199992895e-05,0.0020884445402771235
7754,adam,8.78138089319691e-05,0.0021684898529201746
7755,adam,8.780140342423692e-05,0.0025696640368551016
7756,adam,8.77903075888753e-05,0.0030375716742128134
7757,adam,8.778027404332533e-05,0.003609931329265237
7758,adam,8.77706115716137e-05,0.0041280472651124
7759,adam,8.776198956184089e-05,0.004705451428890228
7760,adam,8.77555285114795e-05,0.00529887992888689
7761,adam,8.775141759542748e-05,0.006075602024793625
7762,adam,8.77511192811653e-05,0.00692233070731163
7763,adam,8.775573951425031e-05,0.008004188537597656
7764,adam,8.776679896982387e-05,0.009222770109772682
7765,adam,8.778837218414992e-05,0.010776913724839687
7766,adam,8.782387158134952e-05,0.012577262707054615
7767,adam,8.788090053712949e-05,0.014871225692331791
7768,adam,8.796858310233802e-05,0.01759231649339199
7769,adam,8.810236613499e-05,0.02100268192589283
7770,adam,8.830030856188387e-05,0.02504933997988701
7771,adam,8.859409717842937e-05,0.030039016157388687
7772,adam,8.902674017008394e-05,0.03601628541946411
7773,adam,8.966941823018715e-05,0.043394047766923904
7774,adam,9.062057506525889e-05,0.052342332899570465
7775,adam,9.204379603033885e-05,0.06340929865837097
7776,adam,9.416317334398627e-05,0.07693012058734894
7777,adam,9.735454659676179e-05,0.09362693130970001
7778,adam,0.00010212313645752147,0.11411727964878082
7779,adam,0.00010933200246654451,0.13937446475028992
7780,adam,0.00012004936434095725,0.17028892040252686
7781,adam,0.00013620864774566144,0.2080872803926468
7782,adam,0.00015983237244654447,0.25388216972351074
7783,adam,0.0001947023265529424,0.30856046080589294
7784,adam,0.00024304838734678924,0.3724515438079834
7785,adam,0.000309759663650766,0.4441587030887604
7786,adam,0.00039024485158734024,0.5200773477554321
7787,adam,0.00048172377864830196,0.5916118025779724
7788,adam,0.0005528461770154536,0.6458741426467896
7789,adam,0.0005826278938911855,0.6639978885650635
7790,adam,0.0005254399147816002,0.6287429332733154
7791,adam,0.0003977383894380182,0.5287350416183472
7792,adam,0.0002368561108596623,0.3714122474193573
7793,adam,0.00012055060506099835,0.17925554513931274
7794,adam,9.163720096694306e-05,0.06263688951730728
7795,adam,0.00014092703349888325,0.2135942578315735
7796,adam,0.0002180469164159149,0.3367496728897095
7797,adam,0.0002643716288730502,0.3951404094696045
7798,adam,0.0002514985390007496,0.3823189437389374
7799,adam,0.00018861463468056172,0.3043639063835144
7800,adam,0.00012197539763292298,0.18323388695716858
7801,adam,9.139502071775496e-05,0.06984717398881912
7802,adam,0.0001062715018633753,0.12634436786174774
7803,adam,0.00014319866022560745,0.21763762831687927
7804,adam,0.0001679847191553563,0.2637162208557129
7805,adam,0.00016204416169784963,0.25524407625198364
7806,adam,0.0001314675173489377,0.19937185943126678
7807,adam,0.00010083332745125517,0.11470484733581543
7808,adam,8.993169467430562e-05,0.05475582554936409
7809,adam,0.00010073472367366776,0.10694492608308792
7810,adam,0.00011903220729436725,0.1633646935224533
7811,adam,0.00012787262676283717,0.18555741012096405
7812,adam,0.00012075490667484701,0.16925844550132751
7813,adam,0.00010417228622827679,0.12158878147602081
7814,adam,9.095336281461641e-05,0.059705376625061035
7815,adam,8.901421097107232e-05,0.04139837622642517
7816,adam,9.659918578108773e-05,0.0891442522406578
7817,adam,0.00010534912144066766,0.12346082925796509
7818,adam,0.00010764058242784813,0.13114333152770996
7819,adam,0.00010213490895694122,0.1121540442109108
7820,adam,9.348765161121264e-05,0.07281612604856491
7821,adam,8.793998131295666e-05,0.02519024908542633
7822,adam,8.83448010426946e-05,0.031147101894021034
7823,adam,9.27792425500229e-05,0.06871382147073746
7824,adam,9.683372627478093e-05,0.09023072570562363
7825,adam,9.723986295284703e-05,0.09219472110271454
7826,adam,9.400861745234579e-05,0.07605555653572083
7827,adam,8.974039519671351e-05,0.046551235020160675
7828,adam,8.731014531804249e-05,0.011396240442991257
7829,adam,8.776979666436091e-05,0.02303876355290413
7830,adam,8.9983397629112e-05,0.04910779371857643
7831,adam,9.185577073367313e-05,0.06335607916116714
7832,adam,9.196316386805847e-05,0.06410127133131027
7833,adam,9.039782162290066e-05,0.053044643253088
7834,adam,8.837695349939167e-05,0.03339570388197899
7835,adam,8.720643381820992e-05,0.012051558122038841
7836,adam,8.736723975744098e-05,0.017201760783791542
7837,adam,8.835959306452423e-05,0.033840522170066833
7838,adam,8.92421739990823e-05,0.04355631023645401
7839,adam,8.93449250725098e-05,0.04450775310397148
7840,adam,8.866217103786767e-05,0.03760923817753792
7841,adam,8.771155989961699e-05,0.024936923757195473
7842,adam,8.70930525707081e-05,0.010984539054334164
7843,adam,8.707646338734776e-05,0.011361758224666119
7844,adam,8.749355038162321e-05,0.022331438958644867
7845,adam,8.793672168394551e-05,0.0298109520226717
7846,adam,8.806528057903051e-05,0.03155486658215523
7847,adam,8.780910138739273e-05,0.02795005403459072
7848,adam,8.735579467611387e-05,0.019947893917560577
7849,adam,8.698496094439179e-05,0.009668710641562939
7850,adam,8.687372610438615e-05,0.003770314622670412
7851,adam,8.700878970557824e-05,0.012110590934753418
7852,adam,8.723102655494586e-05,0.018811481073498726
7853,adam,8.736283052712679e-05,0.021871449425816536
7854,adam,8.731658454053104e-05,0.0211738720536232
7855,adam,8.712940325494856e-05,0.017171012237668037
7856,adam,8.691547554917634e-05,0.010921528562903404
7857,adam,8.678263111505657e-05,0.003604257246479392
7858,adam,8.677258301759139e-05,0.0037513538263738155
7859,adam,8.684767090016976e-05,0.009543823078274727
7860,adam,8.693141717230901e-05,0.013236447237432003
7861,adam,8.69596769916825e-05,0.014604466035962105
7862,adam,8.691236871527508e-05,0.01355588249862194
7863,adam,8.681741019245237e-05,0.010718141682446003
7864,adam,8.672330295667052e-05,0.0066408514976501465
7865,adam,8.666898793308064e-05,0.002740715630352497
7866,adam,8.666425856063142e-05,0.0036335610784590244
7867,adam,8.668996451888233e-05,0.006733308546245098
7868,adam,8.671537943882868e-05,0.008907384239137173
7869,adam,8.671705290907994e-05,0.00955810584127903
7870,adam,8.668816735735163e-05,0.008891172707080841
7871,adam,8.663990593049675e-05,0.006979099474847317
7872,adam,8.659197192173451e-05,0.0044667418114840984
7873,adam,8.656084537506104e-05,0.0020674667321145535
7874,adam,8.654996054247022e-05,0.0024299982469528913
7875,adam,8.655310375615954e-05,0.00445554219186306
7876,adam,8.655743295093998e-05,0.0058236150071024895
7877,adam,8.655240526422858e-05,0.006442967336624861
7878,adam,8.653455734020099e-05,0.0060674091801047325
7879,adam,8.65070687723346e-05,0.0050234198570251465
7880,adam,8.647824870422482e-05,0.0033575487323105335
7881,adam,8.645427442388609e-05,0.0015478195855394006
7882,adam,8.643895853310823e-05,0.0005441216635517776
7883,adam,8.643031469546258e-05,0.0020519858226180077
7884,adam,8.642523607704788e-05,0.0033123588655143976
7885,adam,8.641782187623903e-05,0.003967528697103262
7886,adam,8.640592568553984e-05,0.004166900180280209
7887,adam,8.638964936835691e-05,0.0037636212073266506
7888,adam,8.637028804514557e-05,0.0030953155364841223
7889,adam,8.63515306264162e-05,0.0021187434904277325
7890,adam,8.633486140752211e-05,0.0013746405020356178
7891,adam,8.632160461274907e-05,0.001288674771785736
7892,adam,8.631057426100597e-05,0.0018376349471509457
7893,adam,8.62999731907621e-05,0.0024000301491469145
7894,adam,8.628880459582433e-05,0.002655977150425315
7895,adam,8.627599891042337e-05,0.002687284490093589
7896,adam,8.626113412901759e-05,0.002363824052736163
7897,adam,8.624533074907959e-05,0.0018916258122771978
7898,adam,8.622997847851366e-05,0.001200726255774498
7899,adam,8.621544839115813e-05,0.0005817291676066816
7900,adam,8.620242442702875e-05,0.000444826582679525
7901,adam,8.619025174994022e-05,0.0009371445048600435
7902,adam,8.61780863488093e-05,0.0014233669498935342
7903,adam,8.61663356772624e-05,0.0017090592300519347
7904,adam,8.61533626448363e-05,0.001881580101326108
7905,adam,8.614008402219042e-05,0.0018125207861885428
7906,adam,8.61265289131552e-05,0.0016666472656652331
7907,adam,8.611247903900221e-05,0.001415763865225017
7908,adam,8.609868382336572e-05,0.0012189942644909024
7909,adam,8.60855943756178e-05,0.0011709313839673996
7910,adam,8.607270865468308e-05,0.0012039998546242714
7911,adam,8.605977200204507e-05,0.0013669745530933142
7912,adam,8.604718459537253e-05,0.0014468160225078464
7913,adam,8.603445166954771e-05,0.001575340866111219
7914,adam,8.602116577094421e-05,0.001542655169032514
7915,adam,8.600810542702675e-05,0.0015447711339220405
7916,adam,8.599477587267756e-05,0.0013839879538863897
7917,adam,8.598111890023574e-05,0.0012912219390273094
7918,adam,8.596758561907336e-05,0.0011369750136509538
7919,adam,8.595451799919829e-05,0.001115482416935265
7920,adam,8.594163227826357e-05,0.0011260914616286755
7921,adam,8.592848462285474e-05,0.0012194727314636111
7922,adam,8.591580990469083e-05,0.0013097762130200863
7923,adam,8.590309880673885e-05,0.001383244409225881
7924,adam,8.588987839175388e-05,0.001410238677635789
7925,adam,8.587679621996358e-05,0.0013791692908853292
7926,adam,8.586371404817328e-05,0.0013423786731436849
7927,adam,8.585063915234059e-05,0.001327328267507255
7928,adam,8.583749877288938e-05,0.001334017957560718
7929,adam,8.582467125961557e-05,0.0013865618966519833
7930,adam,8.581137080909684e-05,0.0014234342379495502
7931,adam,8.579867426306009e-05,0.0015008259797468781
7932,adam,8.578573761042207e-05,0.0015334930503740907
7933,adam,8.577316475566477e-05,0.001646757242269814
7934,adam,8.576027903473005e-05,0.0017047323053702712
7935,adam,8.574761886848137e-05,0.0018516657873988152
7936,adam,8.573528612032533e-05,0.001953324070200324
7937,adam,8.572256774641573e-05,0.002166206482797861
7938,adam,8.571048238081858e-05,0.0023299383465200663
7939,adam,8.569799683755264e-05,0.002592568751424551
7940,adam,8.568660268792883e-05,0.002846884075552225
7941,adam,8.567502663936466e-05,0.0032442547380924225
7942,adam,8.566449105273932e-05,0.003647129749879241
7943,adam,8.565438474761322e-05,0.004199012648314238
7944,adam,8.564630115870386e-05,0.004804580006748438
7945,adam,8.563909796066582e-05,0.0055803777649998665
7946,adam,8.563409937778488e-05,0.006430110894143581
7947,adam,8.563284791307524e-05,0.007505805231630802
7948,adam,8.563579467590898e-05,0.0087434072047472
7949,adam,8.564583549741656e-05,0.010294672101736069
7950,adam,8.566465839976445e-05,0.01209834311157465
7951,adam,8.569743658881634e-05,0.014316795393824577
7952,adam,8.574934327043593e-05,0.01693076267838478
7953,adam,8.582983718952164e-05,0.020165832713246346
7954,adam,8.595277176937088e-05,0.02406126633286476
7955,adam,8.613895624876022e-05,0.028875412419438362
7956,adam,8.641791646368802e-05,0.034689195454120636
7957,adam,8.683432679390535e-05,0.04184079170227051
7958,adam,8.745288505451754e-05,0.050520606338977814
7959,adam,8.83803004398942e-05,0.06123548001050949
7960,adam,8.977003017207608e-05,0.07438606023788452
7961,adam,9.187275281874463e-05,0.09068707376718521
7962,adam,9.502915054326877e-05,0.11072278022766113
7963,adam,9.98310133581981e-05,0.13554422557353973
7964,adam,0.00010704653686843812,0.1661001592874527
7965,adam,0.000118071555334609,0.20391318202018738
7966,adam,0.00013452852726913989,0.25025632977485657
7967,adam,0.00015951032401062548,0.30698809027671814
7968,adam,0.00019578410137910396,0.3751717507839203
7969,adam,0.0002491507038939744,0.45609667897224426
7970,adam,0.0003209691494703293,0.548194408416748
7971,adam,0.00041704499744810164,0.6486761569976807
7972,adam,0.0005223284242674708,0.746745765209198
7973,adam,0.0006269878940656781,0.8283774256706238
7974,adam,0.0006738255033269525,0.866506040096283
7975,adam,0.0006413839873857796,0.8389338254928589
7976,adam,0.0004956767661496997,0.7227962613105774
7977,adam,0.0003028992796316743,0.5241215229034424
7978,adam,0.0001446578389732167,0.27074769139289856
7979,adam,9.33655901462771e-05,0.08126326650381088
7980,adam,0.0001467607798986137,0.2703118622303009
7981,adam,0.00024022205616347492,0.4383205771446228
7982,adam,0.0002977636468131095,0.5146547555923462
7983,adam,0.0002735117741394788,0.4870956242084503
7984,adam,0.00019287045870441943,0.3676963150501251
7985,adam,0.0001150772804976441,0.19105595350265503
7986,adam,9.2651869636029e-05,0.07715699821710587
7987,adam,0.0001260321878362447,0.21419121325016022
7988,adam,0.00017280125757679343,0.32295238971710205
7989,adam,0.00018875818932428956,0.3536932170391083
7990,adam,0.00016034585132729262,0.30350232124328613
7991,adam,0.00011466251453384757,0.1903359740972519
7992,adam,8.76200501807034e-05,0.05041325092315674
7993,adam,9.475210390519351e-05,0.10144640505313873
7994,adam,0.00012101847096346319,0.20415295660495758
7995,adam,0.0001385727373417467,0.2510373592376709
7996,adam,0.00013234635116532445,0.23558175563812256
7997,adam,0.0001091528101824224,0.16693130135536194
7998,adam,8.947248716140166e-05,0.0668453797698021
7999,adam,8.695077121956274e-05,0.04283978044986725
8000,adam,9.863085870165378e-05,0.1272711157798767
8001,adam,0.00011061756958952174,0.17489369213581085
8002,adam,0.00011147418263135478,0.17717662453651428
8003,adam,0.00010158965596929193,0.13823562860488892
8004,adam,9.012412192532793e-05,0.0724421963095665
8005,adam,8.60383952385746e-05,0.024673951789736748
8006,adam,9.041657176567242e-05,0.07962820678949356
8007,adam,9.714808402350172e-05,0.12169299274682999
8008,adam,9.945405327016488e-05,0.1326109915971756
8009,adam,9.548920934321359e-05,0.11225830018520355
8010,adam,8.913661440601572e-05,0.06835143268108368
8011,adam,8.551618520868942e-05,0.014974354766309261
8012,adam,8.662993786856532e-05,0.04117714241147041
8013,adam,9.02835454326123e-05,0.07946210354566574
8014,adam,9.267411223845556e-05,0.09666378796100616
8015,adam,9.180283814202994e-05,0.09089125692844391
8016,adam,8.865409472491592e-05,0.06584904342889786
8017,adam,8.589270146330819e-05,0.02939191646873951
8018,adam,8.535142114851624e-05,0.01311078853905201
8019,adam,8.678015001351014e-05,0.04423457756638527
8020,adam,8.846465789247304e-05,0.06395433098077774
8021,adam,8.884665294317529e-05,0.06796115636825562
8022,adam,8.772375440457836e-05,0.057101860642433167
8023,adam,8.610880468040705e-05,0.0355362594127655
8024,adam,8.521755808033049e-05,0.011548980139195919
8025,adam,8.54750833241269e-05,0.020566074177622795
8026,adam,8.63568129716441e-05,0.03871803358197212
8027,adam,8.697089651832357e-05,0.04777340590953827
8028,adam,8.680416067363694e-05,0.046051524579524994
8029,adam,8.603949390817434e-05,0.03509695455431938
8030,adam,8.527241880074143e-05,0.017938820645213127
8031,adam,8.499393152305856e-05,0.0012145254295319319
8032,adam,8.525088196620345e-05,0.01805318146944046
8033,adam,8.569898636778817e-05,0.02959747239947319
8034,adam,8.592975063947961e-05,0.03416376933455467
8035,adam,8.577644621254876e-05,0.031451184302568436
8036,adam,8.538027759641409e-05,0.023014238104224205
8037,adam,8.502808486809954e-05,0.011154715903103352
8038,adam,8.492240158375353e-05,0.005156928673386574
8039,adam,8.505416917614639e-05,0.014699174091219902
8040,adam,8.525197335984558e-05,0.02188747748732567
8041,adam,8.533519576303661e-05,0.02446211501955986
8042,adam,8.524027362000197e-05,0.022173987701535225
8043,adam,8.504060679115355e-05,0.016107985749840736
8044,adam,8.486684237141162e-05,0.007662417367100716
8045,adam,8.480864926241338e-05,0.0021946222987025976
8046,adam,8.48639101604931e-05,0.009590952657163143
8047,adam,8.495610381942242e-05,0.014965281821787357
8048,adam,8.500023250235245e-05,0.01722707599401474
8049,adam,8.496048394590616e-05,0.01618543639779091
8050,adam,8.486321166856214e-05,0.012515833601355553
8051,adam,8.476743823848665e-05,0.007150065153837204
8052,adam,8.471855835523456e-05,0.0021494796965271235
8053,adam,8.472436456941068e-05,0.005092121660709381
8054,adam,8.475616050418466e-05,0.008960598148405552
8055,adam,8.477667142869905e-05,0.011086447164416313
8056,adam,8.476340008201078e-05,0.01105595100671053
8057,adam,8.471937326248735e-05,0.009247947484254837
8058,adam,8.466627332381904e-05,0.005999206565320492
8059,adam,8.462800178676844e-05,0.0021550613455474377
8060,adam,8.461457764497027e-05,0.0019357827259227633
8061,adam,8.462020196020603e-05,0.00504672434180975
8062,adam,8.46283437567763e-05,0.007142391987144947
8063,adam,8.462456753477454e-05,0.0078042675741016865
8064,adam,8.460457320325077e-05,0.0072464351542294025
8065,adam,8.457439253106713e-05,0.005543492268770933
8066,adam,8.454475027974695e-05,0.003280940465629101
8067,adam,8.452388283330947e-05,0.0011128459591418505
8068,adam,8.451361645711586e-05,0.0022262069396674633
8069,adam,8.450974564766511e-05,0.004034355748444796
8070,adam,8.450479072052985e-05,0.005087392404675484
8071,adam,8.449403685517609e-05,0.005321840289980173
8072,adam,8.447639993391931e-05,0.004684566520154476
8073,adam,8.445580897387117e-05,0.0034976147580891848
8074,adam,8.443625847576186e-05,0.0019120470387861133
8075,adam,8.442094986094162e-05,0.00046544289216399193
8076,adam,8.440981764579192e-05,0.0014436186756938696
8077,adam,8.440120291197672e-05,0.002561301924288273
8078,adam,8.439133671345189e-05,0.003284511622041464
8079,adam,8.437986980425194e-05,0.0034124827943742275
8080,adam,8.436560165137053e-05,0.0031307884491980076
8081,adam,8.43494781292975e-05,0.0023769435938447714
8082,adam,8.433396578766406e-05,0.0014435502234846354
8083,adam,8.431983587797731e-05,0.00043247005669400096
8084,adam,8.430743764620274e-05,0.0007198958774097264
8085,adam,8.429610170423985e-05,0.0014927784213796258
8086,adam,8.428486034972593e-05,0.001972698140889406
8087,adam,8.427316060988232e-05,0.002238915069028735
8088,adam,8.42601657495834e-05,0.002163999481126666
8089,adam,8.424707630183548e-05,0.0018927754135802388
8090,adam,8.423281542491168e-05,0.0013431854313239455
8091,adam,8.421910752076656e-05,0.0007970837177708745
8092,adam,8.42060981085524e-05,0.00037052814150229096
8093,adam,8.419367077294737e-05,0.0006841086433269083
8094,adam,8.418205834459513e-05,0.001129849930293858
8095,adam,8.416989294346422e-05,0.00141013297252357
8096,adam,8.415724005317315e-05,0.001547464169561863
8097,adam,8.414457261096686e-05,0.001459618448279798
8098,adam,8.413154864683747e-05,0.0012585950316861272
8099,adam,8.411867747781798e-05,0.000940699246712029
8100,adam,8.410556620219722e-05,0.0006573834689334035
8101,adam,8.409327710978687e-05,0.0006528879748657346
8102,adam,8.408091525780037e-05,0.0008182331803254783
8103,adam,8.406858250964433e-05,0.0010971700539812446
8104,adam,8.40564607642591e-05,0.0011902445694431663
8105,adam,8.404398249695078e-05,0.0012882971204817295
8106,adam,8.403160609304905e-05,0.0012037047417834401
8107,adam,8.401839295402169e-05,0.001142075750976801
8108,adam,8.400532533414662e-05,0.0009510046802461147
8109,adam,8.3993210864719e-05,0.000886762049049139
8110,adam,8.39806380099617e-05,0.0008287899545393884
8111,adam,8.396805060328916e-05,0.0009600994526408613
8112,adam,8.39557615108788e-05,0.0010874670697376132
8113,adam,8.394361793762073e-05,0.0012561173643916845
8114,adam,8.393109601456672e-05,0.0013752023223787546
8115,adam,8.391927258344367e-05,0.0015208907425403595
8116,adam,8.390715083805844e-05,0.0016586534911766648
8117,adam,8.389536378672346e-05,0.0018610403640195727
8118,adam,8.38837877381593e-05,0.0020410676952451468
8119,adam,8.38726555230096e-05,0.0023312275297939777
8120,adam,8.386205445276573e-05,0.002639160957187414
8121,adam,8.385230466956273e-05,0.003104167990386486
8122,adam,8.384370448766276e-05,0.003602229058742523
8123,adam,8.383682870771736e-05,0.004275542218238115
8124,adam,8.383234671782702e-05,0.005018315743654966
8125,adam,8.38315681903623e-05,0.005995242856442928
8126,adam,8.383583190152422e-05,0.007083501201122999
8127,adam,8.384637476410717e-05,0.008461812511086464
8128,adam,8.38673222460784e-05,0.010057750158011913
8129,adam,8.390363655053079e-05,0.012066439725458622
8130,adam,8.396192424697801e-05,0.014423681423068047
8131,adam,8.40523061924614e-05,0.017354339361190796
8132,adam,8.418986544711515e-05,0.0208443570882082
8133,adam,8.440075907856226e-05,0.025194842368364334
8134,adam,8.471877663396299e-05,0.030474187806248665
8135,adam,8.520064147887751e-05,0.03705306723713875
8136,adam,8.592750964453444e-05,0.04507920891046524
8137,adam,8.702866034582257e-05,0.05505456030368805
8138,adam,8.86945053935051e-05,0.06732050329446793
8139,adam,9.123465133598074e-05,0.08255887031555176
8140,adam,9.50859539443627e-05,0.10137907415628433
8141,adam,0.00010099302744492888,0.1247595027089119
8142,adam,0.00010992305033141747,0.15361669659614563
8143,adam,0.00012357377272564918,0.1891588568687439
8144,adam,0.0001438676699763164,0.23256908357143402
8145,adam,0.00017429472063668072,0.28489723801612854
8146,adam,0.0002173712127842009,0.3467230796813965
8147,adam,0.00027794763445854187,0.4169970452785492
8148,adam,0.00035301956813782454,0.49255242943763733
8149,adam,0.00044049572898074985,0.565201997756958
8150,adam,0.0005119401612319052,0.6221522688865662
8151,adam,0.0005456286016851664,0.6440895199775696
8152,adam,0.0004958235658705235,0.6125832200050354
8153,adam,0.0003755084180738777,0.5152534246444702
8154,adam,0.00022169316071085632,0.35921353101730347
8155,adam,0.00011227332288399339,0.16921134293079376
8156,adam,8.968185284174979e-05,0.07589085400104523
8157,adam,0.00014200985606294125,0.22417277097702026
8158,adam,0.00021619032486341894,0.33993256092071533
8159,adam,0.00025374453980475664,0.3878690004348755
8160,adam,0.00023083020641934127,0.36232683062553406
8161,adam,0.00016442289052065462,0.2722758948802948
8162,adam,0.0001045598037308082,0.1445683389902115
8163,adam,8.744017395656556e-05,0.06559454649686813
8164,adam,0.00011280973558314145,0.1582641899585724
8165,adam,0.00014979935076553375,0.23833929002285004
8166,adam,0.00016446562949568033,0.26464229822158813
8167,adam,0.00014631616068072617,0.23354589939117432
8168,adam,0.00011134870146634057,0.15731921792030334
8169,adam,8.725488441996276e-05,0.06117219105362892
8170,adam,8.81844898685813e-05,0.06464386731386185
8171,adam,0.00010650784679455683,0.1402774155139923
8172,adam,0.00012271504965610802,0.18298004567623138
8173,adam,0.00012247850827407092,0.1828521192073822
8174,adam,0.00010727842163760215,0.14281460642814636
8175,adam,9.012487134896219e-05,0.07548335939645767
8176,adam,8.350759890163317e-05,0.0045848991721868515
8177,adam,8.935566438594833e-05,0.07110501825809479
8178,adam,9.964143100660294e-05,0.11778692901134491
8179,adam,0.00010454776929691434,0.1343628615140915
8180,adam,0.00010030281555373222,0.12022475898265839
8181,adam,9.117893932852894e-05,0.08158640563488007
8182,adam,8.447750587947667e-05,0.030824067071080208
8183,adam,8.427532156929374e-05,0.028882745653390884
8184,adam,8.885547867976129e-05,0.06927139312028885
8185,adam,9.318270167568699e-05,0.0922989547252655
8186,adam,9.347115701530129e-05,0.0932995155453682
8187,adam,8.981714927358553e-05,0.07458022236824036
8188,adam,8.542976866010576e-05,0.04269704222679138
8189,adam,8.347024413524196e-05,0.014024643227458
8190,adam,8.466300641885027e-05,0.03599967807531357
8191,adam,8.721758786123246e-05,0.05949396640062332
8192,adam,8.866558346198872e-05,0.06914446502923965
8193,adam,8.788535342318937e-05,0.06378389894962311
8194,adam,8.565361349610612e-05,0.04576823115348816
8195,adam,8.371855801669881e-05,0.020537560805678368
8196,adam,8.328387048095465e-05,0.00817464292049408
8197,adam,8.423468534601852e-05,0.03053400292992592
8198,adam,8.547829929739237e-05,0.04520999267697334
8199,adam,8.592698577558622e-05,0.04959193244576454
8200,adam,8.53003075462766e-05,0.043788082897663116
8201,adam,8.414829062530771e-05,0.03001134656369686
8202,adam,8.3300874393899e-05,0.012367176823318005
8203,adam,8.321314089698717e-05,0.008393056690692902
8204,adam,8.372112642973661e-05,0.02274792268872261
8205,adam,8.427933062193915e-05,0.0319245271384716
8206,adam,8.44224778120406e-05,0.03404668718576431
8207,adam,8.407447603531182e-05,0.02966761775314808
8208,adam,8.35198734421283e-05,0.02014242671430111
8209,adam,8.313719445141032e-05,0.008934075944125652
8210,adam,8.31122015370056e-05,0.007768422365188599
8211,adam,8.335218444699422e-05,0.016466211527585983
8212,adam,8.360455831279978e-05,0.02234223298728466
8213,adam,8.366051042685285e-05,0.023568322882056236
8214,adam,8.348805567948148e-05,0.020516287535429
8215,adam,8.321431960212067e-05,0.01396479457616806
8216,adam,8.301229536300525e-05,0.00563547108322382
8217,adam,8.297675958601758e-05,0.0033667231909930706
8218,adam,8.307683310704306e-05,0.010320544242858887
8219,adam,8.320073538925499e-05,0.014999089762568474
8220,adam,8.324527880176902e-05,0.016478627920150757
8221,adam,8.317929314216599e-05,0.015059794299304485
8222,adam,8.304845687234774e-05,0.01115781906992197
8223,adam,8.293256541946903e-05,0.006028315518051386
8224,adam,8.288431854452938e-05,0.002376269781962037
8225,adam,8.29049531603232e-05,0.005843193735927343
8226,adam,8.295406587421894e-05,0.009347819723188877
8227,adam,8.298215107060969e-05,0.010972638614475727
8228,adam,8.29636410344392e-05,0.01069917343556881
8229,adam,8.290726691484451e-05,0.008668776601552963
8230,adam,8.284279465442523e-05,0.005539958830922842
8231,adam,8.280083420686424e-05,0.0022322156000882387
8232,adam,8.279169560410082e-05,0.002980300458148122
8233,adam,8.280554175144061e-05,0.0056923506781458855
8234,adam,8.282043563667685e-05,0.007471974473446608
8235,adam,8.281826012535021e-05,0.00802680291235447
8236,adam,8.279425674118102e-05,0.0072785550728440285
8237,adam,8.275688014691696e-05,0.005580641329288483
8238,adam,8.272220293292776e-05,0.0032185970339924097
8239,adam,8.270054240711033e-05,0.0011387550039216876
8240,adam,8.26928808237426e-05,0.0022098191548138857
8241,adam,8.269349200418219e-05,0.0038947523571550846
8242,adam,8.269218233181164e-05,0.004995431751012802
8243,adam,8.268281817436218e-05,0.005212067626416683
8244,adam,8.26644100015983e-05,0.004728588275611401
8245,adam,8.264192001661286e-05,0.0035771261900663376
8246,adam,8.262058690888807e-05,0.002222268609330058
8247,adam,8.260475442511961e-05,0.0012231717118993402
8248,adam,8.259492460638285e-05,0.0017201702576130629
8249,adam,8.258812158601359e-05,0.0027470325585454702
8250,adam,8.258047455456108e-05,0.0033381490502506495
8251,adam,8.256990258814767e-05,0.0035429371055215597
8252,adam,8.255553257185966e-05,0.003165277186781168
8253,adam,8.253892883658409e-05,0.0025082891806960106
8254,adam,8.252303814515471e-05,0.0015861534047871828
8255,adam,8.250889368355274e-05,0.0009879233548417687
8256,adam,8.249725942732766e-05,0.0011994973756372929
8257,adam,8.248732046922669e-05,0.0017737863818183541
8258,adam,8.24773742351681e-05,0.0022091318387538195
8259,adam,8.246606739703566e-05,0.0022915005683898926
8260,adam,8.245309436460957e-05,0.0021243025548756123
8261,adam,8.243913907790557e-05,0.0016332101076841354
8262,adam,8.242538751801476e-05,0.001075570355169475
8263,adam,8.24125309009105e-05,0.00045157416025176644
8264,adam,8.240018360083923e-05,0.0003803807485383004
8265,adam,8.238908048951998e-05,0.0008121684659272432
8266,adam,8.237838483182713e-05,0.00112420495133847
8267,adam,8.236653229687363e-05,0.0013279248960316181
8268,adam,8.235442510340363e-05,0.0012643582886084914
8269,adam,8.234218694269657e-05,0.0011320245685055852
8270,adam,8.232962136389688e-05,0.0008043673005886376
8271,adam,8.231720858020708e-05,0.00048100194544531405
8272,adam,8.230498497141525e-05,0.00028388691134750843
8273,adam,8.229328523157164e-05,0.0004629020404536277
8274,adam,8.228154183598235e-05,0.0007322275778278708
8275,adam,8.227014041040093e-05,0.0008395790937356651
8276,adam,8.225832425523549e-05,0.000908088346477598
8277,adam,8.224605699069798e-05,0.0008117444813251495
8278,adam,8.223392069339752e-05,0.0006927461945451796
8279,adam,8.22219080873765e-05,0.00048759207129478455
8280,adam,8.22097499622032e-05,0.00035862025106325746
8281,adam,8.219765004469082e-05,0.0002846326387953013
8282,adam,8.218596485676244e-05,0.0003424044989515096
8283,adam,8.217400318244472e-05,0.0004724981263279915
8284,adam,8.216244168579578e-05,0.00056849216343835
8285,adam,8.215061825467274e-05,0.0006773691275157034
8286,adam,8.213896217057481e-05,0.0007552428287453949
8287,adam,8.212699322029948e-05,0.0008165983017534018
8288,adam,8.211492968257517e-05,0.0008440027595497668
8289,adam,8.21030989754945e-05,0.0008324323571287096
8290,adam,8.209126099245623e-05,0.0008413545438088477
8291,adam,8.207897190004587e-05,0.0008420897065661848
8292,adam,8.206714846892282e-05,0.0009333769557997584
8293,adam,8.205558697227389e-05,0.0010054154554381967
8294,adam,8.204409095924348e-05,0.0011800931533798575
8295,adam,8.203238394344226e-05,0.0013320487923920155
8296,adam,8.20211716927588e-05,0.001573334215208888
8297,adam,8.200974116334692e-05,0.0017639670986682177
8298,adam,8.199872536351904e-05,0.0020599577110260725
8299,adam,8.198780415114015e-05,0.002352755516767502
8300,adam,8.19775159470737e-05,0.002772749401628971
8301,adam,8.196793351089582e-05,0.0031849327497184277
8302,adam,8.195870759664103e-05,0.0037220288068056107
8303,adam,8.195028203772381e-05,0.004280065651983023
8304,adam,8.194347901735455e-05,0.004993767943233252
8305,adam,8.193840039893985e-05,0.005785146728157997
8306,adam,8.19362758193165e-05,0.006800381932407618
8307,adam,8.19378110463731e-05,0.007952873595058918
8308,adam,8.194529073080048e-05,0.00939529575407505
8309,adam,8.196099224733189e-05,0.011094704270362854
8310,adam,8.198907744372264e-05,0.013220473192632198
8311,adam,8.203436300391331e-05,0.0157366581261158
8312,adam,8.210614032577723e-05,0.018857374787330627
8313,adam,8.221546886488795e-05,0.022579047828912735
8314,adam,8.23808295535855e-05,0.027166642248630524
8315,adam,8.262986375484616e-05,0.032718777656555176
8316,adam,8.300493936985731e-05,0.03959477320313454
8317,adam,8.356742182513699e-05,0.04797513782978058
8318,adam,8.441338286502287e-05,0.058333978056907654
8319,adam,8.568178600398824e-05,0.07101549208164215
8320,adam,8.76050689839758e-05,0.08673304319381714
8321,adam,9.049968502949923e-05,0.10606689006090164
8322,adam,9.490929369349033e-05,0.13002848625183105
8323,adam,0.00010154466144740582,0.15952080488204956
8324,adam,0.00011167587945237756,0.19597430527210236
8325,adam,0.0001267828483833,0.24056491255760193
8326,adam,0.0001496543118264526,0.29502883553504944
8327,adam,0.00018276242190040648,0.36028730869293213
8328,adam,0.00023110979236662388,0.4373013377189636
8329,adam,0.0002954831870738417,0.5241782665252686
8330,adam,0.0003798995749093592,0.6174972653388977
8331,adam,0.00046942883636802435,0.7061601877212524
8332,adam,0.0005527421599254012,0.775740385055542
8333,adam,0.0005798429483547807,0.8005349040031433
8334,adam,0.0005343780503608286,0.760491669178009
8335,adam,0.00039827325963415205,0.6379653811454773
8336,adam,0.0002348082634853199,0.44230765104293823
8337,adam,0.00011492515477584675,0.20367272198200226
8338,adam,8.927431190386415e-05,0.0850602388381958
8339,adam,0.00014486417057923973,0.2781473398208618
8340,adam,0.00022263858409132808,0.4214719533920288
8341,adam,0.0002623417240101844,0.4780338704586029
8342,adam,0.00023365752713289112,0.44060906767845154
8343,adam,0.00016396716819144785,0.32350072264671326
8344,adam,0.00010348583600716665,0.1623854637145996
8345,adam,9.033649985212833e-05,0.08662217110395432
8346,adam,0.00011970516061410308,0.2088162899017334
8347,adam,0.00015556834114249796,0.2997369170188904
8348,adam,0.00016466779925394803,0.3207460939884186
8349,adam,0.00013990956358611584,0.2713084816932678
8350,adam,0.00010459012992214411,0.17051009833812714
8351,adam,8.598220301792026e-05,0.065445676445961
8352,adam,9.355804650112987e-05,0.10949134826660156
8353,adam,0.00011376020847819746,0.19098351895809174
8354,adam,0.0001252060610568151,0.22683747112751007
8355,adam,0.00011791037832153961,0.208970308303833
8356,adam,9.89186082733795e-05,0.14583368599414825
8357,adam,8.444675768259913e-05,0.05872328579425812
8358,adam,8.41167857288383e-05,0.0482366643846035
8359,adam,9.436592517886311e-05,0.11861621588468552
8360,adam,0.00010373459372203797,0.1587652862071991
8361,adam,0.00010356256825616583,0.15917636454105377
8362,adam,9.474284888710827e-05,0.12318339943885803
8363,adam,8.503968274453655e-05,0.06257619708776474
8364,adam,8.167882333509624e-05,0.006858351174741983
8365,adam,8.542557043256238e-05,0.0670788362622261
8366,adam,9.122855408350006e-05,0.10622062534093857
8367,adam,9.346175647806376e-05,0.1173487976193428
8368,adam,9.048878564499319e-05,0.10087565332651138
8369,adam,8.528747275704518e-05,0.06378324329853058
8370,adam,8.204243204090744e-05,0.020746033638715744
8371,adam,8.256662840722129e-05,0.03614779934287071
8372,adam,8.53195961099118e-05,0.0687415823340416
8373,adam,8.731276466278359e-05,0.08417912572622299
8374,adam,8.681775216246024e-05,0.07974873483181
8375,adam,8.445027197012678e-05,0.058546606451272964
8376,adam,8.225085184676573e-05,0.02829807624220848
8377,adam,8.173607784556225e-05,0.017277559265494347
8378,adam,8.281022019218653e-05,0.0417683981359005
8379,adam,8.415837510256097e-05,0.05882906913757324
8380,adam,8.450342284049839e-05,0.06229542940855026
8381,adam,8.361280197277665e-05,0.05242455005645752
8382,adam,8.225945202866569e-05,0.03255326673388481
8383,adam,8.145120227709413e-05,0.008860466070473194
8384,adam,8.160147262969986e-05,0.017423799261450768
8385,adam,8.233287371695042e-05,0.035376857966184616
8386,adam,8.291017002193257e-05,0.0447264164686203
8387,adam,8.285839430755004e-05,0.044139351695775986
8388,adam,8.226650243159384e-05,0.03487013280391693
8389,adam,8.160127617884427e-05,0.019608452916145325
8390,adam,8.12984217191115e-05,0.003299995558336377
8391,adam,8.144957246258855e-05,0.01457860879600048
8392,adam,8.180876466212794e-05,0.026044413447380066
8393,adam,8.203554170904681e-05,0.0314052514731884
8394,adam,8.195589180104434e-05,0.030101371929049492
8395,adam,8.165229519363493e-05,0.02333037368953228
8396,adam,8.135090320138261e-05,0.013141721487045288
8397,adam,8.12317302916199e-05,0.005068016704171896
8398,adam,8.131187496474013e-05,0.0114388233050704
8399,adam,8.146717300405726e-05,0.018326446413993835
8400,adam,8.154797978932038e-05,0.02142849564552307
8401,adam,8.148756751324981e-05,0.020159997045993805
8402,adam,8.133210212690756e-05,0.015396594069898129
8403,adam,8.118584810290486e-05,0.008381466381251812
8404,adam,8.112895739031956e-05,0.0029799817129969597
8405,adam,8.116596291074529e-05,0.007870699279010296
8406,adam,8.123967563733459e-05,0.012645619921386242
8407,adam,8.127920591505244e-05,0.014937021769583225
8408,adam,8.125021122395992e-05,0.01427838858217001
8409,adam,8.116979734040797e-05,0.011248555034399033
8410,adam,8.108520705718547e-05,0.006458899471908808
8411,adam,8.10384372016415e-05,0.00117501278873533
8412,adam,8.103904110612348e-05,0.0041127982549369335
8413,adam,8.106652967398986e-05,0.00792140793055296
8414,adam,8.108783367788419e-05,0.010052649304270744
8415,adam,8.107970643322915e-05,0.010148044675588608
8416,adam,8.104339212877676e-05,0.008584323339164257
8417,adam,8.099752449197695e-05,0.005710146389901638
8418,adam,8.096265082713217e-05,0.002602167660370469
8419,adam,8.094889926724136e-05,0.002397164236754179
8420,adam,8.09510238468647e-05,0.004868847783654928
8421,adam,8.095618250081316e-05,0.006686489097774029
8422,adam,8.09515913715586e-05,0.007261766120791435
8423,adam,8.093441283563152e-05,0.006711074151098728
8424,adam,8.090779010672122e-05,0.0050926790572702885
8425,adam,8.088196773314849e-05,0.002930763177573681
8426,adam,8.08640179457143e-05,0.0008275349973700941
8427,adam,8.085525769274682e-05,0.0021139252930879593
8428,adam,8.085153967840597e-05,0.003821146907284856
8429,adam,8.084661385510117e-05,0.004792547319084406
8430,adam,8.083669672487304e-05,0.005021745804697275
8431,adam,8.082095882855356e-05,0.004432057961821556
8432,adam,8.080227416940033e-05,0.003318698378279805
8433,adam,8.078523387666792e-05,0.0018441854044795036
8434,adam,8.077132952166721e-05,0.0005906946607865393
8435,adam,8.07612159405835e-05,0.00139859679620713
8436,adam,8.075276127783582e-05,0.002391873160377145
8437,adam,8.074386278167367e-05,0.0030502767767757177
8438,adam,8.073333447100595e-05,0.003151173470541835
8439,adam,8.07198157417588e-05,0.0028655026108026505
8440,adam,8.070583862718195e-05,0.0021404679864645004
8441,adam,8.069181785685942e-05,0.0012571660336107016
8442,adam,8.067923045018688e-05,0.00037546650855802
8443,adam,8.066787268035114e-05,0.0007420837646350265
8444,adam,8.065765723586082e-05,0.0014792506117373705
8445,adam,8.064759458648041e-05,0.0018961000023409724
8446,adam,8.063675340963528e-05,0.0020975512452423573
8447,adam,8.062468987191096e-05,0.0019324399763718247
8448,adam,8.061194967012852e-05,0.001594939036294818
8449,adam,8.059968240559101e-05,0.0009982599876821041
8450,adam,8.058713865466416e-05,0.000444847100879997
8451,adam,8.057571540120989e-05,0.0004469040723051876
8452,adam,8.056500519160181e-05,0.0008631195523776114
8453,adam,8.055380749283358e-05,0.0012332353508099914
8454,adam,8.054294448811561e-05,0.0013401705073192716
8455,adam,8.053156489040703e-05,0.0013342994498088956
8456,adam,8.051947224885225e-05,0.0010830680839717388
8457,adam,8.050762698985636e-05,0.0008130447240546346
8458,adam,8.049582538660616e-05,0.000514816667418927
8459,adam,8.048441668506712e-05,0.0005640845047309995
8460,adam,8.04727096692659e-05,0.000789517886005342
8461,adam,8.046208677114919e-05,0.0010148321744054556
8462,adam,8.045089634833857e-05,0.0012212020810693502
8463,adam,8.04397277534008e-05,0.0012778138043358922
8464,adam,8.042796252993867e-05,0.0012342754052951932
8465,adam,8.041651744861156e-05,0.0010414894204586744
8466,adam,8.040429383981973e-05,0.0008240435854531825
8467,adam,8.039271051529795e-05,0.0005429860320873559
8468,adam,8.038115629460663e-05,0.00033191393595188856
8469,adam,8.036968210944906e-05,0.00032366064260713756
8470,adam,8.035825158003718e-05,0.0003961653565056622
8471,adam,8.034673373913392e-05,0.000546492519788444
8472,adam,8.0336001701653e-05,0.0006443933816626668
8473,adam,8.032457844819874e-05,0.0007521012448705733
8474,adam,8.03129150881432e-05,0.000786708842497319
8475,adam,8.030149911064655e-05,0.000814347411505878
8476,adam,8.02902432042174e-05,0.0008165686158463359
8477,adam,8.027902367757633e-05,0.0008083221036940813
8478,adam,8.026754949241877e-05,0.000866614340338856
8479,adam,8.025629358598962e-05,0.0009361177799291909
8480,adam,8.02450958872214e-05,0.001099045155569911
8481,adam,8.023410919122398e-05,0.001180226099677384
8482,adam,8.022303518373519e-05,0.0013110609725117683
8483,adam,8.0211648310069e-05,0.0013275854289531708
8484,adam,8.020024688448757e-05,0.0013960693031549454
8485,adam,8.018908556550741e-05,0.0014134992379695177
8486,adam,8.017802610993385e-05,0.0015189980622380972
8487,adam,8.016687206691131e-05,0.0015701043885201216
8488,adam,8.015575440367684e-05,0.0016983146779239178
8489,adam,8.01449132268317e-05,0.0017836414044722915
8490,adam,8.013355545699596e-05,0.0019388595828786492
8491,adam,8.012306352611631e-05,0.002055344171822071
8492,adam,8.011239697225392e-05,0.0022381674498319626
8493,adam,8.010170859051868e-05,0.002383938292041421
8494,adam,8.009113662410527e-05,0.002592923818156123
8495,adam,8.008108125068247e-05,0.002794224303215742
8496,adam,8.007126598386094e-05,0.003095010994002223
8497,adam,8.006224379641935e-05,0.0033992002718150616
8498,adam,8.005343261174858e-05,0.0037763158325105906
8499,adam,8.004530536709353e-05,0.004143572878092527
8500,adam,8.003822586033493e-05,0.004612808581441641
8501,adam,8.00322595750913e-05,0.005116806365549564
8502,adam,8.002824324648827e-05,0.005768010392785072
8503,adam,8.002670074347407e-05,0.006474493537098169
8504,adam,8.00280540715903e-05,0.007355513982474804
8505,adam,8.0034056736622e-05,0.008343533612787724
8506,adam,8.004556002561003e-05,0.009554491378366947
8507,adam,8.006497228052467e-05,0.010926637798547745
8508,adam,8.009529119590297e-05,0.012602516449987888
8509,adam,8.01397327450104e-05,0.014506562612950802
8510,adam,8.020512177608907e-05,0.01680159568786621
8511,adam,8.029938180698082e-05,0.019495991989970207
8512,adam,8.043459092732519e-05,0.022773386910557747
8513,adam,8.062776760198176e-05,0.026623578742146492
8514,adam,8.09013654361479e-05,0.03126082196831703
8515,adam,8.128876652335748e-05,0.03674447536468506
8516,adam,8.184159378288314e-05,0.043362438678741455
8517,adam,8.262979827122763e-05,0.05128605291247368
8518,adam,8.3764418377541e-05,0.06087721511721611
8519,adam,8.538614929420874e-05,0.07238957285881042
8520,adam,8.773037552600726e-05,0.08630476146936417
8521,adam,9.107829828280956e-05,0.10301438719034195
8522,adam,9.592832066118717e-05,0.12312773615121841
8523,adam,0.00010282618313794956,0.1472502499818802
8524,adam,0.0001127854993683286,0.17605623602867126
8525,adam,0.0001266811159439385,0.21017149090766907
8526,adam,0.00014631047088187188,0.24995048344135284
8527,adam,0.00017237060819752514,0.29551824927330017
8528,adam,0.00020707730436697602,0.34581446647644043
8529,adam,0.0002479831164237112,0.3988181948661804
8530,adam,0.00029460518271662295,0.44961434602737427
8531,adam,0.00033410670584999025,0.49152490496635437
8532,adam,0.0003592114371713251,0.5140688419342041
8533,adam,0.0003481684543658048,0.5072482228279114
8534,adam,0.0003021917073056102,0.4619404077529907
8535,adam,0.0002249530516564846,0.3776108920574188
8536,adam,0.00014727248344570398,0.2612241506576538
8537,adam,9.548355592414737e-05,0.13346970081329346
8538,adam,8.427800639765337e-05,0.06840474903583527
8539,adam,0.00010693557851482183,0.15399691462516785
8540,adam,0.00014245547936297953,0.2365904301404953
8541,adam,0.00016821263125166297,0.283369243144989
8542,adam,0.00016898807371035218,0.2877323031425476
8543,adam,0.00014676956925541162,0.25216659903526306
8544,adam,0.00011426003038650379,0.18547655642032623
8545,adam,8.973920193966478e-05,0.10681129992008209
8546,adam,8.338344923686236e-05,0.06568122655153275
8547,adam,9.346581646241248e-05,0.11030204594135284
8548,adam,0.00010930257121799514,0.1603723168373108
8549,adam,0.00011890181485796347,0.1854632943868637
8550,adam,0.00011638921569101512,0.1802619844675064
8551,adam,0.00010384173947386444,0.14780470728874207
8552,adam,8.953173528425395e-05,0.09654862433671951
8553,adam,8.123918087221682e-05,0.043417565524578094
8554,adam,8.196940325433388e-05,0.04772183671593666
8555,adam,8.885222632670775e-05,0.09001833200454712
8556,adam,9.597103053238243e-05,0.11928609758615494
8557,adam,9.842865983955562e-05,0.12796641886234283
8558,adam,9.493240941083059e-05,0.11554393172264099
8559,adam,8.807067206362262e-05,0.0861058235168457
8560,adam,8.193610847229138e-05,0.0456446148455143
8561,adam,7.953066960908473e-05,0.0020686921197921038
8562,adam,8.114405500236899e-05,0.037657756358385086
8563,adam,8.472092304145917e-05,0.06734275817871094
8564,adam,8.752008579904214e-05,0.08353069424629211
8565,adam,8.779721974860877e-05,0.08501464873552322
8566,adam,8.564421295886859e-05,0.07323760539293289
8567,adam,8.252789848484099e-05,0.051774512976408005
8568,adam,8.021060057217255e-05,0.026642460376024246
8569,adam,7.965353870531544e-05,0.016574157401919365
8570,adam,8.064199209911749e-05,0.034210205078125
8571,adam,8.21509092929773e-05,0.04996759817004204
8572,adam,8.307799726026133e-05,0.057296022772789
8573,adam,8.289171091746539e-05,0.05563238263130188
8574,adam,8.178871212294325e-05,0.04589463397860527
8575,adam,8.046066795941442e-05,0.030864568427205086
8576,adam,7.95922678662464e-05,0.01483157742768526
8577,adam,7.94920779298991e-05,0.013417086564004421
8578,adam,7.99967092461884e-05,0.02587652951478958
8579,adam,8.065382280619815e-05,0.03574301302433014
8580,adam,8.102448919089511e-05,0.040144603699445724
8581,adam,8.090538904070854e-05,0.038675256073474884
8582,adam,8.039837121032178e-05,0.03208174929022789
8583,adam,7.97875618445687e-05,0.021724224090576172
8584,adam,7.936391193652526e-05,0.00950525887310505
8585,adam,7.926633406896144e-05,0.002925469307228923
8586,adam,7.944747630972415e-05,0.013552711345255375
8587,adam,7.973516039783135e-05,0.02145248092710972
8588,adam,7.99373519839719e-05,0.02565167285501957
8589,adam,7.994501356733963e-05,0.026146911084651947
8590,adam,7.977072527864948e-05,0.023198872804641724
8591,adam,7.951564475661144e-05,0.01783382147550583
8592,adam,7.92982755228877e-05,0.011245803907513618
8593,adam,7.919758354546502e-05,0.006113771814852953
8594,adam,7.922005170257762e-05,0.007701174356043339
8595,adam,7.931333675514907e-05,0.012067513540387154
8596,adam,7.940362411318347e-05,0.015289210714399815
8597,adam,7.943349191918969e-05,0.016412215307354927
8598,adam,7.938712951727211e-05,0.015504613518714905
8599,adam,7.928689592517912e-05,0.012746358290314674
8600,adam,7.917742914287373e-05,0.00878291018307209
8601,adam,7.909959822427481e-05,0.004210763610899448
8602,adam,7.907212420832366e-05,0.0017337310127913952
8603,adam,7.908896077424288e-05,0.005209782160818577
8604,adam,7.91256534284912e-05,0.008241689763963223
8605,adam,7.915466994745657e-05,0.010169792920351028
8606,adam,7.915711466921493e-05,0.010692797601222992
8607,adam,7.913005538284779e-05,0.010071109980344772
8608,adam,7.908346015028656e-05,0.008368398062884808
8609,adam,7.903385994723067e-05,0.006100405007600784
8610,adam,7.899553747847676e-05,0.0036549873184412718
8611,adam,7.897542673163116e-05,0.002526079537346959
8612,adam,7.897189061623067e-05,0.0036811307072639465
8613,adam,7.897706382209435e-05,0.005285087041556835
8614,adam,7.898113108240068e-05,0.006425892468541861
8615,adam,7.897709292592481e-05,0.006823612377047539
8616,adam,7.896234455984086e-05,0.006556102540344
8617,adam,7.893930887803435e-05,0.0056202164851129055
8618,adam,7.891350105637684e-05,0.00427228445187211
8619,adam,7.888978871051222e-05,0.0025846969801932573
8620,adam,7.887242099968717e-05,0.0008988530025817454
8621,adam,7.886147068347782e-05,0.0008663454209454358
8622,adam,7.885511149652302e-05,0.0022206606809049845
8623,adam,7.88502802606672e-05,0.003313062246888876
8624,adam,7.884477236075327e-05,0.003956388682126999
8625,adam,7.883551006671041e-05,0.004221207462251186
8626,adam,7.88234974606894e-05,0.0040545035153627396
8627,adam,7.880829798523337e-05,0.003623354248702526
8628,adam,7.87926182965748e-05,0.0029399802442640066
8629,adam,7.877698953961954e-05,0.0022045238874852657
8630,adam,7.876396557549015e-05,0.001595501322299242
8631,adam,7.875273877289146e-05,0.0014111510245129466
8632,adam,7.874309085309505e-05,0.0017803070368245244
8633,adam,7.873399590607733e-05,0.002192308194935322
8634,adam,7.872533751651645e-05,0.0026126354932785034
8635,adam,7.87158205639571e-05,0.00278754741884768
8636,adam,7.870524132158607e-05,0.002876772079616785
8637,adam,7.869358523748815e-05,0.002721733646467328
8638,adam,7.868086686357856e-05,0.0025400978047400713
8639,adam,7.866823580116034e-05,0.0022094626910984516
8640,adam,7.86556993261911e-05,0.001975311664864421
8641,adam,7.864403596613556e-05,0.0017738499445840716
8642,adam,7.863299106247723e-05,0.0018522489117458463
8643,adam,7.862258644308895e-05,0.0020425240509212017
8644,adam,7.861290941946208e-05,0.002356291050091386
8645,adam,7.860300684114918e-05,0.0026328887324780226
8646,adam,7.85932206781581e-05,0.0028743899893015623
8647,adam,7.858315075282007e-05,0.0030457142274826765
8648,adam,7.857276796130463e-05,0.003201693994924426
8649,adam,7.856220327084884e-05,0.0033221114426851273
8650,adam,7.855219882912934e-05,0.0034977346658706665
8651,adam,7.854233990656212e-05,0.0036941112484782934
8652,adam,7.85333031672053e-05,0.003995993174612522
8653,adam,7.852446287870407e-05,0.004330075811594725
8654,adam,7.851665577618405e-05,0.004811996128410101
8655,adam,7.851056579966098e-05,0.0053346469067037106
8656,adam,7.850577821955085e-05,0.006029000971466303
8657,adam,7.850258407415822e-05,0.006771284621208906
8658,adam,7.850171823520213e-05,0.007693758234381676
8659,adam,7.850422116462141e-05,0.008690336719155312
8660,adam,7.85107840783894e-05,0.009919388219714165
8661,adam,7.852270937291905e-05,0.011287621222436428
8662,adam,7.854269642848521e-05,0.012966192327439785
8663,adam,7.857360469643027e-05,0.014888285659253597
8664,adam,7.86205127951689e-05,0.01722603291273117
8665,adam,7.868794637033716e-05,0.019923970103263855
8666,adam,7.878509495640174e-05,0.023178357630968094
8667,adam,7.892272697063163e-05,0.02697211690247059
8668,adam,7.911876309663057e-05,0.03156118839979172
8669,adam,7.939653005450964e-05,0.03697671741247177
8670,adam,7.979346992215142e-05,0.0435304194688797
8671,adam,8.035721111809835e-05,0.05132919177412987
8672,adam,8.116366370813921e-05,0.06075228378176689
8673,adam,8.231100218836218e-05,0.07199673354625702
8674,adam,8.396090561291203e-05,0.08558329939842224
8675,adam,8.631396485725418e-05,0.10185326635837555
8676,adam,8.971507486421615e-05,0.1215151771903038
8677,adam,9.456311818212271e-05,0.14506682753562927
8678,adam,0.00010157396172871813,0.17340415716171265
8679,adam,0.00011146679753437638,0.20710615813732147
8680,adam,0.00012564020289573818,0.2471611350774765
8681,adam,0.00014508892490994185,0.2938646674156189
8682,adam,0.00017207179917022586,0.3476964235305786
8683,adam,0.0002066101151285693,0.40737080574035645
8684,adam,0.0002505446318536997,0.4710777699947357
8685,adam,0.00029785040533170104,0.5330601334571838
8686,adam,0.00034520842018537223,0.5863422155380249
8687,adam,0.0003730302560143173,0.6179368495941162
8688,adam,0.0003731288597919047,0.6165306568145752
8689,adam,0.0003276955976616591,0.5688668489456177
8690,adam,0.0002511831116862595,0.47287699580192566
8691,adam,0.00016427008085884154,0.33421409130096436
8692,adam,0.00010170250607188791,0.1727944016456604
8693,adam,8.195384725695476e-05,0.05676250532269478
8694,adam,0.00010172705515287817,0.1667504757642746
8695,adam,0.00013981590745970607,0.27660122513771057
8696,adam,0.00016964488895609975,0.34040918946266174
8697,adam,0.00017461873358115554,0.35056641697883606
8698,adam,0.00015201183850876987,0.3084518313407898
8699,adam,0.00011747684038709849,0.22519226372241974
8700,adam,9.004917228594422e-05,0.12170297652482986
8701,adam,8.239874296123162e-05,0.06036720424890518
8702,adam,9.307971049565822e-05,0.12711161375045776
8703,adam,0.00011016925418516621,0.194125235080719
8704,adam,0.00012041924492223188,0.22644703090190887
8705,adam,0.00011691642430378124,0.2193269580602646
8706,adam,0.00010303287854185328,0.17721055448055267
8707,adam,8.773399895289913e-05,0.11124169081449509
8708,adam,7.97998727648519e-05,0.04351801052689552
8709,adam,8.182410965673625e-05,0.06005539000034332
8710,adam,8.984375017462298e-05,0.11382900178432465
8711,adam,9.69805259956047e-05,0.14720351994037628
8712,adam,9.814246004680172e-05,0.15311306715011597
8713,adam,9.300123201683164e-05,0.13281111419200897
8714,adam,8.514465298503637e-05,0.09194440394639969
8715,adam,7.93594736023806e-05,0.03971920534968376
8716,adam,7.829052628949285e-05,0.015311946161091328
8717,adam,8.127279579639435e-05,0.06080937758088112
8718,adam,8.535716915503144e-05,0.09212075173854828
8719,adam,8.751144196139649e-05,0.10484734922647476
8720,adam,8.650514791952446e-05,0.09884797781705856
8721,adam,8.32470104796812e-05,0.07699711620807648
8722,adam,7.988254947122186e-05,0.04513901472091675
8723,adam,7.819849997758865e-05,0.013708749786019325
8724,adam,7.864081999287009e-05,0.029404377564787865
8725,adam,8.031827746890485e-05,0.05434528738260269
8726,adam,8.180609438568354e-05,0.06883102655410767
8727,adam,8.211036038119346e-05,0.07101376354694366
8728,adam,8.113339572446421e-05,0.061647966504096985
8729,adam,7.9584468039684e-05,0.043644290417432785
8730,adam,7.837406155886129e-05,0.02178032509982586
8731,adam,7.804945926181972e-05,0.012834146618843079
8732,adam,7.85385345807299e-05,0.029171744361519814
8733,adam,7.931734580779448e-05,0.04318544268608093
8734,adam,7.980351074365899e-05,0.04983368143439293
8735,adam,7.969649595906958e-05,0.04840657114982605
8736,adam,7.910175190772861e-05,0.039941586554050446
8737,adam,7.838010787963867e-05,0.026325825601816177
8738,adam,7.790085510350764e-05,0.010336710140109062
8739,adam,7.783362525515258e-05,0.006528669968247414
8740,adam,7.809655653545633e-05,0.019877567887306213
8741,adam,7.844940409995615e-05,0.02936553955078125
8742,adam,7.865437510190532e-05,0.0337073989212513
8743,adam,7.860141340643167e-05,0.032950952649116516
8744,adam,7.833930430933833e-05,0.027642125263810158
8745,adam,7.801956235198304e-05,0.01922636851668358
8746,adam,7.779293082421646e-05,0.009385080076754093
8747,adam,7.773398101562634e-05,0.004296730272471905
8748,adam,7.781617023283616e-05,0.01144928578287363
8749,adam,7.794960401952267e-05,0.017612526193261147
8750,adam,7.803712651366368e-05,0.02097151428461075
8751,adam,7.802747131790966e-05,0.021117687225341797
8752,adam,7.793078839313239e-05,0.018573958426713943
8753,adam,7.779816951369867e-05,0.013878071680665016
8754,adam,7.768892828607932e-05,0.008206148631870747
8755,adam,7.763966277707368e-05,0.0037096270825713873
8756,adam,7.765297050355002e-05,0.006015833932906389
8757,adam,7.769975491100922e-05,0.010149168781936169
8758,adam,7.774133700877428e-05,0.012826253660023212
8759,adam,7.774955884087831e-05,0.013787115924060345
8760,adam,7.771732634864748e-05,0.012871121987700462
8761,adam,7.765769260004163e-05,0.010525244288146496
8762,adam,7.75943262851797e-05,0.00702817365527153
8763,adam,7.754880789434537e-05,0.003099139081314206
8764,adam,7.753054524073377e-05,0.0010842570336535573
8765,adam,7.753547833999619e-05,0.004420049488544464
8766,adam,7.754952821414918e-05,0.007017338648438454
8767,adam,7.755812839604914e-05,0.008456144481897354
8768,adam,7.755361002637073e-05,0.008841492235660553
8769,adam,7.753345562377945e-05,0.008100970648229122
8770,adam,7.750426448183134e-05,0.006592584308236837
8771,adam,7.747405470581725e-05,0.0044845775701105595
8772,adam,7.745069888187572e-05,0.0024543239269405603
8773,adam,7.743700552964583e-05,0.0018737473292276263
8774,adam,7.743186870357022e-05,0.003341428702697158
8775,adam,7.743036258034408e-05,0.004817212466150522
8776,adam,7.742732123006135e-05,0.00570044806227088
8777,adam,7.741960871499032e-05,0.005997360683977604
8778,adam,7.740557339275256e-05,0.005601352080702782
8779,adam,7.738759450148791e-05,0.004728800151497126
8780,adam,7.736856059636921e-05,0.0034110057167708874
8781,adam,7.735175313428044e-05,0.0019533492159098387
8782,adam,7.733867823844776e-05,0.0004892030265182257
8783,adam,7.732855010544881e-05,0.0010596225038170815
8784,adam,7.732114318059757e-05,0.0022350717335939407
8785,adam,7.731377991149202e-05,0.0030345176346600056
8786,adam,7.730546349193901e-05,0.0035381705965846777
8787,adam,7.72953499108553e-05,0.0036064109299331903
8788,adam,7.728344644419849e-05,0.003391763661056757
8789,adam,7.727050979156047e-05,0.00283422670327127
8790,adam,7.725694740656763e-05,0.0021644849330186844
8791,adam,7.724462921032682e-05,0.0014666090719401836
8792,adam,7.723325688857585e-05,0.0010529248975217342
8793,adam,7.72233834140934e-05,0.0012452900409698486
8794,adam,7.721399742877111e-05,0.0016281233401969075
8795,adam,7.720437133684754e-05,0.00206107459962368
8796,adam,7.719504355918616e-05,0.0022814916446805
8797,adam,7.718492270214483e-05,0.002409731736406684
8798,adam,7.717384869465604e-05,0.0022722852881997824
8799,adam,7.716228719800711e-05,0.0020808742847293615
8800,adam,7.715040555922315e-05,0.0017122196732088923
8801,adam,7.713896047789603e-05,0.0014015075284987688
8802,adam,7.71276027080603e-05,0.0010684914886951447
8803,adam,7.71165796322748e-05,0.0009641762590035796
8804,adam,7.710627687629312e-05,0.0010147072607651353
8805,adam,7.709547935519367e-05,0.001209610141813755
8806,adam,7.708532211836427e-05,0.0014475221978500485
8807,adam,7.707541954005137e-05,0.0015999262686818838
8808,adam,7.706473115831614e-05,0.0016548073617741466
8809,adam,7.70541446399875e-05,0.0015261854277923703
8810,adam,7.704320159973577e-05,0.001358658424578607
8811,adam,7.703204755671322e-05,0.001117558917030692
8812,adam,7.702117000008002e-05,0.000899368489626795
8813,adam,7.701010326854885e-05,0.0006608533440157771
8814,adam,7.69995604059659e-05,0.0005162833258509636
8815,adam,7.698930858168751e-05,0.0005251194234006107
8816,adam,7.697869295952842e-05,0.0005562990554608405
8817,adam,7.696819375269115e-05,0.0006881048902869225
8818,adam,7.69574980949983e-05,0.0007476842729374766
8819,adam,7.694731903029606e-05,0.0008582168957218528
8820,adam,7.693690713495016e-05,0.0008526492747478187
8821,adam,7.692648796364665e-05,0.0008959485567174852
8822,adam,7.6915486715734e-05,0.0008150882786139846
8823,adam,7.690499478485435e-05,0.0007959819631651044
8824,adam,7.689432823099196e-05,0.0007138552609831095
8825,adam,7.688383630011231e-05,0.000728565501049161
8826,adam,7.687317702220753e-05,0.0007179949898272753
8827,adam,7.686241588089615e-05,0.0007913736626505852
8828,adam,7.685213495278731e-05,0.0008633413817733526
8829,adam,7.684149022679776e-05,0.0009959163144230843
8830,adam,7.68315076129511e-05,0.0011314162984490395
8831,adam,7.682148134335876e-05,0.001302003744058311
8832,adam,7.681141869397834e-05,0.0014769484987482429
8833,adam,7.680120324948803e-05,0.0016818206058815122
8834,adam,7.679147529415786e-05,0.0019119174685329199
8835,adam,7.678203837713227e-05,0.002198136178776622
8836,adam,7.677300163777545e-05,0.002511697355657816
8837,adam,7.676501263631508e-05,0.0029301189351826906
8838,adam,7.675775850657374e-05,0.0034474714193493128
8839,adam,7.675259257666767e-05,0.004125930834561586
8840,adam,7.674977678107098e-05,0.004906955640763044
8841,adam,7.674991502426565e-05,0.005883119534701109
8842,adam,7.675503729842603e-05,0.007027290295809507
8843,adam,7.676726090721786e-05,0.00845674891024828
8844,adam,7.67899546190165e-05,0.010140690952539444
8845,adam,7.682771683903411e-05,0.012228499166667461
8846,adam,7.688798359595239e-05,0.014720872044563293
8847,adam,7.698061381233856e-05,0.01778026483952999
8848,adam,7.712095975875854e-05,0.02144899219274521
8849,adam,7.733333040960133e-05,0.025964954867959023
8850,adam,7.765665941406041e-05,0.03151911497116089
8851,adam,7.81494309194386e-05,0.03843652456998825
8852,adam,7.889416156103835e-05,0.04692014679312706
8853,adam,8.002684626262635e-05,0.057429827749729156
8854,adam,8.174202957889065e-05,0.07040595263242722
8855,adam,8.43630259623751e-05,0.08649040758609772
8856,adam,8.833119500195608e-05,0.10637881606817245
8857,adam,9.440517169423401e-05,0.13094551861286163
8858,adam,0.00010351542732678354,0.16114747524261475
8859,adam,0.00011734406871255487,0.19801382720470428
8860,adam,0.00013753869279753417,0.24258305132389069
8861,adam,0.0001671997015364468,0.2952546179294586
8862,adam,0.00020748200768139213,0.35589340329170227
8863,adam,0.0002612370590213686,0.4217124283313751
8864,adam,0.000321227969834581,0.4876030385494232
8865,adam,0.0003810815396718681,0.5426058769226074
8866,adam,0.00041103310650214553,0.5726004838943481
8867,adam,0.00039666780503466725,0.5598059296607971
8868,adam,0.00031937117455527186,0.4933353364467621
8869,adam,0.00021232345898170024,0.3730109930038452
8870,adam,0.00011999004345852882,0.22040632367134094
8871,adam,8.42061490402557e-05,0.098288893699646
8872,adam,0.00010767292405944318,0.16565337777137756
8873,adam,0.0001587727601872757,0.270781546831131
8874,adam,0.0001957837666850537,0.3287239372730255
8875,adam,0.00019049804541282356,0.32497110962867737
8876,adam,0.00014950594049878418,0.26295578479766846
8877,adam,0.00010197929077548906,0.16069789230823517
8878,adam,7.99651606939733e-05,0.06720571219921112
8879,adam,9.136275184573606e-05,0.11554940789937973
8880,adam,0.00011873777111759409,0.1926598846912384
8881,adam,0.0001363257470075041,0.22947809100151062
8882,adam,0.0001295410329475999,0.21675631403923035
8883,adam,0.00010532484157010913,0.1596878618001938
8884,adam,8.271984552266076e-05,0.07433456927537918
8885,adam,7.686271419515833e-05,0.018559347838163376
8886,adam,8.731531124794856e-05,0.09822818636894226
8887,adam,0.00010139431105926633,0.14879867434501648
8888,adam,0.00010628387099131942,0.16228781640529633
8889,adam,9.858605335466564e-05,0.13973046839237213
8890,adam,8.570373756811023e-05,0.09038477391004562
8891,adam,7.769118383293971e-05,0.03612283617258072
8892,adam,7.89560072007589e-05,0.052383922040462494
8893,adam,8.579953282605857e-05,0.09510248154401779
8894,adam,9.089491504710168e-05,0.1163015142083168
8895,adam,8.982429426396266e-05,0.1109190508723259
8896,adam,8.386417903238907e-05,0.08223681896924973
8897,adam,7.812518015271053e-05,0.03962033987045288
8898,adam,7.659706170670688e-05,0.018204443156719208
8899,adam,7.926707621663809e-05,0.05439033731818199
8900,adam,8.289732068078592e-05,0.08002442121505737
8901,adam,8.412048919126391e-05,0.08698929846286774
8902,adam,8.212657121475786e-05,0.07519443333148956
8903,adam,7.8732700785622e-05,0.049293141812086105
8904,adam,7.653886132175103e-05,0.017544887959957123
8905,adam,7.672197534702718e-05,0.020192494615912437
8906,adam,7.844507490517572e-05,0.04448965936899185
8907,adam,7.989463483681902e-05,0.05787011608481407
8908,adam,7.983756950125098e-05,0.05796094611287117
8909,adam,7.846344669815153e-05,0.046320997178554535
8910,adam,7.692860526731238e-05,0.02718987874686718
8911,adam,7.630739855812863e-05,0.011868461035192013
8912,adam,7.678149995626882e-05,0.023036181926727295
8913,adam,7.768260547891259e-05,0.03640301153063774
8914,adam,7.815672870492563e-05,0.0418766587972641
8915,adam,7.783238834235817e-05,0.03847600892186165
8916,adam,7.70125916460529e-05,0.027721833437681198
8917,adam,7.631009793840349e-05,0.01236779149621725
8918,adam,7.614304195158184e-05,0.004028941038995981
8919,adam,7.646875747013837e-05,0.01777270808815956
8920,adam,7.690517668379471e-05,0.026680963113904
8921,adam,7.70723563618958e-05,0.02946379780769348
8922,adam,7.686142635066062e-05,0.026144877076148987
8923,adam,7.645742880413309e-05,0.018397120758891106
8924,adam,7.614916830789298e-05,0.008890219032764435
8925,adam,7.610196189489216e-05,0.00763551564887166
8926,adam,7.626896695001051e-05,0.015047098509967327
8927,adam,7.646183803444728e-05,0.020272675901651382
8928,adam,7.651143823750317e-05,0.021452872082591057
8929,adam,7.638098031748086e-05,0.018494468182325363
8930,adam,7.617094524903223e-05,0.01245876308530569
8931,adam,7.601793913636357e-05,0.004701480269432068
8932,adam,7.599439413752407e-05,0.0032645142637193203
8933,adam,7.607281440868974e-05,0.009719149209558964
8934,adam,7.616437505930662e-05,0.013788855634629726
8935,adam,7.619082316523418e-05,0.01505389716476202
8936,adam,7.61320479796268e-05,0.013508792966604233
8937,adam,7.603054837090895e-05,0.009891347028315067
8938,adam,7.594792259624228e-05,0.005330932792276144
8939,adam,7.592201291117817e-05,0.003179981140419841
8940,adam,7.594533963128924e-05,0.006213928572833538
8941,adam,7.598255615448579e-05,0.008877105079591274
8942,adam,7.599421223858371e-05,0.009968467988073826
8943,adam,7.59677350288257e-05,0.009195549413561821
8944,adam,7.591680332552642e-05,0.006968619767576456
8945,adam,7.586757419630885e-05,0.0037270914763212204
8946,adam,7.584195554954931e-05,0.0003722076944541186
8947,adam,7.584255217807367e-05,0.0031151538714766502
8948,adam,7.585511775687337e-05,0.005440517328679562
8949,adam,7.586144783999771e-05,0.0066617620177567005
8950,adam,7.585062849102542e-05,0.006587394513189793
8951,adam,7.582586113130674e-05,0.005504032131284475
8952,adam,7.579667726531625e-05,0.00368634145706892
8953,adam,7.577513315482065e-05,0.002090558409690857
8954,adam,7.576549978693947e-05,0.002355545526370406
8955,adam,7.57645393605344e-05,0.003795372787863016
8956,adam,7.576425559818745e-05,0.004852194804698229
8957,adam,7.575727067887783e-05,0.005131006706506014
8958,adam,7.574248593300581e-05,0.004667163360863924
8959,adam,7.572337926831096e-05,0.0035731098614633083
8960,adam,7.570511661469936e-05,0.0022139118518680334
8961,adam,7.569181616418064e-05,0.001278911018744111
8962,adam,7.56841036491096e-05,0.0017737599555402994
8963,adam,7.567853754153475e-05,0.002699272707104683
8964,adam,7.567196007585153e-05,0.0031788719352334738
8965,adam,7.566223212052137e-05,0.003228711197152734
8966,adam,7.564858969999477e-05,0.002749454462900758
8967,adam,7.56341905798763e-05,0.0019748532213270664
8968,adam,7.56211593397893e-05,0.0009576554875820875
8969,adam,7.561024540336803e-05,0.0003809369809459895
8970,adam,7.560154335806146e-05,0.0011165583273395896
8971,adam,7.55933579057455e-05,0.0016843233024701476
8972,adam,7.558477955171838e-05,0.0020537676755338907
8973,adam,7.557484786957502e-05,0.002067623659968376
8974,adam,7.556381024187431e-05,0.0019240437541157007
8975,adam,7.555251067969948e-05,0.0015954022528603673
8976,adam,7.554158946732059e-05,0.0014529665932059288
8977,adam,7.553153409389779e-05,0.0015102083561941981
8978,adam,7.552212628070265e-05,0.0018282403470948339
8979,adam,7.551332237198949e-05,0.002124392194673419
8980,adam,7.550427108071744e-05,0.002358345314860344
8981,adam,7.549423753516749e-05,0.0024461671710014343
8982,adam,7.54840875742957e-05,0.0024442956782877445
8983,adam,7.54735738155432e-05,0.002357369987294078
8984,adam,7.546332199126482e-05,0.002304724883288145
8985,adam,7.545304833911359e-05,0.002265255432575941
8986,adam,7.544364052591845e-05,0.0023548586759716272
8987,adam,7.543415995314717e-05,0.0024535031989216805
8988,adam,7.542525418102741e-05,0.0026837659534066916
8989,adam,7.541614468209445e-05,0.0028620974626392126
8990,adam,7.540707156294957e-05,0.003112313337624073
8991,adam,7.539788930444047e-05,0.0032983634155243635
8992,adam,7.538904173998162e-05,0.0035679866559803486
8993,adam,7.538060162914917e-05,0.003809237852692604
8994,adam,7.53729254938662e-05,0.004190573003143072
8995,adam,7.536509656347334e-05,0.004562783986330032
8996,adam,7.535818440373987e-05,0.005017312243580818
8997,adam,7.535143959103152e-05,0.005441891495138407
8998,adam,7.534562610089779e-05,0.005951798986643553
8999,adam,7.53412168705836e-05,0.006458723451942205
9000,adam,7.533736788900569e-05,0.0071202474646270275
9001,adam,7.533640746260062e-05,0.007850917987525463
9002,adam,7.53377826185897e-05,0.008776615373790264
9003,adam,7.534329051850364e-05,0.009797518141567707
9004,adam,7.535297481808811e-05,0.011044185608625412
9005,adam,7.536870543844998e-05,0.012432270683348179
9006,adam,7.53933418309316e-05,0.014120573177933693
9007,adam,7.54282737034373e-05,0.0160160381346941
9008,adam,7.547754648840055e-05,0.018282385542988777
9009,adam,7.554717740276828e-05,0.020863588899374008
9010,adam,7.564405677840114e-05,0.023970628157258034
9011,adam,7.577793439850211e-05,0.027556436136364937
9012,adam,7.596305658807978e-05,0.03182099387049675
9013,adam,7.621758413733914e-05,0.03678835555911064
9014,adam,7.657361857127398e-05,0.04276742413640022
9015,adam,7.706756878178567e-05,0.04979172348976135
9016,adam,7.775553967803717e-05,0.05816720053553581
9017,adam,7.870735134929419e-05,0.06800414621829987
9018,adam,8.003920083865523e-05,0.07973828911781311
9019,adam,8.189036452677101e-05,0.0936117172241211
9020,adam,8.449806045973673e-05,0.11018768697977066
9021,adam,8.811793668428436e-05,0.129771888256073
9022,adam,9.320380195276812e-05,0.15299363434314728
9023,adam,0.00010018145985668525,0.18018312752246857
9024,adam,0.00010988873691530898,0.21204203367233276
9025,adam,0.00012285579578019679,0.24865703284740448
9026,adam,0.00014032830949872732,0.2902927100658417
9027,adam,0.000162236305186525,0.3359886705875397
9028,adam,0.00018953517428599298,0.38448867201805115
9029,adam,0.00021900712454225868,0.4319940209388733
9030,adam,0.00024902995210140944,0.474071741104126
9031,adam,0.00026957871159538627,0.5025318264961243
9032,adam,0.0002760050992947072,0.5098452568054199
9033,adam,0.0002570302167441696,0.48660823702812195
9034,adam,0.0002169969375245273,0.42930203676223755
9035,adam,0.0001625517033971846,0.33818328380584717
9036,adam,0.0001127805226133205,0.22224566340446472
9037,adam,8.212625834858045e-05,0.09609930962324142
9038,adam,7.691977225476876e-05,0.04414860159158707
9039,adam,9.202973160427064e-05,0.14563557505607605
9040,adam,0.00011508471652632579,0.22641918063163757
9041,adam,0.00013311962538864464,0.27362507581710815
9042,adam,0.00013687714817933738,0.2836737334728241
9043,adam,0.0001260677381651476,0.25803110003471375
9044,adam,0.00010626501170918345,0.20249737799167633
9045,adam,8.756461465964094e-05,0.127890482544899
9046,adam,7.744034519419074e-05,0.05264975130558014
9047,adam,7.80311384005472e-05,0.05665850639343262
9048,adam,8.585950126871467e-05,0.11556576192378998
9049,adam,9.469329961575568e-05,0.15857131779193878
9050,adam,9.927950304700062e-05,0.17739343643188477
9051,adam,9.737446089275181e-05,0.17127957940101624
9052,adam,9.073065302800387e-05,0.1438824087381363
9053,adam,8.294604776892811e-05,0.10184088349342346
9054,adam,7.765936607029289e-05,0.05631411448121071
9055,adam,7.647308666491881e-05,0.037496794015169144
9056,adam,7.86440068623051e-05,0.06495433300733566
9057,adam,8.197270653909072e-05,0.09360865503549576
9058,adam,8.420070662396029e-05,0.10938142985105515
9059,adam,8.41960936668329e-05,0.11034597456455231
9060,adam,8.214934496209025e-05,0.09778645634651184
9061,adam,7.930174615466967e-05,0.07566844671964645
9062,adam,7.698871195316315e-05,0.05009414255619049
9063,adam,7.600536628160626e-05,0.032842304557561874
9064,adam,7.632422057213262e-05,0.03855817764997482
9065,adam,7.730952347628772e-05,0.05382992699742317
9066,adam,7.817955338396132e-05,0.06506695598363876
9067,adam,7.84115691203624e-05,0.06860745698213577
9068,adam,7.794552948325872e-05,0.0645403116941452
9069,adam,7.7065997174941e-05,0.0544985830783844
9070,adam,7.620139513164759e-05,0.04154142737388611
9071,adam,7.565825217170641e-05,0.03021189384162426
9072,adam,7.551891030743718e-05,0.02646123245358467
9073,adam,7.566506246803328e-05,0.030866315588355064
9074,adam,7.588423613924533e-05,0.03684530034661293
9075,adam,7.599926902912557e-05,0.040423434227705
9076,adam,7.593687769258395e-05,0.04039224237203598
9077,adam,7.573877519462258e-05,0.03720494732260704
9078,adam,7.549330621259287e-05,0.03192605450749397
9079,adam,7.528754213126376e-05,0.026206521317362785
9080,adam,7.5161260610912e-05,0.021957801654934883
9081,adam,7.510590512538329e-05,0.02039926126599312
9082,adam,7.508575799874961e-05,0.021115805953741074
9083,adam,7.506662950618193e-05,0.022340601310133934
9084,adam,7.503409869968891e-05,0.023042187094688416
9085,adam,7.498834020225331e-05,0.02265535108745098
9086,adam,7.494157034670934e-05,0.02144766040146351
9087,adam,7.490385905839503e-05,0.01973307505249977
9088,adam,7.48739912523888e-05,0.017952796071767807
9089,adam,7.484450907213613e-05,0.016434744000434875
9090,adam,7.480680505977944e-05,0.015189247205853462
9091,adam,7.475811435142532e-05,0.014228222891688347
9092,adam,7.470235868822783e-05,0.013255192898213863
9093,adam,7.465174712706357e-05,0.01247548870742321
9094,adam,7.461594941560179e-05,0.011854281648993492
9095,adam,7.460085907950997e-05,0.01163245365023613
9096,adam,7.4601593951229e-05,0.011653745546936989
9097,adam,7.460916822310537e-05,0.011778074316680431
9098,adam,7.461079076165333e-05,0.011744621209800243
9099,adam,7.459719199687243e-05,0.011255256831645966
9100,adam,7.456712774001062e-05,0.010330301709473133
9101,adam,7.452606951119378e-05,0.00889226607978344
9102,adam,7.448356336681172e-05,0.007319868076592684
9103,adam,7.444970106007531e-05,0.005867096595466137
9104,adam,7.442924834322184e-05,0.005227156914770603
9105,adam,7.44228163966909e-05,0.005499576218426228
9106,adam,7.442576315952465e-05,0.006351784337311983
9107,adam,7.443103095283732e-05,0.007186836563050747
9108,adam,7.443090726155788e-05,0.007590014953166246
9109,adam,7.442144124070182e-05,0.007503459695726633
9110,adam,7.440229819621891e-05,0.006846975069493055
9111,adam,7.437773456331342e-05,0.005810224451124668
9112,adam,7.435174484271556e-05,0.004383271560072899
9113,adam,7.432959682773799e-05,0.002924129366874695
9114,adam,7.431300036842003e-05,0.0017052637413144112
9115,adam,7.430319965351373e-05,0.0017414347967132926
9116,adam,7.429809193126857e-05,0.0026543422136455774
9117,adam,7.429474499076605e-05,0.0035531525500118732
9118,adam,7.429090328514576e-05,0.00423423619940877
9119,adam,7.428436947520822e-05,0.004531336482614279
9120,adam,7.427438686136156e-05,0.004530325531959534
9121,adam,7.42613265174441e-05,0.0041431342251598835
9122,adam,7.424630894092843e-05,0.003534116083756089
9123,adam,7.423078204737976e-05,0.002664084080606699
9124,adam,7.421620102832094e-05,0.0017492487095296383
9125,adam,7.420375914080068e-05,0.0007684751763008535
9126,adam,7.4193456384819e-05,0.00031464555650018156
9127,adam,7.418520544888452e-05,0.0010730992071330547
9128,adam,7.417730375891551e-05,0.001695385668426752
9129,adam,7.416963489959016e-05,0.0021951948292553425
9130,adam,7.416133303195238e-05,0.002440846525132656
9131,adam,7.415171421598643e-05,0.0025390987284481525
9132,adam,7.414149877149612e-05,0.0024181329645216465
9133,adam,7.413039566017687e-05,0.0022140133660286665
9134,adam,7.411911792587489e-05,0.0019128062995150685
9135,adam,7.410828402498737e-05,0.0016223446000367403
9136,adam,7.409755198750645e-05,0.0013301220024004579
9137,adam,7.408730016322806e-05,0.0010875912848860025
9138,adam,7.407730299746618e-05,0.000993830617517233
9139,adam,7.4067669629585e-05,0.0009554422576911747
9140,adam,7.405817450489849e-05,0.0010529018472880125
9141,adam,7.404889038298279e-05,0.0010805906495079398
9142,adam,7.403916970361024e-05,0.0011727489763870835
9143,adam,7.402963092317805e-05,0.0012040709843859076
9144,adam,7.40198593121022e-05,0.0013032727874815464
9145,adam,7.401029142783955e-05,0.001380090950988233
9146,adam,7.400081085506827e-05,0.0014635931001976132
9147,adam,7.399106834782287e-05,0.0015082601457834244
9148,adam,7.398094021482393e-05,0.0015128070954233408
9149,adam,7.397148874588311e-05,0.0014967952156439424
9150,adam,7.396135333692655e-05,0.001409009681083262
9151,adam,7.395155989797786e-05,0.0012906495248898864
9152,adam,7.394124259008095e-05,0.001058050082065165
9153,adam,7.393151463475078e-05,0.0008401631494052708
9154,adam,7.392114639515057e-05,0.0005661904579028487
9155,adam,7.391164399450645e-05,0.0004387879744172096
9156,adam,7.390184327960014e-05,0.0004132248286623508
9157,adam,7.389221718767658e-05,0.0005321004427969456
9158,adam,7.388275844277814e-05,0.0006750710890628397
9159,adam,7.38728340365924e-05,0.0008133178343996406
9160,adam,7.386341167148203e-05,0.0009272084571421146
9161,adam,7.38538074074313e-05,0.0010073668090626597
9162,adam,7.384417403955013e-05,0.0010991384042426944
9163,adam,7.383449701592326e-05,0.0011172061786055565
9164,adam,7.382500916719437e-05,0.0011143849696964025
9165,adam,7.381498289760202e-05,0.0010316428961232305
9166,adam,7.380504393950105e-05,0.0009467178024351597
9167,adam,7.379521412076429e-05,0.0008384643588215113
9168,adam,7.378562440862879e-05,0.0007369848899543285
9169,adam,7.377584552159533e-05,0.0005973257357254624
9170,adam,7.376580470008776e-05,0.0004886487149633467
9171,adam,7.375576387858018e-05,0.000380168785341084
9172,adam,7.374610868282616e-05,0.0003080239403061569
9173,adam,7.373644621111453e-05,0.0003059110895264894
9174,adam,7.372693653451279e-05,0.00030703400261700153
9175,adam,7.37172449589707e-05,0.0003792356583289802
9176,adam,7.370737876044586e-05,0.0003867447667289525
9177,adam,7.369776722043753e-05,0.00042994183604605496
9178,adam,7.368803926510736e-05,0.0003975392901338637
9179,adam,7.367842772509903e-05,0.00040922698099166155
9180,adam,7.366869249381125e-05,0.0003381144779268652
9181,adam,7.365903002209961e-05,0.00032412519794888794
9182,adam,7.364928023889661e-05,0.0002885678841266781
9183,adam,7.363933400483802e-05,0.00028191154706291854
9184,adam,7.36298825358972e-05,0.000269517011474818
9185,adam,7.36200381652452e-05,0.0002753162116277963
9186,adam,7.361036114161834e-05,0.0003136593441013247
9187,adam,7.360087329288945e-05,0.00033312043524347246
9188,adam,7.359086885116994e-05,0.0004014961014036089
9189,adam,7.358133734669536e-05,0.0004076516779605299
9190,adam,7.357171853072941e-05,0.0004597418010234833
9191,adam,7.356215064646676e-05,0.0004398797464091331
9192,adam,7.355244451900944e-05,0.0004793392727151513
9193,adam,7.35427820472978e-05,0.0004684815357904881
9194,adam,7.353269757004455e-05,0.0004828145611099899
9195,adam,7.352304965024814e-05,0.00044618899119086564
9196,adam,7.351355452556163e-05,0.0004671274218708277
9197,adam,7.350381201831624e-05,0.0004707380139734596
9198,adam,7.349426596192643e-05,0.0005056288209743798
9199,adam,7.348469807766378e-05,0.0005319899646565318
9200,adam,7.347484643105417e-05,0.0005396759370341897
9201,adam,7.346501661231741e-05,0.0005727859679609537
9202,adam,7.345553603954613e-05,0.000593938457313925
9203,adam,7.344574987655506e-05,0.00068282411666587
9204,adam,7.343626202782616e-05,0.0006955154240131378
9205,adam,7.342651224462315e-05,0.0007610955508425832
9206,adam,7.341700984397903e-05,0.0007624475983902812
9207,adam,7.340734009630978e-05,0.0008338485495187342
9208,adam,7.339786679949611e-05,0.0008371778531000018
9209,adam,7.338824798353016e-05,0.0009330383618362248
9210,adam,7.337850547628477e-05,0.0009575030999258161
9211,adam,7.336884300457314e-05,0.0010387531947344542
9212,adam,7.335932605201378e-05,0.0010105192195624113
9213,adam,7.334948895731941e-05,0.001024913159199059
9214,adam,7.333973189815879e-05,0.0009828009642660618
9215,adam,7.332999666687101e-05,0.0010457639582455158
9216,adam,7.332043605856597e-05,0.0010501875076442957
9217,adam,7.331054075621068e-05,0.0011228849180042744
9218,adam,7.33010601834394e-05,0.0011312587885186076
9219,adam,7.329155778279528e-05,0.0012071029050275683
9220,adam,7.328196807065979e-05,0.0012208085972815752
9221,adam,7.327228377107531e-05,0.0012926470953971148
9222,adam,7.326279592234641e-05,0.0013141348026692867
9223,adam,7.325313345063478e-05,0.0014101903652772307
9224,adam,7.324359467020258e-05,0.0014746381202712655
9225,adam,7.323414320126176e-05,0.001625223085284233
9226,adam,7.322504097828642e-05,0.001777362427674234
9227,adam,7.321593147935346e-05,0.0020445892587304115
9228,adam,7.320721488213167e-05,0.0023383607622236013
9229,adam,7.319940050365403e-05,0.002749767852947116
9230,adam,7.319162978092209e-05,0.0031994509045034647
9231,adam,7.318494317587465e-05,0.0038140611723065376
9232,adam,7.31803011149168e-05,0.004528998862951994
9233,adam,7.317771087400615e-05,0.005455607548356056
9234,adam,7.317811832763255e-05,0.006545719224959612
9235,adam,7.318374991882592e-05,0.007907189428806305
9236,adam,7.319726864807308e-05,0.009557156823575497
9237,adam,7.322182500502095e-05,0.011639252305030823
9238,adam,7.326298509724438e-05,0.01413562148809433
9239,adam,7.332889072131366e-05,0.017195863649249077
9240,adam,7.343220931943506e-05,0.02091854065656662
9241,adam,7.35927969799377e-05,0.025544878095388412
9242,adam,7.384098717011511e-05,0.031229009851813316
9243,adam,7.422394992318004e-05,0.038319386541843414
9244,adam,7.481403008569032e-05,0.047080568969249725
9245,adam,7.572125468868762e-05,0.057981327176094055
9246,adam,7.712111255386844e-05,0.0715126022696495
9247,adam,7.928088598418981e-05,0.0883914902806282
9248,adam,8.2614496932365e-05,0.10933346301317215
9249,adam,8.775825699558482e-05,0.13545109331607819
9250,adam,9.569160465616733e-05,0.16779033839702606
9251,adam,0.00010783973266370595,0.2078564614057541
9252,adam,0.00012626666284631938,0.2566956877708435
9253,adam,0.0001535767805762589,0.3157263994216919
9254,adam,0.00019290187628939748,0.38459914922714233
9255,adam,0.00024612018023617566,0.46238699555397034
9256,adam,0.0003122015914414078,0.5426770448684692
9257,adam,0.0003806923923548311,0.6162824034690857
9258,adam,0.00043095770524814725,0.6638073325157166
9259,adam,0.00043148055556230247,0.6657893657684326
9260,adam,0.000364417617674917,0.6003328561782837
9261,adam,0.0002458590315654874,0.4644154906272888
9262,adam,0.00013112902524881065,0.2715165615081787
9263,adam,7.595958595629781e-05,0.06254326552152634
9264,adam,9.493182733422145e-05,0.1567208617925644
9265,adam,0.00015557080041617155,0.3111816644668579
9266,adam,0.0002046895824605599,0.39604371786117554
9267,adam,0.000205303163966164,0.39791610836982727
9268,adam,0.00015798934327904135,0.3206082582473755
9269,adam,0.00010058983752969652,0.1841653734445572
9270,adam,7.357121648965403e-05,0.027616992592811584
9271,adam,8.794682798907161e-05,0.12995241582393646
9272,adam,0.00012111770774936303,0.23622004687786102
9273,adam,0.00013999626389704645,0.27975329756736755
9274,adam,0.0001290679647354409,0.255735844373703
9275,adam,9.932284592650831e-05,0.17531874775886536
9276,adam,7.629742322023958e-05,0.06182752922177315
9277,adam,7.549969450337812e-05,0.05538986995816231
9278,adam,9.130436956183985e-05,0.14748884737491608
9279,adam,0.0001055393076967448,0.19610284268856049
9280,adam,0.00010476145689608529,0.19346845149993896
9281,adam,9.09180089365691e-05,0.14469949901103973
9282,adam,7.679582631681114e-05,0.06617622077465057
9283,adam,7.332073437282816e-05,0.02287912741303444
9284,adam,8.031081961235031e-05,0.09524515271186829
9285,adam,8.880058157956228e-05,0.138639435172081
9286,adam,9.035786206368357e-05,0.14494481682777405
9287,adam,8.409051224589348e-05,0.11601005494594574
9288,adam,7.609160093124956e-05,0.06210076063871384
9289,adam,7.286280015250668e-05,0.001511470996774733
9290,adam,7.565751002402976e-05,0.05802621692419052
9291,adam,8.04114606580697e-05,0.09548977017402649
9292,adam,8.222129690693691e-05,0.10643443465232849
9293,adam,7.966986595420167e-05,0.09105253964662552
9294,adam,7.534486940130591e-05,0.05577299743890762
9295,adam,7.290193752851337e-05,0.011547704227268696
9296,adam,7.372906839009374e-05,0.03265039250254631
9297,adam,7.620894757565111e-05,0.06321629136800766
9298,adam,7.767828356008977e-05,0.07598895579576492
9299,adam,7.685062155360356e-05,0.06954731792211533
9300,adam,7.464330701623112e-05,0.047416236251592636
9301,adam,7.296518015209585e-05,0.016491930931806564
9302,adam,7.293777161976323e-05,0.015263359993696213
9303,adam,7.411388651235029e-05,0.040272705256938934
9304,adam,7.515367906307802e-05,0.05336478725075722
9305,adam,7.510014984291047e-05,0.05285489559173584
9306,adam,7.408727833535522e-05,0.04024491086602211
9307,adam,7.302300218725577e-05,0.019661836326122284
9308,adam,7.26856233086437e-05,0.004093024879693985
9309,adam,7.312061643460765e-05,0.02359187975525856
9310,adam,7.374866981990635e-05,0.03628105670213699
9311,adam,7.395492139039561e-05,0.03957396000623703
9312,adam,7.359080336755142e-05,0.03369501605629921
9313,adam,7.299738354049623e-05,0.020945914089679718
9314,adam,7.26371945347637e-05,0.0048861014656722546
9315,adam,7.270273636095226e-05,0.01094854436814785
9316,adam,7.301844743778929e-05,0.022637220099568367
9317,adam,7.324779289774597e-05,0.02828936092555523
9318,adam,7.319061842281371e-05,0.02727353945374489
9319,adam,7.291229849215597e-05,0.020483026280999184
9320,adam,7.264012674568221e-05,0.010060139000415802
9321,adam,7.255356467794627e-05,0.001922248164191842
9322,adam,7.265683962032199e-05,0.011613945476710796
9323,adam,7.28106897440739e-05,0.018121086061000824
9324,adam,7.286539766937494e-05,0.020138703286647797
9325,adam,7.277671102201566e-05,0.017720961943268776
9326,adam,7.261973223648965e-05,0.011810185387730598
9327,adam,7.250711496453732e-05,0.004056481644511223
9328,adam,7.249671034514904e-05,0.003825655672699213
9329,adam,7.25615318515338e-05,0.01004074513912201
9330,adam,7.262355939019471e-05,0.013582214713096619
9331,adam,7.26238577044569e-05,0.013968206942081451
9332,adam,7.25601494195871e-05,0.01144339982420206
9333,adam,7.247886242112145e-05,0.006844017188996077
9334,adam,7.243018626468256e-05,0.0014722483465448022
9335,adam,7.243284198921174e-05,0.0042086197063326836
9336,adam,7.246375025715679e-05,0.008161021396517754
9337,adam,7.248546899063513e-05,0.010191921144723892
9338,adam,7.247410394484177e-05,0.010037148371338844
9339,adam,7.243398431455716e-05,0.007965318858623505
9340,adam,7.238941179821268e-05,0.004540325608104467
9341,adam,7.236333476612344e-05,0.0006182097131386399
9342,adam,7.23621851648204e-05,0.0031481513287872076
9343,adam,7.237271347548813e-05,0.005843167658895254
9344,adam,7.23775738151744e-05,0.007171506993472576
9345,adam,7.236630335683003e-05,0.007009824737906456
9346,adam,7.234209624584764e-05,0.005581251811236143
9347,adam,7.231612835312262e-05,0.003278651274740696
9348,adam,7.229894254123792e-05,0.0008615318802185357
9349,adam,7.229304173961282e-05,0.0020781259518116713
9350,adam,7.229343464132398e-05,0.003903852077201009
9351,adam,7.229096081573516e-05,0.0048303790390491486
9352,adam,7.228091999422759e-05,0.004754303954541683
9353,adam,7.226486195577309e-05,0.0037998671177774668
9354,adam,7.224726141430438e-05,0.002277534222230315
9355,adam,7.223399734357372e-05,0.000609632465057075
9356,adam,7.222546264529228e-05,0.0012630883138626814
9357,adam,7.222060958156362e-05,0.0025439877063035965
9358,adam,7.221478153951466e-05,0.0032987697049975395
9359,adam,7.220573024824262e-05,0.0033638125751167536
9360,adam,7.219392864499241e-05,0.002830068115144968
9361,adam,7.218118116725236e-05,0.0018886177567765117
9362,adam,7.216972153401002e-05,0.0007885895320214331
9363,adam,7.215986988740042e-05,0.0006212209700606763
9364,adam,7.215230289148167e-05,0.001498807454481721
9365,adam,7.214456127258018e-05,0.0021363901905715466
9366,adam,7.21363685443066e-05,0.0023718655575066805
9367,adam,7.212658965727314e-05,0.00227130064740777
9368,adam,7.211627234937623e-05,0.0018461084691807628
9369,adam,7.210555486381054e-05,0.0013229933101683855
9370,adam,7.209571049315855e-05,0.000898627273272723
9371,adam,7.208670285763219e-05,0.001008931314572692
9372,adam,7.207835733424872e-05,0.001281576114706695
9373,adam,7.2069677116815e-05,0.0015126524958759546
9374,adam,7.206042937468737e-05,0.001509139547124505
9375,adam,7.205092697404325e-05,0.001389639568515122
9376,adam,7.20412062946707e-05,0.00115587271284312
9377,adam,7.203146378742531e-05,0.0010806830832734704
9378,adam,7.20222742529586e-05,0.0010979981161653996
9379,adam,7.201318658189848e-05,0.0012987373629584908
9380,adam,7.200438994914293e-05,0.0014274698914960027
9381,adam,7.199513493105769e-05,0.0015449494821950793
9382,adam,7.198627281468362e-05,0.001513244234956801
9383,adam,7.197667582659051e-05,0.0014959934633225203
9384,adam,7.196734077297151e-05,0.0013869735412299633
9385,adam,7.195839134510607e-05,0.0013253469951450825
9386,adam,7.194903446361423e-05,0.001218189368955791
9387,adam,7.193974306574091e-05,0.0012634778395295143
9388,adam,7.193074998212978e-05,0.0012877313420176506
9389,adam,7.19219897291623e-05,0.0014106439193710685
9390,adam,7.19129093340598e-05,0.0014642600435763597
9391,adam,7.19040326657705e-05,0.0015956922434270382
9392,adam,7.189489406300709e-05,0.0016822561156004667
9393,adam,7.188639574451372e-05,0.0018930333899334073
9394,adam,7.187778101069853e-05,0.002065566834062338
9395,adam,7.186943548731506e-05,0.002330547897145152
9396,adam,7.186106813605875e-05,0.002503375755622983
9397,adam,7.185260619735345e-05,0.0027433419600129128
9398,adam,7.184454443631694e-05,0.0029019401408731937
9399,adam,7.183612615335733e-05,0.0031200179364532232
9400,adam,7.182835543062538e-05,0.0032440125942230225
9401,adam,7.182038825703785e-05,0.0034694597125053406
9402,adam,7.181348337326199e-05,0.003687913529574871
9403,adam,7.180668035289273e-05,0.004060178529471159
9404,adam,7.180075772339478e-05,0.004425239749252796
9405,adam,7.179586827987805e-05,0.004919951781630516
9406,adam,7.179186650319025e-05,0.005386032164096832
9407,adam,7.178954547271132e-05,0.006014812272042036
9408,adam,7.178903615567833e-05,0.006663309410214424
9409,adam,7.179028762038797e-05,0.007498328108340502
9410,adam,7.179463136708364e-05,0.008371149189770222
9411,adam,7.18031806172803e-05,0.00943651795387268
9412,adam,7.181573892012239e-05,0.010559599846601486
9413,adam,7.183564594015479e-05,0.01194460503757
9414,adam,7.186489528976381e-05,0.013462482951581478
9415,adam,7.190622272901237e-05,0.015302048996090889
9416,adam,7.196323713287711e-05,0.017347348853945732
9417,adam,7.20423340681009e-05,0.019817788153886795
9418,adam,7.215073856059462e-05,0.02264402061700821
9419,adam,7.230159098980948e-05,0.02605781890451908
9420,adam,7.250765338540077e-05,0.02997238002717495
9421,adam,7.279023702722043e-05,0.03464270383119583
9422,adam,7.317661220440641e-05,0.04004824161529541
9423,adam,7.370652019744739e-05,0.046490855515003204
9424,adam,7.443386130034924e-05,0.05400076135993004
9425,adam,7.543429092038423e-05,0.06294631212949753
9426,adam,7.680843555135652e-05,0.07338547706604004
9427,adam,7.869343244237825e-05,0.0857115238904953
9428,adam,8.127505134325475e-05,0.10006850957870483
9429,adam,8.479842654196545e-05,0.11690429598093033
9430,adam,8.956970850704238e-05,0.1363627016544342
9431,adam,9.59641911322251e-05,0.158797949552536
9432,adam,0.00010437842138344422,0.18415036797523499
9433,adam,0.00011518335668370128,0.21235187351703644
9434,adam,0.00012850514031015337,0.24264618754386902
9435,adam,0.00014404724061023444,0.2738204002380371
9436,adam,0.0001605792494956404,0.30354687571525574
9437,adam,0.00017573704826645553,0.3284960091114044
9438,adam,0.00018573006673250347,0.34412598609924316
9439,adam,0.0001864542136900127,0.34545114636421204
9440,adam,0.00017489638412371278,0.32803258299827576
9441,adam,0.00015181343769654632,0.28955602645874023
9442,adam,0.0001223543513333425,0.231044739484787
9443,adam,9.482896712142974e-05,0.1573040932416916
9444,adam,7.675051892874762e-05,0.07591399550437927
9445,adam,7.15535061317496e-05,0.010281401686370373
9446,adam,7.75361477280967e-05,0.07829394936561584
9447,adam,8.935548976296559e-05,0.13558411598205566
9448,adam,0.00010060246131615713,0.173803448677063
9449,adam,0.00010619792010402307,0.19046099483966827
9450,adam,0.00010407703666714951,0.18520493805408478
9451,adam,9.558824240230024e-05,0.15998198091983795
9452,adam,8.464985876344144e-05,0.11916117370128632
9453,adam,7.568080764031038e-05,0.06867200881242752
9454,adam,7.159501546993852e-05,0.01683228090405464
9455,adam,7.271389767993242e-05,0.0362812839448452
9456,adam,7.711086072959006e-05,0.07661138474941254
9457,adam,8.187058119801804e-05,0.10445979982614517
9458,adam,8.450968016404659e-05,0.1175023540854454
9459,adam,8.395012991968542e-05,0.11558055132627487
9460,adam,8.071426418609917e-05,0.10022903978824615
9461,adam,7.644145807716995e-05,0.0746486634016037
9462,adam,7.294641545740888e-05,0.04285360500216484
9463,adam,7.139053923310712e-05,0.010912665165960789
9464,adam,7.188055315054953e-05,0.023898456245660782
9465,adam,7.36325528123416e-05,0.0489552766084671
9466,adam,7.548739813501015e-05,0.06627463549375534
9467,adam,7.647879101568833e-05,0.07418034970760345
9468,adam,7.621264376211911e-05,0.07277221232652664
9469,adam,7.492234726669267e-05,0.06304461508989334
9470,adam,7.325030310312286e-05,0.047098349779844284
9471,adam,7.18872033758089e-05,0.027388986200094223
9472,adam,7.126764103304595e-05,0.007778259925544262
9473,adam,7.143351103877649e-05,0.014547430910170078
9474,adam,7.209452451206744e-05,0.03014499694108963
9475,adam,7.281563739525154e-05,0.04121673107147217
9476,adam,7.322890451177955e-05,0.046587709337472916
9477,adam,7.317154086194932e-05,0.046363890171051025
9478,adam,7.27106089470908e-05,0.04103134945034981
9479,adam,7.207023736555129e-05,0.03185100853443146
9480,adam,7.150467718020082e-05,0.020176080986857414
9481,adam,7.11921529727988e-05,0.008013361133635044
9482,adam,7.117808854673058e-05,0.006378076039254665
9483,adam,7.138186629163101e-05,0.016070501878857613
9484,adam,7.165643182815984e-05,0.0237704087048769
9485,adam,7.185793947428465e-05,0.02825087122619152
9486,adam,7.19012095942162e-05,0.029471782967448235
9487,adam,7.17790680937469e-05,0.027479762211441994
9488,adam,7.155233470257372e-05,0.02297121286392212
9489,adam,7.131023448891938e-05,0.016534242779016495
9490,adam,7.113274477887899e-05,0.009240823797881603
9491,adam,7.105910481186584e-05,0.002709080232307315
9492,adam,7.108371937647462e-05,0.0061551411636173725
9493,adam,7.116714550647885e-05,0.011693384498357773
9494,adam,7.12561231921427e-05,0.01561389397829771
9495,adam,7.130805170163512e-05,0.017766907811164856
9496,adam,7.130266749300063e-05,0.017965244129300117
9497,adam,7.124450348783284e-05,0.016580363735556602
9498,adam,7.115646440070122e-05,0.013751898892223835
9499,adam,7.106704288162291e-05,0.01004104409366846
9500,adam,7.100000948412344e-05,0.005783816799521446
9501,adam,7.096755143720657e-05,0.002096163108944893
9502,adam,7.096766057657078e-05,0.0034519722685217857
9503,adam,7.098792411852628e-05,0.006535033695399761
9504,adam,7.101253868313506e-05,0.008981656283140182
9505,adam,7.102709059836343e-05,0.010355410166084766
9506,adam,7.102373638190329e-05,0.010778526775538921
9507,adam,7.100287621142343e-05,0.010166577063500881
9508,adam,7.096962508512661e-05,0.008845468051731586
9509,adam,7.09330415702425e-05,0.006847280077636242
9510,adam,7.090099097695202e-05,0.00456266338005662
9511,adam,7.087853737175465e-05,0.0021506748162209988
9512,adam,7.086723780957982e-05,0.0009705384727567434
9513,adam,7.086421828716993e-05,0.002694562543183565
9514,adam,7.08654333720915e-05,0.0042845988646149635
9515,adam,7.086696132319048e-05,0.005472627468407154
9516,adam,7.086360710673034e-05,0.006030986085534096
9517,adam,7.08548104739748e-05,0.006123340222984552
9518,adam,7.084087701514363e-05,0.005656100809574127
9519,adam,7.082407682901248e-05,0.004871395882219076
9520,adam,7.080660725478083e-05,0.003723984118551016
9521,adam,7.079118950059637e-05,0.0025030348915606737
9522,adam,7.077820191625506e-05,0.0012360512046143413
9523,adam,7.076843030517921e-05,0.0006449349457398057
9524,adam,7.076132169459015e-05,0.001443652668967843
9525,adam,7.075526082189754e-05,0.0022394878324121237
9526,adam,7.074937457218766e-05,0.0029419364873319864
9527,adam,7.07428771420382e-05,0.003355684457346797
9528,adam,7.073488814057782e-05,0.0035967824514955282
9529,adam,7.07253857399337e-05,0.0034955781884491444
9530,adam,7.071490836096928e-05,0.003239109180867672
9531,adam,7.070345600368455e-05,0.002737313974648714
9532,adam,7.069212733767927e-05,0.002194915199652314
9533,adam,7.068109698593616e-05,0.0015033931704238057
9534,adam,7.067096885293722e-05,0.0008517447276972234
9535,adam,7.06616701791063e-05,0.00032308654044754803
9536,adam,7.065278623485938e-05,0.0006200512289069593
9537,adam,7.064462261041626e-05,0.0011127390898764133
9538,adam,7.063699013087898e-05,0.0014270523097366095
9539,adam,7.062827353365719e-05,0.0016934466548264027
9540,adam,7.061962242005393e-05,0.001750596216879785
9541,adam,7.061059295665473e-05,0.0017473658081144094
9542,adam,7.060151256155223e-05,0.0015626616077497602
9543,adam,7.059220661176369e-05,0.0014058458618819714
9544,adam,7.058268965920433e-05,0.0011559758568182588
9545,adam,7.057326001813635e-05,0.0009343883139081299
9546,adam,7.056416507111862e-05,0.0006056070560589433
9547,adam,7.05548663972877e-05,0.000365013926057145
9548,adam,7.054612069623545e-05,0.00029678232385776937
9549,adam,7.053716399241239e-05,0.0004789216327480972
9550,adam,7.052864384604618e-05,0.0007328203064389527
9551,adam,7.052002183627337e-05,0.0008682672632858157
9552,adam,7.05112615833059e-05,0.0009969411185011268
9553,adam,7.050255953799933e-05,0.0009833675576373935
9554,adam,7.049357373034582e-05,0.0010073998710140586
9555,adam,7.048445695545524e-05,0.0009243878303095698
9556,adam,7.04754565958865e-05,0.00087473209714517
9557,adam,7.046669634291902e-05,0.0007183721754699945
9558,adam,7.045739039313048e-05,0.0005996188847348094
9559,adam,7.044834637781605e-05,0.00041991969919763505
9560,adam,7.043936057016253e-05,0.0003398377448320389
9561,adam,7.043044752208516e-05,0.000252153113251552
9562,adam,7.042165816528723e-05,0.00024463326553814113
9563,adam,7.041321077849716e-05,0.0002980977878905833
9564,adam,7.040400669211522e-05,0.00032891961745917797
9565,adam,7.039503543637693e-05,0.0004004665825050324
9566,adam,7.038637704681605e-05,0.00040721846744418144
9567,adam,7.037739851512015e-05,0.0004779465380124748
9568,adam,7.036871829768643e-05,0.0005055483197793365
9569,adam,7.035998714854941e-05,0.0006144754588603973
9570,adam,7.035100134089589e-05,0.0006521157920360565
9571,adam,7.0341928221751e-05,0.0007307364139705896
9572,adam,7.033332803985104e-05,0.0007014652946963906
9573,adam,7.032443681964651e-05,0.000720437616109848
9574,adam,7.03152472851798e-05,0.0006639716448262334
9575,adam,7.0306530687958e-05,0.000646095781121403
9576,adam,7.029767584754154e-05,0.0005778074846602976
9577,adam,7.028880645520985e-05,0.0005566098843701184
9578,adam,7.028003165032715e-05,0.0005146897165104747
9579,adam,7.027082028798759e-05,0.0005027312436141074
9580,adam,7.026241655694321e-05,0.0005123227019794285
9581,adam,7.025326340226457e-05,0.00051119428826496
9582,adam,7.024433580227196e-05,0.0005771096330136061
9583,adam,7.023540092632174e-05,0.0006162578938528895
9584,adam,7.022673526080325e-05,0.0007262236322276294
9585,adam,7.021801138762385e-05,0.0007630068575963378
9586,adam,7.020942575763911e-05,0.0008736293530091643
9587,adam,7.020042539807037e-05,0.0009123868076130748
9588,adam,7.019195618340746e-05,0.0010125659173354506
9589,adam,7.018265750957653e-05,0.0010488758562132716
9590,adam,7.017435564193875e-05,0.0011281241895630956
9591,adam,7.016535528237e-05,0.001100292894989252
9592,adam,7.015651499386877e-05,0.0011205991031602025
9593,adam,7.014764560153708e-05,0.0010512311710044742
9594,adam,7.013860158622265e-05,0.0010345065966248512
9595,adam,7.012942660367116e-05,0.0009628415573388338
9596,adam,7.012088462943211e-05,0.0009587987442500889
9597,adam,7.011172419879586e-05,0.0008940124535001814
9598,adam,7.010287663433701e-05,0.0008958781254477799
9599,adam,7.009421824477613e-05,0.0008608979405835271
9600,adam,7.008502871030942e-05,0.0009019869030453265
9601,adam,7.007623935351148e-05,0.0008815884357318282
9602,adam,7.00672171660699e-05,0.0008992004441097379
9603,adam,7.00584496371448e-05,0.0008227094076573849
9604,adam,7.004950748523697e-05,0.0007947762496769428
9605,adam,7.004046346992254e-05,0.0006952965050004423
9606,adam,7.003152131801471e-05,0.0006541170878335834
9607,adam,7.002281927270815e-05,0.0005761359352618456
9608,adam,7.001373160164803e-05,0.0005666040233336389
9609,adam,7.000497134868056e-05,0.00048656275612302125
9610,adam,6.999617471592501e-05,0.0004674300434999168
9611,adam,6.998720346018672e-05,0.0003878396237269044
9612,adam,6.997839955147356e-05,0.0003651016450021416
9613,adam,6.996929732849821e-05,0.00031845600460655987
9614,adam,6.996062438702211e-05,0.0003399474371690303
9615,adam,6.995206058491021e-05,0.00035800589830614626
9616,adam,6.994292925810441e-05,0.00038567843148484826
9617,adam,6.993418355705217e-05,0.0003909486695192754
9618,adam,6.99252777849324e-05,0.0003629250277299434
9619,adam,6.991630652919412e-05,0.00032760994508862495
9620,adam,6.99074225849472e-05,0.00032419947092421353
9621,adam,6.989856046857312e-05,0.0003375779779162258
9622,adam,6.988986569922417e-05,0.00045130285434424877
9623,adam,6.988128006923944e-05,0.0005357035552151501
9624,adam,6.98720759828575e-05,0.0007058953633531928
9625,adam,6.98636140441522e-05,0.0008560615824535489
9626,adam,6.985538493609056e-05,0.0011140152346342802
9627,adam,6.984671199461445e-05,0.0013133017346262932
9628,adam,6.983863568166271e-05,0.0015573195414617658
9629,adam,6.982995546422899e-05,0.001739709172397852
9630,adam,6.982200284255669e-05,0.00200671493075788
9631,adam,6.981401384109631e-05,0.0022402761969715357
9632,adam,6.980623584240675e-05,0.002568527590483427
9633,adam,6.979823228903115e-05,0.0028574049938470125
9634,adam,6.979157478781417e-05,0.0032333084382116795
9635,adam,6.978446617722511e-05,0.003578042145818472
9636,adam,6.977847078815103e-05,0.004044434987008572
9637,adam,6.977302837185562e-05,0.004526440519839525
9638,adam,6.976877193665132e-05,0.005131176672875881
9639,adam,6.976517761358991e-05,0.005724452901631594
9640,adam,6.976302393013611e-05,0.00644771009683609
9641,adam,6.976261647650972e-05,0.007215213496237993
9642,adam,6.976561417104676e-05,0.008197794668376446
9643,adam,6.977267184993252e-05,0.009293659590184689
9644,adam,6.9784713559784e-05,0.010642002336680889
9645,adam,6.980372563702986e-05,0.01213895995169878
9646,adam,6.983177445363253e-05,0.013944465667009354
9647,adam,6.987226515775546e-05,0.015973908826708794
9648,adam,6.993010902078822e-05,0.0184270478785038
9649,adam,7.00111995683983e-05,0.021233590319752693
9650,adam,7.01245226082392e-05,0.024597767740488052
9651,adam,7.028169056866318e-05,0.028480131179094315
9652,adam,7.049993291730061e-05,0.033120255917310715
9653,adam,7.080195791786537e-05,0.03851662948727608
9654,adam,7.122034003259614e-05,0.04494604468345642
9655,adam,7.179896056186408e-05,0.05246521160006523
9656,adam,7.260494749061763e-05,0.06143634393811226
9657,adam,7.372129039140418e-05,0.07197874784469604
9658,adam,7.527636626036838e-05,0.08450159430503845
9659,adam,7.742027082713321e-05,0.09917865693569183
9660,adam,8.039862586883828e-05,0.1165185496211052
9661,adam,8.447309664916247e-05,0.1367575228214264
9662,adam,9.007442713482305e-05,0.1603902131319046
9663,adam,9.75510265561752e-05,0.18747736513614655
9664,adam,0.0001075040054274723,0.21820399165153503
9665,adam,0.00012006350880255923,0.2519949674606323
9666,adam,0.00013561580271925777,0.2880617082118988
9667,adam,0.0001529351866338402,0.3241434693336487
9668,adam,0.00017094345821533352,0.3573085367679596
9669,adam,0.00018517024000175297,0.38250410556793213
9670,adam,0.0001924100797623396,0.3944106996059418
9671,adam,0.0001866392994998023,0.3865717649459839
9672,adam,0.00016803441394586116,0.3553631603717804
9673,adam,0.00013861134357284755,0.29976174235343933
9674,adam,0.0001077924607670866,0.22487404942512512
9675,adam,8.442166290478781e-05,0.14151684939861298
9676,adam,7.479232590412721e-05,0.07696623355150223
9677,adam,7.889460539445281e-05,0.09302057325839996
9678,adam,9.15186174097471e-05,0.14880651235580444
9679,adam,0.00010506154649192467,0.1930943727493286
9680,adam,0.00011270702088950202,0.21447031199932098
9681,adam,0.00011106119200121611,0.21010197699069977
9682,adam,0.00010119893704541028,0.18192334473133087
9683,adam,8.797434566076845e-05,0.13613857328891754
9684,adam,7.722705777268857e-05,0.0849265530705452
9685,adam,7.277284021256492e-05,0.058544423431158066
9686,adam,7.476699829567224e-05,0.0841771736741066
9687,adam,8.027748117456213e-05,0.12055092304944992
9688,adam,8.530361810699105e-05,0.14463494718074799
9689,adam,8.675185381434858e-05,0.1504712998867035
9690,adam,8.401217928621918e-05,0.13787023723125458
9691,adam,7.855896546971053e-05,0.10953259468078613
9692,adam,7.315017865039408e-05,0.07090333104133606
9693,adam,7.00104283168912e-05,0.029821790754795074
9694,adam,6.990004476392642e-05,0.023374997079372406
9695,adam,7.19696981832385e-05,0.0546090342104435
9696,adam,7.449409895343706e-05,0.07792429625988007
9697,adam,7.590219320263714e-05,0.08881649374961853
9698,adam,7.549401925643906e-05,0.0867241844534874
9699,adam,7.36506626708433e-05,0.07340562343597412
9700,adam,7.14025809429586e-05,0.051928356289863586
9701,adam,6.982064223848283e-05,0.027144597843289375
9702,adam,6.944979395484552e-05,0.0133852893486619
9703,adam,7.01497119734995e-05,0.029785940423607826
9704,adam,7.129130972316489e-05,0.04630056023597717
9705,adam,7.215695222839713e-05,0.05569663643836975
9706,adam,7.230966002680361e-05,0.0571712963283062
9707,adam,7.174636994022876e-05,0.05126608535647392
9708,adam,7.081650255713612e-05,0.04004387557506561
9709,adam,6.998363096499816e-05,0.026911389082670212
9710,adam,6.957889127079397e-05,0.019361665472388268
9711,adam,6.966807995922863e-05,0.024687685072422028
9712,adam,7.007036037975922e-05,0.034591127187013626
9713,adam,7.049417763482779e-05,0.04216578230261803
9714,adam,7.069508137647063e-05,0.04530199617147446
9715,adam,7.058726623654366e-05,0.04385410621762276
9716,adam,7.02447650837712e-05,0.03846647962927818
9717,adam,6.984251376707107e-05,0.030755121260881424
9718,adam,6.954823766136542e-05,0.02298041805624962
9719,adam,6.944990309420973e-05,0.018612170591950417
9720,adam,6.95312483003363e-05,0.019734719768166542
9721,adam,6.96999195497483e-05,0.02347538433969021
9722,adam,6.984614446992055e-05,0.02659766562283039
9723,adam,6.98921357979998e-05,0.02759067341685295
9724,adam,6.982460763538256e-05,0.026491083204746246
9725,adam,6.96841161698103e-05,0.023813391104340553
9726,adam,6.953850243007764e-05,0.021019404754042625
9727,adam,6.944622145965695e-05,0.019621513783931732
9728,adam,6.94350601406768e-05,0.020682668313384056
9729,adam,6.949474482098594e-05,0.023484764620661736
9730,adam,6.959051097510383e-05,0.026628289371728897
9731,adam,6.968226080061868e-05,0.02917490340769291
9732,adam,6.974276766413823e-05,0.03063022904098034
9733,adam,6.976848817430437e-05,0.031137434765696526
9734,adam,6.977910379646346e-05,0.031054196879267693
9735,adam,6.980117905186489e-05,0.030972111970186234
9736,adam,6.985972868278623e-05,0.03137728199362755
9737,adam,6.996950105531141e-05,0.03259432315826416
9738,adam,7.01361641404219e-05,0.034663911908864975
9739,adam,7.035111775621772e-05,0.03737573325634003
9740,adam,7.061132055241615e-05,0.04058556258678436
9741,adam,7.091212319210172e-05,0.044172126799821854
9742,adam,7.12687469786033e-05,0.04822969809174538
9743,adam,7.169524906203151e-05,0.052839744836091995
9744,adam,7.222640851978213e-05,0.05815368890762329
9745,adam,7.288376946235076e-05,0.06423721462488174
9746,adam,7.371693209279329e-05,0.07116112858057022
9747,adam,7.474669109797105e-05,0.07892973721027374
9748,adam,7.603612903039902e-05,0.08752945810556412
9749,adam,7.760431617498398e-05,0.09697327017784119
9750,adam,7.953755266498774e-05,0.10720446705818176
9751,adam,8.182899910025299e-05,0.11824610829353333
9752,adam,8.459546370431781e-05,0.12999886274337769
9753,adam,8.776618778938428e-05,0.14243705570697784
9754,adam,9.146705269813538e-05,0.15531887114048004
9755,adam,9.547216905048117e-05,0.16847068071365356
9756,adam,9.985000360757113e-05,0.18132328987121582
9757,adam,0.00010405683133285493,0.19337409734725952
9758,adam,0.00010804313933476806,0.20364506542682648
9759,adam,0.0001108724536607042,0.2112770676612854
9760,adam,0.00011242072650929913,0.2149343192577362
9761,adam,0.00011166592594236135,0.21373532712459564
9762,adam,0.00010882827336899936,0.20659983158111572
9763,adam,0.0001035086897900328,0.19322815537452698
9764,adam,9.66395964496769e-05,0.17343731224536896
9765,adam,8.882851398084313e-05,0.1480371654033661
9766,adam,8.139269630191848e-05,0.11812181770801544
9767,adam,7.52190753701143e-05,0.08544959127902985
9768,adam,7.103194366209209e-05,0.051905274391174316
9769,adam,6.902701716171578e-05,0.020267905667424202
9770,adam,6.898870196891949e-05,0.01616654545068741
9771,adam,7.038498733891174e-05,0.04140303656458855
9772,adam,7.253058720380068e-05,0.06357068568468094
9773,adam,7.476201426470652e-05,0.08077002316713333
9774,adam,7.65179138397798e-05,0.09240130335092545
9775,adam,7.748074131086469e-05,0.09843874722719193
9776,adam,7.747753261355683e-05,0.0989651158452034
9777,adam,7.66251323511824e-05,0.094436876475811
9778,adam,7.512409501941875e-05,0.0855030044913292
9779,adam,7.333042594837025e-05,0.07300788909196854
9780,adam,7.155906496336684e-05,0.05794746056199074
9781,adam,7.009711407590657e-05,0.04133303090929985
9782,adam,6.91104942234233e-05,0.02422168292105198
9783,adam,6.864978058729321e-05,0.00766177149489522
9784,adam,6.865982140880078e-05,0.008256297558546066
9785,adam,6.900801236042753e-05,0.021637873724102974
9786,adam,6.953215051908046e-05,0.03276880830526352
9787,adam,7.007069507380947e-05,0.04119474068284035
9788,adam,7.049605483189225e-05,0.0468304380774498
9789,adam,7.072524749673903e-05,0.04962063953280449
9790,adam,7.073800952639431e-05,0.049824945628643036
9791,adam,7.055042078718543e-05,0.04768097773194313
9792,adam,7.022048521321267e-05,0.043607089668512344
9793,adam,6.98112344252877e-05,0.037984419614076614
9794,adam,6.93938200129196e-05,0.03125796467065811
9795,adam,6.902527820784599e-05,0.02389269880950451
9796,adam,6.874374957988039e-05,0.016307206824421883
9797,adam,6.856496474938467e-05,0.008896802552044392
9798,adam,6.848704651929438e-05,0.002540954388678074
9799,adam,6.849201599834487e-05,0.005130869802087545
9800,adam,6.855624815216288e-05,0.010469752363860607
9801,adam,6.864978058729321e-05,0.014971356838941574
9802,adam,6.874789687572047e-05,0.0184542965143919
9803,adam,6.883043533889577e-05,0.020943082869052887
9804,adam,6.888329517096281e-05,0.02242090366780758
9805,adam,6.890004442539066e-05,0.02296086587011814
9806,adam,6.888135249027982e-05,0.02262701652944088
9807,adam,6.883187597850338e-05,0.02156831882894039
9808,adam,6.876156840007752e-05,0.01990962028503418
9809,adam,6.868056516395882e-05,0.017789188772439957
9810,adam,6.859664426883683e-05,0.015319518744945526
9811,adam,6.85192208038643e-05,0.012640501372516155
9812,adam,6.845297320978716e-05,0.00987686961889267
9813,adam,6.840143032604828e-05,0.007137838285416365
9814,adam,6.836459942860529e-05,0.004507232923060656
9815,adam,6.834188388893381e-05,0.0020683426409959793
9816,adam,6.833058432675898e-05,0.0007847503875382245
9817,adam,6.832813960500062e-05,0.002550977049395442
9818,adam,6.833168299635872e-05,0.004393513314425945
9819,adam,6.833876977907494e-05,0.005977090913802385
9820,adam,6.834623491158709e-05,0.007298163138329983
9821,adam,6.835199019405991e-05,0.008319155313074589
9822,adam,6.835498061263934e-05,0.009066659957170486
9823,adam,6.835395470261574e-05,0.009537662379443645
9824,adam,6.834945816081017e-05,0.009794365614652634
9825,adam,6.834258965682238e-05,0.00988682545721531
9826,adam,6.833232328062877e-05,0.009805966168642044
9827,adam,6.83194593875669e-05,0.009570987895131111
9828,adam,6.830497295595706e-05,0.009207436814904213
9829,adam,6.828834739280865e-05,0.008734331466257572
9830,adam,6.827132165199146e-05,0.008158900775015354
9831,adam,6.82543613947928e-05,0.0075272247195243835
9832,adam,6.823725561844185e-05,0.0068601868115365505
9833,adam,6.822172872489318e-05,0.006200532894581556
9834,adam,6.820676935603842e-05,0.005557988304644823
9835,adam,6.819215923314914e-05,0.004916694015264511
9836,adam,6.817877874709666e-05,0.004282110370695591
9837,adam,6.816600216552615e-05,0.003669394413009286
9838,adam,6.815398228354752e-05,0.0030737915076315403
9839,adam,6.814310472691432e-05,0.0024976576678454876
9840,adam,6.813248182879761e-05,0.001956274500116706
9841,adam,6.812255014665425e-05,0.0014507563319057226
9842,adam,6.811336061218753e-05,0.0010260726558044553
9843,adam,6.810417107772082e-05,0.0006492435932159424
9844,adam,6.809559999965131e-05,0.0004200414987280965
9845,adam,6.808708712924272e-05,0.0004371333634480834
9846,adam,6.8078821641393e-05,0.0006818346446380019
9847,adam,6.807129830121994e-05,0.000938624725677073
9848,adam,6.806321471231058e-05,0.0011917744996026158
9849,adam,6.805522571085021e-05,0.0014151096111163497
9850,adam,6.804769509471953e-05,0.0016154572367668152
9851,adam,6.804030999774113e-05,0.001821319223381579
9852,adam,6.803243013564497e-05,0.0020103733986616135
9853,adam,6.802476127631962e-05,0.0021848881151527166
9854,adam,6.801672134315595e-05,0.0023374014999717474
9855,adam,6.80092562106438e-05,0.002505688229575753
9856,adam,6.800163828302175e-05,0.002661996055394411
9857,adam,6.79939184919931e-05,0.0028102078940719366
9858,adam,6.798635877203196e-05,0.0029525922145694494
9859,adam,6.79784789099358e-05,0.0031143391970545053
9860,adam,6.797146488679573e-05,0.00330842612311244
9861,adam,6.796439265599474e-05,0.0035318084992468357
9862,adam,6.795742228860036e-05,0.0037580509670078754
9863,adam,6.795080116717145e-05,0.004006188828498125
9864,adam,6.794478395022452e-05,0.004318381659686565
9865,adam,6.793920329073444e-05,0.00466262549161911
9866,adam,6.7933950049337e-05,0.005012720823287964
9867,adam,6.792875501560047e-05,0.005384168587625027
9868,adam,6.79247677908279e-05,0.005803570616990328
9869,adam,6.792126805521548e-05,0.006261647213250399
9870,adam,6.791888154111803e-05,0.006788937840610743
9871,adam,6.791849591536447e-05,0.007410301826894283
9872,adam,6.792019848944619e-05,0.00813526101410389
9873,adam,6.792503700125962e-05,0.00897475890815258
9874,adam,6.793311331421137e-05,0.009958584792912006
9875,adam,6.794575892854482e-05,0.011099168099462986
9876,adam,6.796466914238408e-05,0.01241935882717371
9877,adam,6.799188849981874e-05,0.013919372111558914
9878,adam,6.802752614021301e-05,0.015618796460330486
9879,adam,6.807577301515266e-05,0.017549235373735428
9880,adam,6.81405290379189e-05,0.019760072231292725
9881,adam,6.822677823947743e-05,0.022293005138635635
9882,adam,6.834149098722264e-05,0.025219129398465157
9883,adam,6.849497731309384e-05,0.028605101630091667
9884,adam,6.869973003631458e-05,0.03253456950187683
9885,adam,6.8972040025983e-05,0.03706534206867218
9886,adam,6.933369149919599e-05,0.0423172265291214
9887,adam,6.981883780099452e-05,0.048418864607810974
9888,adam,7.046733662718907e-05,0.05554444342851639
9889,adam,7.133922190405428e-05,0.06381238251924515
9890,adam,7.249778718687594e-05,0.07341016083955765
9891,adam,7.404943607980385e-05,0.08448345214128494
9892,adam,7.609846943523735e-05,0.09728369861841202
9893,adam,7.883724174462259e-05,0.11198986321687698
9894,adam,8.24103772174567e-05,0.12886305153369904
9895,adam,8.710581460036337e-05,0.14791101217269897
9896,adam,9.303473052568734e-05,0.16925910115242004
9897,adam,0.0001005420126602985,0.19255214929580688
9898,adam,0.00010943342203972861,0.21750220656394958
9899,adam,0.00011983405420323834,0.24290326237678528
9900,adam,0.00013055426825303584,0.2674669921398163
9901,adam,0.00014090165495872498,0.2884993255138397
9902,adam,0.00014805527462158352,0.3034606873989105
9903,adam,0.00015064430772326887,0.30848097801208496
9904,adam,0.00014573129010386765,0.3009032607078552
9905,adam,0.0001338920701527968,0.2780669331550598
9906,adam,0.00011621912562986836,0.2402956187725067
9907,adam,9.718314686324447e-05,0.18944065272808075
9908,adam,8.11079444247298e-05,0.13075879216194153
9909,adam,7.14631169103086e-05,0.07231293618679047
9910,adam,6.920725718373433e-05,0.04080834984779358
9911,adam,7.287246262421831e-05,0.07066911458969116
9912,adam,7.94884908827953e-05,0.10980360954999924
9913,adam,8.571606304030865e-05,0.13848565518856049
9914,adam,8.913428609957919e-05,0.15320123732089996
9915,adam,8.850446465658024e-05,0.1532440036535263
9916,adam,8.449939923593774e-05,0.13995487987995148
9917,adam,7.872175046941265e-05,0.11612991243600845
9918,adam,7.333597750402987e-05,0.08621898293495178
9919,adam,6.992676935624331e-05,0.057082563638687134
9920,adam,6.907976057846099e-05,0.04185720905661583
9921,adam,7.03193509252742e-05,0.05082806572318077
9922,adam,7.249095506267622e-05,0.06806479394435883
9923,adam,7.434870349243283e-05,0.08123385161161423
9924,adam,7.500388892367482e-05,0.08661698549985886
9925,adam,7.426723459502682e-05,0.08374539762735367
9926,adam,7.248917972901836e-05,0.07358286529779434
9927,adam,7.043009827611968e-05,0.05836860090494156
9928,adam,6.880416913190857e-05,0.041378203779459
9929,adam,6.805617158534005e-05,0.028616992756724358
9930,adam,6.821452552685514e-05,0.028433922678232193
9931,adam,6.895887781865895e-05,0.03755885735154152
9932,adam,6.981396290939301e-05,0.04678209498524666
9933,adam,7.035271119093522e-05,0.05210200324654579
9934,adam,7.035543239908293e-05,0.05255462974309921
9935,adam,6.983767525525764e-05,0.04815009608864784
9936,adam,6.902204040670767e-05,0.03976104408502579
9937,adam,6.819986447226256e-05,0.02859249711036682
9938,adam,6.762171688023955e-05,0.016443390399217606
9939,adam,6.740971730323508e-05,0.007778031751513481
9940,adam,6.753762863809243e-05,0.013036140240728855
9941,adam,6.786748417653143e-05,0.021799003705382347
9942,adam,6.822121940786019e-05,0.02839091047644615
9943,adam,6.844775634817779e-05,0.03201109915971756
9944,adam,6.846751784905791e-05,0.03240804001688957
9945,adam,6.829167978139594e-05,0.029955783858895302
9946,adam,6.799496622988954e-05,0.025084814056754112
9947,adam,6.767867307644337e-05,0.018626078963279724
9948,adam,6.743244739482179e-05,0.011337542906403542
9949,adam,6.730662425979972e-05,0.004891393706202507
9950,adam,6.730309542035684e-05,0.0056641120463609695
9951,adam,6.738482625223696e-05,0.010881571099162102
9952,adam,6.749618478352204e-05,0.015181707218289375
9953,adam,6.75848059472628e-05,0.01783268339931965
9954,adam,6.761806434951723e-05,0.018792303279042244
9955,adam,6.758847302990034e-05,0.01812879368662834
9956,adam,6.751081673428416e-05,0.016181983053684235
9957,adam,6.741130346199498e-05,0.013244650326669216
9958,adam,6.731789471814409e-05,0.00996177177876234
9959,adam,6.725266575813293e-05,0.0070682610385119915
9960,adam,6.722305988660082e-05,0.006002383306622505
9961,adam,6.72243331791833e-05,0.007096895948052406
9962,adam,6.724503327859566e-05,0.00901465117931366
9963,adam,6.726863648509607e-05,0.010608529672026634
9964,adam,6.728194421157241e-05,0.011476784944534302
9965,adam,6.727792060701177e-05,0.011506146751344204
9966,adam,6.725609273416921e-05,0.010718856006860733
9967,adam,6.722153193550184e-05,0.009260856546461582
9968,adam,6.718297663610429e-05,0.007295623887330294
9969,adam,6.714803748764098e-05,0.005058368667960167
9970,adam,6.712221511406824e-05,0.0028101124335080385
9971,adam,6.710793968522921e-05,0.0017314694123342633
9972,adam,6.710419256705791e-05,0.0029800671618431807
9973,adam,6.710687739541754e-05,0.004642248619347811
9974,adam,6.711114838253707e-05,0.005955344997346401
9975,adam,6.71130110276863e-05,0.0068196686916053295
9976,adam,6.710971501888707e-05,0.0071807317435741425
9977,adam,6.71002926537767e-05,0.007083915639668703
9978,adam,6.708580622216687e-05,0.006582923233509064
9979,adam,6.706893327645957e-05,0.005768970586359501
9980,adam,6.70511435600929e-05,0.004719698801636696
9981,adam,6.70344743411988e-05,0.0036012008786201477
9982,adam,6.702100654365495e-05,0.002533040475100279
9983,adam,6.701052916469052e-05,0.0018251215806230903
9984,adam,6.700280937366188e-05,0.0017069424502551556
9985,adam,6.699681398458779e-05,0.0021642963401973248
9986,adam,6.699169898638502e-05,0.0026665180921554565
9987,adam,6.698584911646321e-05,0.0030906712636351585
9988,adam,6.697919889120385e-05,0.003291480243206024
9989,adam,6.69712244416587e-05,0.0033279452472925186
9990,adam,6.69612199999392e-05,0.0031377540435642004
9991,adam,6.695088086416945e-05,0.0028096232563257217
9992,adam,6.694072362734005e-05,0.00236039818264544
9993,adam,6.693044997518882e-05,0.0018876866670325398
9994,adam,6.692056922474876e-05,0.0014381461078301072
9995,adam,6.691155431326479e-05,0.0010854395804926753
9996,adam,6.690323061775416e-05,0.0009437900152988732
9997,adam,6.689519068459049e-05,0.000954196322709322
9998,adam,6.688771827612072e-05,0.0011397675843909383
9999,adam,6.687998393317685e-05,0.0012960804160684347
10000,adam,6.687269342364743e-05,0.0014995167730376124
10001,adam,6.686506822006777e-05,0.0015961015596985817
10002,adam,6.685700645903125e-05,0.0016766502521932125
10003,adam,6.684874097118154e-05,0.0016564653487876058
10004,adam,6.684032268822193e-05,0.0016174112679436803
10005,adam,6.683196988888085e-05,0.0014841464580968022
10006,adam,6.682312960037962e-05,0.0013382055331021547
10007,adam,6.681452214252204e-05,0.001159803243353963
10008,adam,6.680633669020608e-05,0.0010076238540932536
10009,adam,6.679797661490738e-05,0.0008534337393939495
10010,adam,6.678941281279549e-05,0.0007104698452167213
10011,adam,6.678114732494578e-05,0.0005903315031901002
10012,adam,6.677296187262982e-05,0.0005000710370950401
10013,adam,6.676499469904229e-05,0.0005488694296218455
10014,adam,6.675683107459918e-05,0.0005985515890643001
10015,adam,6.674900942016393e-05,0.0007216028752736747
10016,adam,6.674085307167843e-05,0.0007844281499274075
10017,adam,6.673306779703125e-05,0.0008983085863292217
10018,adam,6.672518793493509e-05,0.0009432170772925019
10019,adam,6.671730079688132e-05,0.00107412354554981
10020,adam,6.670915900031105e-05,0.0011542097199708223
10021,adam,6.670146831311285e-05,0.001291234977543354
10022,adam,6.669350841548294e-05,0.0013495013117790222
10023,adam,6.668540299870074e-05,0.0014524910366162658
10024,adam,6.667745765298605e-05,0.0014819423668086529
10025,adam,6.66696359985508e-05,0.0015961142489686608
10026,adam,6.666141416644678e-05,0.0016445349901914597
10027,adam,6.665354158030823e-05,0.0017324674408882856
10028,adam,6.664582178927958e-05,0.001744930981658399
10029,adam,6.663789827143773e-05,0.001809507142752409
10030,adam,6.662975647486746e-05,0.0018019917188212276
10031,adam,6.662165105808526e-05,0.001840118900872767
10032,adam,6.66137202642858e-05,0.0018090587109327316
10033,adam,6.660517101408914e-05,0.0018371215555816889
10034,adam,6.659727660007775e-05,0.0018012619111686945
10035,adam,6.658919301116839e-05,0.0018349139718338847
10036,adam,6.658121856162325e-05,0.0018272792221978307
10037,adam,6.65733459754847e-05,0.0018945540068671107
10038,adam,6.656534969806671e-05,0.0019202553667128086
10039,adam,6.655740435235202e-05,0.002014791127294302
10040,adam,6.654943717876449e-05,0.0020604559686034918
10041,adam,6.654160824837163e-05,0.002170408610254526
10042,adam,6.65337429381907e-05,0.002240601694211364
10043,adam,6.652628508163616e-05,0.0024004189763218164
10044,adam,6.65190236759372e-05,0.002553112804889679
10045,adam,6.651187140960246e-05,0.002809999044984579
10046,adam,6.650493014603853e-05,0.00305188843049109
10047,adam,6.64982435409911e-05,0.003386972239241004
10048,adam,6.649210263276473e-05,0.003696531057357788
10049,adam,6.648644193774089e-05,0.004123787395656109
10050,adam,6.64815233903937e-05,0.004571733996272087
10051,adam,6.64777762722224e-05,0.00516168400645256
10052,adam,6.647512054769322e-05,0.005777568090707064
10053,adam,6.647422560490668e-05,0.006574203725904226
10054,adam,6.647628470091149e-05,0.00745016522705555
10055,adam,6.64809049339965e-05,0.008528746664524078
10056,adam,6.648964335909113e-05,0.009695529006421566
10057,adam,6.650339491898194e-05,0.01109167467802763
10058,adam,6.652413867413998e-05,0.01264217309653759
10059,adam,6.655468314420432e-05,0.014523344114422798
10060,adam,6.659831706201658e-05,0.016653582453727722
10061,adam,6.665902765234932e-05,0.0192056056112051
10062,adam,6.674405449302867e-05,0.02212074026465416
10063,adam,6.686065898975357e-05,0.025566501542925835
10064,adam,6.701972597511485e-05,0.02951205149292946
10065,adam,6.72391543048434e-05,0.03421112149953842
10066,adam,6.75417686579749e-05,0.0396883599460125
10067,adam,6.79604199831374e-05,0.04621234908699989
10068,adam,6.853538798168302e-05,0.05381631851196289
10069,adam,6.932875839993358e-05,0.06282135099172592
10070,adam,7.041565550025553e-05,0.07333117723464966
10071,adam,7.191467739176005e-05,0.08573315292596817
10072,adam,7.395533611997962e-05,0.10016532987356186
10073,adam,7.675038796151057e-05,0.11704570055007935
10074,adam,8.049829921219498e-05,0.13648314774036407
10075,adam,8.553332008887082e-05,0.15880100429058075
10076,adam,9.205593960359693e-05,0.1838749349117279
10077,adam,0.00010046956595033407,0.21168358623981476
10078,adam,0.00011062261182814837,0.24133436381816864
10079,adam,0.0001225349260494113,0.27168211340904236
10080,adam,0.00013469945406541228,0.30009931325912476
10081,adam,0.00014589150669053197,0.32357293367385864
10082,adam,0.00015243141388054937,0.3373834490776062
10083,adam,0.0001524068065918982,0.3373908996582031
10084,adam,0.000142805787618272,0.3191393315792084
10085,adam,0.0001255376701010391,0.28137630224227905
10086,adam,0.00010384283086750656,0.2252916693687439
10087,adam,8.42765366542153e-05,0.1567198485136032
10088,adam,7.181875116657466e-05,0.08620022237300873
10089,adam,6.867600313853472e-05,0.04827124997973442
10090,adam,7.330111839110032e-05,0.08650760352611542
10091,adam,8.163927850546315e-05,0.13345681130886078
10092,adam,8.90515511855483e-05,0.1653398871421814
10093,adam,9.197961480822414e-05,0.17750169336795807
10094,adam,8.934472862165421e-05,0.16935452818870544
10095,adam,8.242675539804623e-05,0.14293593168258667
10096,adam,7.441187335643917e-05,0.10283958911895752
10097,adam,6.844216113677248e-05,0.05542793124914169
10098,adam,6.636098260059953e-05,0.01606208086013794
10099,adam,6.799933180445805e-05,0.04487442970275879
10100,adam,7.163036934798583e-05,0.07919216901063919
10101,adam,7.500841456931084e-05,0.10152540355920792
10102,adam,7.641628326382488e-05,0.10962499678134918
10103,adam,7.534785981988534e-05,0.10376469790935516
10104,adam,7.247756002470851e-05,0.08582133799791336
10105,adam,6.921197928022593e-05,0.059390876442193985
10106,adam,6.689007568638772e-05,0.02921767719089985
10107,adam,6.619545456487685e-05,0.012817580252885818
10108,adam,6.695985211990774e-05,0.03491897135972977
10109,adam,6.840674177510664e-05,0.0552283339202404
10110,adam,6.962283077882603e-05,0.06741775572299957
10111,adam,6.998023309279233e-05,0.07030625641345978
10112,adam,6.938398291822523e-05,0.06449204683303833
10113,adam,6.818360270699486e-05,0.05140026658773422
10114,adam,6.695587944705039e-05,0.03352328762412071
10115,adam,6.618785846512765e-05,0.014224592596292496
10116,adam,6.607481191167608e-05,0.010809415951371193
10117,adam,6.648626003880054e-05,0.0262498427182436
10118,adam,6.708947330480441e-05,0.03857942298054695
10119,adam,6.753508205292746e-05,0.04556746780872345
10120,adam,6.761008262401447e-05,0.046679623425006866
10121,adam,6.731243047397584e-05,0.042450014501810074
10122,adam,6.680155638605356e-05,0.03385356068611145
10123,adam,6.630609277635813e-05,0.022523680701851845
10124,adam,6.600140477530658e-05,0.010414698161184788
10125,adam,6.595076411031187e-05,0.005890971515327692
10126,adam,6.609806587221101e-05,0.014819660224020481
10127,adam,6.631892756558955e-05,0.022435571998357773
10128,adam,6.6482498368714e-05,0.026929069310426712
10129,adam,6.651027069892734e-05,0.027879219502210617
10130,adam,6.639961065957323e-05,0.0256499070674181
10131,adam,6.620528438361362e-05,0.020710550248622894
10132,adam,6.601071800105274e-05,0.014052551239728928
10133,adam,6.58837307128124e-05,0.006680409889668226
10134,adam,6.585158553207293e-05,0.00289094727486372
10135,adam,6.589935219381005e-05,0.008380863815546036
10136,adam,6.598135223612189e-05,0.013228886760771275
10137,adam,6.60490186419338e-05,0.016314418986439705
10138,adam,6.606888928217813e-05,0.017273498699069023
10139,adam,6.603411020478234e-05,0.016357576474547386
10140,adam,6.596113962586969e-05,0.01372603327035904
10141,adam,6.587790267076343e-05,0.01001735869795084
10142,adam,6.581236084457487e-05,0.0057658785954117775
10143,adam,6.577886233571917e-05,0.0026113735511898994
10144,adam,6.577776366611943e-05,0.004315212834626436
10145,adam,6.57962664263323e-05,0.00732264993712306
10146,adam,6.581890920642763e-05,0.009630143642425537
10147,adam,6.583013600902632e-05,0.010783794336020947
10148,adam,6.582351488759741e-05,0.010849224403500557
10149,adam,6.579922774108127e-05,0.0097934789955616
10150,adam,6.576613668585196e-05,0.00796358473598957
10151,adam,6.573251448571682e-05,0.005480301566421986
10152,adam,6.570725236088037e-05,0.0027761885430663824
10153,adam,6.569363176822662e-05,0.000308653136016801
10154,adam,6.569051038241014e-05,0.002415519906207919
10155,adam,6.569331890204921e-05,0.004417765885591507
10156,adam,6.569633114850149e-05,0.0057481131516397
10157,adam,6.5694643126335e-05,0.0064649018459022045
10158,adam,6.568660319317132e-05,0.006449751555919647
10159,adam,6.567334639839828e-05,0.005912687163800001
10160,adam,6.56566844554618e-05,0.004871249198913574
10161,adam,6.564051727764308e-05,0.0036030341871082783
10162,adam,6.56267802696675e-05,0.002193981548771262
10163,adam,6.561666668858379e-05,0.0012466262560337782
10164,adam,6.561029294971377e-05,0.0016585540724918246
10165,adam,6.560577458003536e-05,0.002564361784607172
10166,adam,6.560231122421101e-05,0.0033887343015521765
10167,adam,6.559752364410087e-05,0.0038246603216975927
10168,adam,6.559042230946943e-05,0.003951589111238718
10169,adam,6.558094901265576e-05,0.00365164945833385
10170,adam,6.556967127835378e-05,0.003128558862954378
10171,adam,6.555856089107692e-05,0.0023639502469450235
10172,adam,6.554800347657874e-05,0.001692750840447843
10173,adam,6.553882849402726e-05,0.0013410808751359582
10174,adam,6.553144339704886e-05,0.001638269517570734
10175,adam,6.552507693413645e-05,0.002258987631648779
10176,adam,6.551958358613774e-05,0.002855462022125721
10177,adam,6.551418482558802e-05,0.003387200180441141
10178,adam,6.550816760864109e-05,0.003694213228300214
10179,adam,6.550101534230635e-05,0.0038394390139728785
10180,adam,6.549335375893861e-05,0.0038053435273468494
10181,adam,6.548538658535108e-05,0.0037573729641735554
10182,adam,6.547771045006812e-05,0.003700095461681485
10183,adam,6.547100929310545e-05,0.0037062382325530052
10184,adam,6.546433723997325e-05,0.0037855578120797873
10185,adam,6.545871292473748e-05,0.003987588454037905
10186,adam,6.545414362335578e-05,0.0043077063746750355
10187,adam,6.54501054668799e-05,0.004682426806539297
10188,adam,6.544680218212306e-05,0.00513956556096673
10189,adam,6.544495408888906e-05,0.005628140177577734
10190,adam,6.54436880722642e-05,0.006200102623552084
10191,adam,6.54438481433317e-05,0.0068099116906523705
10192,adam,6.544540519826114e-05,0.00750400684773922
10193,adam,6.544857751578093e-05,0.008262544870376587
10194,adam,6.545487849507481e-05,0.009148779325187206
10195,adam,6.546508666360751e-05,0.010154696181416512
10196,adam,6.548023520736024e-05,0.011335650458931923
10197,adam,6.550262332893908e-05,0.012701462022960186
10198,adam,6.553465937031433e-05,0.014299453236162663
10199,adam,6.557834421982989e-05,0.016114676371216774
10200,adam,6.56357515254058e-05,0.0181640163064003
10201,adam,6.571190897375345e-05,0.020478591322898865
10202,adam,6.58124263281934e-05,0.023114588111639023
10203,adam,6.594356091227382e-05,0.026106461882591248
10204,adam,6.611570279346779e-05,0.02950536459684372
10205,adam,6.633884913753718e-05,0.03336929902434349
10206,adam,6.663223030045629e-05,0.03780248016119003
10207,adam,6.70157460262999e-05,0.04289497062563896
10208,adam,6.752233457518741e-05,0.04876721650362015
10209,adam,6.818560359533876e-05,0.05553298816084862
10210,adam,6.906208727741614e-05,0.06331204622983932
10211,adam,7.020272460067645e-05,0.07223538309335709
10212,adam,7.170096068875864e-05,0.08241575211286545
10213,adam,7.362457836279646e-05,0.09398938715457916
10214,adam,7.612474291818216e-05,0.10704133659601212
10215,adam,7.926286343717948e-05,0.12165141105651855
10216,adam,8.32324949442409e-05,0.13770616054534912
10217,adam,8.797776536084712e-05,0.15506622195243835
10218,adam,9.365058213006705e-05,0.17320390045642853
10219,adam,9.980548929888755e-05,0.19147734344005585
10220,adam,0.00010631285840645432,0.20857037603855133
10221,adam,0.000111949018901214,0.22308851778507233
10222,adam,0.00011616905976552516,0.23286865651607513
10223,adam,0.00011710492253769189,0.23596003651618958
10224,adam,0.00011446572170825675,0.23008720576763153
10225,adam,0.00010738935088738799,0.2141619622707367
10226,adam,9.736698848428205e-05,0.18775130808353424
10227,adam,8.594152313889936e-05,0.15232542157173157
10228,adam,7.576349162263796e-05,0.11034194380044937
10229,adam,6.869064964121208e-05,0.06593802571296692
10230,adam,6.565763760590926e-05,0.027248090133070946
10231,adam,6.63250611978583e-05,0.033593058586120605
10232,adam,6.9435678597074e-05,0.06522254645824432
10233,adam,7.335383997997269e-05,0.09179853647947311
10234,adam,7.652474596397951e-05,0.10951252281665802
10235,adam,7.798383012413979e-05,0.1175786703824997
10236,adam,7.733106758678332e-05,0.1160048171877861
10237,adam,7.501465734094381e-05,0.10585986822843552
10238,adam,7.181416731327772e-05,0.08882635831832886
10239,adam,6.874706741655245e-05,0.06737856566905975
10240,adam,6.656366167590022e-05,0.044881392270326614
10241,adam,6.561459304066375e-05,0.02741144597530365
10242,adam,6.580460467375815e-05,0.02715344913303852
10243,adam,6.671626033494249e-05,0.03984268754720688
10244,adam,6.781352567486465e-05,0.05250829830765724
10245,adam,6.862365262350067e-05,0.0610688179731369
10246,adam,6.888891948619857e-05,0.06463153660297394
10247,adam,6.856096297269687e-05,0.06322860717773438
10248,adam,6.781543925171718e-05,0.057629719376564026
10249,adam,6.69117653160356e-05,0.048963762819767
10250,adam,6.611165008507669e-05,0.03879188373684883
10251,adam,6.558375753229484e-05,0.029062405228614807
10252,adam,6.537718581967056e-05,0.022540923207998276
10253,adam,6.543554627569392e-05,0.02180972509086132
10254,adam,6.564106297446415e-05,0.0253901369869709
10255,adam,6.586584640899673e-05,0.02984928898513317
10256,adam,6.600903725484386e-05,0.03310219198465347
10257,adam,6.602503708563745e-05,0.034494031220674515
10258,adam,6.59167199046351e-05,0.03393731638789177
10259,adam,6.572860002052039e-05,0.031727053225040436
10260,adam,6.551670230692253e-05,0.028375744819641113
10261,adam,6.533071427838877e-05,0.02445768006145954
10262,adam,6.519979069707915e-05,0.020678075030446053
10263,adam,6.512943218695e-05,0.017627060413360596
10264,adam,6.510844832519069e-05,0.01592976786196232
10265,adam,6.511500396300107e-05,0.015496351756155491
10266,adam,6.512680556625128e-05,0.01593821309506893
10267,adam,6.51291265967302e-05,0.016568219289183617
10268,adam,6.511652463814244e-05,0.017086291685700417
10269,adam,6.50897782179527e-05,0.017246687784790993
10270,adam,6.505590863525867e-05,0.017038457095623016
10271,adam,6.502120959339663e-05,0.01652440056204796
10272,adam,6.498794391518459e-05,0.015678588300943375
10273,adam,6.495765410363674e-05,0.014603793621063232
10274,adam,6.493007822427899e-05,0.013277223333716393
10275,adam,6.490429223049432e-05,0.011887569911777973
10276,adam,6.48789937258698e-05,0.010412681847810745
10277,adam,6.485531048383564e-05,0.00913222786039114
10278,adam,6.483397010015324e-05,0.008133817464113235
10279,adam,6.481643504230306e-05,0.007697182707488537
10280,adam,6.480376032413915e-05,0.007750393822789192
10281,adam,6.479566945927218e-05,0.00817827694118023
10282,adam,6.479027797468007e-05,0.008745904080569744
10283,adam,6.478683644672856e-05,0.009198855608701706
10284,adam,6.47816268610768e-05,0.009417886845767498
10285,adam,6.477308488683775e-05,0.009241556748747826
10286,adam,6.476081034634262e-05,0.008778486400842667
10287,adam,6.474493420682847e-05,0.007948046550154686
10288,adam,6.472715176641941e-05,0.006919135805219412
10289,adam,6.470820517279208e-05,0.005652418360114098
10290,adam,6.469053914770484e-05,0.00443514296784997
10291,adam,6.467597995651886e-05,0.0033620737958699465
10292,adam,6.466495688073337e-05,0.0028839651495218277
10293,adam,6.465706246672198e-05,0.003150319680571556
10294,adam,6.465233309427276e-05,0.0038474921602755785
10295,adam,6.464903708547354e-05,0.004618637263774872
10296,adam,6.464578473242e-05,0.0052025760523974895
10297,adam,6.464147008955479e-05,0.00559226656332612
10298,adam,6.463486352004111e-05,0.005657319910824299
10299,adam,6.462656165240332e-05,0.005520639941096306
10300,adam,6.461585144279525e-05,0.005095411092042923
10301,adam,6.460420991061255e-05,0.004512443207204342
10302,adam,6.459164433181286e-05,0.00369277480058372
10303,adam,6.457955169025809e-05,0.0028489260002970695
10304,adam,6.456860865000635e-05,0.0019338513957336545
10305,adam,6.455900438595563e-05,0.0011614518007263541
10306,adam,6.455049151554704e-05,0.0005741964560002089
10307,adam,6.45428808638826e-05,0.0007528646965511143
10308,adam,6.453608511947095e-05,0.0013380940072238445
10309,adam,6.452978414017707e-05,0.0018751509487628937
10310,adam,6.45239488221705e-05,0.002352535491809249
10311,adam,6.451757508330047e-05,0.0026178606785833836
10312,adam,6.451048830058426e-05,0.002807215554639697
10313,adam,6.450311047956347e-05,0.002824896713718772
10314,adam,6.449529610108584e-05,0.0028060423210263252
10315,adam,6.44872197881341e-05,0.002640227321535349
10316,adam,6.44787069177255e-05,0.0024450707715004683
10317,adam,6.4470135839656e-05,0.00212022359482944
10318,adam,6.44615211058408e-05,0.001807594089768827
10319,adam,6.44532119622454e-05,0.0014345356030389667
10320,adam,6.444486643886194e-05,0.001132878940552473
10321,adam,6.443696474889293e-05,0.0008436470525339246
10322,adam,6.44293031655252e-05,0.0006628994597122073
10323,adam,6.442160520236939e-05,0.0005764158559031785
10324,adam,6.441381992772222e-05,0.0005655934219248593
10325,adam,6.440653669415042e-05,0.0006479518488049507
10326,adam,6.439910066546872e-05,0.0006836361717432737
10327,adam,6.439143908210099e-05,0.0007502367370761931
10328,adam,6.438371929107234e-05,0.0007140604429878294
10329,adam,6.437630509026349e-05,0.0007169707678258419
10330,adam,6.436869443859905e-05,0.0006568085518665612
10331,adam,6.436091643990949e-05,0.0006567539530806243
10332,adam,6.435328396037221e-05,0.0005907882587052882
10333,adam,6.434586248360574e-05,0.0005615006084553897
10334,adam,6.433802627725527e-05,0.0004932830925099552
10335,adam,6.43306557321921e-05,0.0004767250793520361
10336,adam,6.432323425542563e-05,0.00044256498222239316
10337,adam,6.431532528949901e-05,0.0004329575749579817
10338,adam,6.430796202039346e-05,0.00040474595152772963
10339,adam,6.430038047255948e-05,0.0003944259660784155
10340,adam,6.429287168430164e-05,0.0003768628812395036
10341,adam,6.42852028249763e-05,0.00035282771568745375
10342,adam,6.427742482628673e-05,0.0003071058599743992
10343,adam,6.427026528399438e-05,0.0002880436077248305
10344,adam,6.426225445466116e-05,0.0002671762485988438
10345,adam,6.425481115002185e-05,0.0002515729865990579
10346,adam,6.424738239729777e-05,0.00025933742290362716
10347,adam,6.423969171009958e-05,0.00027243970544077456
10348,adam,6.423212471418083e-05,0.0003491814131848514
10349,adam,6.422452861443162e-05,0.00039243645733222365
10350,adam,6.421721627702937e-05,0.00047646582243032753
10351,adam,6.420948193408549e-05,0.0004891831777058542
10352,adam,6.42021041130647e-05,0.0005556720425374806
10353,adam,6.419447890948504e-05,0.0005924390279687941
10354,adam,6.418731209123507e-05,0.0007085082470439374
10355,adam,6.417938857339323e-05,0.0008142757578752935
10356,adam,6.417203258024529e-05,0.0009300999226979911
10357,adam,6.416501855710521e-05,0.0009844213491305709
10358,adam,6.415724783437327e-05,0.0010569554287940264
10359,adam,6.415002280846238e-05,0.0011340443743392825
10360,adam,6.414247036445886e-05,0.0012400789419189095
10361,adam,6.413486698875204e-05,0.0013143930118530989
10362,adam,6.412767106667161e-05,0.0013709800550714135
10363,adam,6.412016227841377e-05,0.0013763405149802566
10364,adam,6.411259528249502e-05,0.0013983191456645727
10365,adam,6.410523201338947e-05,0.0014286539517343044
10366,adam,6.409771594917402e-05,0.001498154946602881
10367,adam,6.409018533304334e-05,0.0015284904511645436
10368,adam,6.408297485904768e-05,0.001541178091429174
10369,adam,6.407548062270507e-05,0.0015029284404590726
10370,adam,6.406761531252414e-05,0.0014777033356949687
10371,adam,6.405973545042798e-05,0.0014312659623101354
10372,adam,6.405222666217014e-05,0.0014172664377838373
10373,adam,6.404485611710697e-05,0.0014022605028003454
10374,adam,6.403690349543467e-05,0.0014256294816732407
10375,adam,6.402950384654105e-05,0.001402264111675322
10376,adam,6.402192957466468e-05,0.0014233735855668783
10377,adam,6.401454447768629e-05,0.0014352899743244052
10378,adam,6.400699930964038e-05,0.0014808146515861154
10379,adam,6.399938138201833e-05,0.0014855996705591679
10380,adam,6.3991617935244e-05,0.0015447764890268445
10381,adam,6.398467667168006e-05,0.0015672327717766166
10382,adam,6.397699326043949e-05,0.0016317709814757109
10383,adam,6.396959361154586e-05,0.0016666753217577934
10384,adam,6.396217941073701e-05,0.0017870526062324643
10385,adam,6.395523814717308e-05,0.0018838540418073535
10386,adam,6.394806405296549e-05,0.0020510272588580847
10387,adam,6.394091178663075e-05,0.002187935635447502
10388,adam,6.393389776349068e-05,0.0023900195956230164
10389,adam,6.39269346720539e-05,0.002566960407420993
10390,adam,6.392048089765012e-05,0.002817301545292139
10391,adam,6.391394708771259e-05,0.0030387460719794035
10392,adam,6.390760972863063e-05,0.003319434355944395
10393,adam,6.390162161551416e-05,0.003584437072277069
10394,adam,6.38957426417619e-05,0.003930608741939068
10395,adam,6.389026384567842e-05,0.004261106718331575
10396,adam,6.38854835415259e-05,0.004681464750319719
10397,adam,6.38810233795084e-05,0.00510061951354146
10398,adam,6.387741450453177e-05,0.005613730754703283
10399,adam,6.387480243574828e-05,0.006163257174193859
10400,adam,6.387371831806377e-05,0.006807060446590185
10401,adam,6.387325993273407e-05,0.007467533927410841
10402,adam,6.387473695212975e-05,0.008243225514888763
10403,adam,6.387828761944547e-05,0.009074972942471504
10404,adam,6.388479232555255e-05,0.010060797445476055
10405,adam,6.389552436303347e-05,0.01118145789951086
10406,adam,6.391206261469051e-05,0.012531278654932976
10407,adam,6.393550575012341e-05,0.014050032012164593
10408,adam,6.396772369043902e-05,0.015817411243915558
10409,adam,6.401097198249772e-05,0.01779800094664097
10410,adam,6.40685684629716e-05,0.0200942512601614
10411,adam,6.414534436771646e-05,0.02266797050833702
10412,adam,6.424631283152848e-05,0.025644149631261826
10413,adam,6.438011769205332e-05,0.029039544984698296
10414,adam,6.455799302784726e-05,0.03299694135785103
10415,adam,6.479258445324376e-05,0.037511635571718216
10416,adam,6.51032678433694e-05,0.042760495096445084
10417,adam,6.551481055794284e-05,0.04878547787666321
10418,adam,6.605852831853554e-05,0.05576297640800476
10419,adam,6.677490455331281e-05,0.06373804062604904
10420,adam,6.77197240293026e-05,0.07295172661542892
10421,adam,6.895851402077824e-05,0.08344501256942749
10422,adam,7.057460607029498e-05,0.09545191377401352
10423,adam,7.26727448636666e-05,0.10901743173599243
10424,adam,7.537454075645655e-05,0.1243671178817749
10425,adam,7.879908662289381e-05,0.14137648046016693
10426,adam,8.306378003908321e-05,0.1601223349571228
10427,adam,8.821975643513724e-05,0.18011020123958588
10428,adam,9.422499715583399e-05,0.2010040581226349
10429,adam,0.00010082223889185116,0.22158829867839813
10430,adam,0.0001074949832400307,0.2407679259777069
10431,adam,0.00011331435962347314,0.256207674741745
10432,adam,0.00011710276885423809,0.2659570276737213
10433,adam,0.00011752332648029551,0.2670060098171234
10434,adam,0.00011370127322152257,0.2575750946998596
10435,adam,0.00010555504559306428,0.2357974350452423
10436,adam,9.435443644179031e-05,0.20213532447814941
10437,adam,8.233090920839459e-05,0.15799789130687714
10438,adam,7.211031334009022e-05,0.10690983384847641
10439,adam,6.563874921994284e-05,0.05303909629583359
10440,adam,6.360733095789328e-05,0.006844751536846161
10441,adam,6.536991713801399e-05,0.04789625108242035
10442,adam,6.936248246347532e-05,0.08663853257894516
10443,adam,7.369853119598702e-05,0.1149263009428978
10444,adam,7.67616875236854e-05,0.13136495649814606
10445,adam,7.75867811171338e-05,0.13562476634979248
10446,adam,7.605697464896366e-05,0.12818214297294617
10447,adam,7.282219303306192e-05,0.11059704422950745
10448,adam,6.900685548316687e-05,0.08514023572206497
10449,adam,6.576623854925856e-05,0.0548153892159462
10450,adam,6.388018664438277e-05,0.022828370332717896
10451,adam,6.355610821628943e-05,0.00885175820440054
10452,adam,6.446974293794483e-05,0.03545669466257095
10453,adam,6.596982711926103e-05,0.0566520132124424
10454,adam,6.734751514159143e-05,0.07081153243780136
10455,adam,6.808160833315924e-05,0.07734575867652893
10456,adam,6.796251545893028e-05,0.0764605849981308
10457,adam,6.710604066029191e-05,0.0688888430595398
10458,adam,6.58529534121044e-05,0.05594611167907715
10459,adam,6.462247256422415e-05,0.039267364889383316
10460,adam,6.375762313837186e-05,0.02071772888302803
10461,adam,6.342221604427323e-05,0.0022476636804640293
10462,adam,6.357540405588225e-05,0.014730418100953102
10463,adam,6.40306097920984e-05,0.028650235384702682
10464,adam,6.454507820308208e-05,0.03872831165790558
10465,adam,6.490591476904228e-05,0.04448303207755089
10466,adam,6.499252776848152e-05,0.04579698294401169
10467,adam,6.480005686171353e-05,0.04305453971028328
10468,adam,6.441691948566586e-05,0.03689636290073395
10469,adam,6.397622200893238e-05,0.028230901807546616
10470,adam,6.360623228829354e-05,0.01802227832376957
10471,adam,6.33893214398995e-05,0.007368811406195164
10472,adam,6.334633508231491e-05,0.003267372725531459
10473,adam,6.343921995721757e-05,0.012048482894897461
10474,adam,6.359889812301844e-05,0.01913512498140335
10475,adam,6.374968506861478e-05,0.023941006511449814
10476,adam,6.383359868777916e-05,0.02632172219455242
10477,adam,6.382720312103629e-05,0.026320388540625572
10478,adam,6.374076474457979e-05,0.02424904890358448
10479,adam,6.360485713230446e-05,0.020439863204956055
10480,adam,6.346029113046825e-05,0.015396607108414173
10481,adam,6.334317731671035e-05,0.009593629278242588
10482,adam,6.327565643005073e-05,0.0036516780965030193
10483,adam,6.326098809950054e-05,0.0020066185388714075
10484,adam,6.328619201667607e-05,0.006848027464002371
10485,adam,6.332983321044594e-05,0.010708990506827831
10486,adam,6.337129889288917e-05,0.013340710662305355
10487,adam,6.3393272284884e-05,0.014736346900463104
10488,adam,6.33898816886358e-05,0.014872381463646889
10489,adam,6.336150545394048e-05,0.013908985070884228
10490,adam,6.331675103865564e-05,0.011983090080320835
10491,adam,6.326673610601574e-05,0.009388475678861141
10492,adam,6.322299304883927e-05,0.006328741554170847
10493,adam,6.31923830951564e-05,0.003125072456896305
10494,adam,6.317764200503007e-05,0.00039962242590263486
10495,adam,6.317626684904099e-05,0.002925052773207426
10496,adam,6.31837610853836e-05,0.005281103774905205
10497,adam,6.319236126728356e-05,0.006984323728829622
10498,adam,6.31973089184612e-05,0.008064697496592999
10499,adam,6.319485692074522e-05,0.008468173444271088
10500,adam,6.318566738627851e-05,0.008305725641548634
10501,adam,6.3170118664857e-05,0.0076115611009299755
10502,adam,6.315085920505226e-05,0.0065391333773732185
10503,adam,6.31313378107734e-05,0.005125163123011589
10504,adam,6.31134826107882e-05,0.0035582222044467926
10505,adam,6.309967284323648e-05,0.001896941801533103
10506,adam,6.309013406280428e-05,0.00041670483187772334
10507,adam,6.308336014626548e-05,0.0012062406167387962
10508,adam,6.307963485596702e-05,0.002435550792142749
10509,adam,6.307702278718352e-05,0.003456847509369254
10510,adam,6.307371222646907e-05,0.004143368918448687
10511,adam,6.30689537501894e-05,0.004531723912805319
10512,adam,6.306202703854069e-05,0.004592426121234894
10513,adam,6.305317219812423e-05,0.004397236742079258
10514,adam,6.304278940660879e-05,0.003917775582522154
10515,adam,6.303195550572127e-05,0.0032700051087886095
10516,adam,6.302075780695304e-05,0.0024864349979907274
10517,adam,6.301121902652085e-05,0.0016929216217249632
10518,adam,6.300245149759576e-05,0.0008883073460310698
10519,adam,6.299445522017777e-05,0.00028385769110172987
10520,adam,6.298747757682577e-05,0.0006551269325427711
10521,adam,6.298115476965904e-05,0.001233564456924796
10522,adam,6.297484651440755e-05,0.0017474426422268152
10523,adam,6.296882929746062e-05,0.0021098137367516756
10524,adam,6.296235369518399e-05,0.002334160730242729
10525,adam,6.295480852713808e-05,0.0024052730295807123
10526,adam,6.294772902037948e-05,0.002402554266154766
10527,adam,6.294022750807926e-05,0.0023010612931102514
10528,adam,6.293249316513538e-05,0.0021365468855947256
10529,adam,6.292435864452273e-05,0.0018521619495004416
10530,adam,6.291591125773266e-05,0.0015177825698629022
10531,adam,6.290815508691594e-05,0.0011689626844599843
10532,adam,6.290039891609922e-05,0.0008769592386670411
10533,adam,6.28924899501726e-05,0.0007314052782021463
10534,adam,6.288565782597288e-05,0.000728856073692441
10535,adam,6.287824362516403e-05,0.0009436773252673447
10536,adam,6.287144788075238e-05,0.0011551707284525037
10537,adam,6.286436837399378e-05,0.0013988360296934843
10538,adam,6.285728159127757e-05,0.0015330648748204112
10539,adam,6.285052222665399e-05,0.0016845135251060128
10540,adam,6.284317350946367e-05,0.001741971354931593
10541,adam,6.283570837695152e-05,0.0017843696987256408
10542,adam,6.282878894126043e-05,0.0017059469828382134
10543,adam,6.282091635512188e-05,0.0016430251998826861
10544,adam,6.28134366706945e-05,0.0015211066929623485
10545,adam,6.280621164478362e-05,0.0014882661635056138
10546,adam,6.279894296312705e-05,0.0014191638911142945
10547,adam,6.279189983615652e-05,0.0014318530447781086
10548,adam,6.278431101236492e-05,0.0014125385787338018
10549,adam,6.277737702475861e-05,0.0014874764019623399
10550,adam,6.27705521765165e-05,0.0015229558339342475
10551,adam,6.276351632550359e-05,0.001636939006857574
10552,adam,6.275650230236351e-05,0.001724001718685031
10553,adam,6.275009945966303e-05,0.0019033902790397406
10554,adam,6.274335464695469e-05,0.0020771927665919065
10555,adam,6.27375629846938e-05,0.002344517968595028
10556,adam,6.273158942349255e-05,0.002578911604359746
10557,adam,6.27252520644106e-05,0.002872542245313525
10558,adam,6.272023165365681e-05,0.0031347747426480055
10559,adam,6.271510937949643e-05,0.003476649522781372
10560,adam,6.27105837338604e-05,0.003814278170466423
10561,adam,6.270654557738453e-05,0.004262865521013737
10562,adam,6.270367157412693e-05,0.004708726424723864
10563,adam,6.270154699450359e-05,0.005261605605483055
10564,adam,6.270082667469978e-05,0.005829853471368551
10565,adam,6.270225276239216e-05,0.006529590580612421
10566,adam,6.270559242693707e-05,0.007268806919455528
10567,adam,6.27113549853675e-05,0.008170139975845814
10568,adam,6.272113387240097e-05,0.00911008846014738
10569,adam,6.273445615079254e-05,0.010216319002211094
10570,adam,6.275354826357216e-05,0.011392300948500633
10571,adam,6.277885404415429e-05,0.012774090282619
10572,adam,6.281250534811988e-05,0.01428004540503025
10573,adam,6.285861309152097e-05,0.01606542244553566
10574,adam,6.291992031037807e-05,0.018036263063549995
10575,adam,6.300034146988764e-05,0.02034696936607361
10576,adam,6.310566095635295e-05,0.02291516773402691
10577,adam,6.324239075183868e-05,0.025886913761496544
10578,adam,6.341936386888847e-05,0.02918720617890358
10579,adam,6.364718865370378e-05,0.03298600763082504
10580,adam,6.394131924025714e-05,0.03723181411623955
10581,adam,6.431807560147718e-05,0.042090002447366714
10582,adam,6.479969306383282e-05,0.04749138653278351
10583,adam,6.541470065712929e-05,0.05363805219531059
10584,adam,6.620056956307963e-05,0.06052389740943909
10585,adam,6.719947123201564e-05,0.06831930577754974
10586,adam,6.8454843130894e-05,0.076936274766922
10587,adam,7.001509220572188e-05,0.08648950606584549
10588,adam,7.192016346380115e-05,0.09683307260274887
10589,adam,7.420220936182886e-05,0.10795813053846359
10590,adam,7.685480522923172e-05,0.1195610910654068
10591,adam,7.981842645676807e-05,0.13134969770908356
10592,adam,8.29273194540292e-05,0.14264322817325592
10593,adam,8.591042569605634e-05,0.1527205854654312
10594,adam,8.835527114570141e-05,0.16050854325294495
10595,adam,8.978315599961206e-05,0.16491827368736267
10596,adam,8.969146438175812e-05,0.1646985411643982
10597,adam,8.77835409482941e-05,0.1589048206806183
10598,adam,8.4066872659605e-05,0.14688780903816223
10599,adam,7.902045763330534e-05,0.12875978648662567
10600,adam,7.346856727963313e-05,0.10519194602966309
10601,adam,6.840658170403913e-05,0.07768487930297852
10602,adam,6.467278581112623e-05,0.048045504838228226
10603,adam,6.271441816352308e-05,0.018556345254182816
10604,adam,6.250216392800212e-05,0.0105888731777668
10605,adam,6.36110853520222e-05,0.03457096964120865
10606,adam,6.539314927067608e-05,0.05439057573676109
10607,adam,6.717255018884316e-05,0.0687437504529953
10608,adam,6.840850255684927e-05,0.07726768404245377
10609,adam,6.878848944325e-05,0.07978028804063797
10610,adam,6.827285687904805e-05,0.0766821876168251
10611,adam,6.70583758619614e-05,0.06849288195371628
10612,adam,6.550885154865682e-05,0.05633336678147316
10613,adam,6.40254293102771e-05,0.041346173733472824
10614,adam,6.292810576269403e-05,0.025018617510795593
10615,adam,6.237788329599425e-05,0.008804134093225002
10616,adam,6.236567423911765e-05,0.007785802707076073
10617,adam,6.274524639593437e-05,0.020818078890442848
10618,adam,6.329835741780698e-05,0.0312919095158577
10619,adam,6.380533886840567e-05,0.03855214640498161
10620,adam,6.410450441762805e-05,0.04227295145392418
10621,adam,6.412551738321781e-05,0.04265795275568962
10622,adam,6.388787733158097e-05,0.039924610406160355
10623,adam,6.34776588412933e-05,0.03469312936067581
10624,adam,6.301199027802795e-05,0.027457257732748985
10625,adam,6.260512600420043e-05,0.019064441323280334
10626,adam,6.233341264305636e-05,0.010124653577804565
10627,adam,6.222593219717965e-05,0.0016366849886253476
10628,adam,6.226266850717366e-05,0.006646357476711273
10629,adam,6.239242065930739e-05,0.013278770260512829
10630,adam,6.255074549699202e-05,0.018390890210866928
10631,adam,6.268002471188083e-05,0.021673528477549553
10632,adam,6.274080806178972e-05,0.023180849850177765
10633,adam,6.272159953368828e-05,0.022905966266989708
10634,adam,6.263422255869955e-05,0.021155450493097305
10635,adam,6.250449951039627e-05,0.018080763518810272
10636,adam,6.2365441408474e-05,0.014126501977443695
10637,adam,6.22481238679029e-05,0.009562255814671516
10638,adam,6.217105692485347e-05,0.004900116939097643
10639,adam,6.213951564859599e-05,0.0007605216815136373
10640,adam,6.214639142854139e-05,0.0038342480547726154
10641,adam,6.217705958988518e-05,0.007254458963871002
10642,adam,6.221538205863908e-05,0.009822703897953033
10643,adam,6.224507524166256e-05,0.011552113108336926
10644,adam,6.225736433407292e-05,0.012300760485231876
10645,adam,6.224820390343666e-05,0.012234746478497982
10646,adam,6.222086813068017e-05,0.0113430330529809
10647,adam,6.218156340764835e-05,0.009875242598354816
10648,adam,6.2139006331563e-05,0.007877570576965809
10649,adam,6.210074207047e-05,0.005643849726766348
10650,adam,6.207213300513104e-05,0.0032649049535393715
10651,adam,6.205509271239862e-05,0.0010919097112491727
10652,adam,6.204874080140144e-05,0.001385180396027863
10653,adam,6.204948294907808e-05,0.00315727642737329
10654,adam,6.205419049365446e-05,0.004694671835750341
10655,adam,6.205888348631561e-05,0.005767319817095995
10656,adam,6.206014222698286e-05,0.00646972144022584
10657,adam,6.205617683008313e-05,0.006692434195429087
10658,adam,6.20478531345725e-05,0.006583371665328741
10659,adam,6.203403609106317e-05,0.006050145719200373
10660,adam,6.20177888777107e-05,0.005267346743494272
10661,adam,6.200093048391864e-05,0.004214395768940449
10662,adam,6.198584742378443e-05,0.003092134604230523
10663,adam,6.197268521646038e-05,0.0018751751631498337
10664,adam,6.196227332111448e-05,0.0007873335853219032
10665,adam,6.195488822413608e-05,0.0005643881158903241
10666,adam,6.194965681061149e-05,0.0014155319659039378
10667,adam,6.194519664859399e-05,0.002275706036016345
10668,adam,6.19416096014902e-05,0.0028949014376848936
10669,adam,6.193725857883692e-05,0.0033580393064767122
10670,adam,6.19318088865839e-05,0.0035496067721396685
10671,adam,6.192467117216438e-05,0.0035878054331988096
10672,adam,6.191638385644183e-05,0.0033682892099022865
10673,adam,6.190746353240684e-05,0.003048691200092435
10674,adam,6.189753185026348e-05,0.002558480016887188
10675,adam,6.188794213812798e-05,0.0020491222385317087
10676,adam,6.18787671555765e-05,0.0014296222943812609
10677,adam,6.187057442730293e-05,0.0008734458824619651
10678,adam,6.186280370457098e-05,0.0003594261361286044
10679,adam,6.185569509398192e-05,0.00041188873001374304
10680,adam,6.18490666965954e-05,0.0008223890326917171
10681,adam,6.184299127198756e-05,0.0011614307295531034
10682,adam,6.183647928992286e-05,0.0014716647565364838
10683,adam,6.182988727232441e-05,0.001625474775210023
10684,adam,6.182317156344652e-05,0.001748724956996739
10685,adam,6.181626667967066e-05,0.001753350137732923
10686,adam,6.180923082865775e-05,0.001767601352185011
10687,adam,6.180160562507808e-05,0.0016537418123334646
10688,adam,6.179410411277786e-05,0.001511179842054844
10689,adam,6.178618787089363e-05,0.0012671882286667824
10690,adam,6.177873001433909e-05,0.0010882921051234007
10691,adam,6.17710902588442e-05,0.0008925989386625588
10692,adam,6.176413444336504e-05,0.0008351988508366048
10693,adam,6.17570840404369e-05,0.0008031493634916842
10694,adam,6.17501646047458e-05,0.0008966712048277259
10695,adam,6.174338341224939e-05,0.0010412217816337943
10696,adam,6.173657311592251e-05,0.0012299437075853348
10697,adam,6.173049769131467e-05,0.0014121856074780226
10698,adam,6.172351277200505e-05,0.0015726186102256179
10699,adam,6.171705172164366e-05,0.001744590699672699
10700,adam,6.171040877234191e-05,0.0018993915291503072
10701,adam,6.170370033942163e-05,0.002030465751886368
10702,adam,6.169730477267876e-05,0.0021341589745134115
10703,adam,6.169016705825925e-05,0.002221819246187806
10704,adam,6.168346590129659e-05,0.0023041642270982265
10705,adam,6.167637911858037e-05,0.0023954170756042004
10706,adam,6.166965613374487e-05,0.002491805236786604
10707,adam,6.166266393847764e-05,0.0025512161664664745
10708,adam,6.16561301285401e-05,0.0026363052893429995
10709,adam,6.164914520923048e-05,0.0027250200510025024
10710,adam,6.164252408780158e-05,0.0028472149278968573
10711,adam,6.163583020679653e-05,0.0029369608964771032
10712,adam,6.162908539408818e-05,0.0030586805660277605
10713,adam,6.162277713883668e-05,0.003171500749886036
10714,adam,6.16165270912461e-05,0.0033530110958963633
10715,adam,6.161008786875755e-05,0.0035120099782943726
10716,adam,6.160401972010732e-05,0.0037245017010718584
10717,adam,6.159845361253247e-05,0.003935857210308313
10718,adam,6.159266195027158e-05,0.004212037660181522
10719,adam,6.158771429909393e-05,0.004475519526749849
10720,adam,6.158267933642492e-05,0.004796664696186781
10721,adam,6.157802272355184e-05,0.005100763402879238
10722,adam,6.157423922559246e-05,0.005498952232301235
10723,adam,6.157072493806481e-05,0.0059323604218661785
10724,adam,6.15682074567303e-05,0.0064582256600260735
10725,adam,6.156673771329224e-05,0.00698512140661478
10726,adam,6.156593735795468e-05,0.00757239805534482
10727,adam,6.156625022413209e-05,0.008167003281414509
10728,adam,6.156755989650264e-05,0.008843863382935524
10729,adam,6.157044845167547e-05,0.009561646729707718
10730,adam,6.157645839266479e-05,0.010435414500534534
10731,adam,6.158561154734343e-05,0.011409392580389977
10732,adam,6.159863551147282e-05,0.012545048259198666
10733,adam,6.161689088912681e-05,0.013781789690256119
10734,adam,6.164021760923788e-05,0.01519535481929779
10735,adam,6.167097308207303e-05,0.016739968210458755
10736,adam,6.171067070681602e-05,0.01850687712430954
10737,adam,6.176126771606505e-05,0.02044033445417881
10738,adam,6.182515062391758e-05,0.02262456715106964
10739,adam,6.19061102042906e-05,0.025051850825548172
10740,adam,6.201032374519855e-05,0.027847005054354668
10741,adam,6.21440340182744e-05,0.030998358502984047
10742,adam,6.231499719433486e-05,0.03460964560508728
10743,adam,6.253297033254057e-05,0.03865819424390793
10744,adam,6.281109381234273e-05,0.04328469932079315
10745,adam,6.316450890153646e-05,0.04847404360771179
10746,adam,6.361400301102549e-05,0.05437173694372177
10747,adam,6.418592965928838e-05,0.060997311025857925
10748,adam,6.49099238216877e-05,0.06850022077560425
10749,adam,6.582046626135707e-05,0.07684491574764252
10750,adam,6.695462070638314e-05,0.08615118265151978
10751,adam,6.835574458818883e-05,0.09635327011346817
10752,adam,7.006795931374654e-05,0.10756850987672806
10753,adam,7.212417403934523e-05,0.11958017200231552
10754,adam,7.453431317117065e-05,0.1323617547750473
10755,adam,7.728332275291905e-05,0.14549654722213745
10756,adam,8.02897775429301e-05,0.1587269902229309
10757,adam,8.338796760654077e-05,0.171200692653656
10758,adam,8.629236253909767e-05,0.18225006759166718
10759,adam,8.86152483872138e-05,0.1905403733253479
10760,adam,8.990406786324456e-05,0.19515037536621094
10761,adam,8.972631621873006e-05,0.1945846974849701
10762,adam,8.780150528764352e-05,0.1880781352519989
10763,adam,8.41459259390831e-05,0.174730584025383
10764,adam,7.917884067865089e-05,0.15481798350811005
10765,adam,7.365142664639279e-05,0.12890739738941193
10766,adam,6.847369513707235e-05,0.09861680120229721
10767,adam,6.443144229706377e-05,0.06572282314300537
10768,adam,6.200557254487649e-05,0.03249574825167656
10769,adam,6.126391235738993e-05,0.005462023429572582
10770,adam,6.191193824633956e-05,0.02932860143482685
10771,adam,6.341834523482248e-05,0.053362518548965454
10772,adam,6.51731388643384e-05,0.07197443395853043
10773,adam,6.663049862254411e-05,0.08449389040470123
10774,adam,6.742194818798453e-05,0.09066876024007797
10775,adam,6.739381205989048e-05,0.0906899943947792
10776,adam,6.661497900495306e-05,0.08499655872583389
10777,adam,6.532870611408725e-05,0.07447751611471176
10778,adam,6.38670171611011e-05,0.060164567083120346
10779,adam,6.255653715925291e-05,0.043399229645729065
10780,adam,6.163619400467724e-05,0.02555168606340885
10781,adam,6.121127808000892e-05,0.008711474947631359
10782,adam,6.124637729953974e-05,0.01043003797531128
10783,adam,6.16050383541733e-05,0.023998986929655075
10784,adam,6.210142601048574e-05,0.03513728454709053
10785,adam,6.255643529584631e-05,0.04296478256583214
10786,adam,6.283906259341165e-05,0.04731753468513489
10787,adam,6.288968870649114e-05,0.04823051020503044
10788,adam,6.271210440900177e-05,0.04598533362150192
10789,adam,6.236982881091535e-05,0.04099496081471443
10790,adam,6.195641617523506e-05,0.033915452659130096
10791,adam,6.156593008199707e-05,0.025364361703395844
10792,adam,6.12714939052239e-05,0.016133086755871773
10793,adam,6.111069524195045e-05,0.007072389591485262
10794,adam,6.10820934525691e-05,0.0037296684458851814
10795,adam,6.1154474678915e-05,0.010607557371258736
10796,adam,6.128098902991042e-05,0.016835441812872887
10797,adam,6.140978803159669e-05,0.021497316658496857
10798,adam,6.150360422907397e-05,0.024393942207098007
10799,adam,6.15372191532515e-05,0.025536468252539635
10800,adam,6.150704575702548e-05,0.02498987317085266
10801,adam,6.142419442767277e-05,0.023007960990071297
10802,adam,6.13117590546608e-05,0.01982101798057556
10803,adam,6.11934156040661e-05,0.015771249309182167
10804,adam,6.109198875492439e-05,0.01114160381257534
10805,adam,6.1022139561828226e-05,0.006363996770232916
10806,adam,6.0988615587120876e-05,0.0020248875953257084
10807,adam,6.098820085753687e-05,0.003239389043301344
10808,adam,6.100974133005366e-05,0.00676937447860837
10809,adam,6.103991472627968e-05,0.00963642168790102
10810,adam,6.106627552071586e-05,0.011680186726152897
10811,adam,6.108089291956276e-05,0.012837591581046581
10812,adam,6.108025263529271e-05,0.013179680332541466
10813,adam,6.106384535087273e-05,0.012739945203065872
10814,adam,6.10364368185401e-05,0.011683499440550804
10815,adam,6.100233076722361e-05,0.010086964815855026
10816,adam,6.096711877034977e-05,0.008113612420856953
10817,adam,6.093641422921792e-05,0.005866920109838247
10818,adam,6.091279283282347e-05,0.003562586847692728
10819,adam,6.0897764342371374e-05,0.0013059111079201102
10820,adam,6.089026283007115e-05,0.000951698690187186
10821,adam,6.0888683947268873e-05,0.002790923463180661
10822,adam,6.089099042583257e-05,0.004357440397143364
10823,adam,6.0893285990459844e-05,0.005596741568297148
10824,adam,6.089425733080134e-05,0.006434185896068811
10825,adam,6.0892398323630914e-05,0.006911414209753275
10826,adam,6.088623922551051e-05,0.007002172060310841
10827,adam,6.0876649513375014e-05,0.006772032007575035
10828,adam,6.086389475967735e-05,0.006197257898747921
10829,adam,6.0849455621792004e-05,0.005376145243644714
10830,adam,6.083478729124181e-05,0.00431091571226716
10831,adam,6.082160325604491e-05,0.003148987889289856
10832,adam,6.080988532630727e-05,0.001907378202304244
10833,adam,6.080062667024322e-05,0.0007884546066634357
10834,adam,6.0793699958594516e-05,0.0005691419937647879
10835,adam,6.0788086557295173e-05,0.0014176237164065242
10836,adam,6.0783317167079076e-05,0.0021780445240437984
10837,adam,6.077864600229077e-05,0.002714378759264946
10838,adam,6.077344005461782e-05,0.0030811538454145193
10839,adam,6.0767433751607314e-05,0.003273364622145891
10840,adam,6.076100908103399e-05,0.0033330079168081284
10841,adam,6.075355486245826e-05,0.0032080980017781258
10842,adam,6.074551856727339e-05,0.0029731171671301126
10843,adam,6.073721669963561e-05,0.002621801570057869
10844,adam,6.0728831158485264e-05,0.0022239130921661854
10845,adam,6.072045653127134e-05,0.0017744068754836917
10846,adam,6.0712092817993835e-05,0.0013371516251936555
10847,adam,6.070462040952407e-05,0.0009017160045914352
10848,adam,6.069762821425684e-05,0.0005419657682068646
10849,adam,6.0690563259413466e-05,0.00047719443682581186
10850,adam,6.068369475542568e-05,0.0006531557883135974
10851,adam,6.0677415604004636e-05,0.0009455755352973938
10852,adam,6.067092181183398e-05,0.00117921840865165
10853,adam,6.066456626285799e-05,0.001414650003425777
10854,adam,6.065780689823441e-05,0.001543756341561675
10855,adam,6.0651396779576316e-05,0.001639286638237536
10856,adam,6.064459739718586e-05,0.0016711439238861203
10857,adam,6.0637663409579545e-05,0.001673322170972824
10858,adam,6.0630714870058e-05,0.00157769990619272
10859,adam,6.062351167201996e-05,0.0014373072190210223
10860,adam,6.0616661357926205e-05,0.0012475689873099327
10861,adam,6.060914529371075e-05,0.0010511918226256967
10862,adam,6.0602102166740224e-05,0.0008373117307201028
10863,adam,6.0594731621677056e-05,0.0006684852996841073
10864,adam,6.058796861907467e-05,0.0006246100529097021
10865,adam,6.05812128924299e-05,0.0006250765873119235
10866,adam,6.057414793758653e-05,0.0007267314940690994
10867,adam,6.0567512264242396e-05,0.0007924618548713624
10868,adam,6.0560869314940646e-05,0.000932666880544275
10869,adam,6.0554430092452094e-05,0.0010249254992231727
10870,adam,6.054747063899413e-05,0.0011622423771768808
10871,adam,6.054081313777715e-05,0.0012169599067419767
10872,adam,6.053418110241182e-05,0.0012659251224249601
10873,adam,6.0527010646183044e-05,0.0012124889763072133
10874,adam,6.0520167608046904e-05,0.001176960882730782
10875,adam,6.0513448261190206e-05,0.0010865633375942707
10876,adam,6.0506255977088585e-05,0.0010354063706472516
10877,adam,6.0499238315969706e-05,0.0008954975637607276
10878,adam,6.049228613846935e-05,0.0007877091993577778
10879,adam,6.048518844181672e-05,0.0006307007861323655
10880,adam,6.04782544542104e-05,0.0005561631405726075
10881,adam,6.047161150490865e-05,0.0004932924639433622
10882,adam,6.046468479325995e-05,0.0005277454620227218
10883,adam,6.045800546417013e-05,0.0005714279250241816
10884,adam,6.045158443157561e-05,0.0006487562786787748
10885,adam,6.044439214747399e-05,0.0007328186766244471
10886,adam,6.043795292498544e-05,0.0008262130431830883
10887,adam,6.043110624887049e-05,0.0009284801781177521
10888,adam,6.042455788701773e-05,0.0010044400114566088
10889,adam,6.041767483111471e-05,0.001056942855939269
10890,adam,6.041089363861829e-05,0.0010412137489765882
10891,adam,6.040355219738558e-05,0.000999672687612474
10892,adam,6.039698200765997e-05,0.0009058621362783015
10893,adam,6.038992796675302e-05,0.0007969995494931936
10894,adam,6.038313949829899e-05,0.0006217610789462924
10895,adam,6.037567800376564e-05,0.0004639721882995218
10896,adam,6.036902777850628e-05,0.00032457467750646174
10897,adam,6.0362090152921155e-05,0.0002749887353274971
10898,adam,6.0355359892128035e-05,0.0002456055080983788
10899,adam,6.034873513272032e-05,0.00027939415303990245
10900,adam,6.0341677453834563e-05,0.0003110181132797152
10901,adam,6.033490353729576e-05,0.0004009354452136904
10902,adam,6.032817327650264e-05,0.0004485285608097911
10903,adam,6.032115197740495e-05,0.0005365427932702005
10904,adam,6.031455268384889e-05,0.0005640616291202605
10905,adam,6.0307636886136606e-05,0.0006412483053281903
10906,adam,6.030100121279247e-05,0.0006715398631058633
10907,adam,6.0294118156889454e-05,0.0007532364688813686
10908,adam,6.028756615705788e-05,0.0007845095824450254
10909,adam,6.028094139765017e-05,0.0008941896958276629
10910,adam,6.027405470376834e-05,0.0009522837935946882
10911,adam,6.026746996212751e-05,0.0010641172993928194
10912,adam,6.0260754253249615e-05,0.0011197059648111463
10913,adam,6.025400216458365e-05,0.0012156905140727758
10914,adam,6.02473046455998e-05,0.0012090187519788742
10915,adam,6.0240639868425205e-05,0.0012490969384089112
10916,adam,6.023341848049313e-05,0.0012375786900520325
10917,adam,6.022665183991194e-05,0.0012718640500679612
10918,adam,6.0219925217097625e-05,0.0012393355136737227
10919,adam,6.021366061759181e-05,0.0012632373254746199
10920,adam,6.020655564498156e-05,0.0012262952513992786
10921,adam,6.019969077897258e-05,0.001241856487467885
10922,adam,6.019272041157819e-05,0.0011801280779764056
10923,adam,6.01858482696116e-05,0.0011541933054104447
10924,adam,6.0178947023814544e-05,0.001069174613803625
10925,adam,6.017197301844135e-05,0.001051505096256733
10926,adam,6.0165235481690615e-05,0.0009817547397688031
10927,adam,6.015852704877034e-05,0.000990145723335445
10928,adam,6.015157123329118e-05,0.0009478346910327673
10929,adam,6.0144797316752374e-05,0.0009408926707692444
10930,adam,6.0137805121485144e-05,0.000853394391015172
10931,adam,6.0130885685794055e-05,0.0008290935074910522
10932,adam,6.012426092638634e-05,0.0007658909307792783
10933,adam,6.011733421473764e-05,0.0007701697177253664
10934,adam,6.011046934872866e-05,0.0007132323808036745
10935,adam,6.010339347994886e-05,0.0006994425202719867
10936,adam,6.0096586821600795e-05,0.0006308223819360137
10937,adam,6.008962373016402e-05,0.0006299848901107907
10938,adam,6.008309355820529e-05,0.000588662049267441
10939,adam,6.007575211697258e-05,0.0006230808794498444
10940,adam,6.006947660353035e-05,0.0006390922353602946
10941,adam,6.006290641380474e-05,0.0007638001698069274
10942,adam,6.005607428960502e-05,0.0008913165656849742
10943,adam,6.004955866956152e-05,0.0010858336463570595
10944,adam,6.004300303175114e-05,0.0012194733135402203
10945,adam,6.003638918627985e-05,0.001368471421301365
10946,adam,6.0029698943253607e-05,0.0014382326044142246
10947,adam,6.002349982736632e-05,0.001538424869067967
10948,adam,6.0016329371137545e-05,0.0015812942292541265
10949,adam,6.000978100928478e-05,0.0016781914746388793
10950,adam,6.000339999445714e-05,0.0017419527284801006
10951,adam,5.999698259984143e-05,0.001860319753177464
10952,adam,5.999041241011582e-05,0.0019408699590712786
10953,adam,5.9983754908898845e-05,0.002095091389492154
10954,adam,5.997769767418504e-05,0.0022362738382071257
10955,adam,5.997144035063684e-05,0.0024339184165000916
10956,adam,5.9965655964333564e-05,0.002589606447145343
10957,adam,5.99591076024808e-05,0.0027885723393410444
10958,adam,5.9953119489364326e-05,0.0029520748648792505
10959,adam,5.994712046231143e-05,0.0031603476963937283
10960,adam,5.9941401559626684e-05,0.003345605917274952
10961,adam,5.993570084683597e-05,0.0035882536321878433
10962,adam,5.993018930894323e-05,0.003814317751675844
10963,adam,5.9925139794358984e-05,0.004110042005777359
10964,adam,5.992025035084225e-05,0.004397992044687271
10965,adam,5.9915844758506864e-05,0.0047412775456905365
10966,adam,5.991136276861653e-05,0.005054497625678778
10967,adam,5.990710269543342e-05,0.005411079619079828
10968,adam,5.9902882640017197e-05,0.005732457619160414
10969,adam,5.989922647131607e-05,0.006088195368647575
10970,adam,5.9895679441979155e-05,0.006423283834010363
10971,adam,5.9892503486480564e-05,0.0068308631889522076
10972,adam,5.9890251577598974e-05,0.007247911300510168
10973,adam,5.9889112890232354e-05,0.007775360252708197
10974,adam,5.9889112890232354e-05,0.008339791558682919
10975,adam,5.989035707898438e-05,0.008993694558739662
10976,adam,5.9892990975640714e-05,0.0096510024741292
10977,adam,5.989726196276024e-05,0.010398447513580322
10978,adam,5.990264253341593e-05,0.011168056167662144
10979,adam,5.990984936943278e-05,0.012022876180708408
10980,adam,5.991999933030456e-05,0.012909695506095886
10981,adam,5.993283411953598e-05,0.013923224993050098
10982,adam,5.9950256400043145e-05,0.01503605768084526
10983,adam,5.997390690026805e-05,0.016359420493245125
10984,adam,6.000357825541869e-05,0.01781078800559044
10985,adam,6.004172973916866e-05,0.01944848708808422
10986,adam,6.008822310832329e-05,0.021205401048064232
10987,adam,6.01451174588874e-05,0.023167748004198074
10988,adam,6.0214471886865795e-05,0.025275003165006638
10989,adam,6.0300495533738285e-05,0.027641059830784798
10990,adam,6.0406433476600796e-05,0.030233755707740784
10991,adam,6.053663673810661e-05,0.03314517065882683
10992,adam,6.069717710488476e-05,0.03634721413254738
10993,adam,6.0894850321346894e-05,0.03994675353169441
10994,adam,6.113860581535846e-05,0.0439065657556057
10995,adam,6.143824430182576e-05,0.04834343492984772
10996,adam,6.180447235237807e-05,0.053198814392089844
10997,adam,6.224963726708665e-05,0.05856212601065636
10998,adam,6.27872723271139e-05,0.06437502056360245
10999,adam,6.343529094010592e-05,0.07076433300971985
11000,adam,6.421091529773548e-05,0.07763845473527908
11001,adam,6.512382969958708e-05,0.08504422754049301
11002,adam,6.61842423141934e-05,0.09280844777822495
11003,adam,6.738806405337527e-05,0.10093139111995697
11004,adam,6.87313950038515e-05,0.10915029793977737
11005,adam,7.01680764905177e-05,0.11734640598297119
11006,adam,7.164567796280608e-05,0.12504656612873077
11007,adam,7.304616156034172e-05,0.13197444379329681
11008,adam,7.426639058394358e-05,0.13749118149280548
11009,adam,7.511665899073705e-05,0.1412026435136795
11010,adam,7.54709035390988e-05,0.14235326647758484
11011,adam,7.514590106438845e-05,0.14057573676109314
11012,adam,7.412342529278249e-05,0.13530373573303223
11013,adam,7.238286343635991e-05,0.12648676335811615
11014,adam,7.01267272233963e-05,0.11406780034303665
11015,adam,6.757033406756818e-05,0.09857767075300217
11016,adam,6.50674119242467e-05,0.08069854974746704
11017,adam,6.289427255978808e-05,0.06159962713718414
11018,adam,6.12967269262299e-05,0.04297167435288429
11019,adam,6.0378002672223374e-05,0.028295665979385376
11020,adam,6.012333687976934e-05,0.024997007101774216
11021,adam,6.041114465915598e-05,0.03385018929839134
11022,adam,6.105364445829764e-05,0.04602210596203804
11023,adam,6.184139783727005e-05,0.057076361030340195
11024,adam,6.258171197259799e-05,0.06567894667387009
11025,adam,6.311730248853564e-05,0.07123623788356781
11026,adam,6.336955266306177e-05,0.07373783737421036
11027,adam,6.330908217933029e-05,0.07322778552770615
11028,adam,6.298570224316791e-05,0.07010642439126968
11029,adam,6.247303099371493e-05,0.06475292146205902
11030,adam,6.18885678704828e-05,0.057923223823308945
11031,adam,6.132973066996783e-05,0.05031624063849449
11032,adam,6.088128066039644e-05,0.04296647757291794
11033,adam,6.058864528313279e-05,0.03686153143644333
11034,adam,6.0460184613475576e-05,0.033100150525569916
11035,adam,6.047216447768733e-05,0.03201007470488548
11036,adam,6.057863720343448e-05,0.03311885520815849
11037,adam,6.0725000366801396e-05,0.03518109396100044
11038,adam,6.085896893637255e-05,0.037224967032670975
11039,adam,6.093897536629811e-05,0.03852248564362526
11040,adam,6.094438140280545e-05,0.03880199044942856
11041,adam,6.0868333093822e-05,0.03793802857398987
11042,adam,6.072561154724099e-05,0.03608104959130287
11043,adam,6.0537615354405716e-05,0.033392295241355896
11044,adam,6.033235331415199e-05,0.030229244381189346
11045,adam,6.0136153479106724e-05,0.026937656104564667
11046,adam,5.997094194754027e-05,0.024042675271630287
11047,adam,5.9847570810234174e-05,0.021882900968194008
11048,adam,5.9767437051050365e-05,0.02077721618115902
11049,adam,5.9724519815063104e-05,0.02057618834078312
11050,adam,5.970755955786444e-05,0.021059056743979454
11051,adam,5.970370693830773e-05,0.02168808877468109
11052,adam,5.970077108941041e-05,0.022212177515029907
11053,adam,5.968967161606997e-05,0.022287758067250252
11054,adam,5.966586104477756e-05,0.0219113826751709
11055,adam,5.962773866485804e-05,0.020948240533471107
11056,adam,5.957824760116637e-05,0.019537169486284256
11057,adam,5.9522109950194135e-05,0.01766241155564785
11058,adam,5.946450983174145e-05,0.015527472831308842
11059,adam,5.9409878303995356e-05,0.013140575960278511
11060,adam,5.936342859058641e-05,0.010760761797428131
11061,adam,5.932747808401473e-05,0.008491739630699158
11062,adam,5.9302001318428665e-05,0.006695454008877277
11063,adam,5.928686005063355e-05,0.005550694186240435
11064,adam,5.9279271226841956e-05,0.00534518389031291
11065,adam,5.927664096816443e-05,0.005735042970627546
11066,adam,5.927514939685352e-05,0.006329069845378399
11067,adam,5.927294841967523e-05,0.006826398428529501
11068,adam,5.926856101723388e-05,0.007124381605535746
11069,adam,5.926126323174685e-05,0.007148453034460545
11070,adam,5.925053483224474e-05,0.006877777632325888
11071,adam,5.923804565099999e-05,0.006366950459778309
11072,adam,5.922406126046553e-05,0.005671242717653513
11073,adam,5.921001866227016e-05,0.004852441605180502
11074,adam,5.919689283473417e-05,0.00393674848601222
11075,adam,5.918490933254361e-05,0.0029913021717220545
11076,adam,5.9174359194003046e-05,0.002043473534286022
11077,adam,5.9165253333048895e-05,0.0011556280078366399
11078,adam,5.9157660871278495e-05,0.0005910972249694169
11079,adam,5.91514581174124e-05,0.0009834211086854339
11080,adam,5.9146426792722195e-05,0.0016811373643577099
11081,adam,5.914130815654062e-05,0.002256433479487896
11082,adam,5.9136469644727185e-05,0.002712912391871214
11083,adam,5.9131165471626446e-05,0.002974039176478982
11084,adam,5.912554479436949e-05,0.0031431803945451975
11085,adam,5.911906555411406e-05,0.003173575270920992
11086,adam,5.9112102462677285e-05,0.003098040819168091
11087,adam,5.910440449952148e-05,0.002864444861188531
11088,adam,5.9096641052747145e-05,0.0025588045828044415
11089,adam,5.908858292968944e-05,0.0021554178092628717
11090,adam,5.9080743085360155e-05,0.0017105290899053216
11091,adam,5.907291415496729e-05,0.0012045721523463726
11092,adam,5.906591468374245e-05,0.0007354564731940627
11093,adam,5.9058951592305675e-05,0.000423649325966835
11094,adam,5.90526033192873e-05,0.0005414457409642637
11095,adam,5.904610952711664e-05,0.0009443814633414149
11096,adam,5.9040125051978976e-05,0.0013088904088363051
11097,adam,5.9034297009930015e-05,0.001693769241683185
11098,adam,5.9028545365436e-05,0.0019864030182361603
11099,adam,5.902261545998044e-05,0.0022652281913906336
11100,adam,5.9016758314101025e-05,0.0024281078949570656
11101,adam,5.9010781114920974e-05,0.0025653978809714317
11102,adam,5.9004385548178107e-05,0.0025915850419551134
11103,adam,5.899773896089755e-05,0.0026348307728767395
11104,adam,5.8991165133193135e-05,0.0025922248605638742
11105,adam,5.8984584029531106e-05,0.0025649117305874825
11106,adam,5.897787195863202e-05,0.002483560936525464
11107,adam,5.8971578255295753e-05,0.002484362106770277
11108,adam,5.896506263525225e-05,0.002449324820190668
11109,adam,5.895893991691992e-05,0.0025076293386518955
11110,adam,5.8952751714969054e-05,0.0025391269009560347
11111,adam,5.8946709032170475e-05,0.0026369376573711634
11112,adam,5.8940702729159966e-05,0.0026857939083129168
11113,adam,5.8934889239026234e-05,0.0028029615059494972
11114,adam,5.8929072110913694e-05,0.00290028378367424
11115,adam,5.89236879022792e-05,0.00308997486717999
11116,adam,5.891847104066983e-05,0.0032671496737748384
11117,adam,5.8913235989166424e-05,0.0035049656871706247
11118,adam,5.890872489544563e-05,0.003689330304041505
11119,adam,5.890333704883233e-05,0.0039208028465509415
11120,adam,5.889892781851813e-05,0.0041341655887663364
11121,adam,5.889430030947551e-05,0.0044244155287742615
11122,adam,5.8890080254059285e-05,0.004664952866733074
11123,adam,5.888606756343506e-05,0.004958982579410076
11124,adam,5.888255327590741e-05,0.005240113474428654
11125,adam,5.887990118935704e-05,0.005634617991745472
11126,adam,5.887821316719055e-05,0.0060446844436228275
11127,adam,5.8877172705251724e-05,0.006565599236637354
11128,adam,5.8878009440377355e-05,0.0070997872389853
11129,adam,5.888041778234765e-05,0.007753141224384308
11130,adam,5.888419764232822e-05,0.008400608785450459
11131,adam,5.888930172659457e-05,0.009142307564616203
11132,adam,5.889651947654784e-05,0.009878789074718952
11133,adam,5.8905927289742976e-05,0.010731279850006104
11134,adam,5.89183036936447e-05,0.011604136787354946
11135,adam,5.8934299886459485e-05,0.012622404843568802
11136,adam,5.895474168937653e-05,0.01367271039634943
11137,adam,5.898009840166196e-05,0.014873540960252285
11138,adam,5.9011592384194955e-05,0.016148030757904053
11139,adam,5.9050758864032105e-05,0.017622780054807663
11140,adam,5.9099682403029874e-05,0.019195811823010445
11141,adam,5.9160098317079246e-05,0.020983655005693436
11142,adam,5.923356002313085e-05,0.022877782583236694
11143,adam,5.932176281930879e-05,0.024996040388941765
11144,adam,5.942841016803868e-05,0.027242321521043777
11145,adam,5.955556844128296e-05,0.029738660901784897
11146,adam,5.970695201540366e-05,0.032386474311351776
11147,adam,5.98863152845297e-05,0.035305559635162354
11148,adam,6.0097536334069446e-05,0.03838595747947693
11149,adam,6.034470061422326e-05,0.04173140600323677
11150,adam,6.0631795349763706e-05,0.045246321707963943
11151,adam,6.0962735005887225e-05,0.04904281347990036
11152,adam,6.134138675406575e-05,0.05300651490688324
11153,adam,6.176713213790208e-05,0.05719053000211716
11154,adam,6.22366787865758e-05,0.061419516801834106
11155,adam,6.274472980294377e-05,0.06573091447353363
11156,adam,6.327556184260175e-05,0.06990853697061539
11157,adam,6.381090497598052e-05,0.07392401248216629
11158,adam,6.432293594116345e-05,0.07753153145313263
11159,adam,6.477876013377681e-05,0.08065471053123474
11160,adam,6.513566040666774e-05,0.08299025893211365
11161,adam,6.53480674372986e-05,0.0843999981880188
11162,adam,6.537041190313175e-05,0.08455810695886612
11163,adam,6.517730798805133e-05,0.08340547978878021
11164,adam,6.475811824202538e-05,0.08073361963033676
11165,adam,6.41270016785711e-05,0.07658234983682632
11166,adam,6.332254270091653e-05,0.07086773216724396
11167,adam,6.24085369054228e-05,0.06379383057355881
11168,adam,6.146359373815358e-05,0.05547276884317398
11169,adam,6.056947313481942e-05,0.046276193112134933
11170,adam,5.9795645938720554e-05,0.03641246631741524
11171,adam,5.9194422647124156e-05,0.026364075019955635
11172,adam,5.879029049538076e-05,0.016410628333687782
11173,adam,5.8580408222042024e-05,0.007053227163851261
11174,adam,5.8539466408547014e-05,0.0027699549682438374
11175,adam,5.8626752434065565e-05,0.010094317607581615
11176,adam,5.8794550568563864e-05,0.016825085505843163
11177,adam,5.8993740822188556e-05,0.022295542061328888
11178,adam,5.918154784012586e-05,0.026517460122704506
11179,adam,5.9326681366655976e-05,0.029374735429883003
11180,adam,5.941038398304954e-05,0.031008807942271233
11181,adam,5.942530697211623e-05,0.031381867825984955
11182,adam,5.937425157753751e-05,0.03069998510181904
11183,adam,5.9268964832881466e-05,0.02898036129772663
11184,adam,5.9127149143023416e-05,0.026482975110411644
11185,adam,5.896869333810173e-05,0.023267073556780815
11186,adam,5.8812198403757066e-05,0.01961829699575901
11187,adam,5.867276559001766e-05,0.01559792086482048
11188,adam,5.856126517755911e-05,0.011495272628962994
11189,adam,5.84836961934343e-05,0.0074132392182946205
11190,adam,5.843965845997445e-05,0.003750245552510023
11191,adam,5.842599057359621e-05,0.0019532665610313416
11192,adam,5.8434750826563686e-05,0.004193694796413183
11193,adam,5.845755367772654e-05,0.006858546752482653
11194,adam,5.848584623890929e-05,0.00907958671450615
11195,adam,5.8512621762929484e-05,0.010832213796675205
11196,adam,5.853179027326405e-05,0.011983303353190422
11197,adam,5.854052142240107e-05,0.0126581946387887
11198,adam,5.8536825235933065e-05,0.012789839878678322
11199,adam,5.852323738508858e-05,0.012545745819807053
11200,adam,5.850055458722636e-05,0.011879871599376202
11201,adam,5.8472942328080535e-05,0.010952873155474663
11202,adam,5.8442306908546016e-05,0.009718809276819229
11203,adam,5.8411285863257945e-05,0.008341546170413494
11204,adam,5.838272045366466e-05,0.006786915939301252
11205,adam,5.83581677346956e-05,0.0052183885127305984
11206,adam,5.8338482631370425e-05,0.003579381387680769
11207,adam,5.832356691826135e-05,0.0020598594564944506
11208,adam,5.8314079069532454e-05,0.0006348679307848215
11209,adam,5.830746886203997e-05,0.0007868600660003722
11210,adam,5.830446752952412e-05,0.0019288446055725217
11211,adam,5.830248483107425e-05,0.002876429818570614
11212,adam,5.830088412039913e-05,0.0036861870903521776
11213,adam,5.829941073898226e-05,0.004252169281244278
11214,adam,5.829629662912339e-05,0.004681911785155535
11215,adam,5.8291811001254246e-05,0.00486028054729104
11216,adam,5.828577559441328e-05,0.004903120454400778
11217,adam,5.8278052165405825e-05,0.004747799132019281
11218,adam,5.8269557484891266e-05,0.00453594233840704
11219,adam,5.8260440710000694e-05,0.004176611080765724
11220,adam,5.825073458254337e-05,0.003777259960770607
11221,adam,5.824064646731131e-05,0.0032566869631409645
11222,adam,5.823095852974802e-05,0.002737906761467457
11223,adam,5.822204548167065e-05,0.002137385541573167
11224,adam,5.821335798827931e-05,0.0015655294992029667
11225,adam,5.8205623645335436e-05,0.0009822731371968985
11226,adam,5.8198493206873536e-05,0.0005303188227117062
11227,adam,5.819172292831354e-05,0.0003499237645883113
11228,adam,5.818553108838387e-05,0.0005771408323198557
11229,adam,5.817932469653897e-05,0.0009014668175950646
11230,adam,5.8173889556201175e-05,0.0011169812642037868
11231,adam,5.816755219711922e-05,0.0013183149276301265
11232,adam,5.816143311676569e-05,0.0014157386031001806
11233,adam,5.815571785205975e-05,0.0015322775579988956
11234,adam,5.814916585222818e-05,0.0015588580863550305
11235,adam,5.814305768581107e-05,0.0015969282248988748
11236,adam,5.813651659991592e-05,0.0015366256702691317
11237,adam,5.812998642795719e-05,0.0014907610602676868
11238,adam,5.812316157971509e-05,0.0013649767497554421
11239,adam,5.8116598665947095e-05,0.0012707803398370743
11240,adam,5.8110130339628085e-05,0.0011267480440437794
11241,adam,5.8103039918933064e-05,0.0010210851905867457
11242,adam,5.809667345602065e-05,0.0008630434167571366
11243,adam,5.809004505863413e-05,0.0007556471973657608
11244,adam,5.808322021039203e-05,0.0006346024456433952
11245,adam,5.807672278024256e-05,0.000556150043848902
11246,adam,5.8070327213499695e-05,0.00046110054245218635
11247,adam,5.806393164675683e-05,0.0004154322377871722
11248,adam,5.805754699395038e-05,0.0003927591606043279
11249,adam,5.8051187806995586e-05,0.0003444597532507032
11250,adam,5.8044595789397135e-05,0.0003416998079046607
11251,adam,5.803840031148866e-05,0.0003366297751199454
11252,adam,5.8031899243360385e-05,0.00040144877857528627
11253,adam,5.802576561109163e-05,0.00043187514529563487
11254,adam,5.8019453717861325e-05,0.000513664388563484
11255,adam,5.801296720164828e-05,0.0005540298298001289
11256,adam,5.800657527288422e-05,0.000640970014501363
11257,adam,5.799992140964605e-05,0.000668914697598666
11258,adam,5.7993958762381226e-05,0.000733029271941632
11259,adam,5.798742131446488e-05,0.0007064886158332229
11260,adam,5.798129132017493e-05,0.0007200877880677581
11261,adam,5.797482663183473e-05,0.0006695322226732969
11262,adam,5.79683473915793e-05,0.000629918766207993
11263,adam,5.7961835409514606e-05,0.0005219336599111557
11264,adam,5.7955418014898896e-05,0.00047437779721803963
11265,adam,5.7949127949541435e-05,0.00037884394987486303
11266,adam,5.794265234726481e-05,0.0003348821774125099
11267,adam,5.7936256780521944e-05,0.00028492670389823616
11268,adam,5.792963202111423e-05,0.0002612701791804284
11269,adam,5.792331648990512e-05,0.0002676316362340003
11270,adam,5.79171501158271e-05,0.0002608575450722128
11271,adam,5.791075454908423e-05,0.000299016508506611
11272,adam,5.790446448372677e-05,0.00031239556847140193
11273,adam,5.7897901569958776e-05,0.0003718603402376175
11274,adam,5.789187707705423e-05,0.0003831850190181285
11275,adam,5.7885132264345884e-05,0.0004097062919754535
11276,adam,5.7878991356119514e-05,0.0003796837117988616
11277,adam,5.787247937405482e-05,0.00040280891698785126
11278,adam,5.7866443967213854e-05,0.0003996426530648023
11279,adam,5.7860037486534566e-05,0.00044156258809380233
11280,adam,5.7853332691593096e-05,0.0004398487217258662
11281,adam,5.784706081612967e-05,0.00047761283349245787
11282,adam,5.7840672525344416e-05,0.00044575490755960345
11283,adam,5.783438973594457e-05,0.00044041796354576945
11284,adam,5.782770676887594e-05,0.0003811401256825775
11285,adam,5.782165681011975e-05,0.00035581531119532883
11286,adam,5.781499567092396e-05,0.00029756082221865654
11287,adam,5.7808927522273734e-05,0.0002790440048556775
11288,adam,5.780256469734013e-05,0.00027624357608146966
11289,adam,5.779599450761452e-05,0.00035754716373048723
11290,adam,5.7789875427260995e-05,0.00041930380393750966
11291,adam,5.778352351626381e-05,0.00046521687181666493
11292,adam,5.777732440037653e-05,0.0004859211330767721
11293,adam,5.777102705906145e-05,0.0005088954349048436
11294,adam,5.7764631492318586e-05,0.0005180764710530639
11295,adam,5.77583305130247e-05,0.0005416842177510262
11296,adam,5.775210229330696e-05,0.0005429221782833338
11297,adam,5.774543387815356e-05,0.0005570728681050241
11298,adam,5.7739027397474274e-05,0.0005596168339252472
11299,adam,5.7732795539777726e-05,0.0005849439185112715
11300,adam,5.772678923676722e-05,0.0006170488777570426
11301,adam,5.772034273832105e-05,0.0007066695834510028
11302,adam,5.771435462520458e-05,0.0008352276054210961
11303,adam,5.770814823335968e-05,0.0009954185225069523
11304,adam,5.770214556832798e-05,0.0011661750031635165
11305,adam,5.769618655904196e-05,0.001355162006802857
11306,adam,5.7690314861247316e-05,0.0015590447001159191
11307,adam,5.768414121121168e-05,0.001751541392877698
11308,adam,5.767883703811094e-05,0.0019465017830953002
11309,adam,5.7672492403071374e-05,0.0021389471367001534
11310,adam,5.766764297732152e-05,0.0023455971386283636
11311,adam,5.7662145991344005e-05,0.00254499027505517
11312,adam,5.7656703575048596e-05,0.0027758250944316387
11313,adam,5.7651588576845825e-05,0.003021880052983761
11314,adam,5.7646622735774145e-05,0.003273793263360858
11315,adam,5.764138768427074e-05,0.0034593231976032257
11316,adam,5.7636163546703756e-05,0.003621516050770879
11317,adam,5.763053195551038e-05,0.0037859517615288496
11318,adam,5.762551154475659e-05,0.003979082219302654
11319,adam,5.762053478974849e-05,0.004170394968241453
11320,adam,5.761527063441463e-05,0.004399746190756559
11321,adam,5.761098145740107e-05,0.004649491049349308
11322,adam,5.760681233368814e-05,0.004937797784805298
11323,adam,5.7603028835728765e-05,0.005225882399827242
11324,adam,5.759931809734553e-05,0.005557479336857796
11325,adam,5.759602936450392e-05,0.005907133687287569
11326,adam,5.7593544624978676e-05,0.006278162822127342
11327,adam,5.759057603427209e-05,0.006626724731177092
11328,adam,5.758867700933479e-05,0.007013524416834116
11329,adam,5.758661063737236e-05,0.0074208080768585205
11330,adam,5.758563202107325e-05,0.007881485857069492
11331,adam,5.758525003329851e-05,0.008345668204128742
11332,adam,5.758578117820434e-05,0.008863432332873344
11333,adam,5.758675979450345e-05,0.009375127032399178
11334,adam,5.758898623753339e-05,0.009920705109834671
11335,adam,5.759169289376587e-05,0.010493081994354725
11336,adam,5.7595960242906585e-05,0.011146862991154194
11337,adam,5.760211934102699e-05,0.011831161566078663
11338,adam,5.7610159274190664e-05,0.012591124512255192
11339,adam,5.762022556154989e-05,0.013373376801609993
11340,adam,5.763242734246887e-05,0.014249695464968681
11341,adam,5.764815068687312e-05,0.015178953297436237
11342,adam,5.7666937209432945e-05,0.016214847564697266
11343,adam,5.7689790992299095e-05,0.017315443605184555
11344,adam,5.771720316261053e-05,0.018535643815994263
11345,adam,5.7750410633161664e-05,0.019856445491313934
11346,adam,5.779055936727673e-05,0.021326592192053795
11347,adam,5.7837620261125267e-05,0.022877847775816917
11348,adam,5.789328497485258e-05,0.024580147117376328
11349,adam,5.796032928628847e-05,0.026418378576636314
11350,adam,5.803929889225401e-05,0.02844005823135376
11351,adam,5.813125244458206e-05,0.03057776391506195
11352,adam,5.823739047627896e-05,0.03288108482956886
11353,adam,5.836083073518239e-05,0.03532399609684944
11354,adam,5.8504927437752485e-05,0.037988364696502686
11355,adam,5.867192885489203e-05,0.040814366191625595
11356,adam,5.8861696743406355e-05,0.04383504390716553
11357,adam,5.907817467232235e-05,0.04699208587408066
11358,adam,5.9322890592738986e-05,0.05035287141799927
11359,adam,5.959747068118304e-05,0.05381540581583977
11360,adam,5.9897716710111126e-05,0.05740666389465332
11361,adam,6.0223752370802686e-05,0.06101541593670845
11362,adam,6.056698475731537e-05,0.0646519735455513
11363,adam,6.092588591855019e-05,0.06818539649248123
11364,adam,6.128403038019314e-05,0.07160301506519318
11365,adam,6.163157377159223e-05,0.07471168786287308
11366,adam,6.194333400344476e-05,0.07747825980186462
11367,adam,6.220803334144875e-05,0.07969730347394943
11368,adam,6.239330832613632e-05,0.08131388574838638
11369,adam,6.248350837267935e-05,0.08207949250936508
11370,adam,6.244763790164143e-05,0.08193466812372208
11371,adam,6.228419078979641e-05,0.08069953322410583
11372,adam,6.19854690739885e-05,0.07841146737337112
11373,adam,6.156564631965011e-05,0.0749339833855629
11374,adam,6.10361312283203e-05,0.07034458220005035
11375,adam,6.0437094361986965e-05,0.06465224176645279
11376,adam,5.980382047710009e-05,0.05806906893849373
11377,adam,5.9181929827900603e-05,0.05069470778107643
11378,adam,5.8610366977518424e-05,0.042820487171411514
11379,adam,5.8122201153310016e-05,0.03463004529476166
11380,adam,5.773744123871438e-05,0.02643740363419056
11381,adam,5.746414899476804e-05,0.018445581197738647
11382,adam,5.729899203288369e-05,0.01107440609484911
11383,adam,5.723004142055288e-05,0.005351320840418339
11384,adam,5.7237139117205516e-05,0.005995735060423613
11385,adam,5.729830445488915e-05,0.010737344622612
11386,adam,5.738980325986631e-05,0.015408717095851898
11387,adam,5.74911136936862e-05,0.019371286034584045
11388,adam,5.758546831202693e-05,0.02249358408153057
11389,adam,5.765914102084935e-05,0.024769704788923264
11390,adam,5.7704462960828096e-05,0.026155667379498482
11391,adam,5.771691576228477e-05,0.02673712559044361
11392,adam,5.7698998716659844e-05,0.026555154472589493
11393,adam,5.7655041018733755e-05,0.02572927251458168
11394,adam,5.759003397542983e-05,0.02429630607366562
11395,adam,5.751188291469589e-05,0.022386765107512474
11396,adam,5.742827488575131e-05,0.020053664222359657
11397,adam,5.7346042012795806e-05,0.01745035871863365
11398,adam,5.727117968490347e-05,0.014629450626671314
11399,adam,5.720757690141909e-05,0.011763743124902248
11400,adam,5.7158620620612055e-05,0.008908270858228207
11401,adam,5.712332495022565e-05,0.006279578898102045
11402,adam,5.710217374144122e-05,0.004053513519465923
11403,adam,5.7092398492386565e-05,0.0030756425112485886
11404,adam,5.7092074712272733e-05,0.0038204288575798273
11405,adam,5.709749893867411e-05,0.00530772702768445
11406,adam,5.7106146414298564e-05,0.00679370341822505
11407,adam,5.7114652008749545e-05,0.008073504082858562
11408,adam,5.7121746067423373e-05,0.009084708988666534
11409,adam,5.712572601623833e-05,0.009811991825699806
11410,adam,5.71261698496528e-05,0.01027294248342514
11411,adam,5.7121244026347995e-05,0.010402672924101353
11412,adam,5.7111323258141056e-05,0.010237617418169975
11413,adam,5.7097728131338954e-05,0.00979084987193346
11414,adam,5.708109529223293e-05,0.009158734232187271
11415,adam,5.7063563872361556e-05,0.008356790989637375
11416,adam,5.704554860130884e-05,0.007459765765815973
11417,adam,5.702851194655523e-05,0.006446509156376123
11418,adam,5.7012184697669e-05,0.005382269620895386
11419,adam,5.699809480574913e-05,0.004246106371283531
11420,adam,5.698527820641175e-05,0.003156761173158884
11421,adam,5.697529195458628e-05,0.0021037280093878508
11422,adam,5.6966859119711444e-05,0.0012730994494631886
11423,adam,5.696052176062949e-05,0.0009444738388992846
11424,adam,5.695517756976187e-05,0.0013574068434536457
11425,adam,5.6950459111249074e-05,0.0019332712981849909
11426,adam,5.69462135899812e-05,0.0024808908347040415
11427,adam,5.6941928050946444e-05,0.0029501926619559526
11428,adam,5.693795174011029e-05,0.0032943356782197952
11429,adam,5.6932734878500924e-05,0.0035419852938503027
11430,adam,5.692756894859485e-05,0.0037052517291158438
11431,adam,5.692146442015655e-05,0.003816475858911872
11432,adam,5.6915559980552644e-05,0.003841022029519081
11433,adam,5.6909004342742264e-05,0.003818562952801585
11434,adam,5.6902073993114755e-05,0.003681049682199955
11435,adam,5.689480167347938e-05,0.0035025430843234062
11436,adam,5.688714372809045e-05,0.0032517658546566963
11437,adam,5.688005330739543e-05,0.0030055949464440346
11438,adam,5.6872566347010434e-05,0.002719906624406576
11439,adam,5.6865010265028104e-05,0.0024306459818035364
11440,adam,5.6858003517845646e-05,0.0020598946139216423
11441,adam,5.685065843863413e-05,0.0017049668822437525
11442,adam,5.68435643799603e-05,0.001342520583420992
11443,adam,5.683691051672213e-05,0.0010559706715866923
11444,adam,5.6830183893907815e-05,0.0007659338298253715
11445,adam,5.682399569195695e-05,0.0005578671698458493
11446,adam,5.68174546060618e-05,0.0003864194732159376
11447,adam,5.6811531976563856e-05,0.0003551341942511499
11448,adam,5.680542017216794e-05,0.000363543484127149
11449,adam,5.67991410207469e-05,0.00044965531560592353
11450,adam,5.6793043768266216e-05,0.0005559316487051547
11451,adam,5.678726301994175e-05,0.0006488746730610728
11452,adam,5.678105662809685e-05,0.0007503162487410009
11453,adam,5.6774781114654616e-05,0.0008156736730597913
11454,adam,5.676884393324144e-05,0.000860282510984689
11455,adam,5.6762746680760756e-05,0.0008308656397275627
11456,adam,5.6756256526568905e-05,0.0007925794343464077
11457,adam,5.675027932738885e-05,0.00070094910915941
11458,adam,5.674408748745918e-05,0.0006595056038349867
11459,adam,5.6738066632533446e-05,0.00061393080977723
11460,adam,5.673145642504096e-05,0.0006272416794672608
11461,adam,5.672567567671649e-05,0.0006116495933383703
11462,adam,5.6719654821790755e-05,0.0006197646143846214
11463,adam,5.671324470313266e-05,0.0005759201012551785
11464,adam,5.670686368830502e-05,0.0005924993311055005
11465,adam,5.670073369401507e-05,0.0005489049362950027
11466,adam,5.6694861996220425e-05,0.0005568090127781034
11467,adam,5.668855010299012e-05,0.0005475167417898774
11468,adam,5.668252197210677e-05,0.0005732434801757336
11469,adam,5.6676159147173166e-05,0.0005410526064224541
11470,adam,5.66700728086289e-05,0.0005183705943636596
11471,adam,5.6663939176360145e-05,0.00048826035344973207
11472,adam,5.6657761888345703e-05,0.00047601835103705525
11473,adam,5.6651551858522e-05,0.000498954497743398
11474,adam,5.6645538279553875e-05,0.0005224677152000368
11475,adam,5.663959018420428e-05,0.0005954973748885095
11476,adam,5.66334456379991e-05,0.0006582773639820516
11477,adam,5.66272901778575e-05,0.0007783405017107725
11478,adam,5.6621483963681385e-05,0.000854139740113169
11479,adam,5.661563409375958e-05,0.000956337433308363
11480,adam,5.6609438615851104e-05,0.0009747479925863445
11481,adam,5.660342867486179e-05,0.0010283873416483402
11482,adam,5.659710586769506e-05,0.001038763439282775
11483,adam,5.659116868628189e-05,0.0010970853036269546
11484,adam,5.658497684635222e-05,0.0010639517568051815
11485,adam,5.657872316078283e-05,0.0010315817780792713
11486,adam,5.6572447647340596e-05,0.0009138237801380455
11487,adam,5.656627763528377e-05,0.0008500487310811877
11488,adam,5.656001667375676e-05,0.0007362489122897387
11489,adam,5.65539303352125e-05,0.0006703453836962581
11490,adam,5.6547381973359734e-05,0.0005640683230012655
11491,adam,5.6541415688116103e-05,0.0005233386182226241
11492,adam,5.653504922520369e-05,0.0004362547188065946
11493,adam,5.652923573506996e-05,0.00042500364361330867
11494,adam,5.6522687373217195e-05,0.00042614596895873547
11495,adam,5.6516582844778895e-05,0.0004937778576277196
11496,adam,5.651086030411534e-05,0.0005738320760428905
11497,adam,5.650471575791016e-05,0.0006480894517153502
11498,adam,5.649840386467986e-05,0.0007042230572551489
11499,adam,5.6492492149118334e-05,0.0007389276288449764
11500,adam,5.648645310429856e-05,0.0007900244672782719
11501,adam,5.64806250622496e-05,0.0008460375247523189
11502,adam,5.647481157211587e-05,0.0009306344436481595
11503,adam,5.64686197321862e-05,0.0009708994184620678
11504,adam,5.6462507927790284e-05,0.0010178020456805825
11505,adam,5.6456403399351984e-05,0.0010291842045262456
11506,adam,5.6450222473358735e-05,0.0010525539983063936
11507,adam,5.6444358051521704e-05,0.001060027745552361
11508,adam,5.643811164190993e-05,0.0011138726258650422
11509,adam,5.643238182528876e-05,0.0011480608955025673
11510,adam,5.642627365887165e-05,0.0011851589661091566
11511,adam,5.642029282171279e-05,0.0011796553153544664
11512,adam,5.6414020946249366e-05,0.0011803173692896962
11513,adam,5.6407941883662716e-05,0.0011423019459471107
11514,adam,5.640189192490652e-05,0.001124839880503714
11515,adam,5.639579103444703e-05,0.0010907526593655348
11516,adam,5.638925722450949e-05,0.0010795551352202892
11517,adam,5.638310176436789e-05,0.0010541670490056276
11518,adam,5.637697540805675e-05,0.001033720443956554
11519,adam,5.6371001846855506e-05,0.0009864239254966378
11520,adam,5.636454079649411e-05,0.0009507311624474823
11521,adam,5.635847264784388e-05,0.0009386739111505449
11522,adam,5.635239722323604e-05,0.0009138506720773876
11523,adam,5.6346634664805606e-05,0.0008494729408994317
11524,adam,5.634011176880449e-05,0.0007592597976326942
11525,adam,5.6333701650146395e-05,0.0006693874602206051
11526,adam,5.6327884522033855e-05,0.0005767815746366978
11527,adam,5.632135798805393e-05,0.00048352748854085803
11528,adam,5.63152862014249e-05,0.0003688196593429893
11529,adam,5.630914165521972e-05,0.0002766534744296223
11530,adam,5.630285886581987e-05,0.00025393409305252135
11531,adam,5.62966670258902e-05,0.0002845114504452795
11532,adam,5.629070074064657e-05,0.0003741459804587066
11533,adam,5.6285280152224004e-05,0.00041366490768268704
11534,adam,5.627844439004548e-05,0.00047955833724699914
11535,adam,5.6272670917678624e-05,0.0005059529794380069
11536,adam,5.6266741012223065e-05,0.0005639720475301147
11537,adam,5.62602435820736e-05,0.0005632365355268121
11538,adam,5.625462654279545e-05,0.0005902120028622448
11539,adam,5.6248314649565145e-05,0.0005276647279970348
11540,adam,5.6242188293254e-05,0.0004900922649540007
11541,adam,5.62362365599256e-05,0.0004156868380960077
11542,adam,5.623007018584758e-05,0.0004025764937978238
11543,adam,5.622403841698542e-05,0.00035292390384711325
11544,adam,5.621777745545842e-05,0.0003661832888610661
11545,adam,5.621185482596047e-05,0.0003763714630622417
11546,adam,5.6205873988801613e-05,0.0004288947384338826
11547,adam,5.619989678962156e-05,0.0004214923537801951
11548,adam,5.619382136501372e-05,0.00041781875188462436
11549,adam,5.6187695008702576e-05,0.0003638338530436158
11550,adam,5.618146315100603e-05,0.0003355575609020889
11551,adam,5.617567876470275e-05,0.00027046864852309227
11552,adam,5.6169294111896306e-05,0.00024587922962382436
11553,adam,5.616334965452552e-05,0.00021318142535164952
11554,adam,5.6157350627472624e-05,0.00020610181672964245
11555,adam,5.6151231547119096e-05,0.0002596524718683213
11556,adam,5.61448723601643e-05,0.000305942608974874
11557,adam,5.6139149819500744e-05,0.000373945280443877
11558,adam,5.613300163531676e-05,0.0003986205265391618
11559,adam,5.612693348666653e-05,0.00043172971345484257
11560,adam,5.612099266727455e-05,0.00039926302270032465
11561,adam,5.6114655308192596e-05,0.00038275879342108965
11562,adam,5.6108725402737036e-05,0.00035138457315042615
11563,adam,5.6102824601111934e-05,0.0003594364388845861
11564,adam,5.6096720072673634e-05,0.00032477578497491777
11565,adam,5.609097206615843e-05,0.000331194227328524
11566,adam,5.60845946893096e-05,0.00029604940209537745
11567,adam,5.607838465948589e-05,0.00029511417960748076
11568,adam,5.607222919934429e-05,0.0002709616965148598
11569,adam,5.6066346587613225e-05,0.0002905256988015026
11570,adam,5.606032573268749e-05,0.0002842501562554389
11571,adam,5.6054112064884976e-05,0.00029745505889877677
11572,adam,5.604831676464528e-05,0.0003072452964261174
11573,adam,5.604217585641891e-05,0.0003287866129539907
11574,adam,5.603587123914622e-05,0.00035332833067514
11575,adam,5.6030159612419084e-05,0.0004088501736987382
11576,adam,5.6024178775260225e-05,0.0004870154079981148
11577,adam,5.6017976021394134e-05,0.0005491918418556452
11578,adam,5.601201337412931e-05,0.0006369139882735908
11579,adam,5.600604345090687e-05,0.0007316107512451708
11580,adam,5.600035729003139e-05,0.0008379687205888331
11581,adam,5.599441647063941e-05,0.0009215270983986557
11582,adam,5.598833377007395e-05,0.0010340061271563172
11583,adam,5.598224015557207e-05,0.0011312837013974786
11584,adam,5.5976794101297855e-05,0.0012479490833356977
11585,adam,5.597124982159585e-05,0.0013206010917201638
11586,adam,5.596494520432316e-05,0.0013856785371899605
11587,adam,5.595920083578676e-05,0.0013912605354562402
11588,adam,5.5952990805963054e-05,0.0013711886713281274
11589,adam,5.594696995103732e-05,0.0013317071134224534
11590,adam,5.59408035769593e-05,0.0013326930347830057
11591,adam,5.593473179033026e-05,0.001322233583778143
11592,adam,5.592870729742572e-05,0.0013006927911192179
11593,adam,5.5922679166542366e-05,0.0012522642500698566
11594,adam,5.591649824054912e-05,0.0012140319449827075
11595,adam,5.5910408264026046e-05,0.001169312046840787
11596,adam,5.590413275058381e-05,0.001130369957536459
11597,adam,5.589805732597597e-05,0.0010889123659580946
11598,adam,5.589210195466876e-05,0.0010733682429417968
11599,adam,5.588598651229404e-05,0.001061100047081709
11600,adam,5.587990381172858e-05,0.0010614583734422922
11601,adam,5.587393752648495e-05,0.0010443782666698098
11602,adam,5.5867953051347286e-05,0.0010297637199983
11603,adam,5.5861950386315584e-05,0.0010104951215907931
11604,adam,5.585584949585609e-05,0.0010115228360518813
11605,adam,5.5849890486570075e-05,0.0009593620197847486
11606,adam,5.584368409472518e-05,0.0009261615923605859
11607,adam,5.5837808758951724e-05,0.0009005357278510928
11608,adam,5.5831802455941215e-05,0.0008863763068802655
11609,adam,5.5825297749834135e-05,0.000826516654342413
11610,adam,5.581960431300104e-05,0.000807401433121413
11611,adam,5.581336154136807e-05,0.0007551608141511679
11612,adam,5.580750075750984e-05,0.0007080583600327373
11613,adam,5.580151264439337e-05,0.0006303924019448459
11614,adam,5.579509161179885e-05,0.0005829705041833222
11615,adam,5.578901982516982e-05,0.0004972460446879268
11616,adam,5.578291529673152e-05,0.0004598826926667243
11617,adam,5.5777250963728875e-05,0.0004435567825566977
11618,adam,5.5771135521354154e-05,0.0004956161719746888
11619,adam,5.576528565143235e-05,0.0005500466795638204
11620,adam,5.5759574024705216e-05,0.0006490761297754943
11621,adam,5.575364048127085e-05,0.0007467613904736936
11622,adam,5.574765236815438e-05,0.0008693020208738744
11623,adam,5.574180249823257e-05,0.0009625476668588817
11624,adam,5.57361236133147e-05,0.0010660571279004216
11625,adam,5.5730128224240616e-05,0.0011681132018566132
11626,adam,5.572443114942871e-05,0.0012796071823686361
11627,adam,5.5718519433867186e-05,0.0013532449956983328
11628,adam,5.571258952841163e-05,0.00143739627674222
11629,adam,5.570684152189642e-05,0.0015010078204795718
11630,adam,5.570103894569911e-05,0.0015842156717553735
11631,adam,5.56952363695018e-05,0.0016257730312645435
11632,adam,5.5689135479042307e-05,0.0016592001775279641
11633,adam,5.568345295614563e-05,0.001677588326856494
11634,adam,5.567737025558017e-05,0.0017256267601624131
11635,adam,5.567166954278946e-05,0.0017718449234962463
11636,adam,5.566591062233783e-05,0.0018620248883962631
11637,adam,5.5659977078903466e-05,0.0019286794122308493
11638,adam,5.565448373090476e-05,0.0020107876043766737
11639,adam,5.5648280977038667e-05,0.0020577237010002136
11640,adam,5.5642529332544655e-05,0.002117741387337446
11641,adam,5.5636548495385796e-05,0.002124238293617964
11642,adam,5.563074955716729e-05,0.002129239495843649
11643,adam,5.562496153288521e-05,0.0021074493415653706
11644,adam,5.5618747865082696e-05,0.0021079357247799635
11645,adam,5.56127997697331e-05,0.002061391482129693
11646,adam,5.560661156778224e-05,0.002016945742070675
11647,adam,5.560020872508176e-05,0.0019278534455224872
11648,adam,5.5593995057279244e-05,0.001852826913818717
11649,adam,5.5588214308954775e-05,0.001764316693879664
11650,adam,5.558161501539871e-05,0.001685907831415534
11651,adam,5.557512122322805e-05,0.001591333537362516
11652,adam,5.5569264077348635e-05,0.001526202424429357
11653,adam,5.5563235946465284e-05,0.0014442700194194913
11654,adam,5.5557342420797795e-05,0.0013929386623203754
11655,adam,5.5550961405970156e-05,0.0013286502799019217
11656,adam,5.5544856877531856e-05,0.001305410056374967
11657,adam,5.5539130698889494e-05,0.001290236134082079
11658,adam,5.553301889449358e-05,0.0013091879663988948
11659,adam,5.5527420045109466e-05,0.001302480697631836
11660,adam,5.552119910134934e-05,0.0013110142899677157
11661,adam,5.551531648961827e-05,0.0012874355306848884
11662,adam,5.550931746256538e-05,0.0012773951748386025
11663,adam,5.550331843551248e-05,0.0012769089080393314
11664,adam,5.549782872549258e-05,0.0013311437796801329
11665,adam,5.549200432142243e-05,0.0013844072818756104
11666,adam,5.5485954362666234e-05,0.0014541492564603686
11667,adam,5.548035187530331e-05,0.0014981034910306334
11668,adam,5.547420369111933e-05,0.0015182577772065997
11669,adam,5.546809552470222e-05,0.0014998388942331076
11670,adam,5.546236570808105e-05,0.001506006228737533
11671,adam,5.545630483538844e-05,0.001522390404716134
11672,adam,5.545080784941092e-05,0.0015999504830688238
11673,adam,5.54447433387395e-05,0.0016806547064334154
11674,adam,5.5439220886910334e-05,0.0017688360530883074
11675,adam,5.543313091038726e-05,0.0018264604732394218
11676,adam,5.54277648916468e-05,0.0019139954820275307
11677,adam,5.542194776353426e-05,0.0019921332132071257
11678,adam,5.5416327086277306e-05,0.0020883246324956417
11679,adam,5.541072823689319e-05,0.002183399396017194
11680,adam,5.540533675230108e-05,0.0023279935121536255
11681,adam,5.5399803386535496e-05,0.0024594387505203485
11682,adam,5.539459380088374e-05,0.002617203863337636
11683,adam,5.5389220506185666e-05,0.002776722889393568
11684,adam,5.538417099160142e-05,0.0029739527963101864
11685,adam,5.5379103287123144e-05,0.0031456591095775366
11686,adam,5.5374061048496515e-05,0.003331146901473403
11687,adam,5.5368993344018236e-05,0.003472022246569395
11688,adam,5.536372555070557e-05,0.00361066497862339
11689,adam,5.5357999372063205e-05,0.003698246320709586
11690,adam,5.535286254598759e-05,0.0037751684430986643
11691,adam,5.534692172659561e-05,0.0038086120039224625
11692,adam,5.53413265151903e-05,0.0038571159821003675
11693,adam,5.533526564249769e-05,0.003868160769343376
11694,adam,5.53295249119401e-05,0.003885459853336215
11695,adam,5.532356954063289e-05,0.0038837334141135216
11696,adam,5.5317821534117684e-05,0.003943237010389566
11697,adam,5.531219721888192e-05,0.003979063592851162
11698,adam,5.5306623835349455e-05,0.004025972913950682
11699,adam,5.530099952011369e-05,0.00404755026102066
11700,adam,5.5295229685725644e-05,0.004101932514458895
11701,adam,5.528963447432034e-05,0.004121099598705769
11702,adam,5.528359906747937e-05,0.004145293030887842
11703,adam,5.527792382054031e-05,0.004118145909160376
11704,adam,5.52720193809364e-05,0.004122610203921795
11705,adam,5.5265958508243784e-05,0.004126821178942919
11706,adam,5.526067252503708e-05,0.004156794399023056
11707,adam,5.5254786275327206e-05,0.004156561568379402
11708,adam,5.524920561583713e-05,0.004176516551524401
11709,adam,5.5243654060177505e-05,0.00421038968488574
11710,adam,5.523854633793235e-05,0.004316958133131266
11711,adam,5.5234148021554574e-05,0.004454154521226883
11712,adam,5.5229418649105355e-05,0.0046243020333349705
11713,adam,5.5224852985702455e-05,0.004776200745254755
11714,adam,5.522057108464651e-05,0.004949106369167566
11715,adam,5.521591447177343e-05,0.0051195393316447735
11716,adam,5.521150887943804e-05,0.005316059570759535
11717,adam,5.520763079402968e-05,0.005498908925801516
11718,adam,5.520304694073275e-05,0.0056589203886687756
11719,adam,5.519839032785967e-05,0.0057758004404604435
11720,adam,5.5193693697219715e-05,0.005900514777749777
11721,adam,5.5188578699016944e-05,0.005986184813082218
11722,adam,5.518328180187382e-05,0.006041424814611673
11723,adam,5.517745012184605e-05,0.006056422833353281
11724,adam,5.517178578884341e-05,0.006064774934202433
11725,adam,5.516563760465942e-05,0.006045998074114323
11726,adam,5.515974044101313e-05,0.0060515571385622025
11727,adam,5.515430530067533e-05,0.006067619659006596
11728,adam,5.5148873798316345e-05,0.006127265747636557
11729,adam,5.514370423043147e-05,0.0061989109963178635
11730,adam,5.513860014616512e-05,0.006286707706749439
11731,adam,5.51326920685824e-05,0.006326497066766024
11732,adam,5.512664210982621e-05,0.006328721065074205
11733,adam,5.512089774128981e-05,0.006300635170191526
11734,adam,5.511485142051242e-05,0.00630100816488266
11735,adam,5.510867413249798e-05,0.006293256767094135
11736,adam,5.51030425413046e-05,0.006301794201135635
11737,adam,5.509729089681059e-05,0.006316456012427807
11738,adam,5.5092255934141576e-05,0.006382498890161514
11739,adam,5.5086966312956065e-05,0.0064200712367892265
11740,adam,5.50816475879401e-05,0.006447433028370142
11741,adam,5.507619061972946e-05,0.006485660094767809
11742,adam,5.5071519454941154e-05,0.006591775454580784
11743,adam,5.5067037465050817e-05,0.006739151664078236
11744,adam,5.506399611476809e-05,0.006922592408955097
11745,adam,5.50602562725544e-05,0.007105456665158272
11746,adam,5.505664739757776e-05,0.007326214108616114
11747,adam,5.505354420165531e-05,0.007545286323875189
11748,adam,5.505047374754213e-05,0.0077620744705200195
11749,adam,5.504674481926486e-05,0.007930285297334194
11750,adam,5.504280488821678e-05,0.008070824667811394
11751,adam,5.503787178895436e-05,0.008171872235834599
11752,adam,5.5033116950653493e-05,0.008261448703706264
11753,adam,5.502758358488791e-05,0.008310654200613499
11754,adam,5.502187559613958e-05,0.008370126597583294
11755,adam,5.501676059793681e-05,0.008412893861532211
11756,adam,5.501099076354876e-05,0.008465862832963467
11757,adam,5.50051627214998e-05,0.008478324860334396
11758,adam,5.499934559338726e-05,0.008480843156576157
11759,adam,5.4992986406432465e-05,0.008442830294370651
11760,adam,5.498599784914404e-05,0.008388386107981205
11761,adam,5.4979300330160186e-05,0.008278031833469868
11762,adam,5.497133679455146e-05,0.008166877552866936
11763,adam,5.4964177252259105e-05,0.008039078675210476
11764,adam,5.495694495039061e-05,0.007937241345643997
11765,adam,5.494968718267046e-05,0.00781316589564085
11766,adam,5.494250217452645e-05,0.007681285031139851
11767,adam,5.4934855143073946e-05,0.007514231838285923
11768,adam,5.492740820045583e-05,0.007368490565568209
11769,adam,5.491959018399939e-05,0.0072173322550952435
11770,adam,5.491286356118508e-05,0.007104404270648956
11771,adam,5.490560215548612e-05,0.0069716982543468475
11772,adam,5.489826435223222e-05,0.006818147376179695
11773,adam,5.489069371833466e-05,0.006631738506257534
11774,adam,5.48829157196451e-05,0.00646652327850461
11775,adam,5.4875476052984595e-05,0.0062895771116018295
11776,adam,5.486775262397714e-05,0.006118980702012777
11777,adam,5.486046939040534e-05,0.005952179431915283
11778,adam,5.485320798470639e-05,0.005813285708427429
11779,adam,5.484621215146035e-05,0.0056822276674211025
11780,adam,5.483960558194667e-05,0.005590199492871761
11781,adam,5.483271161210723e-05,0.005498512182384729
11782,adam,5.482603228301741e-05,0.005424005910754204
11783,adam,5.4819887736812234e-05,0.0053344364278018475
11784,adam,5.4812695452710614e-05,0.005238695535808802
11785,adam,5.480588151840493e-05,0.00511194858700037
11786,adam,5.47989911865443e-05,0.004980055615305901
11787,adam,5.4792079026810825e-05,0.004833736922591925
11788,adam,5.478510865941644e-05,0.004715082701295614
11789,adam,5.47785748494789e-05,0.004606856033205986
11790,adam,5.477212471305393e-05,0.004512406885623932
11791,adam,5.476569276652299e-05,0.004406759515404701
11792,adam,5.4758766054874286e-05,0.004316914826631546
11793,adam,5.475252328324132e-05,0.004224118776619434
11794,adam,5.4746047680964693e-05,0.004134751856327057
11795,adam,5.4739328334107995e-05,0.004005859140306711
11796,adam,5.473250348586589e-05,0.003877397160977125
11797,adam,5.472589691635221e-05,0.00373905710875988
11798,adam,5.471912299981341e-05,0.0036216850858181715
11799,adam,5.471241820487194e-05,0.0034845764748752117
11800,adam,5.470638643600978e-05,0.0033691665157675743
11801,adam,5.469986717798747e-05,0.0032896483317017555
11802,adam,5.469401730806567e-05,0.0032485444098711014
11803,adam,5.4687639931216836e-05,0.0031758046243339777
11804,adam,5.468152812682092e-05,0.0031141205690801144
11805,adam,5.467568917083554e-05,0.003053045365959406
11806,adam,5.4669464589096606e-05,0.0030149193480610847
11807,adam,5.4663312766933814e-05,0.0029558888636529446
11808,adam,5.465740105137229e-05,0.0028931074775755405
11809,adam,5.465111826197244e-05,0.002824686234816909
11810,adam,5.464518108055927e-05,0.0028121708892285824
11811,adam,5.4639142035739496e-05,0.002792148385196924
11812,adam,5.463345951284282e-05,0.002781020011752844
11813,adam,5.462738045025617e-05,0.002744912402704358
11814,adam,5.462153421831317e-05,0.0027098918799310923
11815,adam,5.461528417072259e-05,0.0026183524169027805
11816,adam,5.460899046738632e-05,0.002524745184928179
11817,adam,5.460264947032556e-05,0.002403297694399953
11818,adam,5.4596865084022284e-05,0.0023104792926460505
11819,adam,5.4590356739936396e-05,0.002182133961468935
11820,adam,5.4584004828939214e-05,0.0020640434231609106
11821,adam,5.457784209284e-05,0.001913508865982294
11822,adam,5.4571832151850685e-05,0.0018095155246555805
11823,adam,5.4565589380217716e-05,0.0016789984656497836
11824,adam,5.455962673295289e-05,0.001579209929332137
11825,adam,5.4553671361645684e-05,0.0014573348453268409
11826,adam,5.4547675972571597e-05,0.0013823180925101042
11827,adam,5.4541684221476316e-05,0.001294079003855586
11828,adam,5.453583798953332e-05,0.0012413790682330728
11829,adam,5.4530202760361135e-05,0.0011662113247439265
11830,adam,5.452453842735849e-05,0.0011387075064703822
11831,adam,5.4518506658496335e-05,0.0010812802938744426
11832,adam,5.451232209452428e-05,0.0010420192265883088
11833,adam,5.450647950056009e-05,0.000980745768174529
11834,adam,5.450080425362103e-05,0.0009634430170990527
11835,adam,5.449524542200379e-05,0.0009050172520801425
11836,adam,5.448927913676016e-05,0.0008786942926235497
11837,adam,5.4483505664393306e-05,0.0008271322003565729
11838,adam,5.447779767564498e-05,0.0008355319732800126
11839,adam,5.447184230433777e-05,0.0008115648524835706
11840,adam,5.44659596926067e-05,0.0007851655827835202
11841,adam,5.446033537737094e-05,0.000700008706189692
11842,adam,5.445419446914457e-05,0.0006673738243989646
11843,adam,5.4448468290502205e-05,0.0006306559662334621
11844,adam,5.444269845611416e-05,0.0006393878720700741
11845,adam,5.4437034123111516e-05,0.000642439175862819
11846,adam,5.443124609882943e-05,0.0006974636926315725
11847,adam,5.4425763664767146e-05,0.0007281139842234552
11848,adam,5.441978282760829e-05,0.0007748038624413311
11849,adam,5.441446410259232e-05,0.0008075208170339465
11850,adam,5.44084505236242e-05,0.0008652132819406688
11851,adam,5.4403011745307595e-05,0.0008946273592300713
11852,adam,5.439717642730102e-05,0.0009434308740310371
11853,adam,5.439136293716729e-05,0.000950931862462312
11854,adam,5.438577136374079e-05,0.0009742119000293314
11855,adam,5.43800852028653e-05,0.0009698147769086063
11856,adam,5.437440995592624e-05,0.0009686482371762395
11857,adam,5.436861465568654e-05,0.0009388796170242131
11858,adam,5.436252467916347e-05,0.0009363951394334435
11859,adam,5.435702405520715e-05,0.0009092574473470449
11860,adam,5.435123966890387e-05,0.0009013146627694368
11861,adam,5.434560443973169e-05,0.0008545225718989968
11862,adam,5.433979458757676e-05,0.0008337757317349315
11863,adam,5.433387923403643e-05,0.0007739400025457144
11864,adam,5.43282731086947e-05,0.0007475033635273576
11865,adam,5.432251055026427e-05,0.0006674470496363938
11866,adam,5.4316809837473556e-05,0.0006345862639136612
11867,adam,5.431076715467498e-05,0.0005745511152781546
11868,adam,5.430504461401142e-05,0.0005339062190614641
11869,adam,5.429916564025916e-05,0.0004397797165438533
11870,adam,5.429353768704459e-05,0.0003550922847352922
11871,adam,5.42879497515969e-05,0.0002584981848485768
11872,adam,5.4282125347526744e-05,0.00023459251679014415
11873,adam,5.4276071750791743e-05,0.00027902971487492323
11874,adam,5.4270567488856614e-05,0.00032314800773747265
11875,adam,5.426482675829902e-05,0.00044118170626461506
11876,adam,5.425901326816529e-05,0.0005053940694779158
11877,adam,5.4253592679742724e-05,0.0005557989934459329
11878,adam,5.424784103524871e-05,0.0005635026027448475
11879,adam,5.424234041129239e-05,0.0006190254935063422
11880,adam,5.423651964520104e-05,0.0006568084936589003
11881,adam,5.423093170975335e-05,0.0007229457842186093
11882,adam,5.422542380983941e-05,0.0007438676548190415
11883,adam,5.421938112704083e-05,0.0007716268883086741
11884,adam,5.421384412329644e-05,0.000767676392570138
11885,adam,5.420823799795471e-05,0.0007751056691631675
11886,adam,5.420270099421032e-05,0.0007548172725364566
11887,adam,5.419675289886072e-05,0.0007251855568028986
11888,adam,5.4190793889574707e-05,0.0006629882846027613
11889,adam,5.4185267799766734e-05,0.0006262573879212141
11890,adam,5.41794033779297e-05,0.0005940152332186699
11891,adam,5.417377906269394e-05,0.000592132390011102
11892,adam,5.41681147296913e-05,0.0005949639598838985
11893,adam,5.41626286576502e-05,0.0005967249162495136
11894,adam,5.4156695114215836e-05,0.0005878956872038543
11895,adam,5.415087434812449e-05,0.0005905284197069705
11896,adam,5.414540282799862e-05,0.0006073510739952326
11897,adam,5.413984035840258e-05,0.0006380515405908227
11898,adam,5.413417238742113e-05,0.0006779191899113357
11899,adam,5.412814061855897e-05,0.0007145737181417644
11900,adam,5.412308746599592e-05,0.0007452602148987353
11901,adam,5.4117128456709906e-05,0.0008126322645694017
11902,adam,5.4111576901050285e-05,0.0008665412315167487
11903,adam,5.410613812273368e-05,0.000958494667429477
11904,adam,5.410027733887546e-05,0.001009042956866324
11905,adam,5.40947585250251e-05,0.0010561431990936399
11906,adam,5.408904326031916e-05,0.001049897982738912
11907,adam,5.4082942369859666e-05,0.00106214196421206
11908,adam,5.407766002463177e-05,0.0010190736502408981
11909,adam,5.407174103311263e-05,0.0009699774673208594
11910,adam,5.406578929978423e-05,0.0008619704167358577
11911,adam,5.4060350521467626e-05,0.0007922405493445694
11912,adam,5.405435149441473e-05,0.0007050291169434786
11913,adam,5.404870171332732e-05,0.0006418254924938083
11914,adam,5.4043401178205386e-05,0.0005626874044537544
11915,adam,5.4037162044551224e-05,0.0005066848243586719
11916,adam,5.403174873208627e-05,0.00046535785077139735
11917,adam,5.402605529525317e-05,0.0004508039855863899
11918,adam,5.402034003054723e-05,0.0004719231219496578
11919,adam,5.4014893976273015e-05,0.0005006390274502337
11920,adam,5.4009065934224054e-05,0.0005481421248987317
11921,adam,5.400351801654324e-05,0.000550353666767478
11922,adam,5.399766450864263e-05,0.0005349290440790355
11923,adam,5.399194560595788e-05,0.0004865207592956722
11924,adam,5.398629582487047e-05,0.0004448213439900428
11925,adam,5.3980722441338e-05,0.0003603854856919497
11926,adam,5.397459608502686e-05,0.00028324054437689483
11927,adam,5.396919368649833e-05,0.00022670124599244446
11928,adam,5.396366395871155e-05,0.00023795734159648418
11929,adam,5.395769403548911e-05,0.00025700850528664887
11930,adam,5.395222615334205e-05,0.0003207393456250429
11931,adam,5.3946670959703624e-05,0.0003712062316481024
11932,adam,5.394126128521748e-05,0.0004634697688743472
11933,adam,5.393555329646915e-05,0.0005474782083183527
11934,adam,5.392992534325458e-05,0.0006403079605661333
11935,adam,5.392448656493798e-05,0.0006787668680772185
11936,adam,5.391863305703737e-05,0.0007310633081942797
11937,adam,5.39131106052082e-05,0.0007349684019573033
11938,adam,5.390719888964668e-05,0.0007427142700180411
11939,adam,5.3901763749308884e-05,0.0006900293519720435
11940,adam,5.3896259487373754e-05,0.0006746063590981066
11941,adam,5.389024590840563e-05,0.0006229312857612967
11942,adam,5.388477802625857e-05,0.0006054515251889825
11943,adam,5.387911369325593e-05,0.0005241751205176115
11944,adam,5.387364581110887e-05,0.00049892149399966
11945,adam,5.386767952586524e-05,0.00044988206354901195
11946,adam,5.386230623116717e-05,0.00044992147013545036
11947,adam,5.385673648561351e-05,0.0003708585281856358
11948,adam,5.385086842579767e-05,0.0003121159679722041
11949,adam,5.384501855587587e-05,0.00023157735995482653
11950,adam,5.383966345107183e-05,0.00021139970340300351
11951,adam,5.38340063940268e-05,0.00021419694530777633
11952,adam,5.382835661293939e-05,0.0002428282459732145
11953,adam,5.382276503951289e-05,0.0003120202454738319
11954,adam,5.381700611906126e-05,0.00035572893102653325
11955,adam,5.3811272664461285e-05,0.0004355836717877537
11956,adam,5.380595030146651e-05,0.0004721216100733727
11957,adam,5.380029324442148e-05,0.00048419839004054666
11958,adam,5.3794636187376454e-05,0.00045331910951063037
11959,adam,5.378901187214069e-05,0.00040543233626522124
11960,adam,5.3783551265951246e-05,0.00037194491596892476
11961,adam,5.377779234549962e-05,0.00034219224471598864
11962,adam,5.377222987590358e-05,0.000379635690478608
11963,adam,5.376638000598177e-05,0.00038600186235271394
11964,adam,5.376116678235121e-05,0.00041649115155451
11965,adam,5.375537875806913e-05,0.0003842963487841189
11966,adam,5.374979446060024e-05,0.00038228166522458196
11967,adam,5.374419197323732e-05,0.0003223310923203826
11968,adam,5.373862950364128e-05,0.0003106259973719716
11969,adam,5.3732626838609576e-05,0.0003117363667115569
11970,adam,5.372723171603866e-05,0.0003428272029850632
11971,adam,5.3721556469099596e-05,0.0004193571221549064
11972,adam,5.3716139518655837e-05,0.0004645649460144341
11973,adam,5.371063525672071e-05,0.0005115825915709138
11974,adam,5.3704919992014766e-05,0.0005111654754728079
11975,adam,5.369943755795248e-05,0.0005384284886531532
11976,adam,5.3693664085585624e-05,0.0004935538163408637
11977,adam,5.3688097978010774e-05,0.00044441240606829524
11978,adam,5.3682630095863715e-05,0.0003402025322429836
11979,adam,5.367663470678963e-05,0.00026657446869648993
11980,adam,5.367151607060805e-05,0.00019964239618275315
11981,adam,5.3665680752601475e-05,0.0002313380391569808
11982,adam,5.366024561226368e-05,0.0003546757507137954
11983,adam,5.365473771234974e-05,0.0004698963894043118
11984,adam,5.364914613892324e-05,0.0006012579542584717
11985,adam,5.364376193028875e-05,0.0006567197269760072
11986,adam,5.3638061217498034e-05,0.0007128503639250994
11987,adam,5.363259697332978e-05,0.0007001014309935272
11988,adam,5.362690717447549e-05,0.0006996550946496427
11989,adam,5.362120282370597e-05,0.0006362932617776096
11990,adam,5.361557850847021e-05,0.0005704476498067379
11991,adam,5.360981958801858e-05,0.0004516933113336563
11992,adam,5.3604297136189416e-05,0.00040459883166477084
11993,adam,5.359896022127941e-05,0.00033057157997973263
11994,adam,5.3593190386891365e-05,0.00030512255034409463
11995,adam,5.358760245144367e-05,0.00024001907149795443
11996,adam,5.358199268812314e-05,0.00021636259043589234
11997,adam,5.357651025406085e-05,0.0002178784488933161
11998,adam,5.357090776669793e-05,0.00024447424220852554
11999,adam,5.356533074518666e-05,0.000307838199660182
12000,adam,5.35598119313363e-05,0.00032107584411278367
12001,adam,5.355418034014292e-05,0.0003510938840918243
12002,adam,5.3548759751720354e-05,0.000317471130983904
12003,adam,5.354327367967926e-05,0.00030796899227425456
12004,adam,5.35377039341256e-05,0.00025273350183852017
12005,adam,5.35322142241057e-05,0.00022872154659125954
12006,adam,5.3526393458014354e-05,0.00021480822761077434
12007,adam,5.3520761866820976e-05,0.0002249372482765466
12008,adam,5.351522850105539e-05,0.00026456214254722
12009,adam,5.3509844292420894e-05,0.00029724364867433906
12010,adam,5.3504139941651374e-05,0.0003710929013323039
12011,adam,5.349863204173744e-05,0.00038715879782103
12012,adam,5.34930732101202e-05,0.0004230327613186091
12013,adam,5.348767081159167e-05,0.0003916932037100196
12014,adam,5.348216654965654e-05,0.0003862811136059463
12015,adam,5.347645856090821e-05,0.00032505844137631357
12016,adam,5.347073238226585e-05,0.00029508298030123115
12017,adam,5.3465086239157245e-05,0.0002299851184943691
12018,adam,5.345966565073468e-05,0.00022073979198466986
12019,adam,5.345431054593064e-05,0.0002758563496172428
12020,adam,5.344903183868155e-05,0.00035841125645674765
12021,adam,5.3443105571204796e-05,0.000471614912385121
12022,adam,5.343780139810406e-05,0.0005436267238110304
12023,adam,5.343189332052134e-05,0.0006132356356829405
12024,adam,5.3426530939759687e-05,0.0006167304236441851
12025,adam,5.342144504538737e-05,0.0006208528066053987
12026,adam,5.3415460570249707e-05,0.0005881708930246532
12027,adam,5.341016731108539e-05,0.0005501543637365103
12028,adam,5.3404593927552924e-05,0.0004880948690697551
12029,adam,5.3398587624542415e-05,0.00044837684254162014
12030,adam,5.3393421694636345e-05,0.0003880607255268842
12031,adam,5.3387906518764794e-05,0.00032954878406599164
12032,adam,5.3382100304588675e-05,0.00027128594228997827
12033,adam,5.337665425031446e-05,0.00026857023476623
12034,adam,5.337116454029456e-05,0.00025776124675758183
12035,adam,5.336593676474877e-05,0.0002953908406198025
12036,adam,5.336015237844549e-05,0.0003277499636169523
12037,adam,5.335489913704805e-05,0.0003922009200323373
12038,adam,5.334915476851165e-05,0.00042669044341892004
12039,adam,5.3343836043495685e-05,0.00045285458327271044
12040,adam,5.333848821464926e-05,0.0004680146521423012
12041,adam,5.333264562068507e-05,0.0004594781494233757
12042,adam,5.332735599949956e-05,0.00046197412302717566
12043,adam,5.332141154212877e-05,0.0004205794830340892
12044,adam,5.3316329285735264e-05,0.0003934281994588673
12045,adam,5.331071588443592e-05,0.0003358325338922441
12046,adam,5.3305222536437213e-05,0.0003050196391995996
12047,adam,5.329944542609155e-05,0.0002288345422130078
12048,adam,5.329385385266505e-05,0.000202831273782067
12049,adam,5.328876432031393e-05,0.0001982278481591493
12050,adam,5.328312181518413e-05,0.0002069097536150366
12051,adam,5.327729741111398e-05,0.0002406042185612023
12052,adam,5.32721278432291e-05,0.00023769066319800913
12053,adam,5.326653990778141e-05,0.00025270902551710606
12054,adam,5.3261013817973435e-05,0.00024136112187989056
12055,adam,5.3255611419444904e-05,0.00023475862690247595
12056,adam,5.3250019846018404e-05,0.00020503935229498893
12057,adam,5.324439916876145e-05,0.00020066439174115658
12058,adam,5.3239062253851444e-05,0.00021244063100311905
12059,adam,5.323358709574677e-05,0.0002366365515626967
12060,adam,5.3227926400722936e-05,0.00030804926063865423
12061,adam,5.3222698625177145e-05,0.0003488808579277247
12062,adam,5.3217343520373106e-05,0.00043164004455320537
12063,adam,5.321158096194267e-05,0.00047741501475684345
12064,adam,5.320645868778229e-05,0.000532492296770215
12065,adam,5.320070340530947e-05,0.000511119666043669
12066,adam,5.319529736880213e-05,0.0004909327835775912
12067,adam,5.318986950442195e-05,0.0004134966875426471
12068,adam,5.31843543285504e-05,0.0003408328047953546
12069,adam,5.3178693633526564e-05,0.00024321004457306117
12070,adam,5.3173425840213895e-05,0.00019633048214018345
12071,adam,5.316781243891455e-05,0.00023934536147862673
12072,adam,5.3162268159212545e-05,0.0003304501005914062
12073,adam,5.315715679898858e-05,0.0004531973390839994
12074,adam,5.3151783504290506e-05,0.0005467981100082397
12075,adam,5.314591544447467e-05,0.000599892227910459
12076,adam,5.314047302817926e-05,0.0006009627250023186
12077,adam,5.3134921472519636e-05,0.0005579905118793249
12078,adam,5.312971188686788e-05,0.00048506230814382434
12079,adam,5.3123927500564605e-05,0.000385138118872419
12080,adam,5.311868881108239e-05,0.00031449252855964005
12081,adam,5.311287532094866e-05,0.0002536248357500881
12082,adam,5.310754931997508e-05,0.000281112443190068
12083,adam,5.310220876708627e-05,0.00030409780447371304
12084,adam,5.3096820920472965e-05,0.00036018056562170386
12085,adam,5.3091403970029205e-05,0.00037766643799841404
12086,adam,5.3085812396602705e-05,0.00040877817082218826
12087,adam,5.3080533689353615e-05,0.00039914902299642563
12088,adam,5.3075018513482064e-05,0.0003846243489533663
12089,adam,5.306953607941978e-05,0.0003466293273959309
12090,adam,5.306378079694696e-05,0.0003187683178111911
12091,adam,5.305829836288467e-05,0.0003062876348849386
12092,adam,5.305316881276667e-05,0.00032720857416279614
12093,adam,5.304768274072558e-05,0.00038795609725639224
12094,adam,5.304206570144743e-05,0.0004198936221655458
12095,adam,5.303683428792283e-05,0.000442221004050225
12096,adam,5.3031260904390365e-05,0.00040266377618536353
12097,adam,5.3025854867883027e-05,0.000334706564899534
12098,adam,5.302032514009625e-05,0.0002611575473565608
12099,adam,5.301492637954652e-05,0.00025607162388041615
12100,adam,5.300950215314515e-05,0.00037889217492192984
12101,adam,5.300403427099809e-05,0.0004909492563456297
12102,adam,5.299902841215953e-05,0.0006236020708456635
12103,adam,5.2993396820966154e-05,0.0007156972424127162
12104,adam,5.298804535414092e-05,0.0007899664924480021
12105,adam,5.298271935316734e-05,0.0007412323029711843
12106,adam,5.297686220728792e-05,0.000622614927124232
12107,adam,5.297137249726802e-05,0.00043193408055230975
12108,adam,5.296602103044279e-05,0.0002833306207321584
12109,adam,5.2960833272663876e-05,0.0002458257949911058
12110,adam,5.295514711178839e-05,0.0002907945599872619
12111,adam,5.294968286762014e-05,0.0004009778785984963
12112,adam,5.294439324643463e-05,0.00048412091564387083
12113,adam,5.293912181514315e-05,0.0005712967831641436
12114,adam,5.293356298352592e-05,0.0005684597417712212
12115,adam,5.292814239510335e-05,0.0005354237509891391
12116,adam,5.2922634495189413e-05,0.0004853274440392852
12117,adam,5.2917264838470146e-05,0.00046973253483884037
12118,adam,5.291193519951776e-05,0.0004398920282255858
12119,adam,5.2906569180777296e-05,0.00038195340312086046
12120,adam,5.290111948852427e-05,0.00034000343293882906
12121,adam,5.289550608722493e-05,0.00028113386360928416
12122,adam,5.288996908348054e-05,0.00025524463853798807
12123,adam,5.288474858389236e-05,0.00020542148558888584
12124,adam,5.287939711706713e-05,0.0001942095550475642
12125,adam,5.287380554364063e-05,0.0002239596506115049
12126,adam,5.286859959596768e-05,0.0002711521810851991
12127,adam,5.286313171382062e-05,0.0003618045593611896
12128,adam,5.285776569508016e-05,0.0003761624393519014
12129,adam,5.2852105000056326e-05,0.00038437984767369926
12130,adam,5.284715734887868e-05,0.00030151536338962615
12131,adam,5.284165672492236e-05,0.00023727587540633976
12132,adam,5.2835970564046875e-05,0.00021062603627797216
12133,adam,5.2830928325420246e-05,0.00026489273295737803
12134,adam,5.282515485305339e-05,0.0003798176476266235
12135,adam,5.281986523186788e-05,0.00043826678302139044
12136,adam,5.281468475004658e-05,0.0004812648694496602
12137,adam,5.280926779960282e-05,0.0004411349364090711
12138,adam,5.280404002405703e-05,0.00041055449401028454
12139,adam,5.2798455726588145e-05,0.0003161773784086108
12140,adam,5.279319157125428e-05,0.0002479843678884208
12141,adam,5.278780008666217e-05,0.00019520094792824239
12142,adam,5.278231037664227e-05,0.0001986973366001621
12143,adam,5.277670788927935e-05,0.00023742466873954982
12144,adam,5.2771385526284575e-05,0.00023660283477511257
12145,adam,5.27661650266964e-05,0.00024634753935970366
12146,adam,5.276075899018906e-05,0.00023858157510403544
12147,adam,5.275529474602081e-05,0.0002866408904083073
12148,adam,5.2750085160369053e-05,0.0003201073268428445
12149,adam,5.274485738482326e-05,0.00034597431658767164
12150,adam,5.2739425882464275e-05,0.00034173132735304534
12151,adam,5.27337433595676e-05,0.00029387298854999244
12152,adam,5.272846465231851e-05,0.00021241899230517447
12153,adam,5.27230222360231e-05,0.0002593519748188555
12154,adam,5.271787813398987e-05,0.0003983203787356615
12155,adam,5.271284680929966e-05,0.0005533922230824828
12156,adam,5.2707389841089025e-05,0.0006453007226809859
12157,adam,5.270207111607306e-05,0.0007325684418901801
12158,adam,5.269677785690874e-05,0.0007860402693040669
12159,adam,5.2691339078592137e-05,0.0008271007100120187
12160,adam,5.2686074923258275e-05,0.0008080062107183039
12161,adam,5.268074164632708e-05,0.0007664310978725553
12162,adam,5.2675153710879385e-05,0.0006619095802307129
12163,adam,5.266994776320644e-05,0.0005375095061026514
12164,adam,5.266415610094555e-05,0.00036410329630598426
12165,adam,5.2658717322628945e-05,0.00023150740889832377
12166,adam,5.265359141048975e-05,0.00021049496717751026
12167,adam,5.2648170822067186e-05,0.00028216122882440686
12168,adam,5.264256105874665e-05,0.0003894315450452268
12169,adam,5.2637791668530554e-05,0.0004280637367628515
12170,adam,5.26319672644604e-05,0.00044213124783709645
12171,adam,5.262688500806689e-05,0.0003495086566545069
12172,adam,5.2621453505707905e-05,0.00026104861171916127
12173,adam,5.261578917270526e-05,0.0001984120171982795
12174,adam,5.2610357670346275e-05,0.00019522293587215245
12175,adam,5.260537363938056e-05,0.00020450164447538555
12176,adam,5.2600062190322205e-05,0.00020390604913700372
12177,adam,5.259450335870497e-05,0.0002251782570965588
12178,adam,5.258937017060816e-05,0.00023520163085777313
12179,adam,5.2584055083571e-05,0.0002790046564769
12180,adam,5.257875091047026e-05,0.0002918007376138121
12181,adam,5.257362136035226e-05,0.0003061280585825443
12182,adam,5.25680989085231e-05,0.0002768062404356897
12183,adam,5.256272561382502e-05,0.00024698281777091324
12184,adam,5.255750147625804e-05,0.00021925159671809524
12185,adam,5.2552066335920244e-05,0.0002077224344247952
12186,adam,5.254639108898118e-05,0.00024212391872424632
12187,adam,5.2541206969181076e-05,0.00026322074700146914
12188,adam,5.25363466294948e-05,0.00029839263879694045
12189,adam,5.253059498500079e-05,0.0003042734751943499
12190,adam,5.252569098956883e-05,0.0003406026808079332
12191,adam,5.252032497082837e-05,0.0003275790950283408
12192,adam,5.251494440017268e-05,0.000321260595228523
12193,adam,5.250942922430113e-05,0.0003165795642416924
12194,adam,5.250435424386524e-05,0.0003059590235352516
12195,adam,5.2498875447781757e-05,0.0002963784500025213
12196,adam,5.2493458497338e-05,0.0002566363546065986
12197,adam,5.2488332585198805e-05,0.0002473152708262205
12198,adam,5.248273373581469e-05,0.00022478257596958429
12199,adam,5.247752051218413e-05,0.00023086094006430358
12200,adam,5.247242370387539e-05,0.00022767011250834912
12201,adam,5.246715954854153e-05,0.00023673941905144602
12202,adam,5.246173168416135e-05,0.00023439030337613076
12203,adam,5.2456358389463276e-05,0.00022388882644008845
12204,adam,5.245091233518906e-05,0.00020785930973943323
12205,adam,5.2446051995502785e-05,0.00019656358927022666
12206,adam,5.244076601229608e-05,0.0002145404287148267
12207,adam,5.2435319958021864e-05,0.00023360035265795887
12208,adam,5.2429913921514526e-05,0.0002785180404316634
12209,adam,5.2424562454689294e-05,0.00028430778183974326
12210,adam,5.241927647148259e-05,0.00032053771428763866
12211,adam,5.2414328820304945e-05,0.00030928905471228063
12212,adam,5.2408886404009536e-05,0.00032329323585145175
12213,adam,5.240341852186248e-05,0.00026140178670175374
12214,adam,5.2398056141100824e-05,0.00021822519192937762
12215,adam,5.239303209236823e-05,0.00021088602079544216
12216,adam,5.23877315572463e-05,0.00027158064767718315
12217,adam,5.2382441936060786e-05,0.0003670169098768383
12218,adam,5.23771668667905e-05,0.0003848582273349166
12219,adam,5.237205186858773e-05,0.0003962851769756526
12220,adam,5.236673678155057e-05,0.0003323557320982218
12221,adam,5.236155993770808e-05,0.0003088485973421484
12222,adam,5.2355673687998205e-05,0.00025429530069231987
12223,adam,5.235075150267221e-05,0.0002257682353956625
12224,adam,5.23452581546735e-05,0.00022901305055711418
12225,adam,5.23401795362588e-05,0.0002600154257379472
12226,adam,5.233492629486136e-05,0.00031591489096172154
12227,adam,5.232988769421354e-05,0.00031874916749075055
12228,adam,5.232425974099897e-05,0.0003403085866011679
12229,adam,5.231927934801206e-05,0.00028673975612036884
12230,adam,5.2313844207674265e-05,0.00023701715690549463
12231,adam,5.23084236192517e-05,0.0002050343609880656
12232,adam,5.2303337724879384e-05,0.0002119544369634241
12233,adam,5.229811722529121e-05,0.0002453828346915543
12234,adam,5.2292642067186534e-05,0.0002364257088629529
12235,adam,5.2287337894085795e-05,0.00024155345454346389
12236,adam,5.228234294918366e-05,0.00021433935035020113
12237,adam,5.227693327469751e-05,0.0002029090974247083
12238,adam,5.2271712775109336e-05,0.0002019351377384737
12239,adam,5.226657958701253e-05,0.00020382799266371876
12240,adam,5.2261431847000495e-05,0.00021606258815154433
12241,adam,5.22561495017726e-05,0.00021486396144609898
12242,adam,5.225035783951171e-05,0.00023305611102841794
12243,adam,5.224537380854599e-05,0.00021925754845142365
12244,adam,5.224037522566505e-05,0.00022915691079106182
12245,adam,5.2235012844903395e-05,0.0002198355068685487
12246,adam,5.223010521149263e-05,0.00022827836801297963
12247,adam,5.222431354923174e-05,0.00021619418112095445
12248,adam,5.221939136390574e-05,0.0002123959275195375
12249,adam,5.221430183155462e-05,0.00020927235891576856
12250,adam,5.220908496994525e-05,0.00024425098672509193
12251,adam,5.220384628046304e-05,0.00028355306130833924
12252,adam,5.219846570980735e-05,0.00033999080187641084
12253,adam,5.219334707362577e-05,0.0003236749616917223
12254,adam,5.2187890105415136e-05,0.0003214642929378897
12255,adam,5.21825895702932e-05,0.0002739464398473501
12256,adam,5.217749276198447e-05,0.00024927101912908256
12257,adam,5.2172177674947307e-05,0.00021042033040430397
12258,adam,5.216693534748629e-05,0.00023855450854171067
12259,adam,5.21617621416226e-05,0.0002982234873343259
12260,adam,5.2156556193949655e-05,0.0003239327925257385
12261,adam,5.215159399085678e-05,0.00035605576704256237
12262,adam,5.2146158850518987e-05,0.0003352694620843977
12263,adam,5.214104749029502e-05,0.00032299302984029055
12264,adam,5.213524855207652e-05,0.0002557460975367576
12265,adam,5.21305191796273e-05,0.00021774560445919633
12266,adam,5.2125469665043056e-05,0.00019878492457792163
12267,adam,5.212001997279003e-05,0.0002262771740788594
12268,adam,5.2114839490968734e-05,0.00029195373645052314
12269,adam,5.210963718127459e-05,0.00032367109088227153
12270,adam,5.2104493079241365e-05,0.00035124385613016784
12271,adam,5.2099003369221464e-05,0.0003320368705317378
12272,adam,5.209410301176831e-05,0.0003193110751453787
12273,adam,5.208870061323978e-05,0.0002635941782500595
12274,adam,5.2083691116422415e-05,0.0002270471741212532
12275,adam,5.207825597608462e-05,0.00019491459534037858
12276,adam,5.207315189181827e-05,0.00020910789316985756
12277,adam,5.2068065997445956e-05,0.0002790565195027739
12278,adam,5.206281639402732e-05,0.00034193400642834604
12279,adam,5.2057635912206024e-05,0.0003981657500844449
12280,adam,5.2052517276024446e-05,0.0003774523502215743
12281,adam,5.2047176723135635e-05,0.0003557120217010379
12282,adam,5.204205808695406e-05,0.000266199087491259
12283,adam,5.203668479225598e-05,0.00020089313329663128
12284,adam,5.203159889788367e-05,0.00023347290698438883
12285,adam,5.2026472985744476e-05,0.00029883315437473357
12286,adam,5.2021070587215945e-05,0.00035779119934886694
12287,adam,5.201597741688602e-05,0.00031786883482709527
12288,adam,5.201089879847132e-05,0.0002485023869667202
12289,adam,5.200532905291766e-05,0.00019803407485596836
12290,adam,5.200022860663012e-05,0.00025685946457087994
12291,adam,5.199528095545247e-05,0.0003341459378134459
12292,adam,5.199034421821125e-05,0.00036589454975910485
12293,adam,5.198501457925886e-05,0.0003581162600312382
12294,adam,5.1979604904772714e-05,0.0002733032451942563
12295,adam,5.197468271944672e-05,0.00019742226868402213
12296,adam,5.1969622290926054e-05,0.0002479181275703013
12297,adam,5.196424899622798e-05,0.00032258371356874704
12298,adam,5.195941776037216e-05,0.0003900029696524143
12299,adam,5.195406265556812e-05,0.0004133409238420427
12300,adam,5.194884943193756e-05,0.00043673336040228605
12301,adam,5.1943854487035424e-05,0.0004299874708522111
12302,adam,5.193834658712149e-05,0.000407318992074579
12303,adam,5.1933046051999554e-05,0.00035959866363555193
12304,adam,5.192813114263117e-05,0.0002916132507380098
12305,adam,5.1922848797403276e-05,0.00020725566719193012
12306,adam,5.191797390580177e-05,0.00020279442833270878
12307,adam,5.1912655180785805e-05,0.0002896747610066086
12308,adam,5.1907412853324786e-05,0.0003873515233863145
12309,adam,5.190240335650742e-05,0.00047244090819731355
12310,adam,5.1897342927986756e-05,0.0004992146277800202
12311,adam,5.189205694478005e-05,0.0005110079073347151
12312,adam,5.1886934670619667e-05,0.0004293440142646432
12313,adam,5.1881768740713596e-05,0.00032835392630659044
12314,adam,5.187649367144331e-05,0.0002563793386798352
12315,adam,5.187153510632925e-05,0.00026716856518760324
12316,adam,5.186656198929995e-05,0.00038196114473976195
12317,adam,5.1861228712368757e-05,0.0004405068466439843
12318,adam,5.185599729884416e-05,0.00047079709474928677
12319,adam,5.1851198804797605e-05,0.0004207573365420103
12320,adam,5.184588735573925e-05,0.0003639500355347991
12321,adam,5.1840477681253105e-05,0.00031480236793868244
12322,adam,5.1835773774655536e-05,0.0002889067109208554
12323,adam,5.1830484153470024e-05,0.0002883534471038729
12324,adam,5.182551467441954e-05,0.00026547882589511573
12325,adam,5.182005406823009e-05,0.00029507718863897026
12326,adam,5.181495362194255e-05,0.0003057563735637814
12327,adam,5.1810231525450945e-05,0.00032074376940727234
12328,adam,5.180454900255427e-05,0.0003252585302107036
12329,adam,5.179975414648652e-05,0.0003258538490626961
12330,adam,5.1794468163279817e-05,0.0003013710374943912
12331,adam,5.1789415010716766e-05,0.0002658879675436765
12332,adam,5.1784238166874275e-05,0.00020949385361745954
12333,adam,5.177921775612049e-05,0.00021075262338854373
12334,adam,5.177385901333764e-05,0.00026907629217021167
12335,adam,5.176891136216e-05,0.000341655220836401
12336,adam,5.176389095140621e-05,0.000373048591427505
12337,adam,5.1758644985966384e-05,0.00035477118217386305
12338,adam,5.1753639127127826e-05,0.0002889714378397912
12339,adam,5.174839679966681e-05,0.0002300308842677623
12340,adam,5.174364196136594e-05,0.00021010456839576364
12341,adam,5.173804674996063e-05,0.00026885661645792425
12342,adam,5.1733277359744534e-05,0.0002947309985756874
12343,adam,5.17279768246226e-05,0.0002951700589619577
12344,adam,5.1722741773119196e-05,0.00024840683909133077
12345,adam,5.17179723829031e-05,0.00021737466158811003
12346,adam,5.171264638192952e-05,0.0001920801732921973
12347,adam,5.1707618695218116e-05,0.00020516544464044273
12348,adam,5.1702241762541234e-05,0.0002471508923918009
12349,adam,5.169746873434633e-05,0.0002603026223368943
12350,adam,5.169236465007998e-05,0.0002821615489665419
12351,adam,5.168727511772886e-05,0.0002731193380896002
12352,adam,5.168205825611949e-05,0.0002525263116694987
12353,adam,5.167697963770479e-05,0.00020714796846732497
12354,adam,5.167169001651928e-05,0.00020159498672001064
12355,adam,5.166664413991384e-05,0.0002387322747381404
12356,adam,5.166164191905409e-05,0.0002652524854056537
12357,adam,5.165660331840627e-05,0.0003027482598554343
12358,adam,5.165167021914385e-05,0.0002792931627482176
12359,adam,5.164624599274248e-05,0.00028014788404107094
12360,adam,5.1641323807416484e-05,0.00025274118524976075
12361,adam,5.1636281568789855e-05,0.00022422315669246018
12362,adam,5.16311738465447e-05,0.00019692166824825108
12363,adam,5.162601519259624e-05,0.00020602000586222857
12364,adam,5.162095476407558e-05,0.0002500505361240357
12365,adam,5.161581066204235e-05,0.0002951630449388176
12366,adam,5.161093577044085e-05,0.0003556604206096381
12367,adam,5.160588989383541e-05,0.00036116776755079627
12368,adam,5.1600803999463096e-05,0.00034617670462466776
12369,adam,5.1595801778603345e-05,0.0002725781814660877
12370,adam,5.1590497605502605e-05,0.00020521943224593997
12371,adam,5.1585680921562016e-05,0.0002158981078537181
12372,adam,5.158027124707587e-05,0.0002367788110859692
12373,adam,5.157536725164391e-05,0.0002689492248464376
12374,adam,5.157031409908086e-05,0.00028033737908117473
12375,adam,5.1565079047577456e-05,0.00031219355878420174
12376,adam,5.156025872565806e-05,0.00032356841256842017
12377,adam,5.155526741873473e-05,0.00032510398887097836
12378,adam,5.1549930503824726e-05,0.00029207408078946173
12379,adam,5.1545139285735786e-05,0.00027330120792612433
12380,adam,5.153988240635954e-05,0.00024585978826507926
12381,adam,5.1535134844016284e-05,0.0002318589686183259
12382,adam,5.1529830670915544e-05,0.00029267880017869174
12383,adam,5.152491939952597e-05,0.0003419285931158811
12384,adam,5.151991717866622e-05,0.00041270346264354885
12385,adam,5.1514605729607865e-05,0.00040498332236893475
12386,adam,5.150999641045928e-05,0.0003573444264475256
12387,adam,5.1504961447790265e-05,0.0002817735949065536
12388,adam,5.1499897381290793e-05,0.0002669641689863056
12389,adam,5.149461139808409e-05,0.0003644482931122184
12390,adam,5.148953277966939e-05,0.00041103645344264805
12391,adam,5.148466880200431e-05,0.000421151373302564
12392,adam,5.147936462890357e-05,0.00032426489633508027
12393,adam,5.147450428921729e-05,0.0002478734531905502
12394,adam,5.14693274453748e-05,0.0002256162988487631
12395,adam,5.146437251823954e-05,0.00023572446662001312
12396,adam,5.145944669493474e-05,0.0002753228764049709
12397,adam,5.1454237109282985e-05,0.0002534849336370826
12398,adam,5.144915485288948e-05,0.00023898731160443276
12399,adam,5.1444269047351554e-05,0.00020656551350839436
12400,adam,5.143924499861896e-05,0.00020490435417741537
12401,adam,5.143416638020426e-05,0.0002501121780369431
12402,adam,5.142914233147167e-05,0.00027917989064008
12403,adam,5.142425652593374e-05,0.0003234420146327466
12404,adam,5.141888323123567e-05,0.00032128539169207215
12405,adam,5.1414208428468555e-05,0.00034805541508831084
12406,adam,5.140942812431604e-05,0.0003250929294154048
12407,adam,5.1404073019512e-05,0.00031489800312556326
12408,adam,5.139923814567737e-05,0.0003138992178719491
12409,adam,5.139413769938983e-05,0.00029864866519346833
12410,adam,5.138880078447983e-05,0.0003450133663136512
12411,adam,5.138419146533124e-05,0.0003593732544686645
12412,adam,5.137908010510728e-05,0.0003720870881807059
12413,adam,5.137389598530717e-05,0.0003182015789207071
12414,adam,5.1368977437959984e-05,0.00029532721964642406
12415,adam,5.136415347806178e-05,0.0002928799658548087
12416,adam,5.135879109730013e-05,0.00026196218095719814
12417,adam,5.135404717293568e-05,0.0002958795812446624
12418,adam,5.134905950399116e-05,0.0003076197754126042
12419,adam,5.134435559739359e-05,0.0003292591718491167
12420,adam,5.1339153287699446e-05,0.00031576567562296987
12421,adam,5.1334176532691345e-05,0.0002619164588395506
12422,adam,5.132928708917461e-05,0.0002233382110716775
12423,adam,5.1323895604582503e-05,0.0001947095588548109
12424,adam,5.131934813107364e-05,0.00019546943076420575
12425,adam,5.1314073061803356e-05,0.0002028796006925404
12426,adam,5.1309256377862766e-05,0.00020878952636849135
12427,adam,5.130403587827459e-05,0.00022166546841617674
12428,adam,5.129924102220684e-05,0.0002398031938355416
12429,adam,5.1294147851876915e-05,0.0002485317236278206
12430,adam,5.1289131079101935e-05,0.00026108574820682406
12431,adam,5.1284303481224924e-05,0.0002392180758761242
12432,adam,5.127951590111479e-05,0.0002279171603731811
12433,adam,5.1274193538120016e-05,0.00020186185429338366
12434,adam,5.126917312736623e-05,0.00020550773479044437
12435,adam,5.126438190927729e-05,0.00020057061919942498
12436,adam,5.1259285100968555e-05,0.00020680656598415226
12437,adam,5.125430107000284e-05,0.00021122366888448596
12438,adam,5.1249491662019864e-05,0.0002013352932408452
12439,adam,5.124460221850313e-05,0.0002199378504883498
12440,adam,5.123937808093615e-05,0.0002537736145313829
12441,adam,5.123456139699556e-05,0.0003171783755533397
12442,adam,5.122944639879279e-05,0.00030006939778104424
12443,adam,5.1224607886979356e-05,0.00027330906596034765
12444,adam,5.121946378494613e-05,0.00024239945923909545
12445,adam,5.121464346302673e-05,0.0002575754188001156
12446,adam,5.120981586514972e-05,0.0002734742301981896
12447,adam,5.1204846386099234e-05,0.0002516438835300505
12448,adam,5.11995967826806e-05,0.00024182279594242573
12449,adam,5.119500565342605e-05,0.000209229692700319
12450,adam,5.1190170779591426e-05,0.00019435184367466718
12451,adam,5.118506305734627e-05,0.000209534409805201
12452,adam,5.118008630233817e-05,0.00021360302343964577
12453,adam,5.117501495988108e-05,0.00023360855993814766
12454,adam,5.1170070946682245e-05,0.0002415688068140298
12455,adam,5.1165177865186706e-05,0.00023340780171565711
12456,adam,5.11604557686951e-05,0.00023114368377719074
12457,adam,5.115555177326314e-05,0.00021295448823366314
12458,adam,5.115033491165377e-05,0.00020371667051222175
12459,adam,5.114548548590392e-05,0.0002067594468826428
12460,adam,5.114042869536206e-05,0.00019553749007172883
12461,adam,5.1135906687704846e-05,0.00019159761723130941
12462,adam,5.113052611704916e-05,0.00022099210764281452
12463,adam,5.112598591949791e-05,0.0002445792779326439
12464,adam,5.1120649004587904e-05,0.0002883060369640589
12465,adam,5.111576319904998e-05,0.0002680050674825907
12466,adam,5.111098289489746e-05,0.0002461965777911246
12467,adam,5.1105809689033777e-05,0.0001983655383810401
12468,adam,5.110086567583494e-05,0.0001971536548808217
12469,adam,5.109599442221224e-05,0.00022361987794283777
12470,adam,5.109124685986899e-05,0.00022278183314483613
12471,adam,5.1086586609017104e-05,0.00022203297703526914
12472,adam,5.1081518904538825e-05,0.00019806342606898397
12473,adam,5.107643664814532e-05,0.00020585019956342876
12474,adam,5.1071685447823256e-05,0.00020870025036856532
12475,adam,5.106696335133165e-05,0.00021979592565912753
12476,adam,5.106167373014614e-05,0.0002066451561404392
12477,adam,5.105675518279895e-05,0.00020048928854521364
12478,adam,5.105210220790468e-05,0.00018963775073643774
12479,adam,5.1046979933744296e-05,0.00020488390873651952
12480,adam,5.104211959405802e-05,0.0002182324678869918
12481,adam,5.10372847202234e-05,0.0002450765750836581
12482,adam,5.103239891468547e-05,0.0002272818674100563
12483,adam,5.102745853946544e-05,0.00022080236522015184
12484,adam,5.102260911371559e-05,0.00019614897610154003
12485,adam,5.101771603222005e-05,0.00020759468316100538
12486,adam,5.101260467199609e-05,0.00025307710166089237
12487,adam,5.100774433230981e-05,0.00024770147865638137
12488,adam,5.1003087719436735e-05,0.00024679783382453024
12489,adam,5.0998296501347795e-05,0.00021257282060105354
12490,adam,5.0993206968996674e-05,0.00020928404410369694
12491,adam,5.098832480143756e-05,0.00023734287242405117
12492,adam,5.098346446175128e-05,0.0002609425282571465
12493,adam,5.0978396757273003e-05,0.0002639568119775504
12494,adam,5.09736237290781e-05,0.0002246402291348204
12495,adam,5.096870881970972e-05,0.0002063542779069394
12496,adam,5.0963724788744e-05,0.00018886610632762313
12497,adam,5.0958766223629937e-05,0.0001945697149494663
12498,adam,5.0953851314261556e-05,0.00019690129556693137
12499,adam,5.094924563309178e-05,0.0002066677261609584
12500,adam,5.094415973871946e-05,0.00021008113981224597
12501,adam,5.093968502478674e-05,0.0002330546558368951
12502,adam,5.093496656627394e-05,0.0002142197045031935
12503,adam,5.0929811550304294e-05,0.00020748467068187892
12504,adam,5.092484934721142e-05,0.00019752785738091916
12505,adam,5.091991988592781e-05,0.0002015686040977016
12506,adam,5.091530329082161e-05,0.00022088577679824084
12507,adam,5.091049388283864e-05,0.0002148539642803371
12508,adam,5.090540071250871e-05,0.0002125753671862185
12509,adam,5.0900776841444895e-05,0.0001987857249332592
12510,adam,5.089600017527118e-05,0.00021885710884816945
12511,adam,5.0890983402496204e-05,0.0002275696606375277
12512,adam,5.088591933599673e-05,0.0002233549312222749
12513,adam,5.088106991024688e-05,0.00020632182713598013
12514,adam,5.0876409659394994e-05,0.00018924592586699873
12515,adam,5.087145109428093e-05,0.0002078018878819421
12516,adam,5.0866463425336406e-05,0.00021889706840738654
12517,adam,5.086191595182754e-05,0.00021152484987396747
12518,adam,5.085682278149761e-05,0.00019201732357032597
12519,adam,5.0851991545641795e-05,0.00020333311113063246
12520,adam,5.084718213765882e-05,0.00023923584376461804
12521,adam,5.084238000563346e-05,0.0002466818259563297
12522,adam,5.083760333945975e-05,0.000226967764319852
12523,adam,5.0832866691052914e-05,0.0002000240347115323
12524,adam,5.082753341412172e-05,0.00019217551744077355
12525,adam,5.082304051029496e-05,0.00020411652803886682
12526,adam,5.081830022390932e-05,0.0002275416045449674
12527,adam,5.0813006964745e-05,0.00021528362412936985
12528,adam,5.080846312921494e-05,0.00020271851099096239
12529,adam,5.080385017208755e-05,0.0001935592881636694
12530,adam,5.0798742449842393e-05,0.0002038776146946475
12531,adam,5.0794173148460686e-05,0.00023818803310859948
12532,adam,5.078920003143139e-05,0.0002533539664000273
12533,adam,5.078447429696098e-05,0.0002607265778351575
12534,adam,5.077939567854628e-05,0.0002488138561602682
12535,adam,5.077471723780036e-05,0.0002026313595706597
12536,adam,5.077000241726637e-05,0.0001936655753524974
12537,adam,5.076505840406753e-05,0.00020441804372239858
12538,adam,5.076025991002098e-05,0.00023415453324560076
12539,adam,5.0755457777995616e-05,0.00026225170586258173
12540,adam,5.075052831671201e-05,0.00022355568944476545
12541,adam,5.074593354947865e-05,0.0001885059755295515
12542,adam,5.074092769064009e-05,0.00022432267724070698
12543,adam,5.073635111330077e-05,0.0002601081505417824
12544,adam,5.073148713563569e-05,0.0002883075503632426
12545,adam,5.0726590416161343e-05,0.0002589747600723058
12546,adam,5.072192652733065e-05,0.00023517620866186917
12547,adam,5.071672785561532e-05,0.00019679706019815058
12548,adam,5.071184932603501e-05,0.0001901396462926641
12549,adam,5.070739280199632e-05,0.00020025215053465217
12550,adam,5.070267798146233e-05,0.00020036297792103142
12551,adam,5.069775943411514e-05,0.00021108756482135504
12552,adam,5.069304461358115e-05,0.0002081086568068713
12553,adam,5.0688049668679014e-05,0.0002201142197009176
12554,adam,5.068354221293703e-05,0.00021210905106272548
12555,adam,5.067862366558984e-05,0.00019972554582636803
12556,adam,5.067397796665318e-05,0.00019020216132048517
12557,adam,5.066906669526361e-05,0.0001935276377480477
12558,adam,5.066437370260246e-05,0.00019613573385868222
12559,adam,5.065925506642088e-05,0.00018830398039426655
12560,adam,5.065455479780212e-05,0.00019168229482602328
12561,adam,5.064976721769199e-05,0.00019459251780062914
12562,adam,5.0645077863009647e-05,0.00019108976994175464
12563,adam,5.064027209300548e-05,0.0002016648941207677
12564,adam,5.0635611842153594e-05,0.00020144847803749144
12565,adam,5.0630995247047395e-05,0.0002093240909744054
12566,adam,5.0625967560335994e-05,0.00019162241369485855
12567,adam,5.062115451437421e-05,0.00018844081205315888
12568,adam,5.0616319640539587e-05,0.00020055638742633164
12569,adam,5.0611743063200265e-05,0.0002100264246109873
12570,adam,5.060721741756424e-05,0.0002227748918812722
12571,adam,5.0602273404365405e-05,0.00020785952801816165
12572,adam,5.05972420796752e-05,0.0002114828967023641
12573,adam,5.059272370999679e-05,0.00023635242541786283
12574,adam,5.058797978563234e-05,0.000224436676944606
12575,adam,5.058333772467449e-05,0.000225929674343206
12576,adam,5.057852831669152e-05,0.00019842543406412005
12577,adam,5.057358066551387e-05,0.00019267610332462937
12578,adam,5.0568876758916304e-05,0.00021215611195657402
12579,adam,5.0564009143272415e-05,0.00022037973394617438
12580,adam,5.055937435827218e-05,0.0002261049667140469
12581,adam,5.0554637709865347e-05,0.00019440882897470146
12582,adam,5.0549861043691635e-05,0.00018979735614266247
12583,adam,5.05450734635815e-05,0.00019848959345836192
12584,adam,5.0540253141662106e-05,0.00019931029237341136
12585,adam,5.053535278420895e-05,0.00020785171363968402
12586,adam,5.053081986261532e-05,0.00020601500000339001
12587,adam,5.0526083214208484e-05,0.00022674388310406357
12588,adam,5.052138658356853e-05,0.00020802937797270715
12589,adam,5.05167045048438e-05,0.00019826262723654509
12590,adam,5.051186235505156e-05,0.0001959821820491925
12591,adam,5.0507231208030134e-05,0.00021934522374067456
12592,adam,5.050245454185642e-05,0.0002553750528022647
12593,adam,5.0497834308771417e-05,0.00022848260414320976
12594,adam,5.0493108574301004e-05,0.00020357928588055074
12595,adam,5.048812454333529e-05,0.0001963472313946113
12596,adam,5.0483489758335054e-05,0.00023171004431787878
12597,adam,5.047870217822492e-05,0.00028294743970036507
12598,adam,5.047396189183928e-05,0.0002690629626158625
12599,adam,5.046926889917813e-05,0.00025578445638529956
12600,adam,5.0464699597796425e-05,0.00021502481831703335
12601,adam,5.045993020758033e-05,0.00019265833543613553
12602,adam,5.045510260970332e-05,0.00019127249834127724
12603,adam,5.0450526032363996e-05,0.00019744440214708447
12604,adam,5.044598947279155e-05,0.0002198487491114065
12605,adam,5.0441030907677487e-05,0.00020584445155691355
12606,adam,5.0436479796189815e-05,0.00020156591199338436
12607,adam,5.0431488489266485e-05,0.00020544017024803907
12608,adam,5.042694465373643e-05,0.00023378439072985202
12609,adam,5.042213524575345e-05,0.0002918544050771743
12610,adam,5.04174386151135e-05,0.000278620223980397
12611,adam,5.041264739702456e-05,0.00022812701354268938
12612,adam,5.040812902734615e-05,0.00020019225485157222
12613,adam,5.040320320404135e-05,0.00025744299637153745
12614,adam,5.039895768277347e-05,0.0003006997285410762
12615,adam,5.039382085669786e-05,0.00024318463692907244
12616,adam,5.0389331590849906e-05,0.00019250369223300368
12617,adam,5.038480958319269e-05,0.00024438544642180204
12618,adam,5.037990922573954e-05,0.00031017541186884046
12619,adam,5.037519440520555e-05,0.0003449085634201765
12620,adam,5.03705523442477e-05,0.00027245646924711764
12621,adam,5.0365943025099114e-05,0.00020648613281082362
12622,adam,5.036125367041677e-05,0.00023544028226751834
12623,adam,5.035650247009471e-05,0.00028678480884991586
12624,adam,5.035191497881897e-05,0.00029727668152190745
12625,adam,5.0347378419246525e-05,0.00026164634618908167
12626,adam,5.034263449488208e-05,0.0002637550642248243
12627,adam,5.033795241615735e-05,0.000257323554251343
12628,adam,5.0333204853814095e-05,0.00020507830777205527
12629,adam,5.032844273955561e-05,0.00021008899784646928
12630,adam,5.0323673349339515e-05,0.0002542943402659148
12631,adam,5.0318907597102225e-05,0.0002705642255023122
12632,adam,5.031429827795364e-05,0.00026219041319563985
12633,adam,5.0309739890508354e-05,0.00021437095711007714
12634,adam,5.0305145123275e-05,0.00021247660333756357
12635,adam,5.030057582189329e-05,0.00023152584617491812
12636,adam,5.029549356549978e-05,0.0002657964651007205
12637,adam,5.0291037041461095e-05,0.0002697331365197897
12638,adam,5.0286384066566825e-05,0.00022738352708984166
12639,adam,5.0281742005608976e-05,0.00019798694120254368
12640,adam,5.027704537496902e-05,0.0001993301702896133
12641,adam,5.0272323278477415e-05,0.00019937517936341465
12642,adam,5.0267921324120834e-05,0.00020620528084691614
12643,adam,5.02632356074173e-05,0.00019628516747616231
12644,adam,5.025828431826085e-05,0.00019878648163285106
12645,adam,5.0253624067408964e-05,0.00020674182451330125
12646,adam,5.0249120249645784e-05,0.00020150921773165464
12647,adam,5.024443453294225e-05,0.00021032495715189725
12648,adam,5.0239839765708894e-05,0.00020151512580923736
12649,adam,5.023513222113252e-05,0.00019863709167111665
12650,adam,5.023073390475474e-05,0.00018893733795266598
12651,adam,5.022595723858103e-05,0.00020572434004861861
12652,adam,5.022129698772915e-05,0.0002178893337259069
12653,adam,5.021658580517396e-05,0.00019901788618881255
12654,adam,5.0212005589855835e-05,0.00019467834499664605
12655,adam,5.0207527237944305e-05,0.00023275957209989429
12656,adam,5.020264143240638e-05,0.0002687766682356596
12657,adam,5.019812670070678e-05,0.00025902435299940407
12658,adam,5.0193553761346266e-05,0.00020425372349563986
12659,adam,5.0188962632091716e-05,0.00019990187138319016
12660,adam,5.0184247811557725e-05,0.00023288512602448463
12661,adam,5.017952207708731e-05,0.00025815225671976805
12662,adam,5.017516377847642e-05,0.0002263169881189242
12663,adam,5.017027069698088e-05,0.00019430773681961
12664,adam,5.0165923312306404e-05,0.00020739347382914275
12665,adam,5.016108480049297e-05,0.00023812605650164187
12666,adam,5.0156679208157584e-05,0.0002613662800285965
12667,adam,5.0151713367085904e-05,0.00023785888333804905
12668,adam,5.0147071306128055e-05,0.00020850916916970164
12669,adam,5.0142716645495966e-05,0.0002201074967160821
12670,adam,5.0138165534008294e-05,0.000246133073233068
12671,adam,5.013320333091542e-05,0.00025920168263837695
12672,adam,5.012901601730846e-05,0.0002341085346415639
12673,adam,5.012408655602485e-05,0.00020727804803755134
12674,adam,5.0119575462304056e-05,0.0002045117289526388
12675,adam,5.011488246964291e-05,0.00020568275067489594
12676,adam,5.01103640999645e-05,0.00021438804105855525
12677,adam,5.010563108953647e-05,0.00019660453835967928
12678,adam,5.010126915294677e-05,0.00018777074001263827
12679,adam,5.0096648919861764e-05,0.00019968707056250423
12680,adam,5.009197411709465e-05,0.00019182206597179174
12681,adam,5.008760126656853e-05,0.00018950227240566164
12682,adam,5.008275911677629e-05,0.00019657942175399512
12683,adam,5.007841173210181e-05,0.00019431822875048965
12684,adam,5.0073704187525436e-05,0.00020040625531692058
12685,adam,5.006919673178345e-05,0.0001908935810206458
12686,adam,5.006443097954616e-05,0.0002051418268820271
12687,adam,5.006014907849021e-05,0.00021263878443278372
12688,adam,5.005537605029531e-05,0.00021112067042849958
12689,adam,5.005084676668048e-05,0.00020965802832506597
12690,adam,5.004611739423126e-05,0.0002003666158998385
12691,adam,5.004176273359917e-05,0.0001964966650120914
12692,adam,5.003689875593409e-05,0.00019303752924315631
12693,adam,5.003257319913246e-05,0.000199494170374237
12694,adam,5.0028022087644786e-05,0.00021352269686758518
12695,adam,5.002320176572539e-05,0.00019914506992790848
12696,adam,5.001873432775028e-05,0.00018704068497754633
12697,adam,5.001404497306794e-05,0.0002060520782833919
12698,adam,5.00097157782875e-05,0.00021206404198892415
12699,adam,5.0004895456368104e-05,0.0002078647376038134
12700,adam,5.000062446924858e-05,0.00019046252418775111
12701,adam,4.999584416509606e-05,0.00019415646966081113
12702,adam,4.999149314244278e-05,0.00021901645231992006
12703,adam,4.9987007514573634e-05,0.0002299104817211628
12704,adam,4.998229996999726e-05,0.000220765607082285
12705,adam,4.997752694180235e-05,0.00019182956020813435
12706,adam,4.997285213903524e-05,0.00019392487592995167
12707,adam,4.996854841010645e-05,0.00021333350741770118
12708,adam,4.996394272893667e-05,0.00022502033971250057
12709,adam,4.995955168851651e-05,0.00022268026077654213
12710,adam,4.995490235160105e-05,0.00019896063895430416
12711,adam,4.9950544052990153e-05,0.00019024494395125657
12712,adam,4.994576738681644e-05,0.0002115537936333567
12713,adam,4.9941460019908845e-05,0.0002696855226531625
12714,adam,4.993694892618805e-05,0.00033279735362157226
12715,adam,4.9932430556509644e-05,0.000287019822280854
12716,adam,4.992761751054786e-05,0.00021445540187414736
12717,adam,4.992336471332237e-05,0.00020066699653398246
12718,adam,4.991875175619498e-05,0.00021946817287243903
12719,adam,4.991406240151264e-05,0.00023506053548771888
12720,adam,4.990960587747395e-05,0.00020430060976650566
12721,adam,4.990520028513856e-05,0.0001973170874407515
12722,adam,4.990054003428668e-05,0.00020508826128207147
12723,adam,4.989618173567578e-05,0.00019196317589376122
12724,adam,4.9891488743014634e-05,0.00019544278620742261
12725,adam,4.98874687764328e-05,0.00021501629089470953
12726,adam,4.988234650227241e-05,0.00022912793792784214
12727,adam,4.987786087440327e-05,0.00020884175319224596
12728,adam,4.9873437092173845e-05,0.00019447771774139255
12729,adam,4.9868856876855716e-05,0.00021131894027348608
12730,adam,4.9864356697071344e-05,0.00020905437122564763
12731,adam,4.985996929462999e-05,0.00020953688363078982
12732,adam,4.985544364899397e-05,0.00019804638577625155
12733,adam,4.9850743380375206e-05,0.00019167801656294614
12734,adam,4.984641054761596e-05,0.0002079507103189826
12735,adam,4.984209590475075e-05,0.0002011585602303967
12736,adam,4.983739563613199e-05,0.00021260237554088235
12737,adam,4.983273902325891e-05,0.0002078325196634978
12738,adam,4.982823520549573e-05,0.00019872326811309904
12739,adam,4.98238077852875e-05,0.00020901369862258434
12740,adam,4.9819522246252745e-05,0.00019179694936610758
12741,adam,4.981483652954921e-05,0.00019215920474380255
12742,adam,4.981025995220989e-05,0.0002346275286981836
12743,adam,4.98059562232811e-05,0.0002181076124543324
12744,adam,4.9801434215623885e-05,0.00019872891425620764
12745,adam,4.979680306860246e-05,0.00019660231191664934
12746,adam,4.979221921530552e-05,0.00020333137945272028
12747,adam,4.978781726094894e-05,0.00021416749223135412
12748,adam,4.978337528882548e-05,0.0001979366788873449
12749,adam,4.977899880032055e-05,0.00018999638268724084
12750,adam,4.9774527724366635e-05,0.00019559824431780726
12751,adam,4.97700457344763e-05,0.00019381182210054249
12752,adam,4.97655310027767e-05,0.00020037438662257046
12753,adam,4.976102354703471e-05,0.0001899927738122642
12754,adam,4.975649426341988e-05,0.0001888894330477342
12755,adam,4.9751863116398454e-05,0.00020396738545969129
12756,adam,4.9747657612897456e-05,0.00020873048924840987
12757,adam,4.974327748641372e-05,0.0002139435091521591
12758,adam,4.9738675443222746e-05,0.00020260163000784814
12759,adam,4.9734160711523145e-05,0.00020686315838247538
12760,adam,4.972964234184474e-05,0.000202273964532651
12761,adam,4.972541137249209e-05,0.00019826556672342122
12762,adam,4.972066744812764e-05,0.00018938470748253167
12763,adam,4.971641828888096e-05,0.00018640511552803218
12764,adam,4.971201633452438e-05,0.00020567931642290205
12765,adam,4.9707567086443305e-05,0.00020270819368306547
12766,adam,4.970288500771858e-05,0.0002020694373641163
12767,adam,4.9698399379849434e-05,0.00019867777882609516
12768,adam,4.969416113453917e-05,0.00021191767882555723
12769,adam,4.968949724570848e-05,0.0001935721084009856
12770,adam,4.968488428858109e-05,0.00018779341189656407
12771,adam,4.9680784286465496e-05,0.00020868366118520498
12772,adam,4.967608401784673e-05,0.00020665425108745694
12773,adam,4.9671667511574924e-05,0.0002005349233513698
12774,adam,4.966762207914144e-05,0.00019357148266863078
12775,adam,4.966280539520085e-05,0.00020640422008000314
12776,adam,4.965862171957269e-05,0.0001939265348482877
12777,adam,4.965397238265723e-05,0.00018953804101329297
12778,adam,4.964988329447806e-05,0.00019097609037999064
12779,adam,4.964496838510968e-05,0.00019279657863080502
12780,adam,4.96409775223583e-05,0.00021297947387211025
12781,adam,4.963630635756999e-05,0.0002105196617776528
12782,adam,4.963214087183587e-05,0.00019174239423591644
12783,adam,4.962738967151381e-05,0.00019528160919435322
12784,adam,4.9622907681623474e-05,0.00021902508160565048
12785,adam,4.9618476623436436e-05,0.00025291109341196716
12786,adam,4.9613998271524906e-05,0.00023258232977241278
12787,adam,4.96098400617484e-05,0.00020008266437798738
12788,adam,4.96053253300488e-05,0.00019159431394655257
12789,adam,4.960087244398892e-05,0.00018762396939564496
12790,adam,4.9596550525166094e-05,0.0001868202380137518
12791,adam,4.959218858857639e-05,0.00020197495177853853
12792,adam,4.958773570251651e-05,0.00020385922107379884
12793,adam,4.9583326472202316e-05,0.0002124808233929798
12794,adam,4.957887722412124e-05,0.0001953689643414691
12795,adam,4.957441342412494e-05,0.00019519019406288862
12796,adam,4.956997508998029e-05,0.00019898895698133856
12797,adam,4.956575503456406e-05,0.00018826790619641542
12798,adam,4.956103293807246e-05,0.000188160061952658
12799,adam,4.955699841957539e-05,0.00019774996326304972
12800,adam,4.955229815095663e-05,0.0001997396320803091
12801,adam,4.954809264745563e-05,0.00019248577882535756
12802,adam,4.9543599743628874e-05,0.00019780594448093325
12803,adam,4.9539372412255034e-05,0.00019732902001123875
12804,adam,4.9534741265233606e-05,0.00020157996914349496
12805,adam,4.953060852130875e-05,0.0002041254920186475
12806,adam,4.952609378960915e-05,0.00020156467508058995
12807,adam,4.952167728333734e-05,0.00019928648544009775
12808,adam,4.951717710355297e-05,0.0001938877539942041
12809,adam,4.9512800615048036e-05,0.00020409289572853595
12810,adam,4.9508613301441073e-05,0.0002081321581499651
12811,adam,4.950414950144477e-05,0.00019393113325349987
12812,adam,4.949991489411332e-05,0.00019205379066988826
12813,adam,4.94954438181594e-05,0.000190097518498078
12814,adam,4.949116555508226e-05,0.00018887505575548857
12815,adam,4.948642526869662e-05,0.00020413425227161497
12816,adam,4.9482390750199556e-05,0.00021895919053349644
12817,adam,4.947801062371582e-05,0.00022338441340252757
12818,adam,4.9473597755422816e-05,0.00019439624156802893
12819,adam,4.9469221266917884e-05,0.00018959163571707904
12820,adam,4.9464568292023614e-05,0.00021975462732370943
12821,adam,4.946051194565371e-05,0.00022779811115469784
12822,adam,4.9456022679805756e-05,0.00020810366549994797
12823,adam,4.945162436342798e-05,0.00019629854068625718
12824,adam,4.9447429773863405e-05,0.00023815964232198894
12825,adam,4.944299143971875e-05,0.00023797951871529222
12826,adam,4.943858948536217e-05,0.00019189408340025693
12827,adam,4.943407475366257e-05,0.0001915424654725939
12828,adam,4.942981468047947e-05,0.00018856482347473502
12829,adam,4.942552914144471e-05,0.00018573840497992933
12830,adam,4.942145824315958e-05,0.00018736625497695059
12831,adam,4.941708539263345e-05,0.00019269163021817803
12832,adam,4.9412628868594766e-05,0.00018825156439561397
12833,adam,4.9408226914238185e-05,0.0002026903093792498
12834,adam,4.9403923185309395e-05,0.00021506402117665857
12835,adam,4.939940117765218e-05,0.00021610963449347764
12836,adam,4.939512291457504e-05,0.00020866266277153045
12837,adam,4.939085920341313e-05,0.00020923018746543676
12838,adam,4.938623169437051e-05,0.00019395301933400333
12839,adam,4.9382244469597936e-05,0.00021225579257588834
12840,adam,4.9377515097148716e-05,0.00022162914683576673
12841,adam,4.9373575166100636e-05,0.00019800238078460097
12842,adam,4.936923869536258e-05,0.00019694253569468856
12843,adam,4.936464029015042e-05,0.00018743104010354728
12844,adam,4.936046025250107e-05,0.00019131627050228417
12845,adam,4.935630931868218e-05,0.0001876507158158347
12846,adam,4.9351900088367984e-05,0.0001858021569205448
12847,adam,4.9347530875820667e-05,0.0001896647154353559
12848,adam,4.934333264827728e-05,0.0001860787597252056
12849,adam,4.933914897264913e-05,0.00018730243027675897
12850,adam,4.9334412324242294e-05,0.00019212551706004888
12851,adam,4.933018499286845e-05,0.00019346221233718097
12852,adam,4.932587762596086e-05,0.00019114352471660823
12853,adam,4.932145748171024e-05,0.0001959775690920651
12854,adam,4.9317372031509876e-05,0.0001849271939136088
12855,adam,4.9312882765661925e-05,0.00019613101903814822
12856,adam,4.9308753659715876e-05,0.00021014409139752388
12857,adam,4.9304253479931504e-05,0.00020675017731264234
12858,adam,4.9300397222395986e-05,0.00020271250104997307
12859,adam,4.9295784265268594e-05,0.00018723630637396127
12860,adam,4.9291393224848434e-05,0.0001998049847315997
12861,adam,4.9287526053376496e-05,0.00021160267351660877
12862,adam,4.928293128614314e-05,0.00022383345640264452
12863,adam,4.927861300529912e-05,0.00020157209655735642
12864,adam,4.9274629418505356e-05,0.00019311469804961234
12865,adam,4.926995461573824e-05,0.00021627989190164953
12866,adam,4.9265825509792194e-05,0.0002540611894801259
12867,adam,4.9261416279478e-05,0.0002572927623987198
12868,adam,4.925719622406177e-05,0.00020617131667677313
12869,adam,4.925313260173425e-05,0.00020546834275592119
12870,adam,4.9248872528551146e-05,0.00021958262368571013
12871,adam,4.924419044982642e-05,0.00021522922907024622
12872,adam,4.924006134388037e-05,0.00021859932166989893
12873,adam,4.923575761495158e-05,0.00021225420641712844
12874,adam,4.923150481772609e-05,0.00021214557636994869
12875,adam,4.922708103549667e-05,0.00018889456987380981
12876,adam,4.922280277241953e-05,0.00020918739028275013
12877,adam,4.9218877393286675e-05,0.0002416090137558058
12878,adam,4.921441723126918e-05,0.0002086656168103218
12879,adam,4.920987703371793e-05,0.0001901443029055372
12880,adam,4.920559877064079e-05,0.00020045760902576149
12881,adam,4.920154606224969e-05,0.000198482652194798
12882,adam,4.919728235108778e-05,0.0001906832039821893
12883,adam,4.9193222366739064e-05,0.00020183662127237767
12884,adam,4.91887258249335e-05,0.00021304005349520594
12885,adam,4.918468766845763e-05,0.00021547368669416755
12886,adam,4.918007834930904e-05,0.00018955813720822334
12887,adam,4.9176196625921875e-05,0.0002161141746910289
12888,adam,4.917155820294283e-05,0.0002499669208191335
12889,adam,4.9167563702212647e-05,0.00022304207959678024
12890,adam,4.916325633530505e-05,0.00020021857926622033
12891,adam,4.915916724712588e-05,0.00019653634808491915
12892,adam,4.9154743464896455e-05,0.00022902959608472884
12893,adam,4.915071986033581e-05,0.00026136418455280364
12894,adam,4.9146536184707657e-05,0.0002286541130160913
12895,adam,4.9141883209813386e-05,0.00019232726481277496
12896,adam,4.913739030598663e-05,0.00018826170708052814
12897,adam,4.913368684356101e-05,0.000195621294551529
12898,adam,4.912907752441242e-05,0.00020100413530599326
12899,adam,4.9125123041449115e-05,0.000184488802915439
12900,adam,4.9120695621240884e-05,0.00018876178364735097
12901,adam,4.911648284178227e-05,0.0002134896203642711
12902,adam,4.911219366476871e-05,0.000217695371247828
12903,adam,4.910835559712723e-05,0.00020804912492167205
12904,adam,4.910413917968981e-05,0.00018518987053539604
12905,adam,4.9099704483523965e-05,0.00020297615265008062
12906,adam,4.909509516437538e-05,0.00023667362984269857
12907,adam,4.909155177301727e-05,0.00021219027985353023
12908,adam,4.9087182560469955e-05,0.00019174118642695248
12909,adam,4.908292612526566e-05,0.00021623732754960656
12910,adam,4.9078425945481285e-05,0.00023434462491422892
12911,adam,4.907475522486493e-05,0.0002255812578368932
12912,adam,4.906996036879718e-05,0.0001889819250209257
12913,adam,4.90660713694524e-05,0.00020144644076935947
12914,adam,4.906182948616333e-05,0.000259552092757076
12915,adam,4.905735477223061e-05,0.0002811743470374495
12916,adam,4.9053283873945475e-05,0.0002726364182308316
12917,adam,4.904915840597823e-05,0.00020376026805024594
12918,adam,4.9045025662053376e-05,0.0001884883822640404
12919,adam,4.904069646727294e-05,0.00022153205645736307
12920,adam,4.903666922473349e-05,0.00022871908731758595
12921,adam,4.903230365016498e-05,0.00022484305372927338
12922,adam,4.902809450868517e-05,0.00018750279559753835
12923,adam,4.902407818008214e-05,0.0001991220487980172
12924,adam,4.901947977486998e-05,0.0002391354355495423
12925,adam,4.901552165392786e-05,0.00022317608818411827
12926,adam,4.9011465307557955e-05,0.0001959097571671009
12927,adam,4.900728526990861e-05,0.00019297523249406368
12928,adam,4.900305066257715e-05,0.0002162223099730909
12929,adam,4.8998743295669556e-05,0.00022136040206532925
12930,adam,4.8994654207490385e-05,0.00020554287766572088
12931,adam,4.8990412324201316e-05,0.0002118276315741241
12932,adam,4.8986461479216814e-05,0.00024161447072401643
12933,adam,4.898222687188536e-05,0.00021896001999266446
12934,adam,4.8977752157952636e-05,0.00019918687758035958
12935,adam,4.897385952062905e-05,0.00021890892821829766
12936,adam,4.8969672207022086e-05,0.000208917903364636
12937,adam,4.8965368478093296e-05,0.0002015991776715964
12938,adam,4.896103564533405e-05,0.0002141363511327654
12939,adam,4.895698293694295e-05,0.0002085836313199252
12940,adam,4.895297024631873e-05,0.0001966845738934353
12941,adam,4.8948644689517096e-05,0.00020208813657518476
12942,adam,4.89446465508081e-05,0.0002157432900276035
12943,adam,4.894059748039581e-05,0.0002110998466378078
12944,adam,4.893609366263263e-05,0.00019650340254884213
12945,adam,4.8932270146906376e-05,0.00022075446031522006
12946,adam,4.8928017349680886e-05,0.00022147901472635567
12947,adam,4.89238191221375e-05,0.00018954912957269698
12948,adam,4.891962817055173e-05,0.00019313966913614422
12949,adam,4.8915309889707714e-05,0.00019925535889342427
12950,adam,4.8911417252384126e-05,0.00019169243751093745
12951,adam,4.890720811090432e-05,0.00019620470993686467
12952,adam,4.890303534921259e-05,0.0001943622628459707
12953,adam,4.889880074188113e-05,0.0001945907570188865
12954,adam,4.889477349934168e-05,0.00018719655054155737
12955,adam,4.889078627456911e-05,0.0001904887758428231
12956,adam,4.8886526201386005e-05,0.00021179483155719936
12957,adam,4.888226249022409e-05,0.00020465983834583312
12958,adam,4.8878169764066115e-05,0.00018671125872060657
12959,adam,4.88741607114207e-05,0.00019001131295226514
12960,adam,4.886992246611044e-05,0.0001997439394472167
12961,adam,4.886589522357099e-05,0.00019096912001259625
12962,adam,4.886157694272697e-05,0.00018818292301148176
12963,adam,4.8857866204343736e-05,0.00018617688328959048
12964,adam,4.8853300540940836e-05,0.00019343948224559426
12965,adam,4.8849313316168264e-05,0.00019676297961268574
12966,adam,4.8845209676073864e-05,0.0001879312185337767
12967,adam,4.88410223624669e-05,0.0001894070446724072
12968,adam,4.8836951464181766e-05,0.00018851803906727582
12969,adam,4.883301517111249e-05,0.00018954515689983964
12970,adam,4.8828696890268475e-05,0.0001902339863590896
12971,adam,4.8824480472831056e-05,0.0001901517534861341
12972,adam,4.882038047071546e-05,0.00018985815404448658
12973,adam,4.881638233200647e-05,0.0001895280001917854
12974,adam,4.8812285967869684e-05,0.0001871796848718077
12975,adam,4.880824781139381e-05,0.00019657019583974034
12976,adam,4.880421329289675e-05,0.0001871044369181618
12977,adam,4.879974221694283e-05,0.00019082592916674912
12978,adam,4.879590051132254e-05,0.00019321654690429568
12979,adam,4.879183688899502e-05,0.00019840284949168563
12980,adam,4.878770050709136e-05,0.00019250251352787018
12981,adam,4.8783625970827416e-05,0.00018478067067917436
12982,adam,4.8779598728287965e-05,0.00021054355602245778
12983,adam,4.8775294999359176e-05,0.00020818746997974813
12984,adam,4.877120954915881e-05,0.0001847575476858765
12985,adam,4.8767251428216696e-05,0.0002061606355709955
12986,adam,4.8763075028546154e-05,0.00023505384160671383
12987,adam,4.875916420132853e-05,0.00023072240583132952
12988,adam,4.875483500654809e-05,0.00019632528710644692
12989,adam,4.875093509326689e-05,0.00020310029503889382
12990,adam,4.8746784159448e-05,0.0002560161810833961
12991,adam,4.874259320786223e-05,0.00024371943436563015
12992,adam,4.8738533223513514e-05,0.0001883098011603579
12993,adam,4.8734753363532946e-05,0.00020897133799735457
12994,adam,4.8730402340879664e-05,0.00024120250600390136
12995,adam,4.8726509703556076e-05,0.00021642321371473372
12996,adam,4.872226782026701e-05,0.00019218120723962784
12997,adam,4.871842247666791e-05,0.0002078266115859151
12998,adam,4.871423516306095e-05,0.00024223396030720323
12999,adam,4.8710036935517564e-05,0.0002461060939822346
13000,adam,4.870598786510527e-05,0.00023496571520809084
13001,adam,4.87020006403327e-05,0.0002054952346952632
13002,adam,4.86979479319416e-05,0.00022091457503847778
13003,adam,4.869379699812271e-05,0.00024670292623341084
13004,adam,4.8690097173675895e-05,0.00022454690770246089
13005,adam,4.868579708272591e-05,0.00021349448070395738
13006,adam,4.8681766202207655e-05,0.00024079540162347257
13007,adam,4.867780808126554e-05,0.0002658755693119019
13008,adam,4.867367897531949e-05,0.00025451925466768444
13009,adam,4.866936069447547e-05,0.00019661297847051173
13010,adam,4.866544622927904e-05,0.00021612847922369838
13011,adam,4.8661400796845555e-05,0.00026799365878105164
13012,adam,4.865738083026372e-05,0.00023658470308873802
13013,adam,4.8653171688783914e-05,0.0001978639338631183
13014,adam,4.8649591917637736e-05,0.0002319894265383482
13015,adam,4.8645339120412245e-05,0.0002361033984925598
13016,adam,4.864127186010592e-05,0.00019785368931479752
13017,adam,4.863724097958766e-05,0.00021296643535606563
13018,adam,4.863332287641242e-05,0.00023060714011080563
13019,adam,4.8629106458975e-05,0.0002095597010338679
13020,adam,4.862499190494418e-05,0.00019859126769006252
13021,adam,4.862124478677288e-05,0.00022548949345946312
13022,adam,4.861709749093279e-05,0.00023211965162772685
13023,adam,4.8612990212859586e-05,0.00018837681272998452
13024,adam,4.860907210968435e-05,0.00019813042308669537
13025,adam,4.860514309257269e-05,0.00025240270770154893
13026,adam,4.860101762460545e-05,0.00024216492602135986
13027,adam,4.859707405557856e-05,0.00021071499213576317
13028,adam,4.8592839448247105e-05,0.0001884320954559371
13029,adam,4.858904503635131e-05,0.00020367992692627013
13030,adam,4.858513057115488e-05,0.000224603500100784
13031,adam,4.858110332861543e-05,0.00020940475224051625
13032,adam,4.8577188863418996e-05,0.00019129319116473198
13033,adam,4.857290696236305e-05,0.00020220124861225486
13034,adam,4.856918167206459e-05,0.0002062763087451458
13035,adam,4.856503801420331e-05,0.00018805796571541578
13036,adam,4.856077066506259e-05,0.00020160141866654158
13037,adam,4.8556965339230374e-05,0.00021792469487991184
13038,adam,4.855304359807633e-05,0.00020131342171225697
13039,adam,4.8549132770858705e-05,0.00018760391685646027
13040,adam,4.854475992033258e-05,0.00020646100165322423
13041,adam,4.854098006035201e-05,0.000224180388613604
13042,adam,4.8537072871113196e-05,0.00019470983534120023
13043,adam,4.853291466133669e-05,0.00020693599071819335
13044,adam,4.852918573305942e-05,0.00026906104176305234
13045,adam,4.8524976591579616e-05,0.0002398613141849637
13046,adam,4.852111669606529e-05,0.00019321448053233325
13047,adam,4.8517271352466196e-05,0.00020324531942605972
13048,adam,4.851302219321951e-05,0.00021409100736491382
13049,adam,4.850903133046813e-05,0.00021248766279313713
13050,adam,4.850528421229683e-05,0.00019169438746757805
13051,adam,4.8501260607736185e-05,0.00018591764091979712
13052,adam,4.849723700317554e-05,0.0001956472115125507
13053,adam,4.849329707212746e-05,0.0001836342562455684
13054,adam,4.84893171233125e-05,0.0001849511609179899
13055,adam,4.8485275328857824e-05,0.00018693532911129296
13056,adam,4.848124081036076e-05,0.00018400876433588564
13057,adam,4.847742820857093e-05,0.00018759010708890855
13058,adam,4.8473451897734776e-05,0.00019092950969934464
13059,adam,4.846944648306817e-05,0.0001868483959697187
13060,adam,4.8465386498719454e-05,0.0001839551405282691
13061,adam,4.846153751714155e-05,0.00018505274783819914
13062,adam,4.845749936066568e-05,0.00018501590238884091
13063,adam,4.8453690396854654e-05,0.00018537387950345874
13064,adam,4.8449623136548325e-05,0.00018443675071466714
13065,adam,4.8445745051139966e-05,0.0001881855569081381
13066,adam,4.8441717808600515e-05,0.00018703858950175345
13067,adam,4.843774513574317e-05,0.0001885842066258192
13068,adam,4.843385613639839e-05,0.00020551499619614333
13069,adam,4.842991984332912e-05,0.00019365031039342284
13070,adam,4.842599082621746e-05,0.00018396548693999648
13071,adam,4.8421792598674074e-05,0.00018794786592479795
13072,adam,4.841807822231203e-05,0.0001852173008956015
13073,adam,4.8414098273497075e-05,0.00018485893087927252
13074,adam,4.84101110487245e-05,0.00018510955851525068
13075,adam,4.840629844693467e-05,0.0001837243908084929
13076,adam,4.840222391067073e-05,0.00018522296159062535
13077,adam,4.839840403292328e-05,0.00018346667638979852
13078,adam,4.839442772208713e-05,0.00018402014393359423
13079,adam,4.8390480515081435e-05,0.00019340499420650303
13080,adam,4.8386566049885005e-05,0.00020572770154103637
13081,adam,4.838280437979847e-05,0.00019111008441541344
13082,adam,4.837865708395839e-05,0.0001878825860330835
13083,adam,4.8374757170677185e-05,0.00018634283333085477
13084,adam,4.8370879085268825e-05,0.00019359118596185
13085,adam,4.836707375943661e-05,0.0001878723269328475
13086,adam,4.836299194721505e-05,0.00019271385099273175
13087,adam,4.8359233915107325e-05,0.00018423028814140707
13088,adam,4.8355130275012925e-05,0.0001885547098936513
13089,adam,4.835139407077804e-05,0.00018580816686153412
13090,adam,4.8347537813242525e-05,0.00018899173301178962
13091,adam,4.834366336581297e-05,0.00019210590107832104
13092,adam,4.8339530621888116e-05,0.00018354538769926876
13093,adam,4.8335739847971126e-05,0.00018436725076753646
13094,adam,4.83316725876648e-05,0.0001924959069583565
13095,adam,4.832769627682865e-05,0.00019766985496971756
13096,adam,4.832386184716597e-05,0.00020962591224815696
13097,adam,4.832006379729137e-05,0.00019232298654969782
13098,adam,4.831620026379824e-05,0.0001832716807257384
13099,adam,4.831223486689851e-05,0.00019275884551461786
13100,adam,4.8308196710422635e-05,0.00019123853417113423
13101,adam,4.830445323023014e-05,0.00018921981973107904
13102,adam,4.8300440539605916e-05,0.00018943348550237715
13103,adam,4.829692261409946e-05,0.00019008631352335215
13104,adam,4.829298268305138e-05,0.00019338644051458687
13105,adam,4.828874807571992e-05,0.00020105353905819356
13106,adam,4.828492092201486e-05,0.00020892788597848266
13107,adam,4.828117016586475e-05,0.0001915917673613876
13108,adam,4.8277237510774285e-05,0.00018615543376654387
13109,adam,4.827335214940831e-05,0.00019885155779775232
13110,adam,4.8269332182826474e-05,0.00018493854440748692
13111,adam,4.826586882700212e-05,0.00018430472118780017
13112,adam,4.826174335903488e-05,0.0002008467708947137
13113,adam,4.825787618756294e-05,0.00019491149578243494
13114,adam,4.825415453524329e-05,0.00018690639990381896
13115,adam,4.825003270525485e-05,0.00019141675147693604
13116,adam,4.824660572921857e-05,0.00019332219380885363
13117,adam,4.824265852221288e-05,0.0001856552407843992
13118,adam,4.823872950510122e-05,0.0001948932622326538
13119,adam,4.823473864234984e-05,0.00019187148427590728
13120,adam,4.8231115215457976e-05,0.0001882428623503074
13121,adam,4.822694609174505e-05,0.0001853071735240519
13122,adam,4.822322080144659e-05,0.00018756765348371118
13123,adam,4.821936818188988e-05,0.00019114541646558791
13124,adam,4.821555194212124e-05,0.0001858034956967458
13125,adam,4.8211801185971126e-05,0.00018878593982663006
13126,adam,4.8207799409283325e-05,0.0001925771066453308
13127,adam,4.820387766812928e-05,0.0001926515542436391
13128,adam,4.8200130549957976e-05,0.00018657339387573302
13129,adam,4.8196441639447585e-05,0.00019350300135556608
13130,adam,4.819237074116245e-05,0.00021466234466060996
13131,adam,4.818884190171957e-05,0.00021229649428278208
13132,adam,4.8184854676947e-05,0.0001853831927292049
13133,adam,4.8180969315581024e-05,0.0001872311404440552
13134,adam,4.817718581762165e-05,0.00019486273231450468
13135,adam,4.8173347749980167e-05,0.0001828340900829062
13136,adam,4.8169422370847315e-05,0.00018476702098269016
13137,adam,4.816570435650647e-05,0.0001966310228453949
13138,adam,4.816188447875902e-05,0.00018645943782757968
13139,adam,4.815798092749901e-05,0.0001844486250774935
13140,adam,4.815410648006946e-05,0.00018352716870140284
13141,adam,4.8150519432965666e-05,0.00018658423505257815
13142,adam,4.8146604967769235e-05,0.00018967593496199697
13143,adam,4.8142763262148947e-05,0.0001957687345566228
13144,adam,4.8139023419935256e-05,0.000212569153518416
13145,adam,4.813539271708578e-05,0.0001907007972477004
13146,adam,4.813142732018605e-05,0.00018278401694260538
13147,adam,4.812759652850218e-05,0.0001941734808497131
13148,adam,4.8123751184903085e-05,0.00018779483798425645
13149,adam,4.811983308172785e-05,0.00018342117255087942
13150,adam,4.811638063983992e-05,0.00019830009841825813
13151,adam,4.8112429794855416e-05,0.00019376794807612896
13152,adam,4.810844257008284e-05,0.00018761315732263029
13153,adam,4.8104851885000244e-05,0.00018740835366770625
13154,adam,4.810100290342234e-05,0.0002079392725136131
13155,adam,4.809700112673454e-05,0.00022344400349538773
13156,adam,4.809330130228773e-05,0.00019163246906828135
13157,adam,4.808950689039193e-05,0.00018429984629619867
13158,adam,4.808588346350007e-05,0.00020519869576673955
13159,adam,4.808186349691823e-05,0.0001881128118839115
13160,adam,4.807826553587802e-05,0.0001834817958297208
13161,adam,4.807444565813057e-05,0.0001846535160439089
13162,adam,4.8070724005810916e-05,0.00018574253772385418
13163,adam,4.806684228242375e-05,0.00018542498582974076
13164,adam,4.8063106078188866e-05,0.00018515519332140684
13165,adam,4.8059191612992436e-05,0.00019444519421085715
13166,adam,4.80552735098172e-05,0.0001894876331789419
13167,adam,4.805190837942064e-05,0.0001878291368484497
13168,adam,4.8047822929220274e-05,0.00018824271683115512
13169,adam,4.80440903629642e-05,0.0001959908549906686
13170,adam,4.8040441470220685e-05,0.00020627432968467474
13171,adam,4.803683259524405e-05,0.00019052220159210265
13172,adam,4.8032761696958914e-05,0.00018647561955731362
13173,adam,4.802920375368558e-05,0.00019880298350472003
13174,adam,4.802553667104803e-05,0.0001867452810984105
13175,adam,4.802157491212711e-05,0.000191001920029521
13176,adam,4.801772956852801e-05,0.00019492102728690952
13177,adam,4.80138769489713e-05,0.000191314538824372
13178,adam,4.80102353321854e-05,0.00019427940424066037
13179,adam,4.800659735337831e-05,0.00018468969210516661
13180,adam,4.800285751116462e-05,0.00018972369434777647
13181,adam,4.7998884838307276e-05,0.00020239203877281398
13182,adam,4.7995585191529244e-05,0.0001824675127863884
13183,adam,4.7991667088354006e-05,0.00018949400691781193
13184,adam,4.798783265869133e-05,0.00021261785877868533
13185,adam,4.7984100092435256e-05,0.00018778974481392652
13186,adam,4.79804803035222e-05,0.00018471489602234215
13187,adam,4.7976544010452926e-05,0.00022048062237445265
13188,adam,4.797280780621804e-05,0.00021138042211532593
13189,adam,4.796896246261895e-05,0.0001863962970674038
13190,adam,4.796554276254028e-05,0.0002217352157458663
13191,adam,4.796169014298357e-05,0.00021291822486091405
13192,adam,4.795791392098181e-05,0.00018327502766624093
13193,adam,4.7954355977708474e-05,0.00025148753775283694
13194,adam,4.7950412408681586e-05,0.0002430610329611227
13195,adam,4.794674168806523e-05,0.00018364406423643231
13196,adam,4.794318010681309e-05,0.0002498278336133808
13197,adam,4.793915286427364e-05,0.00025624202680774033
13198,adam,4.7935627662809566e-05,0.00019980275828856975
13199,adam,4.793184052687138e-05,0.00021076358098071069
13200,adam,4.7928137064445764e-05,0.00023748580133542418
13201,adam,4.792455001734197e-05,0.00021228058903943747
13202,adam,4.792092659045011e-05,0.00019248132593929768
13203,adam,4.791704850504175e-05,0.00019979495846200734
13204,adam,4.791315950569697e-05,0.00018988782539963722
13205,adam,4.790959064848721e-05,0.00019021230400539935
13206,adam,4.790587991010398e-05,0.00019072758732363582
13207,adam,4.7902205551508814e-05,0.00018795397772919387
13208,adam,4.789852391695604e-05,0.00018566848302725703
13209,adam,4.789466765942052e-05,0.00018966813513543457
13210,adam,4.789105514646508e-05,0.00018603261560201645
13211,adam,4.788747901329771e-05,0.0001850522094173357
13212,adam,4.788360092788935e-05,0.0001822746853576973
13213,adam,4.7879937483230606e-05,0.00018380855908617377
13214,adam,4.787635407410562e-05,0.0001934194442583248
13215,adam,4.787256330018863e-05,0.00018292805179953575
13216,adam,4.786908903042786e-05,0.00018440536223351955
13217,adam,4.786511999554932e-05,0.00018240073404740542
13218,adam,4.78616711916402e-05,0.0001910691207740456
13219,adam,4.7857811296125874e-05,0.00018248091510031372
13220,adam,4.785434794030152e-05,0.00018707758863456547
13221,adam,4.7850353439571336e-05,0.00020447568385861814
13222,adam,4.7846795496298e-05,0.00019483988580759615
13223,adam,4.784355405718088e-05,0.00019251302001066506
13224,adam,4.7839457693044096e-05,0.00018604118668008596
13225,adam,4.7835917939664796e-05,0.00019194786727894098
13226,adam,4.783229451277293e-05,0.0001943292299984023
13227,adam,4.78284819109831e-05,0.00019194626656826586
13228,adam,4.782479663845152e-05,0.0001974428305402398
13229,adam,4.782107498613186e-05,0.00019523822993505746
13230,adam,4.7817829909035936e-05,0.00018858521070796996
13231,adam,4.7813726268941537e-05,0.00019826529023703188
13232,adam,4.781024836120196e-05,0.000192917839740403
13233,adam,4.780649396707304e-05,0.00018873652152251452
13234,adam,4.780300150741823e-05,0.00019598159997258335
13235,adam,4.779903247253969e-05,0.0001973336620721966
13236,adam,4.7795438149478287e-05,0.0001959076034836471
13237,adam,4.7791738325031474e-05,0.00018541324243415147
13238,adam,4.7788409574422985e-05,0.0002096608659485355
13239,adam,4.778431684826501e-05,0.0002075327793136239
13240,adam,4.7781115426914766e-05,0.00018434278899803758
13241,adam,4.777699723490514e-05,0.0002098286640830338
13242,adam,4.777356662089005e-05,0.00021057664707768708
13243,adam,4.7770110541023314e-05,0.0001853372377809137
13244,adam,4.7766217903699726e-05,0.00019771627557929605
13245,adam,4.7762830945430323e-05,0.00019138235074933618
13246,adam,4.775939305545762e-05,0.0001979493972612545
13247,adam,4.775534398504533e-05,0.00020248127111699432
13248,adam,4.77516878163442e-05,0.00019187740690540522
13249,adam,4.7748355427756906e-05,0.00018127457587979734
13250,adam,4.7744415496708825e-05,0.00018613885913509876
13251,adam,4.774087938130833e-05,0.00019748079648707062
13252,adam,4.77374778711237e-05,0.000189639424206689
13253,adam,4.7733719839015976e-05,0.00018050590006168932
13254,adam,4.773025284521282e-05,0.0001848144893301651
13255,adam,4.772650572704151e-05,0.0001834489667089656
13256,adam,4.772274769493379e-05,0.00019020821491722018
13257,adam,4.7719411668367684e-05,0.00019795325351879
13258,adam,4.7715744585730135e-05,0.00018503984028939158
13259,adam,4.771202657138929e-05,0.00018510775407776237
13260,adam,4.770867963088676e-05,0.000187550118425861
13261,adam,4.7704914322821423e-05,0.00018791586626321077
13262,adam,4.770116356667131e-05,0.00018951701349578798
13263,adam,4.769764927914366e-05,0.00018255847680848092
13264,adam,4.7694029490230605e-05,0.00018511775124352425
13265,adam,4.769035513163544e-05,0.00018237005861010402
13266,adam,4.7686760808574036e-05,0.00019274518126621842
13267,adam,4.768338840221986e-05,0.00019253890786785632
13268,adam,4.767982682096772e-05,0.00018579469178803265
13269,adam,4.7675843234173954e-05,0.00019224696734454483
13270,adam,4.767231075675227e-05,0.00019274913938716054
13271,adam,4.7669072955613956e-05,0.00018921130686067045
13272,adam,4.766524216393009e-05,0.0001816877193050459
13273,adam,4.766141137224622e-05,0.000182236559339799
13274,adam,4.7657991672167554e-05,0.00018447157344780862
13275,adam,4.7654149966547266e-05,0.0001912827865453437
13276,adam,4.765096309711225e-05,0.00018907419871538877
13277,adam,4.764731056638993e-05,0.000183436757652089
13278,adam,4.764379627886228e-05,0.00018259594799019396
13279,adam,4.764008554047905e-05,0.00018544158956501633
13280,adam,4.7636414819862694e-05,0.00018632883438840508
13281,adam,4.763303877552971e-05,0.0001843404897954315
13282,adam,4.762931348523125e-05,0.0001850577536970377
13283,adam,4.762593744089827e-05,0.00018901792645920068
13284,adam,4.76223613077309e-05,0.00018376576190348715
13285,adam,4.761886521009728e-05,0.0001806639920687303
13286,adam,4.7614834329579026e-05,0.00018568671657703817
13287,adam,4.761146556120366e-05,0.0001848814426921308
13288,adam,4.760808587889187e-05,0.00019055686425417662
13289,adam,4.7604502469766885e-05,0.0001904189120978117
13290,adam,4.760051524499431e-05,0.00018752850883174688
13291,adam,4.7597459342796355e-05,0.00018564377387519926
13292,adam,4.759381045005284e-05,0.0001847365783760324
13293,adam,4.7590005124220625e-05,0.00018745314446277916
13294,adam,4.75866072520148e-05,0.00018409520271234214
13295,adam,4.7583362174918875e-05,0.00018164634821005166
13296,adam,4.757930582854897e-05,0.0001819264580262825
13297,adam,4.7576068027410656e-05,0.00018357299268245697
13298,adam,4.757257556775585e-05,0.00018277106573805213
13299,adam,4.75690103485249e-05,0.00018462339357938617
13300,adam,4.7565361455781385e-05,0.00018880765128415078
13301,adam,4.7561745304847136e-05,0.00018343294505029917
13302,adam,4.755866029881872e-05,0.00018195276788901538
13303,adam,4.7554742195643485e-05,0.0001858953619375825
13304,adam,4.755132249556482e-05,0.00018174800788983703
13305,adam,4.7547724534524605e-05,0.0001820907782530412
13306,adam,4.7544559492962435e-05,0.00018703688692767173
13307,adam,4.754076508106664e-05,0.00018543866463005543
13308,adam,4.753709436045028e-05,0.0001882640499388799
13309,adam,4.7533387260045856e-05,0.000189121303264983
13310,adam,4.752990207634866e-05,0.00019400838937144727
13311,adam,4.752691529574804e-05,0.00018420600099489093
13312,adam,4.752316453959793e-05,0.00019759818678721786
13313,adam,4.75195593026001e-05,0.00019467755919322371
13314,adam,4.751606684294529e-05,0.0001880998897831887
13315,adam,4.751245796796866e-05,0.00021517516870517284
13316,adam,4.7509172873105854e-05,0.00020013138419017196
13317,adam,4.7505393013125286e-05,0.00019241558038629591
13318,adam,4.750203515868634e-05,0.00021061173174530268
13319,adam,4.749838626594283e-05,0.00018877418187912554
13320,adam,4.74951411888469e-05,0.00019302383589092642
13321,adam,4.7491506848018616e-05,0.0002286650415044278
13322,adam,4.748798528453335e-05,0.00020393860177136958
13323,adam,4.748448554892093e-05,0.00018674654711503536
13324,adam,4.748086939798668e-05,0.00020978997054044157
13325,adam,4.747750790556893e-05,0.0001896369067253545
13326,adam,4.7474259190494195e-05,0.00019443465862423182
13327,adam,4.747055936604738e-05,0.0001980713859666139
13328,adam,4.7467226977460086e-05,0.0001811802212614566
13329,adam,4.746367994812317e-05,0.00019191557657904923
13330,adam,4.746006743516773e-05,0.00019829830853268504
13331,adam,4.7456847823923454e-05,0.00019132759189233184
13332,adam,4.745319893117994e-05,0.00019581142987590283
13333,adam,4.7449640987906605e-05,0.00020482481340877712
13334,adam,4.7446064854739234e-05,0.0001978082727873698
13335,adam,4.7442699724342674e-05,0.00019547568808775395
13336,adam,4.743926183436997e-05,0.0001887720572995022
13337,adam,4.743578392663039e-05,0.00019291226635687053
13338,adam,4.743232420878485e-05,0.00020691849931608886
13339,adam,4.742894452647306e-05,0.00018735232879407704
13340,adam,4.7425273805856705e-05,0.0001824698701966554
13341,adam,4.742206147057004e-05,0.0001907513360492885
13342,adam,4.7418307076441124e-05,0.00018291267042513937
13343,adam,4.741474913316779e-05,0.00018118371372111142
13344,adam,4.7411362174898386e-05,0.0001883005752461031
13345,adam,4.740816802950576e-05,0.00018659449415281415
13346,adam,4.740438816952519e-05,0.00018180478946305811
13347,adam,4.740106305689551e-05,0.0001847591920522973
13348,adam,4.7397814341820776e-05,0.0001900971110444516
13349,adam,4.739432188216597e-05,0.00018452202493790537
13350,adam,4.739076393889263e-05,0.00019264902221038938
13351,adam,4.7387362428708e-05,0.00018021125288214535
13352,adam,4.738382631330751e-05,0.00018146228103432804
13353,adam,4.738042480312288e-05,0.00018802470003720373
13354,adam,4.7377001465065405e-05,0.00018200384511146694
13355,adam,4.7373487177537754e-05,0.0001845731894718483
13356,adam,4.737016206490807e-05,0.0001870618580142036
13357,adam,4.736665141535923e-05,0.0001836879673646763
13358,adam,4.736328628496267e-05,0.00018101812747772783
13359,adam,4.73597610834986e-05,0.00018364145944360644
13360,adam,4.73564286949113e-05,0.00018068203644361347
13361,adam,4.735306356451474e-05,0.00018130088574253023
13362,adam,4.7349745727842674e-05,0.0001876283495221287
13363,adam,4.7345954953925684e-05,0.00018062301387544721
13364,adam,4.734280446427874e-05,0.0001807569933589548
13365,adam,4.733880268759094e-05,0.00020030078303534538
13366,adam,4.733567766379565e-05,0.00019253219943493605
13367,adam,4.733225068775937e-05,0.00017983365978579968
13368,adam,4.732918387162499e-05,0.00020264073100406677
13369,adam,4.7325476771220565e-05,0.00019185840210411698
13370,adam,4.732211527880281e-05,0.0001869289408205077
13371,adam,4.731881199404597e-05,0.0002030648902291432
13372,adam,4.731512672151439e-05,0.0001906500110635534
13373,adam,4.7312092647189274e-05,0.00018815917428582907
13374,adam,4.73084110126365e-05,0.0001962934184120968
13375,adam,4.730511864181608e-05,0.00018962037574965507
13376,adam,4.7301735321525484e-05,0.00018355851352680475
13377,adam,4.729832653538324e-05,0.00018734998593572527
13378,adam,4.729500142275356e-05,0.00019088579574599862
13379,adam,4.7291337978094816e-05,0.0001947173150256276
13380,adam,4.7287936467910185e-05,0.00018573011038824916
13381,adam,4.728458952740766e-05,0.00018952453683596104
13382,adam,4.728125350084156e-05,0.00019395971321500838
13383,adam,4.727778286905959e-05,0.00019086871179752052
13384,adam,4.727443229057826e-05,0.00019834359409287572
13385,adam,4.7270950744859874e-05,0.00020936453074682504
13386,adam,4.726769111584872e-05,0.00018759995873551816
13387,adam,4.726438055513427e-05,0.0002094166266033426
13388,adam,4.726082261186093e-05,0.00020364929514471442
13389,adam,4.7257264668587595e-05,0.00018144575005862862
13390,adam,4.725421968032606e-05,0.0002239663153886795
13391,adam,4.725060716737062e-05,0.00021182502678129822
13392,adam,4.724751488538459e-05,0.0001794896088540554
13393,adam,4.7244255256373435e-05,0.00021280365763232112
13394,adam,4.72404426545836e-05,0.0001866044767666608
13395,adam,4.723730307887308e-05,0.00019021698972210288
13396,adam,4.723394158645533e-05,0.00021676735195796937
13397,adam,4.7230558266164735e-05,0.00018332024046685547
13398,adam,4.7227269533323124e-05,0.00019857294682879
13399,adam,4.722373341792263e-05,0.00021722595556639135
13400,adam,4.722049561678432e-05,0.00018136600556317717
13401,adam,4.72172541776672e-05,0.00018602867203298956
13402,adam,4.721389268524945e-05,0.0001990469900192693
13403,adam,4.721028381027281e-05,0.000180981180164963
13404,adam,4.7206754970829934e-05,0.00018589240789879113
13405,adam,4.720371725852601e-05,0.00020091769692953676
13406,adam,4.720029392046854e-05,0.00018722475215326995
13407,adam,4.7197219828376547e-05,0.00018098429427482188
13408,adam,4.719354183180258e-05,0.00020566188322845846
13409,adam,4.7190518671413884e-05,0.00020018272334709764
13410,adam,4.718714990303852e-05,0.00018697614723350853
13411,adam,4.718364289146848e-05,0.0002050317416433245
13412,adam,4.7180270485114306e-05,0.00019117481133434922
13413,adam,4.717697811429389e-05,0.0001847530947998166
13414,adam,4.7173518396448344e-05,0.00020144015434198081
13415,adam,4.71703169750981e-05,0.00020136056991759688
13416,adam,4.716669718618505e-05,0.0001846049417508766
13417,adam,4.7163586714304984e-05,0.00020360513008199632
13418,adam,4.716035255114548e-05,0.00020437764760572463
13419,adam,4.715680915978737e-05,0.00018139799067284912
13420,adam,4.7153651394182816e-05,0.000188260295544751
13421,adam,4.7150486352620646e-05,0.00018230739806313068
13422,adam,4.714696842711419e-05,0.00018669791461434215
13423,adam,4.7143668780336156e-05,0.00019071738643106073
13424,adam,4.714054011856206e-05,0.00018423119036015123
13425,adam,4.7137014917097986e-05,0.00018864645971916616
13426,adam,4.713379894383252e-05,0.00018432842625770718
13427,adam,4.7130371967796236e-05,0.00018641373026184738
13428,adam,4.712730151368305e-05,0.00018088691285811365
13429,adam,4.712385270977393e-05,0.0001860822958406061
13430,adam,4.712059671874158e-05,0.0001945393451023847
13431,adam,4.7117089707171544e-05,0.00019875523867085576
13432,adam,4.711383007816039e-05,0.00018997110601048917
13433,adam,4.711055589723401e-05,0.00018664594972506166
13434,adam,4.7107292630244046e-05,0.0001957631902769208
13435,adam,4.710405119112693e-05,0.00018573446141090244
13436,adam,4.710040957434103e-05,0.00020142974972259253
13437,adam,4.7097262722672895e-05,0.0002070708869723603
13438,adam,4.70941886305809e-05,0.00018968191579915583
13439,adam,4.709107452072203e-05,0.00020539516117423773
13440,adam,4.708727283286862e-05,0.00020391089492477477
13441,adam,4.708411870524287e-05,0.0001851850829552859
13442,adam,4.7080837248358876e-05,0.00019088259432464838
13443,adam,4.7077985072974116e-05,0.0001919671631185338
13444,adam,4.707410334958695e-05,0.0001869474072009325
13445,adam,4.707109837909229e-05,0.0001817352167563513
13446,adam,4.706803520093672e-05,0.00018539153097663075
13447,adam,4.706426989287138e-05,0.0001855296577559784
13448,adam,4.706115578301251e-05,0.00019839819287881255
13449,adam,4.7057972551556304e-05,0.0002015593199757859
13450,adam,4.70545855932869e-05,0.0001843383943196386
13451,adam,4.705137325800024e-05,0.0001886341633507982
13452,adam,4.7047877160366625e-05,0.0001846646482590586
13453,adam,4.704486491391435e-05,0.00018569035455584526
13454,adam,4.7041761717991903e-05,0.0001877395698102191
13455,adam,4.703803642769344e-05,0.00019315103418193758
13456,adam,4.70348859380465e-05,0.00019046018132939935
13457,adam,4.703169543063268e-05,0.00018637596804182976
13458,adam,4.702846854343079e-05,0.00017964545986615121
13459,adam,4.702528894995339e-05,0.00018799869576469064
13460,adam,4.70221639261581e-05,0.0001860833290265873
13461,adam,4.701890793512575e-05,0.00018365381401963532
13462,adam,4.7015415475470945e-05,0.0001871400891104713
13463,adam,4.7012312279548496e-05,0.00018327344150748104
13464,adam,4.7008925321279094e-05,0.0001873023429652676
13465,adam,4.700582940131426e-05,0.00018878655100706965
13466,adam,4.700244971900247e-05,0.00018535330309532583
13467,adam,4.69992846774403e-05,0.00018084367911797017
13468,adam,4.699598503066227e-05,0.00019000655447598547
13469,adam,4.699305281974375e-05,0.00017938381643034518
13470,adam,4.698951306636445e-05,0.00018266592815052718
13471,adam,4.698646444012411e-05,0.00018311417079530656
13472,adam,4.698306292993948e-05,0.000188337653526105
13473,adam,4.697952317656018e-05,0.0001800331228878349
13474,adam,4.697667100117542e-05,0.00019002979388460517
13475,adam,4.697324038716033e-05,0.00018412055214866996
13476,adam,4.6970108087407425e-05,0.0001943915121955797
13477,adam,4.696719770436175e-05,0.0001931544829858467
13478,adam,4.696359974332154e-05,0.00018353707855567336
13479,adam,4.69603983219713e-05,0.0001893418957479298
13480,adam,4.695728057413362e-05,0.0001892225118353963
13481,adam,4.6954293793533e-05,0.0001798260200303048
13482,adam,4.695101597462781e-05,0.0001894974848255515
13483,adam,4.694772360380739e-05,0.000185714743565768
13484,adam,4.694472227129154e-05,0.0001795471180230379
13485,adam,4.6941338951000944e-05,0.00018863184959627688
13486,adam,4.693831942859106e-05,0.00018536768038757145
13487,adam,4.6934619604144245e-05,0.00017953765927813947
13488,adam,4.6931505494285375e-05,0.0001855132868513465
13489,adam,4.69285951112397e-05,0.0001834256836446002
13490,adam,4.6925200877012685e-05,0.0001818459277274087
13491,adam,4.6922097681090236e-05,0.00018476157856639475
13492,adam,4.691862704930827e-05,0.00018226573592983186
13493,adam,4.6915745770093054e-05,0.00017984230362344533
13494,adam,4.691234425990842e-05,0.00017954233044292778
13495,adam,4.690919740824029e-05,0.00018017315596807748
13496,adam,4.690622154157609e-05,0.00018189036927651614
13497,adam,4.6902885515009984e-05,0.00017847509298007935
13498,adam,4.6899833250790834e-05,0.000181205861736089
13499,adam,4.689655179390684e-05,0.00018176677986048162
13500,adam,4.689302295446396e-05,0.0001798393059289083
13501,adam,4.689015986514278e-05,0.0001790519745554775
13502,adam,4.688703847932629e-05,0.0001809040695661679
13503,adam,4.68834514322225e-05,0.00018436966638546437
13504,adam,4.68807338620536e-05,0.00018494775576982647
13505,adam,4.687717591878027e-05,0.0001803683117032051
13506,adam,4.6874225517967716e-05,0.00019052819698117673
13507,adam,4.687080217991024e-05,0.00018088951765093952
13508,adam,4.6867808123352006e-05,0.0001788561203284189
13509,adam,4.686460306402296e-05,0.0001802756596589461
13510,adam,4.686142347054556e-05,0.00018216943135485053
13511,adam,4.6858378482284024e-05,0.00017881269741337746
13512,adam,4.685504245571792e-05,0.00018266164988745004
13513,adam,4.685223029810004e-05,0.0001849526452133432
13514,adam,4.68487742182333e-05,0.00018333726620767266
13515,adam,4.684571467805654e-05,0.00017957207455765456
13516,adam,4.684252417064272e-05,0.00018350761092733592
13517,adam,4.6839588321745396e-05,0.00017972453497350216
13518,adam,4.683625229517929e-05,0.00018043055024463683
13519,adam,4.683315273723565e-05,0.0001792667608242482
13520,adam,4.6829667553538457e-05,0.00018607283709570765
13521,adam,4.6826917241560295e-05,0.0001809332170523703
13522,adam,4.6823584852973e-05,0.00018052659288514405
13523,adam,4.682075814343989e-05,0.00017827471310738474
13524,adam,4.681742575485259e-05,0.00018172600539401174
13525,adam,4.681438076659106e-05,0.00018018957052845508
13526,adam,4.6810993808321655e-05,0.00018217209435533732
13527,adam,4.680798156186938e-05,0.0001869174448074773
13528,adam,4.6804951125523075e-05,0.00018095498671755195
13529,adam,4.680171696236357e-05,0.00018896488472819328
13530,adam,4.679841367760673e-05,0.0001808376982808113
13531,adam,4.6795532398391515e-05,0.0002022372354986146
13532,adam,4.6792341890977696e-05,0.00018920788716059178
13533,adam,4.678899495047517e-05,0.00018812606867868453
13534,adam,4.678611003328115e-05,0.0002183267497457564
13535,adam,4.6783035941189155e-05,0.0001825848303269595
13536,adam,4.677967808675021e-05,0.00019107937987428159
13537,adam,4.677646575146355e-05,0.00020331529958639294
13538,adam,4.677363540395163e-05,0.00017949020548257977
13539,adam,4.677052129409276e-05,0.0001981823006644845
13540,adam,4.676724347518757e-05,0.00019806156342383474
13541,adam,4.676450771512464e-05,0.00018024387827608734
13542,adam,4.676132812164724e-05,0.00019058694306295365
13543,adam,4.675797754316591e-05,0.00018213855219073594
13544,adam,4.675491800298914e-05,0.00018194571021012962
13545,adam,4.6751600166317075e-05,0.00018247985281050205
13546,adam,4.6748547902097926e-05,0.00018199393525719643
13547,adam,4.6745783038204536e-05,0.00017916641081683338
13548,adam,4.674256342696026e-05,0.00017992022912949324
13549,adam,4.6739318349864334e-05,0.0001917272893479094
13550,adam,4.673624425777234e-05,0.00018002641445491463
13551,adam,4.673311559599824e-05,0.00018253878806717694
13552,adam,4.6729910536669195e-05,0.00018266565166413784
13553,adam,4.672721115639433e-05,0.0001811328111216426
13554,adam,4.6723918785573915e-05,0.00018437448306940496
13555,adam,4.672080831369385e-05,0.0001793328410713002
13556,adam,4.671779606724158e-05,0.00018872585496865213
13557,adam,4.6714361815247685e-05,0.00018805703439284116
13558,adam,4.67115496576298e-05,0.00018391195044387132
13559,adam,4.670821726904251e-05,0.00019238241657149047
13560,adam,4.670534690376371e-05,0.0001800525060389191
13561,adam,4.670240741688758e-05,0.00018538118456490338
13562,adam,4.6699289669049904e-05,0.0001837689196690917
13563,adam,4.6696197387063876e-05,0.00018892752996180207
13564,adam,4.669306872528978e-05,0.0001913905725814402
13565,adam,4.668993642553687e-05,0.00017875622143037617
13566,adam,4.668694600695744e-05,0.00018496776465326548
13567,adam,4.668370820581913e-05,0.0001857135648606345
13568,adam,4.668070323532447e-05,0.00018985998758580536
13569,adam,4.667783287004568e-05,0.00019554555183276534
13570,adam,4.667466055252589e-05,0.00018401883426122367
13571,adam,4.6671379095641896e-05,0.00018732453463599086
13572,adam,4.666842505685054e-05,0.00019375891133677214
13573,adam,4.666564564104192e-05,0.000179122100234963
13574,adam,4.666256791097112e-05,0.00019753514789044857
13575,adam,4.665944288717583e-05,0.00019391106616239995
13576,adam,4.665644155465998e-05,0.00017991758068092167
13577,adam,4.665330925490707e-05,0.00020162334840279073
13578,adam,4.66502970084548e-05,0.0001817606098484248
13579,adam,4.664720836444758e-05,0.00018765244749374688
13580,adam,4.6644097892567515e-05,0.00019559412612579763
13581,adam,4.664111111196689e-05,0.0001810681860661134
13582,adam,4.663814979721792e-05,0.0001864973601186648
13583,adam,4.663493382395245e-05,0.00018157069280277938
13584,adam,4.663220533984713e-05,0.00019823665206786245
13585,adam,4.662910578190349e-05,0.00018171026022173464
13586,adam,4.6625973482150584e-05,0.0001866031961981207
13587,adam,4.662312494474463e-05,0.00019657777738757432
13588,adam,4.6619992644991726e-05,0.0001790528913261369
13589,adam,4.661680577555671e-05,0.00019119257922284305
13590,adam,4.66139790660236e-05,0.0001915014290716499
13591,adam,4.6610875870101154e-05,0.00019540879293344915
13592,adam,4.6607936383225024e-05,0.000185356373549439
13593,adam,4.660502963815816e-05,0.00018786994041875005
13594,adam,4.660168269765563e-05,0.00018933616229332983
13595,adam,4.6598703193012625e-05,0.00018416106468066573
13596,adam,4.659589103539474e-05,0.00018387376621831208
13597,adam,4.6592762373620644e-05,0.00019964092643931508
13598,adam,4.658988109440543e-05,0.00018488233035895973
13599,adam,4.658681064029224e-05,0.00018650815763976425
13600,adam,4.65836601506453e-05,0.00018531660316511989
13601,adam,4.6580516936955974e-05,0.0001868989347713068
13602,adam,4.6577573812101036e-05,0.00018825016741175205
13603,adam,4.657423778553493e-05,0.00019156521011609584
13604,adam,4.657152749132365e-05,0.00019230663019698113
13605,adam,4.656881355913356e-05,0.0001834869763115421
13606,adam,4.656558303395286e-05,0.00019314957899041474
13607,adam,4.656282180803828e-05,0.0001849980908446014
13608,adam,4.655978045775555e-05,0.00019847795192617923
13609,adam,4.65569828520529e-05,0.00018701693625189364
13610,adam,4.655378870666027e-05,0.0001808631932362914
13611,adam,4.655087468563579e-05,0.00020333343127276748
13612,adam,4.654771328205243e-05,0.00017958095122594386
13613,adam,4.654469739762135e-05,0.00018517646822147071
13614,adam,4.654179065255448e-05,0.00018900042050518095
13615,adam,4.65388256998267e-05,0.00017818437481764704
13616,adam,4.653577707358636e-05,0.00017895504424814135
13617,adam,4.6532641135854647e-05,0.00018136957078240812
13618,adam,4.6529952669516206e-05,0.00018160133913625032
13619,adam,4.6526853111572564e-05,0.0001786495849955827
13620,adam,4.6524124627467245e-05,0.00018710251606535167
13621,adam,4.6520883188350126e-05,0.0001918870402732864
13622,adam,4.651803465094417e-05,0.0001818405871745199
13623,adam,4.651531344279647e-05,0.00018284971883986145
13624,adam,4.651208655559458e-05,0.00018550638924352825
13625,adam,4.6509187086485326e-05,0.00018369632016401738
13626,adam,4.6506134822266176e-05,0.0001808421075111255
13627,adam,4.650309347198345e-05,0.00018484488828107715
13628,adam,4.650015398510732e-05,0.00017776605091057718
13629,adam,4.649705806514248e-05,0.00018247005937155336
13630,adam,4.64942459075246e-05,0.00018002967408392578
13631,adam,4.649159745895304e-05,0.00018062743765767664
13632,adam,4.648810863727704e-05,0.00017799492343328893
13633,adam,4.648512549465522e-05,0.00017925140855368227
13634,adam,4.648227695724927e-05,0.00017893077165354043
13635,adam,4.647953755920753e-05,0.00018048695346806198
13636,adam,4.647656169254333e-05,0.0001784370542736724
13637,adam,4.647384776035324e-05,0.00017970040789805353
13638,adam,4.6470548113575205e-05,0.0001782839244697243
13639,adam,4.646783781936392e-05,0.00018209885456599295
13640,adam,4.6464807383017614e-05,0.00019942708604503423
13641,adam,4.6461929741781205e-05,0.00018011506472248584
13642,adam,4.6459103032248095e-05,0.00018096053099725395
13643,adam,4.64560289401561e-05,0.00018940120935440063
13644,adam,4.6453234972432256e-05,0.00017909318557940423
13645,adam,4.6450128138531e-05,0.0001788986410247162
13646,adam,4.6447294153040275e-05,0.0001806674263207242
13647,adam,4.644423461286351e-05,0.0001797583681764081
13648,adam,4.644103319151327e-05,0.00018054840620607138
13649,adam,4.6438424760708585e-05,0.0001818214514059946
13650,adam,4.643562715500593e-05,0.0001829701941460371
13651,adam,4.64330441900529e-05,0.00018275399634148926
13652,adam,4.64299664599821e-05,0.00017942678823601454
13653,adam,4.642681233235635e-05,0.0001883139048004523
13654,adam,4.642395651899278e-05,0.00019013421842828393
13655,adam,4.64210934296716e-05,0.00017924502026289701
13656,adam,4.6418259444180876e-05,0.00017892909818328917
13657,adam,4.641502891900018e-05,0.00018264984828419983
13658,adam,4.6412242227233946e-05,0.00018160803301725537
13659,adam,4.640965926228091e-05,0.00018357463704887778
13660,adam,4.6406363253481686e-05,0.00018800502584781498
13661,adam,4.64034965261817e-05,0.00017891569586936384
13662,adam,4.6400586143136024e-05,0.0001822407793952152
13663,adam,4.639786129700951e-05,0.0001798291486920789
13664,adam,4.6394867240451276e-05,0.00017917649529408664
13665,adam,4.639188773580827e-05,0.0001775403943611309
13666,adam,4.638910468202084e-05,0.0001809158711694181
13667,adam,4.638597238226794e-05,0.00018479398568160832
13668,adam,4.638347672880627e-05,0.00018049705249723047
13669,adam,4.638027894543484e-05,0.00018238017219118774
13670,adam,4.637746678781696e-05,0.0001803781051421538
13671,adam,4.637446909327991e-05,0.00018260710930917412
13672,adam,4.637160964193754e-05,0.0001826296647777781
13673,adam,4.636900484911166e-05,0.0001799851597752422
13674,adam,4.636606536223553e-05,0.00021080076112411916
13675,adam,4.636324956663884e-05,0.00017722914344631135
13676,adam,4.636062658391893e-05,0.00021205676603130996
13677,adam,4.63572760054376e-05,0.0001978733780561015
13678,adam,4.63546602986753e-05,0.00018971746612805873
13679,adam,4.6351477067219093e-05,0.00018853841174859554
13680,adam,4.634892684407532e-05,0.00018367722805123776
13681,adam,4.634565630112775e-05,0.00019600579980760813
13682,adam,4.6343044232344255e-05,0.0001784513151505962
13683,adam,4.634018841898069e-05,0.0001908066333271563
13684,adam,4.633732532965951e-05,0.00018552276014816016
13685,adam,4.633432763512246e-05,0.00020220679289195687
13686,adam,4.6331671910593286e-05,0.00020114956714678556
13687,adam,4.632867421605624e-05,0.00018221791833639145
13688,adam,4.632582204067148e-05,0.00021857020328752697
13689,adam,4.63231117464602e-05,0.00017690072127152234
13690,adam,4.631995761883445e-05,0.0001975173072423786
13691,adam,4.63173673779238e-05,0.00019070621056016535
13692,adam,4.631426418200135e-05,0.00018985127098858356
13693,adam,4.6311783080454916e-05,0.00018159057071898133
13694,adam,4.630872717825696e-05,0.00017806841060519218
13695,adam,4.6305980504257604e-05,0.00018814006762113422
13696,adam,4.630324838217348e-05,0.0001817410229705274
13697,adam,4.6300388930831105e-05,0.00018009994528256357
13698,adam,4.629738396033645e-05,0.0001779670565156266
13699,adam,4.6294557250803337e-05,0.00018307821301277727
13700,adam,4.6291956095956266e-05,0.00017974853108171374
13701,adam,4.6289042074931785e-05,0.00019103610247839242
13702,adam,4.628614260582253e-05,0.0001956419728230685
13703,adam,4.628303577192128e-05,0.00019190074817743152
13704,adam,4.628046372090466e-05,0.00019504406373016536
13705,adam,4.627765520126559e-05,0.00018600614566821605
13706,adam,4.6274821215774864e-05,0.0002066471060970798
13707,adam,4.6272005420178175e-05,0.00017985363956540823
13708,adam,4.6269102313090116e-05,0.00020822134683839977
13709,adam,4.626614099834114e-05,0.00018047034973278642
13710,adam,4.626365262083709e-05,0.0002112746296916157
13711,adam,4.626086956704967e-05,0.0001813032868085429
13712,adam,4.6257970097940415e-05,0.00019701861310750246
13713,adam,4.625511064659804e-05,0.00020558637334033847
13714,adam,4.62523712485563e-05,0.00019344240718055516
13715,adam,4.624959547072649e-05,0.00021007480972912163
13716,adam,4.6246736019384116e-05,0.00018659088527783751
13717,adam,4.6243960241554305e-05,0.0002087196771753952
13718,adam,4.624129360308871e-05,0.00018140461179427803
13719,adam,4.623840140993707e-05,0.0001946890988619998
13720,adam,4.623537461156957e-05,0.0001832406414905563
13721,adam,4.623278073268011e-05,0.00020284371566958725
13722,adam,4.623004497261718e-05,0.00018855130474548787
13723,adam,4.6227247366914526e-05,0.00017975432274397463
13724,adam,4.622438063961454e-05,0.0001861589844338596
13725,adam,4.6221481170505285e-05,0.0001960974041139707
13726,adam,4.62186690128874e-05,0.0002074834337690845
13727,adam,4.621588232112117e-05,0.00017961750563699752
13728,adam,4.62131793028675e-05,0.00021222906070761383
13729,adam,4.6210436266846955e-05,0.0001891643478302285
13730,adam,4.6207496779970825e-05,0.00018564547644928098
13731,adam,4.6204819227568805e-05,0.00019696990784723312
13732,adam,4.620205800165422e-05,0.00018893081869464368
13733,adam,4.61993804492522e-05,0.00020141637651249766
13734,adam,4.6196637413231656e-05,0.00018005447054747492
13735,adam,4.619370520231314e-05,0.00021032191580161452
13736,adam,4.6191111323423684e-05,0.00018161111802328378
13737,adam,4.6188259148038924e-05,0.00020456514903344214
13738,adam,4.618545790435746e-05,0.00019308621995151043
13739,adam,4.6182354708435014e-05,0.0001982448302442208
13740,adam,4.618001912604086e-05,0.00020255515119060874
13741,adam,4.617720333044417e-05,0.0001797614386305213
13742,adam,4.617435115505941e-05,0.000223786206333898
13743,adam,4.617168815457262e-05,0.000180691946297884
13744,adam,4.6168908738764e-05,0.00019192582112737
13745,adam,4.6166293032001704e-05,0.00018975866260007024
13746,adam,4.616349178832024e-05,0.0001999609376071021
13747,adam,4.6160937927197665e-05,0.00019059429178014398
13748,adam,4.61574672954157e-05,0.00018712045857682824
13749,adam,4.615517900674604e-05,0.00021100220328662544
13750,adam,4.615229772753082e-05,0.00017945535364560783
13751,adam,4.614974750438705e-05,0.00020407883857842535
13752,adam,4.6146913518896326e-05,0.00018663585069589317
13753,adam,4.61440795334056e-05,0.00020385424431879073
13754,adam,4.614118006429635e-05,0.00018804462160915136
13755,adam,4.6138669858919457e-05,0.00019005143258254975
13756,adam,4.6135730372043326e-05,0.00020095129730179906
13757,adam,4.613307828549296e-05,0.0001853095309343189
13758,adam,4.613028431776911e-05,0.00020411808509379625
13759,adam,4.6127577661536634e-05,0.00019126538245473057
13760,adam,4.61249946965836e-05,0.00021417951211333275
13761,adam,4.6122098865453154e-05,0.00019382976461201906
13762,adam,4.611937765730545e-05,0.0001961897505680099
13763,adam,4.611682743416168e-05,0.00020245842461008579
13764,adam,4.61142735730391e-05,0.00018131146498490125
13765,adam,4.611153417499736e-05,0.00019382103346288204
13766,adam,4.610866017173976e-05,0.00018487623310647905
13767,adam,4.6106037189019844e-05,0.00018716986232902855
13768,adam,4.610314863384701e-05,0.00018329324666410685
13769,adam,4.6100671170279384e-05,0.00017835877952165902
13770,adam,4.6097618906060234e-05,0.00018831013585440814
13771,adam,4.6094952267594635e-05,0.000179210226633586
13772,adam,4.609219104168005e-05,0.00017760737682692707
13773,adam,4.608956442098133e-05,0.00018531351815909147
13774,adam,4.608697781804949e-05,0.0001806664076866582
13775,adam,4.608428571373224e-05,0.00018046016339212656
13776,adam,4.6081619075266644e-05,0.00019398202130105346
13777,adam,4.607893788488582e-05,0.00017735286382958293
13778,adam,4.607633673003875e-05,0.00018307611753698438
13779,adam,4.607345545082353e-05,0.00017988802574109286
13780,adam,4.607090522767976e-05,0.00018704860121943057
13781,adam,4.60681039839983e-05,0.00018067345081362873
13782,adam,4.606551374308765e-05,0.00018071342492476106
13783,adam,4.606253787642345e-05,0.0001908566919155419
13784,adam,4.605978392646648e-05,0.0001773409021552652
13785,adam,4.605715730576776e-05,0.0001780959719326347
13786,adam,4.60545634268783e-05,0.00018291296146344393
13787,adam,4.605162757798098e-05,0.00017821710207499564
13788,adam,4.60490227851551e-05,0.00017819039931055158
13789,adam,4.6046268835198134e-05,0.0001857948227552697
13790,adam,4.604390778695233e-05,0.00017727827071212232
13791,adam,4.604132118402049e-05,0.00018111748795490712
13792,adam,4.603846900863573e-05,0.00018224376253783703
13793,adam,4.6035722334636375e-05,0.0001803271152311936
13794,adam,4.603312845574692e-05,0.00018127895600628108
13795,adam,4.603031629812904e-05,0.0001798015582608059
13796,adam,4.6027817006688565e-05,0.00018138147424906492
13797,adam,4.602535045705736e-05,0.00017778623441699892
13798,adam,4.602237095241435e-05,0.0001782213366823271
13799,adam,4.602000262821093e-05,0.0001876151072792709
13800,adam,4.6017161366762593e-05,0.00017740826297085732
13801,adam,4.601429827744141e-05,0.00017792276048567146
13802,adam,4.6011642552912235e-05,0.00018669487326405942
13803,adam,4.600891043082811e-05,0.00017886834393721074
13804,adam,4.6006778575247154e-05,0.00018368706514593214
13805,adam,4.6004035539226606e-05,0.00018151492986362427
13806,adam,4.600140528054908e-05,0.00018112950783688575
13807,adam,4.5998669520486146e-05,0.00018157392332796007
13808,adam,4.59959264844656e-05,0.00017992546781897545
13809,adam,4.599353633238934e-05,0.00018154385907109827
13810,adam,4.599076783051714e-05,0.00017761377966962755
13811,adam,4.598817395162769e-05,0.0001783499465091154
13812,adam,4.598539453581907e-05,0.00018096990243066102
13813,adam,4.598282612278126e-05,0.0001785193890100345
13814,adam,4.597987572196871e-05,0.00017721533367875963
13815,adam,4.597736551659182e-05,0.00017687276704236865
13816,adam,4.5974727981956676e-05,0.00017746808589436114
13817,adam,4.597203587763943e-05,0.0001775039709173143
13818,adam,4.596943472279236e-05,0.00018475341494195163
13819,adam,4.596723374561407e-05,0.0001775412238202989
13820,adam,4.5964407036080956e-05,0.00018079251458402723
13821,adam,4.596141661750153e-05,0.00018676499894354492
13822,adam,4.595951031660661e-05,0.00017858196224551648
13823,adam,4.595653444994241e-05,0.00018452867516316473
13824,adam,4.595368227455765e-05,0.0001836394949350506
13825,adam,4.5951201173011214e-05,0.0001802419574232772
13826,adam,4.594869096763432e-05,0.0001812874834286049
13827,adam,4.594595520757139e-05,0.0001781050523277372
13828,adam,4.594317579176277e-05,0.00018107143114320934
13829,adam,4.5940778363728896e-05,0.0001778708101483062
13830,adam,4.593786070472561e-05,0.00018016755348071456
13831,adam,4.59355469502043e-05,0.00018310596351511776
13832,adam,4.5932960347272456e-05,0.00018081042799167335
13833,adam,4.5930220949230716e-05,0.0001842570345615968
13834,adam,4.5927634346298873e-05,0.00017956472584046423
13835,adam,4.592492041410878e-05,0.0001781212049536407
13836,adam,4.592281402437948e-05,0.00017723931523505598
13837,adam,4.592008190229535e-05,0.0001862219796748832
13838,adam,4.5917386159999296e-05,0.00017919711535796523
13839,adam,4.591462857206352e-05,0.00017707010556478053
13840,adam,4.591201650328003e-05,0.00018408762116450816
13841,adam,4.5909546315670013e-05,0.00017745746299624443
13842,adam,4.590695243678056e-05,0.0001793701812857762
13843,adam,4.5904576836619526e-05,0.00017853116150945425
13844,adam,4.590163371176459e-05,0.0001811028050724417
13845,adam,4.5899112592451274e-05,0.0001795869175111875
13846,adam,4.58967151644174e-05,0.0001764404441928491
13847,adam,4.589369927998632e-05,0.0001785100466804579
13848,adam,4.589128730003722e-05,0.0001787832734407857
13849,adam,4.5888940803706646e-05,0.00017924656276591122
13850,adam,4.588632145896554e-05,0.00017910770839080215
13851,adam,4.588351657730527e-05,0.000177507201442495
13852,adam,4.5881562982685864e-05,0.0001821531041059643
13853,adam,4.587841613101773e-05,0.0001811771944630891
13854,adam,4.587580042425543e-05,0.0001840993936639279
13855,adam,4.587342118611559e-05,0.0001795794814825058
13856,adam,4.5870830945204943e-05,0.0001773120602592826
13857,adam,4.586817158269696e-05,0.0001761408639140427
13858,adam,4.5865876018069685e-05,0.00017746751836966723
13859,adam,4.5863147533964366e-05,0.0001780204474925995
13860,adam,4.5860582758905366e-05,0.00017663567268755287
13861,adam,4.585785427480005e-05,0.0001887191174319014
13862,adam,4.5855416828999296e-05,0.00017757431487552822
13863,adam,4.5852841140003875e-05,0.00017875540652312338
13864,adam,4.585060742101632e-05,0.0001837791787693277
13865,adam,4.584797716233879e-05,0.00017683531041257083
13866,adam,4.5844972191844136e-05,0.00017751241102814674
13867,adam,4.5842858526157215e-05,0.0001768421643646434
13868,adam,4.584036287269555e-05,0.0001810122194001451
13869,adam,4.583738700603135e-05,0.0001770537783158943
13870,adam,4.583524787449278e-05,0.0001806106447475031
13871,adam,4.583263216773048e-05,0.0001772519462974742
13872,adam,4.582983456202783e-05,0.0001812005357351154
13873,adam,4.5827298890799284e-05,0.00017626973567530513
13874,adam,4.582501424010843e-05,0.0001769902155501768
13875,adam,4.5822580432286486e-05,0.0001788806403055787
13876,adam,4.581998655339703e-05,0.00019164632249157876
13877,adam,4.581708708428778e-05,0.00017754636064637452
13878,adam,4.581474422593601e-05,0.00017795994062907994
13879,adam,4.5812186726834625e-05,0.00018603005446493626
13880,adam,4.580947643262334e-05,0.00018153898417949677
13881,adam,4.580696258926764e-05,0.00017870022566057742
13882,adam,4.5804779801983386e-05,0.0001817072625271976
13883,adam,4.580216045724228e-05,0.0001780996535671875
13884,adam,4.5799803046975285e-05,0.00017585766909178346
13885,adam,4.579723463393748e-05,0.00017887662397697568
13886,adam,4.5794622565153986e-05,0.000179816284799017
13887,adam,4.5792436139890924e-05,0.0001781611208571121
13888,adam,4.578944208333269e-05,0.0001837418822105974
13889,adam,4.578709922498092e-05,0.0001786355278454721
13890,adam,4.578448351821862e-05,0.0001835857256082818
13891,adam,4.5781900553265586e-05,0.00018658199405763298
13892,adam,4.5779561332892627e-05,0.00018155986617784947
13893,adam,4.5776985643897206e-05,0.00017746491357684135
13894,adam,4.577447543852031e-05,0.0001821421756176278
13895,adam,4.577201616484672e-05,0.00017910749011207372
13896,adam,4.5769516873406246e-05,0.00019863925990648568
13897,adam,4.5766955736326054e-05,0.0001804504863684997
13898,adam,4.5764514652546495e-05,0.00018078101857099682
13899,adam,4.576218270813115e-05,0.00019094831077381968
13900,adam,4.575969069264829e-05,0.0001776356075424701
13901,adam,4.575725324684754e-05,0.00017823609232436866
13902,adam,4.575470302370377e-05,0.0001765253400662914
13903,adam,4.575197817757726e-05,0.00017814569582697004
13904,adam,4.5749417040497065e-05,0.00017708023369777948
13905,adam,4.574740887619555e-05,0.00017678133735898882
13906,adam,4.574460399453528e-05,0.00017685932107269764
13907,adam,4.5741999201709405e-05,0.00018113777332473546
13908,adam,4.573968180920929e-05,0.0001770245871739462
13909,adam,4.573714250000194e-05,0.00017736518930178136
13910,adam,4.5734657760476694e-05,0.0001775767741492018
13911,adam,4.573222031467594e-05,0.00018263077072333544
13912,adam,4.572976831695996e-05,0.00017898643272928894
13913,adam,4.5727425458608195e-05,0.0001796109863789752
13914,adam,4.572475518216379e-05,0.000176804926013574
13915,adam,4.572230318444781e-05,0.00018404478032607585
13916,adam,4.5719782065134495e-05,0.00017889168520923704
13917,adam,4.571750105242245e-05,0.00018722398090176284
13918,adam,4.57150636066217e-05,0.00017708864470478147
13919,adam,4.571268436848186e-05,0.0001919663918670267
13920,adam,4.5709901314694434e-05,0.00017663720063865185
13921,adam,4.570755845634267e-05,0.00018028348858933896
13922,adam,4.570484452415258e-05,0.00018601467309053987
13923,adam,4.570288001559675e-05,0.00017863269022200257
13924,adam,4.5699995098402724e-05,0.0001789177767932415
13925,adam,4.569748125504702e-05,0.0001776994758984074
13926,adam,4.569522207020782e-05,0.0001771463139448315
13927,adam,4.569274460664019e-05,0.0001772360410541296
13928,adam,4.569017619360238e-05,0.00018004869343712926
13929,adam,4.568801523419097e-05,0.00017614672833587974
13930,adam,4.5685534132644534e-05,0.00018081000598613173
13931,adam,4.568311123875901e-05,0.00017611452494747937
13932,adam,4.568057556753047e-05,0.00017733262211550027
13933,adam,4.567803625832312e-05,0.00017816992476582527
13934,adam,4.5675526052946225e-05,0.00017682148609310389
13935,adam,4.567330324789509e-05,0.00017750245751813054
13936,adam,4.5670909457840025e-05,0.00018347977311350405
13937,adam,4.566834832075983e-05,0.00017685112834442407
13938,adam,4.5665594370802864e-05,0.0001804982020985335
13939,adam,4.566338611766696e-05,0.00018182753410656005
13940,adam,4.566110874293372e-05,0.00017789688718039542
13941,adam,4.565829658531584e-05,0.00017812302394304425
13942,adam,4.56560192105826e-05,0.00017796886095311493
13943,adam,4.565373819787055e-05,0.00017894966003950685
13944,adam,4.565103881759569e-05,0.00017793409642763436
13945,adam,4.5648881496163085e-05,0.00018016702961176634
13946,adam,4.564664777717553e-05,0.00017703382764011621
13947,adam,4.5643617340829223e-05,0.00019040067854803056
13948,adam,4.564119080896489e-05,0.00017502595437690616
13949,adam,4.563936818158254e-05,0.00017996101814787835
13950,adam,4.56371926702559e-05,0.0001813128765206784
13951,adam,4.563420225167647e-05,0.0001836681185523048
13952,adam,4.563192487694323e-05,0.00017882845713756979
13953,adam,4.562960748444311e-05,0.000177030946360901
13954,adam,4.562741014524363e-05,0.00017705395293887705
13955,adam,4.56247289548628e-05,0.00018130027456209064
13956,adam,4.562238245853223e-05,0.0001769665686879307
13957,adam,4.561995228868909e-05,0.00017818232299759984
13958,adam,4.561767855193466e-05,0.00018337897199671715
13959,adam,4.561535388347693e-05,0.00017530712648294866
13960,adam,4.561313835438341e-05,0.00017562377615831792
13961,adam,4.561020614346489e-05,0.0001765513588907197
13962,adam,4.560816159937531e-05,0.0001774133270373568
13963,adam,4.560513480100781e-05,0.00017616977856960148
13964,adam,4.560338129522279e-05,0.00017523393034934998
13965,adam,4.560088200378232e-05,0.00018084720068145543
13966,adam,4.559847366181202e-05,0.0001758910802891478
13967,adam,4.559623630484566e-05,0.0001793875708244741
13968,adam,4.5593878894578665e-05,0.00017807696713134646
13969,adam,4.55910230812151e-05,0.0001822829945012927
13970,adam,4.558881119010039e-05,0.00017534699873067439
13971,adam,4.5586712076328695e-05,0.00018185877706855536
13972,adam,4.558425644063391e-05,0.0001921712828334421
13973,adam,4.558165164780803e-05,0.00017807311087381095
13974,adam,4.557958891382441e-05,0.00018143079068977386
13975,adam,4.557688225759193e-05,0.0001802413898985833
13976,adam,4.5574579417007044e-05,0.00017881918756756932
13977,adam,4.557258580462076e-05,0.00017764004587661475
13978,adam,4.55703520856332e-05,0.0001761659950716421
13979,adam,4.556744534056634e-05,0.0001776733115548268
13980,adam,4.556522981147282e-05,0.0001859846233855933
13981,adam,4.556292697088793e-05,0.00017851819575298578
13982,adam,4.556062776828185e-05,0.0001831594854593277
13983,adam,4.555818668450229e-05,0.00018310699670109898
13984,adam,4.5555800170404837e-05,0.00018473279487807304
13985,adam,4.55532681371551e-05,0.00017798344197217375
13986,adam,4.555104533210397e-05,0.0001915438479045406
13987,adam,4.5548895286628976e-05,0.0001893644075607881
13988,adam,4.554652332444675e-05,0.00018610888218972832
13989,adam,4.554419865598902e-05,0.00018476234981790185
13990,adam,4.5541630242951214e-05,0.00017559730622451752
13991,adam,4.553916733129881e-05,0.00018731341697275639
13992,adam,4.5537108235294e-05,0.0001790662936400622
13993,adam,4.5534499804489315e-05,0.00017862298409454525
13994,adam,4.55320296168793e-05,0.00017849590221885592
13995,adam,4.552976679406129e-05,0.00018667102267500013
13996,adam,4.552766040433198e-05,0.00018247815023642033
13997,adam,4.552545942715369e-05,0.0001830653054639697
13998,adam,4.55230001534801e-05,0.0001786949287634343
13999,adam,4.552065729512833e-05,0.000197571687749587
14000,adam,4.5518325350712985e-05,0.0001766205532476306
14001,adam,4.5516098907683045e-05,0.00018789670139085501
14002,adam,4.551354140858166e-05,0.0001806137734092772
14003,adam,4.5511471398640424e-05,0.00018330005696043372
14004,adam,4.550889934762381e-05,0.0001787878427421674
14005,adam,4.5506742026191205e-05,0.00017907163419295102
14006,adam,4.550426092464477e-05,0.0001811297843232751
14007,adam,4.550215817289427e-05,0.00017623169696889818
14008,adam,4.5499447878682986e-05,0.00017737784946803004
14009,adam,4.549729419522919e-05,0.00017706840299069881
14010,adam,4.549488585325889e-05,0.00017755897715687752
14011,adam,4.549277582555078e-05,0.0001763047621352598
14012,adam,4.5490491174859926e-05,0.0001848078827606514
14013,adam,4.5487864554161206e-05,0.00017912899784278125
14014,adam,4.548576907836832e-05,0.00017787113029044122
14015,adam,4.548341894405894e-05,0.00018097710562869906
14016,adam,4.5481010602088645e-05,0.00017745867080520838
14017,adam,4.547887874650769e-05,0.0001806144864531234
14018,adam,4.547649950836785e-05,0.00017573466175235808
14019,adam,4.54743712907657e-05,0.00018318578077014536
14020,adam,4.547203207039274e-05,0.00018506993365008384
14021,adam,4.5469390897778794e-05,0.0001763689797371626
14022,adam,4.5467299059964716e-05,0.00017532064521219581
14023,adam,4.546486525214277e-05,0.0001749022485455498
14024,adam,4.5462722482625395e-05,0.00017665920313447714
14025,adam,4.546066338662058e-05,0.0001801121252356097
14026,adam,4.545797128230333e-05,0.00017499490058980882
14027,adam,4.545557749224827e-05,0.00017533634672872722
14028,adam,4.545336196315475e-05,0.00017800649220589548
14029,adam,4.5451477490132675e-05,0.0001757365243975073
14030,adam,4.544898183667101e-05,0.00017791583377402276
14031,adam,4.544660623650998e-05,0.00017629528883844614
14032,adam,4.544438706943765e-05,0.00018064361938741058
14033,adam,4.544209150481038e-05,0.00017796010070014745
14034,adam,4.544001421891153e-05,0.0001769732334651053
14035,adam,4.5437540393322706e-05,0.00018140737665817142
14036,adam,4.543528484646231e-05,0.00017955338989850134
14037,adam,4.543290924630128e-05,0.00018119408923666924
14038,adam,4.543100658338517e-05,0.00017915875650942326
14039,adam,4.542853275779635e-05,0.00018097196880262345
14040,adam,4.5425982534652576e-05,0.00017851722077466547
14041,adam,4.5424068957800046e-05,0.000184390097274445
14042,adam,4.542159513221122e-05,0.00017845341062638909
14043,adam,4.541907401289791e-05,0.00019376630370970815
14044,adam,4.541713497019373e-05,0.00017502528498880565
14045,adam,4.5415101340040565e-05,0.00018321127572562546
14046,adam,4.541255839285441e-05,0.0001759674632921815
14047,adam,4.541039015748538e-05,0.00019240719848312438
14048,adam,4.54081418865826e-05,0.00017840445798356086
14049,adam,4.54059372714255e-05,0.00018735269259195775
14050,adam,4.5403394324239343e-05,0.0001752171228872612
14051,adam,4.540121153695509e-05,0.00019151423475705087
14052,adam,4.5398865040624514e-05,0.00017620243306737393
14053,adam,4.5396638597594574e-05,0.00019440249889157712
14054,adam,4.539459405350499e-05,0.00017569333431310952
14055,adam,4.539227666100487e-05,0.000189952552318573
14056,adam,4.539012661552988e-05,0.0001751202653395012
14057,adam,4.5387630962068215e-05,0.00018720750813372433
14058,adam,4.538581197266467e-05,0.00017608946654945612
14059,adam,4.53831598861143e-05,0.00018741651729214936
14060,adam,4.538084613159299e-05,0.0001747219794197008
14061,adam,4.5378874347079545e-05,0.00018268587882630527
14062,adam,4.5376571506494656e-05,0.00017589348135516047
14063,adam,4.537457425612956e-05,0.00018553988775238395
14064,adam,4.5371984015218914e-05,0.0001758724101819098
14065,adam,4.536989945336245e-05,0.0001799651508918032
14066,adam,4.536753840511665e-05,0.0001790419191820547
14067,adam,4.536525011644699e-05,0.00017791902064345777
14068,adam,4.536314372671768e-05,0.00017701653996482491
14069,adam,4.536118285614066e-05,0.00017884818953461945
14070,adam,4.5359109208220616e-05,0.00018084413022734225
14071,adam,4.535657353699207e-05,0.00017660374578554183
14072,adam,4.535448897513561e-05,0.00017760151240509003
14073,adam,4.5352069719228894e-05,0.0001756555720930919
14074,adam,4.534990875981748e-05,0.00017664213373791426
14075,adam,4.534759864327498e-05,0.00017549333279021084
14076,adam,4.534546678769402e-05,0.00017578531696926802
14077,adam,4.534344043349847e-05,0.00017460591334383935
14078,adam,4.534092659014277e-05,0.00017591328651178628
14079,adam,4.5338656491367146e-05,0.00017564714653417468
14080,adam,4.533669198281132e-05,0.0001762792089721188
14081,adam,4.5334116293815896e-05,0.0001757116842782125
14082,adam,4.5332115405471995e-05,0.00017567801114637405
14083,adam,4.5329939894145355e-05,0.00017745251534506679
14084,adam,4.532741877483204e-05,0.00017484024283476174
14085,adam,4.53255015600007e-05,0.00017454962653573602
14086,adam,4.532323873718269e-05,0.0001776441786205396
14087,adam,4.532137973001227e-05,0.00017576081154402345
14088,adam,4.531889862846583e-05,0.0001768274378264323
14089,adam,4.531691956799477e-05,0.00017458334332332015
14090,adam,4.5314340241020545e-05,0.00017544197908136994
14091,adam,4.53122120234184e-05,0.0001843104837462306
14092,adam,4.531044032773934e-05,0.00017810864665079862
14093,adam,4.530800288193859e-05,0.00017782994837034494
14094,adam,4.5305834646569565e-05,0.00017479811504017562
14095,adam,4.530367368715815e-05,0.0001775851269485429
14096,adam,4.5301258069230244e-05,0.00018120183085557073
14097,adam,4.5299329940462485e-05,0.00017801322974264622
14098,adam,4.529710713541135e-05,0.0001764605985954404
14099,adam,4.52949243481271e-05,0.00018003630975726992
14100,adam,4.5292574213817716e-05,0.00017494586063548923
14101,adam,4.5290496927918866e-05,0.00017667563224676996
14102,adam,4.528817953541875e-05,0.00017679229495115578
14103,adam,4.528609133558348e-05,0.00017746235243976116
14104,adam,4.528409772319719e-05,0.00017526955343782902
14105,adam,4.528170029516332e-05,0.00017615716205909848
14106,adam,4.527943747234531e-05,0.00017699551244731992
14107,adam,4.527760393102653e-05,0.00017835422477219254
14108,adam,4.527537748799659e-05,0.00017675718117970973
14109,adam,4.5272772695170715e-05,0.0001755383564159274
14110,adam,4.527103737927973e-05,0.00017645172192715108
14111,adam,4.526856355369091e-05,0.00017504602146800607
14112,adam,4.526667180471122e-05,0.00017655266856309026
14113,adam,4.5264416257850826e-05,0.0001760526793077588
14114,adam,4.526236079982482e-05,0.00017557413957547396
14115,adam,4.5260065235197544e-05,0.00017664556798990816
14116,adam,4.525805343291722e-05,0.0001750438241288066
14117,adam,4.525584154180251e-05,0.0001761379389790818
14118,adam,4.52535277872812e-05,0.00017960906552616507
14119,adam,4.525143958744593e-05,0.0001762830652296543
14120,adam,4.524924588622525e-05,0.00017706907237879932
14121,adam,4.5247092202771455e-05,0.00017487225704826415
14122,adam,4.524520045379177e-05,0.0001759640872478485
14123,adam,4.524277392192744e-05,0.0001759786537149921
14124,adam,4.524104588199407e-05,0.00017828101408667862
14125,adam,4.523853203863837e-05,0.00017661794845480472
14126,adam,4.523669122136198e-05,0.00017875635239761323
14127,adam,4.5234308345243335e-05,0.00017525089788250625
14128,adam,4.523230018094182e-05,0.00017681346798781306
14129,adam,4.523010284174234e-05,0.00017530687910038978
14130,adam,4.522788367467001e-05,0.0001801889593480155
14131,adam,4.522568269749172e-05,0.00017567446047905833
14132,adam,4.5223488996271044e-05,0.00017953739734366536
14133,adam,4.522146991803311e-05,0.00017503758135717362
14134,adam,4.5219458115752786e-05,0.0001794892450561747
14135,adam,4.5217057049740106e-05,0.00017915965872816741
14136,adam,4.5215056161396205e-05,0.00018043782620225102
14137,adam,4.521292794379406e-05,0.00017553861835040152
14138,adam,4.521097071119584e-05,0.0001779286249075085
14139,adam,4.520889342529699e-05,0.00017655131523497403
14140,adam,4.520688526099548e-05,0.00018323794938623905
14141,adam,4.520505899563432e-05,0.00017468885926064104
14142,adam,4.520241418504156e-05,0.00017650428344495595
14143,adam,4.520045331446454e-05,0.000177460111444816
14144,adam,4.519845970207825e-05,0.00018174397700931877
14145,adam,4.519599679042585e-05,0.00017985848535317928
14146,adam,4.5193952246336266e-05,0.00017374008893966675
14147,adam,4.5191653043730184e-05,0.00017991491768043488
14148,adam,4.5189965021563694e-05,0.00017829242278821766
14149,adam,4.5187800424173474e-05,0.00017835198377724737
14150,adam,4.5185624912846833e-05,0.00018047816411126405
14151,adam,4.5183394831838086e-05,0.00017385173123329878
14152,adam,4.5181343011790887e-05,0.0001922875817399472
14153,adam,4.517913475865498e-05,0.00017706067592371255
14154,adam,4.517711931839585e-05,0.00017898539954330772
14155,adam,4.517535853665322e-05,0.00017723238852340728
14156,adam,4.517274646786973e-05,0.00017635259428061545
14157,adam,4.517076013144106e-05,0.00017791638674680144
14158,adam,4.5168799260864034e-05,0.00017501164984423667
14159,adam,4.516665649134666e-05,0.000180730945430696
14160,adam,4.5164480980020016e-05,0.00017785959062166512
14161,adam,4.516242552199401e-05,0.00017659350123722106
14162,adam,4.516044646152295e-05,0.0001753930700942874
14163,adam,4.5158267312217504e-05,0.00017979777476284653
14164,adam,4.515628461376764e-05,0.0001759920851327479
14165,adam,4.5154276449466124e-05,0.00018053465464618057
14166,adam,4.515190812526271e-05,0.00017908427980728447
14167,adam,4.5150070945965126e-05,0.00017811729048844427
14168,adam,4.514788088272326e-05,0.00017404243408236653
14169,adam,4.514578904490918e-05,0.00017715604917611927
14170,adam,4.514358806773089e-05,0.00017539125110488385
14171,adam,4.514137253863737e-05,0.00017753909924067557
14172,adam,4.5139538997318596e-05,0.00017414243484381586
14173,adam,4.513741077971645e-05,0.00018030985665973276
14174,adam,4.513534076977521e-05,0.00017449188453610986
14175,adam,4.5133274397812784e-05,0.0001802227779990062
14176,adam,4.5131295337341726e-05,0.0001745565969031304
14177,adam,4.512912346399389e-05,0.00018355672364123166
14178,adam,4.5127031626179814e-05,0.00017478274821769446
14179,adam,4.512512168730609e-05,0.00018310076848138124
14180,adam,4.5122753363102674e-05,0.00017643522005528212
14181,adam,4.512099621933885e-05,0.00018074522085953504
14182,adam,4.5118860725779086e-05,0.00018530986562836915
14183,adam,4.5116834371583536e-05,0.00018174755678046495
14184,adam,4.511485531111248e-05,0.00018067500786855817
14185,adam,4.511254155659117e-05,0.0001813583221519366
14186,adam,4.511084989644587e-05,0.00018581176118459553
14187,adam,4.510865255724639e-05,0.00017847523849923164
14188,adam,4.510641156230122e-05,0.00018040064605884254
14189,adam,4.510449798544869e-05,0.00018145382637158036
14190,adam,4.510225335252471e-05,0.0001804944477044046
14191,adam,4.510077997110784e-05,0.00017593502707313746
14192,adam,4.509837890509516e-05,0.00017748492246028036
14193,adam,4.509651625994593e-05,0.00017473730258643627
14194,adam,4.50941915914882e-05,0.00017951600602827966
14195,adam,4.509208520175889e-05,0.0001783013140084222
14196,adam,4.509018617682159e-05,0.0001755671837599948
14197,adam,4.508828351390548e-05,0.00017656080308370292
14198,adam,4.508631172939204e-05,0.00017793972801882774
14199,adam,4.508405982051045e-05,0.00017525762086734176
14200,adam,4.508207712206058e-05,0.00017457046487834305
14201,adam,4.5080010750098154e-05,0.00018085310875903815
14202,adam,4.507779158302583e-05,0.0001748094946378842
14203,adam,4.507588528213091e-05,0.00017430560546927154
14204,adam,4.507378980633803e-05,0.00017443459364585578
14205,adam,4.5071639760863036e-05,0.00017889410082716495
14206,adam,4.506973345996812e-05,0.00017505986033938825
14207,adam,4.506781988311559e-05,0.00017759748152457178
14208,adam,4.5065724407322705e-05,0.00018019413982983679
14209,adam,4.506362529355101e-05,0.0001770920498529449
14210,adam,4.5061922719469294e-05,0.00017363821098115295
14211,adam,4.5059681724524125e-05,0.0001763940672390163
14212,adam,4.505806646193378e-05,0.00017850802396424115
14213,adam,4.5055428927298635e-05,0.00017661118181422353
14214,adam,4.505358811002225e-05,0.00017385095998179168
14215,adam,4.505172910285182e-05,0.00017739504983182997
14216,adam,4.504993194132112e-05,0.00017410847067367285
14217,adam,4.5047672756481916e-05,0.00018575857393443584
14218,adam,4.504569369601086e-05,0.00017390864377375692
14219,adam,4.50435618404299e-05,0.00017659974400885403
14220,adam,4.504163734964095e-05,0.00017402763478457928
14221,adam,4.503953823586926e-05,0.0001834779541241005
14222,adam,4.503756281337701e-05,0.00017656950512900949
14223,adam,4.5035489165456966e-05,0.00018811433983501047
14224,adam,4.503360469243489e-05,0.0001748310460243374
14225,adam,4.5031563786324114e-05,0.0001829731627367437
14226,adam,4.5029610191704705e-05,0.00018331469618715346
14227,adam,4.502747469814494e-05,0.0001856965245679021
14228,adam,4.502528827288188e-05,0.00017568744078744203
14229,adam,4.502357842284255e-05,0.00017877422214951366
14230,adam,4.5021330151939765e-05,0.0001846851664595306
14231,adam,4.501969306147657e-05,0.00017557863611727953
14232,adam,4.501769581111148e-05,0.00017701394972391427
14233,adam,4.501569492276758e-05,0.00017459304945077747
14234,adam,4.501389048527926e-05,0.00017902605759445578
14235,adam,4.501156581682153e-05,0.00017647718777880073
14236,adam,4.500960494624451e-05,0.00018072398961521685
14237,adam,4.500758950598538e-05,0.00017515249783173203
14238,adam,4.5005745050730184e-05,0.00017770289559848607
14239,adam,4.500368595472537e-05,0.00018088897923007607
14240,adam,4.500168506638147e-05,0.00017427565762773156
14241,adam,4.499982969718985e-05,0.00017744839715305716
14242,adam,4.4997563236393034e-05,0.00017490534810349345
14243,adam,4.4995911594014615e-05,0.00017881485109683126
14244,adam,4.499384522205219e-05,0.00017407501582056284
14245,adam,4.499189890339039e-05,0.00017587047477718443
14246,adam,4.4989894377067685e-05,0.00017401027434971184
14247,adam,4.498791167861782e-05,0.00017874203331302851
14248,adam,4.498584530665539e-05,0.0001765756169334054
14249,adam,4.498395719565451e-05,0.00018176835146732628
14250,adam,4.498213093029335e-05,0.00017823091184254736
14251,adam,4.497991903917864e-05,0.00017592204676475376
14252,adam,4.497819099924527e-05,0.00017862653476186097
14253,adam,4.497608824749477e-05,0.0001759387960191816
14254,adam,4.4973894546274096e-05,0.00017594640667084605
14255,adam,4.497254121815786e-05,0.00017506140284240246
14256,adam,4.49701510660816e-05,0.00017445374396629632
14257,adam,4.496823385125026e-05,0.00017545619630254805
14258,adam,4.4966076529817656e-05,0.00017628513160161674
14259,adam,4.4964388507651165e-05,0.0001762074971338734
14260,adam,4.496238398132846e-05,0.00017990416381508112
14261,adam,4.4960484956391156e-05,0.0001756941492203623
14262,adam,4.4958498619962484e-05,0.00017494059284217656
14263,adam,4.4956446799915284e-05,0.0001761950843501836
14264,adam,4.495435860008001e-05,0.000174750093719922
14265,adam,4.49525578005705e-05,0.0001761779421940446
14266,adam,4.4950342271476984e-05,0.00017699525051284581
14267,adam,4.494874883675948e-05,0.00017527336603961885
14268,adam,4.494679160416126e-05,0.00017813738668337464
14269,adam,4.4944663386559114e-05,0.00018084162729792297
14270,adam,4.4943037210032344e-05,0.00018113607075065374
14271,adam,4.4940858060726896e-05,0.000174962988239713
14272,adam,4.4938871724298224e-05,0.00018352584447711706
14273,adam,4.493717642617412e-05,0.00017336185555905104
14274,adam,4.493492451729253e-05,0.00018116745923180133
14275,adam,4.49331637355499e-05,0.00017935963114723563
14276,adam,4.4931253796676174e-05,0.0001781320315785706
14277,adam,4.492925290833227e-05,0.0001750006340444088
14278,adam,4.492719017434865e-05,0.000175284527358599
14279,adam,4.492557854973711e-05,0.00017617069534026086
14280,adam,4.492356310947798e-05,0.00017793189908843488
14281,adam,4.492112202569842e-05,0.0001757793070282787
14282,adam,4.49195722467266e-05,0.00017551216296851635
14283,adam,4.491750951274298e-05,0.00017484626732766628
14284,adam,4.4915905164089054e-05,0.0001756273559294641
14285,adam,4.491400613915175e-05,0.00017375325842294842
14286,adam,4.491172876441851e-05,0.00017367996042594314
14287,adam,4.4910022552357987e-05,0.0001752043899614364
14288,adam,4.490809442359023e-05,0.00017500383546575904
14289,adam,4.490607534535229e-05,0.0001751025120029226
14290,adam,4.490421270020306e-05,0.0001741988817229867
14291,adam,4.490242645260878e-05,0.00017399157513864338
14292,adam,4.4900443754158914e-05,0.00017424409452360123
14293,adam,4.489835919230245e-05,0.0001763602631399408
14294,adam,4.48964856332168e-05,0.0001775861019268632
14295,adam,4.4894739403389394e-05,0.00017537757230456918
14296,adam,4.4892687583342195e-05,0.0001741038722684607
14297,adam,4.489085404202342e-05,0.00017451861640438437
14298,adam,4.488880222197622e-05,0.0001749357907101512
14299,adam,4.4886983232572675e-05,0.00017558720719534904
14300,adam,4.488497143029235e-05,0.0001752116804709658
14301,adam,4.488323975238018e-05,0.00017424739780835807
14302,adam,4.4881417124997824e-05,0.00017993184155784547
14303,adam,4.4879416236653924e-05,0.00017401178774889559
14304,adam,4.487744809011929e-05,0.00017536227824166417
14305,adam,4.4875625462736934e-05,0.0001747607602737844
14306,adam,4.487373007577844e-05,0.00018094714323524386
14307,adam,4.487162732402794e-05,0.00017456802015658468
14308,adam,4.486985199037008e-05,0.00017661938909441233
14309,adam,4.48679638793692e-05,0.00017341767670586705
14310,adam,4.486618854571134e-05,0.00018381158588454127
14311,adam,4.4864391384180635e-05,0.00017573271179571748
14312,adam,4.486249235924333e-05,0.00017726498481351882
14313,adam,4.4860375055577606e-05,0.00017455908528063446
14314,adam,4.485880344873294e-05,0.00017794477753341198
14315,adam,4.485676981857978e-05,0.00017406743427272886
14316,adam,4.485475437832065e-05,0.00017537032545078546
14317,adam,4.4852833525510505e-05,0.0001752198295434937
14318,adam,4.4850818085251376e-05,0.0001776325370883569
14319,adam,4.484926466830075e-05,0.0001749388175085187
14320,adam,4.484701275941916e-05,0.00017632622621022165
14321,adam,4.484538294491358e-05,0.0001738751889206469
14322,adam,4.484353485167958e-05,0.00017422554083168507
14323,adam,4.4841635826742277e-05,0.00017437542555853724
14324,adam,4.483987868297845e-05,0.0001744504552334547
14325,adam,4.483782686293125e-05,0.0001769889786373824
14326,adam,4.4836044253315777e-05,0.00017320628103334457
14327,adam,4.483419979806058e-05,0.00017707083316054195
14328,adam,4.483238808461465e-05,0.00017523535643704236
14329,adam,4.4830278056906536e-05,0.0001745662884786725
14330,adam,4.4828542741015553e-05,0.00017629502690397203
14331,adam,4.482647273107432e-05,0.00017406867118552327
14332,adam,4.482478470890783e-05,0.0001733384997351095
14333,adam,4.482283111428842e-05,0.0001743980828905478
14334,adam,4.482094300328754e-05,0.00017441020463593304
14335,adam,4.481911309994757e-05,0.0001745117042446509
14336,adam,4.4817359594162554e-05,0.00017486696015112102
14337,adam,4.481561336433515e-05,0.00017453044711146504
14338,adam,4.481361247599125e-05,0.0001747609640005976
14339,adam,4.4811764382757246e-05,0.00017349702829960734
14340,adam,4.48098435299471e-05,0.0001735153782647103
14341,adam,4.480784627958201e-05,0.00017402703815605491
14342,adam,4.4806311052525416e-05,0.00017324695363640785
14343,adam,4.4804135541198775e-05,0.00017627487250138074
14344,adam,4.480267671169713e-05,0.00017341076454613358
14345,adam,4.4800559408031404e-05,0.00017340680642519146
14346,adam,4.479886047192849e-05,0.00017391215078532696
14347,adam,4.479720882955007e-05,0.00017675646813586354
14348,adam,4.4795040594181046e-05,0.00017455681518185884
14349,adam,4.4793116103392094e-05,0.00017340613703709096
14350,adam,4.479129347600974e-05,0.00017375187599100173
14351,adam,4.4789401727030054e-05,0.00017480982933193445
14352,adam,4.47878337581642e-05,0.00017386239778716117
14353,adam,4.4785821955883875e-05,0.0001740258448990062
14354,adam,4.478395203477703e-05,0.0001752534881234169
14355,adam,4.478222763282247e-05,0.00017437287897337228
14356,adam,4.478009941522032e-05,0.00017423173994757235
14357,adam,4.4778429582947865e-05,0.00017491745529696345
14358,adam,4.4776828872272745e-05,0.0001785045606084168
14359,adam,4.477480979403481e-05,0.00017463575932197273
14360,adam,4.477317997952923e-05,0.00017397677584085613
14361,adam,4.477128095459193e-05,0.0001783690822776407
14362,adam,4.4769061787519604e-05,0.00017600459977984428
14363,adam,4.476756294025108e-05,0.00017391146684531122
14364,adam,4.476560206967406e-05,0.00017274991841986775
14365,adam,4.4763917685486376e-05,0.00017378380289301276
14366,adam,4.476178582990542e-05,0.00017586021567694843
14367,adam,4.476018148125149e-05,0.00017554052465129644
14368,adam,4.475846071727574e-05,0.00017487052537035197
14369,adam,4.4756478018825874e-05,0.00017636589473113418
14370,adam,4.475478272070177e-05,0.0001729153300402686
14371,adam,4.4752923713531345e-05,0.0001772468094713986
14372,adam,4.475077003007755e-05,0.00018232068396173418
14373,adam,4.474917659536004e-05,0.00018016944522969425
14374,adam,4.474719753488898e-05,0.00017642580496612936
14375,adam,4.474540037335828e-05,0.00017730941181071103
14376,adam,4.474399611353874e-05,0.00017567297618370503
14377,adam,4.474208253668621e-05,0.0001757070713210851
14378,adam,4.4740303565049544e-05,0.00017730737454257905
14379,adam,4.473849185160361e-05,0.00017369228589814156
14380,adam,4.473650187719613e-05,0.00017426918202545494
14381,adam,4.4734810217050835e-05,0.00018058779824059457
14382,adam,4.473296939977445e-05,0.00017364605446346104
14383,adam,4.4731306843459606e-05,0.00017451388703193516
14384,adam,4.472942964639515e-05,0.00017678271979093552
14385,adam,4.4727505155606195e-05,0.0001809285895433277
14386,adam,4.472567525226623e-05,0.00017712116823531687
14387,adam,4.472401269595139e-05,0.00017319220933131874
14388,adam,4.472225555218756e-05,0.00017936743097379804
14389,adam,4.472045839065686e-05,0.00017491652397438884
14390,adam,4.4718748540617526e-05,0.00017710762040223926
14391,adam,4.4716562115354463e-05,0.00017436228517908603
14392,adam,4.471469219424762e-05,0.00017736376321408898
14393,adam,4.4713084207614884e-05,0.00017397021292708814
14394,adam,4.4711207010550424e-05,0.00017834098252933472
14395,adam,4.470959538593888e-05,0.0001776903955033049
14396,adam,4.4707627239404246e-05,0.00017294310964643955
14397,adam,4.47060119768139e-05,0.00017567552276887
14398,adam,4.4704174797516316e-05,0.00017312823911197484
14399,adam,4.470234125619754e-05,0.00017672835383564234
14400,adam,4.4700813305098563e-05,0.0001791036338545382
14401,adam,4.469876512303017e-05,0.00017444904369767755
14402,adam,4.4697459088638425e-05,0.00017495008069090545
14403,adam,4.469535997486673e-05,0.0001740286243148148
14404,adam,4.4693417294183746e-05,0.0001782416511559859
14405,adam,4.4691616494674236e-05,0.00017939064127858728
14406,adam,4.4689739297609776e-05,0.00017599560669623315
14407,adam,4.46878548245877e-05,0.0001757714489940554
14408,adam,4.4686377805192024e-05,0.00017631759692449123
14409,adam,4.46844678663183e-05,0.00018070521764457226
14410,adam,4.4682874431600794e-05,0.00017289181414525956
14411,adam,4.4681008148472756e-05,0.00017889137961901724
14412,adam,4.467942562769167e-05,0.00017425068654119968
14413,adam,4.4677406549453735e-05,0.00017682361067272723
14414,adam,4.4675492972601205e-05,0.00018388307944405824
14415,adam,4.46740523329936e-05,0.0001735569821903482
14416,adam,4.4672127842204645e-05,0.00018367030133958906
14417,adam,4.467047256184742e-05,0.00017785426462069154
14418,adam,4.466852988116443e-05,0.00018124975031241775
14419,adam,4.46666672360152e-05,0.0001755090634105727
14420,adam,4.4665022869594395e-05,0.00017945707077160478
14421,adam,4.466339305508882e-05,0.00017302532796747983
14422,adam,4.46615886176005e-05,0.00017582323926035315
14423,adam,4.4659893319476396e-05,0.00017683350597508252
14424,adam,4.465817619347945e-05,0.0001751981326378882
14425,adam,4.465646998141892e-05,0.00017939723329618573
14426,adam,4.4654327211901546e-05,0.00017422845121473074
14427,adam,4.465284655452706e-05,0.00018249738786835223
14428,adam,4.46509184257593e-05,0.0001727164926705882
14429,adam,4.464954326977022e-05,0.00017505159485153854
14430,adam,4.464755329536274e-05,0.00017396749171894044
14431,adam,4.464549056137912e-05,0.00017953684437088668
14432,adam,4.4643758883466944e-05,0.00017655619012657553
14433,adam,4.464213998289779e-05,0.00017293078417424113
14434,adam,4.464053927222267e-05,0.00017937658412847668
14435,adam,4.4638840336119756e-05,0.00017450432642363012
14436,adam,4.463689765543677e-05,0.00018918719433713704
14437,adam,4.463514778763056e-05,0.00017354206647723913
14438,adam,4.463328150450252e-05,0.00018125616770703346
14439,adam,4.463154255063273e-05,0.00017279974417760968
14440,adam,4.463000004761852e-05,0.0001806359796319157
14441,adam,4.462810466066003e-05,0.00017523438145872205
14442,adam,4.46264493803028e-05,0.0001747782516758889
14443,adam,4.462467404664494e-05,0.00017487342120148242
14444,adam,4.462272045202553e-05,0.0001730469084577635
14445,adam,4.462105789571069e-05,0.00017866372945718467
14446,adam,4.461932985577732e-05,0.00017263757763430476
14447,adam,4.461757998797111e-05,0.00018200362683273852
14448,adam,4.461600838112645e-05,0.0001847569365054369
14449,adam,4.461412754608318e-05,0.00018407437892165035
14450,adam,4.46123922301922e-05,0.00017821183428168297
14451,adam,4.461076241568662e-05,0.00018616110901348293
14452,adam,4.460924174054526e-05,0.0001843234058469534
14453,adam,4.4607382733374834e-05,0.00018889537022914737
14454,adam,4.4605705625144765e-05,0.00017665511404629797
14455,adam,4.460385025595315e-05,0.00018807007290888578
14456,adam,4.460199852474034e-05,0.00017518729146104306
14457,adam,4.460051786736585e-05,0.0001827396044973284
14458,adam,4.459884439711459e-05,0.00018003617879003286
14459,adam,4.4597050873562694e-05,0.00017788898549042642
14460,adam,4.459541742107831e-05,0.000175080873304978
14461,adam,4.459362753550522e-05,0.0001763582113198936
14462,adam,4.459186675376259e-05,0.0001805498031899333
14463,adam,4.459013507585041e-05,0.00017360706988256425
14464,adam,4.4588403397938237e-05,0.00017462126561440527
14465,adam,4.4586442527361214e-05,0.00017501288675703108
14466,adam,4.45850491814781e-05,0.00017579851555638015
14467,adam,4.458329567569308e-05,0.0001788869994925335
14468,adam,4.458134571905248e-05,0.00017799956549424678
14469,adam,4.4579861423699185e-05,0.0001735114201437682
14470,adam,4.457790782907978e-05,0.00017607853806111962
14471,adam,4.457652903511189e-05,0.00017704303900245577
14472,adam,4.457477916730568e-05,0.00017713142733555287
14473,adam,4.457269824342802e-05,0.00018180595361627638
14474,adam,4.457106479094364e-05,0.0001745591580402106
14475,adam,4.456960232346319e-05,0.00019090836576651782
14476,adam,4.456797614693642e-05,0.00017297756858170033
14477,adam,4.456586975720711e-05,0.00018829050532076508
14478,adam,4.456449823919684e-05,0.0001735155237838626
14479,adam,4.456273018149659e-05,0.00018761686806101352
14480,adam,4.456064198166132e-05,0.00017716686124913394
14481,adam,4.455939051695168e-05,0.00017743137141223997
14482,adam,4.455756788956933e-05,0.00017868049326352775
14483,adam,4.4555818021763116e-05,0.0001731840893626213
14484,adam,4.45537589257583e-05,0.00018039855058304965
14485,adam,4.455266389413737e-05,0.00017234256665688008
14486,adam,4.455069938558154e-05,0.0001814411807572469
14487,adam,4.454906229511835e-05,0.0001738703576847911
14488,adam,4.4547425204655156e-05,0.00018048714264295995
14489,adam,4.454564623301849e-05,0.00017331598792225122
14490,adam,4.4543998228618875e-05,0.00017574496450833976
14491,adam,4.454226291272789e-05,0.00017277777078561485
14492,adam,4.454067311598919e-05,0.0001761903549777344
14493,adam,4.453891233424656e-05,0.0001792026887414977
14494,adam,4.453728615771979e-05,0.00017494967323727906
14495,adam,4.4535478082252666e-05,0.00017906080756802112
14496,adam,4.4533902837429196e-05,0.00017680585733614862
14497,adam,4.453207293408923e-05,0.000183486205060035
14498,adam,4.453057408682071e-05,0.00017711773398332298
14499,adam,4.452863140613772e-05,0.00018260344222653657
14500,adam,4.452694338397123e-05,0.00017266927170567214
14501,adam,4.45251826022286e-05,0.00018639297923073173
14502,adam,4.452388020581566e-05,0.00017420313088223338
14503,adam,4.452193752513267e-05,0.00017840295913629234
14504,adam,4.4520220399135724e-05,0.0001800200843717903
14505,adam,4.451849963515997e-05,0.0001796060096239671
14506,adam,4.451693166629411e-05,0.0001812629052437842
14507,adam,4.451514541869983e-05,0.00017329170077573508
14508,adam,4.451374115888029e-05,0.00017985841259360313
14509,adam,4.451191489351913e-05,0.00017357502656523138
14510,adam,4.451028871699236e-05,0.00017775689775589854
14511,adam,4.450875348993577e-05,0.00018083308532368392
14512,adam,4.450685446499847e-05,0.00017529612523503602
14513,adam,4.4505533878691494e-05,0.0001889278501039371
14514,adam,4.45034856966231e-05,0.00017396813200321048
14515,adam,4.450167762115598e-05,0.00017941319674719125
14516,adam,4.450025880942121e-05,0.0001864902296802029
14517,adam,4.449857078725472e-05,0.00017484922136645764
14518,adam,4.449678453966044e-05,0.00018552337132859975
14519,adam,4.449523112270981e-05,0.00017405710241291672
14520,adam,4.449341577128507e-05,0.00018407849711365998
14521,adam,4.449185507837683e-05,0.0001769536902429536
14522,adam,4.449009065865539e-05,0.0001782528415787965
14523,adam,4.4488369894679636e-05,0.00017887177818920463
14524,adam,4.4486707338364795e-05,0.0001739622966852039
14525,adam,4.4485168473329395e-05,0.00017678587755654007
14526,adam,4.44833240180742e-05,0.00017990096239373088
14527,adam,4.448178879101761e-05,0.0001744738401612267
14528,adam,4.448012987268157e-05,0.00018144877685699612
14529,adam,4.447828541742638e-05,0.00017584647866897285
14530,adam,4.4476859329734e-05,0.00017492058395873755
14531,adam,4.447505853022449e-05,0.0001738385617500171
14532,adam,4.447358151082881e-05,0.0001757736026775092
14533,adam,4.4471995352068916e-05,0.00017394051246810704
14534,adam,4.4470194552559406e-05,0.00017369468696415424
14535,adam,4.446837920113467e-05,0.00017367656982969493
14536,adam,4.4466843974078074e-05,0.00017300790932495147
14537,adam,4.446531238500029e-05,0.00017262357869185507
14538,adam,4.4463664380600676e-05,0.00017805163224693388
14539,adam,4.4462027290137485e-05,0.00017385637329425663
14540,adam,4.4460488425102085e-05,0.00017403624951839447
14541,adam,4.4458662159740925e-05,0.00017235962150152773
14542,adam,4.4456923205871135e-05,0.00017547862080391496
14543,adam,4.445528975338675e-05,0.00017564615700393915
14544,adam,4.445366357685998e-05,0.00017312701675109565
14545,adam,4.445219747140072e-05,0.00017632813251111656
14546,adam,4.445054946700111e-05,0.00017242500325664878
14547,adam,4.444879596121609e-05,0.00017330596165265888
14548,adam,4.4447006075643e-05,0.00017625963664613664
14549,adam,4.444561272975989e-05,0.0001731662341626361
14550,adam,4.4444062950788066e-05,0.0001736647100187838
14551,adam,4.44420293206349e-05,0.00017367280088365078
14552,adam,4.444033038453199e-05,0.00017504990682937205
14553,adam,4.44389515905641e-05,0.00017469283193349838
14554,adam,4.4437110773287714e-05,0.00017339247278869152
14555,adam,4.443569923751056e-05,0.0001754040567902848
14556,adam,4.4433818402467296e-05,0.00017416864284314215
14557,adam,4.44325378339272e-05,0.00017450971063226461
14558,adam,4.443074794835411e-05,0.00017474494234193116
14559,adam,4.4428990804590285e-05,0.00017279153689742088
14560,adam,4.442723366082646e-05,0.00017495916108600795
14561,adam,4.4425727537600324e-05,0.00017328972171526402
14562,adam,4.442393401404843e-05,0.00017568595649208874
14563,adam,4.4422286009648815e-05,0.00017419531650375575
14564,adam,4.442059071152471e-05,0.00017417114577256143
14565,adam,4.441938654053956e-05,0.00017341070633847266
14566,adam,4.44172510469798e-05,0.0001746923226164654
14567,adam,4.441652345121838e-05,0.00017509402823634446
14568,adam,4.441452620085329e-05,0.0001752978132572025
14569,adam,4.4412590796127915e-05,0.00017472991021350026
14570,adam,4.441106284502894e-05,0.00017259841843042523
14571,adam,4.4409487600205466e-05,0.0001717901905067265
14572,adam,4.440751581569202e-05,0.000175168999703601
14573,adam,4.440614429768175e-05,0.00017395103350281715
14574,adam,4.4404408981790766e-05,0.00017514219507575035
14575,adam,4.440296470420435e-05,0.0001736009871819988
14576,adam,4.4401207560440525e-05,0.00017217654385603964
14577,adam,4.439967960934155e-05,0.00017186804325319827
14578,adam,4.43980134150479e-05,0.00017374330491293222
14579,adam,4.439631447894499e-05,0.00017257775471080095
14580,adam,4.4394779251888394e-05,0.00017432869935873896
14581,adam,4.4393076677806675e-05,0.00017504009883850813
14582,adam,4.4391574192559347e-05,0.0001739703438943252
14583,adam,4.438991891220212e-05,0.0001729963842080906
14584,adam,4.4388259993866086e-05,0.00017195058171637356
14585,adam,4.4386684749042615e-05,0.00017251455574296415
14586,adam,4.4384909415384755e-05,0.00017559695697855204
14587,adam,4.438336327439174e-05,0.0001749575894791633
14588,adam,4.438168616616167e-05,0.00017453829059377313
14589,adam,4.4380329200066626e-05,0.00017225246119778603
14590,adam,4.43785720563028e-05,0.0001754027616698295
14591,adam,4.4376840378390625e-05,0.0001724416797515005
14592,adam,4.437546158442274e-05,0.00017637173004914075
14593,adam,4.437363531906158e-05,0.00017786986427381635
14594,adam,4.437203460838646e-05,0.0001785026106517762
14595,adam,4.437050301930867e-05,0.00017848340212367475
14596,adam,4.43688259110786e-05,0.00017180632858071476
14597,adam,4.436730523593724e-05,0.00018132214609067887
14598,adam,4.436571543919854e-05,0.00017455763008911163
14599,adam,4.4364118366502225e-05,0.00017770082922652364
14600,adam,4.436222297954373e-05,0.00017578632105141878
14601,adam,4.4360866013448685e-05,0.00017609487986192107
14602,adam,4.4359167077345774e-05,0.00017484040290582925
14603,adam,4.435756636667065e-05,0.00017284034402109683
14604,adam,4.435606751940213e-05,0.00017515713989268988
14605,adam,4.435469236341305e-05,0.00017359841149300337
14606,adam,4.435292794369161e-05,0.0001753309479681775
14607,adam,4.43509743490722e-05,0.00017438411305192858
14608,adam,4.4349970266921446e-05,0.0001755785197019577
14609,adam,4.434816219145432e-05,0.00017496602958999574
14610,adam,4.4346405047690496e-05,0.00017594876408111304
14611,adam,4.434463335201144e-05,0.00017601267609279603
14612,adam,4.434334914549254e-05,0.0001763373293215409
14613,adam,4.434163201949559e-05,0.00018402350542601198
14614,adam,4.4339900341583416e-05,0.00017369227134622633
14615,adam,4.433872163644992e-05,0.00018128554802387953
14616,adam,4.433674621395767e-05,0.0001737223210511729
14617,adam,4.433514550328255e-05,0.00017861575179267675
14618,adam,4.4333533878671005e-05,0.00017424934776499867
14619,adam,4.433197682374157e-05,0.00017325174121651798
14620,adam,4.4330681703286245e-05,0.0001743244065437466
14621,adam,4.432902642292902e-05,0.0001739464933052659
14622,adam,4.432733840076253e-05,0.00017559420666657388
14623,adam,4.432555579114705e-05,0.00017444504192098975
14624,adam,4.4324078771751374e-05,0.00017310443217866123
14625,adam,4.432248533703387e-05,0.00017785294039640576
14626,adam,4.432098285178654e-05,0.00017401549848727882
14627,adam,4.4319138396531343e-05,0.0001800815516617149
14628,adam,4.431779234437272e-05,0.0001752770913299173
14629,adam,4.431623892742209e-05,0.00017444240802433342
14630,adam,4.431442721397616e-05,0.00017686175124254078
14631,adam,4.4313168473308906e-05,0.00017256010323762894
14632,adam,4.4311531382845715e-05,0.00017981257406063378
14633,adam,4.4309843360679224e-05,0.0001744054170558229
14634,adam,4.430824628798291e-05,0.00017506571020931005
14635,adam,4.4306576455710456e-05,0.00017555560043547302
14636,adam,4.430511762620881e-05,0.00017419326468370855
14637,adam,4.4303389586275443e-05,0.00017613274394534528
14638,adam,4.430182161740959e-05,0.00017350315465591848
14639,adam,4.430026820045896e-05,0.00017337205645162612
14640,adam,4.429878754308447e-05,0.0001740771549521014
14641,adam,4.4296957639744505e-05,0.00017299962928518653
14642,adam,4.429562977747992e-05,0.00017977316747419536
14643,adam,4.429383625392802e-05,0.00017442103126086295
14644,adam,4.429218824952841e-05,0.0001744265027809888
14645,adam,4.429076943779364e-05,0.00017610605573281646
14646,adam,4.428917964105494e-05,0.0001722401357255876
14647,adam,4.4287400669418275e-05,0.00018128885130863637
14648,adam,4.428586544236168e-05,0.00017519702669233084
14649,adam,4.4284137402428314e-05,0.00017526219016872346
14650,adam,4.428317697602324e-05,0.00017719471361488104
14651,adam,4.4281310692895204e-05,0.0001725931215332821
14652,adam,4.4279684516368434e-05,0.00017562856373842806
14653,adam,4.427824023878202e-05,0.00017745689547155052
14654,adam,4.427674866747111e-05,0.00017363489314448088
14655,adam,4.427500971360132e-05,0.00017436727648600936
14656,adam,4.4273379899095744e-05,0.00017454066255595535
14657,adam,4.427175008459017e-05,0.00017489750462118536
14658,adam,4.427020758157596e-05,0.00017979127005673945
14659,adam,4.4268850615480915e-05,0.00017424316320102662
14660,adam,4.4267148041399196e-05,0.00017525156727060676
14661,adam,4.426540181157179e-05,0.0001776976278051734
14662,adam,4.426387749845162e-05,0.00017860910156741738
14663,adam,4.426266605150886e-05,0.00018042538431473076
14664,adam,4.4260945287533104e-05,0.00017656237469054759
14665,adam,4.425900260685012e-05,0.00017509395547676831
14666,adam,4.425764927873388e-05,0.00017577414109837264
14667,adam,4.42560703959316e-05,0.00017557178216520697
14668,adam,4.4254553358769044e-05,0.00017857804778032005
14669,adam,4.4253050873521715e-05,0.00017497618682682514
14670,adam,4.4251661165617406e-05,0.00017327966634184122
14671,adam,4.4249787606531754e-05,0.00017271288379561156
14672,adam,4.4248434278415516e-05,0.00017268657393287867
14673,adam,4.424670623848215e-05,0.00017458484217058867
14674,adam,4.424554936122149e-05,0.0001787383807823062
14675,adam,4.424361395649612e-05,0.0001779405865818262
14676,adam,4.424218423082493e-05,0.00017307519738096744
14677,adam,4.424052167451009e-05,0.0001764495245879516
14678,adam,4.4238851842237636e-05,0.000175452369148843
14679,adam,4.423737118486315e-05,0.00017383421072736382
14680,adam,4.42358068539761e-05,0.00018259092757944018
14681,adam,4.423411883180961e-05,0.0001753647084115073
14682,adam,4.423276550369337e-05,0.00017327348177786916
14683,adam,4.423115387908183e-05,0.0001764458866091445
14684,adam,4.4229611376067623e-05,0.00017289257084485143
14685,adam,4.422831261763349e-05,0.00017534304060973227
14686,adam,4.422620258992538e-05,0.0001772173709468916
14687,adam,4.4224969315109774e-05,0.00017443663091398776
14688,adam,4.422352503752336e-05,0.00017535888764541596
14689,adam,4.422169513418339e-05,0.0001746985799400136
14690,adam,4.422008714755066e-05,0.00017547482275404036
14691,adam,4.421855919645168e-05,0.00017346871027257293
14692,adam,4.421690391609445e-05,0.0001716611150186509
14693,adam,4.421538324095309e-05,0.0001746413909131661
14694,adam,4.4213946239324287e-05,0.00017454553744755685
14695,adam,4.4212723878445104e-05,0.00017719858442433178
14696,adam,4.4210697524249554e-05,0.0001734109246172011
14697,adam,4.4209158659214154e-05,0.00017235110863111913
14698,adam,4.420781260705553e-05,0.00017237891734112054
14699,adam,4.42060518253129e-05,0.0001730020740069449
14700,adam,4.420475670485757e-05,0.00017242458125110716
14701,adam,4.42028722318355e-05,0.0001728515635477379
14702,adam,4.420153345563449e-05,0.00017398720956407487
14703,adam,4.420021650730632e-05,0.00017451212625019252
14704,adam,4.419863034854643e-05,0.00017341895727440715
14705,adam,4.419664401211776e-05,0.0001720642321743071
14706,adam,4.419537435751408e-05,0.00017337026656605303
14707,adam,4.419391189003363e-05,0.000172611849848181
14708,adam,4.419222750584595e-05,0.00017389925778843462
14709,adam,4.419052856974304e-05,0.00018257694318890572
14710,adam,4.418893877300434e-05,0.00017234862025361508
14711,adam,4.418777098180726e-05,0.00017868727445602417
14712,adam,4.418598473421298e-05,0.00017265584028791636
14713,adam,4.4184551370562986e-05,0.0001717948616715148
14714,adam,4.418311800691299e-05,0.0001806499931262806
14715,adam,4.418149183038622e-05,0.00017433207540307194
14716,adam,4.417992022354156e-05,0.0001771155366441235
14717,adam,4.417856689542532e-05,0.0001760390296112746
14718,adam,4.417656236910261e-05,0.0001762190368026495
14719,adam,4.417518721311353e-05,0.00017774192383512855
14720,adam,4.417354648467153e-05,0.0001719090942060575
14721,adam,4.417221134644933e-05,0.00017527220188640058
14722,adam,4.4170443288749084e-05,0.00017376456526108086
14723,adam,4.416902447701432e-05,0.00017490026948507875
14724,adam,4.4167529267724603e-05,0.00017920973186846823
14725,adam,4.416592128109187e-05,0.00017136012320406735
14726,adam,4.4164451537653804e-05,0.0001738435385050252
14727,adam,4.41629090346396e-05,0.00017561751883476973
14728,adam,4.41615266026929e-05,0.00017452942847739905
14729,adam,4.415971852722578e-05,0.00017827432020567358
14730,adam,4.415817966219038e-05,0.00017351174028590322
14731,adam,4.415671355673112e-05,0.0001772518880898133
14732,adam,4.415503644850105e-05,0.0001747862115735188
14733,adam,4.415354487719014e-05,0.00017536248196847737
14734,adam,4.415204966790043e-05,0.00017925298016052693
14735,adam,4.4150427129352465e-05,0.00017281068721786141
14736,adam,4.4149077439215034e-05,0.00017249475058633834
14737,adam,4.414748400449753e-05,0.00017220141307916492
14738,adam,4.4146036088932306e-05,0.00017565579037182033
14739,adam,4.414420618559234e-05,0.00017194026440847665
14740,adam,4.414276190800592e-05,0.00017206148186232895
14741,adam,4.414135037222877e-05,0.0001723727909848094
14742,adam,4.413969872985035e-05,0.00017770464182831347
14743,adam,4.413811257109046e-05,0.00017320402548648417
14744,adam,4.413687565829605e-05,0.00017431886226404458
14745,adam,4.413507122080773e-05,0.00017199880676344037
14746,adam,4.4133590563433245e-05,0.00017340778140351176
14747,adam,4.4131975300842896e-05,0.00017250598466489464
14748,adam,4.413045826368034e-05,0.00017300825857091695
14749,adam,4.4128810259280726e-05,0.00017707693041302264
14750,adam,4.412752605276182e-05,0.00017268727242480963
14751,adam,4.4125808926764876e-05,0.00017461515381000936
14752,adam,4.4124022679170594e-05,0.0001723030291032046
14753,adam,4.4122694816906005e-05,0.00017854091129265726
14754,adam,4.412112321006134e-05,0.00017326610395684838
14755,adam,4.411952249938622e-05,0.00017440905503463
14756,adam,4.411822374095209e-05,0.00017538692918606102
14757,adam,4.411663394421339e-05,0.00017657694115769118
14758,adam,4.411514601088129e-05,0.00017227526404894888
14759,adam,4.4113414332969114e-05,0.0001740411389619112
14760,adam,4.4112275645602494e-05,0.00017351313726976514
14761,adam,4.41104821220506e-05,0.00017634165124036372
14762,adam,4.4108874135417864e-05,0.00017436008783988655
14763,adam,4.41075062553864e-05,0.0001726570335449651
14764,adam,4.4105981942266226e-05,0.0001743501634337008
14765,adam,4.4104381231591105e-05,0.00017241155728697777
14766,adam,4.410289693623781e-05,0.00017172539082821459
14767,adam,4.4101318053435534e-05,0.00017346360255032778
14768,adam,4.4099877413827926e-05,0.0001724656467558816
14769,adam,4.409834218677133e-05,0.00017204490723088384
14770,adam,4.409651592141017e-05,0.00017314657452516258
14771,adam,4.409506800584495e-05,0.00017513438069727272
14772,adam,4.4093936594435945e-05,0.00017137893883045763
14773,adam,4.409240136737935e-05,0.0001721074222587049
14774,adam,4.409061875776388e-05,0.000172550804563798
14775,adam,4.408901804708876e-05,0.0001752757525537163
14776,adam,4.4087581045459956e-05,0.0001747598871588707
14777,adam,4.408593667903915e-05,0.0001727136695990339
14778,adam,4.408429595059715e-05,0.00017670578381512314
14779,adam,4.408287350088358e-05,0.0001734119578031823
14780,adam,4.4081243686378e-05,0.00018462463049218059
14781,adam,4.407963206176646e-05,0.0001724270696286112
14782,adam,4.407816959428601e-05,0.00017737873713485897
14783,adam,4.407656888361089e-05,0.0001732413802528754
14784,adam,4.407501910463907e-05,0.00017817213665693998
14785,adam,4.407376400195062e-05,0.00017442872922401875
14786,adam,4.407238884596154e-05,0.0001713350065983832
14787,adam,4.407070446177386e-05,0.00017505322466604412
14788,adam,4.406917287269607e-05,0.00017308758106082678
14789,adam,4.406762673170306e-05,0.00017426579142920673
14790,adam,4.4066127884434536e-05,0.00017618178389966488
14791,adam,4.406449443195015e-05,0.00017283197666984051
14792,adam,4.406304651638493e-05,0.00017151812789961696
14793,adam,4.40615440311376e-05,0.00017273557023145258
14794,adam,4.4059950596420094e-05,0.0001724595349514857
14795,adam,4.4058662751922384e-05,0.00017217840650118887
14796,adam,4.4056771002942696e-05,0.0001757396530592814
14797,adam,4.4055144826415926e-05,0.00017361839127261192
14798,adam,4.4053718738723546e-05,0.00017196283442899585
14799,adam,4.405201616464183e-05,0.00017289724200963974
14800,adam,4.405070285429247e-05,0.00017234109691344202
14801,adam,4.404951323522255e-05,0.0001716044353088364
14802,adam,4.404769788379781e-05,0.000173113658092916
14803,adam,4.404608625918627e-05,0.00017315986042376608
14804,adam,4.40446165157482e-05,0.0001727984199533239
14805,adam,4.404310311656445e-05,0.0001732134842313826
14806,adam,4.4041524233762175e-05,0.0001727553753880784
14807,adam,4.404021819937043e-05,0.00017252466932404786
14808,adam,4.40386138507165e-05,0.00017289513198193163
14809,adam,4.40370240539778e-05,0.00017442750686313957
14810,adam,4.403572893352248e-05,0.00017348959227092564
14811,adam,4.403400089358911e-05,0.0001738698483677581
14812,adam,4.403248749440536e-05,0.0001721791340969503
14813,adam,4.40309195255395e-05,0.00017223738541360945
14814,adam,4.4029329728800803e-05,0.00017488384037278593
14815,adam,4.402791819302365e-05,0.00017246160132344812
14816,adam,4.402659760671668e-05,0.0001762911124387756
14817,adam,4.402484046295285e-05,0.0001730899966787547
14818,adam,4.4023512600688264e-05,0.000174529806827195
14819,adam,4.402192644192837e-05,0.00018085398187395185
14820,adam,4.402021659188904e-05,0.00017215224215760827
14821,adam,4.401869227876887e-05,0.00017223473696503788
14822,adam,4.401734986458905e-05,0.00017347898392472416
14823,adam,4.401562546263449e-05,0.0001730851799948141
14824,adam,4.401398473419249e-05,0.0001744175242492929
14825,adam,4.4012904254486784e-05,0.0001718481507850811
14826,adam,4.401131809572689e-05,0.00017154146917164326
14827,adam,4.400949546834454e-05,0.00017251849931199104
14828,adam,4.400789475766942e-05,0.00017251797544304281
14829,adam,4.400671605253592e-05,0.00017502836999483407
14830,adam,4.4005046220263466e-05,0.00017182457668241113
14831,adam,4.4003420043736696e-05,0.0001716153637971729
14832,adam,4.400201214593835e-05,0.00017216730338986963
14833,adam,4.400045145303011e-05,0.00017272979312110692
14834,adam,4.399897443363443e-05,0.00017198239220306277
14835,adam,4.3997242755722255e-05,0.00017189136997330934
14836,adam,4.399563113111071e-05,0.0001716836413834244
14837,adam,4.399427052703686e-05,0.00017326846136711538
14838,adam,4.399272074806504e-05,0.00017226222553290427
14839,adam,4.399145473144017e-05,0.00017222516180481762
14840,adam,4.3989712139591575e-05,0.00017311135889030993
14841,adam,4.3988224206259474e-05,0.00017234763072337955
14842,adam,4.398667806526646e-05,0.00017212254169862717
14843,adam,4.398519376991317e-05,0.00017398252384737134
14844,adam,4.398367673275061e-05,0.00017520638357382268
14845,adam,4.398208693601191e-05,0.00017247488722205162
14846,adam,4.398082455736585e-05,0.00017829588614404202
14847,adam,4.397876182338223e-05,0.00017276957805734128
14848,adam,4.397751035867259e-05,0.00017529557226225734
14849,adam,4.397603333927691e-05,0.0001745924964779988
14850,adam,4.3974549043923616e-05,0.00017275499703828245
14851,adam,4.3972926505375654e-05,0.00017438434588257223
14852,adam,4.397155498736538e-05,0.00017457779904361814
14853,adam,4.3970110709778965e-05,0.00017360692436341196
14854,adam,4.3968360841972753e-05,0.00017544138245284557
14855,adam,4.396690565044992e-05,0.0001752897078404203
14856,adam,4.3965355871478096e-05,0.00017196264525409788
14857,adam,4.39639225078281e-05,0.0001751421659719199
14858,adam,4.396224903757684e-05,0.0001725637266645208
14859,adam,4.396058284328319e-05,0.00017636425036471337
14860,adam,4.395903670229018e-05,0.0001746839698171243
14861,adam,4.395789801492356e-05,0.00017204438336193562
14862,adam,4.395616997499019e-05,0.00017608159396331757
14863,adam,4.395466748974286e-05,0.00017422794189769775
14864,adam,4.395329233375378e-05,0.00017427909187972546
14865,adam,4.395168798509985e-05,0.00017706719518173486
14866,adam,4.3950007238890976e-05,0.00017249763186555356
14867,adam,4.394855932332575e-05,0.00017653465329203755
14868,adam,4.394732241053134e-05,0.0001765191409504041
14869,adam,4.394555071485229e-05,0.00017441790259908885
14870,adam,4.394409916130826e-05,0.00017781706992536783
14871,adam,4.3942389311268926e-05,0.00017408974235877395
14872,adam,4.394054121803492e-05,0.00017686023784335703
14873,adam,4.3939238821621984e-05,0.00017664844926912338
14874,adam,4.393794370116666e-05,0.00017170996579807252
14875,adam,4.39362702309154e-05,0.00017638520512264222
14876,adam,4.393451308715157e-05,0.00017641436716075987
14877,adam,4.393322524265386e-05,0.00017310843395534903
14878,adam,4.393179187900387e-05,0.0001843471545726061
14879,adam,4.3930307583650574e-05,0.00017313887656200677
14880,adam,4.392864866531454e-05,0.00017417065100744367
14881,adam,4.392696064314805e-05,0.00018061175069306046
14882,adam,4.392563641886227e-05,0.00017401618242729455
14883,adam,4.3924239435000345e-05,0.00018161704065278172
14884,adam,4.392267146613449e-05,0.00017612261581234634
14885,adam,4.392115442897193e-05,0.00017587497131899
14886,adam,4.391929542180151e-05,0.00017806612595450133
14887,adam,4.391802940517664e-05,0.00017316393496003002
14888,adam,4.391619950183667e-05,0.00017978425603359938
14889,adam,4.391460242914036e-05,0.00017583226144779474
14890,adam,4.3913656554650515e-05,0.00017275493883062154
14891,adam,4.391179027152248e-05,0.00017706057406030595
14892,adam,4.391041147755459e-05,0.00017713803390506655
14893,adam,4.390883623273112e-05,0.00017393447342328727
14894,adam,4.390702451928519e-05,0.00017598799604456872
14895,adam,4.390546746435575e-05,0.00017302250489592552
14896,adam,4.390425237943418e-05,0.00017340676276944578
14897,adam,4.390295362100005e-05,0.00017429899889975786
14898,adam,4.390095637063496e-05,0.00017831189325079322
14899,adam,4.38995921285823e-05,0.00017298002785537392
14900,adam,4.3898035073652864e-05,0.00017387019761372358
14901,adam,4.3896296119783074e-05,0.00017335073789581656
14902,adam,4.3895168346352875e-05,0.000175669978489168
14903,adam,4.389340756461024e-05,0.00017568081966601312
14904,adam,4.389199602883309e-05,0.00017380442295689136
14905,adam,4.389033711049706e-05,0.0001763270265655592
14906,adam,4.388854722492397e-05,0.00017200439469888806
14907,adam,4.388719025882892e-05,0.00017202275921590626
14908,adam,4.388563320389949e-05,0.000176209447090514
14909,adam,4.388412708067335e-05,0.0001776917779352516
14910,adam,4.388274464872666e-05,0.0001744857436278835
14911,adam,4.388101660879329e-05,0.00018075300613418221
14912,adam,4.3879495933651924e-05,0.00017267583461944014
14913,adam,4.3878018914256245e-05,0.00018008676124736667
14914,adam,4.387649823911488e-05,0.0001741168089210987
14915,adam,4.38747629232239e-05,0.00017377945187035948
14916,adam,4.387368244351819e-05,0.00017459133232478052
14917,adam,4.3871750676771626e-05,0.00017239920271094888
14918,adam,4.387013541418128e-05,0.00017396699695382267
14919,adam,4.3868949433090165e-05,0.0001750002265907824
14920,adam,4.386703949421644e-05,0.00017198514251504093
14921,adam,4.386568980407901e-05,0.00017287586524616927
14922,adam,4.386397631606087e-05,0.00017276777361985296
14923,adam,4.3862455640919507e-05,0.0001720036379992962
14924,adam,4.386118962429464e-05,0.00017341756029054523
14925,adam,4.385969077702612e-05,0.00017452395695727319
14926,adam,4.385822103358805e-05,0.00017155145178548992
14927,adam,4.385642387205735e-05,0.00017238102736882865
14928,adam,4.38548595411703e-05,0.00017237557040061802
14929,adam,4.385334614198655e-05,0.00017534154176246375
14930,adam,4.385189095046371e-05,0.00017313213902525604
14931,adam,4.385021748021245e-05,0.00017265630594920367
14932,adam,4.3848747736774385e-05,0.0001754693512339145
14933,adam,4.384709245641716e-05,0.00017162851872853935
14934,adam,4.384554995340295e-05,0.00017161537834908813
14935,adam,4.384404019219801e-05,0.0001774249685695395
14936,adam,4.3842243030667305e-05,0.0001723794121062383
14937,adam,4.384107523947023e-05,0.00017175675020553172
14938,adam,4.383934356155805e-05,0.0001730085350573063
14939,adam,4.3837702833116055e-05,0.00017205554468091577
14940,adam,4.3836451368406415e-05,0.00017182619194500148
14941,adam,4.383469058666378e-05,0.00017459184164181352
14942,adam,4.383320629131049e-05,0.0001716914412099868
14943,adam,4.383163104648702e-05,0.00017268428928218782
14944,adam,4.382993211038411e-05,0.00017272481636609882
14945,adam,4.382916449685581e-05,0.00017397232295479625
14946,adam,4.382720362627879e-05,0.00017421923985239118
14947,adam,4.3825519242091104e-05,0.0001721069129416719
14948,adam,4.382369661470875e-05,0.00017401608056388795
14949,adam,4.382251063361764e-05,0.00017298938473686576
14950,adam,4.382065890240483e-05,0.0001728829665808007
14951,adam,4.3819527490995824e-05,0.0001768657093634829
14952,adam,4.3817701225634664e-05,0.0001733327517285943
14953,adam,4.381622056826018e-05,0.00017338659381493926
14954,adam,4.381452890811488e-05,0.0001755086559569463
14955,adam,4.3812982767121866e-05,0.00017250908422283828
14956,adam,4.381158578325994e-05,0.0001734336547087878
14957,adam,4.3809970520669594e-05,0.00017458705406170338
14958,adam,4.3808406189782545e-05,0.00017305780784226954
14959,adam,4.3806903704535216e-05,0.00017125325393863022
14960,adam,4.380542668513954e-05,0.00017106857558246702
14961,adam,4.380365498946048e-05,0.00017463354743085802
14962,adam,4.380187965580262e-05,0.0001718490238999948
14963,adam,4.3800613639177755e-05,0.00017157409456558526
14964,adam,4.3799311242764816e-05,0.00017450694576837122
14965,adam,4.3797423131763935e-05,0.00017214662511833012
14966,adam,4.379591337055899e-05,0.0001741179294185713
14967,adam,4.379430538392626e-05,0.00017281250620726496
14968,adam,4.379262827569619e-05,0.00017354468582198024
14969,adam,4.379128949949518e-05,0.00017131568165495992
14970,adam,4.378982703201473e-05,0.00017101014964282513
14971,adam,4.378803714644164e-05,0.0001739749131957069
14972,adam,4.378648372949101e-05,0.00017136875248979777
14973,adam,4.378481025923975e-05,0.00017336268501821905
14974,adam,4.378336598165333e-05,0.00017194828251376748
14975,adam,4.3781874410342425e-05,0.00017111716442741454
14976,adam,4.378015364636667e-05,0.0001724043977446854
14977,adam,4.3778636609204113e-05,0.00017212503007613122
14978,adam,4.3776984966825694e-05,0.00017291550466325134
14979,adam,4.377574077807367e-05,0.00017250956443604082
14980,adam,4.377372169983573e-05,0.00017174435197375715
14981,adam,4.377217192086391e-05,0.00017407711129635572
14982,adam,4.377067307359539e-05,0.00017149344785138965
14983,adam,4.376926881377585e-05,0.00017233633843716234
14984,adam,4.376762080937624e-05,0.00017430679872632027
14985,adam,4.3766187445726246e-05,0.00017309027316514403
14986,adam,4.3764601286966354e-05,0.00017298398597631603
14987,adam,4.376294236863032e-05,0.00017222558381035924
14988,adam,4.376122524263337e-05,0.00017397179908584803
14989,adam,4.3759657273767516e-05,0.00017529635806567967
14990,adam,4.375828939373605e-05,0.00017226467025466263
14991,adam,4.375679782242514e-05,0.00017546549497637898
14992,adam,4.3754880607593805e-05,0.00017151884094346315
14993,adam,4.375349817564711e-05,0.00017363359802402556
14994,adam,4.375148637336679e-05,0.00017220481822732836
14995,adam,4.375053322291933e-05,0.0001734516117721796
14996,adam,4.3748976167989895e-05,0.0001720996224321425
14997,adam,4.3747288145823404e-05,0.00017299271712545305
14998,adam,4.37456947111059e-05,0.00017187815683428198
14999,adam,4.3744046706706285e-05,0.00017173420928884298
